0,1,2,3,4,5,6,7,8,9,10,11,12,13,14,15,16,17,18,19,activation
-1,-1,-1,-1,-1,-1,-1,-1,-1,-1,-1,-1,1,-1,-1,1,-1,1,-1,-1,0.009869817644357681
-1,-1,-1,-1,-1,-1,-1,-1,-1,-1,-1,1,-1,1,-1,-1,-1,1,1,-1,0.008691751398146152
-1,-1,-1,-1,-1,-1,-1,-1,-1,-1,1,-1,-1,-1,1,1,-1,-1,1,1,0.009201548993587494
-1,-1,-1,-1,-1,-1,-1,-1,-1,-1,1,-1,1,-1,-1,1,1,-1,1,1,0.009842349216341972
-1,-1,-1,-1,-1,-1,-1,-1,-1,-1,1,1,-1,-1,-1,-1,1,-1,1,-1,0.010082983411848545
-1,-1,-1,-1,-1,-1,-1,-1,-1,-1,1,1,-1,-1,1,-1,-1,-1,1,-1,0.009192117489874363
-1,-1,-1,-1,-1,-1,-1,-1,-1,-1,1,1,-1,-1,1,-1,1,-1,1,-1,0.009855707176029682
-1,-1,-1,-1,-1,-1,-1,-1,-1,-1,1,1,-1,-1,1,1,1,1,-1,1,0.010514333844184875
-1,-1,-1,-1,-1,-1,-1,-1,-1,1,-1,1,-1,-1,1,-1,-1,1,1,1,0.009031776338815689
-1,-1,-1,-1,-1,-1,-1,-1,-1,1,-1,1,-1,1,-1,-1,1,-1,1,-1,0.009272860363125801
-1,-1,-1,-1,-1,-1,-1,-1,-1,1,-1,1,-1,1,1,-1,1,-1,1,1,0.008686868473887444
-1,-1,-1,-1,-1,-1,-1,-1,-1,1,-1,1,1,-1,-1,-1,1,1,1,1,0.009672576561570168
-1,-1,-1,-1,-1,-1,-1,-1,-1,1,1,-1,-1,1,-1,1,-1,-1,-1,-1,0.010048441588878632
-1,-1,-1,-1,-1,-1,-1,-1,-1,1,1,1,-1,-1,1,-1,-1,-1,-1,-1,0.010028052143752575
-1,-1,-1,-1,-1,-1,-1,-1,-1,1,1,1,1,-1,1,1,-1,-1,1,1,0.009033247828483582
-1,-1,-1,-1,-1,-1,-1,-1,-1,1,1,1,1,1,-1,-1,-1,1,1,1,0.009020025841891766
-1,-1,-1,-1,-1,-1,-1,-1,-1,1,1,1,1,1,-1,1,1,1,-1,-1,0.01062620896846056
-1,-1,-1,-1,-1,-1,-1,-1,1,-1,-1,-1,-1,-1,1,1,-1,-1,-1,-1,0.009306159801781178
-1,-1,-1,-1,-1,-1,-1,-1,1,-1,-1,-1,-1,1,-1,-1,-1,-1,-1,1,0.008500758558511734
-1,-1,-1,-1,-1,-1,-1,-1,1,-1,-1,-1,1,-1,1,-1,-1,1,1,1,0.008546963334083557
-1,-1,-1,-1,-1,-1,-1,-1,1,-1,-1,1,1,1,-1,1,1,-1,-1,-1,0.009102706797420979
-1,-1,-1,-1,-1,-1,-1,-1,1,-1,1,-1,-1,-1,1,1,1,-1,1,1,0.009712154977023602
-1,-1,-1,-1,-1,-1,-1,-1,1,-1,1,1,1,1,-1,-1,1,-1,-1,-1,0.009589851833879948
-1,-1,-1,-1,-1,-1,-1,-1,1,1,-1,-1,-1,-1,1,1,-1,-1,-1,-1,0.00965714268386364
-1,-1,-1,-1,-1,-1,-1,-1,1,1,-1,-1,1,-1,-1,-1,-1,-1,-1,1,0.009176710620522499
-1,-1,-1,-1,-1,-1,-1,-1,1,1,-1,-1,1,1,1,-1,1,-1,-1,1,0.009037990123033524
-1,-1,-1,-1,-1,-1,-1,-1,1,1,-1,1,-1,-1,1,1,1,1,-1,-1,0.010484976693987846
-1,-1,-1,-1,-1,-1,-1,-1,1,1,-1,1,-1,1,-1,1,1,1,1,-1,0.009652268141508102
-1,-1,-1,-1,-1,-1,-1,-1,1,1,-1,1,-1,1,1,-1,1,1,1,1,0.008967348374426365
-1,-1,-1,-1,-1,-1,-1,-1,1,1,1,1,-1,-1,1,-1,1,-1,-1,1,0.010179942473769188
-1,-1,-1,-1,-1,-1,-1,1,-1,-1,-1,-1,1,-1,1,-1,1,1,1,1,0.009114374406635761
-1,-1,-1,-1,-1,-1,-1,1,-1,-1,-1,-1,1,1,1,-1,1,-1,-1,-1,0.00894954428076744
-1,-1,-1,-1,-1,-1,-1,1,-1,-1,-1,1,1,-1,-1,-1,1,-1,-1,-1,0.009482634253799915
-1,-1,-1,-1,-1,-1,-1,1,-1,-1,1,-1,-1,-1,-1,-1,-1,1,-1,-1,0.010357866063714027
-1,-1,-1,-1,-1,-1,-1,1,-1,-1,1,-1,-1,-1,-1,-1,1,1,1,1,0.010177788324654102
-1,-1,-1,-1,-1,-1,-1,1,-1,-1,1,-1,-1,-1,-1,1,1,-1,-1,-1,0.010686919093132019
-1,-1,-1,-1,-1,-1,-1,1,-1,-1,1,1,1,-1,1,-1,1,-1,-1,-1,0.009841430932283401
-1,-1,-1,-1,-1,-1,-1,1,-1,-1,1,1,1,1,1,1,1,-1,1,-1,0.008880374021828175
-1,-1,-1,-1,-1,-1,-1,1,-1,1,-1,1,-1,-1,-1,1,-1,1,-1,1,0.009593769907951355
-1,-1,-1,-1,-1,-1,-1,1,-1,1,-1,1,-1,-1,1,1,1,1,-1,1,0.010030083358287811
-1,-1,-1,-1,-1,-1,-1,1,-1,1,-1,1,1,-1,-1,-1,1,-1,1,1,0.008989951573312283
-1,-1,-1,-1,-1,-1,-1,1,-1,1,1,-1,-1,-1,-1,-1,1,1,-1,-1,0.011372437700629234
-1,-1,-1,-1,-1,-1,-1,1,-1,1,1,-1,-1,-1,-1,1,-1,1,-1,-1,0.01080777682363987
-1,-1,-1,-1,-1,-1,-1,1,-1,1,1,-1,-1,1,-1,-1,-1,1,1,1,0.009290148504078388
-1,-1,-1,-1,-1,-1,-1,1,-1,1,1,-1,-1,1,-1,1,-1,1,-1,-1,0.010232742875814438
-1,-1,-1,-1,-1,-1,-1,1,-1,1,1,-1,-1,1,1,1,1,-1,1,1,0.009391926229000092
-1,-1,-1,-1,-1,-1,-1,1,-1,1,1,-1,1,-1,-1,1,1,-1,-1,-1,0.010787837207317352
-1,-1,-1,-1,-1,-1,-1,1,-1,1,1,-1,1,1,1,1,1,1,1,-1,0.009934039786458015
-1,-1,-1,-1,-1,-1,-1,1,-1,1,1,1,1,-1,-1,1,1,-1,-1,-1,0.010518617928028107
-1,-1,-1,-1,-1,-1,-1,1,1,-1,-1,-1,1,-1,-1,-1,-1,-1,1,-1,0.00845033023506403
-1,-1,-1,-1,-1,-1,-1,1,1,-1,-1,-1,1,1,1,-1,-1,1,1,-1,0.008081483654677868
-1,-1,-1,-1,-1,-1,-1,1,1,-1,-1,-1,1,1,1,1,-1,1,1,-1,0.008180411532521248
-1,-1,-1,-1,-1,-1,-1,1,1,-1,-1,1,-1,-1,-1,-1,1,1,-1,1,0.009654464200139046
-1,-1,-1,-1,-1,-1,-1,1,1,-1,-1,1,-1,-1,1,-1,1,1,1,1,0.008942237123847008
-1,-1,-1,-1,-1,-1,-1,1,1,-1,-1,1,1,-1,-1,1,1,1,-1,1,0.009503327310085297
-1,-1,-1,-1,-1,-1,-1,1,1,-1,1,-1,1,-1,-1,-1,-1,1,-1,-1,0.009954816661775112
-1,-1,-1,-1,-1,-1,-1,1,1,-1,1,-1,1,-1,-1,-1,1,-1,1,1,0.009341276250779629
-1,-1,-1,-1,-1,-1,-1,1,1,-1,1,-1,1,-1,1,-1,1,-1,1,-1,0.00947271566838026
-1,-1,-1,-1,-1,-1,-1,1,1,-1,1,-1,1,1,1,-1,-1,-1,1,1,0.00787537731230259
-1,-1,-1,-1,-1,-1,-1,1,1,-1,1,-1,1,1,1,1,-1,-1,-1,-1,0.008817971684038639
-1,-1,-1,-1,-1,-1,-1,1,1,-1,1,1,-1,-1,-1,-1,-1,1,-1,1,0.009576947428286076
-1,-1,-1,-1,-1,-1,-1,1,1,-1,1,1,-1,1,-1,-1,-1,-1,-1,1,0.008568450808525085
-1,-1,-1,-1,-1,-1,-1,1,1,-1,1,1,-1,1,-1,1,1,1,-1,1,0.009764431044459343
-1,-1,-1,-1,-1,-1,-1,1,1,1,-1,-1,-1,1,1,1,1,1,-1,-1,0.009930000640451908
-1,-1,-1,-1,-1,-1,-1,1,1,1,-1,1,-1,-1,1,1,1,1,-1,-1,0.010235815308988094
-1,-1,-1,-1,-1,-1,-1,1,1,1,-1,1,-1,1,-1,-1,1,-1,1,-1,0.008870715275406837
-1,-1,-1,-1,-1,-1,-1,1,1,1,-1,1,-1,1,1,1,-1,-1,1,-1,0.00807877816259861
-1,-1,-1,-1,-1,-1,-1,1,1,1,-1,1,1,-1,1,1,-1,1,1,-1,0.008837209083139896
-1,-1,-1,-1,-1,-1,-1,1,1,1,1,-1,-1,1,-1,1,-1,1,-1,1,0.009721044450998306
-1,-1,-1,-1,-1,-1,-1,1,1,1,1,-1,1,-1,1,-1,1,-1,1,1,0.009464982897043228
-1,-1,-1,-1,-1,-1,-1,1,1,1,1,-1,1,1,-1,1,1,1,-1,-1,0.010493283160030842
-1,-1,-1,-1,-1,-1,1,-1,-1,-1,-1,-1,1,-1,-1,-1,-1,1,-1,1,0.009808728471398354
-1,-1,-1,-1,-1,-1,1,-1,-1,-1,-1,-1,1,-1,-1,1,-1,-1,-1,-1,0.00983290933072567
-1,-1,-1,-1,-1,-1,1,-1,-1,-1,-1,-1,1,-1,1,1,1,-1,1,1,0.009425555355846882
-1,-1,-1,-1,-1,-1,1,-1,-1,-1,-1,1,-1,1,-1,-1,1,1,1,-1,0.009751895442605019
-1,-1,-1,-1,-1,-1,1,-1,-1,-1,-1,1,1,1,1,-1,1,-1,1,-1,0.008841090835630894
-1,-1,-1,-1,-1,-1,1,-1,-1,-1,1,-1,-1,1,1,-1,1,1,1,-1,0.010379910469055176
-1,-1,-1,-1,-1,-1,1,-1,-1,1,-1,1,-1,-1,-1,-1,1,1,-1,-1,0.011162863112986088
-1,-1,-1,-1,-1,-1,1,-1,-1,1,-1,1,1,1,1,1,1,-1,1,-1,0.009291001595556736
-1,-1,-1,-1,-1,-1,1,-1,-1,1,1,1,1,1,1,-1,1,-1,1,-1,0.009778146632015705
-1,-1,-1,-1,-1,-1,1,-1,1,-1,-1,-1,-1,1,1,1,1,-1,1,1,0.008947604335844517
-1,-1,-1,-1,-1,-1,1,-1,1,-1,-1,-1,1,1,1,-1,-1,-1,1,-1,0.008293736726045609
-1,-1,-1,-1,-1,-1,1,-1,1,-1,1,-1,-1,-1,-1,-1,-1,-1,-1,-1,0.010417135432362556
-1,-1,-1,-1,-1,-1,1,-1,1,-1,1,-1,-1,-1,-1,1,-1,-1,-1,-1,0.010516063310205936
-1,-1,-1,-1,-1,-1,1,-1,1,-1,1,-1,-1,1,1,-1,-1,-1,-1,-1,0.009614826180040836
-1,-1,-1,-1,-1,-1,1,-1,1,-1,1,-1,1,-1,-1,-1,-1,-1,-1,1,0.009808355011045933
-1,-1,-1,-1,-1,-1,1,-1,1,-1,1,-1,1,1,-1,1,1,1,1,-1,0.010303066112101078
-1,-1,-1,-1,-1,-1,1,-1,1,-1,1,-1,1,1,1,-1,1,1,1,-1,0.009976861998438835
-1,-1,-1,-1,-1,-1,1,-1,1,1,-1,-1,-1,-1,-1,-1,1,-1,1,-1,0.010360685177147388
-1,-1,-1,-1,-1,-1,1,-1,1,1,-1,-1,-1,1,1,1,1,-1,-1,-1,0.010142253711819649
-1,-1,-1,-1,-1,-1,1,-1,1,1,-1,-1,1,-1,1,-1,1,-1,1,-1,0.009883343242108822
-1,-1,-1,-1,-1,-1,1,-1,1,1,-1,1,1,1,1,-1,-1,-1,-1,1,0.00850173644721508
-1,-1,-1,-1,-1,-1,1,-1,1,1,-1,1,1,1,1,1,-1,1,1,1,0.008549177087843418
-1,-1,-1,-1,-1,-1,1,-1,1,1,1,-1,1,-1,-1,1,-1,1,1,1,0.010206778533756733
-1,-1,-1,-1,-1,-1,1,-1,1,1,1,-1,1,-1,1,1,-1,-1,1,-1,0.009904754348099232
-1,-1,-1,-1,-1,-1,1,-1,1,1,1,-1,1,1,1,-1,1,-1,1,-1,0.00989438220858574
-1,-1,-1,-1,-1,-1,1,-1,1,1,1,-1,1,1,1,1,1,-1,1,-1,0.009993310086429119
-1,-1,-1,-1,-1,-1,1,1,-1,-1,-1,-1,-1,-1,1,-1,-1,1,1,-1,0.009456121362745762
-1,-1,-1,-1,-1,-1,1,1,-1,-1,-1,-1,-1,1,-1,-1,1,-1,-1,1,0.00946472492069006
-1,-1,-1,-1,-1,-1,1,1,-1,-1,-1,1,-1,1,1,-1,1,1,1,-1,0.009275457821786404
-1,-1,-1,-1,-1,-1,1,1,-1,-1,-1,1,1,-1,-1,1,-1,-1,1,-1,0.008829577825963497
-1,-1,-1,-1,-1,-1,1,1,-1,-1,1,-1,-1,-1,1,1,-1,1,-1,-1,0.010626072064042091
-1,-1,-1,-1,-1,-1,1,1,-1,-1,1,-1,1,1,-1,-1,-1,-1,-1,1,0.009137142449617386
-1,-1,-1,-1,-1,-1,1,1,-1,-1,1,-1,1,1,1,-1,1,1,1,-1,0.00988068338483572
-1,-1,-1,-1,-1,-1,1,1,-1,-1,1,1,-1,1,-1,-1,-1,-1,-1,1,0.009117988869547844
-1,-1,-1,-1,-1,-1,1,1,-1,-1,1,1,-1,1,-1,1,1,-1,1,1,0.009395555593073368
-1,-1,-1,-1,-1,-1,1,1,-1,-1,1,1,-1,1,1,-1,1,1,-1,-1,0.010346481576561928
-1,-1,-1,-1,-1,-1,1,1,-1,1,-1,-1,1,-1,-1,1,1,-1,-1,1,0.01023960392922163
-1,-1,-1,-1,-1,-1,1,1,-1,1,-1,-1,1,1,-1,-1,-1,-1,-1,1,0.008902053348720074
-1,-1,-1,-1,-1,-1,1,1,-1,1,-1,1,-1,-1,-1,1,-1,-1,1,1,0.009071910753846169
-1,-1,-1,-1,-1,-1,1,1,-1,1,1,-1,1,-1,1,1,-1,1,1,-1,0.01024203933775425
-1,-1,-1,-1,-1,-1,1,1,-1,1,1,-1,1,1,-1,-1,1,1,1,-1,0.01045894343405962
-1,-1,-1,-1,-1,-1,1,1,-1,1,1,1,1,-1,1,-1,1,1,1,-1,0.010537481866776943
-1,-1,-1,-1,-1,-1,1,1,1,-1,-1,-1,-1,1,1,-1,1,1,-1,-1,0.009876644238829613
-1,-1,-1,-1,-1,-1,1,1,1,-1,-1,-1,1,1,-1,1,-1,-1,1,-1,0.0083707794547081
-1,-1,-1,-1,-1,-1,1,1,1,-1,-1,1,-1,-1,-1,-1,1,1,-1,1,0.010051019489765167
-1,-1,-1,-1,-1,-1,1,1,1,-1,-1,1,1,-1,-1,1,1,-1,1,-1,0.009340183809399605
-1,-1,-1,-1,-1,-1,1,1,1,-1,1,-1,-1,-1,-1,-1,1,1,-1,1,0.010906310752034187
-1,-1,-1,-1,-1,-1,1,1,1,-1,1,-1,-1,-1,-1,1,1,1,1,1,0.010520288720726967
-1,-1,-1,-1,-1,-1,1,1,1,-1,1,-1,1,-1,1,-1,1,1,1,1,0.009944017976522446
-1,-1,-1,-1,-1,-1,1,1,1,-1,1,1,1,1,-1,1,-1,1,-1,-1,0.009606046602129936
-1,-1,-1,-1,-1,-1,1,1,1,1,-1,-1,1,-1,-1,-1,-1,1,1,1,0.009272616356611252
-1,-1,-1,-1,-1,-1,1,1,1,1,-1,-1,1,-1,1,1,-1,-1,-1,-1,0.009554470889270306
-1,-1,-1,-1,-1,-1,1,1,1,1,-1,-1,1,1,-1,-1,-1,-1,-1,1,0.008749069646000862
-1,-1,-1,-1,-1,-1,1,1,1,1,-1,1,1,-1,-1,1,1,-1,-1,-1,0.010176117531955242
-1,-1,-1,-1,-1,-1,1,1,1,1,1,-1,-1,-1,-1,-1,-1,1,-1,-1,0.0109524205327034
-1,-1,-1,-1,-1,-1,1,1,1,1,1,-1,1,-1,1,-1,1,1,-1,1,0.010779952630400658
-1,-1,-1,-1,-1,-1,1,1,1,1,1,-1,1,1,-1,1,-1,-1,-1,-1,0.009792786091566086
-1,-1,-1,-1,-1,-1,1,1,1,1,1,-1,1,1,-1,1,-1,-1,1,-1,0.00930783525109291
-1,-1,-1,-1,-1,-1,1,1,1,1,1,1,1,-1,-1,-1,1,-1,-1,-1,0.010663261637091637
-1,-1,-1,-1,-1,-1,1,1,1,1,1,1,1,1,-1,-1,-1,-1,1,1,0.00858097244054079
-1,-1,-1,-1,-1,-1,1,1,1,1,1,1,1,1,1,-1,1,1,-1,1,0.00993569940328598
-1,-1,-1,-1,-1,-1,1,1,1,1,1,1,1,1,1,1,-1,1,1,-1,0.009244803339242935
-1,-1,-1,-1,-1,1,-1,-1,-1,-1,-1,-1,-1,1,1,-1,1,1,-1,1,0.009791512973606586
-1,-1,-1,-1,-1,1,-1,-1,-1,-1,-1,1,1,1,1,1,1,-1,-1,-1,0.009296407923102379
-1,-1,-1,-1,-1,1,-1,-1,-1,-1,1,1,-1,-1,1,1,-1,1,1,-1,0.009992502629756927
-1,-1,-1,-1,-1,1,-1,-1,-1,-1,1,1,1,-1,-1,1,1,1,-1,-1,0.011118253692984581
-1,-1,-1,-1,-1,1,-1,-1,-1,-1,1,1,1,1,1,1,1,1,-1,-1,0.010315943509340286
-1,-1,-1,-1,-1,1,-1,-1,-1,1,-1,-1,1,-1,-1,-1,1,-1,-1,1,0.010261276736855507
-1,-1,-1,-1,-1,1,-1,-1,-1,1,-1,1,-1,1,-1,-1,-1,-1,-1,-1,0.009362216107547283
-1,-1,-1,-1,-1,1,-1,-1,-1,1,-1,1,-1,1,-1,-1,1,-1,1,1,0.009182138368487358
-1,-1,-1,-1,-1,1,-1,-1,-1,1,-1,1,1,-1,-1,-1,-1,1,1,1,0.0092769805341959
-1,-1,-1,-1,-1,1,-1,-1,-1,1,-1,1,1,1,1,-1,-1,1,-1,1,0.008959622122347355
-1,-1,-1,-1,-1,1,-1,-1,-1,1,-1,1,1,1,1,1,1,-1,1,-1,0.009162439964711666
-1,-1,-1,-1,-1,1,-1,-1,-1,1,1,1,1,-1,1,-1,-1,-1,-1,-1,0.010045980103313923
-1,-1,-1,-1,-1,1,-1,-1,-1,1,1,1,1,1,-1,-1,-1,1,-1,-1,0.010131685994565487
-1,-1,-1,-1,-1,1,-1,-1,-1,1,1,1,1,1,1,1,1,1,-1,-1,0.010666927322745323
-1,-1,-1,-1,-1,1,-1,-1,1,-1,-1,-1,-1,1,-1,-1,1,-1,1,-1,0.009306106716394424
-1,-1,-1,-1,-1,1,-1,-1,1,-1,-1,-1,-1,1,1,-1,1,-1,1,-1,0.009078830480575562
-1,-1,-1,-1,-1,1,-1,-1,1,-1,-1,1,1,-1,1,1,1,-1,-1,1,0.009359742514789104
-1,-1,-1,-1,-1,1,-1,-1,1,-1,1,-1,-1,1,-1,-1,1,1,-1,-1,0.010810593143105507
-1,-1,-1,-1,-1,1,-1,-1,1,-1,1,-1,1,1,1,1,-1,-1,-1,1,0.008976411074399948
-1,-1,-1,-1,-1,1,-1,-1,1,-1,1,1,-1,1,1,-1,1,-1,-1,1,0.009521919302642345
-1,-1,-1,-1,-1,1,-1,-1,1,1,-1,-1,-1,-1,1,-1,1,1,-1,1,0.010564546100795269
-1,-1,-1,-1,-1,1,-1,-1,1,1,-1,1,-1,-1,-1,1,1,-1,-1,1,0.010188067331910133
-1,-1,-1,-1,-1,1,-1,-1,1,1,1,-1,1,-1,1,-1,-1,-1,1,-1,0.009677264839410782
-1,-1,-1,-1,-1,1,-1,-1,1,1,1,1,1,-1,-1,-1,1,-1,1,-1,0.010298911482095718
-1,-1,-1,-1,-1,1,-1,1,-1,-1,-1,-1,1,1,-1,-1,1,-1,1,1,0.008601147681474686
-1,-1,-1,-1,-1,1,-1,1,-1,-1,-1,1,-1,1,-1,-1,-1,1,-1,-1,0.009195534512400627
-1,-1,-1,-1,-1,1,-1,1,-1,-1,-1,1,1,1,-1,-1,1,-1,-1,1,0.008816879242658615
-1,-1,-1,-1,-1,1,-1,1,-1,-1,1,-1,1,-1,-1,1,-1,1,-1,-1,0.010474721901118755
-1,-1,-1,-1,-1,1,-1,1,-1,-1,1,1,-1,-1,1,-1,1,-1,-1,1,0.010000774636864662
-1,-1,-1,-1,-1,1,-1,1,-1,-1,1,1,1,-1,-1,1,1,1,-1,-1,0.010869092307984829
-1,-1,-1,-1,-1,1,-1,1,-1,-1,1,1,1,-1,1,-1,-1,-1,1,1,0.008602168411016464
-1,-1,-1,-1,-1,1,-1,1,-1,1,-1,1,-1,-1,1,1,1,1,1,-1,0.010171840898692608
-1,-1,-1,-1,-1,1,-1,1,-1,1,1,-1,-1,-1,-1,1,-1,1,1,-1,0.010590819641947746
-1,-1,-1,-1,-1,1,-1,1,-1,1,1,-1,-1,-1,1,1,1,-1,1,1,0.010234953835606575
-1,-1,-1,-1,-1,1,-1,1,1,-1,-1,-1,-1,1,-1,-1,1,-1,-1,1,0.009183180518448353
-1,-1,-1,-1,-1,1,-1,1,1,-1,-1,-1,-1,1,1,1,1,-1,1,-1,0.00892859697341919
-1,-1,-1,-1,-1,1,-1,1,1,-1,-1,1,-1,-1,1,1,1,-1,-1,1,0.009360646829009056
-1,-1,-1,-1,-1,1,-1,1,1,-1,-1,1,-1,1,1,1,-1,1,-1,1,0.008555486798286438
-1,-1,-1,-1,-1,1,-1,1,1,-1,-1,1,1,1,-1,-1,-1,-1,1,-1,0.007874070666730404
-1,-1,-1,-1,-1,1,-1,1,1,-1,-1,1,1,1,-1,-1,1,1,-1,-1,0.009456074796617031
-1,-1,-1,-1,-1,1,-1,1,1,-1,1,-1,1,1,1,1,-1,-1,1,-1,0.008601014502346516
-1,-1,-1,-1,-1,1,-1,1,1,1,-1,-1,-1,-1,-1,1,-1,-1,-1,-1,0.009903251193463802
-1,-1,-1,-1,-1,1,-1,1,1,1,-1,-1,-1,-1,-1,1,1,1,1,-1,0.010515352711081505
-1,-1,-1,-1,-1,1,-1,1,1,1,-1,-1,1,1,1,1,-1,1,-1,1,0.008925624191761017
-1,-1,-1,-1,-1,1,-1,1,1,1,-1,-1,1,1,1,1,1,-1,-1,-1,0.009514464996755123
-1,-1,-1,-1,-1,1,-1,1,1,1,-1,1,-1,1,-1,1,1,-1,-1,1,0.00936387199908495
-1,-1,-1,-1,-1,1,-1,1,1,1,-1,1,1,1,-1,-1,1,-1,-1,-1,0.00937359407544136
-1,-1,-1,-1,-1,1,-1,1,1,1,-1,1,1,1,1,-1,1,1,1,1,0.00873611494898796
-1,-1,-1,-1,-1,1,-1,1,1,1,1,-1,-1,-1,-1,1,-1,-1,1,1,0.009645657613873482
-1,-1,-1,-1,-1,1,-1,1,1,1,1,1,1,-1,-1,1,1,1,1,1,0.01022342499345541
-1,-1,-1,-1,-1,1,-1,1,1,1,1,1,1,-1,1,1,-1,-1,-1,-1,0.00974276289343834
-1,-1,-1,-1,-1,1,1,-1,-1,-1,-1,-1,-1,1,1,-1,-1,-1,-1,-1,0.00944973062723875
-1,-1,-1,-1,-1,1,1,-1,-1,-1,-1,-1,1,-1,-1,-1,1,-1,-1,1,0.010306848213076591
-1,-1,-1,-1,-1,1,1,-1,-1,-1,-1,1,-1,-1,-1,1,1,-1,-1,-1,0.010745338164269924
-1,-1,-1,-1,-1,1,1,-1,-1,-1,-1,1,1,1,1,-1,-1,-1,1,-1,0.008445494808256626
-1,-1,-1,-1,-1,1,1,-1,-1,-1,-1,1,1,1,1,1,1,-1,1,1,0.00884929671883583
-1,-1,-1,-1,-1,1,1,-1,-1,-1,1,-1,-1,1,1,-1,-1,-1,1,-1,0.00955085176974535
-1,-1,-1,-1,-1,1,1,-1,-1,-1,1,1,-1,-1,-1,-1,-1,1,1,-1,0.010517406277358532
-1,-1,-1,-1,-1,1,1,-1,-1,-1,1,1,-1,-1,1,-1,-1,-1,-1,-1,0.010341617278754711
-1,-1,-1,-1,-1,1,1,-1,-1,-1,1,1,-1,-1,1,-1,1,-1,-1,1,0.010646491311490536
-1,-1,-1,-1,-1,1,1,-1,-1,-1,1,1,-1,1,1,-1,-1,1,1,-1,0.009715096093714237
-1,-1,-1,-1,-1,1,1,-1,-1,-1,1,1,1,-1,1,-1,-1,-1,-1,-1,0.010091551579535007
-1,-1,-1,-1,-1,1,1,-1,-1,-1,1,1,1,1,1,1,1,-1,-1,-1,0.010279035195708275
-1,-1,-1,-1,-1,1,1,-1,-1,1,-1,-1,-1,1,-1,1,-1,-1,1,-1,0.00964196678251028
-1,-1,-1,-1,-1,1,1,-1,-1,1,-1,-1,-1,1,1,1,1,-1,1,-1,0.010078280232846737
-1,-1,-1,-1,-1,1,1,-1,-1,1,-1,-1,1,1,-1,-1,1,-1,1,-1,0.009956562891602516
-1,-1,-1,-1,-1,1,1,-1,-1,1,-1,-1,1,1,1,-1,-1,1,1,1,0.009140444919466972
-1,-1,-1,-1,-1,1,1,-1,-1,1,-1,1,-1,-1,1,-1,1,-1,-1,-1,0.010770117864012718
-1,-1,-1,-1,-1,1,1,-1,-1,1,-1,1,1,-1,-1,-1,1,-1,1,1,0.009903661906719208
-1,-1,-1,-1,-1,1,1,-1,-1,1,1,-1,-1,-1,-1,1,-1,1,-1,-1,0.011721487157046795
-1,-1,-1,-1,-1,1,1,-1,-1,1,1,-1,-1,-1,1,-1,-1,-1,1,-1,0.010476868599653244
-1,-1,-1,-1,-1,1,1,-1,-1,1,1,-1,-1,-1,1,1,1,1,1,-1,0.011672848835587502
-1,-1,-1,-1,-1,1,1,-1,-1,1,1,-1,-1,1,1,-1,1,1,1,-1,0.010998887941241264
-1,-1,-1,-1,-1,1,1,-1,-1,1,1,1,-1,1,1,-1,1,1,1,1,0.010370953008532524
-1,-1,-1,-1,-1,1,1,-1,-1,1,1,1,1,1,-1,1,1,1,1,-1,0.010805807076394558
-1,-1,-1,-1,-1,1,1,-1,1,-1,-1,-1,-1,1,1,-1,1,-1,-1,-1,0.009960336610674858
-1,-1,-1,-1,-1,1,1,-1,1,-1,-1,1,1,-1,-1,-1,1,1,-1,1,0.010318109765648842
-1,-1,-1,-1,-1,1,1,-1,1,-1,-1,1,1,1,-1,-1,-1,-1,-1,1,0.008646023459732533
-1,-1,-1,-1,-1,1,1,-1,1,-1,-1,1,1,1,-1,-1,1,1,1,1,0.009258124977350235
-1,-1,-1,-1,-1,1,1,-1,1,-1,1,-1,1,-1,1,1,-1,-1,1,1,0.009463049471378326
-1,-1,-1,-1,-1,1,1,-1,1,-1,1,-1,1,1,-1,-1,-1,-1,-1,-1,0.009860030375421047
-1,-1,-1,-1,-1,1,1,-1,1,-1,1,-1,1,1,1,1,1,-1,-1,1,0.010036556050181389
-1,-1,-1,-1,-1,1,1,-1,1,-1,1,1,-1,1,-1,-1,-1,1,1,1,0.009430673904716969
-1,-1,-1,-1,-1,1,1,-1,1,-1,1,1,1,1,1,-1,-1,1,-1,-1,0.009796998463571072
-1,-1,-1,-1,-1,1,1,-1,1,1,-1,-1,-1,1,1,1,1,-1,-1,1,0.010051531717181206
-1,-1,-1,-1,-1,1,1,-1,1,1,-1,-1,1,-1,-1,-1,-1,-1,1,-1,0.009715023450553417
-1,-1,-1,-1,-1,1,1,-1,1,1,-1,-1,1,-1,1,-1,1,-1,-1,1,0.010277572087943554
-1,-1,-1,-1,-1,1,1,-1,1,1,-1,-1,1,1,-1,1,1,-1,-1,-1,0.01038745790719986
-1,-1,-1,-1,-1,1,1,-1,1,1,-1,1,-1,-1,1,-1,1,1,1,1,0.01020693127065897
-1,-1,-1,-1,-1,1,1,-1,1,1,-1,1,-1,1,1,1,-1,-1,-1,-1,0.00947743933647871
-1,-1,-1,-1,-1,1,1,-1,1,1,-1,1,1,1,1,1,-1,1,1,-1,0.009175886400043964
-1,-1,-1,-1,-1,1,1,-1,1,1,1,-1,-1,-1,-1,-1,-1,1,-1,-1,0.011469576507806778
-1,-1,-1,-1,-1,1,1,-1,1,1,1,-1,-1,-1,-1,1,-1,1,-1,1,0.011209788732230663
-1,-1,-1,-1,-1,1,1,-1,1,1,1,1,-1,1,-1,-1,-1,1,1,1,0.00978165678679943
-1,-1,-1,-1,-1,1,1,1,-1,-1,-1,-1,1,1,1,1,-1,-1,1,-1,0.0085644805803895
-1,-1,-1,-1,-1,1,1,1,-1,-1,-1,1,-1,-1,1,1,1,1,-1,1,0.010343648493289948
-1,-1,-1,-1,-1,1,1,1,-1,-1,-1,1,1,-1,-1,1,1,-1,1,-1,0.009761160239577293
-1,-1,-1,-1,-1,1,1,1,-1,-1,-1,1,1,-1,1,1,1,1,-1,1,0.010093582794070244
-1,-1,-1,-1,-1,1,1,1,-1,-1,1,1,1,-1,-1,1,-1,-1,-1,1,0.009809878654778004
-1,-1,-1,-1,-1,1,1,1,-1,-1,1,1,1,-1,1,-1,1,-1,-1,-1,0.010505979880690575
-1,-1,-1,-1,-1,1,1,1,-1,-1,1,1,1,-1,1,-1,1,-1,1,-1,0.0100210290402174
-1,-1,-1,-1,-1,1,1,1,-1,-1,1,1,1,1,1,1,1,-1,1,-1,0.009544922970235348
-1,-1,-1,-1,-1,1,1,1,-1,1,-1,-1,-1,-1,-1,-1,-1,-1,1,1,0.009510195814073086
-1,-1,-1,-1,-1,1,1,1,-1,1,-1,-1,-1,-1,1,1,1,-1,-1,1,0.010530387051403522
-1,-1,-1,-1,-1,1,1,1,-1,1,-1,-1,-1,1,1,1,1,1,-1,-1,0.010747532360255718
-1,-1,-1,-1,-1,1,1,1,-1,1,-1,-1,1,-1,1,1,-1,-1,-1,-1,0.009975448250770569
-1,-1,-1,-1,-1,1,1,1,-1,1,-1,1,-1,-1,-1,1,1,1,1,-1,0.010795672424137592
-1,-1,-1,-1,-1,1,1,1,-1,1,1,-1,-1,-1,-1,1,-1,-1,-1,1,0.010680146515369415
-1,-1,-1,-1,-1,1,1,1,-1,1,1,-1,-1,-1,1,-1,-1,-1,1,1,0.009868991561233997
-1,-1,-1,-1,-1,1,1,1,-1,1,1,-1,-1,1,1,-1,-1,1,1,-1,0.010086136870086193
-1,-1,-1,-1,-1,1,1,1,-1,1,1,-1,1,-1,-1,-1,-1,1,1,1,0.01027966570109129
-1,-1,-1,-1,-1,1,1,1,-1,1,1,1,-1,-1,1,-1,1,1,1,1,0.010696825571358204
-1,-1,-1,-1,-1,1,1,1,-1,1,1,1,-1,1,1,-1,1,-1,-1,-1,0.010531994514167309
-1,-1,-1,-1,-1,1,1,1,-1,1,1,1,1,-1,1,1,-1,1,1,-1,0.010240813717246056
-1,-1,-1,-1,-1,1,1,1,-1,1,1,1,1,1,-1,-1,-1,1,-1,1,0.009920364245772362
-1,-1,-1,-1,-1,1,1,1,1,-1,-1,-1,-1,-1,1,-1,-1,1,-1,1,0.009697366505861282
-1,-1,-1,-1,-1,1,1,1,1,-1,-1,1,1,1,1,-1,1,-1,1,1,0.008348223753273487
-1,-1,-1,-1,-1,1,1,1,1,-1,1,-1,-1,-1,-1,-1,1,-1,1,1,0.010255890898406506
-1,-1,-1,-1,-1,1,1,1,1,-1,1,-1,-1,-1,-1,1,-1,-1,1,1,0.009691229090094566
-1,-1,-1,-1,-1,1,1,1,1,-1,1,-1,1,1,1,1,1,1,1,1,0.00973590649664402
-1,-1,-1,-1,-1,1,1,1,1,-1,1,1,1,1,-1,1,-1,1,-1,1,0.009515325538814068
-1,-1,-1,-1,-1,1,1,1,1,-1,1,1,1,1,1,-1,-1,-1,1,-1,0.008629422634840012
-1,-1,-1,-1,-1,1,1,1,1,1,-1,-1,-1,1,-1,1,1,-1,-1,1,0.010029646568000317
-1,-1,-1,-1,-1,1,1,1,1,1,-1,-1,1,-1,-1,-1,1,-1,1,-1,0.010129451751708984
-1,-1,-1,-1,-1,1,1,1,1,1,-1,-1,1,1,-1,-1,-1,-1,-1,1,0.009017064236104488
-1,-1,-1,-1,-1,1,1,1,1,1,-1,1,-1,-1,1,-1,1,1,-1,1,0.010442720726132393
-1,-1,-1,-1,-1,1,1,1,1,1,1,-1,-1,-1,-1,1,1,-1,1,-1,0.011064517311751842
-1,-1,-1,-1,-1,1,1,1,1,1,1,-1,-1,1,-1,1,-1,1,-1,1,0.01038559339940548
-1,-1,-1,-1,-1,1,1,1,1,1,1,-1,1,1,-1,-1,1,1,1,-1,0.01057395339012146
-1,-1,-1,-1,-1,1,1,1,1,1,1,1,-1,-1,-1,1,1,1,-1,1,0.01135499682277441
-1,-1,-1,-1,-1,1,1,1,1,1,1,1,-1,1,1,1,1,-1,1,-1,0.009992988780140877
-1,-1,-1,-1,-1,1,1,1,1,1,1,1,1,-1,-1,1,1,-1,-1,1,0.010671468451619148
-1,-1,-1,-1,1,-1,-1,-1,-1,-1,-1,-1,-1,-1,-1,-1,-1,-1,-1,1,0.009911536239087582
-1,-1,-1,-1,1,-1,-1,-1,-1,-1,-1,-1,-1,1,-1,1,-1,-1,1,1,0.008950479328632355
-1,-1,-1,-1,1,-1,-1,-1,-1,-1,-1,-1,-1,1,1,-1,1,1,1,-1,0.010080044157803059
-1,-1,-1,-1,1,-1,-1,-1,-1,-1,-1,-1,-1,1,1,1,1,-1,1,1,0.009386792778968811
-1,-1,-1,-1,1,-1,-1,-1,-1,-1,-1,-1,1,-1,-1,1,-1,-1,-1,-1,0.010119114071130753
-1,-1,-1,-1,1,-1,-1,-1,-1,-1,-1,-1,1,1,-1,-1,1,-1,1,1,0.00926507543772459
-1,-1,-1,-1,1,-1,-1,-1,-1,-1,-1,-1,1,1,-1,1,-1,1,-1,-1,0.009977543726563454
-1,-1,-1,-1,1,-1,-1,-1,-1,-1,-1,-1,1,1,-1,1,-1,1,1,-1,0.009492592886090279
-1,-1,-1,-1,1,-1,-1,-1,-1,-1,-1,-1,1,1,1,1,-1,-1,1,1,0.008473138324916363
-1,-1,-1,-1,1,-1,-1,-1,-1,-1,-1,1,-1,-1,1,-1,-1,-1,1,1,0.008930089883506298
-1,-1,-1,-1,1,-1,-1,-1,-1,-1,-1,1,1,1,1,-1,-1,-1,1,1,0.008104991167783737
-1,-1,-1,-1,1,-1,-1,-1,-1,-1,1,-1,-1,-1,1,1,-1,1,-1,1,0.010802723467350006
-1,-1,-1,-1,1,-1,-1,-1,-1,-1,1,-1,-1,-1,1,1,1,-1,1,1,0.010547898709774017
-1,-1,-1,-1,1,-1,-1,-1,-1,-1,1,-1,-1,1,-1,-1,1,-1,1,-1,0.010459928773343563
-1,-1,-1,-1,1,-1,-1,-1,-1,-1,1,-1,1,-1,1,-1,-1,-1,1,-1,0.009894032031297684
-1,-1,-1,-1,1,-1,-1,-1,-1,-1,1,-1,1,-1,1,1,1,-1,-1,-1,0.011141499504446983
-1,-1,-1,-1,1,-1,-1,-1,-1,-1,1,1,-1,1,1,-1,1,-1,1,1,0.009604718536138535
-1,-1,-1,-1,1,-1,-1,-1,-1,-1,1,1,-1,1,1,-1,1,1,-1,1,0.010523132048547268
-1,-1,-1,-1,1,-1,-1,-1,-1,-1,1,1,1,-1,1,-1,1,1,1,1,0.010363149456679821
-1,-1,-1,-1,1,-1,-1,-1,-1,-1,1,1,1,1,1,1,-1,1,-1,-1,0.010067121125757694
-1,-1,-1,-1,1,-1,-1,-1,-1,1,-1,-1,-1,1,1,-1,1,1,1,1,0.010072311386466026
-1,-1,-1,-1,1,-1,-1,-1,-1,1,-1,-1,-1,1,1,1,-1,-1,-1,-1,0.009917853400111198
-1,-1,-1,-1,1,-1,-1,-1,-1,1,-1,-1,1,1,-1,-1,-1,-1,-1,1,0.009437420405447483
-1,-1,-1,-1,1,-1,-1,-1,-1,1,-1,-1,1,1,-1,-1,1,-1,-1,-1,0.010459724813699722
-1,-1,-1,-1,1,-1,-1,-1,-1,1,-1,-1,1,1,1,1,1,1,1,-1,0.010279889218509197
-1,-1,-1,-1,1,-1,-1,-1,-1,1,1,-1,-1,-1,-1,1,-1,-1,-1,1,0.010947519913315773
-1,-1,-1,-1,1,-1,-1,-1,-1,1,1,-1,-1,1,-1,1,1,-1,-1,-1,0.011394791305065155
-1,-1,-1,-1,1,-1,-1,-1,-1,1,1,-1,1,-1,-1,-1,-1,1,-1,1,0.011031989939510822
-1,-1,-1,-1,1,-1,-1,-1,-1,1,1,-1,1,1,-1,-1,1,-1,-1,-1,0.011045797728002071
-1,-1,-1,-1,1,-1,-1,-1,-1,1,1,1,-1,-1,1,1,-1,1,1,1,0.010399537160992622
-1,-1,-1,-1,1,-1,-1,-1,-1,1,1,1,-1,-1,1,1,1,-1,-1,-1,0.011473329737782478
-1,-1,-1,-1,1,-1,-1,-1,-1,1,1,1,1,1,1,-1,1,-1,1,-1,0.010064351372420788
-1,-1,-1,-1,1,-1,-1,-1,1,-1,-1,-1,1,1,-1,1,1,-1,1,-1,0.009569735266268253
-1,-1,-1,-1,1,-1,-1,-1,1,-1,-1,1,1,-1,-1,-1,-1,1,1,-1,0.009546495974063873
-1,-1,-1,-1,1,-1,-1,-1,1,-1,-1,1,1,1,-1,1,-1,-1,1,-1,0.008636927232146263
-1,-1,-1,-1,1,-1,-1,-1,1,-1,-1,1,1,1,1,1,1,1,-1,-1,0.009991654194891453
-1,-1,-1,-1,1,-1,-1,-1,1,-1,1,-1,-1,-1,1,-1,-1,1,1,1,0.01006586104631424
-1,-1,-1,-1,1,-1,-1,-1,1,-1,1,-1,-1,1,1,1,-1,-1,1,1,0.00915629230439663
-1,-1,-1,-1,1,-1,-1,-1,1,-1,1,-1,1,-1,-1,-1,-1,-1,-1,1,0.010094559751451015
-1,-1,-1,-1,1,-1,-1,-1,1,-1,1,-1,1,-1,-1,1,1,-1,-1,1,0.010857077315449715
-1,-1,-1,-1,1,-1,-1,-1,1,-1,1,-1,1,1,1,-1,1,-1,-1,-1,0.010314554907381535
-1,-1,-1,-1,1,-1,-1,-1,1,-1,1,-1,1,1,1,1,-1,1,-1,-1,0.010183356702327728
-1,-1,-1,-1,1,-1,-1,-1,1,-1,1,1,-1,-1,1,1,-1,1,1,1,0.009895570576190948
-1,-1,-1,-1,1,-1,-1,-1,1,-1,1,1,-1,1,1,1,-1,-1,-1,1,0.009372024796903133
-1,-1,-1,-1,1,-1,-1,-1,1,1,-1,-1,-1,-1,1,-1,-1,-1,-1,1,0.009882260113954544
-1,-1,-1,-1,1,-1,-1,-1,1,1,-1,-1,1,-1,1,-1,1,-1,1,1,0.009810833260416985
-1,-1,-1,-1,1,-1,-1,-1,1,1,-1,-1,1,1,-1,-1,-1,-1,1,-1,0.009158201515674591
-1,-1,-1,-1,1,-1,-1,-1,1,1,-1,1,-1,1,1,-1,1,-1,1,1,0.00921664573252201
-1,-1,-1,-1,1,-1,-1,-1,1,1,-1,1,1,-1,-1,-1,1,-1,-1,-1,0.010612556710839272
-1,-1,-1,-1,1,-1,-1,-1,1,1,1,1,-1,-1,1,1,1,-1,-1,-1,0.011320346035063267
-1,-1,-1,-1,1,-1,-1,-1,1,1,1,1,1,1,1,-1,-1,-1,-1,-1,0.009732729755342007
-1,-1,-1,-1,1,-1,-1,1,-1,-1,-1,-1,1,-1,1,1,-1,-1,-1,1,0.009283960796892643
-1,-1,-1,-1,1,-1,-1,1,-1,-1,-1,1,-1,-1,1,1,-1,-1,1,1,0.008779856376349926
-1,-1,-1,-1,1,-1,-1,1,-1,-1,-1,1,1,1,-1,1,-1,1,-1,1,0.009100447408854961
-1,-1,-1,-1,1,-1,-1,1,-1,-1,-1,1,1,1,1,-1,1,-1,1,-1,0.008878134191036224
-1,-1,-1,-1,1,-1,-1,1,-1,-1,1,1,-1,-1,-1,1,-1,1,1,-1,0.010385383851826191
-1,-1,-1,-1,1,-1,-1,1,-1,-1,1,1,-1,1,-1,1,-1,1,1,-1,0.009810349904000759
-1,-1,-1,-1,1,-1,-1,1,-1,-1,1,1,-1,1,1,-1,1,-1,-1,-1,0.010199222713708878
-1,-1,-1,-1,1,-1,-1,1,-1,-1,1,1,-1,1,1,-1,1,-1,-1,1,0.009840507060289383
-1,-1,-1,-1,1,-1,-1,1,-1,-1,1,1,1,-1,-1,-1,-1,-1,1,1,0.009244211949408054
-1,-1,-1,-1,1,-1,-1,1,-1,1,-1,-1,-1,-1,-1,1,1,-1,1,-1,0.01064964011311531
-1,-1,-1,-1,1,-1,-1,1,-1,1,-1,-1,-1,-1,1,1,-1,-1,1,1,0.009400058537721634
-1,-1,-1,-1,1,-1,-1,1,-1,1,-1,-1,-1,1,-1,-1,1,-1,1,1,0.009616962634027004
-1,-1,-1,-1,1,-1,-1,1,-1,1,-1,-1,1,1,1,-1,-1,-1,-1,1,0.008960982784628868
-1,-1,-1,-1,1,-1,-1,1,-1,1,-1,1,-1,-1,1,-1,-1,-1,1,1,0.009031911380589008
-1,-1,-1,-1,1,-1,-1,1,-1,1,-1,1,1,-1,1,-1,-1,-1,1,-1,0.0091405613347888
-1,-1,-1,-1,1,-1,-1,1,-1,1,1,-1,-1,-1,1,1,-1,-1,1,-1,0.010344846174120903
-1,-1,-1,-1,1,-1,-1,1,-1,1,1,-1,-1,1,-1,-1,-1,1,-1,1,0.010457860305905342
-1,-1,-1,-1,1,-1,-1,1,-1,1,1,-1,-1,1,-1,-1,1,1,1,-1,0.010995213873684406
-1,-1,-1,-1,1,-1,-1,1,-1,1,1,1,-1,-1,1,-1,-1,-1,1,-1,0.009976699948310852
-1,-1,-1,-1,1,-1,-1,1,1,-1,-1,-1,-1,-1,1,-1,-1,1,-1,-1,0.010074294172227383
-1,-1,-1,-1,1,-1,-1,1,1,-1,-1,1,-1,-1,-1,1,1,1,-1,-1,0.0107948686927557
-1,-1,-1,-1,1,-1,-1,1,1,-1,-1,1,-1,-1,1,1,1,1,-1,1,0.010208876803517342
-1,-1,-1,-1,1,-1,-1,1,1,-1,-1,1,1,1,1,-1,-1,1,-1,-1,0.008979976177215576
-1,-1,-1,-1,1,-1,-1,1,1,-1,1,-1,-1,1,-1,1,1,1,1,1,0.010231459513306618
-1,-1,-1,-1,1,-1,-1,1,1,-1,1,1,-1,-1,-1,-1,-1,1,1,-1,0.0101334722712636
-1,-1,-1,-1,1,-1,-1,1,1,-1,1,1,-1,-1,-1,1,-1,-1,-1,-1,0.010283888317644596
-1,-1,-1,-1,1,-1,-1,1,1,-1,1,1,1,-1,-1,1,-1,-1,-1,1,0.009675106965005398
-1,-1,-1,-1,1,-1,-1,1,1,-1,1,1,1,-1,-1,1,1,-1,-1,-1,0.010697411373257637
-1,-1,-1,-1,1,-1,-1,1,1,1,-1,1,-1,1,-1,-1,-1,1,1,1,0.008964634500443935
-1,-1,-1,-1,1,-1,-1,1,1,1,-1,1,1,-1,-1,1,-1,1,1,1,0.009388530626893044
-1,-1,-1,-1,1,-1,-1,1,1,1,1,1,1,-1,-1,-1,1,-1,-1,-1,0.010949467308819294
-1,-1,-1,-1,1,-1,-1,1,1,1,1,1,1,-1,1,1,-1,-1,-1,1,0.009798814542591572
-1,-1,-1,-1,1,-1,-1,1,1,1,1,1,1,1,1,1,-1,-1,-1,-1,0.009582496248185635
-1,-1,-1,-1,1,-1,1,-1,-1,-1,-1,-1,-1,-1,1,-1,-1,-1,-1,-1,0.010439530946314335
-1,-1,-1,-1,1,-1,1,-1,-1,-1,-1,-1,-1,1,-1,1,1,1,-1,1,0.010929038748145103
-1,-1,-1,-1,1,-1,1,-1,-1,-1,-1,-1,1,1,1,-1,-1,-1,-1,-1,0.0096144312992692
-1,-1,-1,-1,1,-1,1,-1,-1,-1,-1,1,1,-1,-1,1,-1,-1,1,-1,0.009761499240994453
-1,-1,-1,-1,1,-1,1,-1,-1,-1,1,-1,1,1,-1,1,-1,1,-1,1,0.01060145627707243
-1,-1,-1,-1,1,-1,1,-1,-1,-1,1,1,-1,1,1,-1,-1,-1,1,-1,0.009696399793028831
-1,-1,-1,-1,1,-1,1,-1,-1,-1,1,1,-1,1,1,-1,-1,1,-1,-1,0.010614813305437565
-1,-1,-1,-1,1,-1,1,-1,-1,-1,1,1,-1,1,1,-1,1,-1,-1,1,0.010486224666237831
-1,-1,-1,-1,1,-1,1,-1,-1,-1,1,1,1,-1,1,1,1,1,-1,-1,0.011702299118041992
-1,-1,-1,-1,1,-1,1,-1,-1,1,-1,-1,1,-1,-1,-1,-1,1,1,1,0.01035752147436142
-1,-1,-1,-1,1,-1,1,-1,-1,1,-1,1,-1,-1,1,1,1,1,1,1,0.010873609222471714
-1,-1,-1,-1,1,-1,1,-1,-1,1,-1,1,-1,1,-1,1,1,1,-1,-1,0.011369518004357815
-1,-1,-1,-1,1,-1,1,-1,-1,1,-1,1,1,1,-1,-1,-1,-1,-1,1,0.009564756415784359
-1,-1,-1,-1,1,-1,1,-1,-1,1,-1,1,1,1,1,-1,-1,1,1,1,0.00928599201142788
-1,-1,-1,-1,1,-1,1,-1,-1,1,1,-1,-1,-1,1,1,1,1,-1,-1,0.012572566978633404
-1,-1,-1,-1,1,-1,1,-1,-1,1,1,1,1,-1,-1,-1,-1,-1,1,-1,0.010599627159535885
-1,-1,-1,-1,1,-1,1,-1,-1,1,1,1,1,1,-1,-1,1,1,1,1,0.01076293084770441
-1,-1,-1,-1,1,-1,1,-1,-1,1,1,1,1,1,1,1,1,-1,-1,-1,0.011044785380363464
-1,-1,-1,-1,1,-1,1,-1,1,-1,-1,-1,-1,-1,-1,1,1,1,1,1,0.010866137221455574
-1,-1,-1,-1,1,-1,1,-1,1,-1,-1,-1,-1,-1,1,-1,-1,-1,-1,1,0.009927831590175629
-1,-1,-1,-1,1,-1,1,-1,1,-1,-1,-1,1,-1,1,-1,-1,-1,-1,-1,0.01003648154437542
-1,-1,-1,-1,1,-1,1,-1,1,-1,-1,-1,1,1,1,-1,-1,-1,-1,1,0.009102732874453068
-1,-1,-1,-1,1,-1,1,-1,1,-1,-1,-1,1,1,1,-1,-1,1,-1,1,0.009536195546388626
-1,-1,-1,-1,1,-1,1,-1,1,-1,-1,-1,1,1,1,-1,1,-1,1,1,0.009281370788812637
-1,-1,-1,-1,1,-1,1,-1,1,-1,-1,1,-1,-1,1,1,1,1,-1,-1,0.01121330913156271
-1,-1,-1,-1,1,-1,1,-1,1,-1,-1,1,1,-1,1,1,-1,1,1,-1,0.009814702905714512
-1,-1,-1,-1,1,-1,1,-1,1,-1,1,-1,-1,1,1,-1,1,-1,1,-1,0.01047622412443161
-1,-1,-1,-1,1,-1,1,-1,1,-1,1,-1,-1,1,1,-1,1,1,1,1,0.010550972074270248
-1,-1,-1,-1,1,-1,1,-1,1,-1,1,-1,1,1,1,-1,1,1,-1,-1,0.011144572868943214
-1,-1,-1,-1,1,-1,1,-1,1,-1,1,1,-1,1,1,-1,-1,1,-1,-1,0.010461830534040928
-1,-1,-1,-1,1,-1,1,-1,1,1,-1,-1,1,1,1,1,1,-1,-1,-1,0.01057494804263115
-1,-1,-1,-1,1,-1,1,-1,1,1,-1,1,-1,-1,-1,1,-1,1,1,-1,0.01064302772283554
-1,-1,-1,-1,1,-1,1,-1,1,1,-1,1,-1,1,-1,1,1,1,-1,-1,0.011216534301638603
-1,-1,-1,-1,1,-1,1,-1,1,1,-1,1,1,1,-1,1,1,-1,1,-1,0.010048055090010166
-1,-1,-1,-1,1,-1,1,-1,1,1,-1,1,1,1,1,1,-1,1,1,1,0.009231937117874622
-1,-1,-1,-1,1,-1,1,-1,1,1,1,1,-1,1,-1,1,1,1,-1,-1,0.011802606284618378
-1,-1,-1,-1,1,-1,1,-1,1,1,1,1,-1,1,1,-1,-1,-1,1,1,0.009535683318972588
-1,-1,-1,-1,1,-1,1,1,-1,-1,-1,-1,-1,-1,-1,1,1,1,-1,1,0.011254910379648209
-1,-1,-1,-1,1,-1,1,1,-1,-1,-1,-1,-1,1,-1,1,-1,-1,-1,1,0.0095828240737319
-1,-1,-1,-1,1,-1,1,1,-1,-1,-1,1,-1,1,1,-1,-1,1,-1,-1,0.009779579937458038
-1,-1,-1,-1,1,-1,1,1,-1,-1,1,-1,1,-1,-1,1,1,-1,-1,-1,0.011516169644892216
-1,-1,-1,-1,1,-1,1,1,-1,-1,1,-1,1,1,-1,1,-1,1,-1,1,0.010352293960750103
-1,-1,-1,-1,1,-1,1,1,-1,-1,1,1,-1,1,1,1,-1,-1,-1,1,0.00967240147292614
-1,-1,-1,-1,1,-1,1,1,-1,-1,1,1,1,-1,-1,1,-1,-1,-1,1,0.010224645957350731
-1,-1,-1,-1,1,-1,1,1,-1,-1,1,1,1,-1,1,1,1,-1,-1,-1,0.011019674129784107
-1,-1,-1,-1,1,-1,1,1,-1,-1,1,1,1,1,-1,1,-1,1,-1,-1,0.010441791266202927
-1,-1,-1,-1,1,-1,1,1,-1,1,-1,-1,-1,-1,1,-1,1,-1,-1,-1,0.01120494119822979
-1,-1,-1,-1,1,-1,1,1,-1,1,-1,-1,-1,1,-1,-1,-1,1,-1,1,0.010268342681229115
-1,-1,-1,-1,1,-1,1,1,-1,1,-1,-1,1,-1,-1,-1,-1,-1,1,-1,0.01003361213952303
-1,-1,-1,-1,1,-1,1,1,-1,1,-1,-1,1,-1,1,1,-1,1,-1,1,0.01046496257185936
-1,-1,-1,-1,1,-1,1,1,-1,1,-1,1,-1,-1,-1,1,-1,-1,-1,-1,0.010598337277770042
-1,-1,-1,-1,1,-1,1,1,-1,1,-1,1,-1,1,-1,-1,-1,1,1,1,0.009514172561466694
-1,-1,-1,-1,1,-1,1,1,-1,1,-1,1,-1,1,1,1,1,1,1,1,0.01004941388964653
-1,-1,-1,-1,1,-1,1,1,-1,1,1,-1,-1,-1,-1,1,1,1,1,-1,0.01206573098897934
-1,-1,-1,-1,1,-1,1,1,-1,1,1,-1,-1,-1,1,1,1,-1,1,-1,0.011404991149902344
-1,-1,-1,-1,1,-1,1,1,-1,1,1,-1,1,-1,-1,-1,1,-1,1,1,0.010924558155238628
-1,-1,-1,-1,1,-1,1,1,-1,1,1,1,-1,-1,-1,1,-1,-1,-1,-1,0.011184409260749817
-1,-1,-1,-1,1,-1,1,1,-1,1,1,1,1,-1,1,-1,-1,-1,-1,-1,0.010608140379190445
-1,-1,-1,-1,1,-1,1,1,-1,1,1,1,1,1,-1,-1,1,1,1,-1,0.010872484184801579
-1,-1,-1,-1,1,-1,1,1,1,-1,-1,-1,1,-1,-1,-1,-1,-1,1,1,0.00917092990130186
-1,-1,-1,-1,1,-1,1,1,1,-1,1,-1,-1,-1,-1,-1,-1,-1,-1,-1,0.010850734077394009
-1,-1,-1,-1,1,-1,1,1,1,-1,1,-1,1,-1,1,1,1,-1,-1,-1,0.011135909706354141
-1,-1,-1,-1,1,-1,1,1,1,-1,1,-1,1,1,1,1,1,1,1,-1,0.010509388521313667
-1,-1,-1,-1,1,-1,1,1,1,-1,1,1,-1,-1,1,-1,-1,1,1,1,0.009944035671651363
-1,-1,-1,-1,1,-1,1,1,1,1,-1,-1,-1,1,-1,-1,-1,1,1,-1,0.009989123791456223
-1,-1,-1,-1,1,-1,1,1,1,1,-1,-1,-1,1,1,-1,1,-1,1,-1,0.009991973638534546
-1,-1,-1,-1,1,-1,1,1,1,1,-1,1,1,1,1,-1,-1,1,-1,-1,0.00972751434892416
-1,-1,-1,-1,1,-1,1,1,1,1,1,-1,-1,-1,-1,1,-1,-1,1,-1,0.01081569492816925
-1,-1,-1,-1,1,-1,1,1,1,1,1,-1,-1,1,1,-1,-1,-1,-1,1,0.010040692053735256
-1,-1,-1,-1,1,-1,1,1,1,1,1,-1,-1,1,1,1,-1,1,-1,1,0.010573083534836769
-1,-1,-1,-1,1,-1,1,1,1,1,1,-1,1,-1,-1,-1,-1,1,1,1,0.010541449300944805
-1,-1,-1,-1,1,-1,1,1,1,1,1,-1,1,-1,1,1,-1,1,1,-1,0.010771816596388817
-1,-1,-1,-1,1,-1,1,1,1,1,1,-1,1,1,-1,-1,1,1,1,-1,0.010988719761371613
-1,-1,-1,-1,1,1,-1,-1,-1,-1,-1,-1,1,-1,-1,-1,1,-1,-1,1,0.010593053884804249
-1,-1,-1,-1,1,1,-1,-1,-1,-1,-1,-1,1,-1,1,-1,-1,1,-1,-1,0.010494367219507694
-1,-1,-1,-1,1,1,-1,-1,-1,-1,-1,1,-1,1,-1,1,1,1,-1,-1,0.010889973491430283
-1,-1,-1,-1,1,1,-1,-1,-1,-1,-1,1,1,-1,-1,-1,-1,1,1,1,0.009608757682144642
-1,-1,-1,-1,1,1,-1,-1,-1,-1,-1,1,1,-1,-1,-1,1,-1,1,1,0.009838883765041828
-1,-1,-1,-1,1,1,-1,-1,-1,-1,1,-1,-1,-1,-1,-1,-1,1,1,1,0.01071411557495594
-1,-1,-1,-1,1,1,-1,-1,-1,-1,1,-1,-1,-1,-1,1,1,1,1,-1,0.01183534786105156
-1,-1,-1,-1,1,1,-1,-1,-1,-1,1,-1,-1,1,-1,-1,-1,-1,-1,1,0.01019056886434555
-1,-1,-1,-1,1,1,-1,-1,-1,-1,1,1,-1,-1,-1,-1,-1,-1,1,-1,0.010370148345828056
-1,-1,-1,-1,1,1,-1,-1,-1,1,-1,-1,-1,-1,-1,1,-1,1,1,1,0.010577953420579433
-1,-1,-1,-1,1,1,-1,-1,-1,1,-1,-1,-1,-1,-1,1,1,1,1,-1,0.011600257828831673
-1,-1,-1,-1,1,1,-1,-1,-1,1,-1,-1,1,-1,1,-1,1,1,-1,1,0.011150224134325981
-1,-1,-1,-1,1,1,-1,-1,-1,1,-1,1,-1,1,-1,-1,1,-1,1,-1,0.010223614051938057
-1,-1,-1,-1,1,1,-1,-1,-1,1,-1,1,1,-1,1,-1,1,-1,1,-1,0.010321306064724922
-1,-1,-1,-1,1,1,-1,-1,-1,1,-1,1,1,1,-1,1,1,-1,1,-1,0.010072477161884308
-1,-1,-1,-1,1,1,-1,-1,-1,1,1,1,-1,-1,-1,-1,-1,-1,1,1,0.010362415574491024
-1,-1,-1,-1,1,1,-1,-1,-1,1,1,1,1,1,1,-1,1,1,1,-1,0.010765808634459972
-1,-1,-1,-1,1,1,-1,-1,1,-1,-1,-1,-1,-1,-1,-1,1,1,1,-1,0.010997364297509193
-1,-1,-1,-1,1,1,-1,-1,1,-1,-1,-1,-1,1,1,1,1,1,-1,1,0.010420217178761959
-1,-1,-1,-1,1,1,-1,-1,1,-1,-1,1,1,-1,1,1,-1,1,1,1,0.009327426552772522
-1,-1,-1,-1,1,1,-1,-1,1,-1,1,-1,-1,-1,-1,-1,-1,-1,1,1,0.010127668268978596
-1,-1,-1,-1,1,1,-1,-1,1,-1,1,-1,-1,-1,-1,-1,1,1,-1,-1,0.012068387120962143
-1,-1,-1,-1,1,1,-1,-1,1,-1,1,1,1,-1,1,1,1,-1,1,1,0.010143624618649483
-1,-1,-1,-1,1,1,-1,-1,1,-1,1,1,1,1,-1,1,-1,1,1,-1,0.009924456477165222
-1,-1,-1,-1,1,1,-1,-1,1,1,-1,-1,-1,-1,1,1,-1,-1,-1,1,0.010249181650578976
-1,-1,-1,-1,1,1,-1,-1,1,1,-1,1,1,-1,1,-1,1,-1,-1,1,0.010294558480381966
-1,-1,-1,-1,1,1,-1,-1,1,1,-1,1,1,1,1,-1,-1,-1,1,-1,0.008929699659347534
-1,-1,-1,-1,1,1,-1,-1,1,1,1,1,-1,-1,-1,-1,1,1,-1,1,0.01179143600165844
-1,-1,-1,-1,1,1,-1,-1,1,1,1,1,-1,1,-1,-1,-1,1,1,-1,0.010426577180624008
-1,-1,-1,-1,1,1,-1,-1,1,1,1,1,1,1,1,-1,-1,-1,1,1,0.009157056920230389
-1,-1,-1,-1,1,1,-1,1,-1,-1,-1,-1,-1,-1,-1,-1,1,-1,-1,1,0.0105939581990242
-1,-1,-1,-1,1,1,-1,1,-1,-1,-1,-1,-1,-1,1,-1,1,1,-1,1,0.010800144635140896
-1,-1,-1,-1,1,1,-1,1,-1,-1,-1,-1,-1,1,-1,1,-1,-1,-1,1,0.00945426244288683
-1,-1,-1,-1,1,1,-1,1,-1,-1,-1,1,-1,1,-1,-1,-1,1,1,1,0.009034628048539162
-1,-1,-1,-1,1,1,-1,1,-1,-1,1,-1,-1,-1,-1,-1,-1,1,1,-1,0.010823668912053108
-1,-1,-1,-1,1,1,-1,1,-1,-1,1,-1,-1,1,-1,1,1,-1,1,-1,0.010577688924968243
-1,-1,-1,-1,1,1,-1,1,-1,-1,1,-1,1,-1,1,-1,1,1,1,1,0.010651201009750366
-1,-1,-1,-1,1,1,-1,1,-1,-1,1,1,1,-1,1,-1,1,-1,1,-1,0.010307233780622482
-1,-1,-1,-1,1,1,-1,1,-1,-1,1,1,1,1,1,1,-1,1,-1,-1,0.010085953399538994
-1,-1,-1,-1,1,1,-1,1,-1,1,-1,-1,-1,1,1,-1,-1,-1,1,-1,0.009352806024253368
-1,-1,-1,-1,1,1,-1,1,-1,1,-1,1,-1,1,-1,-1,1,-1,1,1,0.00961573701351881
-1,-1,-1,-1,1,1,-1,1,-1,1,-1,1,1,-1,1,-1,-1,1,-1,-1,0.010326969437301159
-1,-1,-1,-1,1,1,-1,1,-1,1,-1,1,1,-1,1,1,1,-1,-1,-1,0.010656023398041725
-1,-1,-1,-1,1,1,-1,1,-1,1,-1,1,1,1,1,-1,-1,1,1,-1,0.009266984649002552
-1,-1,-1,-1,1,1,-1,1,-1,1,-1,1,1,1,1,1,-1,1,-1,1,0.009492148645222187
-1,-1,-1,-1,1,1,-1,1,-1,1,1,-1,1,-1,-1,1,1,1,-1,1,0.011813338845968246
-1,-1,-1,-1,1,1,-1,1,-1,1,1,1,1,-1,-1,1,1,-1,1,1,0.010625706054270267
-1,-1,-1,-1,1,1,-1,1,1,-1,-1,1,-1,1,1,1,-1,1,-1,1,0.009238247759640217
-1,-1,-1,-1,1,1,-1,1,1,-1,-1,1,1,1,-1,1,1,-1,-1,1,0.009445584379136562
-1,-1,-1,-1,1,1,-1,1,1,-1,1,-1,1,-1,1,-1,1,-1,-1,-1,0.010908420197665691
-1,-1,-1,-1,1,1,-1,1,1,-1,1,1,-1,-1,1,1,1,-1,1,1,0.01014452800154686
-1,-1,-1,-1,1,1,-1,1,1,-1,1,1,-1,1,-1,1,-1,-1,1,1,0.009133181534707546
-1,-1,-1,-1,1,1,-1,1,1,1,-1,-1,-1,1,1,1,-1,-1,-1,1,0.009424986317753792
-1,-1,-1,-1,1,1,-1,1,1,1,-1,-1,1,-1,-1,-1,-1,1,-1,-1,0.010670481249690056
-1,-1,-1,-1,1,1,-1,1,1,1,-1,1,-1,1,1,1,1,1,1,-1,0.010126584209501743
-1,-1,-1,-1,1,1,-1,1,1,1,-1,1,1,1,-1,1,-1,1,1,-1,0.009440205991268158
-1,-1,-1,-1,1,1,-1,1,1,1,1,-1,1,1,-1,-1,1,1,1,1,0.010501443408429623
-1,-1,-1,-1,1,1,-1,1,1,1,1,-1,1,1,-1,1,1,1,-1,-1,0.011444037780165672
-1,-1,-1,-1,1,1,-1,1,1,1,1,1,-1,-1,-1,1,-1,1,-1,-1,0.011336328461766243
-1,-1,-1,-1,1,1,-1,1,1,1,1,1,1,-1,1,1,1,1,-1,-1,0.011522576212882996
-1,-1,-1,-1,1,1,1,-1,-1,-1,-1,-1,-1,-1,1,1,-1,1,-1,1,0.010881200432777405
-1,-1,-1,-1,1,1,1,-1,-1,-1,-1,-1,-1,1,-1,1,1,-1,-1,-1,0.011122284457087517
-1,-1,-1,-1,1,1,1,-1,-1,-1,-1,1,-1,-1,1,1,-1,-1,-1,1,0.010178517550230026
-1,-1,-1,-1,1,1,1,-1,-1,-1,-1,1,1,1,1,1,-1,-1,-1,-1,0.00971213448792696
-1,-1,-1,-1,1,1,1,-1,-1,-1,1,-1,-1,-1,-1,1,-1,1,-1,1,0.011694548651576042
-1,-1,-1,-1,1,1,1,-1,-1,-1,1,-1,-1,-1,1,-1,-1,-1,-1,-1,0.011293596588075161
-1,-1,-1,-1,1,1,1,-1,-1,-1,1,1,-1,1,1,1,1,1,-1,-1,0.011645324528217316
-1,-1,-1,-1,1,1,1,-1,-1,-1,1,1,1,1,-1,1,-1,1,-1,1,0.010600230656564236
-1,-1,-1,-1,1,1,1,-1,-1,1,-1,1,-1,1,1,-1,1,1,1,1,0.010467641055583954
-1,-1,-1,-1,1,1,1,-1,-1,1,-1,1,1,1,-1,1,-1,-1,-1,1,0.00993167795240879
-1,-1,-1,-1,1,1,1,-1,-1,1,1,-1,-1,1,1,-1,-1,-1,1,-1,0.010584595613181591
-1,-1,-1,-1,1,1,1,-1,-1,1,1,-1,1,-1,-1,-1,1,1,1,-1,0.01223389245569706
-1,-1,-1,-1,1,1,1,-1,-1,1,1,-1,1,-1,1,-1,-1,-1,-1,-1,0.01139451377093792
-1,-1,-1,-1,1,1,1,-1,-1,1,1,-1,1,1,-1,-1,-1,1,1,1,0.010636554099619389
-1,-1,-1,-1,1,1,1,-1,-1,1,1,1,-1,-1,-1,-1,-1,-1,1,1,0.010758970864117146
-1,-1,-1,-1,1,1,1,-1,-1,1,1,1,-1,-1,-1,1,-1,1,-1,1,0.011776312254369259
-1,-1,-1,-1,1,1,1,-1,-1,1,1,1,1,1,-1,-1,1,1,1,1,0.011030924506485462
-1,-1,-1,-1,1,1,1,-1,-1,1,1,1,1,1,1,1,-1,1,1,1,0.01023898646235466
-1,-1,-1,-1,1,1,1,-1,-1,1,1,1,1,1,1,1,1,-1,1,-1,0.010827828198671341
-1,-1,-1,-1,1,1,1,-1,1,-1,-1,-1,1,-1,1,1,1,-1,1,1,0.0102233262732625
-1,-1,-1,-1,1,1,1,-1,1,-1,-1,1,-1,1,-1,-1,1,1,-1,1,0.010675901547074318
-1,-1,-1,-1,1,1,1,-1,1,-1,-1,1,1,-1,-1,-1,1,1,1,1,0.010515918955206871
-1,-1,-1,-1,1,1,1,-1,1,-1,1,-1,-1,-1,-1,1,1,-1,1,-1,0.011645455844700336
-1,-1,-1,-1,1,1,1,-1,1,-1,1,-1,-1,-1,1,-1,1,-1,-1,1,0.011445486918091774
-1,-1,-1,-1,1,1,1,-1,1,-1,1,-1,-1,1,-1,-1,1,1,-1,1,0.011531192809343338
-1,-1,-1,-1,1,1,1,-1,1,-1,1,-1,-1,1,1,1,-1,1,-1,1,0.01073925569653511
-1,-1,-1,-1,1,1,1,-1,1,-1,1,1,1,1,-1,-1,1,-1,-1,1,0.01057844515889883
-1,-1,-1,-1,1,1,1,-1,1,1,-1,-1,1,-1,1,1,1,1,1,1,0.011007772758603096
-1,-1,-1,-1,1,1,1,-1,1,1,-1,1,-1,1,1,1,1,1,1,1,0.010413585230708122
-1,-1,-1,-1,1,1,1,-1,1,1,1,-1,-1,-1,-1,1,1,-1,1,1,0.011637723073363304
-1,-1,-1,-1,1,1,1,-1,1,1,1,-1,-1,1,1,-1,-1,1,-1,1,0.010991310700774193
-1,-1,-1,-1,1,1,1,-1,1,1,1,-1,1,-1,-1,1,-1,1,1,1,0.011157532222568989
-1,-1,-1,-1,1,1,1,-1,1,1,1,1,-1,-1,-1,-1,-1,-1,1,1,0.010605987161397934
-1,-1,-1,-1,1,1,1,-1,1,1,1,1,-1,-1,1,1,1,1,-1,1,0.012059642001986504
-1,-1,-1,-1,1,1,1,-1,1,1,1,1,1,-1,-1,1,1,1,1,1,0.011551901698112488
-1,-1,-1,-1,1,1,1,1,-1,-1,-1,-1,-1,-1,-1,1,1,-1,1,-1,0.010963205248117447
-1,-1,-1,-1,1,1,1,1,-1,-1,-1,-1,-1,-1,1,1,-1,1,-1,1,0.010632038116455078
-1,-1,-1,-1,1,1,1,1,-1,-1,-1,-1,1,-1,-1,-1,-1,-1,-1,1,0.010076858103275299
-1,-1,-1,-1,1,1,1,1,-1,-1,-1,-1,1,-1,-1,-1,1,-1,1,-1,0.010614211671054363
-1,-1,-1,-1,1,1,1,1,-1,-1,-1,-1,1,-1,-1,1,-1,1,-1,-1,0.010967964306473732
-1,-1,-1,-1,1,1,1,1,-1,-1,-1,-1,1,1,-1,-1,-1,-1,1,1,0.009016873314976692
-1,-1,-1,-1,1,1,1,1,-1,-1,-1,-1,1,1,1,-1,-1,-1,-1,1,0.009274547919631004
-1,-1,-1,-1,1,1,1,1,-1,-1,-1,1,-1,-1,-1,-1,-1,1,1,1,0.010006217285990715
-1,-1,-1,-1,1,1,1,1,-1,-1,-1,1,1,-1,1,-1,-1,-1,1,-1,0.00945412740111351
-1,-1,-1,-1,1,1,1,1,-1,-1,1,-1,1,-1,-1,-1,1,-1,1,1,0.010841568931937218
-1,-1,-1,-1,1,1,1,1,-1,-1,1,1,-1,-1,-1,1,1,-1,-1,1,0.01140629407018423
-1,-1,-1,-1,1,1,1,1,-1,-1,1,1,1,-1,-1,1,-1,-1,-1,1,0.010492639616131783
-1,-1,-1,-1,1,1,1,1,-1,-1,1,1,1,1,1,-1,-1,1,-1,1,0.01002486515790224
-1,-1,-1,-1,1,1,1,1,-1,1,-1,-1,1,-1,-1,1,1,-1,-1,-1,0.011549074202775955
-1,-1,-1,-1,1,1,1,1,-1,1,-1,-1,1,1,-1,-1,1,-1,1,-1,0.010390161536633968
-1,-1,-1,-1,1,1,1,1,-1,1,-1,-1,1,1,1,-1,-1,1,-1,-1,0.010417710058391094
-1,-1,-1,-1,1,1,1,1,-1,1,-1,1,-1,1,-1,1,-1,1,1,1,0.009881094098091125
-1,-1,-1,-1,1,1,1,1,-1,1,1,-1,1,1,-1,1,1,-1,-1,-1,0.011560112237930298
-1,-1,-1,-1,1,1,1,1,-1,1,1,-1,1,1,-1,1,1,1,-1,-1,0.01199357584118843
-1,-1,-1,-1,1,1,1,1,-1,1,1,1,-1,-1,-1,1,-1,1,1,-1,0.011400915682315826
-1,-1,-1,-1,1,1,1,1,-1,1,1,1,-1,-1,1,-1,-1,-1,-1,1,0.010767484083771706
-1,-1,-1,-1,1,1,1,1,-1,1,1,1,1,-1,1,1,-1,-1,-1,1,0.010616346262395382
-1,-1,-1,-1,1,1,1,1,1,-1,-1,1,-1,1,-1,-1,1,-1,-1,-1,0.010351992212235928
-1,-1,-1,-1,1,1,1,1,1,-1,-1,1,-1,1,1,-1,-1,-1,1,-1,0.00897617544978857
-1,-1,-1,-1,1,1,1,1,1,-1,-1,1,1,-1,-1,-1,-1,-1,1,-1,0.009528419934213161
-1,-1,-1,-1,1,1,1,1,1,-1,-1,1,1,-1,1,-1,1,1,1,1,0.010039480403065681
-1,-1,-1,-1,1,1,1,1,1,-1,1,-1,-1,-1,-1,1,1,1,-1,-1,0.012314708903431892
-1,-1,-1,-1,1,1,1,1,1,-1,1,-1,-1,1,1,1,1,-1,-1,1,0.01072021946310997
-1,-1,-1,-1,1,1,1,1,1,-1,1,1,1,-1,-1,1,1,1,1,1,0.010951757431030273
-1,-1,-1,-1,1,1,1,1,1,1,-1,-1,-1,-1,-1,1,1,-1,-1,1,0.011287440545856953
-1,-1,-1,-1,1,1,1,1,1,1,-1,-1,-1,1,-1,-1,-1,-1,1,1,0.009464938193559647
-1,-1,-1,-1,1,1,1,1,1,1,-1,-1,-1,1,1,1,-1,1,-1,-1,0.010613719932734966
-1,-1,-1,-1,1,1,1,1,1,1,-1,-1,-1,1,1,1,1,-1,1,-1,0.010358895175158978
-1,-1,-1,-1,1,1,1,1,1,1,-1,-1,1,-1,1,-1,-1,1,-1,1,0.01048104465007782
-1,-1,-1,-1,1,1,1,1,1,1,-1,-1,1,1,-1,1,1,1,1,-1,0.01076956931501627
-1,-1,-1,-1,1,1,1,1,1,1,-1,1,1,-1,-1,1,-1,-1,-1,1,0.010104566812515259
-1,-1,-1,-1,1,1,1,1,1,1,-1,1,1,-1,1,-1,1,1,1,1,0.010390464216470718
-1,-1,-1,-1,1,1,1,1,1,1,-1,1,1,1,-1,1,-1,1,1,1,0.009478045627474785
-1,-1,-1,-1,1,1,1,1,1,1,1,1,-1,-1,-1,1,-1,1,-1,1,0.01137416809797287
-1,-1,-1,-1,1,1,1,1,1,1,1,1,1,-1,-1,-1,1,1,-1,-1,0.012047478929162025
-1,-1,-1,-1,1,1,1,1,1,1,1,1,1,-1,-1,-1,1,1,1,1,0.011203812435269356
-1,-1,-1,-1,1,1,1,1,1,1,1,1,1,1,-1,1,-1,-1,-1,-1,0.010474320501089096
-1,-1,-1,1,-1,-1,-1,-1,-1,-1,-1,-1,-1,1,1,-1,-1,-1,1,-1,0.008167508989572525
-1,-1,-1,1,-1,-1,-1,-1,-1,-1,-1,-1,1,-1,1,-1,-1,1,1,-1,0.008925939910113811
-1,-1,-1,1,-1,-1,-1,-1,-1,-1,-1,1,-1,-1,1,-1,1,-1,1,-1,0.009136912412941456
-1,-1,-1,1,-1,-1,-1,-1,-1,-1,-1,1,-1,1,-1,1,-1,1,-1,-1,0.00914290826767683
-1,-1,-1,1,-1,-1,-1,-1,-1,-1,-1,1,1,1,-1,-1,-1,1,-1,1,0.008435199037194252
-1,-1,-1,1,-1,-1,-1,-1,-1,-1,1,-1,1,1,1,-1,1,-1,1,-1,0.009167104959487915
-1,-1,-1,1,-1,-1,-1,-1,-1,-1,1,1,-1,1,-1,-1,-1,-1,1,1,0.008352922275662422
-1,-1,-1,1,-1,-1,-1,-1,-1,1,-1,1,-1,1,-1,-1,-1,-1,1,-1,0.008476548828184605
-1,-1,-1,1,-1,-1,-1,-1,-1,1,-1,1,-1,1,-1,1,-1,-1,-1,-1,0.00906042754650116
-1,-1,-1,1,-1,-1,-1,-1,-1,1,-1,1,-1,1,1,1,-1,1,-1,1,0.008907899260520935
-1,-1,-1,1,-1,-1,-1,-1,-1,1,-1,1,1,-1,-1,-1,1,1,1,1,0.00953985471278429
-1,-1,-1,1,-1,-1,-1,-1,-1,1,-1,1,1,-1,1,1,1,1,1,1,0.009411506354808807
-1,-1,-1,1,-1,-1,-1,-1,-1,1,-1,1,1,1,1,1,1,1,1,1,0.008836472406983376
-1,-1,-1,1,-1,-1,-1,-1,-1,1,1,1,1,-1,1,-1,1,-1,1,-1,0.009823902510106564
-1,-1,-1,1,-1,-1,-1,-1,-1,1,1,1,1,1,-1,-1,-1,-1,-1,1,0.00893879123032093
-1,-1,-1,1,-1,-1,-1,-1,1,-1,-1,-1,1,-1,-1,-1,-1,-1,-1,-1,0.00905172061175108
-1,-1,-1,1,-1,-1,-1,-1,1,-1,-1,-1,1,-1,-1,1,1,1,1,1,0.009404034353792667
-1,-1,-1,1,-1,-1,-1,-1,1,-1,-1,-1,1,1,-1,-1,-1,-1,1,1,0.007633020635694265
-1,-1,-1,1,-1,-1,-1,-1,1,-1,-1,-1,1,1,-1,-1,1,-1,1,-1,0.008655325509607792
-1,-1,-1,1,-1,-1,-1,-1,1,-1,-1,-1,1,1,-1,-1,1,1,-1,1,0.009215024299919605
-1,-1,-1,1,-1,-1,-1,-1,1,-1,-1,1,-1,1,1,-1,1,1,1,-1,0.008842358365654945
-1,-1,-1,1,-1,-1,-1,-1,1,-1,-1,1,1,1,1,-1,-1,1,-1,-1,0.008413654752075672
-1,-1,-1,1,-1,-1,-1,-1,1,-1,1,-1,-1,1,1,1,-1,-1,1,1,0.008340810425579548
-1,-1,-1,1,-1,-1,-1,-1,1,-1,1,-1,1,-1,-1,-1,-1,1,1,-1,0.009586305357515812
-1,-1,-1,1,-1,-1,-1,-1,1,-1,1,-1,1,-1,-1,-1,1,-1,1,-1,0.009816431440412998
-1,-1,-1,1,-1,-1,-1,-1,1,-1,1,-1,1,-1,1,1,-1,1,1,-1,0.009457956999540329
-1,-1,-1,1,-1,-1,-1,-1,1,-1,1,-1,1,-1,1,1,1,1,1,1,0.009762831032276154
-1,-1,-1,1,-1,-1,-1,-1,1,-1,1,1,1,-1,-1,1,1,-1,-1,1,0.009772375226020813
-1,-1,-1,1,-1,-1,-1,-1,1,1,-1,-1,-1,-1,1,1,-1,-1,-1,1,0.009165705181658268
-1,-1,-1,1,-1,-1,-1,-1,1,1,-1,-1,-1,1,-1,-1,-1,-1,1,-1,0.008592784404754639
-1,-1,-1,1,-1,-1,-1,-1,1,1,-1,-1,1,1,-1,1,1,1,-1,1,0.009664935059845448
-1,-1,-1,1,-1,-1,-1,-1,1,1,-1,1,1,-1,1,1,1,1,-1,-1,0.010102189145982265
-1,-1,-1,1,-1,-1,-1,-1,1,1,-1,1,1,1,1,1,1,-1,1,-1,0.0086087416857481
-1,-1,-1,1,-1,-1,-1,-1,1,1,1,-1,1,-1,1,-1,-1,1,-1,1,0.009836248122155666
-1,-1,-1,1,-1,-1,-1,-1,1,1,1,-1,1,1,1,-1,1,1,-1,1,0.009924803860485554
-1,-1,-1,1,-1,-1,-1,-1,1,1,1,-1,1,1,1,1,-1,1,1,-1,0.009233906865119934
-1,-1,-1,1,-1,-1,-1,-1,1,1,1,1,-1,-1,1,1,1,1,-1,1,0.010579611174762249
-1,-1,-1,1,-1,-1,-1,-1,1,1,1,1,-1,1,1,1,1,-1,-1,-1,0.009929830208420753
-1,-1,-1,1,-1,-1,-1,1,-1,-1,-1,-1,-1,-1,1,1,1,1,1,-1,0.009689360857009888
-1,-1,-1,1,-1,-1,-1,1,-1,-1,-1,-1,-1,1,-1,1,1,1,-1,-1,0.009826554916799068
-1,-1,-1,1,-1,-1,-1,1,-1,-1,-1,-1,1,-1,-1,-1,-1,1,-1,1,0.009030289947986603
-1,-1,-1,1,-1,-1,-1,1,-1,-1,-1,-1,1,-1,-1,-1,-1,1,1,1,0.008545339107513428
-1,-1,-1,1,-1,-1,-1,1,-1,-1,-1,-1,1,-1,-1,1,-1,1,-1,-1,0.009487933479249477
-1,-1,-1,1,-1,-1,-1,1,-1,-1,-1,-1,1,-1,1,1,-1,1,-1,1,0.00890194159001112
-1,-1,-1,1,-1,-1,-1,1,-1,-1,-1,-1,1,1,1,-1,1,-1,1,-1,0.008331870660185814
-1,-1,-1,1,-1,-1,-1,1,-1,-1,-1,1,-1,-1,-1,-1,1,1,1,1,0.009189775213599205
-1,-1,-1,1,-1,-1,-1,1,-1,-1,-1,1,1,-1,1,-1,1,1,-1,1,0.009197384119033813
-1,-1,-1,1,-1,-1,-1,1,-1,-1,1,-1,-1,1,1,-1,-1,1,-1,-1,0.009422834031283855
-1,-1,-1,1,-1,-1,-1,1,-1,-1,1,-1,1,-1,-1,1,-1,1,1,-1,0.009589054621756077
-1,-1,-1,1,-1,-1,-1,1,-1,-1,1,-1,1,1,-1,-1,-1,1,-1,1,0.00904132891446352
-1,-1,-1,1,-1,-1,-1,1,-1,-1,1,1,-1,-1,-1,-1,-1,1,-1,1,0.00959720928221941
-1,-1,-1,1,-1,-1,-1,1,-1,-1,1,1,-1,1,1,1,1,1,1,-1,0.00943118054419756
-1,-1,-1,1,-1,-1,-1,1,-1,-1,1,1,1,-1,1,1,-1,-1,-1,-1,0.009144047275185585
-1,-1,-1,1,-1,-1,-1,1,-1,1,-1,-1,-1,-1,-1,1,1,1,-1,-1,0.010752571746706963
-1,-1,-1,1,-1,-1,-1,1,-1,1,-1,-1,-1,-1,1,1,-1,-1,1,1,0.008584576658904552
-1,-1,-1,1,-1,-1,-1,1,-1,1,-1,1,-1,-1,-1,-1,1,1,1,1,0.009540758095681667
-1,-1,-1,1,-1,-1,-1,1,-1,1,-1,1,1,-1,1,1,1,-1,-1,1,0.009213832207024097
-1,-1,-1,1,-1,-1,-1,1,-1,1,1,-1,-1,1,1,1,1,-1,1,1,0.009259204380214214
-1,-1,-1,1,-1,-1,-1,1,-1,1,1,1,-1,-1,-1,-1,1,-1,-1,-1,0.010537033900618553
-1,-1,-1,1,-1,-1,-1,1,-1,1,1,1,-1,1,1,-1,-1,-1,1,1,0.00822746753692627
-1,-1,-1,1,-1,-1,-1,1,-1,1,1,1,1,1,-1,-1,-1,-1,-1,1,0.008689629845321178
-1,-1,-1,1,-1,-1,-1,1,1,-1,-1,-1,-1,-1,1,1,-1,-1,1,-1,0.008439325727522373
-1,-1,-1,1,-1,-1,-1,1,1,-1,-1,-1,-1,1,-1,1,-1,1,1,1,0.008166315965354443
-1,-1,-1,1,-1,-1,-1,1,1,-1,-1,-1,1,-1,1,-1,1,-1,1,-1,0.008753920905292034
-1,-1,-1,1,-1,-1,-1,1,1,-1,-1,-1,1,1,1,1,1,-1,-1,1,0.008404050953686237
-1,-1,-1,1,-1,-1,-1,1,1,-1,-1,1,-1,-1,-1,1,1,-1,1,1,0.00870225578546524
-1,-1,-1,1,-1,-1,-1,1,1,-1,-1,1,-1,1,-1,1,-1,1,1,-1,0.008255812339484692
-1,-1,-1,1,-1,-1,-1,1,1,-1,-1,1,1,1,-1,1,-1,-1,-1,1,0.007698518689721823
-1,-1,-1,1,-1,-1,-1,1,1,-1,1,-1,-1,-1,-1,-1,-1,-1,-1,1,0.009279981255531311
-1,-1,-1,1,-1,-1,-1,1,1,-1,1,-1,1,-1,-1,1,-1,-1,-1,-1,0.009487559087574482
-1,-1,-1,1,-1,-1,-1,1,1,-1,1,1,-1,-1,1,1,-1,-1,-1,1,0.008882413618266582
-1,-1,-1,1,-1,-1,-1,1,1,1,-1,1,-1,-1,1,-1,1,-1,-1,1,0.00921198632568121
-1,-1,-1,1,-1,-1,-1,1,1,1,-1,1,-1,-1,1,1,1,-1,1,1,0.008825963363051414
-1,-1,-1,1,-1,-1,-1,1,1,1,-1,1,-1,1,-1,1,1,1,1,-1,0.009270384907722473
-1,-1,-1,1,-1,-1,-1,1,1,1,-1,1,-1,1,1,1,1,-1,-1,-1,0.009094595909118652
-1,-1,-1,1,-1,-1,-1,1,1,1,1,-1,-1,-1,1,-1,-1,1,1,1,0.009352200664579868
-1,-1,-1,1,-1,-1,-1,1,1,1,1,-1,-1,-1,1,1,-1,-1,-1,1,0.009502616710960865
-1,-1,-1,1,-1,-1,-1,1,1,1,1,-1,-1,-1,1,1,1,-1,-1,-1,0.010524921119213104
-1,-1,-1,1,-1,-1,-1,1,1,1,1,-1,1,-1,-1,1,-1,1,1,-1,0.009787054732441902
-1,-1,-1,1,-1,-1,-1,1,1,1,1,-1,1,1,1,1,1,-1,1,1,0.008856155909597874
-1,-1,-1,1,-1,-1,-1,1,1,1,1,1,-1,-1,1,-1,-1,-1,-1,-1,0.009493185207247734
-1,-1,-1,1,-1,-1,-1,1,1,1,1,1,-1,1,-1,1,-1,1,1,1,0.008834152482450008
-1,-1,-1,1,-1,-1,-1,1,1,1,1,1,1,-1,-1,1,-1,-1,-1,-1,0.009569323621690273
-1,-1,-1,1,-1,-1,-1,1,1,1,1,1,1,-1,1,1,-1,-1,1,1,0.00849838089197874
-1,-1,-1,1,-1,-1,-1,1,1,1,1,1,1,1,-1,-1,1,1,-1,-1,0.009992414154112339
-1,-1,-1,1,-1,-1,-1,1,1,1,1,1,1,1,-1,-1,1,1,-1,1,0.009633698500692844
-1,-1,-1,1,-1,-1,1,-1,-1,-1,-1,1,-1,1,-1,1,-1,-1,1,1,0.00826233346015215
-1,-1,-1,1,-1,-1,1,-1,-1,-1,1,1,-1,-1,1,-1,1,-1,1,1,0.009760824963450432
-1,-1,-1,1,-1,-1,1,-1,-1,-1,1,1,-1,1,-1,1,1,-1,-1,1,0.009996945969760418
-1,-1,-1,1,-1,-1,1,-1,-1,-1,1,1,1,-1,-1,1,-1,1,1,1,0.009606837294995785
-1,-1,-1,1,-1,-1,1,-1,-1,-1,1,1,1,1,1,-1,1,-1,1,-1,0.009294440969824791
-1,-1,-1,1,-1,-1,1,-1,-1,1,-1,-1,-1,-1,1,1,-1,-1,-1,-1,0.010073959827423096
-1,-1,-1,1,-1,-1,1,-1,-1,1,-1,-1,1,1,-1,1,1,-1,1,-1,0.009654775261878967
-1,-1,-1,1,-1,-1,1,-1,-1,1,-1,-1,1,1,1,-1,-1,-1,-1,-1,0.00914993230253458
-1,-1,-1,1,-1,-1,1,-1,-1,1,1,-1,-1,1,-1,-1,-1,1,-1,-1,0.010646809823811054
-1,-1,-1,1,-1,-1,1,-1,-1,1,1,-1,1,1,1,1,-1,1,1,-1,0.009783444926142693
-1,-1,-1,1,-1,-1,1,-1,-1,1,1,-1,1,1,1,1,1,1,1,-1,0.010447034612298012
-1,-1,-1,1,-1,-1,1,-1,1,-1,-1,-1,-1,-1,-1,-1,1,1,1,1,0.009951727464795113
-1,-1,-1,1,-1,-1,1,-1,1,-1,-1,-1,-1,1,1,-1,1,-1,1,-1,0.009074670262634754
-1,-1,-1,1,-1,-1,1,-1,1,-1,-1,1,-1,1,-1,-1,1,-1,1,1,0.008674011565744877
-1,-1,-1,1,-1,-1,1,-1,1,-1,-1,1,-1,1,1,1,-1,1,-1,-1,0.009159203618764877
-1,-1,-1,1,-1,-1,1,-1,1,-1,-1,1,1,1,-1,1,1,-1,1,1,0.008522873744368553
-1,-1,-1,1,-1,-1,1,-1,1,-1,-1,1,1,1,1,-1,1,-1,-1,-1,0.00904033612459898
-1,-1,-1,1,-1,-1,1,-1,1,-1,1,-1,1,-1,-1,-1,-1,1,-1,-1,0.010467811487615108
-1,-1,-1,1,-1,-1,1,-1,1,-1,1,1,-1,-1,1,1,-1,1,-1,1,0.009961593896150589
-1,-1,-1,1,-1,-1,1,-1,1,-1,1,1,-1,1,1,-1,-1,-1,1,-1,0.008727934211492538
-1,-1,-1,1,-1,-1,1,-1,1,-1,1,1,1,-1,1,1,-1,-1,-1,1,0.009278065524995327
-1,-1,-1,1,-1,-1,1,-1,1,-1,1,1,1,1,-1,1,1,-1,1,1,0.009108945727348328
-1,-1,-1,1,-1,-1,1,-1,1,1,-1,-1,-1,-1,-1,-1,1,-1,1,-1,0.010227963328361511
-1,-1,-1,1,-1,-1,1,-1,1,1,-1,1,-1,1,1,-1,1,1,1,1,0.00923118181526661
-1,-1,-1,1,-1,-1,1,-1,1,1,-1,1,1,1,1,-1,1,-1,-1,-1,0.009391319006681442
-1,-1,-1,1,-1,-1,1,-1,1,1,1,-1,-1,1,-1,1,-1,-1,-1,-1,0.010159291326999664
-1,-1,-1,1,-1,-1,1,-1,1,1,1,-1,-1,1,-1,1,1,-1,1,-1,0.010337929241359234
-1,-1,-1,1,-1,-1,1,-1,1,1,1,-1,1,-1,-1,1,1,1,-1,-1,0.01158131193369627
-1,-1,-1,1,-1,-1,1,-1,1,1,1,-1,1,1,-1,-1,1,1,-1,-1,0.010907350108027458
-1,-1,-1,1,-1,-1,1,-1,1,1,1,1,-1,-1,1,-1,1,1,-1,1,0.01087723858654499
-1,-1,-1,1,-1,-1,1,-1,1,1,1,1,-1,1,1,-1,1,-1,1,-1,0.009742505848407745
-1,-1,-1,1,-1,-1,1,1,-1,-1,-1,-1,-1,1,-1,1,-1,1,1,-1,0.009074569679796696
-1,-1,-1,1,-1,-1,1,1,-1,-1,-1,-1,1,-1,1,-1,1,1,-1,1,0.00986315868794918
-1,-1,-1,1,-1,-1,1,1,-1,-1,-1,-1,1,1,1,1,-1,1,1,-1,0.008597227744758129
-1,-1,-1,1,-1,-1,1,1,-1,-1,-1,-1,1,1,1,1,1,-1,1,-1,0.008827353827655315
-1,-1,-1,1,-1,-1,1,1,-1,-1,1,-1,1,-1,-1,-1,1,1,1,1,0.010191556066274643
-1,-1,-1,1,-1,-1,1,1,-1,-1,1,-1,1,-1,1,-1,-1,-1,1,1,0.008867227472364902
-1,-1,-1,1,-1,-1,1,1,-1,-1,1,1,-1,1,1,-1,-1,1,-1,-1,0.009550170041620731
-1,-1,-1,1,-1,-1,1,1,-1,-1,1,1,1,-1,-1,1,-1,1,-1,1,0.009842626750469208
-1,-1,-1,1,-1,-1,1,1,-1,1,-1,1,1,-1,-1,-1,-1,1,-1,1,0.009508608840405941
-1,-1,-1,1,-1,-1,1,1,-1,1,-1,1,1,-1,-1,1,-1,-1,1,-1,0.009047838859260082
-1,-1,-1,1,-1,-1,1,1,-1,1,-1,1,1,-1,1,-1,1,-1,1,-1,0.009385223500430584
-1,-1,-1,1,-1,-1,1,1,-1,1,1,-1,-1,-1,-1,1,-1,1,1,1,0.01022794283926487
-1,-1,-1,1,-1,-1,1,1,-1,1,1,1,-1,-1,-1,1,1,-1,1,1,0.010188850574195385
-1,-1,-1,1,-1,-1,1,1,-1,1,1,1,1,1,-1,1,-1,1,1,1,0.009133624844253063
-1,-1,-1,1,-1,-1,1,1,1,-1,-1,-1,-1,1,-1,1,1,1,-1,1,0.009711410850286484
-1,-1,-1,1,-1,-1,1,1,1,-1,-1,-1,1,1,1,-1,1,1,-1,1,0.009135141037404537
-1,-1,-1,1,-1,-1,1,1,1,-1,-1,1,-1,1,-1,-1,-1,1,-1,-1,0.009038390591740608
-1,-1,-1,1,-1,-1,1,1,1,-1,-1,1,-1,1,1,-1,1,-1,-1,-1,0.009041240438818932
-1,-1,-1,1,-1,-1,1,1,1,-1,-1,1,1,-1,-1,1,1,-1,1,-1,0.009207461029291153
-1,-1,-1,1,-1,-1,1,1,1,-1,-1,1,1,-1,1,1,-1,1,1,1,0.008391343988478184
-1,-1,-1,1,-1,-1,1,1,1,-1,-1,1,1,1,1,1,1,-1,-1,-1,0.008890102617442608
-1,-1,-1,1,-1,-1,1,1,1,-1,1,-1,1,1,-1,-1,1,-1,-1,-1,0.009873742237687111
-1,-1,-1,1,-1,-1,1,1,1,-1,1,-1,1,1,1,-1,1,1,-1,1,0.009721213951706886
-1,-1,-1,1,-1,-1,1,1,1,-1,1,1,-1,-1,1,1,1,-1,-1,-1,0.010301274247467518
-1,-1,-1,1,-1,-1,1,1,1,-1,1,1,-1,1,1,-1,1,-1,-1,-1,0.009627312421798706
-1,-1,-1,1,-1,-1,1,1,1,-1,1,1,1,1,-1,1,-1,1,1,-1,0.008988373912870884
-1,-1,-1,1,-1,-1,1,1,1,-1,1,1,1,1,1,1,1,-1,1,-1,0.008991223759949207
-1,-1,-1,1,-1,-1,1,1,1,1,-1,-1,-1,1,1,-1,1,-1,-1,1,0.009302726946771145
-1,-1,-1,1,-1,-1,1,1,1,1,-1,1,-1,-1,-1,1,-1,1,1,1,0.009219668805599213
-1,-1,-1,1,-1,-1,1,1,1,1,-1,1,-1,1,-1,-1,1,1,1,-1,0.00956801138818264
-1,-1,-1,1,-1,-1,1,1,1,1,-1,1,-1,1,-1,1,1,1,-1,-1,0.01015189103782177
-1,-1,-1,1,-1,-1,1,1,1,1,-1,1,1,-1,-1,1,1,1,-1,1,0.010118142701685429
-1,-1,-1,1,-1,-1,1,1,1,1,-1,1,1,1,-1,-1,1,-1,-1,-1,0.009369433857500553
-1,-1,-1,1,-1,-1,1,1,1,1,-1,1,1,1,1,-1,1,1,1,1,0.008731954731047153
-1,-1,-1,1,-1,-1,1,1,1,1,1,-1,1,-1,-1,1,1,-1,1,1,0.010055020451545715
-1,-1,-1,1,-1,-1,1,1,1,1,1,1,1,1,-1,-1,1,1,-1,1,0.010030253790318966
-1,-1,-1,1,-1,1,-1,-1,-1,-1,-1,-1,1,1,-1,1,-1,-1,-1,1,0.008637876249849796
-1,-1,-1,1,-1,1,-1,-1,-1,-1,-1,1,-1,-1,1,-1,1,-1,-1,1,0.009531142190098763
-1,-1,-1,1,-1,1,-1,-1,-1,-1,1,-1,1,1,1,-1,1,1,1,1,0.009509846568107605
-1,-1,-1,1,-1,1,-1,-1,-1,-1,1,1,-1,-1,-1,-1,1,1,-1,-1,0.011136668734252453
-1,-1,-1,1,-1,1,-1,-1,-1,-1,1,1,1,-1,-1,1,-1,-1,1,1,0.009044812992215157
-1,-1,-1,1,-1,1,-1,-1,-1,1,-1,-1,1,1,-1,1,-1,1,1,1,0.008937371894717216
-1,-1,-1,1,-1,1,-1,-1,-1,1,1,-1,-1,-1,-1,-1,1,-1,-1,1,0.010964692570269108
-1,-1,-1,1,-1,1,-1,-1,-1,1,1,-1,-1,1,-1,1,-1,1,1,-1,0.01013222523033619
-1,-1,-1,1,-1,1,-1,-1,-1,1,1,-1,1,-1,-1,-1,1,1,-1,-1,0.011506806127727032
-1,-1,-1,1,-1,1,-1,-1,-1,1,1,-1,1,-1,-1,1,1,-1,1,-1,0.010687319561839104
-1,-1,-1,1,-1,1,-1,-1,-1,1,1,-1,1,1,-1,-1,-1,-1,-1,1,0.009476004168391228
-1,-1,-1,1,-1,1,-1,-1,-1,1,1,-1,1,1,1,1,-1,1,-1,1,0.009781119413673878
-1,-1,-1,1,-1,1,-1,-1,1,-1,-1,-1,-1,-1,1,1,-1,1,1,1,0.009031228721141815
-1,-1,-1,1,-1,1,-1,-1,1,-1,-1,-1,1,-1,1,-1,-1,1,1,1,0.008682235144078732
-1,-1,-1,1,-1,1,-1,-1,1,-1,-1,-1,1,1,-1,-1,1,1,1,1,0.008998067118227482
-1,-1,-1,1,-1,1,-1,-1,1,-1,-1,-1,1,1,-1,1,1,1,-1,-1,0.009940661489963531
-1,-1,-1,1,-1,1,-1,-1,1,-1,-1,1,1,1,-1,1,-1,1,-1,1,0.008649137802422047
-1,-1,-1,1,-1,1,-1,-1,1,-1,1,-1,-1,1,-1,-1,-1,-1,1,-1,0.009095868095755577
-1,-1,-1,1,-1,1,-1,-1,1,-1,1,-1,1,1,1,-1,1,-1,1,1,0.008923400193452835
-1,-1,-1,1,-1,1,-1,-1,1,-1,1,1,-1,1,-1,1,1,-1,-1,-1,0.010074116289615631
-1,-1,-1,1,-1,1,-1,-1,1,-1,1,1,1,1,-1,-1,1,1,-1,-1,0.01015858631581068
-1,-1,-1,1,-1,1,-1,-1,1,1,-1,-1,-1,-1,1,1,1,-1,1,-1,0.009971053339540958
-1,-1,-1,1,-1,1,-1,-1,1,1,-1,-1,1,-1,1,-1,-1,-1,-1,-1,0.00944342091679573
-1,-1,-1,1,-1,1,-1,-1,1,1,-1,-1,1,1,-1,-1,1,1,-1,-1,0.010192716494202614
-1,-1,-1,1,-1,1,-1,-1,1,1,-1,-1,1,1,1,1,-1,-1,-1,-1,0.008967315778136253
-1,-1,-1,1,-1,1,-1,-1,1,1,-1,1,-1,-1,-1,-1,1,-1,1,-1,0.009830182418227196
-1,-1,-1,1,-1,1,-1,-1,1,1,-1,1,-1,-1,-1,1,-1,1,-1,1,0.00982521940022707
-1,-1,-1,1,-1,1,-1,-1,1,1,-1,1,-1,-1,1,1,-1,-1,-1,-1,0.009523196145892143
-1,-1,-1,1,-1,1,-1,-1,1,1,1,-1,-1,1,-1,-1,-1,-1,1,-1,0.00944685097783804
-1,-1,-1,1,-1,1,-1,-1,1,1,1,-1,-1,1,1,1,-1,1,1,-1,0.00975196622312069
-1,-1,-1,1,-1,1,-1,-1,1,1,1,1,-1,1,-1,-1,-1,1,1,-1,0.009611095301806927
-1,-1,-1,1,-1,1,-1,-1,1,1,1,1,1,-1,-1,-1,1,-1,1,-1,0.010166188701987267
-1,-1,-1,1,-1,1,-1,-1,1,1,1,1,1,-1,1,1,1,1,-1,-1,0.010956255719065666
-1,-1,-1,1,-1,1,-1,-1,1,1,1,1,1,1,1,1,-1,1,1,-1,0.00923268124461174
-1,-1,-1,1,-1,1,-1,1,-1,-1,-1,-1,1,-1,1,-1,1,1,-1,1,0.00973459705710411
-1,-1,-1,1,-1,1,-1,1,-1,-1,-1,1,-1,-1,-1,-1,1,1,-1,-1,0.010301435366272926
-1,-1,-1,1,-1,1,-1,1,-1,-1,-1,1,-1,-1,1,1,1,1,-1,-1,0.010173087008297443
-1,-1,-1,1,-1,1,-1,1,-1,-1,-1,1,-1,1,-1,-1,1,1,1,1,0.008882734924554825
-1,-1,-1,1,-1,1,-1,1,-1,-1,-1,1,-1,1,1,1,-1,1,-1,-1,0.008934464305639267
-1,-1,-1,1,-1,1,-1,1,-1,-1,1,-1,-1,-1,-1,1,1,-1,-1,1,0.010463476181030273
-1,-1,-1,1,-1,1,-1,1,-1,-1,1,-1,-1,-1,1,-1,-1,1,-1,1,0.00990714505314827
-1,-1,-1,1,-1,1,-1,1,-1,-1,1,-1,-1,-1,1,-1,1,1,1,1,0.010085783898830414
-1,-1,-1,1,-1,1,-1,1,-1,-1,1,-1,-1,-1,1,1,-1,-1,-1,-1,0.009931325912475586
-1,-1,-1,1,-1,1,-1,1,-1,-1,1,-1,-1,-1,1,1,1,1,1,1,0.010184711776673794
-1,-1,-1,1,-1,1,-1,1,-1,-1,1,-1,-1,1,-1,-1,-1,1,-1,-1,0.00991810392588377
-1,-1,-1,1,-1,1,-1,1,-1,-1,1,1,1,-1,1,1,1,-1,-1,1,0.009716914966702461
-1,-1,-1,1,-1,1,-1,1,-1,-1,1,1,1,1,1,1,1,1,-1,-1,0.009934060275554657
-1,-1,-1,1,-1,1,-1,1,-1,1,-1,-1,1,-1,-1,-1,-1,1,-1,1,0.009649267420172691
-1,-1,-1,1,-1,1,-1,1,-1,1,-1,1,-1,-1,-1,-1,-1,1,1,-1,0.009503877721726894
-1,-1,-1,1,-1,1,-1,1,-1,1,-1,1,-1,1,1,1,1,-1,1,1,0.008671906776726246
-1,-1,-1,1,-1,1,-1,1,-1,1,1,-1,1,1,-1,-1,1,1,-1,1,0.010323895141482353
-1,-1,-1,1,-1,1,-1,1,-1,1,1,1,1,-1,-1,1,1,-1,1,-1,0.010168938897550106
-1,-1,-1,1,-1,1,-1,1,-1,1,1,1,1,-1,1,-1,1,1,-1,1,0.010402433574199677
-1,-1,-1,1,-1,1,-1,1,-1,1,1,1,1,1,-1,1,-1,-1,-1,1,0.00905655138194561
-1,-1,-1,1,-1,1,-1,1,-1,1,1,1,1,1,-1,1,-1,-1,1,1,0.008571600541472435
-1,-1,-1,1,-1,1,-1,1,-1,1,1,1,1,1,1,-1,1,1,1,1,0.00934244878590107
-1,-1,-1,1,-1,1,-1,1,1,-1,-1,-1,-1,-1,1,-1,-1,-1,1,1,0.00824967585504055
-1,-1,-1,1,-1,1,-1,1,1,-1,-1,-1,1,-1,-1,-1,1,1,1,1,0.009323938749730587
-1,-1,-1,1,-1,1,-1,1,1,-1,-1,-1,1,-1,-1,1,-1,1,-1,1,0.009244228713214397
-1,-1,-1,1,-1,1,-1,1,1,-1,-1,-1,1,-1,1,-1,1,-1,-1,1,0.00914815068244934
-1,-1,-1,1,-1,1,-1,1,1,-1,-1,1,1,1,1,1,1,1,-1,-1,0.009195004589855671
-1,-1,-1,1,-1,1,-1,1,1,-1,1,-1,-1,-1,-1,-1,-1,-1,1,-1,0.009421739727258682
-1,-1,-1,1,-1,1,-1,1,1,-1,1,-1,-1,-1,1,-1,1,-1,-1,1,0.009984288364648819
-1,-1,-1,1,-1,1,-1,1,1,-1,1,-1,-1,1,1,1,-1,1,-1,-1,0.009636771865189075
-1,-1,-1,1,-1,1,-1,1,1,-1,1,-1,1,1,1,1,-1,1,-1,-1,0.009386706165969372
-1,-1,-1,1,-1,1,-1,1,1,-1,1,1,-1,1,1,-1,1,-1,-1,1,0.009140035137534142
-1,-1,-1,1,-1,1,-1,1,1,-1,1,1,-1,1,1,1,-1,-1,1,-1,0.008449139073491096
-1,-1,-1,1,-1,1,-1,1,1,-1,1,1,1,1,1,-1,1,-1,-1,1,0.008889969438314438
-1,-1,-1,1,-1,1,-1,1,1,1,-1,-1,-1,-1,1,-1,-1,-1,-1,1,0.009085609577596188
-1,-1,-1,1,-1,1,-1,1,1,1,-1,-1,1,1,-1,-1,-1,-1,-1,1,0.00848778709769249
-1,-1,-1,1,-1,1,-1,1,1,1,-1,1,1,-1,1,-1,1,1,1,-1,0.00953714270144701
-1,-1,-1,1,-1,1,-1,1,1,1,-1,1,1,-1,1,1,-1,1,-1,1,0.009098716080188751
-1,-1,-1,1,-1,1,-1,1,1,1,1,-1,1,-1,-1,1,-1,-1,-1,-1,0.01010653655976057
-1,-1,-1,1,-1,1,-1,1,1,1,1,-1,1,-1,1,-1,1,-1,1,-1,0.009958970360457897
-1,-1,-1,1,-1,1,-1,1,1,1,1,1,-1,-1,1,1,-1,1,-1,-1,0.010293569415807724
-1,-1,-1,1,-1,1,1,-1,-1,-1,-1,-1,-1,-1,-1,-1,-1,-1,1,1,0.009275651536881924
-1,-1,-1,1,-1,1,1,-1,-1,-1,-1,-1,-1,1,-1,-1,-1,-1,-1,-1,0.009544285014271736
-1,-1,-1,1,-1,1,1,-1,-1,-1,-1,1,-1,1,-1,-1,1,1,1,1,0.009528451599180698
-1,-1,-1,1,-1,1,1,-1,-1,-1,-1,1,-1,1,-1,1,1,-1,1,1,0.00919391680508852
-1,-1,-1,1,-1,1,1,-1,-1,-1,-1,1,1,1,-1,1,-1,1,1,-1,0.009072440676391125
-1,-1,-1,1,-1,1,1,-1,-1,-1,1,-1,-1,1,-1,1,1,1,1,1,0.010482670739293098
-1,-1,-1,1,-1,1,1,-1,-1,1,-1,-1,-1,1,-1,-1,-1,1,1,-1,0.009843779727816582
-1,-1,-1,1,-1,1,1,-1,-1,1,-1,-1,-1,1,1,1,-1,1,1,-1,0.009715432301163673
-1,-1,-1,1,-1,1,1,-1,-1,1,-1,-1,1,1,-1,-1,1,1,1,-1,0.010257303714752197
-1,-1,-1,1,-1,1,1,-1,-1,1,-1,1,-1,-1,-1,-1,1,1,1,1,0.010454468429088593
-1,-1,-1,1,-1,1,1,-1,-1,1,-1,1,1,1,-1,-1,-1,1,1,1,0.008965780027210712
-1,-1,-1,1,-1,1,1,-1,-1,1,1,-1,-1,-1,1,1,-1,-1,-1,-1,0.010928025469183922
-1,-1,-1,1,-1,1,1,-1,-1,1,1,-1,-1,1,-1,1,-1,1,1,1,0.010170064866542816
-1,-1,-1,1,-1,1,1,-1,-1,1,1,-1,1,1,1,-1,-1,-1,-1,1,0.009645283222198486
-1,-1,-1,1,-1,1,1,-1,-1,1,1,1,-1,-1,1,1,-1,-1,1,-1,0.010173855349421501
-1,-1,-1,1,-1,1,1,-1,-1,1,1,1,1,-1,1,1,1,1,1,1,0.010662127286195755
-1,-1,-1,1,-1,1,1,-1,-1,1,1,1,1,1,-1,1,-1,1,1,-1,0.010009496472775936
-1,-1,-1,1,-1,1,1,-1,1,-1,-1,-1,-1,-1,1,1,-1,1,1,1,0.009427784010767937
-1,-1,-1,1,-1,1,1,-1,1,-1,-1,1,-1,-1,1,-1,1,1,-1,-1,0.010566892102360725
-1,-1,-1,1,-1,1,1,-1,1,-1,-1,1,-1,1,-1,-1,1,-1,-1,-1,0.009785671718418598
-1,-1,-1,1,-1,1,1,-1,1,-1,-1,1,-1,1,1,-1,-1,1,-1,-1,0.009328269399702549
-1,-1,-1,1,-1,1,1,-1,1,-1,-1,1,1,1,-1,-1,-1,-1,1,-1,0.0083870654925704
-1,-1,-1,1,-1,1,1,-1,1,-1,1,-1,-1,-1,1,1,-1,-1,-1,1,0.010065343230962753
-1,-1,-1,1,-1,1,1,-1,1,-1,1,-1,-1,1,-1,1,-1,1,1,1,0.009666098281741142
-1,-1,-1,1,-1,1,1,-1,1,-1,1,-1,-1,1,1,-1,-1,-1,1,-1,0.009265146218240261
-1,-1,-1,1,-1,1,1,-1,1,-1,1,-1,1,-1,1,1,1,-1,1,-1,0.010352632030844688
-1,-1,-1,1,-1,1,1,-1,1,-1,1,-1,1,1,1,-1,1,-1,1,-1,0.009678670205175877
-1,-1,-1,1,-1,1,1,-1,1,1,-1,-1,-1,-1,-1,-1,-1,-1,-1,1,0.009958602488040924
-1,-1,-1,1,-1,1,1,-1,1,1,-1,-1,-1,-1,-1,1,-1,-1,1,-1,0.009931295178830624
-1,-1,-1,1,-1,1,1,-1,1,1,-1,1,-1,-1,-1,1,-1,-1,-1,1,0.009788312017917633
-1,-1,-1,1,-1,1,1,-1,1,1,-1,1,-1,-1,-1,1,-1,-1,1,1,0.009303360246121883
-1,-1,-1,1,-1,1,1,-1,1,1,-1,1,1,-1,-1,-1,1,-1,-1,1,0.010102907195687294
-1,-1,-1,1,-1,1,1,-1,1,1,-1,1,1,1,-1,1,1,-1,-1,-1,0.009985516779124737
-1,-1,-1,1,-1,1,1,-1,1,1,1,-1,-1,-1,1,-1,-1,1,-1,-1,0.011109577491879463
-1,-1,-1,1,-1,1,1,-1,1,1,1,-1,1,1,-1,1,1,1,-1,-1,0.01127427164465189
-1,-1,-1,1,-1,1,1,-1,1,1,1,-1,1,1,1,1,1,-1,1,1,0.009769866243004799
-1,-1,-1,1,-1,1,1,-1,1,1,1,1,-1,-1,-1,1,1,-1,-1,-1,0.011396688409149647
-1,-1,-1,1,-1,1,1,-1,1,1,1,1,1,-1,1,-1,-1,-1,1,1,0.009313163347542286
-1,-1,-1,1,-1,1,1,1,-1,-1,-1,-1,1,-1,-1,1,-1,1,-1,1,0.009793766774237156
-1,-1,-1,1,-1,1,1,1,-1,-1,-1,1,-1,-1,1,-1,-1,1,1,-1,0.00932217389345169
-1,-1,-1,1,-1,1,1,1,-1,-1,1,1,1,-1,-1,1,-1,1,-1,1,0.01011062040925026
-1,-1,-1,1,-1,1,1,1,-1,-1,1,1,1,-1,1,1,-1,1,1,-1,0.009757108986377716
-1,-1,-1,1,-1,1,1,1,-1,-1,1,1,1,1,-1,1,-1,-1,1,-1,0.008975887671113014
-1,-1,-1,1,-1,1,1,1,-1,-1,1,1,1,1,1,1,-1,-1,-1,-1,0.009233562275767326
-1,-1,-1,1,-1,1,1,1,-1,1,-1,-1,-1,-1,1,-1,-1,-1,-1,1,0.00963514856994152
-1,-1,-1,1,-1,1,1,1,-1,1,-1,-1,1,-1,-1,-1,1,1,-1,-1,0.011068127118051052
-1,-1,-1,1,-1,1,1,1,-1,1,-1,-1,1,-1,-1,-1,1,1,1,-1,0.010583176277577877
-1,-1,-1,1,-1,1,1,1,-1,1,-1,-1,1,-1,-1,1,1,-1,-1,1,0.010374875739216805
-1,-1,-1,1,-1,1,1,1,-1,1,-1,-1,1,-1,1,1,1,1,-1,-1,0.01093977876007557
-1,-1,-1,1,-1,1,1,1,-1,1,-1,-1,1,1,1,1,1,-1,-1,-1,0.009931282140314579
-1,-1,-1,1,-1,1,1,1,-1,1,-1,1,-1,1,1,-1,-1,-1,-1,1,0.008790895342826843
-1,-1,-1,1,-1,1,1,1,-1,1,-1,1,1,-1,1,-1,-1,1,1,-1,0.00942309107631445
-1,-1,-1,1,-1,1,1,1,-1,1,-1,1,1,1,-1,-1,1,1,1,-1,0.0097389230504632
-1,-1,-1,1,-1,1,1,1,-1,1,1,1,-1,-1,1,1,1,-1,1,-1,0.010588282719254494
-1,-1,-1,1,-1,1,1,1,1,-1,-1,-1,-1,1,1,-1,1,-1,-1,1,0.009219737723469734
-1,-1,-1,1,-1,1,1,1,1,-1,-1,-1,-1,1,1,1,1,1,-1,-1,0.010110843926668167
-1,-1,-1,1,-1,1,1,1,1,-1,-1,-1,1,1,1,1,-1,-1,-1,-1,0.008763725869357586
-1,-1,-1,1,-1,1,1,1,1,-1,-1,1,-1,1,-1,1,-1,-1,1,1,0.008128182031214237
-1,-1,-1,1,-1,1,1,1,1,-1,1,-1,-1,1,-1,-1,1,1,-1,1,0.010466549545526505
-1,-1,-1,1,-1,1,1,1,1,-1,1,-1,-1,1,1,1,1,1,1,-1,0.010211965069174767
-1,-1,-1,1,-1,1,1,1,1,-1,1,1,-1,-1,1,-1,-1,1,-1,-1,0.010240213945508003
-1,-1,-1,1,-1,1,1,1,1,-1,1,1,-1,1,-1,1,-1,1,-1,-1,0.009991384111344814
-1,-1,-1,1,-1,1,1,1,1,1,-1,-1,1,-1,1,1,1,-1,-1,1,0.009994616732001305
-1,-1,-1,1,-1,1,1,1,1,1,-1,-1,1,1,-1,-1,-1,-1,-1,-1,0.009243057109415531
-1,-1,-1,1,-1,1,1,1,1,1,-1,-1,1,1,-1,-1,1,-1,-1,-1,0.00990664679557085
-1,-1,-1,1,-1,1,1,1,1,1,-1,1,-1,-1,1,1,1,1,-1,-1,0.010767641477286816
-1,-1,-1,1,-1,1,1,1,1,1,-1,1,1,-1,-1,-1,-1,-1,1,1,0.008705205284059048
-1,-1,-1,1,-1,1,1,1,1,1,1,1,-1,-1,1,1,-1,-1,1,-1,0.009771710261702538
-1,-1,-1,1,-1,1,1,1,1,1,1,1,-1,-1,1,1,1,1,1,1,0.010510047897696495
-1,-1,-1,1,-1,1,1,1,1,1,1,1,1,1,1,-1,1,-1,1,1,0.009152557700872421
-1,-1,-1,1,-1,1,1,1,1,1,1,1,1,1,1,1,-1,1,-1,-1,0.009865025989711285
-1,-1,-1,1,1,-1,-1,-1,-1,-1,-1,-1,-1,1,1,1,1,-1,1,-1,0.009612786583602428
-1,-1,-1,1,1,-1,-1,-1,-1,-1,-1,-1,1,-1,-1,1,1,-1,-1,1,0.0102912662550807
-1,-1,-1,1,1,-1,-1,-1,-1,-1,-1,1,-1,1,1,-1,-1,-1,1,1,0.008222334086894989
-1,-1,-1,1,1,-1,-1,-1,-1,-1,-1,1,1,1,1,1,1,1,1,1,0.009168249554932117
-1,-1,-1,1,1,-1,-1,-1,-1,-1,1,-1,-1,-1,-1,1,1,-1,1,1,0.010642453096807003
-1,-1,-1,1,1,-1,-1,-1,-1,-1,1,-1,-1,1,-1,1,-1,-1,1,1,0.009403830394148827
-1,-1,-1,1,1,-1,-1,-1,-1,-1,1,-1,1,-1,-1,-1,-1,-1,-1,1,0.01011482160538435
-1,-1,-1,1,1,-1,-1,-1,-1,-1,1,-1,1,-1,-1,-1,-1,1,-1,-1,0.010906999930739403
-1,-1,-1,1,1,-1,-1,-1,-1,-1,1,1,-1,1,1,-1,1,1,1,-1,0.01026417501270771
-1,-1,-1,1,1,-1,-1,-1,-1,-1,1,1,1,-1,-1,-1,1,-1,1,1,0.010024240240454674
-1,-1,-1,1,1,-1,-1,-1,-1,-1,1,1,1,1,-1,-1,-1,1,-1,1,0.009704031981527805
-1,-1,-1,1,1,-1,-1,-1,-1,1,-1,-1,1,1,-1,1,1,-1,1,-1,0.00994098000228405
-1,-1,-1,1,1,-1,-1,-1,-1,1,-1,-1,1,1,-1,1,1,1,1,-1,0.010374443605542183
-1,-1,-1,1,1,-1,-1,-1,-1,1,-1,1,-1,-1,-1,-1,-1,-1,-1,1,0.009860577993094921
-1,-1,-1,1,1,-1,-1,-1,-1,1,-1,1,-1,1,-1,-1,-1,1,1,-1,0.009592772461473942
-1,-1,-1,1,1,-1,-1,-1,-1,1,-1,1,1,-1,-1,1,-1,-1,1,1,0.009224490262567997
-1,-1,-1,1,1,-1,-1,-1,-1,1,1,-1,-1,1,-1,-1,1,1,-1,1,0.011237888596951962
-1,-1,-1,1,1,-1,-1,-1,-1,1,1,-1,1,1,-1,-1,1,-1,-1,1,0.0105543602257967
-1,-1,-1,1,1,-1,-1,-1,-1,1,1,-1,1,1,1,-1,-1,-1,1,-1,0.009537259116768837
-1,-1,-1,1,1,-1,-1,-1,1,-1,-1,-1,-1,-1,1,1,-1,-1,1,-1,0.00937124714255333
-1,-1,-1,1,1,-1,-1,-1,1,-1,-1,-1,1,-1,1,-1,-1,-1,1,-1,0.009022253565490246
-1,-1,-1,1,1,-1,-1,-1,1,-1,-1,-1,1,-1,1,1,1,-1,1,1,0.00942605547606945
-1,-1,-1,1,1,-1,-1,-1,1,-1,-1,1,-1,-1,-1,-1,-1,-1,1,1,0.008871660567820072
-1,-1,-1,1,1,-1,-1,-1,1,-1,-1,1,-1,1,-1,-1,-1,-1,1,-1,0.00865534320473671
-1,-1,-1,1,1,-1,-1,-1,1,-1,-1,1,-1,1,1,-1,1,-1,1,1,0.008732940070331097
-1,-1,-1,1,1,-1,-1,-1,1,-1,-1,1,1,-1,1,1,-1,-1,1,1,0.00849324744194746
-1,-1,-1,1,1,-1,-1,-1,1,-1,-1,1,1,1,1,-1,-1,1,-1,-1,0.009096414782106876
-1,-1,-1,1,1,-1,-1,-1,1,-1,1,-1,-1,-1,-1,1,-1,-1,-1,-1,0.010669546201825142
-1,-1,-1,1,1,-1,-1,-1,1,-1,1,-1,-1,-1,1,1,1,1,1,1,0.010695656761527061
-1,-1,-1,1,1,-1,-1,-1,1,-1,1,-1,-1,1,1,1,-1,1,1,-1,0.009815748780965805
-1,-1,-1,1,1,-1,-1,-1,1,-1,1,-1,1,-1,1,1,-1,1,-1,1,0.010266953147947788
-1,-1,-1,1,1,-1,-1,-1,1,-1,1,1,1,-1,-1,-1,-1,1,1,1,0.00964113138616085
-1,-1,-1,1,1,-1,-1,-1,1,-1,1,1,1,-1,1,1,-1,1,1,-1,0.009871498681604862
-1,-1,-1,1,1,-1,-1,-1,1,-1,1,1,1,1,-1,1,1,1,1,-1,0.010187330655753613
-1,-1,-1,1,1,-1,-1,-1,1,-1,1,1,1,1,1,-1,-1,-1,-1,-1,0.009249024093151093
-1,-1,-1,1,1,-1,-1,-1,1,-1,1,1,1,1,1,-1,1,1,-1,1,0.00998736172914505
-1,-1,-1,1,1,-1,-1,-1,1,-1,1,1,1,1,1,1,1,-1,1,-1,0.009526590816676617
-1,-1,-1,1,1,-1,-1,-1,1,-1,1,1,1,1,1,1,1,-1,1,1,0.009167875163257122
-1,-1,-1,1,1,-1,-1,-1,1,-1,1,1,1,1,1,1,1,1,-1,1,0.01008628960698843
-1,-1,-1,1,1,-1,-1,-1,1,1,-1,1,-1,1,-1,-1,1,1,1,1,0.009744662791490555
-1,-1,-1,1,1,-1,-1,-1,1,1,-1,1,1,1,1,-1,1,1,-1,1,0.009752272628247738
-1,-1,-1,1,1,-1,-1,-1,1,1,1,-1,-1,1,-1,1,-1,1,-1,-1,0.01087895967066288
-1,-1,-1,1,1,-1,-1,-1,1,1,1,-1,-1,1,1,1,-1,1,-1,1,0.010292967781424522
-1,-1,-1,1,1,-1,-1,-1,1,1,1,1,-1,-1,1,1,1,1,1,1,0.010777421295642853
-1,-1,-1,1,1,-1,-1,-1,1,1,1,1,-1,1,-1,1,1,1,-1,-1,0.011273330077528954
-1,-1,-1,1,1,-1,-1,-1,1,1,1,1,1,-1,1,1,-1,1,-1,1,0.010348716750741005
-1,-1,-1,1,1,-1,-1,-1,1,1,1,1,1,1,-1,-1,-1,-1,-1,1,0.009468568488955498
-1,-1,-1,1,1,-1,-1,1,-1,-1,-1,-1,1,-1,1,1,1,1,1,-1,0.010122056119143963
-1,-1,-1,1,1,-1,-1,1,-1,-1,-1,-1,1,1,-1,1,1,-1,1,-1,0.009340835735201836
-1,-1,-1,1,1,-1,-1,1,-1,-1,-1,1,-1,-1,1,-1,-1,1,1,-1,0.009340384975075722
-1,-1,-1,1,1,-1,-1,1,-1,-1,-1,1,1,-1,-1,1,1,-1,-1,-1,0.010131601244211197
-1,-1,-1,1,1,-1,-1,1,-1,-1,-1,1,1,1,1,1,-1,-1,1,1,0.007822034880518913
-1,-1,-1,1,1,-1,-1,1,-1,-1,-1,1,1,1,1,1,-1,1,-1,1,0.008740449324250221
-1,-1,-1,1,1,-1,-1,1,-1,-1,1,-1,-1,-1,-1,1,-1,-1,1,1,0.009729702025651932
-1,-1,-1,1,1,-1,-1,1,-1,-1,1,-1,1,1,-1,-1,1,-1,-1,1,0.00995421502739191
-1,-1,-1,1,1,-1,-1,1,-1,-1,1,-1,1,1,1,1,-1,1,-1,-1,0.009954456239938736
-1,-1,-1,1,1,-1,-1,1,-1,-1,1,1,-1,1,1,-1,1,1,-1,1,0.010141248814761639
-1,-1,-1,1,1,-1,-1,1,-1,-1,1,1,1,1,-1,1,1,1,-1,-1,0.010576102882623672
-1,-1,-1,1,1,-1,-1,1,-1,-1,1,1,1,1,1,-1,1,1,-1,1,0.009891183115541935
-1,-1,-1,1,1,-1,-1,1,-1,1,-1,-1,-1,-1,1,-1,-1,-1,-1,1,0.009653359651565552
-1,-1,-1,1,1,-1,-1,1,-1,1,-1,-1,-1,-1,1,1,1,1,-1,-1,0.011208055540919304
-1,-1,-1,1,1,-1,-1,1,-1,1,-1,1,-1,-1,-1,-1,1,-1,-1,-1,0.010633721947669983
-1,-1,-1,1,1,-1,-1,1,-1,1,-1,1,-1,-1,1,1,-1,-1,1,1,0.008998117409646511
-1,-1,-1,1,1,-1,-1,1,-1,1,-1,1,-1,1,1,1,-1,1,1,1,0.008856547065079212
-1,-1,-1,1,1,-1,-1,1,-1,1,-1,1,1,-1,-1,1,1,-1,1,-1,0.009997633285820484
-1,-1,-1,1,1,-1,-1,1,-1,1,-1,1,1,1,-1,1,1,1,1,-1,0.009856062941253185
-1,-1,-1,1,1,-1,-1,1,-1,1,1,-1,-1,-1,-1,-1,-1,1,1,-1,0.010773936286568642
-1,-1,-1,1,1,-1,-1,1,-1,1,1,-1,1,-1,-1,1,-1,-1,-1,1,0.01031557098031044
-1,-1,-1,1,1,-1,-1,1,-1,1,1,1,-1,-1,-1,-1,-1,-1,1,-1,0.010071253404021263
-1,-1,-1,1,1,-1,-1,1,-1,1,1,1,-1,-1,-1,1,-1,-1,1,-1,0.010170182213187218
-1,-1,-1,1,1,-1,-1,1,-1,1,1,1,-1,1,-1,1,1,1,-1,-1,0.011177151463925838
-1,-1,-1,1,1,-1,-1,1,1,-1,-1,-1,-1,-1,-1,-1,1,-1,-1,-1,0.010398974642157555
-1,-1,-1,1,1,-1,-1,1,1,-1,-1,-1,1,-1,-1,-1,1,1,1,-1,0.010097420774400234
-1,-1,-1,1,1,-1,-1,1,1,-1,-1,-1,1,-1,1,1,-1,1,-1,1,0.009431718848645687
-1,-1,-1,1,1,-1,-1,1,1,-1,-1,-1,1,-1,1,1,1,-1,1,1,0.009176894091069698
-1,-1,-1,1,1,-1,-1,1,1,-1,1,-1,-1,1,-1,1,1,-1,-1,-1,0.010508940555155277
-1,-1,-1,1,1,-1,-1,1,1,-1,1,-1,-1,1,-1,1,1,-1,1,1,0.009665274061262608
-1,-1,-1,1,1,-1,-1,1,1,-1,1,-1,1,-1,-1,-1,1,1,-1,-1,0.011168444529175758
-1,-1,-1,1,1,-1,-1,1,1,-1,1,-1,1,-1,1,1,-1,1,-1,1,0.010017791762948036
-1,-1,-1,1,1,-1,-1,1,1,-1,1,1,-1,1,-1,-1,-1,1,-1,1,0.009551952593028545
-1,-1,-1,1,1,-1,-1,1,1,-1,1,1,-1,1,1,-1,-1,1,-1,-1,0.009683391079306602
-1,-1,-1,1,1,-1,-1,1,1,-1,1,1,1,-1,-1,-1,-1,-1,1,1,0.008958506397902966
-1,-1,-1,1,1,-1,-1,1,1,1,-1,-1,-1,1,1,-1,-1,-1,-1,-1,0.009284057654440403
-1,-1,-1,1,1,-1,-1,1,1,1,-1,-1,1,1,-1,-1,1,1,-1,-1,0.010358321480453014
-1,-1,-1,1,1,-1,-1,1,1,1,-1,1,1,1,1,-1,1,-1,-1,1,0.009069647639989853
-1,-1,-1,1,1,-1,-1,1,1,1,-1,1,1,1,1,-1,1,-1,1,1,0.008584696799516678
-1,-1,-1,1,1,-1,-1,1,1,1,1,-1,-1,-1,-1,-1,-1,-1,1,1,0.009828774258494377
-1,-1,-1,1,1,-1,-1,1,1,1,1,-1,-1,-1,-1,-1,-1,1,-1,1,0.010747188702225685
-1,-1,-1,1,1,-1,-1,1,1,1,1,-1,-1,-1,-1,1,-1,1,-1,1,0.01084611564874649
-1,-1,-1,1,1,-1,-1,1,1,1,1,-1,-1,1,1,-1,-1,1,1,-1,0.009818642400205135
-1,-1,-1,1,1,-1,-1,1,1,1,1,-1,1,1,-1,1,-1,-1,1,1,0.009102602489292622
-1,-1,-1,1,1,-1,-1,1,1,1,1,1,-1,1,-1,-1,-1,-1,1,1,0.0089845210313797
-1,-1,-1,1,1,-1,-1,1,1,1,1,1,-1,1,1,-1,-1,1,1,1,0.00919070839881897
-1,-1,-1,1,1,-1,1,-1,-1,-1,-1,-1,-1,-1,-1,1,-1,1,1,1,0.01022280938923359
-1,-1,-1,1,1,-1,1,-1,-1,-1,-1,-1,1,-1,-1,-1,-1,-1,-1,-1,0.010284019634127617
-1,-1,-1,1,1,-1,1,-1,-1,-1,-1,1,-1,-1,1,-1,1,-1,-1,-1,0.010701178573071957
-1,-1,-1,1,1,-1,1,-1,-1,-1,1,-1,-1,-1,-1,1,1,-1,1,-1,0.01139772403985262
-1,-1,-1,1,1,-1,1,-1,-1,-1,1,-1,-1,1,-1,-1,-1,1,1,1,0.010134920477867126
-1,-1,-1,1,1,-1,1,-1,-1,-1,1,1,-1,1,-1,-1,1,-1,1,-1,0.010454542934894562
-1,-1,-1,1,1,-1,1,-1,-1,-1,1,1,1,-1,-1,-1,1,-1,-1,-1,0.011264462023973465
-1,-1,-1,1,1,-1,1,-1,-1,1,-1,-1,1,-1,-1,1,-1,1,-1,-1,0.011167393997311592
-1,-1,-1,1,1,-1,1,-1,-1,1,-1,-1,1,1,-1,-1,-1,-1,-1,-1,0.010059968568384647
-1,-1,-1,1,1,-1,1,-1,-1,1,-1,1,-1,-1,-1,-1,-1,1,-1,1,0.010690596885979176
-1,-1,-1,1,1,-1,1,-1,-1,1,-1,1,1,-1,-1,-1,-1,-1,-1,1,0.010007068514823914
-1,-1,-1,1,1,-1,1,-1,-1,1,-1,1,1,1,1,-1,-1,-1,-1,-1,0.009563473984599113
-1,-1,-1,1,1,-1,1,-1,-1,1,1,1,-1,-1,-1,-1,-1,1,-1,-1,0.01163538545370102
-1,-1,-1,1,1,-1,1,-1,-1,1,1,1,1,-1,-1,1,-1,-1,1,1,0.010207117535173893
-1,-1,-1,1,1,-1,1,-1,1,-1,-1,-1,-1,-1,1,1,-1,-1,-1,1,0.009894037619233131
-1,-1,-1,1,1,-1,1,-1,1,-1,-1,1,-1,-1,1,-1,-1,-1,1,-1,0.009399655275046825
-1,-1,-1,1,1,-1,1,-1,1,-1,-1,1,-1,-1,1,-1,-1,-1,1,1,0.00904093962162733
-1,-1,-1,1,1,-1,1,-1,1,-1,-1,1,-1,-1,1,1,-1,1,1,1,0.009573331102728844
-1,-1,-1,1,1,-1,1,-1,1,-1,-1,1,-1,1,1,1,-1,-1,1,1,0.008564833551645279
-1,-1,-1,1,1,-1,1,-1,1,-1,-1,1,-1,1,1,1,1,-1,1,-1,0.009587138891220093
-1,-1,-1,1,1,-1,1,-1,1,-1,1,-1,-1,-1,1,-1,-1,-1,-1,1,0.0103811826556921
-1,-1,-1,1,1,-1,1,-1,1,-1,1,-1,-1,1,-1,1,1,1,-1,-1,0.011588120833039284
-1,-1,-1,1,1,-1,1,-1,1,-1,1,1,-1,-1,1,-1,1,1,1,-1,0.011082780547440052
-1,-1,-1,1,1,-1,1,-1,1,1,-1,-1,-1,-1,1,-1,1,1,1,1,0.01075819507241249
-1,-1,-1,1,1,-1,1,-1,1,1,-1,-1,-1,1,-1,1,-1,-1,-1,1,0.0098972637206316
-1,-1,-1,1,1,-1,1,-1,1,1,-1,-1,1,-1,1,-1,1,1,1,1,0.010508129373192787
-1,-1,-1,1,1,-1,1,-1,1,1,-1,1,-1,1,-1,-1,-1,1,1,1,0.009477628394961357
-1,-1,-1,1,1,-1,1,-1,1,1,-1,1,1,1,1,1,-1,1,-1,-1,0.009942881762981415
-1,-1,-1,1,1,-1,1,-1,1,1,1,-1,-1,-1,1,1,1,-1,1,1,0.011009731329977512
-1,-1,-1,1,1,-1,1,-1,1,1,1,1,1,-1,1,-1,-1,1,1,1,0.010161393322050571
-1,-1,-1,1,1,-1,1,1,-1,-1,-1,-1,1,1,1,-1,-1,-1,-1,-1,0.00923254806548357
-1,-1,-1,1,1,-1,1,1,-1,-1,-1,-1,1,1,1,-1,1,-1,1,1,0.009052470326423645
-1,-1,-1,1,1,-1,1,1,-1,-1,-1,1,-1,1,1,1,-1,1,-1,-1,0.009745785966515541
-1,-1,-1,1,1,-1,1,1,-1,-1,-1,1,1,1,1,1,-1,-1,1,1,0.008218590170145035
-1,-1,-1,1,1,-1,1,1,-1,-1,1,-1,-1,-1,-1,1,1,1,1,1,0.01122330967336893
-1,-1,-1,1,1,-1,1,1,-1,-1,1,-1,-1,-1,1,-1,1,-1,-1,1,0.01094859279692173
-1,-1,-1,1,1,-1,1,1,-1,-1,1,-1,-1,1,-1,1,1,1,-1,1,0.011133227497339249
-1,-1,-1,1,1,-1,1,1,-1,-1,1,-1,-1,1,1,-1,1,-1,1,-1,0.010247323662042618
-1,-1,-1,1,1,-1,1,1,-1,-1,1,1,-1,-1,-1,1,1,1,-1,-1,0.011797756887972355
-1,-1,-1,1,1,-1,1,1,-1,-1,1,1,-1,1,1,-1,1,1,1,1,0.01005285233259201
-1,-1,-1,1,1,-1,1,1,-1,-1,1,1,1,-1,-1,-1,1,-1,1,-1,0.010530349798500538
-1,-1,-1,1,1,-1,1,1,-1,-1,1,1,1,1,1,-1,1,1,-1,1,0.010287738405168056
-1,-1,-1,1,1,-1,1,1,-1,1,-1,1,1,-1,1,-1,1,1,-1,1,0.010627683252096176
-1,-1,-1,1,1,-1,1,1,-1,1,1,-1,1,-1,-1,1,-1,-1,1,-1,0.010585890151560307
-1,-1,-1,1,1,-1,1,1,-1,1,1,-1,1,1,1,1,-1,-1,1,-1,0.009783580899238586
-1,-1,-1,1,1,-1,1,1,-1,1,1,1,-1,-1,-1,1,-1,1,-1,1,0.011126435361802578
-1,-1,-1,1,1,-1,1,1,-1,1,1,1,1,1,1,1,-1,1,-1,-1,0.010432776063680649
-1,-1,-1,1,1,-1,1,1,1,-1,-1,-1,-1,-1,1,-1,1,-1,1,-1,0.010083301924169064
-1,-1,-1,1,1,-1,1,1,1,-1,-1,-1,1,1,-1,1,1,1,1,-1,0.010017869994044304
-1,-1,-1,1,1,-1,1,1,1,-1,1,1,-1,-1,1,-1,-1,1,-1,1,0.010296264663338661
-1,-1,-1,1,1,-1,1,1,1,1,-1,-1,1,-1,1,-1,-1,-1,1,1,0.009161914698779583
-1,-1,-1,1,1,-1,1,1,1,1,-1,-1,1,1,-1,1,-1,-1,-1,-1,0.009756751358509064
-1,-1,-1,1,1,-1,1,1,1,1,-1,-1,1,1,1,1,-1,-1,1,1,0.008685809560120106
-1,-1,-1,1,1,-1,1,1,1,1,-1,1,-1,1,-1,1,-1,1,-1,-1,0.010171061381697655
-1,-1,-1,1,1,-1,1,1,1,1,-1,1,-1,1,1,-1,1,-1,-1,1,0.009716267697513103
-1,-1,-1,1,1,-1,1,1,1,1,-1,1,1,-1,-1,1,1,-1,-1,-1,0.01072615571320057
-1,-1,-1,1,1,-1,1,1,1,1,-1,1,1,-1,-1,1,1,1,-1,1,0.010800903663039207
-1,-1,-1,1,1,-1,1,1,1,1,1,1,1,1,1,-1,1,-1,1,-1,0.009926039725542068
-1,-1,-1,1,1,-1,1,1,1,1,1,1,1,1,1,-1,1,1,1,-1,0.010359502397477627
-1,-1,-1,1,1,1,-1,-1,-1,-1,-1,-1,1,-1,-1,-1,-1,1,1,-1,0.010103970766067505
-1,-1,-1,1,1,1,-1,-1,-1,-1,-1,-1,1,-1,-1,1,-1,1,-1,1,0.010329133830964565
-1,-1,-1,1,1,1,-1,-1,-1,-1,-1,-1,1,1,1,-1,-1,-1,-1,1,0.008994432166218758
-1,-1,-1,1,1,1,-1,-1,-1,-1,-1,1,-1,1,-1,-1,-1,-1,-1,1,0.009202554821968079
-1,-1,-1,1,1,1,-1,-1,-1,-1,-1,1,1,1,-1,-1,1,1,1,-1,0.009923307225108147
-1,-1,-1,1,1,1,-1,-1,-1,-1,1,-1,-1,-1,1,-1,-1,-1,1,-1,0.010279368609189987
-1,-1,-1,1,1,1,-1,-1,-1,-1,1,-1,-1,1,1,1,1,1,1,-1,0.010900315828621387
-1,-1,-1,1,1,1,-1,-1,-1,-1,1,-1,1,-1,1,-1,1,1,-1,1,0.011252591386437416
-1,-1,-1,1,1,1,-1,-1,-1,-1,1,-1,1,1,-1,-1,-1,-1,-1,1,0.00980778131633997
-1,-1,-1,1,1,1,-1,-1,-1,-1,1,1,-1,1,-1,1,-1,1,1,1,0.009836068376898766
-1,-1,-1,1,1,1,-1,-1,-1,1,-1,-1,-1,-1,-1,-1,-1,1,1,1,0.010346303693950176
-1,-1,-1,1,1,1,-1,-1,-1,1,-1,-1,-1,-1,-1,1,-1,1,1,-1,0.01080394722521305
-1,-1,-1,1,1,1,-1,-1,-1,1,-1,-1,-1,-1,-1,1,1,-1,-1,-1,0.011519024148583412
-1,-1,-1,1,1,1,-1,-1,-1,1,-1,-1,1,1,1,-1,-1,1,1,-1,0.009652643464505672
-1,-1,-1,1,1,1,-1,-1,-1,1,-1,1,1,1,-1,-1,-1,1,-1,1,0.009736936539411545
-1,-1,-1,1,1,1,-1,-1,-1,1,1,-1,-1,1,-1,1,1,-1,-1,-1,0.011530062183737755
-1,-1,-1,1,1,1,-1,-1,-1,1,1,-1,-1,1,1,-1,-1,-1,1,1,0.009696602821350098
-1,-1,-1,1,1,1,-1,-1,-1,1,1,-1,-1,1,1,1,-1,-1,-1,-1,0.010639197193086147
-1,-1,-1,1,1,1,-1,-1,-1,1,1,-1,1,-1,-1,1,-1,-1,1,1,0.010347775183618069
-1,-1,-1,1,1,1,-1,-1,-1,1,1,-1,1,-1,1,1,1,-1,-1,-1,0.01162775419652462
-1,-1,-1,1,1,1,-1,-1,-1,1,1,1,-1,-1,1,-1,-1,-1,1,1,0.010002417489886284
-1,-1,-1,1,1,1,-1,-1,-1,1,1,1,-1,-1,1,1,-1,1,1,-1,0.010893523693084717
-1,-1,-1,1,1,1,-1,-1,-1,1,1,1,-1,1,-1,1,1,-1,1,1,0.010417177341878414
-1,-1,-1,1,1,1,-1,-1,-1,1,1,1,-1,1,1,-1,1,-1,-1,1,0.010575924068689346
-1,-1,-1,1,1,1,-1,-1,1,-1,-1,-1,-1,1,-1,-1,-1,1,-1,-1,0.01011096965521574
-1,-1,-1,1,1,1,-1,-1,1,-1,-1,-1,-1,1,-1,-1,-1,1,1,-1,0.009626018814742565
-1,-1,-1,1,1,1,-1,-1,1,-1,-1,-1,-1,1,1,1,1,-1,-1,-1,0.010212747380137444
-1,-1,-1,1,1,1,-1,-1,1,-1,-1,-1,1,-1,-1,1,1,-1,1,-1,0.01028004102408886
-1,-1,-1,1,1,1,-1,-1,1,-1,-1,1,-1,-1,1,-1,-1,-1,1,1,0.008912377990782261
-1,-1,-1,1,1,1,-1,-1,1,-1,-1,1,1,-1,-1,1,-1,-1,-1,1,0.00947346817702055
-1,-1,-1,1,1,1,-1,-1,1,-1,-1,1,1,-1,-1,1,1,-1,1,1,0.00965210609138012
-1,-1,-1,1,1,1,-1,-1,1,-1,-1,1,1,-1,1,-1,-1,1,1,1,0.00909577589482069
-1,-1,-1,1,1,1,-1,-1,1,-1,1,-1,-1,-1,1,1,-1,-1,1,-1,0.010225312784314156
-1,-1,-1,1,1,1,-1,-1,1,-1,1,-1,-1,1,1,-1,-1,1,1,1,0.009626099839806557
-1,-1,-1,1,1,1,-1,-1,1,-1,1,1,-1,1,-1,-1,1,1,1,-1,0.010606461204588413
-1,-1,-1,1,1,1,-1,-1,1,1,-1,-1,-1,-1,-1,1,-1,-1,-1,-1,0.010702450759708881
-1,-1,-1,1,1,1,-1,-1,1,1,-1,-1,-1,1,-1,-1,-1,-1,-1,-1,0.010028489865362644
-1,-1,-1,1,1,1,-1,-1,1,1,-1,-1,-1,1,1,-1,1,-1,-1,-1,0.010464802384376526
-1,-1,-1,1,1,1,-1,-1,1,1,-1,-1,-1,1,1,1,1,1,1,1,0.010153527371585369
-1,-1,-1,1,1,1,-1,-1,1,1,-1,1,-1,-1,1,1,-1,-1,1,-1,0.009721005335450172
-1,-1,-1,1,1,1,-1,-1,1,1,-1,1,1,-1,-1,1,-1,1,-1,-1,0.01061663031578064
-1,-1,-1,1,1,1,-1,-1,1,1,1,1,1,-1,-1,-1,-1,-1,-1,1,0.010311596095561981
-1,-1,-1,1,1,1,-1,1,-1,-1,-1,-1,-1,-1,-1,1,1,1,-1,1,0.010993626900017262
-1,-1,-1,1,1,1,-1,1,-1,-1,-1,-1,-1,1,1,-1,1,1,1,-1,0.009966153651475906
-1,-1,-1,1,1,1,-1,1,-1,-1,-1,1,-1,-1,-1,-1,1,-1,1,-1,0.010065780952572823
-1,-1,-1,1,1,1,-1,1,-1,-1,-1,1,-1,-1,1,-1,1,1,1,-1,0.010271968320012093
-1,-1,-1,1,1,1,-1,1,-1,-1,-1,1,-1,1,1,-1,-1,-1,-1,-1,0.009084832854568958
-1,-1,-1,1,1,1,-1,1,-1,-1,-1,1,1,-1,-1,-1,1,-1,1,1,0.009457000531256199
-1,-1,-1,1,1,1,-1,1,-1,-1,-1,1,1,-1,1,-1,-1,-1,-1,-1,0.009409801103174686
-1,-1,-1,1,1,1,-1,1,-1,-1,-1,1,1,-1,1,-1,1,1,-1,-1,0.010506853461265564
-1,-1,-1,1,1,1,-1,1,-1,-1,-1,1,1,1,1,-1,-1,1,1,-1,0.008783279918134212
-1,-1,-1,1,1,1,-1,1,-1,-1,1,-1,-1,1,1,1,-1,1,1,1,0.009628849104046822
-1,-1,-1,1,1,1,-1,1,-1,-1,1,1,-1,1,1,-1,-1,-1,-1,1,0.009312190115451813
-1,-1,-1,1,1,1,-1,1,-1,-1,1,1,1,-1,-1,1,-1,-1,-1,-1,0.010322077199816704
-1,-1,-1,1,1,1,-1,1,-1,1,-1,-1,1,-1,1,-1,-1,1,-1,-1,0.010463466867804527
-1,-1,-1,1,1,1,-1,1,-1,1,-1,-1,1,-1,1,1,-1,1,-1,-1,0.010562394745647907
-1,-1,-1,1,1,1,-1,1,-1,1,-1,-1,1,1,1,-1,1,1,-1,-1,0.010552022606134415
-1,-1,-1,1,1,1,-1,1,-1,1,-1,1,-1,1,-1,-1,-1,-1,1,1,0.008819425478577614
-1,-1,-1,1,1,1,-1,1,-1,1,-1,1,-1,1,1,1,-1,-1,-1,1,0.00917602889239788
-1,-1,-1,1,1,1,-1,1,-1,1,-1,1,-1,1,1,1,1,1,1,1,0.009788130410015583
-1,-1,-1,1,1,1,-1,1,-1,1,-1,1,1,-1,1,1,-1,-1,1,1,0.009016045369207859
-1,-1,-1,1,1,1,-1,1,-1,1,1,-1,-1,-1,-1,1,-1,1,-1,-1,0.011625808663666248
-1,-1,-1,1,1,1,-1,1,-1,1,1,-1,-1,-1,-1,1,1,1,1,-1,0.011804446578025818
-1,-1,-1,1,1,1,-1,1,-1,1,1,-1,-1,1,1,1,1,1,-1,-1,0.011487088166177273
-1,-1,-1,1,1,1,-1,1,-1,1,1,1,-1,-1,-1,-1,-1,-1,-1,-1,0.01082419790327549
-1,-1,-1,1,1,1,-1,1,-1,1,1,1,-1,1,-1,-1,1,1,-1,1,0.010987501591444016
-1,-1,-1,1,1,1,-1,1,-1,1,1,1,1,1,1,-1,1,-1,-1,1,0.01007669698446989
-1,-1,-1,1,1,1,-1,1,1,-1,-1,-1,-1,1,-1,-1,-1,-1,-1,1,0.00906962901353836
-1,-1,-1,1,1,1,-1,1,1,-1,-1,-1,1,1,-1,1,-1,1,1,-1,0.00922571960836649
-1,-1,-1,1,1,1,-1,1,1,-1,-1,-1,1,1,-1,1,1,-1,-1,-1,0.00994079653173685
-1,-1,-1,1,1,1,-1,1,1,-1,-1,1,-1,-1,1,1,1,-1,1,1,0.009425734169781208
-1,-1,-1,1,1,1,-1,1,1,-1,-1,1,-1,1,-1,-1,-1,-1,1,1,0.00831545889377594
-1,-1,-1,1,1,1,-1,1,1,-1,-1,1,-1,1,1,1,1,-1,1,-1,0.00920941587537527
-1,-1,-1,1,1,1,-1,1,1,-1,-1,1,1,-1,1,1,1,1,1,-1,0.009967846795916557
-1,-1,-1,1,1,1,-1,1,1,-1,-1,1,1,1,1,-1,1,1,-1,1,0.009420121088624
-1,-1,-1,1,1,1,-1,1,1,-1,-1,1,1,1,1,1,1,1,-1,-1,0.009877764619886875
-1,-1,-1,1,1,1,-1,1,1,-1,1,-1,-1,-1,1,-1,1,1,1,-1,0.010974276810884476
-1,-1,-1,1,1,1,-1,1,1,-1,1,-1,-1,1,1,-1,1,1,1,-1,0.010399242863059044
-1,-1,-1,1,1,1,-1,1,1,-1,1,-1,-1,1,1,1,-1,-1,-1,1,0.009527353569865227
-1,-1,-1,1,1,1,-1,1,1,-1,1,-1,1,-1,1,-1,-1,1,1,1,0.009701905772089958
-1,-1,-1,1,1,1,-1,1,1,-1,1,1,-1,-1,-1,-1,-1,1,1,1,0.00991002842783928
-1,-1,-1,1,1,1,-1,1,1,-1,1,1,-1,1,-1,1,-1,-1,-1,-1,0.009844126179814339
-1,-1,-1,1,1,1,-1,1,1,-1,1,1,-1,1,-1,1,1,-1,-1,1,0.010149000212550163
-1,-1,-1,1,1,1,-1,1,1,-1,1,1,1,-1,-1,1,1,-1,-1,-1,0.010832683183252811
-1,-1,-1,1,1,1,-1,1,1,1,-1,-1,-1,-1,1,1,1,1,-1,1,0.010964350774884224
-1,-1,-1,1,1,1,-1,1,1,1,-1,-1,1,1,1,1,1,-1,1,1,0.00922083668410778
-1,-1,-1,1,1,1,-1,1,1,1,-1,1,-1,-1,1,1,-1,1,-1,1,0.010031541809439659
-1,-1,-1,1,1,1,-1,1,1,1,-1,1,-1,1,1,1,-1,1,-1,-1,0.009815223515033722
-1,-1,-1,1,1,1,-1,1,1,1,-1,1,1,1,-1,-1,1,-1,-1,-1,0.009923633188009262
-1,-1,-1,1,1,1,-1,1,1,1,-1,1,1,1,1,-1,-1,-1,1,-1,0.008547816425561905
-1,-1,-1,1,1,1,-1,1,1,1,1,-1,-1,1,-1,-1,-1,1,-1,1,0.010440148413181305
-1,-1,-1,1,1,1,-1,1,1,1,1,-1,-1,1,-1,1,-1,1,1,-1,0.01041284017264843
-1,-1,-1,1,1,1,-1,1,1,1,1,-1,-1,1,1,-1,-1,1,-1,1,0.010212872177362442
-1,-1,-1,1,1,1,-1,1,1,1,1,-1,1,-1,1,1,1,1,-1,1,0.011300357058644295
-1,-1,-1,1,1,1,-1,1,1,1,1,1,-1,-1,1,1,-1,-1,1,1,0.0096992002800107
-1,-1,-1,1,1,1,-1,1,1,1,1,1,-1,1,1,-1,1,-1,-1,-1,0.010532494634389877
-1,-1,-1,1,1,1,-1,1,1,1,1,1,1,-1,-1,1,1,-1,1,1,0.010340000502765179
-1,-1,-1,1,1,1,-1,1,1,1,1,1,1,-1,1,-1,1,-1,-1,1,0.01049874722957611
-1,-1,-1,1,1,1,-1,1,1,1,1,1,1,1,-1,-1,-1,-1,-1,-1,0.009846115484833717
-1,-1,-1,1,1,1,1,-1,-1,-1,-1,-1,-1,-1,1,1,-1,-1,1,-1,0.01018877886235714
-1,-1,-1,1,1,1,1,-1,-1,-1,-1,-1,-1,1,-1,-1,-1,1,1,-1,0.010175556875765324
-1,-1,-1,1,1,1,1,-1,-1,-1,-1,1,-1,-1,-1,-1,1,1,-1,-1,0.011629912070930004
-1,-1,-1,1,1,1,1,-1,-1,-1,-1,1,-1,-1,-1,1,-1,-1,-1,1,0.010273071937263012
-1,-1,-1,1,1,1,1,-1,-1,-1,-1,1,-1,-1,1,1,-1,-1,1,-1,0.009919560514390469
-1,-1,-1,1,1,1,1,-1,-1,-1,1,-1,1,-1,1,-1,1,-1,-1,-1,0.0115743987262249
-1,-1,-1,1,1,1,1,-1,-1,-1,1,-1,1,1,1,1,1,-1,-1,1,0.010739577002823353
-1,-1,-1,1,1,1,1,-1,-1,-1,1,-1,1,1,1,1,1,1,-1,-1,0.01153175625950098
-1,-1,-1,1,1,1,1,-1,-1,-1,1,1,-1,1,-1,1,1,1,-1,-1,0.011739878915250301
-1,-1,-1,1,1,1,1,-1,-1,-1,1,1,-1,1,1,-1,-1,1,-1,-1,0.01075008511543274
-1,-1,-1,1,1,1,1,-1,-1,1,-1,1,-1,-1,-1,1,1,1,1,1,0.011236156336963177
-1,-1,-1,1,1,1,1,-1,-1,1,-1,1,-1,1,1,1,-1,1,-1,1,0.010255208238959312
-1,-1,-1,1,1,1,1,-1,-1,1,-1,1,1,-1,1,1,-1,-1,1,1,0.009661762043833733
-1,-1,-1,1,1,1,1,-1,-1,1,-1,1,1,-1,1,1,-1,1,1,-1,0.01045394130051136
-1,-1,-1,1,1,1,1,-1,-1,1,1,1,-1,-1,-1,-1,-1,-1,1,1,0.010626249015331268
-1,-1,-1,1,1,1,1,-1,-1,1,1,1,-1,1,-1,1,-1,1,-1,1,0.011068557389080524
-1,-1,-1,1,1,1,1,-1,-1,1,1,1,1,1,-1,1,-1,1,1,1,0.010333540849387646
-1,-1,-1,1,1,1,1,-1,1,-1,-1,-1,-1,-1,-1,-1,-1,1,-1,1,0.010723843239247799
-1,-1,-1,1,1,1,1,-1,1,-1,-1,-1,-1,-1,-1,-1,1,-1,-1,1,0.01095396839082241
-1,-1,-1,1,1,1,1,-1,1,-1,-1,-1,1,-1,1,1,1,-1,-1,1,0.010575555264949799
-1,-1,-1,1,1,1,1,-1,1,-1,-1,-1,1,1,1,1,1,-1,1,1,0.009515570476651192
-1,-1,-1,1,1,1,1,-1,1,-1,1,-1,-1,-1,1,-1,1,-1,-1,-1,0.011671480722725391
-1,-1,-1,1,1,1,1,-1,1,-1,1,-1,1,1,1,-1,-1,1,-1,-1,0.01061625499278307
-1,-1,-1,1,1,1,1,-1,1,-1,1,1,1,1,-1,1,-1,-1,1,-1,0.009754826314747334
-1,-1,-1,1,1,1,1,-1,1,1,-1,-1,-1,-1,-1,1,1,1,1,1,0.01135239191353321
-1,-1,-1,1,1,1,1,-1,1,1,-1,-1,1,-1,-1,1,-1,-1,-1,-1,0.0108489403501153
-1,-1,-1,1,1,1,1,-1,1,1,-1,-1,1,1,1,1,-1,-1,-1,1,0.009687915444374084
-1,-1,-1,1,1,1,1,-1,1,1,-1,1,1,1,-1,-1,-1,-1,-1,1,0.009547044523060322
-1,-1,-1,1,1,1,1,-1,1,1,1,-1,-1,1,1,-1,-1,1,1,1,0.01037363801151514
-1,-1,-1,1,1,1,1,-1,1,1,1,-1,-1,1,1,1,-1,1,-1,1,0.010957516729831696
-1,-1,-1,1,1,1,1,-1,1,1,1,-1,1,-1,-1,1,1,1,1,-1,0.01204711478203535
-1,-1,-1,1,1,1,1,-1,1,1,1,-1,1,-1,1,-1,1,-1,-1,-1,0.01177239790558815
-1,-1,-1,1,1,1,1,-1,1,1,1,1,1,-1,-1,1,1,-1,1,1,0.010985717177391052
-1,-1,-1,1,1,1,1,-1,1,1,1,1,1,-1,1,-1,1,1,-1,-1,0.011936642229557037
-1,-1,-1,1,1,1,1,-1,1,1,1,1,1,-1,1,1,-1,1,-1,-1,0.011371981352567673
-1,-1,-1,1,1,1,1,1,-1,-1,-1,-1,1,1,1,-1,-1,1,1,1,0.009090338833630085
-1,-1,-1,1,1,1,1,1,-1,-1,-1,1,-1,-1,-1,-1,-1,1,1,-1,0.010232210159301758
-1,-1,-1,1,1,1,1,1,-1,-1,-1,1,-1,1,1,-1,1,1,1,-1,0.010093489661812782
-1,-1,-1,1,1,1,1,1,-1,-1,1,-1,-1,-1,-1,1,-1,1,1,-1,0.011186430230736732
-1,-1,-1,1,1,1,1,1,-1,-1,1,-1,-1,-1,-1,1,1,1,1,-1,0.011850018985569477
-1,-1,-1,1,1,1,1,1,-1,-1,1,-1,1,1,-1,1,1,1,1,-1,0.011024920269846916
-1,-1,-1,1,1,1,1,1,-1,1,-1,-1,-1,-1,1,-1,1,-1,-1,-1,0.011340213008224964
-1,-1,-1,1,1,1,1,1,-1,1,-1,-1,1,-1,-1,-1,-1,1,-1,-1,0.011087298393249512
-1,-1,-1,1,1,1,1,1,-1,1,-1,-1,1,1,1,1,-1,1,-1,1,0.010025200434029102
-1,-1,-1,1,1,1,1,1,-1,1,-1,1,-1,1,-1,1,1,1,-1,-1,0.011255627498030663
-1,-1,-1,1,1,1,1,1,-1,1,-1,1,-1,1,1,-1,-1,-1,-1,1,0.009473655372858047
-1,-1,-1,1,1,1,1,1,-1,1,-1,1,1,1,1,-1,1,1,1,-1,0.010194407775998116
-1,-1,-1,1,1,1,1,1,-1,1,1,-1,-1,1,1,1,-1,1,1,-1,0.0107351029291749
-1,-1,-1,1,1,1,1,1,-1,1,1,-1,1,1,1,1,-1,-1,1,1,0.009692858904600143
-1,-1,-1,1,1,1,1,1,-1,1,1,1,-1,-1,-1,1,1,-1,1,-1,0.011498319916427135
-1,-1,-1,1,1,1,1,1,-1,1,1,1,-1,1,-1,-1,1,1,-1,-1,0.011742772534489632
-1,-1,-1,1,1,1,1,1,-1,1,1,1,1,1,-1,-1,-1,1,-1,1,0.010470402427017689
-1,-1,-1,1,1,1,1,1,1,-1,-1,-1,-1,1,-1,-1,-1,-1,-1,-1,0.009824899956583977
-1,-1,-1,1,1,1,1,1,1,-1,-1,-1,-1,1,1,1,-1,-1,1,-1,0.009211600758135319
-1,-1,-1,1,1,1,1,1,1,-1,-1,1,1,-1,1,-1,1,-1,-1,1,0.009958246722817421
-1,-1,-1,1,1,1,1,1,1,-1,-1,1,1,-1,1,1,-1,-1,1,-1,0.009267349727451801
-1,-1,-1,1,1,1,1,1,1,-1,1,-1,1,1,1,1,-1,-1,1,-1,0.009547607973217964
-1,-1,-1,1,1,1,1,1,1,-1,1,1,-1,-1,-1,1,1,-1,1,-1,0.010994353331625462
-1,-1,-1,1,1,1,1,1,1,-1,1,1,-1,-1,1,1,-1,-1,1,-1,0.01010348740965128
-1,-1,-1,1,1,1,1,1,1,-1,1,1,-1,1,1,-1,-1,-1,1,1,0.009070810861885548
-1,-1,-1,1,1,1,1,1,1,-1,1,1,1,-1,-1,-1,1,-1,1,1,0.010286644101142883
-1,-1,-1,1,1,1,1,1,1,-1,1,1,1,1,-1,1,-1,-1,-1,-1,0.009990615770220757
-1,-1,-1,1,1,1,1,1,1,1,-1,-1,-1,-1,1,1,1,1,1,-1,0.01123466994613409
-1,-1,-1,1,1,1,1,1,1,1,-1,-1,-1,1,-1,1,-1,-1,-1,-1,0.010274810716509819
-1,-1,-1,1,1,1,1,1,1,1,-1,-1,-1,1,-1,1,-1,-1,1,1,0.00943114422261715
-1,-1,-1,1,1,1,1,1,1,1,-1,1,-1,-1,-1,1,-1,-1,1,1,0.009736958891153336
-1,-1,-1,1,1,1,1,1,1,1,-1,1,-1,-1,1,1,1,-1,-1,1,0.010658223181962967
-1,-1,-1,1,1,1,1,1,1,1,1,1,-1,-1,-1,1,-1,-1,1,-1,0.010681746527552605
-1,-1,-1,1,1,1,1,1,1,1,1,1,-1,-1,1,1,1,1,1,-1,0.011551523581147194
-1,-1,-1,1,1,1,1,1,1,1,1,1,1,-1,-1,-1,1,-1,1,1,0.01063762791454792
-1,-1,-1,1,1,1,1,1,1,1,1,1,1,-1,1,-1,1,-1,1,-1,0.010769066400825977
-1,-1,-1,1,1,1,1,1,1,1,1,1,1,-1,1,1,-1,1,1,-1,0.010637868195772171
-1,-1,1,-1,-1,-1,-1,-1,-1,-1,-1,-1,-1,1,-1,-1,1,-1,1,1,0.00858546793460846
-1,-1,1,-1,-1,-1,-1,-1,-1,-1,-1,-1,1,1,1,1,1,1,1,1,0.008640517480671406
-1,-1,1,-1,-1,-1,-1,-1,-1,-1,-1,1,1,1,-1,-1,1,1,1,-1,0.008858362212777138
-1,-1,1,-1,-1,-1,-1,-1,-1,-1,1,-1,-1,-1,1,1,-1,-1,1,-1,0.009313351474702358
-1,-1,1,-1,-1,-1,-1,-1,-1,-1,1,-1,-1,-1,1,1,-1,1,-1,-1,0.010231765918433666
-1,-1,1,-1,-1,-1,-1,-1,-1,-1,1,1,1,-1,-1,1,-1,-1,1,1,0.008662628009915352
-1,-1,1,-1,-1,-1,-1,-1,-1,1,-1,-1,-1,1,1,-1,-1,-1,-1,1,0.00853053666651249
-1,-1,1,-1,-1,-1,-1,-1,-1,1,-1,1,-1,-1,1,-1,1,1,-1,-1,0.010292119346559048
-1,-1,1,-1,-1,-1,-1,-1,-1,1,-1,1,-1,1,-1,1,1,-1,-1,-1,0.009609825909137726
-1,-1,1,-1,-1,-1,-1,-1,-1,1,1,-1,-1,-1,-1,1,-1,1,1,-1,0.010325074195861816
-1,-1,1,-1,-1,-1,-1,-1,-1,1,1,-1,-1,1,1,1,-1,1,1,1,0.009164049290120602
-1,-1,1,-1,-1,-1,-1,-1,-1,1,1,-1,1,-1,1,-1,1,1,-1,-1,0.010897344909608364
-1,-1,1,-1,-1,-1,-1,-1,-1,1,1,1,-1,-1,-1,1,1,-1,-1,-1,0.010770931839942932
-1,-1,1,-1,-1,-1,-1,-1,-1,1,1,1,1,1,1,-1,-1,1,1,-1,0.008904552087187767
-1,-1,1,-1,-1,-1,-1,-1,-1,1,1,1,1,1,1,1,1,-1,1,1,0.008874890394508839
-1,-1,1,-1,-1,-1,-1,-1,1,-1,-1,-1,-1,1,1,1,-1,-1,-1,1,0.008125497959554195
-1,-1,1,-1,-1,-1,-1,-1,1,-1,-1,-1,1,-1,-1,-1,-1,-1,-1,-1,0.008937529288232327
-1,-1,1,-1,-1,-1,-1,-1,1,-1,-1,-1,1,-1,-1,1,1,1,-1,-1,0.010133510455489159
-1,-1,1,-1,-1,-1,-1,-1,1,-1,-1,-1,1,1,1,1,1,-1,-1,-1,0.008897736668586731
-1,-1,1,-1,-1,-1,-1,-1,1,-1,-1,1,-1,-1,1,1,1,1,-1,-1,0.009887080639600754
-1,-1,1,-1,-1,-1,-1,-1,1,-1,-1,1,1,-1,-1,1,-1,-1,1,-1,0.008282287046313286
-1,-1,1,-1,-1,-1,-1,-1,1,-1,-1,1,1,1,-1,-1,1,-1,-1,1,0.008398151025176048
-1,-1,1,-1,-1,-1,-1,-1,1,-1,-1,1,1,1,-1,1,1,-1,1,1,0.008012128062546253
-1,-1,1,-1,-1,-1,-1,-1,1,-1,1,-1,-1,-1,1,1,-1,-1,1,-1,0.009160368703305721
-1,-1,1,-1,-1,-1,-1,-1,1,-1,1,-1,1,-1,-1,1,1,1,1,-1,0.010234631597995758
-1,-1,1,-1,-1,-1,-1,-1,1,-1,1,1,-1,-1,-1,-1,-1,-1,1,1,0.008660782128572464
-1,-1,1,-1,-1,-1,-1,-1,1,-1,1,1,1,1,-1,1,1,1,-1,1,0.009516614489257336
-1,-1,1,-1,-1,-1,-1,-1,1,-1,1,1,1,1,1,1,1,-1,1,1,0.008370923809707165
-1,-1,1,-1,-1,-1,-1,-1,1,1,-1,-1,-1,1,-1,1,1,-1,-1,1,0.00936734676361084
-1,-1,1,-1,-1,-1,-1,-1,1,1,-1,-1,1,1,-1,-1,1,1,-1,1,0.009451815858483315
-1,-1,1,-1,-1,-1,-1,-1,1,1,-1,-1,1,1,1,1,1,1,-1,-1,0.009682183153927326
-1,-1,1,-1,-1,-1,-1,-1,1,1,-1,1,1,-1,-1,-1,-1,1,-1,-1,0.009452756494283676
-1,-1,1,-1,-1,-1,-1,-1,1,1,-1,1,1,-1,1,-1,1,1,-1,1,0.009530354291200638
-1,-1,1,-1,-1,-1,-1,-1,1,1,-1,1,1,1,-1,1,1,-1,1,1,0.008363110944628716
-1,-1,1,-1,-1,-1,-1,-1,1,1,1,-1,-1,1,-1,-1,-1,-1,1,1,0.00870595034211874
-1,-1,1,-1,-1,-1,-1,-1,1,1,1,-1,-1,1,1,1,-1,-1,-1,-1,0.009421268478035927
-1,-1,1,-1,-1,-1,-1,-1,1,1,1,1,-1,1,1,1,1,-1,-1,-1,0.009815638884902
-1,-1,1,-1,-1,-1,-1,-1,1,1,1,1,1,1,1,1,1,-1,-1,-1,0.009565573185682297
-1,-1,1,-1,-1,-1,-1,1,-1,-1,-1,-1,-1,-1,-1,-1,1,1,1,1,0.009344803169369698
-1,-1,1,-1,-1,-1,-1,1,-1,-1,-1,-1,-1,1,-1,-1,-1,-1,1,1,0.007672716863453388
-1,-1,1,-1,-1,-1,-1,1,-1,-1,-1,-1,1,1,1,1,1,1,-1,-1,0.009235021658241749
-1,-1,1,-1,-1,-1,-1,1,-1,-1,-1,1,-1,-1,-1,-1,1,-1,1,-1,0.009000835940241814
-1,-1,1,-1,-1,-1,-1,1,-1,-1,-1,1,-1,-1,1,-1,1,-1,1,-1,0.00877355970442295
-1,-1,1,-1,-1,-1,-1,1,-1,-1,-1,1,-1,1,-1,-1,1,1,-1,1,0.008985500782728195
-1,-1,1,-1,-1,-1,-1,1,-1,-1,-1,1,-1,1,1,-1,-1,1,-1,1,0.008094635792076588
-1,-1,1,-1,-1,-1,-1,1,-1,-1,-1,1,1,-1,-1,-1,1,1,1,-1,0.009184233844280243
-1,-1,1,-1,-1,-1,-1,1,-1,-1,-1,1,1,1,1,-1,1,1,-1,1,0.008508158847689629
-1,-1,1,-1,-1,-1,-1,1,-1,-1,1,-1,-1,1,1,-1,-1,-1,1,-1,0.008390228264033794
-1,-1,1,-1,-1,-1,-1,1,-1,-1,1,1,1,-1,-1,-1,1,1,-1,1,0.009896541945636272
-1,-1,1,-1,-1,-1,-1,1,-1,-1,1,1,1,1,-1,-1,1,1,1,1,0.008836557157337666
-1,-1,1,-1,-1,-1,-1,1,-1,-1,1,1,1,1,-1,1,1,1,-1,1,0.00942043587565422
-1,-1,1,-1,-1,-1,-1,1,-1,-1,1,1,1,1,1,-1,1,1,1,1,0.008609280921518803
-1,-1,1,-1,-1,-1,-1,1,-1,1,-1,-1,1,-1,-1,-1,-1,1,-1,-1,0.009625798091292381
-1,-1,1,-1,-1,-1,-1,1,-1,1,-1,1,1,1,1,-1,1,1,1,1,0.00837419182062149
-1,-1,1,-1,-1,-1,-1,1,-1,1,1,-1,1,1,-1,-1,-1,-1,1,-1,0.008718421682715416
-1,-1,1,-1,-1,-1,-1,1,-1,1,1,1,-1,1,-1,-1,-1,-1,1,1,0.008340553380548954
-1,-1,1,-1,-1,-1,-1,1,-1,1,1,1,1,1,1,-1,-1,1,-1,1,0.008781625889241695
-1,-1,1,-1,-1,-1,-1,1,1,-1,-1,-1,-1,-1,-1,-1,1,1,-1,-1,0.010035485960543156
-1,-1,1,-1,-1,-1,-1,1,1,-1,-1,-1,-1,1,-1,-1,1,-1,-1,-1,0.009026989340782166
-1,-1,1,-1,-1,-1,-1,1,1,-1,-1,-1,-1,1,1,1,1,1,1,-1,0.008847152814269066
-1,-1,1,-1,-1,-1,-1,1,1,-1,-1,-1,1,-1,-1,-1,-1,-1,1,-1,0.0082034170627594
-1,-1,1,-1,-1,-1,-1,1,1,-1,-1,1,-1,1,-1,1,-1,-1,1,1,0.007349441759288311
-1,-1,1,-1,-1,-1,-1,1,1,-1,-1,1,1,-1,-1,-1,1,1,1,-1,0.009031250141561031
-1,-1,1,-1,-1,-1,-1,1,1,-1,-1,1,1,-1,1,-1,1,1,1,-1,0.008803973905742168
-1,-1,1,-1,-1,-1,-1,1,1,-1,-1,1,1,-1,1,1,1,1,1,-1,0.008902901783585548
-1,-1,1,-1,-1,-1,-1,1,1,-1,-1,1,1,1,-1,-1,-1,-1,-1,1,0.00748539948835969
-1,-1,1,-1,-1,-1,-1,1,1,-1,1,-1,-1,-1,1,1,-1,-1,1,1,0.0085524907335639
-1,-1,1,-1,-1,-1,-1,1,1,-1,1,-1,-1,-1,1,1,-1,1,1,1,0.008985954336822033
-1,-1,1,-1,-1,-1,-1,1,1,-1,1,1,-1,-1,-1,1,-1,1,1,1,0.00894401129335165
-1,-1,1,-1,-1,-1,-1,1,1,-1,1,1,-1,1,1,-1,-1,-1,-1,1,0.008094261400401592
-1,-1,1,-1,-1,-1,-1,1,1,-1,1,1,1,1,-1,1,-1,1,-1,-1,0.008962579071521759
-1,-1,1,-1,-1,-1,-1,1,1,-1,1,1,1,1,-1,1,1,-1,1,1,0.008349038660526276
-1,-1,1,-1,-1,-1,-1,1,1,1,-1,-1,-1,-1,1,-1,1,1,-1,-1,0.010159192606806755
-1,-1,1,-1,-1,-1,-1,1,1,1,-1,1,-1,-1,1,-1,-1,-1,-1,1,0.008434205316007137
-1,-1,1,-1,-1,-1,-1,1,1,1,1,1,1,-1,1,1,-1,-1,-1,-1,0.009227856062352657
-1,-1,1,-1,-1,-1,1,-1,-1,-1,-1,1,-1,-1,-1,1,-1,-1,-1,-1,0.009566842578351498
-1,-1,1,-1,-1,-1,1,-1,-1,-1,-1,1,-1,-1,1,1,-1,-1,-1,1,0.00898085068911314
-1,-1,1,-1,-1,-1,1,-1,-1,-1,-1,1,-1,-1,1,1,1,-1,-1,1,0.009644439443945885
-1,-1,1,-1,-1,-1,1,-1,-1,-1,-1,1,-1,1,1,-1,-1,-1,1,-1,0.008180653676390648
-1,-1,1,-1,-1,-1,1,-1,-1,-1,1,-1,-1,1,-1,-1,1,-1,-1,1,0.01005304604768753
-1,-1,1,-1,-1,-1,1,-1,-1,-1,1,-1,-1,1,1,-1,1,1,1,1,0.009774282574653625
-1,-1,1,-1,-1,-1,1,-1,-1,-1,1,-1,1,-1,1,1,1,-1,-1,1,0.010249665938317776
-1,-1,1,-1,-1,-1,1,-1,-1,-1,1,-1,1,1,-1,-1,1,1,1,-1,0.01011020876467228
-1,-1,1,-1,-1,-1,1,-1,-1,-1,1,1,-1,-1,-1,-1,1,-1,-1,1,0.010358860716223717
-1,-1,1,-1,-1,-1,1,-1,-1,-1,1,1,-1,-1,1,1,1,1,1,-1,0.010537739843130112
-1,-1,1,-1,-1,-1,1,-1,-1,-1,1,1,-1,1,-1,-1,-1,-1,-1,1,0.00912023801356554
-1,-1,1,-1,-1,-1,1,-1,-1,-1,1,1,-1,1,1,1,-1,-1,-1,-1,0.009350605309009552
-1,-1,1,-1,-1,-1,1,-1,-1,-1,1,1,-1,1,1,1,-1,-1,-1,1,0.008991889655590057
-1,-1,1,-1,-1,-1,1,-1,-1,-1,1,1,1,-1,1,-1,1,1,-1,1,0.010314982384443283
-1,-1,1,-1,-1,-1,1,-1,-1,1,-1,-1,1,1,-1,-1,1,-1,-1,1,0.009567891247570515
-1,-1,1,-1,-1,-1,1,-1,-1,1,-1,1,-1,-1,-1,1,-1,-1,-1,1,0.009559109807014465
-1,-1,1,-1,-1,-1,1,-1,-1,1,-1,1,-1,-1,1,-1,1,-1,-1,1,0.009896495379507542
-1,-1,1,-1,-1,-1,1,-1,-1,1,-1,1,1,-1,-1,-1,1,-1,-1,-1,0.010232421569526196
-1,-1,1,-1,-1,-1,1,-1,-1,1,1,-1,1,1,-1,1,-1,-1,1,-1,0.009463067166507244
-1,-1,1,-1,-1,-1,1,-1,1,-1,-1,-1,-1,-1,-1,-1,1,1,1,1,0.00983753614127636
-1,-1,1,-1,-1,-1,1,-1,1,-1,-1,1,-1,-1,1,-1,1,1,1,1,0.009341040626168251
-1,-1,1,-1,-1,-1,1,-1,1,-1,-1,1,1,-1,-1,1,-1,-1,1,1,0.008320126682519913
-1,-1,1,-1,-1,-1,1,-1,1,-1,-1,1,1,-1,1,-1,-1,1,1,-1,0.008786101825535297
-1,-1,1,-1,-1,-1,1,-1,1,-1,1,-1,-1,-1,-1,-1,-1,-1,-1,-1,0.010170222260057926
-1,-1,1,-1,-1,-1,1,-1,1,-1,1,-1,-1,-1,1,-1,-1,1,1,-1,0.009891458787024021
-1,-1,1,-1,-1,-1,1,-1,1,-1,1,-1,-1,1,-1,1,-1,1,-1,1,0.009768864139914513
-1,-1,1,-1,-1,-1,1,-1,1,-1,1,-1,-1,1,1,-1,-1,-1,1,-1,0.008882962167263031
-1,-1,1,-1,-1,-1,1,-1,1,-1,1,1,-1,1,-1,1,-1,-1,1,-1,0.008939947001636028
-1,-1,1,-1,-1,-1,1,-1,1,1,1,1,1,1,-1,-1,1,1,-1,-1,0.01052393950521946
-1,-1,1,-1,-1,-1,1,1,-1,-1,-1,-1,1,-1,-1,1,-1,1,1,1,0.008926630951464176
-1,-1,1,-1,-1,-1,1,1,-1,-1,-1,-1,1,-1,1,1,1,1,1,1,0.009362944401800632
-1,-1,1,-1,-1,-1,1,1,-1,-1,-1,1,1,1,-1,-1,1,-1,1,-1,0.0085722915828228
-1,-1,1,-1,-1,-1,1,1,-1,-1,-1,1,1,1,1,-1,1,-1,1,-1,0.008345016278326511
-1,-1,1,-1,-1,-1,1,1,-1,-1,1,-1,-1,1,-1,1,1,-1,-1,-1,0.010261528193950653
-1,-1,1,-1,-1,-1,1,1,-1,-1,1,-1,-1,1,1,-1,-1,1,-1,-1,0.009705197997391224
-1,-1,1,-1,-1,-1,1,1,-1,-1,1,-1,1,1,1,-1,-1,1,-1,1,0.009096416644752026
-1,-1,1,-1,-1,-1,1,1,-1,-1,1,1,-1,1,1,1,-1,1,-1,-1,0.009534906595945358
-1,-1,1,-1,-1,-1,1,1,-1,-1,1,1,1,-1,1,-1,1,1,-1,1,0.010065820068120956
-1,-1,1,-1,-1,-1,1,1,-1,-1,1,1,1,1,1,-1,-1,-1,1,-1,0.008267498575150967
-1,-1,1,-1,-1,-1,1,1,-1,-1,1,1,1,1,1,-1,-1,1,-1,-1,0.009185913018882275
-1,-1,1,-1,-1,-1,1,1,-1,1,-1,-1,1,1,1,1,-1,-1,-1,1,0.00852679181843996
-1,-1,1,-1,-1,-1,1,1,-1,1,-1,-1,1,1,1,1,1,-1,1,1,0.008705430664122105
-1,-1,1,-1,-1,-1,1,1,-1,1,-1,1,-1,1,-1,1,-1,1,1,-1,0.009042142890393734
-1,-1,1,-1,-1,-1,1,1,-1,1,-1,1,1,-1,-1,1,-1,-1,-1,1,0.00905988272279501
-1,-1,1,-1,-1,-1,1,1,-1,1,1,-1,-1,1,-1,-1,1,1,-1,1,0.010588331148028374
-1,-1,1,-1,-1,-1,1,1,-1,1,1,-1,-1,1,1,1,1,1,1,-1,0.010333746671676636
-1,-1,1,-1,-1,-1,1,1,-1,1,1,-1,1,1,1,-1,-1,1,-1,1,0.009447399526834488
-1,-1,1,-1,-1,-1,1,1,-1,1,1,-1,1,1,1,-1,1,1,1,1,0.009626038372516632
-1,-1,1,-1,-1,-1,1,1,-1,1,1,-1,1,1,1,1,-1,-1,1,-1,0.008986628614366055
-1,-1,1,-1,-1,-1,1,1,-1,1,1,1,-1,-1,-1,-1,-1,1,-1,1,0.01023055613040924
-1,-1,1,-1,-1,-1,1,1,-1,1,1,1,-1,1,-1,-1,-1,1,1,-1,0.009529286995530128
-1,-1,1,-1,-1,-1,1,1,-1,1,1,1,1,-1,1,-1,-1,-1,-1,1,0.009319750592112541
-1,-1,1,-1,-1,-1,1,1,-1,1,1,1,1,-1,1,1,-1,1,-1,1,0.009852142073214054
-1,-1,1,-1,-1,-1,1,1,1,-1,-1,-1,-1,1,-1,1,1,-1,-1,-1,0.009522471576929092
-1,-1,1,-1,-1,-1,1,1,1,-1,-1,-1,-1,1,1,-1,-1,1,1,-1,0.008481191471219063
-1,-1,1,-1,-1,-1,1,1,1,-1,-1,1,1,1,-1,-1,-1,-1,1,-1,0.0077557191252708435
-1,-1,1,-1,-1,-1,1,1,1,-1,-1,1,1,1,-1,1,-1,-1,-1,-1,0.008339597843587399
-1,-1,1,-1,-1,-1,1,1,1,-1,1,-1,-1,-1,-1,-1,1,-1,-1,1,0.010225934907793999
-1,-1,1,-1,-1,-1,1,1,1,-1,1,-1,1,1,1,-1,1,-1,-1,-1,0.009532274678349495
-1,-1,1,-1,-1,-1,1,1,1,-1,1,1,-1,-1,1,-1,-1,1,-1,-1,0.009858028963208199
-1,-1,1,-1,-1,-1,1,1,1,-1,1,1,-1,1,1,1,1,-1,-1,-1,0.009612048976123333
-1,-1,1,-1,-1,-1,1,1,1,-1,1,1,1,-1,-1,1,-1,-1,-1,-1,0.009500703774392605
-1,-1,1,-1,-1,-1,1,1,1,-1,1,1,1,-1,-1,1,1,1,-1,1,0.010239041410386562
-1,-1,1,-1,-1,-1,1,1,1,-1,1,1,1,-1,1,-1,-1,-1,-1,-1,0.009174499660730362
-1,-1,1,-1,-1,-1,1,1,1,-1,1,1,1,1,-1,1,1,-1,1,1,0.008745593018829823
-1,-1,1,-1,-1,-1,1,1,1,1,-1,-1,1,-1,-1,-1,-1,-1,-1,-1,0.009435906074941158
-1,-1,1,-1,-1,-1,1,1,1,1,-1,-1,1,1,-1,1,1,1,-1,-1,0.010056853294372559
-1,-1,1,-1,-1,-1,1,1,1,1,-1,1,-1,1,-1,-1,-1,1,-1,1,0.008916466496884823
-1,-1,1,-1,-1,-1,1,1,1,1,-1,1,1,1,1,1,1,-1,-1,1,0.008768178522586823
-1,-1,1,-1,-1,-1,1,1,1,1,1,-1,1,1,-1,1,1,1,1,-1,0.010157974436879158
-1,-1,1,-1,-1,-1,1,1,1,1,1,1,-1,-1,1,-1,-1,1,1,-1,0.009724061004817486
-1,-1,1,-1,-1,1,-1,-1,-1,-1,-1,-1,-1,1,-1,-1,1,-1,1,1,0.008853461593389511
-1,-1,1,-1,-1,1,-1,-1,-1,-1,-1,-1,-1,1,1,-1,1,1,-1,-1,0.009903314523398876
-1,-1,1,-1,-1,1,-1,-1,-1,-1,-1,-1,1,1,1,-1,1,-1,1,-1,0.00873483531177044
-1,-1,1,-1,-1,1,-1,-1,-1,-1,-1,1,-1,-1,1,1,-1,1,1,-1,0.009159517474472523
-1,-1,1,-1,-1,1,-1,-1,-1,-1,-1,1,-1,1,-1,-1,-1,-1,-1,1,0.008405603468418121
-1,-1,1,-1,-1,1,-1,-1,-1,-1,-1,1,-1,1,-1,1,-1,1,-1,1,0.008937994949519634
-1,-1,1,-1,-1,1,-1,-1,-1,-1,1,-1,1,1,1,-1,1,-1,-1,-1,0.009805858135223389
-1,-1,1,-1,-1,1,-1,-1,-1,-1,1,1,-1,1,1,1,1,1,-1,-1,0.01031909603625536
-1,-1,1,-1,-1,1,-1,-1,-1,-1,1,1,1,1,-1,1,1,-1,1,-1,0.009377892129123211
-1,-1,1,-1,-1,1,-1,-1,-1,1,-1,-1,1,-1,-1,-1,1,-1,-1,1,0.010014363564550877
-1,-1,1,-1,-1,1,-1,-1,-1,1,-1,1,-1,1,-1,-1,1,-1,-1,1,0.009420176036655903
-1,-1,1,-1,-1,1,-1,-1,-1,1,1,-1,-1,-1,-1,1,1,-1,-1,1,0.010949429124593735
-1,-1,1,-1,-1,1,-1,-1,-1,1,1,-1,-1,-1,1,-1,-1,-1,-1,-1,0.010318351909518242
-1,-1,1,-1,-1,1,-1,-1,-1,1,1,-1,-1,1,1,1,-1,1,-1,-1,0.010275709442794323
-1,-1,1,-1,-1,1,-1,-1,-1,1,1,-1,1,1,1,-1,-1,1,-1,1,0.009568000212311745
-1,-1,1,-1,-1,1,-1,-1,-1,1,1,-1,1,1,1,1,1,1,-1,1,0.010330517776310444
-1,-1,1,-1,-1,1,-1,-1,1,-1,-1,-1,-1,-1,1,1,-1,1,1,1,0.008917037397623062
-1,-1,1,-1,-1,1,-1,-1,1,-1,-1,1,-1,1,-1,1,1,-1,-1,1,0.009015137329697609
-1,-1,1,-1,-1,1,-1,-1,1,-1,-1,1,1,-1,1,1,1,1,1,1,0.009061342105269432
-1,-1,1,-1,-1,1,-1,-1,1,-1,1,-1,1,-1,-1,1,1,1,1,1,0.010143909603357315
-1,-1,1,-1,-1,1,-1,-1,1,-1,1,-1,1,-1,1,1,-1,1,-1,1,0.009737995453178883
-1,-1,1,-1,-1,1,-1,-1,1,-1,1,-1,1,1,-1,1,-1,-1,1,-1,0.0088305389508605
-1,-1,1,-1,-1,1,-1,-1,1,-1,1,1,1,-1,-1,-1,1,1,1,1,0.00977576244622469
-1,-1,1,-1,-1,1,-1,-1,1,1,-1,-1,-1,-1,-1,-1,1,1,-1,-1,0.010903624817728996
-1,-1,1,-1,-1,1,-1,-1,1,1,-1,1,1,-1,1,-1,-1,1,-1,1,0.009134759195148945
-1,-1,1,-1,-1,1,-1,-1,1,1,-1,1,1,-1,1,1,1,-1,-1,-1,0.009822528809309006
-1,-1,1,-1,-1,1,-1,-1,1,1,-1,1,1,1,-1,-1,-1,1,-1,1,0.008787001483142376
-1,-1,1,-1,-1,1,-1,-1,1,1,1,-1,-1,1,-1,1,1,1,1,-1,0.010528640821576118
-1,-1,1,-1,-1,1,-1,-1,1,1,1,-1,-1,1,1,-1,1,-1,-1,-1,0.010253923945128918
-1,-1,1,-1,-1,1,-1,-1,1,1,1,1,-1,-1,-1,-1,1,1,-1,1,0.01086176186800003
-1,-1,1,-1,-1,1,-1,1,-1,-1,-1,1,-1,-1,-1,1,-1,1,1,-1,0.009137631393969059
-1,-1,1,-1,-1,1,-1,1,-1,-1,-1,1,-1,-1,1,1,-1,1,1,1,0.008551640436053276
-1,-1,1,-1,-1,1,-1,1,-1,-1,-1,1,-1,1,1,1,1,-1,-1,1,0.008691683411598206
-1,-1,1,-1,-1,1,-1,1,-1,-1,1,-1,1,-1,1,-1,-1,1,-1,-1,0.009901604615151882
-1,-1,1,-1,-1,1,-1,1,-1,-1,1,1,-1,-1,-1,1,-1,1,-1,1,0.009849939495325089
-1,-1,1,-1,-1,1,-1,1,-1,-1,1,1,1,-1,-1,1,-1,1,1,1,0.00911492295563221
-1,-1,1,-1,-1,1,-1,1,-1,-1,1,1,1,1,1,1,-1,-1,1,1,0.007879150100052357
-1,-1,1,-1,-1,1,-1,1,-1,-1,1,1,1,1,1,1,1,1,-1,1,0.00946115329861641
-1,-1,1,-1,-1,1,-1,1,-1,1,-1,-1,-1,1,-1,1,1,-1,1,-1,0.009412926621735096
-1,-1,1,-1,-1,1,-1,1,-1,1,-1,-1,-1,1,1,1,-1,1,1,-1,0.008955524303019047
-1,-1,1,-1,-1,1,-1,1,-1,1,-1,-1,1,-1,-1,-1,-1,1,1,-1,0.009408840909600258
-1,-1,1,-1,-1,1,-1,1,-1,1,-1,-1,1,-1,-1,-1,1,-1,-1,-1,0.01012391783297062
-1,-1,1,-1,-1,1,-1,1,-1,1,-1,-1,1,1,-1,1,1,1,1,-1,0.009596324525773525
-1,-1,1,-1,-1,1,-1,1,-1,1,-1,1,-1,1,-1,-1,1,-1,1,-1,0.00904477946460247
-1,-1,1,-1,-1,1,-1,1,-1,1,-1,1,1,1,-1,-1,1,1,1,1,0.008869461715221405
-1,-1,1,-1,-1,1,-1,1,-1,1,1,-1,-1,-1,-1,-1,1,-1,1,-1,0.010475104674696922
-1,-1,1,-1,-1,1,-1,1,-1,1,1,-1,1,-1,-1,1,1,1,1,-1,0.010757430456578732
-1,-1,1,-1,-1,1,-1,1,-1,1,1,1,-1,-1,1,-1,-1,1,1,-1,0.009748483076691628
-1,-1,1,-1,-1,1,-1,1,-1,1,1,1,-1,1,1,-1,-1,1,-1,-1,0.00965839996933937
-1,-1,1,-1,-1,1,-1,1,1,-1,-1,-1,1,-1,-1,-1,1,-1,1,-1,0.009134999476373196
-1,-1,1,-1,-1,1,-1,1,1,-1,-1,1,-1,1,1,-1,1,1,1,1,0.008388284593820572
-1,-1,1,-1,-1,1,-1,1,1,-1,-1,1,-1,1,1,1,1,1,-1,-1,0.009330878965556622
-1,-1,1,-1,-1,1,-1,1,1,-1,1,1,-1,1,-1,-1,1,1,1,-1,0.009560348466038704
-1,-1,1,-1,-1,1,-1,1,1,-1,1,1,1,1,-1,-1,-1,-1,-1,-1,0.008698181249201298
-1,-1,1,-1,-1,1,-1,1,1,1,-1,-1,-1,-1,1,-1,1,-1,-1,-1,0.009993723593652248
-1,-1,1,-1,-1,1,-1,1,1,1,-1,-1,-1,-1,1,1,1,-1,1,1,0.009248984977602959
-1,-1,1,-1,-1,1,-1,1,1,1,-1,-1,1,-1,-1,-1,-1,1,1,-1,0.009255857206881046
-1,-1,1,-1,-1,1,-1,1,1,1,-1,-1,1,-1,-1,1,1,1,1,-1,0.010018374770879745
-1,-1,1,-1,-1,1,-1,1,1,1,-1,1,-1,-1,-1,1,1,1,1,1,0.009640505537390709
-1,-1,1,-1,-1,1,-1,1,1,1,-1,1,1,-1,1,1,-1,-1,1,1,0.008066111244261265
-1,-1,1,-1,-1,1,-1,1,1,1,1,-1,-1,-1,1,1,1,1,1,-1,0.01062723621726036
-1,-1,1,-1,-1,1,-1,1,1,1,1,-1,1,-1,-1,1,-1,-1,1,1,0.009148678742349148
-1,-1,1,-1,-1,1,-1,1,1,1,1,-1,1,-1,1,1,1,1,1,-1,0.010377170518040657
-1,-1,1,-1,-1,1,1,-1,-1,-1,-1,-1,-1,1,1,-1,1,1,-1,-1,0.010299869813024998
-1,-1,1,-1,-1,1,1,-1,-1,-1,-1,-1,1,-1,-1,1,-1,1,1,-1,0.009802501648664474
-1,-1,1,-1,-1,1,1,-1,-1,-1,-1,-1,1,1,1,-1,-1,1,-1,-1,0.00938621535897255
-1,-1,1,-1,-1,1,1,-1,-1,-1,-1,-1,1,1,1,1,-1,1,-1,-1,0.00948514323681593
-1,-1,1,-1,-1,1,1,-1,-1,-1,-1,1,-1,-1,-1,1,1,1,-1,-1,0.010931888595223427
-1,-1,1,-1,-1,1,1,-1,-1,-1,-1,1,1,1,-1,-1,-1,1,-1,1,0.008985556662082672
-1,-1,1,-1,-1,1,1,-1,-1,-1,-1,1,1,1,-1,1,-1,-1,1,1,0.008166070096194744
-1,-1,1,-1,-1,1,1,-1,-1,-1,-1,1,1,1,1,1,-1,-1,-1,-1,0.008782460354268551
-1,-1,1,-1,-1,1,1,-1,-1,-1,1,-1,-1,1,-1,1,1,1,1,-1,0.01072719506919384
-1,-1,1,-1,-1,1,1,-1,-1,-1,1,-1,1,-1,-1,1,-1,1,-1,1,0.010514809750020504
-1,-1,1,-1,-1,1,1,-1,-1,-1,1,-1,1,-1,1,1,1,-1,1,1,0.010032708756625652
-1,-1,1,-1,-1,1,1,-1,-1,-1,1,-1,1,1,1,1,-1,1,1,-1,0.009586264379322529
-1,-1,1,-1,-1,1,1,-1,-1,-1,1,1,1,-1,1,1,1,-1,1,1,0.009763489477336407
-1,-1,1,-1,-1,1,1,-1,-1,1,-1,-1,-1,-1,-1,1,-1,-1,1,1,0.009611371904611588
-1,-1,1,-1,-1,1,1,-1,-1,1,-1,-1,1,-1,-1,1,1,1,1,-1,0.010817074216902256
-1,-1,1,-1,-1,1,1,-1,-1,1,-1,-1,1,-1,1,-1,-1,-1,-1,-1,0.00987876858562231
-1,-1,1,-1,-1,1,1,-1,-1,1,1,1,-1,-1,1,1,-1,1,1,1,0.010134411975741386
-1,-1,1,-1,-1,1,1,-1,-1,1,1,1,-1,1,-1,1,-1,-1,1,1,0.00935319159179926
-1,-1,1,-1,-1,1,1,-1,-1,1,1,1,1,-1,-1,1,1,-1,-1,-1,0.011185415089130402
-1,-1,1,-1,-1,1,1,-1,-1,1,1,1,1,-1,1,1,-1,-1,-1,-1,0.010294550098478794
-1,-1,1,-1,-1,1,1,-1,-1,1,1,1,1,-1,1,1,-1,1,-1,-1,0.010728012770414352
-1,-1,1,-1,-1,1,1,-1,-1,1,1,1,1,1,-1,1,-1,1,1,-1,0.009895305149257183
-1,-1,1,-1,-1,1,1,-1,-1,1,1,1,1,1,1,1,1,1,-1,1,0.01045785378664732
-1,-1,1,-1,-1,1,1,-1,1,-1,-1,-1,-1,-1,-1,-1,1,1,-1,1,0.010590480640530586
-1,-1,1,-1,-1,1,1,-1,1,-1,-1,-1,1,-1,-1,1,1,1,1,1,0.009954392910003662
-1,-1,1,-1,-1,1,1,-1,1,-1,-1,1,-1,-1,1,-1,1,1,-1,-1,0.010452700778841972
-1,-1,1,-1,-1,1,1,-1,1,-1,-1,1,1,-1,-1,1,1,-1,1,-1,0.009610425680875778
-1,-1,1,-1,-1,1,1,-1,1,-1,-1,1,1,-1,1,-1,-1,1,-1,1,0.00918033067137003
-1,-1,1,-1,-1,1,1,-1,1,-1,-1,1,1,1,-1,-1,1,-1,1,1,0.008577748201787472
-1,-1,1,-1,-1,1,1,-1,1,-1,1,-1,-1,1,-1,-1,1,1,-1,1,0.010601519607007504
-1,-1,1,-1,-1,1,1,-1,1,-1,1,-1,1,1,1,1,1,1,-1,-1,0.010581821203231812
-1,-1,1,-1,-1,1,1,-1,1,-1,1,1,-1,-1,-1,1,-1,1,-1,1,0.01034267246723175
-1,-1,1,-1,-1,1,1,-1,1,-1,1,1,-1,1,1,-1,1,-1,1,-1,0.009545325301587582
-1,-1,1,-1,-1,1,1,-1,1,-1,1,1,-1,1,1,1,-1,1,-1,1,0.00954036321491003
-1,-1,1,-1,-1,1,1,-1,1,-1,1,1,1,1,1,1,1,1,-1,-1,0.010312601923942566
-1,-1,1,-1,-1,1,1,-1,1,1,-1,-1,-1,-1,-1,-1,1,-1,-1,1,0.01050800085067749
-1,-1,1,-1,-1,1,1,-1,1,1,-1,-1,-1,-1,1,1,1,1,-1,-1,0.011171831749379635
-1,-1,1,-1,-1,1,1,-1,1,1,-1,1,-1,-1,-1,-1,-1,1,1,1,0.009523704648017883
-1,-1,1,-1,-1,1,1,-1,1,1,-1,1,1,-1,-1,-1,1,-1,-1,1,0.009988715872168541
-1,-1,1,-1,-1,1,1,-1,1,1,1,-1,-1,-1,-1,-1,1,1,-1,-1,0.011886252090334892
-1,-1,1,-1,-1,1,1,-1,1,1,1,1,-1,-1,1,-1,-1,-1,-1,-1,0.010292704217135906
-1,-1,1,-1,-1,1,1,-1,1,1,1,1,1,-1,-1,-1,-1,1,-1,-1,0.010703378356993198
-1,-1,1,-1,-1,1,1,-1,1,1,1,1,1,1,-1,1,1,1,-1,1,0.010532146319746971
-1,-1,1,-1,-1,1,1,1,-1,-1,-1,-1,-1,-1,-1,1,-1,-1,-1,-1,0.009854893200099468
-1,-1,1,-1,-1,1,1,1,-1,-1,-1,-1,-1,1,1,1,-1,1,1,-1,0.009001095779240131
-1,-1,1,-1,-1,1,1,1,-1,-1,-1,-1,1,-1,-1,1,1,-1,-1,-1,0.010268417187035084
-1,-1,1,-1,-1,1,1,1,-1,-1,-1,1,1,-1,-1,1,1,-1,1,-1,0.009514247067272663
-1,-1,1,-1,-1,1,1,1,-1,-1,1,-1,1,1,-1,1,1,1,1,1,0.009869253262877464
-1,-1,1,-1,-1,1,1,1,-1,-1,1,-1,1,1,1,-1,1,1,-1,-1,0.010386714711785316
-1,-1,1,-1,-1,1,1,1,-1,-1,1,1,-1,1,-1,1,-1,-1,-1,-1,0.00959671288728714
-1,-1,1,-1,-1,1,1,1,-1,-1,1,1,-1,1,1,1,-1,-1,-1,1,0.009010720998048782
-1,-1,1,-1,-1,1,1,1,-1,-1,1,1,1,-1,-1,1,-1,1,1,1,0.009511478245258331
-1,-1,1,-1,-1,1,1,1,-1,1,-1,-1,-1,-1,1,1,-1,-1,-1,1,0.009619885124266148
-1,-1,1,-1,-1,1,1,1,-1,1,-1,1,-1,1,-1,-1,-1,1,-1,1,0.009337443858385086
-1,-1,1,-1,-1,1,1,1,-1,1,-1,1,1,-1,1,-1,-1,1,-1,-1,0.009793851524591446
-1,-1,1,-1,-1,1,1,1,-1,1,1,-1,-1,1,-1,1,-1,-1,-1,1,0.009858199395239353
-1,-1,1,-1,-1,1,1,1,-1,1,1,-1,-1,1,1,1,-1,-1,-1,1,0.00963092315942049
-1,-1,1,-1,-1,1,1,1,-1,1,1,-1,1,-1,1,-1,-1,1,-1,1,0.010290427133440971
-1,-1,1,-1,-1,1,1,1,1,-1,-1,-1,-1,-1,1,1,1,1,-1,1,0.010212970897555351
-1,-1,1,-1,-1,1,1,1,1,-1,-1,1,-1,-1,-1,1,-1,-1,1,-1,0.00894774030894041
-1,-1,1,-1,-1,1,1,1,1,-1,1,-1,-1,-1,-1,1,-1,1,1,-1,0.010236495174467564
-1,-1,1,-1,-1,1,1,1,1,-1,1,1,-1,-1,-1,-1,1,-1,1,-1,0.010098474100232124
-1,-1,1,-1,-1,1,1,1,1,-1,1,1,-1,1,1,1,-1,-1,-1,-1,0.00921645388007164
-1,-1,1,-1,-1,1,1,1,1,-1,1,1,1,-1,1,1,1,-1,1,1,0.009361344389617443
-1,-1,1,-1,-1,1,1,1,1,1,-1,-1,-1,1,-1,1,-1,1,-1,1,0.0095526073127985
-1,-1,1,-1,-1,1,1,1,1,1,-1,-1,-1,1,-1,1,1,1,1,-1,0.010089961811900139
-1,-1,1,-1,-1,1,1,1,1,1,-1,-1,1,-1,-1,-1,-1,1,1,1,0.009293696843087673
-1,-1,1,-1,-1,1,1,1,1,1,-1,1,-1,1,1,1,-1,-1,1,-1,0.008496413007378578
-1,-1,1,-1,-1,1,1,1,1,1,-1,1,-1,1,1,1,1,1,-1,1,0.00971970148384571
-1,-1,1,-1,-1,1,1,1,1,1,-1,1,1,1,1,-1,1,1,-1,1,0.009370707906782627
-1,-1,1,-1,-1,1,1,1,1,1,1,-1,-1,1,-1,1,-1,1,1,-1,0.010012444108724594
-1,-1,1,-1,1,-1,-1,-1,-1,-1,-1,-1,-1,-1,-1,1,1,-1,1,1,0.009942189790308475
-1,-1,1,-1,1,-1,-1,-1,-1,-1,-1,-1,1,-1,1,-1,1,-1,1,1,0.009365919977426529
-1,-1,1,-1,1,-1,-1,-1,-1,-1,-1,1,1,-1,1,1,1,1,-1,-1,0.010472758673131466
-1,-1,1,-1,1,-1,-1,-1,-1,-1,1,-1,-1,1,1,-1,-1,1,1,1,0.009396897628903389
-1,-1,1,-1,1,-1,-1,-1,-1,-1,1,1,-1,1,-1,-1,1,-1,1,-1,0.009943796321749687
-1,-1,1,-1,1,-1,-1,-1,-1,-1,1,1,-1,1,-1,-1,1,1,-1,1,0.0105034951120615
-1,-1,1,-1,1,-1,-1,-1,-1,-1,1,1,-1,1,-1,-1,1,1,1,-1,0.01037725992500782
-1,-1,1,-1,1,-1,-1,-1,-1,-1,1,1,1,-1,-1,-1,-1,-1,1,1,0.009246460162103176
-1,-1,1,-1,1,-1,-1,-1,-1,-1,1,1,1,-1,1,1,1,-1,-1,-1,0.010625367984175682
-1,-1,1,-1,1,-1,-1,-1,-1,-1,1,1,1,1,-1,1,1,-1,1,1,0.009433943778276443
-1,-1,1,-1,1,-1,-1,-1,-1,1,-1,-1,-1,-1,1,1,1,1,-1,1,0.010984310880303383
-1,-1,1,-1,1,-1,-1,-1,-1,1,-1,-1,-1,1,1,-1,1,-1,1,-1,0.009750650264322758
-1,-1,1,-1,1,-1,-1,-1,-1,1,-1,-1,1,-1,-1,-1,-1,1,1,1,0.009714053012430668
-1,-1,1,-1,1,-1,-1,-1,-1,1,-1,-1,1,-1,-1,1,-1,1,1,-1,0.010171696543693542
-1,-1,1,-1,1,-1,-1,-1,-1,1,-1,-1,1,1,1,-1,1,1,1,-1,0.009934048168361187
-1,-1,1,-1,1,-1,-1,-1,-1,1,-1,1,-1,-1,1,-1,1,-1,-1,1,0.010182700119912624
-1,-1,1,-1,1,-1,-1,-1,-1,1,-1,1,-1,1,-1,1,1,1,-1,-1,0.010726049542427063
-1,-1,1,-1,1,-1,-1,-1,-1,1,-1,1,-1,1,1,-1,-1,-1,-1,1,0.008944077417254448
-1,-1,1,-1,1,-1,-1,-1,-1,1,-1,1,-1,1,1,1,-1,1,1,-1,0.009350232779979706
-1,-1,1,-1,1,-1,-1,-1,-1,1,1,-1,-1,1,1,1,-1,1,-1,1,0.010331760160624981
-1,-1,1,-1,1,-1,-1,-1,-1,1,1,-1,1,-1,-1,1,-1,1,1,-1,0.010757769457995892
-1,-1,1,-1,1,-1,-1,-1,-1,1,1,1,-1,-1,-1,1,1,1,-1,1,0.011528439819812775
-1,-1,1,-1,1,-1,-1,-1,-1,1,1,1,-1,-1,1,-1,-1,1,1,-1,0.010412411764264107
-1,-1,1,-1,1,-1,-1,-1,-1,1,1,1,-1,-1,1,-1,1,1,-1,-1,0.011560952290892601
-1,-1,1,-1,1,-1,-1,-1,-1,1,1,1,-1,-1,1,1,-1,-1,-1,-1,0.010562826879322529
-1,-1,1,-1,1,-1,-1,-1,-1,1,1,1,-1,1,1,1,-1,1,-1,-1,0.01042125653475523
-1,-1,1,-1,1,-1,-1,-1,1,-1,-1,-1,-1,-1,-1,1,-1,-1,-1,-1,0.009969282895326614
-1,-1,1,-1,1,-1,-1,-1,1,-1,-1,-1,1,-1,-1,-1,1,1,1,1,0.009873676113784313
-1,-1,1,-1,1,-1,-1,-1,1,-1,-1,-1,1,1,1,-1,1,-1,1,1,0.00863790325820446
-1,-1,1,-1,1,-1,-1,-1,1,-1,-1,1,1,1,-1,-1,-1,1,1,1,0.008365834131836891
-1,-1,1,-1,1,-1,-1,-1,1,-1,1,-1,1,-1,-1,1,-1,1,-1,1,0.010380038060247898
-1,-1,1,-1,1,-1,-1,-1,1,-1,1,-1,1,1,-1,1,1,-1,1,1,0.009550179354846478
-1,-1,1,-1,1,-1,-1,-1,1,-1,1,-1,1,1,-1,1,1,1,-1,1,0.010468593798577785
-1,-1,1,-1,1,-1,-1,-1,1,-1,1,-1,1,1,1,-1,-1,-1,-1,-1,0.009404052048921585
-1,-1,1,-1,1,-1,-1,-1,1,-1,1,1,-1,-1,-1,-1,1,1,1,1,0.01044059544801712
-1,-1,1,-1,1,-1,-1,-1,1,-1,1,1,1,-1,-1,1,1,1,1,-1,0.010648172348737717
-1,-1,1,-1,1,-1,-1,-1,1,1,-1,-1,-1,-1,-1,-1,-1,1,1,1,0.00981113500893116
-1,-1,1,-1,1,-1,-1,-1,1,1,-1,-1,-1,1,1,1,-1,-1,1,-1,0.009033005684614182
-1,-1,1,-1,1,-1,-1,-1,1,1,-1,-1,1,-1,-1,-1,1,-1,-1,1,0.010276147164404392
-1,-1,1,-1,1,-1,-1,-1,1,1,-1,-1,1,1,1,1,-1,1,-1,1,0.009342638775706291
-1,-1,1,-1,1,-1,-1,-1,1,1,-1,1,-1,-1,1,1,1,-1,1,-1,0.010002410039305687
-1,-1,1,-1,1,-1,-1,-1,1,1,-1,1,1,-1,-1,-1,-1,-1,-1,1,0.009343338198959827
-1,-1,1,-1,1,-1,-1,-1,1,1,-1,1,1,-1,1,-1,-1,-1,1,1,0.00863111112266779
-1,-1,1,-1,1,-1,-1,-1,1,1,-1,1,1,-1,1,-1,1,1,-1,1,0.010213115252554417
-1,-1,1,-1,1,-1,-1,-1,1,1,1,-1,1,1,-1,-1,-1,-1,-1,1,0.00962359644472599
-1,-1,1,-1,1,-1,-1,-1,1,1,1,1,-1,-1,-1,-1,1,1,1,-1,0.011150293983519077
-1,-1,1,-1,1,-1,-1,-1,1,1,1,1,-1,-1,1,-1,-1,1,1,-1,0.010259428061544895
-1,-1,1,-1,1,-1,-1,-1,1,1,1,1,1,-1,-1,1,1,1,1,1,0.010640440508723259
-1,-1,1,-1,1,-1,-1,1,-1,-1,-1,1,-1,-1,1,1,1,-1,-1,1,0.00968148373067379
-1,-1,1,-1,1,-1,-1,1,-1,-1,-1,1,-1,1,1,-1,1,-1,-1,1,0.009007521905004978
-1,-1,1,-1,1,-1,-1,1,-1,-1,-1,1,-1,1,1,-1,1,1,1,-1,0.009314749389886856
-1,-1,1,-1,1,-1,-1,1,-1,-1,-1,1,1,-1,-1,-1,1,1,1,-1,0.009866993874311447
-1,-1,1,-1,1,-1,-1,1,-1,-1,-1,1,1,-1,-1,1,1,-1,-1,-1,0.010017409920692444
-1,-1,1,-1,1,-1,-1,1,-1,-1,-1,1,1,1,-1,1,-1,-1,1,-1,0.008293835446238518
-1,-1,1,-1,1,-1,-1,1,-1,-1,1,-1,-1,-1,-1,-1,-1,-1,1,-1,0.009875298477709293
-1,-1,1,-1,1,-1,-1,1,-1,-1,1,1,-1,1,-1,1,-1,1,1,1,0.009204721078276634
-1,-1,1,-1,1,-1,-1,1,-1,-1,1,1,1,-1,-1,1,1,1,-1,-1,0.011036945506930351
-1,-1,1,-1,1,-1,-1,1,-1,1,-1,1,1,-1,1,1,-1,-1,-1,1,0.009118812158703804
-1,-1,1,-1,1,-1,-1,1,-1,1,-1,1,1,1,-1,-1,1,1,-1,-1,0.010127894580364227
-1,-1,1,-1,1,-1,-1,1,-1,1,1,-1,-1,1,1,1,1,-1,1,-1,0.01018648874014616
-1,-1,1,-1,1,-1,-1,1,-1,1,1,-1,1,1,-1,-1,1,1,-1,-1,0.010983185842633247
-1,-1,1,-1,1,-1,-1,1,-1,1,1,-1,1,1,1,-1,1,1,1,-1,0.01027095876634121
-1,-1,1,-1,1,-1,-1,1,-1,1,1,1,-1,-1,1,1,-1,1,-1,1,0.010388413444161415
-1,-1,1,-1,1,-1,-1,1,-1,1,1,1,-1,-1,1,1,1,-1,1,-1,0.010492303408682346
-1,-1,1,-1,1,-1,-1,1,-1,1,1,1,-1,1,-1,1,-1,-1,-1,-1,0.009965907782316208
-1,-1,1,-1,1,-1,-1,1,1,-1,-1,1,-1,-1,-1,1,1,1,1,1,0.0097042890265584
-1,-1,1,-1,1,-1,-1,1,1,-1,-1,1,-1,-1,1,-1,-1,-1,1,1,0.008281031623482704
-1,-1,1,-1,1,-1,-1,1,1,-1,-1,1,-1,1,1,-1,-1,-1,-1,-1,0.008549665100872517
-1,-1,1,-1,1,-1,-1,1,1,-1,-1,1,1,1,1,-1,-1,1,1,-1,0.008248111233115196
-1,-1,1,-1,1,-1,-1,1,1,-1,1,-1,-1,1,1,-1,1,1,-1,1,0.01014329306781292
-1,-1,1,-1,1,-1,-1,1,1,-1,1,-1,1,1,-1,1,1,-1,1,-1,0.00965973362326622
-1,-1,1,-1,1,-1,-1,1,1,-1,1,-1,1,1,1,-1,-1,-1,-1,1,0.008796175010502338
-1,-1,1,-1,1,-1,-1,1,1,-1,1,-1,1,1,1,1,-1,1,1,-1,0.009202331304550171
-1,-1,1,-1,1,-1,-1,1,1,-1,1,1,-1,-1,1,-1,-1,-1,-1,1,0.009352055378258228
-1,-1,1,-1,1,-1,-1,1,1,-1,1,1,1,-1,1,-1,1,-1,-1,1,0.009765579365193844
-1,-1,1,-1,1,-1,-1,1,1,1,-1,-1,-1,1,-1,-1,1,-1,-1,-1,0.010060732252895832
-1,-1,1,-1,1,-1,-1,1,1,1,-1,-1,1,-1,1,-1,1,1,1,-1,0.010106937028467655
-1,-1,1,-1,1,-1,-1,1,1,1,-1,1,1,1,-1,1,-1,-1,1,-1,0.008491835556924343
-1,-1,1,-1,1,-1,-1,1,1,1,1,-1,-1,-1,-1,-1,1,1,1,1,0.010811635293066502
-1,-1,1,-1,1,-1,-1,1,1,1,1,-1,-1,1,-1,1,1,1,-1,-1,0.01117919571697712
-1,-1,1,-1,1,-1,-1,1,1,1,1,-1,-1,1,1,-1,-1,1,-1,1,0.009830687195062637
-1,-1,1,-1,1,-1,-1,1,1,1,1,-1,-1,1,1,1,-1,1,-1,1,0.009929615072906017
-1,-1,1,-1,1,-1,-1,1,1,1,1,-1,-1,1,1,1,-1,1,1,-1,0.009803379885852337
-1,-1,1,-1,1,-1,-1,1,1,1,1,-1,1,-1,1,-1,1,1,1,-1,0.01069300901144743
-1,-1,1,-1,1,-1,-1,1,1,1,1,1,-1,1,-1,1,-1,1,1,1,0.00940272118896246
-1,-1,1,-1,1,-1,-1,1,1,1,1,1,-1,1,-1,1,1,-1,-1,-1,0.010476513765752316
-1,-1,1,-1,1,-1,-1,1,1,1,1,1,1,-1,-1,1,1,-1,1,-1,0.010316531173884869
-1,-1,1,-1,1,-1,-1,1,1,1,1,1,1,1,-1,-1,1,-1,-1,1,0.009768804535269737
-1,-1,1,-1,1,-1,1,-1,-1,-1,-1,-1,-1,1,-1,1,-1,1,1,-1,0.009892300702631474
-1,-1,1,-1,1,-1,1,-1,-1,-1,-1,1,-1,-1,1,-1,-1,-1,-1,-1,0.009923398494720459
-1,-1,1,-1,1,-1,1,-1,-1,-1,-1,1,-1,1,1,-1,-1,-1,-1,1,0.008989648893475533
-1,-1,1,-1,1,-1,1,-1,-1,-1,1,-1,-1,1,-1,-1,1,-1,1,1,0.01025085523724556
-1,-1,1,-1,1,-1,1,-1,-1,-1,1,-1,1,-1,-1,-1,-1,1,-1,1,0.010830648243427277
-1,-1,1,-1,1,-1,1,-1,-1,-1,1,-1,1,-1,-1,-1,1,-1,-1,-1,0.011419489979743958
-1,-1,1,-1,1,-1,1,-1,-1,-1,1,-1,1,1,1,-1,1,-1,-1,-1,0.010617179796099663
-1,-1,1,-1,1,-1,1,-1,-1,-1,1,1,-1,-1,-1,1,1,-1,-1,-1,0.011499264277517796
-1,-1,1,-1,1,-1,1,-1,-1,-1,1,1,-1,1,1,1,1,1,-1,1,0.010771702043712139
-1,-1,1,-1,1,-1,1,-1,-1,-1,1,1,1,-1,-1,-1,1,1,-1,-1,0.011583734303712845
-1,-1,1,-1,1,-1,1,-1,-1,-1,1,1,1,-1,-1,1,-1,1,-1,1,0.010660357773303986
-1,-1,1,-1,1,-1,1,-1,-1,1,-1,-1,-1,1,1,1,-1,1,1,1,0.009657291695475578
-1,-1,1,-1,1,-1,1,-1,-1,1,-1,-1,1,-1,1,1,-1,-1,1,1,0.009548796340823174
-1,-1,1,-1,1,-1,1,-1,-1,1,-1,-1,1,-1,1,1,1,1,1,-1,0.01100456528365612
-1,-1,1,-1,1,-1,1,-1,-1,1,-1,-1,1,1,1,-1,1,1,-1,1,0.010456838645040989
-1,-1,1,-1,1,-1,1,-1,-1,1,-1,1,1,1,-1,-1,1,1,-1,1,0.010414895601570606
-1,-1,1,-1,1,-1,1,-1,-1,1,-1,1,1,1,1,-1,-1,1,-1,-1,0.009882746264338493
-1,-1,1,-1,1,-1,1,-1,-1,1,1,-1,1,-1,1,-1,-1,1,1,1,0.010469404980540276
-1,-1,1,-1,1,-1,1,-1,-1,1,1,-1,1,1,-1,1,-1,-1,-1,1,0.010272062383592129
-1,-1,1,-1,1,-1,1,-1,-1,1,1,1,-1,-1,-1,-1,-1,-1,1,-1,0.010602779686450958
-1,-1,1,-1,1,-1,1,-1,-1,1,1,1,1,1,1,1,1,-1,1,1,0.009954205714166164
-1,-1,1,-1,1,-1,1,-1,1,-1,-1,-1,1,-1,-1,-1,1,-1,-1,1,0.010321718640625477
-1,-1,1,-1,1,-1,1,-1,1,-1,-1,-1,1,1,1,-1,1,1,1,1,0.00946792121976614
-1,-1,1,-1,1,-1,1,-1,1,-1,1,-1,1,-1,-1,-1,-1,1,-1,-1,0.011036381125450134
-1,-1,1,-1,1,-1,1,-1,1,-1,1,-1,1,1,1,-1,-1,1,-1,1,0.009875355288386345
-1,-1,1,-1,1,-1,1,-1,1,-1,1,1,1,-1,-1,-1,1,1,1,1,0.010587085038423538
-1,-1,1,-1,1,-1,1,-1,1,-1,1,1,1,-1,-1,1,1,-1,1,1,0.010252549313008785
-1,-1,1,-1,1,-1,1,-1,1,-1,1,1,1,-1,1,1,-1,1,1,-1,0.01015386264771223
-1,-1,1,-1,1,-1,1,-1,1,1,-1,-1,1,-1,1,1,1,1,1,1,0.010492865927517414
-1,-1,1,-1,1,-1,1,-1,1,1,-1,1,-1,-1,-1,1,-1,-1,1,-1,0.009962651878595352
-1,-1,1,-1,1,-1,1,-1,1,1,-1,1,-1,1,-1,-1,-1,1,1,-1,0.009722152724862099
-1,-1,1,-1,1,-1,1,-1,1,1,-1,1,-1,1,-1,-1,1,-1,-1,-1,0.01043722964823246
-1,-1,1,-1,1,-1,1,-1,1,1,-1,1,1,-1,-1,1,-1,-1,-1,1,0.009838821366429329
-1,-1,1,-1,1,-1,1,-1,1,1,1,1,-1,-1,1,-1,1,-1,-1,-1,0.011371060274541378
-1,-1,1,-1,1,-1,1,-1,1,1,1,1,1,-1,-1,1,1,-1,-1,-1,0.011447198688983917
-1,-1,1,-1,1,-1,1,1,-1,-1,-1,-1,-1,1,1,-1,-1,1,-1,1,0.009443170391023159
-1,-1,1,-1,1,-1,1,1,-1,-1,-1,-1,1,1,-1,-1,1,1,-1,1,0.010083969682455063
-1,-1,1,-1,1,-1,1,1,-1,-1,-1,1,-1,-1,-1,1,1,1,-1,-1,0.011097493581473827
-1,-1,1,-1,1,-1,1,1,-1,-1,-1,1,-1,1,1,-1,-1,-1,-1,-1,0.009099203161895275
-1,-1,1,-1,1,-1,1,1,-1,-1,-1,1,1,-1,-1,1,-1,-1,1,1,0.008906709030270576
-1,-1,1,-1,1,-1,1,1,-1,-1,-1,1,1,-1,1,1,-1,-1,-1,1,0.009164383634924889
-1,-1,1,-1,1,-1,1,1,-1,-1,-1,1,1,1,1,1,-1,1,1,-1,0.00889657810330391
-1,-1,1,-1,1,-1,1,1,-1,-1,1,-1,1,-1,1,-1,1,1,1,1,0.010532849468290806
-1,-1,1,-1,1,-1,1,1,-1,-1,1,1,-1,1,1,1,-1,1,-1,-1,0.010217666625976562
-1,-1,1,-1,1,-1,1,1,-1,-1,1,1,1,1,-1,-1,-1,1,1,1,0.009252282790839672
-1,-1,1,-1,1,-1,1,1,-1,1,-1,-1,-1,-1,1,-1,-1,-1,1,1,0.009450772777199745
-1,-1,1,-1,1,-1,1,1,-1,1,-1,-1,-1,1,1,-1,1,-1,-1,1,0.010024279356002808
-1,-1,1,-1,1,-1,1,1,-1,1,-1,-1,1,-1,-1,-1,1,-1,1,1,0.010091572999954224
-1,-1,1,-1,1,-1,1,1,-1,1,-1,-1,1,-1,-1,1,-1,1,-1,1,0.010445325635373592
-1,-1,1,-1,1,-1,1,1,-1,1,-1,1,-1,-1,1,-1,-1,1,1,1,0.009615017101168633
-1,-1,1,-1,1,-1,1,1,-1,1,1,-1,1,-1,-1,-1,1,-1,1,-1,0.011036360636353493
-1,-1,1,-1,1,-1,1,1,-1,1,1,1,-1,-1,1,-1,1,1,-1,1,0.011349629610776901
-1,-1,1,-1,1,-1,1,1,-1,1,1,1,-1,-1,1,1,-1,-1,-1,1,0.010351505130529404
-1,-1,1,-1,1,-1,1,1,-1,1,1,1,-1,1,1,-1,-1,1,1,1,0.009626055136322975
-1,-1,1,-1,1,-1,1,1,1,-1,-1,-1,1,-1,-1,-1,-1,-1,1,-1,0.009282732382416725
-1,-1,1,-1,1,-1,1,1,1,-1,-1,-1,1,1,1,-1,-1,1,-1,-1,0.009398836642503738
-1,-1,1,-1,1,-1,1,1,1,-1,-1,-1,1,1,1,-1,1,1,1,1,0.009218759834766388
-1,-1,1,-1,1,-1,1,1,1,-1,-1,1,-1,1,1,1,1,-1,1,-1,0.009223786182701588
-1,-1,1,-1,1,-1,1,1,1,-1,-1,1,1,-1,-1,-1,1,1,-1,1,0.010236801579594612
-1,-1,1,-1,1,-1,1,1,1,-1,1,-1,-1,-1,-1,-1,-1,1,-1,-1,0.011037284508347511
-1,-1,1,-1,1,-1,1,1,1,-1,1,-1,-1,1,1,1,1,-1,-1,-1,0.010564028285443783
-1,-1,1,-1,1,-1,1,1,1,-1,1,-1,1,-1,-1,-1,1,-1,-1,1,0.0106586292386055
-1,-1,1,-1,1,-1,1,1,1,-1,1,1,-1,-1,-1,-1,1,-1,-1,1,0.010639475658535957
-1,-1,1,-1,1,-1,1,1,1,1,-1,-1,-1,-1,-1,-1,-1,1,1,-1,0.010317244566977024
-1,-1,1,-1,1,-1,1,1,1,1,-1,-1,-1,-1,-1,-1,1,-1,1,1,0.010188654996454716
-1,-1,1,-1,1,-1,1,1,1,1,-1,-1,-1,-1,1,-1,1,-1,-1,1,0.010446329601109028
-1,-1,1,-1,1,-1,1,1,1,1,-1,1,-1,-1,-1,1,1,1,1,1,0.010451827198266983
-1,-1,1,-1,1,-1,1,1,1,1,-1,1,-1,1,1,-1,-1,1,1,1,0.008886999450623989
-1,-1,1,-1,1,-1,1,1,1,1,-1,1,1,-1,1,-1,-1,1,-1,1,0.009696918539702892
-1,-1,1,-1,1,-1,1,1,1,1,1,-1,1,1,-1,-1,-1,1,-1,-1,0.010563168674707413
-1,-1,1,-1,1,-1,1,1,1,1,1,1,-1,1,-1,-1,-1,1,-1,-1,0.01054401509463787
-1,-1,1,-1,1,-1,1,1,1,1,1,1,1,1,1,-1,1,-1,-1,1,0.009938083589076996
-1,-1,1,-1,1,1,-1,-1,-1,-1,-1,-1,1,1,1,1,1,1,1,-1,0.009949986822903156
-1,-1,1,-1,1,1,-1,-1,-1,-1,-1,1,-1,-1,1,1,1,1,1,1,0.010147151537239552
-1,-1,1,-1,1,1,-1,-1,-1,-1,-1,1,1,1,1,-1,1,-1,-1,-1,0.009633326902985573
-1,-1,1,-1,1,1,-1,-1,-1,-1,1,-1,-1,1,-1,1,1,-1,-1,-1,0.01106488797813654
-1,-1,1,-1,1,1,-1,-1,-1,-1,1,-1,-1,1,1,-1,1,1,-1,-1,0.01117214746773243
-1,-1,1,-1,1,1,-1,-1,-1,-1,1,-1,1,-1,-1,-1,-1,-1,1,-1,0.010142387822270393
-1,-1,1,-1,1,1,-1,-1,-1,-1,1,-1,1,-1,1,1,-1,1,-1,-1,0.010932453908026218
-1,-1,1,-1,1,1,-1,-1,-1,-1,1,-1,1,1,-1,1,1,-1,-1,-1,0.01081482321023941
-1,-1,1,-1,1,1,-1,-1,-1,-1,1,-1,1,1,1,1,-1,1,1,1,0.009513754397630692
-1,-1,1,-1,1,1,-1,-1,-1,-1,1,1,-1,-1,1,-1,-1,1,1,-1,0.010329421609640121
-1,-1,1,-1,1,1,-1,-1,-1,-1,1,1,-1,-1,1,1,-1,-1,1,-1,0.009994886815547943
-1,-1,1,-1,1,1,-1,-1,-1,-1,1,1,-1,1,1,-1,1,-1,-1,1,0.010110749863088131
-1,-1,1,-1,1,1,-1,-1,-1,1,-1,-1,-1,-1,-1,-1,-1,-1,1,-1,0.010157364420592785
-1,-1,1,-1,1,1,-1,-1,-1,1,-1,-1,1,-1,-1,1,1,-1,1,-1,0.01066981628537178
-1,-1,1,-1,1,1,-1,-1,-1,1,-1,-1,1,-1,1,1,1,-1,-1,-1,0.010927490890026093
-1,-1,1,-1,1,1,-1,-1,-1,1,-1,-1,1,1,-1,1,-1,-1,-1,-1,0.009916144423186779
-1,-1,1,-1,1,1,-1,-1,-1,1,-1,1,-1,-1,-1,1,1,-1,-1,-1,0.011135613545775414
-1,-1,1,-1,1,1,-1,-1,-1,1,-1,1,-1,1,1,1,-1,1,1,-1,0.009618226438760757
-1,-1,1,-1,1,1,-1,-1,-1,1,-1,1,1,1,1,1,-1,-1,1,1,0.008575982414186
-1,-1,1,-1,1,1,-1,-1,-1,1,1,-1,-1,-1,-1,-1,1,-1,-1,1,0.011533262208104134
-1,-1,1,-1,1,1,-1,-1,-1,1,1,-1,-1,1,-1,-1,-1,-1,1,1,0.009809687733650208
-1,-1,1,-1,1,1,-1,-1,-1,1,1,1,-1,-1,-1,1,1,-1,1,1,0.010878019966185093
-1,-1,1,-1,1,1,-1,-1,-1,1,1,1,-1,1,-1,1,-1,-1,-1,-1,0.010483062826097012
-1,-1,1,-1,1,1,-1,-1,-1,1,1,1,-1,1,-1,1,-1,-1,-1,1,0.010124347172677517
-1,-1,1,-1,1,1,-1,-1,-1,1,1,1,1,-1,-1,1,1,-1,1,1,0.01062795426696539
-1,-1,1,-1,1,1,-1,-1,-1,1,1,1,1,1,1,-1,-1,-1,-1,1,0.009548078291118145
-1,-1,1,-1,1,1,-1,-1,1,-1,-1,-1,1,1,-1,-1,-1,1,1,1,0.008903047069907188
-1,-1,1,-1,1,1,-1,-1,1,-1,-1,-1,1,1,-1,1,-1,1,-1,1,0.009486925788223743
-1,-1,1,-1,1,1,-1,-1,1,-1,-1,1,-1,-1,-1,-1,1,-1,-1,-1,0.01053271908313036
-1,-1,1,-1,1,1,-1,-1,1,-1,-1,1,-1,1,1,1,1,-1,-1,1,0.009470622055232525
-1,-1,1,-1,1,1,-1,-1,1,-1,-1,1,1,-1,-1,-1,-1,-1,1,1,0.008775398135185242
-1,-1,1,-1,1,1,-1,-1,1,-1,-1,1,1,-1,-1,-1,1,1,-1,-1,0.010716116987168789
-1,-1,1,-1,1,1,-1,-1,1,-1,1,-1,-1,-1,1,1,1,1,1,-1,0.011208174750208855
-1,-1,1,-1,1,1,-1,-1,1,-1,1,-1,-1,1,-1,-1,1,1,-1,-1,0.01124644000083208
-1,-1,1,-1,1,1,-1,-1,1,-1,1,-1,-1,1,1,1,-1,1,-1,1,0.010095787234604359
-1,-1,1,-1,1,1,-1,-1,1,-1,1,-1,1,-1,-1,1,-1,-1,1,1,0.009729617275297642
-1,-1,1,-1,1,1,-1,-1,1,-1,1,-1,1,-1,1,-1,-1,-1,1,1,0.009403413161635399
-1,-1,1,-1,1,1,-1,-1,1,-1,1,-1,1,1,1,-1,-1,-1,-1,1,0.009313330054283142
-1,-1,1,-1,1,1,-1,-1,1,-1,1,-1,1,1,1,-1,-1,1,-1,-1,0.01010550931096077
-1,-1,1,-1,1,1,-1,-1,1,-1,1,-1,1,1,1,-1,1,1,-1,1,0.010410383343696594
-1,-1,1,-1,1,1,-1,-1,1,-1,1,1,-1,-1,-1,-1,1,-1,1,1,0.010275125503540039
-1,-1,1,-1,1,1,-1,-1,1,-1,1,1,-1,1,-1,-1,1,1,-1,-1,0.01097722165286541
-1,-1,1,-1,1,1,-1,-1,1,-1,1,1,-1,1,1,-1,-1,1,-1,1,0.009727640077471733
-1,-1,1,-1,1,1,-1,-1,1,1,-1,-1,-1,-1,-1,1,1,-1,-1,-1,0.011251849122345448
-1,-1,1,-1,1,1,-1,-1,1,1,-1,-1,-1,1,-1,1,-1,-1,1,1,0.009169559925794601
-1,-1,1,-1,1,1,-1,-1,1,1,-1,-1,-1,1,1,1,-1,1,-1,-1,0.010219413787126541
-1,-1,1,-1,1,1,-1,-1,1,1,-1,-1,1,-1,1,1,-1,1,-1,1,0.010185666382312775
-1,-1,1,-1,1,1,-1,-1,1,1,-1,1,-1,1,-1,1,-1,1,1,1,0.009333804249763489
-1,-1,1,-1,1,1,-1,-1,1,1,-1,1,1,1,-1,-1,1,-1,1,-1,0.009573652409017086
-1,-1,1,-1,1,1,-1,-1,1,1,1,-1,-1,-1,-1,1,-1,-1,1,1,0.010330665856599808
-1,-1,1,-1,1,1,-1,-1,1,1,1,-1,1,-1,1,-1,1,1,-1,1,0.011336400173604488
-1,-1,1,-1,1,1,-1,-1,1,1,1,1,-1,-1,-1,-1,-1,1,-1,1,0.01088093314319849
-1,-1,1,-1,1,1,-1,-1,1,1,1,1,-1,-1,-1,1,-1,-1,-1,-1,0.010905113071203232
-1,-1,1,-1,1,1,-1,-1,1,1,1,1,-1,1,-1,-1,-1,1,1,-1,0.010179664008319378
-1,-1,1,-1,1,1,-1,-1,1,1,1,1,1,-1,1,-1,1,1,1,-1,0.010940945707261562
-1,-1,1,-1,1,1,-1,1,-1,-1,-1,-1,-1,-1,-1,1,1,1,1,1,0.010394484736025333
-1,-1,1,-1,1,1,-1,1,-1,-1,-1,1,1,-1,1,-1,-1,1,-1,1,0.009370357729494572
-1,-1,1,-1,1,1,-1,1,-1,-1,1,-1,-1,-1,-1,-1,-1,-1,1,1,0.00978457648307085
-1,-1,1,-1,1,1,-1,1,-1,-1,1,-1,-1,1,1,1,-1,-1,-1,1,0.009566145949065685
-1,-1,1,-1,1,1,-1,1,-1,-1,1,-1,1,1,1,1,-1,1,-1,1,0.009749543853104115
-1,-1,1,-1,1,1,-1,1,-1,-1,1,1,-1,1,1,-1,-1,-1,1,-1,0.00907176360487938
-1,-1,1,-1,1,1,-1,1,-1,1,-1,-1,-1,-1,-1,-1,-1,1,1,-1,0.010341666638851166
-1,-1,1,-1,1,1,-1,1,-1,1,-1,-1,-1,1,1,1,-1,-1,-1,1,0.009331056848168373
-1,-1,1,-1,1,1,-1,1,-1,1,-1,-1,1,-1,-1,-1,1,-1,-1,1,0.010447962209582329
-1,-1,1,-1,1,1,-1,1,-1,1,-1,-1,1,-1,-1,1,-1,-1,1,-1,0.00975706521421671
-1,-1,1,-1,1,1,-1,1,-1,1,-1,-1,1,-1,1,-1,1,-1,1,1,0.00973573513329029
-1,-1,1,-1,1,1,-1,1,-1,1,-1,-1,1,1,-1,-1,-1,1,-1,-1,0.010001517832279205
-1,-1,1,-1,1,1,-1,1,-1,1,-1,-1,1,1,1,1,1,-1,1,1,0.009259629063308239
-1,-1,1,-1,1,1,-1,1,-1,1,-1,1,-1,1,-1,-1,-1,1,-1,-1,0.009982364252209663
-1,-1,1,-1,1,1,-1,1,-1,1,-1,1,-1,1,-1,1,-1,1,1,-1,0.009596341289579868
-1,-1,1,-1,1,1,-1,1,-1,1,-1,1,-1,1,1,-1,1,1,1,1,0.00957501120865345
-1,-1,1,-1,1,1,-1,1,-1,1,-1,1,-1,1,1,1,1,1,1,-1,0.010032654739916325
-1,-1,1,-1,1,1,-1,1,-1,1,1,-1,-1,1,1,-1,-1,1,1,-1,0.010125428438186646
-1,-1,1,-1,1,1,-1,1,-1,1,1,-1,1,-1,-1,1,1,1,-1,1,0.011566425673663616
-1,-1,1,-1,1,1,-1,1,-1,1,1,1,-1,-1,-1,-1,-1,-1,-1,1,0.010351291857659817
-1,-1,1,-1,1,1,-1,1,-1,1,1,1,1,1,-1,-1,-1,-1,1,1,0.009041241370141506
-1,-1,1,-1,1,1,-1,1,-1,1,1,1,1,1,-1,1,-1,-1,1,-1,0.00949888490140438
-1,-1,1,-1,1,1,-1,1,1,-1,-1,-1,-1,-1,1,-1,1,-1,1,-1,0.009840549901127815
-1,-1,1,-1,1,1,-1,1,1,-1,-1,-1,-1,-1,1,1,1,1,-1,1,0.010499176569283009
-1,-1,1,-1,1,1,-1,1,1,-1,-1,-1,1,-1,-1,-1,-1,-1,1,1,0.00879545509815216
-1,-1,1,-1,1,1,-1,1,1,-1,-1,-1,1,1,-1,-1,1,-1,1,1,0.008884010836482048
-1,-1,1,-1,1,1,-1,1,1,-1,-1,-1,1,1,-1,1,1,1,-1,1,0.009901353158056736
-1,-1,1,-1,1,1,-1,1,1,-1,-1,1,-1,-1,-1,1,1,-1,-1,1,0.010023769922554493
-1,-1,1,-1,1,1,-1,1,1,-1,1,-1,1,-1,1,-1,1,-1,1,1,0.009817840531468391
-1,-1,1,-1,1,1,-1,1,1,-1,1,1,-1,-1,1,1,1,-1,-1,1,0.010382566601037979
-1,-1,1,-1,1,1,-1,1,1,-1,1,1,-1,1,-1,-1,1,-1,-1,-1,0.010294596664607525
-1,-1,1,-1,1,1,-1,1,1,-1,1,1,1,1,-1,1,-1,-1,-1,-1,0.009479869157075882
-1,-1,1,-1,1,1,-1,1,1,1,-1,-1,-1,-1,1,-1,1,1,-1,-1,0.011109947226941586
-1,-1,1,-1,1,1,-1,1,1,1,1,-1,1,-1,-1,-1,1,-1,1,1,0.010396100580692291
-1,-1,1,-1,1,1,-1,1,1,1,1,1,-1,-1,1,-1,1,-1,-1,1,0.010634621605277061
-1,-1,1,-1,1,1,-1,1,1,1,1,1,-1,-1,1,1,-1,1,1,-1,0.010377188213169575
-1,-1,1,-1,1,1,-1,1,1,1,1,1,-1,-1,1,1,1,-1,1,1,0.010248598642647266
-1,-1,1,-1,1,1,-1,1,1,1,1,1,-1,1,-1,-1,1,1,-1,-1,0.01107904314994812
-1,-1,1,-1,1,1,-1,1,1,1,1,1,1,-1,-1,-1,-1,1,-1,-1,0.010740421712398529
-1,-1,1,-1,1,1,-1,1,1,1,1,1,1,1,1,-1,-1,1,-1,-1,0.009938111528754234
-1,-1,1,-1,1,1,1,-1,-1,-1,-1,-1,-1,-1,-1,1,1,-1,-1,-1,0.011450404301285744
-1,-1,1,-1,1,1,1,-1,-1,-1,-1,-1,-1,-1,1,-1,1,-1,1,-1,0.010639249347150326
-1,-1,1,-1,1,1,1,-1,-1,-1,-1,-1,-1,1,1,1,-1,1,-1,-1,0.010417968966066837
-1,-1,1,-1,1,1,1,-1,-1,-1,-1,-1,1,1,1,1,1,-1,-1,1,0.010039313696324825
-1,-1,1,-1,1,1,1,-1,-1,-1,-1,1,-1,1,-1,-1,-1,1,-1,-1,0.010277098044753075
-1,-1,1,-1,1,1,1,-1,-1,-1,-1,1,1,-1,1,1,-1,-1,-1,-1,0.010040254332125187
-1,-1,1,-1,1,1,1,-1,-1,-1,-1,1,1,1,-1,1,1,1,-1,-1,0.01078954990953207
-1,-1,1,-1,1,1,1,-1,-1,-1,1,-1,1,-1,-1,-1,1,1,-1,-1,0.012120947241783142
-1,-1,1,-1,1,1,1,-1,-1,-1,1,-1,1,-1,1,1,-1,1,1,-1,0.010844058357179165
-1,-1,1,-1,1,1,1,-1,-1,-1,1,1,-1,-1,-1,1,-1,-1,1,1,0.010260002687573433
-1,-1,1,-1,1,1,1,-1,-1,-1,1,1,1,-1,1,-1,-1,1,-1,-1,0.010960862040519714
-1,-1,1,-1,1,1,1,-1,-1,1,-1,-1,-1,1,-1,1,1,-1,-1,-1,0.011226354166865349
-1,-1,1,-1,1,1,1,-1,-1,1,-1,-1,1,-1,-1,1,1,-1,1,-1,0.011066371574997902
-1,-1,1,-1,1,1,1,-1,-1,1,-1,-1,1,1,-1,-1,-1,-1,-1,-1,0.01021377183496952
-1,-1,1,-1,1,1,1,-1,-1,1,-1,-1,1,1,1,1,1,-1,1,1,0.009905345737934113
-1,-1,1,-1,1,1,1,-1,-1,1,-1,1,-1,1,-1,1,-1,-1,1,1,0.009449879638850689
-1,-1,1,-1,1,1,1,-1,-1,1,-1,1,-1,1,-1,1,1,1,1,-1,0.010905647650361061
-1,-1,1,-1,1,1,1,-1,-1,1,-1,1,1,1,-1,1,1,-1,1,1,0.00986340269446373
-1,-1,1,-1,1,1,1,-1,-1,1,-1,1,1,1,-1,1,1,1,-1,1,0.010781817138195038
-1,-1,1,-1,1,1,1,-1,-1,1,1,-1,-1,-1,-1,-1,1,-1,1,1,0.011444865725934505
-1,-1,1,-1,1,1,1,-1,-1,1,1,-1,-1,1,1,1,1,-1,1,-1,0.011100199073553085
-1,-1,1,-1,1,1,1,-1,-1,1,1,-1,1,-1,-1,1,-1,-1,-1,1,0.011115089990198612
-1,-1,1,-1,1,1,1,-1,-1,1,1,-1,1,1,-1,-1,-1,-1,-1,-1,0.010799843817949295
-1,-1,1,-1,1,1,1,-1,-1,1,1,1,-1,-1,-1,1,1,-1,1,-1,0.011633289977908134
-1,-1,1,-1,1,1,1,-1,-1,1,1,1,1,-1,-1,1,-1,-1,1,-1,0.010719635523855686
-1,-1,1,-1,1,1,1,-1,-1,1,1,1,1,-1,1,1,-1,-1,1,1,0.010133643634617329
-1,-1,1,-1,1,1,1,-1,1,-1,-1,-1,-1,-1,-1,-1,-1,1,1,-1,0.010483416728675365
-1,-1,1,-1,1,1,1,-1,1,-1,-1,-1,1,-1,-1,-1,1,-1,1,1,0.010104761458933353
-1,-1,1,-1,1,1,1,-1,1,-1,-1,-1,1,1,-1,-1,-1,-1,-1,-1,0.009709805250167847
-1,-1,1,-1,1,1,1,-1,1,-1,-1,-1,1,1,-1,1,-1,-1,1,-1,0.009323782287538052
-1,-1,1,-1,1,1,1,-1,1,-1,-1,1,-1,-1,-1,1,-1,-1,-1,-1,0.010364612564444542
-1,-1,1,-1,1,1,1,-1,1,-1,-1,1,-1,-1,1,-1,1,-1,-1,-1,0.010701998136937618
-1,-1,1,-1,1,1,1,-1,1,-1,-1,1,1,1,-1,1,1,1,-1,1,0.010277850553393364
-1,-1,1,-1,1,1,1,-1,1,-1,-1,1,1,1,1,-1,-1,-1,-1,-1,0.009213309735059738
-1,-1,1,-1,1,1,1,-1,1,-1,1,-1,-1,1,-1,-1,-1,-1,-1,1,0.01018722727894783
-1,-1,1,-1,1,1,1,-1,1,-1,1,-1,-1,1,-1,-1,1,1,-1,-1,0.011642995290458202
-1,-1,1,-1,1,1,1,-1,1,-1,1,-1,-1,1,-1,1,1,1,1,-1,0.011256972327828407
-1,-1,1,-1,1,1,1,-1,1,-1,1,1,-1,1,-1,1,-1,-1,-1,1,0.010016935877501965
-1,-1,1,-1,1,1,1,-1,1,1,-1,-1,1,1,1,-1,-1,-1,-1,1,0.009474796243011951
-1,-1,1,-1,1,1,1,-1,1,1,-1,1,-1,1,1,-1,-1,1,1,-1,0.009762870147824287
-1,-1,1,-1,1,1,1,-1,1,1,-1,1,1,-1,1,1,1,-1,-1,1,0.010543128475546837
-1,-1,1,-1,1,1,1,-1,1,1,-1,1,1,1,1,-1,1,1,-1,1,0.010302629321813583
-1,-1,1,-1,1,1,1,-1,1,1,1,-1,1,-1,-1,-1,-1,1,1,1,0.010811691172420979
-1,-1,1,-1,1,1,1,-1,1,1,1,1,1,1,1,-1,-1,1,-1,-1,0.010583828203380108
-1,-1,1,-1,1,1,1,1,-1,-1,-1,-1,-1,-1,-1,1,1,-1,1,1,0.010357576422393322
-1,-1,1,-1,1,1,1,1,-1,-1,-1,-1,-1,1,-1,-1,-1,-1,1,-1,0.00937874149531126
-1,-1,1,-1,1,1,1,1,-1,-1,-1,1,-1,-1,-1,-1,-1,1,1,-1,0.010118018835783005
-1,-1,1,-1,1,1,1,1,-1,-1,-1,1,-1,1,1,-1,-1,1,1,-1,0.009315709583461285
-1,-1,1,-1,1,1,1,1,-1,-1,-1,1,1,-1,-1,-1,-1,-1,1,1,0.009075774811208248
-1,-1,1,-1,1,1,1,1,-1,-1,1,-1,-1,1,-1,1,-1,1,1,1,0.010138489305973053
-1,-1,1,-1,1,1,1,1,-1,-1,1,-1,-1,1,1,-1,-1,1,-1,-1,0.01065595168620348
-1,-1,1,-1,1,1,1,1,-1,-1,1,-1,1,1,-1,-1,-1,1,1,-1,0.010148211382329464
-1,-1,1,-1,1,1,1,1,-1,-1,1,1,-1,1,-1,-1,-1,1,1,-1,0.010129057802259922
-1,-1,1,-1,1,1,1,1,-1,-1,1,1,-1,1,1,-1,-1,1,1,-1,0.009901781566441059
-1,-1,1,-1,1,1,1,1,-1,-1,1,1,-1,1,1,-1,1,-1,-1,1,0.010258142836391926
-1,-1,1,-1,1,1,1,1,-1,-1,1,1,1,-1,1,1,1,1,1,-1,0.010989267379045486
-1,-1,1,-1,1,1,1,1,-1,1,-1,-1,-1,1,1,-1,1,1,1,-1,0.010599500499665737
-1,-1,1,-1,1,1,1,1,-1,1,-1,-1,1,1,1,1,-1,1,-1,1,0.00991100911051035
-1,-1,1,-1,1,1,1,1,-1,1,-1,1,-1,-1,-1,1,-1,1,-1,-1,0.011052881367504597
-1,-1,1,-1,1,1,1,1,-1,1,-1,1,-1,1,-1,1,-1,1,1,-1,0.00999289657920599
-1,-1,1,-1,1,1,1,1,-1,1,-1,1,1,-1,1,1,1,1,-1,-1,0.01123912911862135
-1,-1,1,-1,1,1,1,1,-1,1,-1,1,1,1,-1,1,-1,-1,-1,-1,0.009794319048523903
-1,-1,1,-1,1,1,1,1,-1,1,-1,1,1,1,1,-1,1,1,-1,1,0.010206451639533043
-1,-1,1,-1,1,1,1,1,-1,1,1,-1,-1,-1,1,1,-1,-1,1,-1,0.010762481950223446
-1,-1,1,-1,1,1,1,1,-1,1,1,1,-1,-1,1,1,-1,1,-1,1,0.011052962392568588
-1,-1,1,-1,1,1,1,1,1,-1,-1,-1,-1,-1,-1,-1,1,1,-1,1,0.011024079285562038
-1,-1,1,-1,1,1,1,1,1,-1,-1,-1,-1,-1,-1,1,1,1,-1,1,0.011123007163405418
-1,-1,1,-1,1,1,1,1,1,-1,-1,-1,1,-1,-1,-1,-1,-1,-1,1,0.009676961228251457
-1,-1,1,-1,1,1,1,1,1,-1,-1,-1,1,1,1,-1,-1,-1,1,1,0.008389700204133987
-1,-1,1,-1,1,1,1,1,1,-1,-1,1,-1,-1,-1,1,-1,-1,1,1,0.00927178468555212
-1,-1,1,-1,1,1,1,1,1,-1,-1,1,1,-1,-1,1,-1,1,1,-1,0.009813898243010044
-1,-1,1,-1,1,1,1,1,1,-1,-1,1,1,-1,1,1,1,-1,-1,1,0.009942983277142048
-1,-1,1,-1,1,1,1,1,1,-1,-1,1,1,1,-1,1,-1,-1,-1,1,0.008931636810302734
-1,-1,1,-1,1,1,1,1,1,-1,1,-1,-1,1,1,-1,-1,1,1,-1,0.010018017143011093
-1,-1,1,-1,1,1,1,1,1,-1,1,-1,-1,1,1,-1,1,1,1,1,0.010322891175746918
-1,-1,1,-1,1,1,1,1,1,-1,1,-1,1,-1,-1,1,-1,1,-1,1,0.01079542562365532
-1,-1,1,-1,1,1,1,1,1,-1,1,1,-1,1,-1,-1,-1,-1,-1,1,0.009668846614658833
-1,-1,1,-1,1,1,1,1,1,-1,1,1,-1,1,-1,-1,1,1,1,1,0.010280948132276535
-1,-1,1,-1,1,1,1,1,1,-1,1,1,-1,1,-1,1,-1,-1,-1,1,0.009767774492502213
-1,-1,1,-1,1,1,1,1,1,-1,1,1,-1,1,1,-1,1,1,-1,1,0.010538622736930847
-1,-1,1,-1,1,1,1,1,1,-1,1,1,1,1,-1,1,1,1,1,-1,0.010488525964319706
-1,-1,1,-1,1,1,1,1,1,1,-1,-1,-1,-1,-1,1,-1,1,1,-1,0.010684166103601456
-1,-1,1,-1,1,1,1,1,1,1,-1,-1,-1,1,-1,-1,1,-1,1,1,0.009881614707410336
-1,-1,1,-1,1,1,1,1,1,1,-1,-1,1,1,1,-1,1,1,-1,1,0.010322687216103077
-1,-1,1,-1,1,1,1,1,1,1,-1,1,-1,1,1,1,-1,-1,-1,1,0.009305409155786037
-1,-1,1,-1,1,1,1,1,1,1,1,-1,1,-1,1,-1,-1,-1,-1,-1,0.0107454564422369
-1,-1,1,-1,1,1,1,1,1,1,1,-1,1,-1,1,1,1,1,1,-1,0.011456485837697983
-1,-1,1,-1,1,1,1,1,1,1,1,1,-1,1,-1,1,-1,-1,1,1,0.0096338065341115
-1,-1,1,-1,1,1,1,1,1,1,1,1,-1,1,1,1,1,-1,-1,1,0.010555070824921131
-1,-1,1,1,-1,-1,-1,-1,-1,-1,-1,-1,-1,1,-1,-1,1,-1,-1,1,0.008937696926295757
-1,-1,1,1,-1,-1,-1,-1,-1,-1,-1,-1,-1,1,-1,1,-1,-1,-1,-1,0.008731750771403313
-1,-1,1,1,-1,-1,-1,-1,-1,-1,-1,-1,-1,1,-1,1,1,1,-1,1,0.009470087476074696
-1,-1,1,1,-1,-1,-1,-1,-1,-1,-1,-1,1,-1,1,-1,1,1,-1,1,0.00946885161101818
-1,-1,1,1,-1,-1,-1,-1,-1,-1,-1,-1,1,1,-1,1,-1,-1,-1,1,0.008122969418764114
-1,-1,1,1,-1,-1,-1,-1,-1,-1,-1,-1,1,1,1,1,-1,1,1,1,0.00784420594573021
-1,-1,1,1,-1,-1,-1,-1,-1,-1,1,-1,1,-1,-1,-1,1,-1,1,-1,0.00972250197082758
-1,-1,1,1,-1,-1,-1,-1,-1,-1,1,-1,1,1,-1,-1,-1,1,-1,-1,0.009402292780578136
-1,-1,1,1,-1,-1,-1,-1,-1,-1,1,1,-1,-1,1,1,-1,1,-1,1,0.009471109136939049
-1,-1,1,1,-1,-1,-1,-1,-1,-1,1,1,-1,1,-1,-1,-1,-1,-1,1,0.008590960875153542
-1,-1,1,1,-1,-1,-1,-1,-1,-1,1,1,-1,1,-1,-1,1,1,1,1,0.009203062392771244
-1,-1,1,1,-1,-1,-1,-1,-1,-1,1,1,-1,1,1,1,1,1,-1,-1,0.00991838052868843
-1,-1,1,1,-1,-1,-1,-1,-1,-1,1,1,1,-1,-1,-1,1,1,-1,-1,0.010371697135269642
-1,-1,1,1,-1,-1,-1,-1,-1,1,-1,1,-1,-1,1,-1,1,1,-1,1,0.009800681844353676
-1,-1,1,1,-1,-1,-1,-1,-1,1,1,1,-1,-1,-1,1,-1,-1,-1,-1,0.00997462123632431
-1,-1,1,1,-1,-1,-1,-1,-1,1,1,1,1,1,-1,1,-1,1,1,-1,0.009098034352064133
-1,-1,1,1,-1,-1,-1,-1,-1,1,1,1,1,1,1,1,1,-1,-1,-1,0.009585835039615631
-1,-1,1,1,-1,-1,-1,-1,1,-1,-1,-1,1,-1,-1,-1,1,-1,-1,-1,0.009468397125601768
-1,-1,1,1,-1,-1,-1,-1,1,-1,-1,-1,1,1,-1,1,1,1,-1,1,0.009067039005458355
-1,-1,1,1,-1,-1,-1,-1,1,-1,-1,1,-1,-1,-1,-1,-1,1,1,-1,0.008734166622161865
-1,-1,1,1,-1,-1,-1,-1,1,-1,-1,1,-1,1,-1,-1,1,1,-1,1,0.008948957547545433
-1,-1,1,1,-1,-1,-1,-1,1,-1,1,-1,-1,-1,1,1,1,-1,-1,1,0.009817470796406269
-1,-1,1,1,-1,-1,-1,-1,1,-1,1,-1,-1,1,1,-1,-1,1,-1,-1,0.009272098541259766
-1,-1,1,1,-1,-1,-1,-1,1,-1,1,-1,1,-1,1,-1,1,-1,1,1,0.00898352637887001
-1,-1,1,1,-1,-1,-1,-1,1,-1,1,-1,1,1,-1,1,-1,1,-1,1,0.008989522233605385
-1,-1,1,1,-1,-1,-1,-1,1,1,-1,-1,-1,-1,-1,1,1,1,1,1,0.009758170694112778
-1,-1,1,1,-1,-1,-1,-1,1,1,-1,1,-1,-1,1,1,1,1,1,-1,0.009620390832424164
-1,-1,1,1,-1,-1,-1,-1,1,1,-1,1,1,-1,1,-1,1,1,1,1,0.008912681601941586
-1,-1,1,1,-1,-1,-1,-1,1,1,-1,1,1,1,-1,-1,-1,-1,1,-1,0.007826587185263634
-1,-1,1,1,-1,-1,-1,-1,1,1,1,-1,-1,1,1,-1,1,1,1,1,0.009443004615604877
-1,-1,1,1,-1,-1,-1,-1,1,1,1,-1,1,1,-1,-1,-1,-1,1,1,0.00832316279411316
-1,-1,1,1,-1,-1,-1,-1,1,1,1,1,1,1,1,-1,1,1,1,1,0.008923720568418503
-1,-1,1,1,-1,-1,-1,-1,1,1,1,1,1,1,1,1,-1,1,-1,1,0.008844009600579739
-1,-1,1,1,-1,-1,-1,1,-1,-1,-1,-1,1,1,1,-1,1,1,1,1,0.008159705437719822
-1,-1,1,1,-1,-1,-1,1,-1,-1,-1,1,1,-1,1,-1,1,1,1,1,0.008465520106256008
-1,-1,1,1,-1,-1,-1,1,-1,-1,1,-1,-1,-1,1,-1,-1,-1,1,1,0.008473824709653854
-1,-1,1,1,-1,-1,-1,1,-1,-1,1,-1,-1,1,1,1,1,-1,1,-1,0.009020023979246616
-1,-1,1,1,-1,-1,-1,1,-1,-1,1,-1,1,1,-1,-1,-1,-1,1,1,0.007876001298427582
-1,-1,1,1,-1,-1,-1,1,-1,-1,1,-1,1,1,-1,1,1,-1,1,-1,0.008997234515845776
-1,-1,1,1,-1,-1,-1,1,-1,-1,1,-1,1,1,-1,1,1,1,-1,1,0.009556933306157589
-1,-1,1,1,-1,-1,-1,1,-1,-1,1,-1,1,1,1,1,1,1,1,1,0.008844706229865551
-1,-1,1,1,-1,-1,-1,1,-1,-1,1,1,-1,1,-1,-1,-1,1,-1,1,0.008775262162089348
-1,-1,1,1,-1,-1,-1,1,-1,-1,1,1,1,1,-1,-1,1,1,1,-1,0.009062550961971283
-1,-1,1,1,-1,-1,-1,1,-1,1,-1,-1,-1,1,1,1,1,-1,-1,-1,0.00926988571882248
-1,-1,1,1,-1,-1,-1,1,-1,1,-1,-1,1,1,1,-1,-1,1,-1,1,0.008332050405442715
-1,-1,1,1,-1,-1,-1,1,-1,1,1,1,-1,-1,-1,1,-1,-1,-1,-1,0.009725458920001984
-1,-1,1,1,-1,-1,-1,1,-1,1,1,1,-1,-1,1,-1,-1,1,-1,-1,0.009832718409597874
-1,-1,1,1,-1,-1,-1,1,-1,1,1,1,-1,1,-1,-1,-1,-1,-1,1,0.008692782372236252
-1,-1,1,1,-1,-1,-1,1,1,-1,-1,-1,1,-1,-1,-1,1,-1,1,1,0.008375568315386772
-1,-1,1,1,-1,-1,-1,1,1,-1,-1,-1,1,1,-1,1,1,-1,1,1,0.007899463176727295
-1,-1,1,1,-1,-1,-1,1,1,-1,-1,1,-1,1,1,1,1,1,1,-1,0.008445211686193943
-1,-1,1,1,-1,-1,-1,1,1,-1,-1,1,1,1,-1,1,1,1,-1,1,0.008548658341169357
-1,-1,1,1,-1,-1,-1,1,1,-1,1,1,1,-1,1,-1,1,-1,1,1,0.008465145714581013
-1,-1,1,1,-1,-1,-1,1,1,1,-1,-1,-1,1,1,1,-1,-1,1,-1,0.007968361489474773
-1,-1,1,1,-1,-1,-1,1,1,1,-1,-1,1,1,1,1,-1,1,1,1,0.007793043740093708
-1,-1,1,1,-1,-1,-1,1,1,1,-1,1,-1,1,-1,-1,1,-1,1,1,0.008132364600896835
-1,-1,1,1,-1,-1,-1,1,1,1,-1,1,-1,1,1,-1,1,-1,1,1,0.007905088365077972
-1,-1,1,1,-1,-1,-1,1,1,1,-1,1,1,1,1,-1,1,1,-1,1,0.008573437109589577
-1,-1,1,1,-1,-1,-1,1,1,1,1,-1,-1,-1,-1,-1,-1,-1,-1,1,0.009384050965309143
-1,-1,1,1,-1,-1,-1,1,1,1,1,-1,-1,1,1,-1,-1,-1,-1,-1,0.008940457366406918
-1,-1,1,1,-1,-1,-1,1,1,1,1,-1,-1,1,1,-1,-1,-1,1,-1,0.008455506525933743
-1,-1,1,1,-1,-1,-1,1,1,1,1,-1,-1,1,1,1,1,1,-1,1,0.00977772194892168
-1,-1,1,1,-1,-1,-1,1,1,1,1,1,-1,-1,-1,-1,-1,1,-1,-1,0.009907010942697525
-1,-1,1,1,-1,-1,-1,1,1,1,1,1,-1,-1,1,1,-1,1,1,-1,0.009293711744248867
-1,-1,1,1,-1,-1,-1,1,1,1,1,1,1,-1,-1,-1,1,-1,1,-1,0.009402120485901833
-1,-1,1,1,-1,-1,-1,1,1,1,1,1,1,-1,-1,-1,1,1,1,-1,0.009835584089159966
-1,-1,1,1,-1,-1,1,-1,-1,-1,-1,-1,-1,1,1,-1,-1,-1,1,-1,0.008317150175571442
-1,-1,1,1,-1,-1,1,-1,-1,-1,-1,-1,1,-1,-1,1,-1,-1,-1,1,0.009094558656215668
-1,-1,1,1,-1,-1,1,-1,-1,-1,-1,-1,1,-1,1,-1,-1,-1,-1,-1,0.009127069264650345
-1,-1,1,1,-1,-1,1,-1,-1,-1,1,-1,-1,-1,-1,-1,1,-1,1,-1,0.01036912202835083
-1,-1,1,1,-1,-1,1,-1,-1,-1,1,-1,-1,-1,1,-1,-1,1,1,-1,0.009911719709634781
-1,-1,1,1,-1,-1,1,-1,-1,-1,1,-1,-1,1,-1,-1,1,1,1,1,0.009868836030364037
-1,-1,1,1,-1,-1,1,-1,-1,-1,1,-1,-1,1,1,-1,1,1,-1,-1,0.010485226288437843
-1,-1,1,1,-1,-1,1,-1,-1,-1,1,1,-1,1,-1,1,-1,1,-1,-1,0.009878622367978096
-1,-1,1,1,-1,-1,1,-1,-1,-1,1,1,1,-1,1,-1,-1,1,-1,-1,0.009877386502921581
-1,-1,1,1,-1,-1,1,-1,-1,1,-1,-1,-1,1,-1,-1,-1,1,1,-1,0.009328873828053474
-1,-1,1,1,-1,-1,1,-1,-1,1,-1,-1,-1,1,-1,1,-1,1,1,1,0.00906908605247736
-1,-1,1,1,-1,-1,1,-1,-1,1,-1,-1,1,1,1,1,-1,-1,-1,1,0.008643231354653835
-1,-1,1,1,-1,-1,1,-1,-1,1,-1,1,-1,1,-1,-1,-1,-1,-1,1,0.008752426132559776
-1,-1,1,1,-1,-1,1,-1,-1,1,1,-1,-1,1,-1,1,1,1,-1,-1,0.011162414215505123
-1,-1,1,1,-1,-1,1,-1,-1,1,1,-1,-1,1,1,-1,-1,-1,1,1,0.008895490318536758
-1,-1,1,1,-1,-1,1,-1,-1,1,1,-1,-1,1,1,1,-1,-1,1,1,0.008994418196380138
-1,-1,1,1,-1,-1,1,-1,-1,1,1,-1,1,-1,1,-1,1,-1,-1,-1,0.010727714747190475
-1,-1,1,1,-1,-1,1,-1,-1,1,1,1,-1,1,1,-1,-1,1,-1,1,0.00954468548297882
-1,-1,1,1,-1,-1,1,-1,-1,1,1,1,1,-1,1,-1,-1,-1,1,1,0.008951239287853241
-1,-1,1,1,-1,-1,1,-1,-1,1,1,1,1,1,-1,-1,1,1,1,1,0.009700534865260124
-1,-1,1,1,-1,-1,1,-1,-1,1,1,1,1,1,1,1,-1,1,-1,1,0.009393548592925072
-1,-1,1,1,-1,-1,1,-1,1,-1,-1,-1,1,1,1,-1,-1,-1,1,1,0.007555386051535606
-1,-1,1,1,-1,-1,1,-1,1,-1,-1,1,-1,-1,-1,1,1,1,-1,1,0.010019473731517792
-1,-1,1,1,-1,-1,1,-1,1,-1,-1,1,1,-1,-1,1,1,1,-1,1,0.009769408032298088
-1,-1,1,1,-1,-1,1,-1,1,-1,-1,1,1,-1,1,1,1,1,1,1,0.00905718095600605
-1,-1,1,1,-1,-1,1,-1,1,-1,-1,1,1,1,-1,-1,-1,1,-1,-1,0.008790573105216026
-1,-1,1,1,-1,-1,1,-1,1,-1,1,-1,-1,-1,1,-1,1,1,1,-1,0.010422325693070889
-1,-1,1,1,-1,-1,1,-1,1,-1,1,1,1,-1,-1,1,-1,1,1,1,0.009206940419971943
-1,-1,1,1,-1,-1,1,-1,1,-1,1,1,1,1,1,1,-1,1,-1,1,0.008889582008123398
-1,-1,1,1,-1,-1,1,-1,1,1,-1,-1,-1,1,1,-1,1,-1,-1,-1,0.009663690812885761
-1,-1,1,1,-1,-1,1,-1,1,1,-1,-1,1,-1,-1,1,1,-1,-1,1,0.009956147521734238
-1,-1,1,1,-1,-1,1,-1,1,1,-1,-1,1,1,-1,-1,1,-1,1,1,0.00879723485559225
-1,-1,1,1,-1,-1,1,-1,1,1,-1,1,-1,1,1,1,1,1,-1,-1,0.009926863014698029
-1,-1,1,1,-1,-1,1,-1,1,1,-1,1,1,1,1,1,-1,1,-1,-1,0.009013207629323006
-1,-1,1,1,-1,-1,1,-1,1,1,1,1,-1,1,-1,1,1,1,-1,1,0.010381495580077171
-1,-1,1,1,-1,-1,1,1,-1,-1,-1,-1,-1,-1,-1,-1,-1,1,-1,1,0.009429997764527798
-1,-1,1,1,-1,-1,1,1,-1,-1,-1,-1,-1,1,-1,-1,-1,-1,-1,1,0.008421500213444233
-1,-1,1,1,-1,-1,1,1,-1,-1,-1,-1,-1,1,-1,-1,-1,-1,1,-1,0.008295265026390553
-1,-1,1,1,-1,-1,1,1,-1,-1,-1,-1,-1,1,-1,-1,1,1,-1,-1,0.00987726915627718
-1,-1,1,1,-1,-1,1,1,-1,-1,-1,-1,1,-1,1,-1,-1,-1,1,-1,0.008392957039177418
-1,-1,1,1,-1,-1,1,1,-1,-1,-1,1,-1,-1,-1,-1,1,-1,-1,-1,0.009749620221555233
-1,-1,1,1,-1,-1,1,1,-1,-1,-1,1,1,-1,1,1,1,-1,-1,1,0.009012490510940552
-1,-1,1,1,-1,-1,1,1,-1,-1,1,-1,-1,-1,1,-1,1,-1,-1,-1,0.01037763524800539
-1,-1,1,1,-1,-1,1,1,-1,-1,1,-1,-1,1,1,1,-1,-1,1,1,0.008394273929297924
-1,-1,1,1,-1,-1,1,1,-1,-1,1,1,1,1,-1,-1,-1,1,-1,1,0.008921751752495766
-1,-1,1,1,-1,-1,1,1,-1,1,-1,1,-1,-1,-1,1,-1,1,-1,1,0.009610689245164394
-1,-1,1,1,-1,-1,1,1,-1,1,-1,1,1,-1,-1,-1,-1,-1,1,-1,0.008701997809112072
-1,-1,1,1,-1,-1,1,1,-1,1,-1,1,1,1,1,-1,-1,1,-1,-1,0.008818102069199085
-1,-1,1,1,-1,-1,1,1,-1,1,1,-1,-1,-1,1,1,-1,1,-1,-1,0.010597419925034046
-1,-1,1,1,-1,-1,1,1,-1,1,1,-1,-1,1,-1,1,-1,1,1,1,0.009405996650457382
-1,-1,1,1,-1,-1,1,1,-1,1,1,-1,1,-1,1,-1,-1,1,-1,1,0.009889711625874043
-1,-1,1,1,-1,-1,1,1,-1,1,1,-1,1,1,-1,-1,-1,1,1,-1,0.009415718726813793
-1,-1,1,1,-1,-1,1,1,-1,1,1,1,-1,-1,1,-1,1,-1,1,-1,0.009974448010325432
-1,-1,1,1,-1,-1,1,1,-1,1,1,1,1,-1,-1,-1,-1,1,1,-1,0.00972153339534998
-1,-1,1,1,-1,-1,1,1,-1,1,1,1,1,1,1,-1,1,-1,1,-1,0.009149349294602871
-1,-1,1,1,-1,-1,1,1,1,-1,-1,-1,-1,1,-1,-1,-1,-1,1,1,0.007783566601574421
-1,-1,1,1,-1,-1,1,1,1,-1,-1,1,-1,-1,-1,-1,1,-1,-1,-1,0.009596636518836021
-1,-1,1,1,-1,-1,1,1,1,-1,-1,1,-1,1,-1,1,-1,1,1,-1,0.008405454456806183
-1,-1,1,1,-1,-1,1,1,1,-1,-1,1,1,-1,-1,-1,-1,-1,-1,1,0.008324266411364079
-1,-1,1,1,-1,-1,1,1,1,-1,-1,1,1,-1,-1,-1,-1,1,1,-1,0.008631493896245956
-1,-1,1,1,-1,-1,1,1,1,-1,-1,1,1,-1,-1,-1,1,-1,1,1,0.008502904325723648
-1,-1,1,1,-1,-1,1,1,1,-1,-1,1,1,-1,1,-1,1,-1,-1,1,0.00876057893037796
-1,-1,1,1,-1,-1,1,1,1,-1,-1,1,1,1,1,1,1,1,-1,-1,0.009076652117073536
-1,-1,1,1,-1,-1,1,1,1,-1,1,-1,1,-1,-1,-1,1,-1,1,-1,0.009716911241412163
-1,-1,1,1,-1,-1,1,1,1,-1,1,-1,1,-1,1,-1,-1,-1,1,-1,0.008826046250760555
-1,-1,1,1,-1,-1,1,1,1,-1,1,-1,1,-1,1,1,1,1,-1,1,0.010148261673748493
-1,-1,1,1,-1,-1,1,1,1,-1,1,1,1,-1,-1,1,1,1,1,1,0.00962136872112751
-1,-1,1,1,-1,-1,1,1,1,-1,1,1,1,1,1,-1,-1,-1,-1,-1,0.008466743864119053
-1,-1,1,1,-1,-1,1,1,1,1,-1,-1,-1,1,1,1,1,1,-1,-1,0.009946919977664948
-1,-1,1,1,-1,-1,1,1,1,1,-1,-1,1,-1,-1,1,1,-1,-1,-1,0.010065700858831406
-1,-1,1,1,-1,-1,1,1,1,1,-1,1,-1,1,-1,1,-1,-1,1,1,0.007964258082211018
-1,-1,1,1,-1,-1,1,1,1,1,-1,1,1,-1,-1,-1,-1,-1,-1,1,0.00867524929344654
-1,-1,1,1,-1,-1,1,1,1,1,-1,1,1,1,-1,1,1,-1,-1,-1,0.009221448563039303
-1,-1,1,1,-1,1,-1,-1,-1,-1,-1,1,1,-1,-1,-1,1,1,1,-1,0.00956866703927517
-1,-1,1,1,-1,1,-1,-1,-1,-1,-1,1,1,1,-1,-1,-1,1,1,-1,0.008330044336616993
-1,-1,1,1,-1,1,-1,-1,-1,-1,1,-1,-1,1,-1,1,1,-1,-1,1,0.009890690445899963
-1,-1,1,1,-1,1,-1,-1,-1,-1,1,-1,1,-1,1,-1,-1,-1,-1,-1,0.009584580548107624
-1,-1,1,1,-1,1,-1,-1,-1,-1,1,-1,1,-1,1,-1,1,1,-1,-1,0.010681632906198502
-1,-1,1,1,-1,1,-1,-1,-1,-1,1,-1,1,1,1,-1,1,-1,-1,-1,0.009673136286437511
-1,-1,1,1,-1,1,-1,-1,-1,-1,1,1,-1,1,-1,1,-1,-1,-1,-1,0.009316598065197468
-1,-1,1,1,-1,1,-1,-1,-1,-1,1,1,1,1,-1,1,-1,-1,1,1,0.008222865872085094
-1,-1,1,1,-1,1,-1,-1,-1,1,-1,-1,1,1,-1,1,1,-1,-1,-1,0.009764251299202442
-1,-1,1,1,-1,1,-1,-1,-1,1,-1,1,-1,-1,-1,-1,1,-1,1,1,0.009377537295222282
-1,-1,1,1,-1,1,-1,-1,-1,1,-1,1,-1,-1,1,-1,-1,-1,-1,-1,0.00933033786714077
-1,-1,1,1,-1,1,-1,-1,-1,1,-1,1,1,1,1,-1,-1,-1,-1,1,0.008146523497998714
-1,-1,1,1,-1,1,-1,-1,-1,1,-1,1,1,1,1,-1,1,-1,-1,1,0.008810112252831459
-1,-1,1,1,-1,1,-1,-1,-1,1,1,-1,1,-1,-1,1,-1,1,1,-1,0.010210280306637287
-1,-1,1,1,-1,1,-1,-1,-1,1,1,-1,1,-1,1,1,-1,1,-1,1,0.010109239257872105
-1,-1,1,1,-1,1,-1,-1,-1,1,1,-1,1,1,1,-1,-1,-1,1,1,0.00851686391979456
-1,-1,1,1,-1,1,-1,-1,-1,1,1,1,1,-1,-1,-1,-1,1,1,1,0.009483417496085167
-1,-1,1,1,-1,1,-1,-1,-1,1,1,1,1,1,1,-1,1,-1,-1,1,0.009396185167133808
-1,-1,1,1,-1,1,-1,-1,1,-1,-1,1,-1,-1,1,1,1,1,1,-1,0.009537400677800179
-1,-1,1,1,-1,1,-1,-1,1,-1,-1,1,1,1,1,1,1,1,-1,-1,0.009197252802550793
-1,-1,1,1,-1,1,-1,-1,1,-1,1,-1,-1,-1,1,-1,1,1,-1,1,0.010420000180602074
-1,-1,1,1,-1,1,-1,-1,1,-1,1,-1,-1,1,-1,1,1,-1,-1,1,0.009737707674503326
-1,-1,1,1,-1,1,-1,-1,1,-1,1,-1,1,1,1,1,1,-1,-1,1,0.00926036573946476
-1,-1,1,1,-1,1,-1,-1,1,-1,1,-1,1,1,1,1,1,-1,1,1,0.008775414898991585
-1,-1,1,1,-1,1,-1,-1,1,-1,1,1,-1,-1,-1,1,1,1,-1,1,0.010476985014975071
-1,-1,1,1,-1,1,-1,-1,1,-1,1,1,-1,-1,1,-1,1,-1,1,-1,0.009591082111001015
-1,-1,1,1,-1,1,-1,-1,1,-1,1,1,1,-1,-1,1,-1,-1,-1,-1,0.009488582611083984
-1,-1,1,1,-1,1,-1,-1,1,-1,1,1,1,-1,-1,1,-1,1,-1,1,0.009563330560922623
-1,-1,1,1,-1,1,-1,-1,1,1,-1,-1,1,-1,1,-1,1,1,1,-1,0.009808610193431377
-1,-1,1,1,-1,1,-1,-1,1,1,-1,1,-1,-1,-1,-1,-1,-1,1,1,0.008560963906347752
-1,-1,1,1,-1,1,-1,-1,1,1,-1,1,-1,1,-1,-1,1,-1,-1,1,0.009134471416473389
-1,-1,1,1,-1,1,-1,-1,1,1,-1,1,-1,1,-1,-1,1,1,1,-1,0.009441698901355267
-1,-1,1,1,-1,1,-1,-1,1,1,-1,1,-1,1,-1,1,-1,-1,1,1,0.008084858767688274
-1,-1,1,1,-1,1,-1,-1,1,1,-1,1,1,-1,-1,1,-1,1,1,-1,0.009202005341649055
-1,-1,1,1,-1,1,-1,-1,1,1,-1,1,1,-1,1,1,1,-1,-1,1,0.00933109037578106
-1,-1,1,1,-1,1,-1,-1,1,1,1,-1,-1,-1,-1,-1,1,-1,1,-1,0.010438560508191586
-1,-1,1,1,-1,1,-1,-1,1,1,1,-1,-1,-1,-1,-1,1,-1,1,1,0.010079844854772091
-1,-1,1,1,-1,1,-1,-1,1,1,1,-1,-1,-1,-1,1,-1,-1,1,1,0.009515183977782726
-1,-1,1,1,-1,1,-1,-1,1,1,1,-1,-1,-1,1,-1,-1,1,-1,-1,0.010466109029948711
-1,-1,1,1,-1,1,-1,-1,1,1,1,-1,-1,1,-1,-1,1,1,-1,1,0.010423225350677967
-1,-1,1,1,-1,1,-1,-1,1,1,1,-1,-1,1,1,1,-1,1,1,1,0.009146337397396564
-1,-1,1,1,-1,1,-1,-1,1,1,1,-1,1,1,-1,-1,-1,1,1,1,0.009024620056152344
-1,-1,1,1,-1,1,-1,-1,1,1,1,-1,1,1,-1,1,-1,1,1,-1,0.009482263587415218
-1,-1,1,1,-1,1,-1,-1,1,1,1,-1,1,1,1,-1,-1,-1,1,1,0.008363880217075348
-1,-1,1,1,-1,1,-1,-1,1,1,1,1,-1,-1,1,1,1,-1,1,1,0.009682278148829937
-1,-1,1,1,-1,1,-1,-1,1,1,1,1,-1,1,-1,1,1,1,-1,1,0.010252934880554676
-1,-1,1,1,-1,1,-1,-1,1,1,1,1,-1,1,1,1,1,-1,-1,-1,0.009950910694897175
-1,-1,1,1,-1,1,-1,-1,1,1,1,1,1,1,-1,-1,-1,1,1,-1,0.009114116430282593
-1,-1,1,1,-1,1,-1,-1,1,1,1,1,1,1,1,1,-1,-1,-1,-1,0.009037256240844727
-1,-1,1,1,-1,1,-1,1,-1,-1,-1,1,-1,1,-1,1,-1,1,-1,1,0.008556111715734005
-1,-1,1,1,-1,1,-1,1,-1,-1,-1,1,1,-1,-1,1,-1,1,-1,-1,0.009239794686436653
-1,-1,1,1,-1,1,-1,1,-1,-1,1,-1,1,-1,-1,-1,1,-1,1,-1,0.009741333313286304
-1,-1,1,1,-1,1,-1,1,-1,-1,1,-1,1,-1,1,1,-1,-1,1,-1,0.008949396200478077
-1,-1,1,1,-1,1,-1,1,-1,-1,1,1,-1,1,-1,1,1,1,1,1,0.009320822544395924
-1,-1,1,1,-1,1,-1,1,-1,1,-1,-1,-1,-1,1,1,1,1,-1,-1,0.010546375997364521
-1,-1,1,1,-1,1,-1,1,-1,1,-1,1,-1,-1,-1,1,-1,1,1,-1,0.009355892427265644
-1,-1,1,1,-1,1,-1,1,-1,1,-1,1,-1,-1,1,-1,-1,1,-1,1,0.009155924431979656
-1,-1,1,1,-1,1,-1,1,-1,1,-1,1,1,-1,1,1,1,1,1,-1,0.009542140178382397
-1,-1,1,1,-1,1,-1,1,1,-1,-1,-1,-1,-1,1,-1,1,1,1,1,0.009099815040826797
-1,-1,1,1,-1,1,-1,1,1,-1,-1,-1,-1,-1,1,1,-1,-1,1,1,0.0081016905605793
-1,-1,1,1,-1,1,-1,1,1,-1,-1,-1,1,1,-1,1,1,1,1,1,0.00860092043876648
-1,-1,1,1,-1,1,-1,1,1,-1,-1,1,-1,-1,1,1,-1,-1,-1,-1,0.008676137775182724
-1,-1,1,1,-1,1,-1,1,1,-1,-1,1,-1,1,-1,-1,1,-1,1,-1,0.00840809103101492
-1,-1,1,1,-1,1,-1,1,1,-1,-1,1,-1,1,1,1,1,1,-1,-1,0.00919815618544817
-1,-1,1,1,-1,1,-1,1,1,-1,-1,1,1,-1,-1,-1,1,-1,1,-1,0.008733058348298073
-1,-1,1,1,-1,1,-1,1,1,-1,1,-1,1,1,1,1,-1,-1,1,-1,0.008221378549933434
-1,-1,1,1,-1,1,-1,1,1,-1,1,1,-1,1,1,-1,1,-1,1,1,0.008408171124756336
-1,-1,1,1,-1,1,-1,1,1,-1,1,1,1,-1,1,-1,-1,1,1,1,0.008503013290464878
-1,-1,1,1,-1,1,-1,1,1,-1,1,1,1,-1,1,-1,1,1,1,-1,0.009525318630039692
-1,-1,1,1,-1,1,-1,1,1,1,-1,-1,1,-1,-1,-1,-1,-1,-1,1,0.008815906941890717
-1,-1,1,1,-1,1,-1,1,1,1,1,1,-1,-1,1,1,1,1,-1,1,0.010351530276238918
-1,-1,1,1,-1,1,-1,1,1,1,1,1,-1,1,-1,1,1,-1,-1,-1,0.009929025545716286
-1,-1,1,1,-1,1,-1,1,1,1,1,1,1,-1,-1,-1,-1,-1,-1,-1,0.009491476230323315
-1,-1,1,1,-1,1,-1,1,1,1,1,1,1,-1,-1,-1,-1,1,1,1,0.009081272408366203
-1,-1,1,1,-1,1,-1,1,1,1,1,1,1,-1,1,1,1,1,-1,1,0.010101464577019215
-1,-1,1,1,-1,1,-1,1,1,1,1,1,1,1,-1,1,-1,-1,1,1,0.008171703666448593
-1,-1,1,1,-1,1,-1,1,1,1,1,1,1,1,1,-1,-1,1,1,1,0.008278963156044483
-1,-1,1,1,-1,1,1,-1,-1,-1,-1,-1,-1,1,-1,1,-1,1,-1,1,0.009471047669649124
-1,-1,1,1,-1,1,1,-1,-1,-1,-1,-1,1,-1,-1,-1,-1,-1,1,1,0.008778673596680164
-1,-1,1,1,-1,1,1,-1,-1,-1,-1,-1,1,1,1,1,1,-1,1,1,0.008738880977034569
-1,-1,1,1,-1,1,1,-1,-1,-1,-1,1,-1,-1,1,1,-1,-1,-1,-1,0.00947483815252781
-1,-1,1,1,-1,1,1,-1,-1,-1,-1,1,1,-1,1,-1,-1,-1,-1,1,0.00876712892204523
-1,-1,1,1,-1,1,1,-1,-1,-1,-1,1,1,-1,1,-1,1,-1,1,-1,0.009304482489824295
-1,-1,1,1,-1,1,1,-1,-1,-1,-1,1,1,1,1,-1,-1,1,1,1,0.008140607737004757
-1,-1,1,1,-1,1,1,-1,-1,-1,1,-1,-1,-1,-1,1,1,-1,1,1,0.010377328842878342
-1,-1,1,1,-1,1,1,-1,-1,-1,1,-1,-1,1,1,-1,1,-1,1,-1,0.009834805503487587
-1,-1,1,1,-1,1,1,-1,-1,-1,1,-1,1,1,1,1,1,1,1,1,0.009758416563272476
-1,-1,1,1,-1,1,1,-1,-1,-1,1,1,-1,1,-1,-1,1,1,-1,1,0.010352562181651592
-1,-1,1,1,-1,1,1,-1,-1,1,-1,-1,1,1,1,-1,-1,1,-1,-1,0.009604476392269135
-1,-1,1,1,-1,1,1,-1,-1,1,-1,1,-1,-1,1,-1,-1,-1,1,1,0.008883226662874222
-1,-1,1,1,-1,1,1,-1,-1,1,-1,1,-1,1,-1,1,-1,1,1,-1,0.00942657608538866
-1,-1,1,1,-1,1,1,-1,-1,1,-1,1,1,-1,-1,-1,1,1,-1,1,0.010442441329360008
-1,-1,1,1,-1,1,1,-1,-1,1,1,-1,-1,-1,-1,1,-1,1,-1,1,0.010983136482536793
-1,-1,1,1,-1,1,1,-1,-1,1,1,-1,1,1,1,1,1,1,1,1,0.010109399445354939
-1,-1,1,1,-1,1,1,-1,1,-1,-1,-1,-1,-1,-1,-1,1,1,1,1,0.009972807951271534
-1,-1,1,1,-1,1,1,-1,1,-1,-1,-1,-1,1,-1,1,-1,1,-1,1,0.009318063966929913
-1,-1,1,1,-1,1,1,-1,1,-1,-1,-1,-1,1,1,-1,1,1,1,-1,0.009529213421046734
-1,-1,1,1,-1,1,1,-1,1,-1,-1,-1,1,-1,-1,-1,1,-1,1,-1,0.009647994302213192
-1,-1,1,1,-1,1,1,-1,1,-1,-1,1,-1,-1,-1,-1,-1,-1,1,-1,0.008965251967310905
-1,-1,1,1,-1,1,1,-1,1,-1,-1,1,-1,-1,-1,1,-1,-1,1,1,0.00870546419173479
-1,-1,1,1,-1,1,1,-1,1,-1,-1,1,-1,1,1,1,1,-1,1,-1,0.00892545934766531
-1,-1,1,1,-1,1,1,-1,1,-1,-1,1,1,1,-1,1,1,1,-1,-1,0.009821084327995777
-1,-1,1,1,-1,1,1,-1,1,-1,1,1,-1,-1,-1,-1,1,1,1,-1,0.010648377239704132
-1,-1,1,1,-1,1,1,-1,1,-1,1,1,1,-1,-1,-1,-1,-1,1,-1,0.009301258251070976
-1,-1,1,1,-1,1,1,-1,1,-1,1,1,1,1,1,-1,-1,-1,1,1,0.008140233345329762
-1,-1,1,1,-1,1,1,-1,1,1,-1,-1,-1,-1,1,1,1,-1,1,-1,0.01012069545686245
-1,-1,1,1,-1,1,1,-1,1,1,-1,-1,1,1,-1,-1,1,-1,-1,-1,0.009908895008265972
-1,-1,1,1,-1,1,1,-1,1,1,-1,-1,1,1,1,-1,-1,1,1,-1,0.008966541849076748
-1,-1,1,1,-1,1,1,-1,1,1,-1,1,-1,-1,1,-1,-1,-1,1,1,0.00873024296015501
-1,-1,1,1,-1,1,1,-1,1,1,-1,1,-1,1,1,1,1,1,-1,-1,0.01019485667347908
-1,-1,1,1,-1,1,1,-1,1,1,1,-1,-1,-1,1,1,-1,1,-1,-1,0.010961592197418213
-1,-1,1,1,-1,1,1,-1,1,1,1,1,-1,-1,-1,1,-1,1,1,-1,0.010434698313474655
-1,-1,1,1,-1,1,1,-1,1,1,1,1,-1,-1,1,1,-1,-1,-1,1,0.009900194592773914
-1,-1,1,1,-1,1,1,-1,1,1,1,1,1,-1,1,-1,-1,-1,1,1,0.009066250175237656
-1,-1,1,1,-1,1,1,1,-1,-1,-1,-1,1,1,1,-1,1,1,-1,-1,0.009667920880019665
-1,-1,1,1,-1,1,1,1,-1,-1,-1,-1,1,1,1,1,1,-1,-1,-1,0.009333385154604912
-1,-1,1,1,-1,1,1,1,-1,-1,-1,1,-1,-1,1,-1,1,1,1,1,0.009380134753882885
-1,-1,1,1,-1,1,1,1,-1,-1,-1,1,-1,1,1,-1,1,-1,-1,-1,0.00921530369669199
-1,-1,1,1,-1,1,1,1,-1,-1,-1,1,1,-1,1,-1,-1,-1,-1,1,0.008517967537045479
-1,-1,1,1,-1,1,1,1,-1,-1,1,-1,1,-1,-1,-1,1,1,1,-1,0.010571352206170559
-1,-1,1,1,-1,1,1,1,-1,-1,1,1,-1,-1,-1,1,-1,1,-1,1,0.010113772936165333
-1,-1,1,1,-1,1,1,1,-1,-1,1,1,-1,-1,1,1,-1,1,-1,1,0.00988649670034647
-1,-1,1,1,-1,1,1,1,-1,-1,1,1,-1,1,1,-1,-1,-1,1,-1,0.008652836084365845
-1,-1,1,1,-1,1,1,1,-1,-1,1,1,1,1,1,-1,1,1,1,-1,0.009499822743237019
-1,-1,1,1,-1,1,1,1,-1,1,-1,-1,1,-1,1,-1,1,-1,1,-1,0.009675523266196251
-1,-1,1,1,-1,1,1,1,-1,1,-1,1,-1,-1,1,1,1,-1,1,-1,0.009755297563970089
-1,-1,1,1,-1,1,1,1,-1,1,-1,1,-1,-1,1,1,1,1,-1,-1,0.010673712007701397
-1,-1,1,1,-1,1,1,1,-1,1,-1,1,1,-1,-1,1,1,1,1,1,0.009807256050407887
-1,-1,1,1,-1,1,1,1,-1,1,1,-1,-1,-1,-1,-1,1,1,1,-1,0.011172400787472725
-1,-1,1,1,-1,1,1,1,1,-1,-1,-1,1,-1,-1,-1,-1,-1,-1,-1,0.00922019500285387
-1,-1,1,1,-1,1,1,1,1,-1,-1,1,-1,-1,1,1,1,-1,-1,1,0.009377566166222095
-1,-1,1,1,-1,1,1,1,1,-1,-1,1,-1,1,1,-1,1,-1,1,1,0.008218653500080109
-1,-1,1,1,-1,1,1,1,1,-1,-1,1,-1,1,1,-1,1,1,1,1,0.008652117103338242
-1,-1,1,1,-1,1,1,1,1,-1,-1,1,-1,1,1,1,1,-1,-1,-1,0.009161248803138733
-1,-1,1,1,-1,1,1,1,1,-1,1,-1,-1,-1,-1,-1,-1,1,1,-1,0.010004844516515732
-1,-1,1,1,-1,1,1,1,1,-1,1,-1,-1,1,1,-1,-1,-1,1,1,0.008410356007516384
-1,-1,1,1,-1,1,1,1,1,-1,1,1,-1,-1,-1,-1,-1,-1,1,1,0.008943446911871433
-1,-1,1,1,-1,1,1,1,1,-1,1,1,-1,-1,1,-1,1,1,1,-1,0.010171938687562943
-1,-1,1,1,-1,1,1,1,1,-1,1,1,-1,1,-1,-1,-1,1,1,-1,0.009160592220723629
-1,-1,1,1,-1,1,1,1,1,-1,1,1,-1,1,1,-1,-1,-1,1,-1,0.008499852381646633
-1,-1,1,1,-1,1,1,1,1,-1,1,1,1,-1,-1,-1,1,-1,-1,1,0.009841921739280224
-1,-1,1,1,-1,1,1,1,1,-1,1,1,1,-1,-1,1,1,-1,-1,-1,0.010299565270543098
-1,-1,1,1,-1,1,1,1,1,1,-1,-1,-1,-1,-1,1,1,1,-1,1,0.0106585081666708
-1,-1,1,1,-1,1,1,1,1,1,-1,-1,1,-1,1,1,1,1,-1,-1,0.010539881885051727
-1,-1,1,1,-1,1,1,1,1,1,-1,-1,1,1,-1,1,1,1,1,1,0.009348458610475063
-1,-1,1,1,-1,1,1,1,1,1,-1,1,-1,-1,1,1,1,1,1,1,0.009677061811089516
-1,-1,1,1,-1,1,1,1,1,1,-1,1,1,-1,-1,-1,-1,1,1,1,0.00889175571501255
-1,-1,1,1,-1,1,1,1,1,1,1,-1,-1,-1,-1,-1,1,1,-1,1,0.011145653203129768
-1,-1,1,1,-1,1,1,1,1,1,1,-1,-1,-1,-1,1,-1,-1,1,-1,0.010021292604506016
-1,-1,1,1,-1,1,1,1,1,1,1,-1,-1,-1,1,1,1,-1,-1,1,0.010583841241896152
-1,-1,1,1,-1,1,1,1,1,1,1,1,-1,-1,1,-1,-1,1,1,1,0.009500617161393166
-1,-1,1,1,-1,1,1,1,1,1,1,1,-1,1,-1,1,-1,-1,1,-1,0.009177040308713913
-1,-1,1,1,-1,1,1,1,1,1,1,1,-1,1,-1,1,-1,1,-1,-1,0.010095453821122646
-1,-1,1,1,1,-1,-1,-1,-1,-1,-1,-1,-1,-1,-1,1,1,-1,1,-1,0.010168182663619518
-1,-1,1,1,1,-1,-1,-1,-1,-1,-1,-1,-1,1,-1,-1,-1,1,-1,1,0.009390330873429775
-1,-1,1,1,1,-1,-1,-1,-1,-1,-1,-1,-1,1,1,1,-1,-1,1,-1,0.008702283725142479
-1,-1,1,1,1,-1,-1,-1,-1,-1,-1,-1,1,-1,-1,-1,1,1,-1,1,0.010378887876868248
-1,-1,1,1,1,-1,-1,-1,-1,-1,-1,-1,1,-1,-1,1,-1,-1,-1,1,0.00938076339662075
-1,-1,1,1,1,-1,-1,-1,-1,-1,-1,-1,1,1,-1,1,1,-1,1,1,0.008984368294477463
-1,-1,1,1,1,-1,-1,-1,-1,-1,-1,-1,1,1,-1,1,1,1,-1,-1,0.010261498391628265
-1,-1,1,1,1,-1,-1,-1,-1,-1,-1,-1,1,1,-1,1,1,1,1,1,0.009417831897735596
-1,-1,1,1,1,-1,-1,-1,-1,-1,-1,1,-1,1,1,-1,1,-1,1,1,0.008639010600745678
-1,-1,1,1,1,-1,-1,-1,-1,-1,1,-1,1,-1,-1,1,1,1,1,-1,0.010937653481960297
-1,-1,1,1,1,-1,-1,-1,-1,-1,1,1,-1,-1,-1,-1,-1,-1,1,-1,0.009722518734633923
-1,-1,1,1,1,-1,-1,-1,-1,-1,1,1,-1,-1,1,-1,1,-1,-1,1,0.01028506737202406
-1,-1,1,1,1,-1,-1,-1,-1,-1,1,1,-1,1,-1,-1,1,1,1,-1,0.010244538076221943
-1,-1,1,1,1,-1,-1,-1,-1,-1,1,1,1,-1,-1,1,-1,1,-1,1,0.010131079703569412
-1,-1,1,1,1,-1,-1,-1,-1,1,-1,-1,-1,1,1,1,1,-1,1,-1,0.00971685629338026
-1,-1,1,1,1,-1,-1,-1,-1,1,-1,-1,1,-1,1,1,1,-1,1,-1,0.010041824541985989
-1,-1,1,1,1,-1,-1,-1,-1,1,-1,-1,1,1,1,1,1,1,1,-1,0.00990025419741869
-1,-1,1,1,1,-1,-1,-1,-1,1,-1,1,-1,-1,1,1,1,-1,1,-1,0.010022670961916447
-1,-1,1,1,1,-1,-1,-1,-1,1,-1,1,-1,1,-1,-1,1,-1,1,-1,0.009575985372066498
-1,-1,1,1,1,-1,-1,-1,-1,1,1,-1,1,1,-1,-1,-1,1,-1,-1,0.010436036624014378
-1,-1,1,1,1,-1,-1,-1,-1,1,1,1,1,-1,1,-1,1,1,1,1,0.010334497317671776
-1,-1,1,1,1,-1,-1,-1,-1,1,1,1,1,1,-1,1,1,-1,1,-1,0.010010920464992523
-1,-1,1,1,1,-1,-1,-1,1,-1,-1,-1,-1,1,-1,-1,1,1,-1,-1,0.010259652510285378
-1,-1,1,1,1,-1,-1,-1,1,-1,-1,-1,-1,1,1,1,-1,1,-1,1,0.00910899881273508
-1,-1,1,1,1,-1,-1,-1,1,-1,-1,-1,1,-1,1,1,-1,1,1,-1,0.009307731874287128
-1,-1,1,1,1,-1,-1,-1,1,-1,-1,1,-1,-1,-1,-1,-1,-1,-1,-1,0.009468413889408112
-1,-1,1,1,1,-1,-1,-1,1,-1,-1,1,1,-1,1,-1,-1,-1,1,1,0.00814740639179945
-1,-1,1,1,1,-1,-1,-1,1,-1,-1,1,1,1,-1,1,1,-1,-1,1,0.009047117084264755
-1,-1,1,1,1,-1,-1,-1,1,-1,1,1,-1,-1,-1,1,1,-1,-1,-1,0.010817003436386585
-1,-1,1,1,1,-1,-1,-1,1,-1,1,1,1,-1,-1,-1,-1,-1,-1,1,0.009445705451071262
-1,-1,1,1,1,-1,-1,-1,1,1,-1,-1,-1,1,-1,-1,1,1,1,-1,0.010125684551894665
-1,-1,1,1,1,-1,-1,-1,1,1,-1,-1,-1,1,-1,1,1,-1,1,-1,0.009791148826479912
-1,-1,1,1,1,-1,-1,-1,1,1,-1,1,1,1,-1,-1,-1,1,1,1,0.008584095165133476
-1,-1,1,1,1,-1,-1,-1,1,1,1,1,1,1,-1,1,-1,-1,1,-1,0.009194348007440567
-1,-1,1,1,1,-1,-1,1,-1,-1,-1,-1,1,1,-1,1,-1,-1,1,1,0.008071617223322392
-1,-1,1,1,1,-1,-1,1,-1,-1,-1,-1,1,1,-1,1,1,-1,1,1,0.00873520690947771
-1,-1,1,1,1,-1,-1,1,-1,-1,-1,1,-1,1,-1,1,1,-1,-1,-1,0.009559719823300838
-1,-1,1,1,1,-1,-1,1,-1,-1,-1,1,1,-1,-1,1,-1,-1,1,1,0.008377431891858578
-1,-1,1,1,1,-1,-1,1,-1,-1,1,-1,-1,-1,-1,-1,1,1,-1,1,0.010965865105390549
-1,-1,1,1,1,-1,-1,1,-1,-1,1,1,1,-1,1,-1,1,1,1,-1,0.010093068704009056
-1,-1,1,1,1,-1,-1,1,-1,-1,1,1,1,1,1,-1,-1,-1,-1,-1,0.008905933238565922
-1,-1,1,1,1,-1,-1,1,-1,1,-1,-1,-1,-1,1,1,1,-1,-1,-1,0.01052767876535654
-1,-1,1,1,1,-1,-1,1,-1,1,-1,-1,1,1,-1,-1,-1,-1,-1,-1,0.009167338721454144
-1,-1,1,1,1,-1,-1,1,-1,1,-1,-1,1,1,1,-1,-1,1,1,1,0.008529859595000744
-1,-1,1,1,1,-1,-1,1,-1,1,-1,1,-1,1,1,1,1,-1,-1,1,0.009324710816144943
-1,-1,1,1,1,-1,-1,1,-1,1,-1,1,1,-1,-1,-1,1,1,-1,-1,0.010570205748081207
-1,-1,1,1,1,-1,-1,1,-1,1,-1,1,1,1,-1,-1,-1,1,1,-1,0.008846632204949856
-1,-1,1,1,1,-1,-1,1,-1,1,-1,1,1,1,-1,-1,1,-1,-1,-1,0.009561709128320217
-1,-1,1,1,1,-1,-1,1,-1,1,1,-1,-1,1,1,1,1,1,1,1,0.010128514841198921
-1,-1,1,1,1,-1,-1,1,-1,1,1,1,-1,-1,1,1,1,1,-1,-1,0.011277996003627777
-1,-1,1,1,1,-1,-1,1,-1,1,1,1,-1,1,1,-1,-1,-1,-1,1,0.009148266166448593
-1,-1,1,1,1,-1,-1,1,1,-1,-1,-1,1,1,-1,-1,1,1,1,-1,0.009275474585592747
-1,-1,1,1,1,-1,-1,1,1,-1,-1,1,-1,1,1,1,-1,-1,-1,1,0.00815715454518795
-1,-1,1,1,1,-1,-1,1,1,-1,-1,1,1,-1,-1,-1,1,-1,-1,1,0.00927406083792448
-1,-1,1,1,1,-1,-1,1,1,-1,-1,1,1,-1,-1,1,-1,1,-1,1,0.009142862632870674
-1,-1,1,1,1,-1,-1,1,1,-1,-1,1,1,-1,1,-1,1,1,1,-1,0.009354012086987495
-1,-1,1,1,1,-1,-1,1,1,-1,1,-1,-1,-1,-1,1,1,1,-1,-1,0.011270524933934212
-1,-1,1,1,1,-1,-1,1,1,-1,1,-1,-1,-1,1,-1,1,-1,-1,-1,0.010510857217013836
-1,-1,1,1,1,-1,-1,1,1,-1,1,-1,1,1,-1,1,-1,1,-1,-1,0.009781835600733757
-1,-1,1,1,1,-1,-1,1,1,-1,1,1,-1,-1,-1,1,-1,1,1,-1,0.009852765128016472
-1,-1,1,1,1,-1,-1,1,1,-1,1,1,-1,1,-1,1,1,1,-1,1,0.01006755605340004
-1,-1,1,1,1,-1,-1,1,1,-1,1,1,1,-1,-1,1,-1,1,-1,1,0.009728934615850449
-1,-1,1,1,1,-1,-1,1,1,-1,1,1,1,-1,-1,1,1,-1,-1,1,0.009959060698747635
-1,-1,1,1,1,-1,-1,1,1,-1,1,1,1,-1,1,1,1,-1,-1,1,0.009731784462928772
-1,-1,1,1,1,-1,-1,1,1,-1,1,1,1,1,1,-1,1,1,1,1,0.009006335400044918
-1,-1,1,1,1,-1,-1,1,1,1,-1,-1,-1,1,1,-1,1,-1,-1,1,0.009342018514871597
-1,-1,1,1,1,-1,-1,1,1,1,1,-1,-1,1,1,1,1,-1,1,-1,0.009900783188641071
-1,-1,1,1,1,-1,-1,1,1,1,1,-1,1,1,-1,-1,1,-1,-1,1,0.009905301965773106
-1,-1,1,1,1,-1,-1,1,1,1,1,-1,1,1,-1,1,-1,1,1,1,0.009289152920246124
-1,-1,1,1,1,-1,-1,1,1,1,1,1,-1,1,-1,1,1,-1,1,-1,0.009858841076493263
-1,-1,1,1,1,-1,1,-1,-1,-1,-1,-1,-1,-1,-1,-1,1,-1,1,-1,0.01046581007540226
-1,-1,1,1,1,-1,1,-1,-1,-1,-1,-1,1,-1,-1,-1,-1,-1,-1,1,0.009678390808403492
-1,-1,1,1,1,-1,1,-1,-1,-1,-1,-1,1,1,1,1,1,-1,-1,-1,0.009997313842177391
-1,-1,1,1,1,-1,1,-1,-1,-1,-1,1,-1,-1,-1,-1,-1,1,1,1,0.009607749059796333
-1,-1,1,1,1,-1,1,-1,-1,-1,-1,1,-1,-1,1,-1,1,1,-1,1,0.010529013350605965
-1,-1,1,1,1,-1,1,-1,-1,-1,-1,1,1,1,1,1,-1,-1,1,1,0.008220838382840157
-1,-1,1,1,1,-1,1,-1,-1,-1,1,-1,1,1,1,1,-1,1,1,-1,0.009868308901786804
-1,-1,1,1,1,-1,1,-1,-1,-1,1,-1,1,1,1,1,1,-1,-1,-1,0.010583385825157166
-1,-1,1,1,1,-1,1,-1,-1,-1,1,1,-1,1,1,-1,1,1,-1,1,0.010540052317082882
-1,-1,1,1,1,-1,1,-1,-1,-1,1,1,1,-1,1,-1,-1,1,1,-1,0.01007519569247961
-1,-1,1,1,1,-1,1,-1,-1,-1,1,1,1,1,-1,1,1,-1,-1,1,0.010182727128267288
-1,-1,1,1,1,-1,1,-1,-1,1,-1,-1,1,1,-1,-1,1,-1,-1,-1,0.010476645082235336
-1,-1,1,1,1,-1,1,-1,-1,1,-1,-1,1,1,-1,-1,1,1,1,-1,0.010425157845020294
-1,-1,1,1,1,-1,1,-1,-1,1,-1,1,-1,1,-1,1,-1,1,-1,1,0.009967577643692493
-1,-1,1,1,1,-1,1,-1,-1,1,-1,1,1,1,1,1,-1,-1,1,-1,0.008930537849664688
-1,-1,1,1,1,-1,1,-1,-1,1,-1,1,1,1,1,1,-1,1,-1,-1,0.009848951362073421
-1,-1,1,1,1,-1,1,-1,-1,1,1,-1,-1,-1,1,-1,-1,1,1,1,0.010586747899651527
-1,-1,1,1,1,-1,1,-1,-1,1,1,-1,-1,1,1,1,-1,1,1,1,0.010110641829669476
-1,-1,1,1,1,-1,1,-1,-1,1,1,-1,1,-1,1,1,-1,1,-1,1,0.010920561850070953
-1,-1,1,1,1,-1,1,-1,-1,1,1,-1,1,1,-1,1,-1,-1,1,-1,0.010013105347752571
-1,-1,1,1,1,-1,1,-1,-1,1,1,1,-1,-1,1,1,1,1,1,1,0.011080046184360981
-1,-1,1,1,1,-1,1,-1,-1,1,1,1,1,-1,-1,-1,-1,-1,1,1,0.009861276485025883
-1,-1,1,1,1,-1,1,-1,-1,1,1,1,1,-1,-1,1,-1,1,-1,1,0.01087861880660057
-1,-1,1,1,1,-1,1,-1,-1,1,1,1,1,-1,1,1,-1,-1,-1,-1,0.01057659462094307
-1,-1,1,1,1,-1,1,-1,-1,1,1,1,1,-1,1,1,-1,1,-1,1,0.010651342570781708
-1,-1,1,1,1,-1,1,-1,1,-1,-1,-1,-1,-1,-1,-1,1,-1,1,-1,0.010312826372683048
-1,-1,1,1,1,-1,1,-1,1,-1,-1,-1,-1,1,-1,-1,-1,-1,-1,1,0.009200438857078552
-1,-1,1,1,1,-1,1,-1,1,-1,-1,-1,1,-1,-1,-1,-1,-1,-1,1,0.00952540710568428
-1,-1,1,1,1,-1,1,-1,1,-1,-1,-1,1,1,-1,1,1,-1,-1,-1,0.010071606375277042
-1,-1,1,1,1,-1,1,-1,1,-1,-1,-1,1,1,1,1,1,1,1,-1,0.009792842902243137
-1,-1,1,1,1,-1,1,-1,1,-1,-1,1,-1,-1,-1,-1,1,-1,-1,1,0.010169843211770058
-1,-1,1,1,1,-1,1,-1,1,-1,-1,1,-1,1,-1,-1,1,-1,1,-1,0.009468574076890945
-1,-1,1,1,1,-1,1,-1,1,-1,-1,1,-1,1,-1,1,-1,1,-1,1,0.00946361105889082
-1,-1,1,1,1,-1,1,-1,1,-1,-1,1,1,1,-1,1,-1,1,1,1,0.00872859451919794
-1,-1,1,1,1,-1,1,-1,1,-1,-1,1,1,1,1,1,1,-1,1,-1,0.009090160019695759
-1,-1,1,1,1,-1,1,-1,1,-1,1,-1,-1,1,1,1,-1,-1,-1,1,0.009658163413405418
-1,-1,1,1,1,-1,1,-1,1,-1,1,-1,1,1,1,1,-1,1,-1,-1,0.010200276970863342
-1,-1,1,1,1,-1,1,-1,1,-1,1,-1,1,1,1,1,1,1,1,1,0.010020199231803417
-1,-1,1,1,1,-1,1,-1,1,-1,1,1,-1,-1,1,1,-1,1,1,-1,0.010271205566823483
-1,-1,1,1,1,-1,1,-1,1,-1,1,1,-1,1,1,1,-1,-1,1,-1,0.009262708947062492
-1,-1,1,1,1,-1,1,-1,1,1,-1,-1,-1,-1,1,-1,1,1,-1,-1,0.011354947462677956
-1,-1,1,1,1,-1,1,-1,1,1,-1,-1,-1,1,1,1,-1,1,-1,1,0.009856536984443665
-1,-1,1,1,1,-1,1,-1,1,1,-1,-1,1,-1,-1,-1,1,-1,-1,-1,0.010898695327341557
-1,-1,1,1,1,-1,1,-1,1,1,-1,-1,1,-1,1,-1,1,-1,1,-1,0.010186468251049519
-1,-1,1,1,1,-1,1,-1,1,1,-1,-1,1,-1,1,1,-1,-1,-1,-1,0.010106757283210754
-1,-1,1,1,1,-1,1,-1,1,1,-1,-1,1,-1,1,1,-1,-1,1,1,0.00926309172064066
-1,-1,1,1,1,-1,1,-1,1,1,-1,1,-1,1,1,-1,-1,1,1,1,0.009003438986837864
-1,-1,1,1,1,-1,1,-1,1,1,-1,1,1,-1,-1,1,-1,-1,-1,-1,0.010064815171062946
-1,-1,1,1,1,-1,1,-1,1,1,-1,1,1,1,1,-1,1,-1,1,1,0.008983500301837921
-1,-1,1,1,1,-1,1,-1,1,1,1,-1,1,1,1,-1,-1,1,-1,1,0.01009361632168293
-1,-1,1,1,1,-1,1,-1,1,1,1,-1,1,1,1,-1,1,1,-1,-1,0.01111592072993517
-1,-1,1,1,1,-1,1,1,-1,-1,-1,-1,-1,1,1,-1,1,-1,-1,-1,0.009899289347231388
-1,-1,1,1,1,-1,1,1,-1,-1,-1,-1,-1,1,1,-1,1,-1,-1,1,0.009540573693811893
-1,-1,1,1,1,-1,1,1,-1,-1,-1,-1,-1,1,1,-1,1,1,1,1,0.009489086456596851
-1,-1,1,1,1,-1,1,1,-1,-1,-1,-1,1,1,-1,1,-1,1,-1,-1,0.009745301678776741
-1,-1,1,1,1,-1,1,1,-1,-1,-1,-1,1,1,-1,1,1,1,1,-1,0.009923940524458885
-1,-1,1,1,1,-1,1,1,-1,-1,-1,1,1,1,1,-1,-1,-1,1,1,0.007872749119997025
-1,-1,1,1,1,-1,1,1,-1,-1,1,-1,-1,-1,1,-1,1,1,-1,-1,0.011493858881294727
-1,-1,1,1,1,-1,1,1,-1,-1,1,-1,-1,1,1,-1,1,-1,-1,1,0.010126646608114243
-1,-1,1,1,1,-1,1,1,-1,-1,1,-1,1,-1,1,-1,-1,1,-1,1,0.010221488773822784
-1,-1,1,1,1,-1,1,1,-1,-1,1,-1,1,-1,1,-1,1,-1,-1,1,0.01045161485671997
-1,-1,1,1,1,-1,1,1,-1,-1,1,-1,1,-1,1,1,1,1,-1,-1,0.011342721059918404
-1,-1,1,1,1,-1,1,1,-1,1,-1,-1,-1,1,1,-1,1,-1,1,1,0.009406606666743755
-1,-1,1,1,1,-1,1,1,-1,1,-1,1,1,-1,1,-1,-1,-1,1,-1,0.009157481603324413
-1,-1,1,1,1,-1,1,1,-1,1,-1,1,1,1,1,1,-1,-1,1,1,0.008322659879922867
-1,-1,1,1,1,-1,1,1,-1,1,-1,1,1,1,1,1,1,1,-1,-1,0.010263379663228989
-1,-1,1,1,1,-1,1,1,-1,1,1,-1,-1,1,1,1,1,1,1,-1,0.010883785784244537
-1,-1,1,1,1,-1,1,1,-1,1,1,-1,1,-1,-1,-1,-1,-1,-1,1,0.010366285219788551
-1,-1,1,1,1,-1,1,1,-1,1,1,-1,1,-1,1,1,-1,-1,1,-1,0.010111700743436813
-1,-1,1,1,1,-1,1,1,-1,1,1,-1,1,1,1,-1,1,1,-1,-1,0.011019743047654629
-1,-1,1,1,1,-1,1,1,-1,1,1,1,-1,-1,1,1,-1,1,1,1,0.01016729511320591
-1,-1,1,1,1,-1,1,1,-1,1,1,1,-1,1,-1,-1,-1,-1,1,1,0.009287146851420403
-1,-1,1,1,1,-1,1,1,-1,1,1,1,1,-1,-1,-1,1,1,1,-1,0.011067883111536503
-1,-1,1,1,1,-1,1,1,1,-1,-1,-1,-1,1,1,-1,1,-1,1,-1,0.009261354804039001
-1,-1,1,1,1,-1,1,1,1,-1,-1,1,-1,1,1,-1,-1,-1,1,1,0.007969831116497517
-1,-1,1,1,1,-1,1,1,1,-1,-1,1,1,1,-1,-1,-1,-1,1,-1,0.00830575730651617
-1,-1,1,1,1,-1,1,1,1,-1,1,1,-1,-1,1,-1,-1,1,1,1,0.009564400650560856
-1,-1,1,1,1,-1,1,1,1,-1,1,1,-1,1,1,-1,-1,1,1,-1,0.009348082356154919
-1,-1,1,1,1,-1,1,1,1,1,-1,-1,-1,-1,1,-1,1,1,1,1,0.010262119583785534
-1,-1,1,1,1,-1,1,1,1,1,-1,-1,1,1,-1,1,1,-1,1,1,0.009329761378467083
-1,-1,1,1,1,-1,1,1,1,1,-1,-1,1,1,1,-1,-1,1,-1,1,0.009258382022380829
-1,-1,1,1,1,-1,1,1,1,1,1,-1,-1,-1,-1,1,1,-1,1,-1,0.011099648661911488
-1,-1,1,1,1,-1,1,1,1,1,1,-1,1,-1,1,-1,1,-1,-1,1,0.010649614036083221
-1,-1,1,1,1,1,-1,-1,-1,-1,-1,-1,-1,1,1,-1,-1,1,1,1,0.008946097455918789
-1,-1,1,1,1,1,-1,-1,-1,-1,-1,1,-1,-1,-1,1,1,-1,-1,1,0.01029319316148758
-1,-1,1,1,1,1,-1,-1,-1,-1,1,-1,-1,1,-1,-1,-1,-1,1,1,0.009325983002781868
-1,-1,1,1,1,1,-1,-1,-1,-1,1,-1,-1,1,-1,-1,-1,1,1,-1,0.010118161328136921
-1,-1,1,1,1,1,-1,-1,-1,-1,1,1,-1,1,-1,-1,-1,1,1,-1,0.009848942048847675
-1,-1,1,1,1,1,-1,-1,-1,-1,1,1,1,-1,-1,1,1,-1,1,-1,0.01050296425819397
-1,-1,1,1,1,1,-1,-1,-1,-1,1,1,1,-1,1,1,-1,1,-1,-1,0.010530512779951096
-1,-1,1,1,1,1,-1,-1,-1,1,-1,-1,-1,-1,1,1,1,-1,1,1,0.01020116824656725
-1,-1,1,1,1,1,-1,-1,-1,1,-1,-1,1,-1,-1,-1,-1,-1,-1,1,0.009900812059640884
-1,-1,1,1,1,1,-1,-1,-1,1,-1,-1,1,-1,-1,1,-1,-1,1,1,0.00951478909701109
-1,-1,1,1,1,1,-1,-1,-1,1,-1,1,-1,-1,-1,1,-1,-1,-1,1,0.009980587288737297
-1,-1,1,1,1,1,-1,-1,-1,1,-1,1,-1,-1,-1,1,1,1,-1,1,0.011077639646828175
-1,-1,1,1,1,1,-1,-1,-1,1,-1,1,1,-1,-1,1,-1,1,-1,-1,0.010522699914872646
-1,-1,1,1,1,1,-1,-1,-1,1,1,-1,1,-1,-1,-1,-1,-1,1,1,0.010001934133470058
-1,-1,1,1,1,1,-1,-1,-1,1,1,-1,1,-1,1,1,1,1,1,-1,0.011329353787004948
-1,-1,1,1,1,1,-1,-1,-1,1,1,1,1,-1,-1,1,-1,-1,1,1,0.009831642732024193
-1,-1,1,1,1,1,-1,-1,-1,1,1,1,1,1,1,1,-1,-1,1,-1,0.009388048201799393
-1,-1,1,1,1,1,-1,-1,1,-1,-1,-1,-1,-1,-1,-1,-1,-1,-1,1,0.009646911174058914
-1,-1,1,1,1,1,-1,-1,1,-1,-1,-1,1,-1,-1,1,-1,-1,-1,-1,0.009854489006102085
-1,-1,1,1,1,1,-1,-1,1,-1,-1,-1,1,-1,-1,1,-1,1,-1,-1,0.010287952609360218
-1,-1,1,1,1,1,-1,-1,1,-1,-1,-1,1,-1,1,-1,-1,1,1,1,0.009118082001805305
-1,-1,1,1,1,1,-1,-1,1,-1,-1,1,-1,-1,-1,-1,-1,-1,-1,1,0.009377691894769669
-1,-1,1,1,1,1,-1,-1,1,-1,-1,1,-1,-1,-1,1,-1,1,-1,1,0.009910083375871181
-1,-1,1,1,1,1,-1,-1,1,-1,-1,1,-1,-1,-1,1,1,1,1,1,0.010088722221553326
-1,-1,1,1,1,1,-1,-1,1,-1,-1,1,-1,-1,1,1,1,1,-1,-1,0.010705112479627132
-1,-1,1,1,1,1,-1,-1,1,-1,1,-1,-1,1,-1,1,-1,1,1,1,0.00970539078116417
-1,-1,1,1,1,1,-1,-1,1,-1,1,-1,1,-1,-1,1,1,-1,1,-1,0.010619199834764004
-1,-1,1,1,1,1,-1,-1,1,-1,1,-1,1,1,1,-1,-1,1,-1,-1,0.009972787462174892
-1,-1,1,1,1,1,-1,-1,1,-1,1,1,-1,1,1,-1,1,-1,1,-1,0.009698809124529362
-1,-1,1,1,1,1,-1,-1,1,-1,1,1,1,-1,-1,1,-1,-1,-1,1,0.009812626987695694
-1,-1,1,1,1,1,-1,-1,1,1,-1,-1,-1,-1,1,-1,-1,-1,1,-1,0.009644382633268833
-1,-1,1,1,1,1,-1,-1,1,1,-1,1,1,1,-1,1,-1,-1,1,1,0.008517553098499775
-1,-1,1,1,1,1,-1,-1,1,1,1,1,1,-1,-1,1,-1,-1,-1,1,0.010163609869778156
-1,-1,1,1,1,1,-1,1,-1,-1,-1,-1,-1,-1,-1,1,1,-1,-1,1,0.010313250124454498
-1,-1,1,1,1,1,-1,1,-1,-1,-1,-1,1,-1,-1,-1,1,1,1,1,0.009912769310176373
-1,-1,1,1,1,1,-1,1,-1,-1,-1,-1,1,-1,1,-1,1,-1,-1,1,0.009736981242895126
-1,-1,1,1,1,1,-1,1,-1,-1,-1,-1,1,1,-1,1,1,-1,1,-1,0.009361916221678257
-1,-1,1,1,1,1,-1,1,-1,-1,-1,1,-1,-1,1,-1,1,1,-1,-1,0.010510005988180637
-1,-1,1,1,1,1,-1,1,-1,-1,-1,1,1,-1,-1,1,-1,-1,1,-1,0.009004141204059124
-1,-1,1,1,1,1,-1,1,-1,-1,-1,1,1,-1,1,1,1,1,-1,1,0.010000152513384819
-1,-1,1,1,1,1,-1,1,-1,-1,-1,1,1,1,1,1,1,1,-1,-1,0.009783835150301456
-1,-1,1,1,1,1,-1,1,-1,-1,1,-1,-1,-1,1,-1,-1,1,1,1,0.009858042001724243
-1,-1,1,1,1,1,-1,1,-1,-1,1,-1,-1,1,1,1,-1,1,1,1,0.009381935931742191
-1,-1,1,1,1,1,-1,1,-1,-1,1,1,-1,1,-1,-1,-1,-1,1,-1,0.00916631706058979
-1,-1,1,1,1,1,-1,1,-1,-1,1,1,1,1,-1,1,-1,-1,1,-1,0.009015180170536041
-1,-1,1,1,1,1,-1,1,-1,1,-1,-1,-1,-1,1,1,1,-1,1,-1,0.010310722514986992
-1,-1,1,1,1,1,-1,1,-1,1,-1,-1,-1,1,-1,-1,-1,1,-1,-1,0.010118861682713032
-1,-1,1,1,1,1,-1,1,-1,1,-1,-1,-1,1,-1,1,-1,-1,-1,1,0.009425610303878784
-1,-1,1,1,1,1,-1,1,-1,1,-1,1,-1,-1,-1,-1,1,1,1,1,0.010244598612189293
-1,-1,1,1,1,1,-1,1,-1,1,-1,1,1,1,1,1,1,-1,-1,-1,0.009701354429125786
-1,-1,1,1,1,1,-1,1,-1,1,1,-1,-1,-1,-1,-1,-1,1,1,1,0.010436301119625568
-1,-1,1,1,1,1,-1,1,-1,1,1,-1,-1,1,-1,-1,1,1,-1,-1,0.011368523351848125
-1,-1,1,1,1,1,-1,1,-1,1,1,-1,1,1,-1,1,1,1,1,1,0.010373719036579132
-1,-1,1,1,1,1,-1,1,-1,1,1,1,-1,-1,1,-1,-1,-1,-1,-1,0.010350009426474571
-1,-1,1,1,1,1,-1,1,1,-1,-1,-1,-1,-1,1,-1,-1,-1,1,-1,0.009044238366186619
-1,-1,1,1,1,1,-1,1,1,-1,-1,-1,1,1,-1,-1,1,-1,1,-1,0.009110004641115665
-1,-1,1,1,1,1,-1,1,1,-1,-1,1,-1,1,1,-1,1,-1,-1,1,0.008989810012280941
-1,-1,1,1,1,1,-1,1,1,-1,-1,1,1,-1,-1,1,-1,-1,1,1,0.008492441847920418
-1,-1,1,1,1,1,-1,1,1,-1,-1,1,1,-1,1,1,1,-1,-1,-1,0.009772421792149544
-1,-1,1,1,1,1,-1,1,1,-1,1,-1,-1,1,-1,1,-1,-1,-1,1,0.00950771663337946
-1,-1,1,1,1,1,-1,1,1,-1,1,-1,-1,1,1,-1,1,1,1,1,0.009793614037334919
-1,-1,1,1,1,1,-1,1,1,-1,1,-1,1,1,-1,-1,-1,1,-1,-1,0.009950902312994003
-1,-1,1,1,1,1,-1,1,1,-1,1,1,1,1,-1,1,-1,1,1,-1,0.009295660071074963
-1,-1,1,1,1,1,-1,1,1,-1,1,1,1,1,-1,1,1,-1,1,-1,0.009525786153972149
-1,-1,1,1,1,1,-1,1,1,1,-1,-1,-1,-1,-1,-1,-1,-1,1,-1,0.009622497484087944
-1,-1,1,1,1,1,-1,1,1,1,-1,-1,-1,-1,1,-1,-1,-1,-1,1,0.009521456435322762
-1,-1,1,1,1,1,-1,1,1,1,-1,-1,-1,1,-1,-1,1,1,1,-1,0.010144516825675964
-1,-1,1,1,1,1,-1,1,1,1,-1,-1,-1,1,1,1,-1,-1,-1,1,0.009045351296663284
-1,-1,1,1,1,1,-1,1,1,1,-1,-1,1,-1,1,-1,1,-1,1,1,0.009450029581785202
-1,-1,1,1,1,1,-1,1,1,1,-1,-1,1,1,1,-1,-1,1,-1,-1,0.009488536044955254
-1,-1,1,1,1,1,-1,1,1,1,-1,1,1,1,1,-1,-1,-1,-1,-1,0.00878585409373045
-1,-1,1,1,1,1,-1,1,1,1,1,-1,1,1,-1,-1,1,-1,-1,1,0.010173295624554157
-1,-1,1,1,1,1,-1,1,1,1,1,-1,1,1,1,-1,-1,-1,-1,-1,0.00964114535599947
-1,-1,1,1,1,1,-1,1,1,1,1,1,-1,-1,1,-1,-1,-1,-1,-1,0.01019702572375536
-1,-1,1,1,1,1,-1,1,1,1,1,1,-1,1,1,-1,1,1,-1,1,0.010360329411923885
-1,-1,1,1,1,1,-1,1,1,1,1,1,1,-1,-1,1,1,-1,-1,1,0.010578038170933723
-1,-1,1,1,1,1,-1,1,1,1,1,1,1,1,-1,-1,-1,1,1,1,0.00918899942189455
-1,-1,1,1,1,1,1,-1,-1,-1,-1,-1,-1,-1,-1,1,-1,-1,1,1,0.009810427203774452
-1,-1,1,1,1,1,1,-1,-1,-1,-1,-1,-1,1,-1,-1,1,1,-1,-1,0.011077184230089188
-1,-1,1,1,1,1,1,-1,-1,-1,-1,-1,-1,1,-1,1,-1,-1,1,1,0.00923539325594902
-1,-1,1,1,1,1,1,-1,-1,-1,-1,-1,-1,1,1,-1,1,-1,-1,-1,0.010416444391012192
-1,-1,1,1,1,1,1,-1,-1,-1,-1,-1,1,-1,-1,-1,1,-1,-1,-1,0.010968688875436783
-1,-1,1,1,1,1,1,-1,-1,-1,-1,1,-1,-1,-1,-1,1,1,-1,1,0.01102428324520588
-1,-1,1,1,1,1,1,-1,-1,-1,-1,1,-1,-1,1,-1,1,1,-1,-1,0.011155722662806511
-1,-1,1,1,1,1,1,-1,-1,-1,-1,1,1,-1,1,-1,1,-1,-1,-1,0.010472193360328674
-1,-1,1,1,1,1,1,-1,-1,-1,1,-1,-1,1,1,-1,1,1,1,-1,0.010951029136776924
-1,-1,1,1,1,1,1,-1,-1,-1,1,-1,-1,1,1,1,1,1,-1,-1,0.011534908786416054
-1,-1,1,1,1,1,1,-1,-1,1,-1,-1,1,-1,1,1,1,-1,1,1,0.010347657836973667
-1,-1,1,1,1,1,1,-1,-1,1,-1,-1,1,1,-1,-1,-1,-1,1,1,0.009237382560968399
-1,-1,1,1,1,1,1,-1,-1,1,-1,1,1,1,-1,1,-1,-1,1,1,0.009067092090845108
-1,-1,1,1,1,1,1,-1,-1,1,1,-1,-1,-1,-1,1,1,1,1,1,0.011844534426927567
-1,-1,1,1,1,1,1,-1,-1,1,1,-1,-1,-1,1,1,1,-1,1,1,0.011183795519173145
-1,-1,1,1,1,1,1,-1,-1,1,1,1,-1,-1,-1,-1,1,1,1,1,0.011476388201117516
-1,-1,1,1,1,1,1,-1,-1,1,1,1,-1,-1,-1,1,-1,-1,1,1,0.010478263720870018
-1,-1,1,1,1,1,1,-1,-1,1,1,1,1,-1,1,-1,1,1,1,-1,0.011357761919498444
-1,-1,1,1,1,1,1,-1,1,-1,-1,-1,1,1,-1,-1,-1,-1,-1,-1,0.009577082470059395
-1,-1,1,1,1,1,1,-1,1,-1,1,-1,-1,1,1,-1,-1,-1,1,1,0.009342278353869915
-1,-1,1,1,1,1,1,-1,1,-1,1,-1,1,1,-1,-1,1,1,1,-1,0.010775256901979446
-1,-1,1,1,1,1,1,-1,1,-1,1,-1,1,1,-1,1,1,1,-1,1,0.011000419966876507
-1,-1,1,1,1,1,1,-1,1,-1,1,1,-1,1,-1,-1,1,-1,1,1,0.009963924065232277
-1,-1,1,1,1,1,1,-1,1,-1,1,1,1,-1,1,-1,-1,-1,-1,1,0.009882978163659573
-1,-1,1,1,1,1,1,-1,1,-1,1,1,1,1,-1,-1,-1,1,1,1,0.009483733214437962
-1,-1,1,1,1,1,1,-1,1,-1,1,1,1,1,1,1,1,1,-1,1,0.010503925383090973
-1,-1,1,1,1,1,1,-1,1,1,-1,-1,-1,-1,1,1,-1,1,-1,1,0.010699564591050148
-1,-1,1,1,1,1,1,-1,1,1,-1,1,-1,-1,-1,1,1,1,-1,-1,0.01167992688715458
-1,-1,1,1,1,1,1,-1,1,1,-1,1,-1,-1,1,1,-1,-1,-1,-1,0.010355597361922264
-1,-1,1,1,1,1,1,-1,1,1,1,-1,1,-1,-1,-1,1,1,1,-1,0.01170127373188734
-1,-1,1,1,1,1,1,-1,1,1,1,-1,1,-1,1,-1,-1,1,1,1,0.010451693087816238
-1,-1,1,1,1,1,1,-1,1,1,1,-1,1,1,-1,-1,1,1,-1,1,0.011252475902438164
-1,-1,1,1,1,1,1,1,-1,-1,-1,-1,1,1,-1,1,-1,-1,-1,1,0.00922111701220274
-1,-1,1,1,1,1,1,1,-1,-1,1,-1,-1,1,-1,1,1,1,1,-1,0.011028071865439415
-1,-1,1,1,1,1,1,1,-1,-1,1,-1,1,-1,1,1,-1,-1,-1,1,0.010154946707189083
-1,-1,1,1,1,1,1,1,-1,-1,1,1,-1,-1,-1,1,1,-1,-1,1,0.011026659049093723
-1,-1,1,1,1,1,1,1,-1,-1,1,1,-1,1,1,-1,1,-1,-1,1,0.010125420987606049
-1,-1,1,1,1,1,1,1,-1,-1,1,1,-1,1,1,1,1,1,-1,-1,0.011016528122127056
-1,-1,1,1,1,1,1,1,-1,-1,1,1,1,-1,1,-1,1,1,1,1,0.010398901998996735
-1,-1,1,1,1,1,1,1,-1,-1,1,1,1,-1,1,1,1,-1,-1,-1,0.010908032767474651
-1,-1,1,1,1,1,1,1,-1,1,-1,-1,-1,-1,-1,1,1,1,-1,1,0.011494251899421215
-1,-1,1,1,1,1,1,1,-1,1,-1,-1,1,-1,1,-1,1,1,-1,-1,0.011276697739958763
-1,-1,1,1,1,1,1,1,-1,1,1,1,-1,-1,-1,1,-1,-1,1,-1,0.010587817057967186
-1,-1,1,1,1,1,1,1,-1,1,1,1,-1,-1,1,-1,1,-1,-1,1,0.011051437817513943
-1,-1,1,1,1,1,1,1,-1,1,1,1,1,-1,-1,1,-1,-1,1,-1,0.010337751358747482
-1,-1,1,1,1,1,1,1,-1,1,1,1,1,-1,1,1,-1,-1,-1,1,0.010236711241304874
-1,-1,1,1,1,1,1,1,1,-1,-1,-1,-1,1,-1,-1,1,1,-1,-1,0.010675039142370224
-1,-1,1,1,1,1,1,1,1,-1,-1,-1,-1,1,1,1,-1,1,-1,-1,0.009883102029561996
-1,-1,1,1,1,1,1,1,1,-1,-1,-1,-1,1,1,1,1,-1,1,-1,0.009628277271986008
-1,-1,1,1,1,1,1,1,1,-1,-1,1,1,-1,1,-1,-1,1,-1,1,0.009481207467615604
-1,-1,1,1,1,1,1,1,1,-1,1,-1,-1,-1,-1,1,1,-1,1,-1,0.011016659438610077
-1,-1,1,1,1,1,1,1,1,-1,1,-1,-1,1,-1,-1,-1,-1,1,1,0.009320392273366451
-1,-1,1,1,1,1,1,1,1,-1,1,-1,-1,1,1,1,1,-1,1,1,0.009855633601546288
-1,-1,1,1,1,1,1,1,1,-1,1,-1,1,-1,-1,-1,-1,-1,1,1,0.00964536052197218
-1,-1,1,1,1,1,1,1,1,-1,1,-1,1,-1,1,1,1,-1,-1,-1,0.011024268344044685
-1,-1,1,1,1,1,1,1,1,-1,1,1,-1,-1,1,-1,1,-1,1,-1,0.010421236045658588
-1,-1,1,1,1,1,1,1,1,-1,1,1,-1,1,-1,1,1,1,-1,1,0.010732105001807213
-1,-1,1,1,1,1,1,1,1,-1,1,1,1,-1,-1,1,-1,-1,-1,-1,0.010318736545741558
-1,-1,1,1,1,1,1,1,1,-1,1,1,1,-1,1,1,-1,1,1,1,0.009681256487965584
-1,-1,1,1,1,1,1,1,1,1,-1,-1,-1,1,1,1,1,-1,-1,1,0.01010549534112215
-1,-1,1,1,1,1,1,1,1,1,-1,-1,1,-1,1,-1,-1,1,-1,1,0.010101409628987312
-1,-1,1,1,1,1,1,1,1,1,-1,1,-1,-1,1,-1,1,-1,-1,-1,0.010671097785234451
-1,-1,1,1,1,1,1,1,1,1,-1,1,-1,1,1,-1,1,1,-1,-1,0.010529527440667152
-1,-1,1,1,1,1,1,1,1,1,-1,1,1,-1,-1,1,1,1,-1,1,0.010821984149515629
-1,-1,1,1,1,1,1,1,1,1,1,-1,-1,-1,-1,1,-1,1,1,1,0.010778800584375858
-1,-1,1,1,1,1,1,1,1,1,1,-1,1,-1,-1,-1,-1,-1,1,1,0.009996344335377216
-1,-1,1,1,1,1,1,1,1,1,1,-1,1,-1,-1,1,-1,-1,1,1,0.010095272213220596
-1,-1,1,1,1,1,1,1,1,1,1,-1,1,-1,1,-1,-1,-1,-1,-1,0.010612733662128448
-1,-1,1,1,1,1,1,1,1,1,1,-1,1,-1,1,1,1,-1,1,1,0.010531585663557053
-1,-1,1,1,1,1,1,1,1,1,1,1,-1,1,-1,-1,1,1,-1,1,0.010984160006046295
-1,-1,1,1,1,1,1,1,1,1,1,1,-1,1,-1,1,-1,1,-1,-1,0.010778214782476425
-1,-1,1,1,1,1,1,1,1,1,1,1,1,-1,-1,-1,1,-1,-1,-1,0.011234380304813385
-1,-1,1,1,1,1,1,1,1,1,1,1,1,1,-1,-1,1,1,1,1,0.010249144397675991
-1,1,-1,-1,-1,-1,-1,-1,-1,-1,-1,-1,-1,-1,1,1,-1,1,1,-1,0.009082195349037647
-1,1,-1,-1,-1,-1,-1,-1,-1,-1,-1,-1,-1,1,1,1,1,1,1,-1,0.009170751087367535
-1,1,-1,-1,-1,-1,-1,-1,-1,-1,-1,1,-1,-1,-1,-1,1,1,-1,-1,0.010089864954352379
-1,1,-1,-1,-1,-1,-1,-1,-1,-1,-1,1,-1,-1,1,-1,-1,-1,1,1,0.007921869866549969
-1,1,-1,-1,-1,-1,-1,-1,-1,-1,-1,1,-1,1,-1,1,1,-1,-1,1,0.008821580559015274
-1,1,-1,-1,-1,-1,-1,-1,-1,-1,-1,1,-1,1,1,1,1,-1,1,-1,0.008468068204820156
-1,1,-1,-1,-1,-1,-1,-1,-1,-1,-1,1,1,-1,1,-1,1,1,-1,1,0.009253807365894318
-1,1,-1,-1,-1,-1,-1,-1,-1,-1,-1,1,1,1,-1,1,1,-1,-1,1,0.00857151485979557
-1,1,-1,-1,-1,-1,-1,-1,-1,-1,1,-1,-1,-1,1,-1,-1,-1,1,-1,0.009135876782238483
-1,1,-1,-1,-1,-1,-1,-1,-1,-1,1,-1,-1,1,1,1,-1,-1,-1,-1,0.009144721552729607
-1,1,-1,-1,-1,-1,-1,-1,-1,-1,1,-1,1,-1,-1,-1,1,-1,1,-1,0.009776676073670387
-1,1,-1,-1,-1,-1,-1,-1,-1,1,-1,-1,-1,-1,-1,1,1,-1,1,-1,0.009890580549836159
-1,1,-1,-1,-1,-1,-1,-1,-1,1,-1,-1,1,-1,-1,-1,1,-1,1,-1,0.009541586972773075
-1,1,-1,-1,-1,-1,-1,-1,-1,1,-1,-1,1,-1,1,-1,1,-1,-1,-1,0.009799261577427387
-1,1,-1,-1,-1,-1,-1,-1,-1,1,-1,1,-1,-1,1,1,1,-1,1,-1,0.00939408503472805
-1,1,-1,-1,-1,-1,-1,-1,-1,1,-1,1,1,1,-1,-1,-1,-1,-1,1,0.008159980177879333
-1,1,-1,-1,-1,-1,-1,-1,-1,1,1,-1,-1,-1,-1,1,-1,-1,1,-1,0.009813063777983189
-1,1,-1,-1,-1,-1,-1,-1,-1,1,1,-1,-1,1,1,-1,1,1,-1,-1,0.010493829846382141
-1,1,-1,-1,-1,-1,-1,-1,-1,1,1,1,-1,-1,-1,1,1,1,1,1,0.0102821821346879
-1,1,-1,-1,-1,-1,-1,-1,-1,1,1,1,-1,-1,1,-1,-1,1,1,-1,0.009651103988289833
-1,1,-1,-1,-1,-1,-1,-1,-1,1,1,1,-1,-1,1,1,-1,-1,-1,-1,0.009801519103348255
-1,1,-1,-1,-1,-1,-1,-1,1,-1,-1,-1,-1,-1,-1,-1,1,-1,1,-1,0.009287686087191105
-1,1,-1,-1,-1,-1,-1,-1,1,-1,-1,-1,1,1,-1,1,1,-1,1,-1,0.008561515249311924
-1,1,-1,-1,-1,-1,-1,-1,1,-1,1,-1,-1,1,-1,-1,1,-1,-1,1,0.009424960240721703
-1,1,-1,-1,-1,-1,-1,-1,1,-1,1,-1,1,-1,-1,1,-1,1,-1,1,0.009618730284273624
-1,1,-1,-1,-1,-1,-1,-1,1,-1,1,-1,1,1,-1,-1,1,-1,-1,-1,0.009533610194921494
-1,1,-1,-1,-1,-1,-1,-1,1,-1,1,1,1,1,-1,-1,1,1,-1,-1,0.00969785451889038
-1,1,-1,-1,-1,-1,-1,-1,1,-1,1,1,1,1,-1,1,-1,-1,-1,1,0.008341014385223389
-1,1,-1,-1,-1,-1,-1,-1,1,1,-1,-1,1,1,-1,-1,-1,-1,1,-1,0.008149980567395687
-1,1,-1,-1,-1,-1,-1,-1,1,1,-1,1,-1,-1,-1,1,1,-1,-1,-1,0.009953329339623451
-1,1,-1,-1,-1,-1,-1,-1,1,1,1,-1,-1,1,1,-1,-1,-1,-1,1,0.008885078132152557
-1,1,-1,-1,-1,-1,-1,-1,1,1,1,-1,-1,1,1,-1,-1,1,-1,-1,0.00967725645750761
-1,1,-1,-1,-1,-1,-1,-1,1,1,1,-1,1,1,1,1,1,-1,1,-1,0.009271294809877872
-1,1,-1,-1,-1,-1,-1,-1,1,1,1,1,1,-1,1,-1,-1,-1,1,1,0.008455876260995865
-1,1,-1,-1,-1,-1,-1,-1,1,1,1,1,1,-1,1,-1,1,-1,-1,-1,0.00996313150972128
-1,1,-1,-1,-1,-1,-1,1,-1,-1,-1,-1,1,-1,-1,-1,1,-1,-1,-1,0.009426393546164036
-1,1,-1,-1,-1,-1,-1,1,-1,-1,-1,1,-1,-1,1,-1,-1,1,1,1,0.008106171153485775
-1,1,-1,-1,-1,-1,-1,1,-1,-1,-1,1,-1,1,1,-1,1,-1,1,-1,0.008119978941977024
-1,1,-1,-1,-1,-1,-1,1,-1,-1,-1,1,-1,1,1,1,-1,-1,-1,-1,0.00804026797413826
-1,1,-1,-1,-1,-1,-1,1,-1,-1,-1,1,1,-1,1,-1,-1,-1,-1,1,0.007907593622803688
-1,1,-1,-1,-1,-1,-1,1,-1,-1,-1,1,1,1,-1,1,-1,-1,-1,-1,0.008017478510737419
-1,1,-1,-1,-1,-1,-1,1,-1,-1,1,-1,1,-1,-1,1,-1,-1,-1,-1,0.009447804652154446
-1,1,-1,-1,-1,-1,-1,1,-1,-1,1,1,1,-1,-1,1,-1,1,1,-1,0.009127097204327583
-1,1,-1,-1,-1,-1,-1,1,-1,1,-1,-1,-1,1,-1,1,1,-1,-1,-1,0.00955133605748415
-1,1,-1,-1,-1,-1,-1,1,-1,1,-1,-1,-1,1,1,1,-1,-1,1,-1,0.008175520226359367
-1,1,-1,-1,-1,-1,-1,1,-1,1,-1,-1,1,-1,-1,1,-1,-1,-1,-1,0.009212714619934559
-1,1,-1,-1,-1,-1,-1,1,-1,1,-1,-1,1,-1,1,1,1,-1,-1,1,0.00929031241685152
-1,1,-1,-1,-1,-1,-1,1,-1,1,-1,-1,1,1,1,-1,-1,1,1,1,0.007901274599134922
-1,1,-1,-1,-1,-1,-1,1,-1,1,-1,-1,1,1,1,1,1,1,-1,-1,0.009507457725703716
-1,1,-1,-1,-1,-1,-1,1,-1,1,-1,1,-1,1,-1,-1,1,1,-1,1,0.009257936850190163
-1,1,-1,-1,-1,-1,-1,1,-1,1,-1,1,-1,1,-1,1,-1,-1,-1,1,0.008259812369942665
-1,1,-1,-1,-1,-1,-1,1,-1,1,-1,1,-1,1,-1,1,-1,1,-1,1,0.008693275973200798
-1,1,-1,-1,-1,-1,-1,1,-1,1,-1,1,-1,1,1,1,-1,1,-1,-1,0.00882471539080143
-1,1,-1,-1,-1,-1,-1,1,-1,1,-1,1,1,-1,-1,1,-1,1,1,1,0.008533292450010777
-1,1,-1,-1,-1,-1,-1,1,-1,1,-1,1,1,1,1,1,-1,-1,-1,-1,0.008141186088323593
-1,1,-1,-1,-1,-1,-1,1,-1,1,1,-1,-1,-1,-1,-1,-1,1,-1,-1,0.01038338802754879
-1,1,-1,-1,-1,-1,-1,1,-1,1,1,-1,-1,1,-1,1,-1,-1,-1,1,0.009115103632211685
-1,1,-1,-1,-1,-1,-1,1,-1,1,1,-1,1,-1,1,-1,-1,-1,-1,-1,0.009472583420574665
-1,1,-1,-1,-1,-1,-1,1,-1,1,1,1,-1,1,1,1,1,1,1,-1,0.009589426219463348
-1,1,-1,-1,-1,-1,-1,1,1,-1,-1,-1,-1,1,1,-1,-1,-1,1,-1,0.007572625298053026
-1,1,-1,-1,-1,-1,-1,1,1,-1,-1,-1,1,1,1,1,-1,-1,-1,1,0.00754772312939167
-1,1,-1,-1,-1,-1,-1,1,1,-1,-1,1,-1,-1,-1,1,1,1,1,-1,0.00930169690400362
-1,1,-1,-1,-1,-1,-1,1,1,-1,-1,1,1,-1,-1,1,1,1,1,-1,0.009051631204783916
-1,1,-1,-1,-1,-1,-1,1,1,-1,1,-1,-1,-1,1,1,-1,1,-1,1,0.009392358362674713
-1,1,-1,-1,-1,-1,-1,1,1,-1,1,-1,-1,-1,1,1,1,1,1,-1,0.009929711930453777
-1,1,-1,-1,-1,-1,-1,1,1,-1,1,-1,-1,1,-1,-1,-1,-1,1,-1,0.008385973982512951
-1,1,-1,-1,-1,-1,-1,1,1,-1,1,-1,-1,1,-1,1,1,1,-1,-1,0.010066905058920383
-1,1,-1,-1,-1,-1,-1,1,1,-1,1,-1,1,-1,1,1,1,1,-1,-1,0.010164597071707249
-1,1,-1,-1,-1,-1,-1,1,1,-1,1,-1,1,1,-1,-1,1,1,1,-1,0.009232960641384125
-1,1,-1,-1,-1,-1,-1,1,1,-1,1,-1,1,1,1,-1,-1,1,-1,1,0.008468330837786198
-1,1,-1,-1,-1,-1,-1,1,1,-1,1,1,-1,-1,-1,-1,-1,1,-1,-1,0.009610203094780445
-1,1,-1,-1,-1,-1,-1,1,1,-1,1,1,-1,-1,-1,-1,1,-1,-1,1,0.009481613524258137
-1,1,-1,-1,-1,-1,-1,1,1,-1,1,1,1,-1,-1,-1,1,1,1,-1,0.009538775309920311
-1,1,-1,-1,-1,-1,-1,1,1,1,-1,1,-1,1,1,-1,-1,1,1,1,0.0077291373163461685
-1,1,-1,-1,-1,-1,-1,1,1,1,1,-1,-1,-1,-1,1,1,-1,1,1,0.00971579272300005
-1,1,-1,-1,-1,-1,-1,1,1,1,1,1,1,-1,-1,-1,1,-1,1,-1,0.009456295520067215
-1,1,-1,-1,-1,-1,1,-1,-1,-1,-1,-1,-1,-1,-1,-1,1,1,-1,1,0.010396923869848251
-1,1,-1,-1,-1,-1,1,-1,-1,-1,-1,-1,-1,-1,1,1,1,1,-1,1,0.010268575511872768
-1,1,-1,-1,-1,-1,1,-1,-1,-1,-1,-1,-1,1,1,-1,-1,-1,1,1,0.00801260955631733
-1,1,-1,-1,-1,-1,1,-1,-1,-1,-1,-1,-1,1,1,-1,1,-1,-1,-1,0.009519865736365318
-1,1,-1,-1,-1,-1,1,-1,-1,-1,-1,-1,1,-1,1,-1,1,-1,-1,1,0.009486118331551552
-1,1,-1,-1,-1,-1,1,-1,-1,-1,-1,-1,1,1,1,-1,1,-1,1,-1,0.00878484919667244
-1,1,-1,-1,-1,-1,1,-1,-1,-1,1,-1,-1,1,-1,1,1,-1,-1,1,0.010073427110910416
-1,1,-1,-1,-1,-1,1,-1,-1,-1,1,-1,1,-1,1,-1,1,1,1,-1,0.010379418730735779
-1,1,-1,-1,-1,-1,1,-1,-1,-1,1,-1,1,-1,1,-1,1,1,1,1,0.010020703077316284
-1,1,-1,-1,-1,-1,1,-1,-1,-1,1,-1,1,1,1,1,-1,-1,-1,1,0.00893249548971653
-1,1,-1,-1,-1,-1,1,-1,-1,-1,1,1,1,1,-1,1,-1,-1,-1,1,0.008890552446246147
-1,1,-1,-1,-1,-1,1,-1,-1,1,-1,-1,-1,1,-1,1,-1,1,1,1,0.009123260155320168
-1,1,-1,-1,-1,-1,1,-1,-1,1,-1,-1,1,1,-1,1,-1,-1,-1,-1,0.009283398278057575
-1,1,-1,-1,-1,-1,1,-1,-1,1,-1,-1,1,1,1,-1,-1,1,1,1,0.008546991273760796
-1,1,-1,-1,-1,-1,1,-1,-1,1,-1,1,1,-1,1,1,1,-1,1,-1,0.009540574625134468
-1,1,-1,-1,-1,-1,1,-1,-1,1,-1,1,1,1,-1,1,-1,-1,-1,-1,0.00901417899876833
-1,1,-1,-1,-1,-1,1,-1,-1,1,1,-1,-1,-1,-1,1,-1,-1,1,1,0.009850903414189816
-1,1,-1,-1,-1,-1,1,-1,-1,1,1,-1,-1,1,-1,1,-1,-1,-1,1,0.009760820306837559
-1,1,-1,-1,-1,-1,1,-1,-1,1,1,-1,-1,1,-1,1,-1,1,-1,-1,0.010552999563515186
-1,1,-1,-1,-1,-1,1,-1,-1,1,1,1,-1,-1,-1,1,1,-1,1,1,0.010245273821055889
-1,1,-1,-1,-1,-1,1,-1,-1,1,1,1,1,1,-1,1,-1,-1,-1,-1,0.009600251913070679
-1,1,-1,-1,-1,-1,1,-1,1,-1,-1,-1,-1,1,1,-1,-1,-1,-1,-1,0.008703293278813362
-1,1,-1,-1,-1,-1,1,-1,1,-1,-1,-1,1,-1,1,1,1,1,-1,-1,0.010224241763353348
-1,1,-1,-1,-1,-1,1,-1,1,-1,-1,-1,1,1,-1,1,1,1,-1,-1,0.009876484051346779
-1,1,-1,-1,-1,-1,1,-1,1,-1,-1,1,-1,-1,1,-1,-1,1,1,1,0.008598904125392437
-1,1,-1,-1,-1,-1,1,-1,1,-1,-1,1,-1,-1,1,-1,1,1,1,1,0.009262493811547756
-1,1,-1,-1,-1,-1,1,-1,1,-1,-1,1,-1,-1,1,1,1,-1,1,-1,0.009286673739552498
-1,1,-1,-1,-1,-1,1,-1,1,-1,-1,1,1,-1,-1,1,1,-1,1,-1,0.009263884276151657
-1,1,-1,-1,-1,-1,1,-1,1,-1,1,-1,-1,-1,-1,-1,-1,-1,-1,-1,0.010091675445437431
-1,1,-1,-1,-1,-1,1,-1,1,-1,1,-1,1,-1,-1,-1,1,1,-1,-1,0.010938662104308605
-1,1,-1,-1,-1,-1,1,-1,1,-1,1,-1,1,-1,-1,1,1,1,1,1,0.01019392441958189
-1,1,-1,-1,-1,-1,1,-1,1,-1,1,-1,1,1,1,1,1,-1,1,1,0.008958150632679462
-1,1,-1,-1,-1,-1,1,-1,1,-1,1,1,-1,-1,-1,-1,-1,-1,1,-1,0.00933750532567501
-1,1,-1,-1,-1,-1,1,-1,1,-1,1,1,-1,1,-1,-1,1,-1,1,-1,0.009426061064004898
-1,1,-1,-1,-1,-1,1,-1,1,-1,1,1,1,-1,-1,-1,-1,1,-1,1,0.00964713841676712
-1,1,-1,-1,-1,-1,1,-1,1,-1,1,1,1,1,-1,-1,-1,-1,1,1,0.008153690956532955
-1,1,-1,-1,-1,-1,1,-1,1,1,-1,1,-1,-1,1,1,1,1,1,1,0.009712404571473598
-1,1,-1,-1,-1,-1,1,-1,1,1,-1,1,-1,1,-1,1,-1,-1,-1,-1,0.009111260995268822
-1,1,-1,-1,-1,-1,1,-1,1,1,-1,1,-1,1,1,-1,-1,-1,-1,-1,0.008785056881606579
-1,1,-1,-1,-1,-1,1,-1,1,1,-1,1,-1,1,1,1,1,-1,-1,1,0.009188858792185783
-1,1,-1,-1,-1,-1,1,-1,1,1,-1,1,-1,1,1,1,1,1,1,1,0.009137371554970741
-1,1,-1,-1,-1,-1,1,-1,1,1,-1,1,1,1,1,1,1,1,-1,-1,0.009730972349643707
-1,1,-1,-1,-1,-1,1,-1,1,1,1,-1,-1,-1,1,-1,1,1,-1,-1,0.011312434449791908
-1,1,-1,-1,-1,-1,1,-1,1,1,1,-1,-1,1,1,-1,-1,-1,1,1,0.00879668164998293
-1,1,-1,-1,-1,-1,1,-1,1,1,1,1,1,1,-1,-1,-1,1,1,-1,0.00929685216397047
-1,1,-1,-1,-1,-1,1,-1,1,1,1,1,1,1,-1,1,1,-1,-1,-1,0.010110857896506786
-1,1,-1,-1,-1,-1,1,1,-1,-1,-1,-1,-1,1,1,-1,1,-1,1,-1,0.008785753510892391
-1,1,-1,-1,-1,-1,1,1,-1,-1,-1,-1,1,1,-1,-1,-1,1,-1,1,0.008659073151648045
-1,1,-1,-1,-1,-1,1,1,-1,-1,-1,-1,1,1,1,-1,-1,-1,-1,-1,0.008357048965990543
-1,1,-1,-1,-1,-1,1,1,-1,-1,-1,1,1,-1,1,-1,1,-1,-1,1,0.008967737667262554
-1,1,-1,-1,-1,-1,1,1,-1,-1,-1,1,1,-1,1,1,-1,-1,1,1,0.00791812501847744
-1,1,-1,-1,-1,-1,1,1,-1,-1,-1,1,1,-1,1,1,1,1,-1,-1,0.009858844801783562
-1,1,-1,-1,-1,-1,1,1,-1,-1,1,-1,-1,-1,-1,-1,1,-1,1,1,0.009815420024096966
-1,1,-1,-1,-1,-1,1,1,-1,-1,1,-1,-1,-1,1,1,1,-1,-1,-1,0.010530738160014153
-1,1,-1,-1,-1,-1,1,1,-1,-1,1,1,-1,-1,-1,-1,-1,-1,-1,-1,0.00972627755254507
-1,1,-1,-1,-1,-1,1,1,-1,-1,1,1,-1,1,1,-1,-1,1,1,-1,0.008872480131685734
-1,1,-1,-1,-1,-1,1,1,-1,-1,1,1,1,-1,-1,-1,1,1,1,1,0.00972959864884615
-1,1,-1,-1,-1,-1,1,1,-1,-1,1,1,1,-1,1,1,-1,-1,-1,1,0.008989148773252964
-1,1,-1,-1,-1,-1,1,1,-1,1,-1,-1,1,1,-1,-1,-1,1,-1,1,0.009010056033730507
-1,1,-1,-1,-1,-1,1,1,-1,1,-1,-1,1,1,1,-1,1,-1,-1,-1,0.009371621534228325
-1,1,-1,-1,-1,-1,1,1,-1,1,-1,1,-1,-1,-1,-1,-1,-1,1,-1,0.009006237611174583
-1,1,-1,-1,-1,-1,1,1,-1,1,-1,1,-1,1,1,1,1,1,1,1,0.009041192941367626
-1,1,-1,-1,-1,-1,1,1,-1,1,-1,1,1,-1,1,-1,1,1,-1,1,0.00975218415260315
-1,1,-1,-1,-1,-1,1,1,-1,1,-1,1,1,1,1,-1,1,1,1,-1,0.009050915017724037
-1,1,-1,-1,-1,-1,1,1,-1,1,-1,1,1,1,1,1,-1,1,1,-1,0.008486254140734673
-1,1,-1,-1,-1,-1,1,1,-1,1,1,-1,-1,1,-1,-1,-1,1,-1,-1,0.01020490936934948
-1,1,-1,-1,-1,-1,1,1,-1,1,1,1,-1,-1,1,1,1,-1,1,1,0.009768836200237274
-1,1,-1,-1,-1,-1,1,1,-1,1,1,1,-1,1,-1,-1,-1,1,1,-1,0.009450740180909634
-1,1,-1,-1,-1,-1,1,1,-1,1,1,1,-1,1,1,-1,1,-1,-1,1,0.009579825215041637
-1,1,-1,-1,-1,-1,1,1,-1,1,1,1,-1,1,1,1,-1,1,-1,-1,0.009807342663407326
-1,1,-1,-1,-1,-1,1,1,1,-1,-1,-1,-1,-1,1,1,1,-1,1,-1,0.009306731633841991
-1,1,-1,-1,-1,-1,1,1,1,-1,-1,-1,1,1,-1,-1,1,-1,1,1,0.008251264691352844
-1,1,-1,-1,-1,-1,1,1,1,-1,-1,-1,1,1,1,-1,-1,1,-1,1,0.00827881321310997
-1,1,-1,-1,-1,-1,1,1,1,-1,-1,1,-1,1,1,-1,1,1,-1,1,0.008923249319195747
-1,1,-1,-1,-1,-1,1,1,1,-1,-1,1,1,1,-1,-1,1,1,1,-1,0.008774224668741226
-1,1,-1,-1,-1,-1,1,1,1,-1,-1,1,1,1,1,1,-1,-1,1,1,0.007190108299255371
-1,1,-1,-1,-1,-1,1,1,1,-1,1,-1,-1,1,-1,-1,1,1,1,-1,0.00987958163022995
-1,1,-1,-1,-1,-1,1,1,1,-1,1,-1,-1,1,1,1,1,1,1,-1,0.009751233272254467
-1,1,-1,-1,-1,-1,1,1,1,-1,1,-1,-1,1,1,1,1,1,1,1,0.009392517618834972
-1,1,-1,-1,-1,-1,1,1,1,-1,1,1,-1,-1,1,1,1,1,-1,1,0.010183283127844334
-1,1,-1,-1,-1,-1,1,1,1,-1,1,1,-1,1,1,-1,-1,-1,1,1,0.00792731810361147
-1,1,-1,-1,-1,-1,1,1,1,-1,1,1,1,1,1,1,1,1,-1,-1,0.009716900065541267
-1,1,-1,-1,-1,-1,1,1,1,1,-1,-1,-1,-1,-1,-1,-1,-1,-1,1,0.009248709306120872
-1,1,-1,-1,-1,-1,1,1,1,1,-1,-1,-1,-1,-1,-1,-1,1,1,1,0.009197221137583256
-1,1,-1,-1,-1,-1,1,1,1,1,-1,-1,-1,1,1,-1,1,1,1,-1,0.009417216293513775
-1,1,-1,-1,-1,-1,1,1,1,1,1,-1,1,1,-1,-1,1,-1,1,1,0.009188320487737656
-1,1,-1,-1,-1,-1,1,1,1,1,1,1,-1,-1,-1,-1,-1,-1,1,-1,0.009439326822757721
-1,1,-1,-1,-1,-1,1,1,1,1,1,1,1,-1,-1,1,1,1,1,-1,0.010385241359472275
-1,1,-1,-1,-1,1,-1,-1,-1,-1,-1,-1,-1,-1,1,-1,-1,-1,-1,1,0.008944033645093441
-1,1,-1,-1,-1,1,-1,-1,-1,-1,-1,-1,-1,-1,1,-1,1,1,-1,1,0.010041086003184319
-1,1,-1,-1,-1,1,-1,-1,-1,-1,-1,-1,-1,1,-1,-1,1,1,-1,1,0.00969332829117775
-1,1,-1,-1,-1,1,-1,-1,-1,-1,1,-1,-1,1,1,-1,-1,-1,-1,1,0.008955071680247784
-1,1,-1,-1,-1,1,-1,-1,-1,-1,1,-1,1,1,-1,1,1,1,1,1,0.0096433125436306
-1,1,-1,-1,-1,1,-1,-1,-1,-1,1,1,-1,-1,1,-1,1,-1,-1,1,0.009924476034939289
-1,1,-1,-1,-1,1,-1,-1,-1,-1,1,1,-1,-1,1,1,-1,1,-1,1,0.009793277829885483
-1,1,-1,-1,-1,1,-1,-1,-1,-1,1,1,1,-1,-1,1,1,-1,1,-1,0.009874379262328148
-1,1,-1,-1,-1,1,-1,-1,-1,-1,1,1,1,-1,1,1,-1,-1,-1,1,0.009109748527407646
-1,1,-1,-1,-1,1,-1,-1,-1,-1,1,1,1,-1,1,1,1,1,-1,-1,0.010565517470240593
-1,1,-1,-1,-1,1,-1,-1,-1,1,-1,-1,-1,1,1,1,-1,-1,-1,1,0.008818910457193851
-1,1,-1,-1,-1,1,-1,-1,-1,1,-1,-1,-1,1,1,1,-1,-1,1,1,0.008333959616720676
-1,1,-1,-1,-1,1,-1,-1,-1,1,-1,-1,1,-1,1,-1,-1,1,1,1,0.008993463590741158
-1,1,-1,-1,-1,1,-1,-1,-1,1,-1,-1,1,1,-1,-1,1,1,-1,1,0.009794246405363083
-1,1,-1,-1,-1,1,-1,-1,-1,1,-1,1,-1,-1,1,-1,1,-1,-1,1,0.009689386934041977
-1,1,-1,-1,-1,1,-1,-1,-1,1,-1,1,1,-1,-1,1,-1,-1,1,1,0.008616984821856022
-1,1,-1,-1,-1,1,-1,-1,-1,1,-1,1,1,1,-1,1,-1,1,-1,1,0.008960365317761898
-1,1,-1,-1,-1,1,-1,-1,-1,1,1,-1,-1,-1,-1,-1,-1,-1,1,1,0.009623413905501366
-1,1,-1,-1,-1,1,-1,-1,-1,1,1,-1,-1,-1,1,-1,1,1,-1,1,0.01097814179956913
-1,1,-1,-1,-1,1,-1,-1,1,-1,-1,-1,1,1,-1,1,-1,1,1,1,0.008240667171776295
-1,1,-1,-1,-1,1,-1,-1,1,-1,-1,1,-1,1,-1,1,-1,1,1,-1,0.008580229245126247
-1,1,-1,-1,-1,1,-1,-1,1,-1,-1,1,1,1,-1,-1,-1,1,-1,1,0.008357470855116844
-1,1,-1,-1,-1,1,-1,-1,1,-1,1,-1,-1,-1,-1,1,1,-1,-1,-1,0.01072563137859106
-1,1,-1,-1,-1,1,-1,-1,1,-1,1,1,-1,-1,1,-1,1,1,-1,1,0.01020495593547821
-1,1,-1,-1,-1,1,-1,-1,1,-1,1,1,1,1,-1,1,1,-1,-1,1,0.00927259773015976
-1,1,-1,-1,-1,1,-1,-1,1,1,-1,-1,-1,-1,-1,-1,-1,-1,1,1,0.00888435821980238
-1,1,-1,-1,-1,1,-1,-1,1,1,-1,-1,-1,-1,-1,1,1,-1,-1,1,0.010131826624274254
-1,1,-1,-1,-1,1,-1,-1,1,1,-1,1,-1,1,1,-1,1,1,1,-1,0.009268597699701786
-1,1,-1,-1,-1,1,-1,-1,1,1,1,-1,1,1,1,-1,-1,1,-1,-1,0.009695185348391533
-1,1,-1,-1,-1,1,-1,-1,1,1,1,1,1,-1,-1,-1,-1,-1,-1,-1,0.009794812649488449
-1,1,-1,-1,-1,1,-1,1,-1,-1,-1,-1,1,1,1,-1,-1,-1,-1,-1,0.008228487335145473
-1,1,-1,-1,-1,1,-1,1,-1,-1,-1,1,1,1,-1,-1,-1,1,1,-1,0.008135057985782623
-1,1,-1,-1,-1,1,-1,1,-1,-1,-1,1,1,1,1,1,1,-1,1,-1,0.008236834779381752
-1,1,-1,-1,-1,1,-1,1,-1,-1,1,-1,1,-1,-1,1,-1,1,1,1,0.009305594488978386
-1,1,-1,-1,-1,1,-1,1,-1,-1,1,1,-1,-1,-1,-1,1,1,-1,1,0.010336053557693958
-1,1,-1,-1,-1,1,-1,1,-1,-1,1,1,-1,-1,1,-1,1,1,-1,1,0.010108777321875095
-1,1,-1,-1,-1,1,-1,1,-1,-1,1,1,1,-1,-1,-1,1,1,-1,-1,0.01044470351189375
-1,1,-1,-1,-1,1,-1,1,-1,-1,1,1,1,-1,-1,1,-1,1,1,-1,0.009395090863108635
-1,1,-1,-1,-1,1,-1,1,-1,1,-1,-1,-1,1,1,-1,1,-1,-1,-1,0.009493125602602959
-1,1,-1,-1,-1,1,-1,1,-1,1,-1,1,1,1,-1,-1,1,1,-1,1,0.00927586480975151
-1,1,-1,-1,-1,1,-1,1,-1,1,-1,1,1,1,1,1,1,1,1,-1,0.009021281264722347
-1,1,-1,-1,-1,1,-1,1,-1,1,1,-1,1,1,1,-1,-1,1,-1,-1,0.009599006734788418
-1,1,-1,-1,-1,1,-1,1,-1,1,1,-1,1,1,1,-1,-1,1,-1,1,0.009240291081368923
-1,1,-1,-1,-1,1,-1,1,-1,1,1,1,1,-1,1,-1,-1,1,-1,1,0.00954610574990511
-1,1,-1,-1,-1,1,-1,1,-1,1,1,1,1,-1,1,1,-1,-1,-1,1,0.009211570024490356
-1,1,-1,-1,-1,1,-1,1,1,-1,-1,-1,-1,1,1,-1,1,-1,1,1,0.008145492523908615
-1,1,-1,-1,-1,1,-1,1,1,-1,-1,-1,1,1,-1,-1,-1,-1,-1,1,0.007944065146148205
-1,1,-1,-1,-1,1,-1,1,1,-1,-1,1,-1,-1,-1,-1,1,1,1,-1,0.009470762684941292
-1,1,-1,-1,-1,1,-1,1,1,-1,-1,1,-1,1,-1,1,-1,1,-1,-1,0.00881601870059967
-1,1,-1,-1,-1,1,-1,1,1,-1,-1,1,1,1,-1,-1,1,-1,-1,1,0.008338435553014278
-1,1,-1,-1,-1,1,-1,1,1,-1,1,-1,-1,-1,1,-1,-1,-1,1,-1,0.009001725353300571
-1,1,-1,-1,-1,1,-1,1,1,-1,1,-1,1,1,-1,1,1,1,-1,-1,0.010084833949804306
-1,1,-1,-1,-1,1,-1,1,1,-1,1,1,1,1,-1,-1,1,-1,-1,1,0.008924507535994053
-1,1,-1,-1,-1,1,-1,1,1,-1,1,1,1,1,-1,1,-1,-1,1,1,0.007874895818531513
-1,1,-1,-1,-1,1,-1,1,1,-1,1,1,1,1,1,-1,-1,1,-1,1,0.008467105217278004
-1,1,-1,-1,-1,1,-1,1,1,-1,1,1,1,1,1,1,1,-1,-1,-1,0.009154874831438065
-1,1,-1,-1,-1,1,-1,1,1,1,-1,1,-1,-1,-1,-1,-1,1,1,-1,0.009158155880868435
-1,1,-1,-1,-1,1,-1,1,1,1,-1,1,-1,1,1,1,-1,-1,1,-1,0.008021310903131962
-1,1,-1,-1,-1,1,-1,1,1,1,-1,1,1,-1,-1,-1,1,-1,1,1,0.008779501542448997
-1,1,-1,-1,-1,1,-1,1,1,1,-1,1,1,-1,-1,-1,1,1,1,-1,0.00957167986780405
-1,1,-1,-1,-1,1,-1,1,1,1,-1,1,1,-1,1,-1,1,-1,1,-1,0.00891094096004963
-1,1,-1,-1,-1,1,-1,1,1,1,-1,1,1,-1,1,1,1,-1,-1,-1,0.009494819678366184
-1,1,-1,-1,-1,1,-1,1,1,1,1,-1,-1,-1,-1,1,1,1,1,1,0.010417249985039234
-1,1,-1,-1,-1,1,-1,1,1,1,1,-1,-1,-1,1,1,-1,1,1,1,0.009526384063065052
-1,1,-1,-1,-1,1,-1,1,1,1,1,1,-1,-1,1,1,1,1,1,1,0.009920754469931126
-1,1,-1,-1,-1,1,1,-1,-1,-1,1,-1,-1,1,1,-1,1,1,1,1,0.009963728487491608
-1,1,-1,-1,-1,1,1,-1,-1,-1,1,-1,-1,1,1,1,1,1,1,-1,0.010421372018754482
-1,1,-1,-1,-1,1,1,-1,-1,-1,1,-1,1,1,1,-1,1,1,1,1,0.009713662788271904
-1,1,-1,-1,-1,1,1,-1,-1,-1,1,1,-1,1,1,-1,1,-1,-1,-1,0.010104713030159473
-1,1,-1,-1,-1,1,1,-1,-1,-1,1,1,-1,1,1,-1,1,1,-1,1,0.010179460979998112
-1,1,-1,-1,-1,1,1,-1,-1,-1,1,1,-1,1,1,1,-1,-1,1,1,0.008696384727954865
-1,1,-1,-1,-1,1,1,-1,-1,-1,1,1,1,-1,-1,1,-1,1,-1,-1,0.010525759309530258
-1,1,-1,-1,-1,1,1,-1,-1,1,-1,-1,-1,1,1,1,-1,-1,-1,-1,0.009574181400239468
-1,1,-1,-1,-1,1,1,-1,-1,1,-1,-1,1,-1,-1,1,-1,-1,1,1,0.009282759390771389
-1,1,-1,-1,-1,1,1,-1,-1,1,-1,-1,1,-1,-1,1,-1,1,-1,1,0.010201173834502697
-1,1,-1,-1,-1,1,1,-1,-1,1,-1,-1,1,-1,1,-1,-1,1,-1,1,0.009874969720840454
-1,1,-1,-1,-1,1,1,-1,-1,1,-1,1,1,1,-1,-1,-1,-1,-1,1,0.008824529126286507
-1,1,-1,-1,-1,1,1,-1,-1,1,-1,1,1,1,-1,-1,-1,1,1,1,0.008773041889071465
-1,1,-1,-1,-1,1,1,-1,-1,1,-1,1,1,1,-1,1,1,-1,1,1,0.00910209584981203
-1,1,-1,-1,-1,1,1,-1,-1,1,-1,1,1,1,1,-1,1,1,-1,-1,0.01005302183330059
-1,1,-1,-1,-1,1,1,-1,-1,1,1,-1,-1,1,-1,1,1,1,1,1,0.010640916414558887
-1,1,-1,-1,-1,1,1,-1,-1,1,1,-1,1,-1,-1,-1,-1,1,1,-1,0.010562082752585411
-1,1,-1,-1,-1,1,1,-1,-1,1,1,-1,1,-1,1,-1,-1,-1,1,-1,0.009901342913508415
-1,1,-1,-1,-1,1,1,-1,1,-1,-1,-1,-1,1,1,1,1,1,-1,-1,0.010167267173528671
-1,1,-1,-1,-1,1,1,-1,1,-1,1,-1,-1,1,1,-1,-1,-1,1,1,0.008713692426681519
-1,1,-1,-1,-1,1,1,-1,1,-1,1,-1,1,1,-1,-1,1,-1,-1,1,0.009839443489909172
-1,1,-1,-1,-1,1,1,-1,1,-1,1,1,-1,-1,-1,1,1,-1,1,1,0.010009300895035267
-1,1,-1,-1,-1,1,1,-1,1,-1,1,1,-1,-1,1,-1,-1,1,-1,1,0.009937921538949013
-1,1,-1,-1,-1,1,1,-1,1,-1,1,1,-1,1,-1,1,-1,-1,1,-1,0.00912939291447401
-1,1,-1,-1,-1,1,1,-1,1,-1,1,1,-1,1,1,1,1,1,-1,1,0.01012540515512228
-1,1,-1,-1,-1,1,1,-1,1,-1,1,1,1,-1,-1,-1,-1,-1,1,-1,0.009355433285236359
-1,1,-1,-1,-1,1,1,-1,1,-1,1,1,1,1,-1,-1,-1,1,1,1,0.008855147287249565
-1,1,-1,-1,-1,1,1,-1,1,1,-1,-1,-1,-1,1,1,-1,-1,1,-1,0.009511280804872513
-1,1,-1,-1,-1,1,1,-1,1,1,-1,-1,-1,1,1,-1,1,1,1,1,0.009575656615197659
-1,1,-1,-1,-1,1,1,-1,1,1,-1,-1,1,-1,-1,-1,-1,-1,-1,1,0.009515798650681973
-1,1,-1,-1,-1,1,1,-1,1,1,-1,-1,1,-1,-1,-1,-1,1,-1,-1,0.0103079779073596
-1,1,-1,-1,-1,1,1,-1,1,1,-1,1,1,1,-1,-1,1,-1,-1,-1,0.009693850763142109
-1,1,-1,-1,-1,1,1,-1,1,1,1,-1,-1,-1,1,1,-1,1,-1,1,0.0106570515781641
-1,1,-1,-1,-1,1,1,-1,1,1,1,-1,1,1,-1,1,-1,-1,1,-1,0.00949953030794859
-1,1,-1,-1,-1,1,1,-1,1,1,1,1,-1,-1,1,1,1,-1,-1,-1,0.010976674035191536
-1,1,-1,-1,-1,1,1,-1,1,1,1,1,-1,-1,1,1,1,-1,1,-1,0.010491723194718361
-1,1,-1,-1,-1,1,1,-1,1,1,1,1,1,-1,1,1,-1,-1,-1,-1,0.010063019581139088
-1,1,-1,-1,-1,1,1,-1,1,1,1,1,1,1,1,1,1,-1,-1,-1,0.010151575319468975
-1,1,-1,-1,-1,1,1,1,-1,-1,-1,-1,-1,-1,-1,-1,-1,1,-1,-1,0.010110881179571152
-1,1,-1,-1,-1,1,1,1,-1,-1,-1,-1,1,-1,1,-1,1,-1,-1,-1,0.009863666258752346
-1,1,-1,-1,-1,1,1,1,-1,-1,-1,1,1,1,-1,1,1,1,1,-1,0.00929412990808487
-1,1,-1,-1,-1,1,1,1,-1,-1,1,-1,-1,-1,-1,-1,1,1,1,1,0.01051687728613615
-1,1,-1,-1,-1,1,1,1,-1,-1,1,-1,-1,-1,1,-1,-1,1,-1,1,0.010110962204635143
-1,1,-1,-1,-1,1,1,1,-1,-1,1,-1,-1,-1,1,1,-1,-1,1,1,0.009291475638747215
-1,1,-1,-1,-1,1,1,1,-1,-1,1,-1,-1,1,1,1,-1,-1,-1,-1,0.009560109116137028
-1,1,-1,-1,-1,1,1,1,-1,-1,1,-1,1,-1,-1,-1,1,1,1,1,0.010266811586916447
-1,1,-1,-1,-1,1,1,1,-1,-1,1,-1,1,1,-1,-1,1,1,-1,1,0.01017672847956419
-1,1,-1,-1,-1,1,1,1,-1,-1,1,-1,1,1,-1,1,1,1,-1,1,0.01027565635740757
-1,1,-1,-1,-1,1,1,1,-1,-1,1,-1,1,1,1,1,-1,-1,1,1,0.008466376923024654
-1,1,-1,-1,-1,1,1,1,-1,-1,1,1,-1,1,1,-1,-1,1,1,-1,0.009140473790466785
-1,1,-1,-1,-1,1,1,1,-1,-1,1,1,1,1,-1,-1,-1,1,-1,-1,0.009602636098861694
-1,1,-1,-1,-1,1,1,1,-1,1,-1,-1,-1,-1,1,-1,-1,-1,1,1,0.008957458660006523
-1,1,-1,-1,-1,1,1,1,-1,1,-1,-1,1,1,1,-1,-1,1,1,1,0.00856582261621952
-1,1,-1,-1,-1,1,1,1,-1,1,-1,1,-1,-1,-1,-1,-1,1,1,-1,0.009707694873213768
-1,1,-1,-1,-1,1,1,1,-1,1,-1,1,-1,-1,1,-1,-1,-1,1,1,0.008688239380717278
-1,1,-1,-1,-1,1,1,1,-1,1,-1,1,1,-1,-1,-1,1,1,-1,1,0.010247454047203064
-1,1,-1,-1,-1,1,1,1,-1,1,1,1,-1,-1,-1,-1,1,1,-1,1,0.011083591729402542
-1,1,-1,-1,-1,1,1,1,1,-1,-1,-1,-1,-1,-1,-1,1,-1,1,1,0.009344357997179031
-1,1,-1,-1,-1,1,1,1,1,-1,-1,-1,-1,-1,1,1,-1,1,1,-1,0.009344599209725857
-1,1,-1,-1,-1,1,1,1,1,-1,-1,-1,1,1,1,1,1,-1,-1,-1,0.009234576486051083
-1,1,-1,-1,-1,1,1,1,1,-1,-1,1,1,-1,-1,1,1,1,1,1,0.009357464499771595
-1,1,-1,-1,-1,1,1,1,1,-1,-1,1,1,1,-1,-1,-1,-1,1,-1,0.0079451659694314
-1,1,-1,-1,-1,1,1,1,1,-1,-1,1,1,1,1,-1,-1,1,1,-1,0.008151352405548096
-1,1,-1,-1,-1,1,1,1,1,-1,1,1,-1,1,-1,-1,1,1,1,1,0.009519641287624836
-1,1,-1,-1,-1,1,1,1,1,-1,1,1,-1,1,1,-1,1,-1,-1,-1,0.00970256794244051
-1,1,-1,-1,-1,1,1,1,1,-1,1,1,-1,1,1,1,-1,-1,-1,1,0.008779190480709076
-1,1,-1,-1,-1,1,1,1,1,-1,1,1,1,1,1,1,1,-1,-1,1,0.009192714467644691
-1,1,-1,-1,-1,1,1,1,1,1,-1,-1,-1,-1,-1,-1,-1,-1,-1,1,0.009516702964901924
-1,1,-1,-1,-1,1,1,1,1,1,-1,-1,-1,1,1,1,-1,-1,1,-1,0.008687085472047329
-1,1,-1,-1,-1,1,1,1,1,1,-1,1,-1,-1,-1,-1,1,-1,-1,-1,0.010269788093864918
-1,1,-1,-1,-1,1,1,1,1,1,-1,1,-1,1,-1,1,-1,-1,1,-1,0.008645142428576946
-1,1,-1,-1,-1,1,1,1,1,1,1,-1,1,1,-1,1,1,-1,-1,-1,0.010398908518254757
-1,1,-1,-1,-1,1,1,1,1,1,1,1,-1,-1,1,-1,1,-1,-1,-1,0.010628584772348404
-1,1,-1,-1,1,-1,-1,-1,-1,-1,-1,-1,-1,1,-1,1,1,-1,1,-1,0.009647323749959469
-1,1,-1,-1,1,-1,-1,-1,-1,-1,-1,-1,1,-1,-1,-1,-1,-1,1,1,0.008851059712469578
-1,1,-1,-1,1,-1,-1,-1,-1,-1,-1,-1,1,-1,1,1,-1,-1,-1,1,0.00920766219496727
-1,1,-1,-1,1,-1,-1,-1,-1,-1,-1,-1,1,1,-1,-1,-1,1,1,-1,0.009068205021321774
-1,1,-1,-1,1,-1,-1,-1,-1,-1,-1,-1,1,1,1,-1,-1,1,-1,1,0.008967163972556591
-1,1,-1,-1,1,-1,-1,-1,-1,-1,-1,1,-1,1,-1,-1,1,1,-1,1,0.009838875383138657
-1,1,-1,-1,1,-1,-1,-1,-1,-1,-1,1,-1,1,1,-1,-1,1,1,1,0.008463059552013874
-1,1,-1,-1,1,-1,-1,-1,-1,-1,-1,1,-1,1,1,-1,1,-1,1,1,0.00869318563491106
-1,1,-1,-1,1,-1,-1,-1,-1,-1,1,-1,-1,1,-1,-1,1,-1,-1,1,0.010260703973472118
-1,1,-1,-1,1,-1,-1,-1,-1,-1,1,-1,-1,1,1,-1,-1,-1,1,-1,0.009243602864444256
-1,1,-1,-1,1,-1,-1,-1,-1,-1,1,-1,-1,1,1,1,1,-1,-1,1,0.010132355615496635
-1,1,-1,-1,1,-1,-1,-1,-1,-1,1,-1,1,-1,-1,-1,1,1,1,-1,0.010892899706959724
-1,1,-1,-1,1,-1,-1,-1,-1,-1,1,1,-1,-1,1,-1,-1,1,1,1,0.00962416548281908
-1,1,-1,-1,1,-1,-1,-1,-1,-1,1,1,-1,-1,1,1,-1,1,-1,-1,0.01056675985455513
-1,1,-1,-1,1,-1,-1,-1,-1,-1,1,1,1,1,-1,1,1,-1,-1,1,0.009840346872806549
-1,1,-1,-1,1,-1,-1,-1,-1,-1,1,1,1,1,-1,1,1,1,1,-1,0.010147575289011002
-1,1,-1,-1,1,-1,-1,-1,-1,1,-1,-1,-1,-1,-1,1,1,1,-1,1,0.011133039370179176
-1,1,-1,-1,1,-1,-1,-1,-1,1,-1,-1,1,-1,-1,-1,-1,-1,-1,1,0.009686993435025215
-1,1,-1,-1,1,-1,-1,-1,-1,1,-1,-1,1,-1,1,1,-1,1,1,1,0.00950715783983469
-1,1,-1,-1,1,-1,-1,-1,-1,1,-1,-1,1,1,-1,1,1,1,-1,-1,0.01066665630787611
-1,1,-1,-1,1,-1,-1,-1,-1,1,-1,-1,1,1,1,1,-1,-1,-1,-1,0.009342326782643795
-1,1,-1,-1,1,-1,-1,-1,-1,1,-1,-1,1,1,1,1,-1,-1,1,1,0.008498660288751125
-1,1,-1,-1,1,-1,-1,-1,-1,1,-1,1,-1,-1,-1,1,-1,1,1,-1,0.010073996149003506
-1,1,-1,-1,1,-1,-1,-1,-1,1,-1,1,-1,-1,-1,1,1,-1,1,-1,0.010304122231900692
-1,1,-1,-1,1,-1,-1,-1,-1,1,-1,1,-1,-1,1,1,-1,-1,-1,-1,0.009898207150399685
-1,1,-1,-1,1,-1,-1,-1,-1,1,-1,1,1,1,1,1,1,-1,-1,1,0.009377981536090374
-1,1,-1,-1,1,-1,-1,-1,-1,1,1,1,1,1,-1,-1,-1,-1,1,1,0.008943862281739712
-1,1,-1,-1,1,-1,-1,-1,-1,1,1,1,1,1,1,1,-1,1,-1,-1,0.010092644020915031
-1,1,-1,-1,1,-1,-1,-1,1,-1,-1,-1,-1,-1,-1,-1,1,-1,-1,-1,0.010455397889018059
-1,1,-1,-1,1,-1,-1,-1,1,-1,-1,-1,1,1,-1,1,-1,1,-1,1,0.009140384383499622
-1,1,-1,-1,1,-1,-1,-1,1,-1,-1,1,-1,1,1,1,-1,-1,1,1,0.007975541055202484
-1,1,-1,-1,1,-1,-1,-1,1,-1,-1,1,1,-1,-1,-1,1,-1,1,1,0.00909244641661644
-1,1,-1,-1,1,-1,-1,-1,1,-1,-1,1,1,-1,-1,1,1,-1,-1,-1,0.01003504078835249
-1,1,-1,-1,1,-1,-1,-1,1,-1,1,-1,1,-1,-1,-1,-1,-1,-1,-1,0.01012781448662281
-1,1,-1,-1,1,-1,-1,-1,1,-1,1,-1,1,1,-1,1,-1,1,-1,-1,0.010085172951221466
-1,1,-1,-1,1,-1,-1,-1,1,-1,1,1,-1,-1,-1,1,-1,1,-1,-1,0.010641052387654781
-1,1,-1,-1,1,-1,-1,-1,1,-1,1,1,1,1,-1,-1,-1,1,1,-1,0.009232074953615665
-1,1,-1,-1,1,-1,-1,-1,1,1,-1,-1,-1,-1,1,-1,1,-1,1,1,0.009735438041388988
-1,1,-1,-1,1,-1,-1,-1,1,1,-1,-1,1,-1,-1,-1,1,1,1,-1,0.010504827834665775
-1,1,-1,-1,1,-1,-1,-1,1,1,-1,-1,1,-1,1,1,1,-1,1,-1,0.00994301587343216
-1,1,-1,-1,1,-1,-1,-1,1,1,-1,-1,1,1,-1,1,1,1,-1,-1,0.010513672605156898
-1,1,-1,-1,1,-1,-1,-1,1,1,-1,-1,1,1,1,1,-1,-1,1,1,0.008345677517354488
-1,1,-1,-1,1,-1,-1,-1,1,1,-1,1,-1,-1,-1,1,1,-1,1,1,0.009792422875761986
-1,1,-1,-1,1,-1,-1,-1,1,1,-1,1,1,-1,-1,-1,1,1,1,-1,0.01023560855537653
-1,1,-1,-1,1,-1,-1,-1,1,1,-1,1,1,-1,-1,1,1,1,-1,1,0.01046077162027359
-1,1,-1,-1,1,-1,-1,-1,1,1,1,-1,-1,-1,-1,-1,1,1,1,1,0.010982249863445759
-1,1,-1,-1,1,-1,-1,-1,1,1,1,-1,-1,1,-1,-1,-1,1,-1,1,0.010228578001260757
-1,1,-1,-1,1,-1,-1,-1,1,1,1,-1,-1,1,1,-1,1,1,1,-1,0.010538655333220959
-1,1,-1,-1,1,-1,-1,-1,1,1,1,-1,1,-1,-1,1,1,1,-1,1,0.01131606288254261
-1,1,-1,-1,1,-1,-1,-1,1,1,1,1,-1,-1,1,1,-1,-1,1,1,0.009487629868090153
-1,1,-1,-1,1,-1,-1,1,-1,-1,-1,-1,-1,-1,1,1,1,-1,-1,-1,0.01023087091743946
-1,1,-1,-1,1,-1,-1,1,-1,-1,-1,-1,1,-1,-1,1,1,-1,-1,1,0.009849365800619125
-1,1,-1,-1,1,-1,-1,1,-1,-1,-1,1,1,1,-1,1,1,-1,-1,-1,0.009363829158246517
-1,1,-1,-1,1,-1,-1,1,-1,-1,-1,1,1,1,-1,1,1,-1,1,-1,0.008878877386450768
-1,1,-1,-1,1,-1,-1,1,-1,-1,1,-1,1,-1,-1,-1,-1,-1,1,1,0.0091879703104496
-1,1,-1,-1,1,-1,-1,1,-1,-1,1,-1,1,-1,1,-1,-1,1,-1,-1,0.01023782417178154
-1,1,-1,-1,1,-1,-1,1,-1,-1,1,-1,1,1,1,1,1,1,1,-1,0.009940356016159058
-1,1,-1,-1,1,-1,-1,1,-1,-1,1,1,-1,-1,-1,1,1,-1,1,-1,0.010290049016475677
-1,1,-1,-1,1,-1,-1,1,-1,-1,1,1,-1,-1,1,-1,-1,-1,1,1,0.008941540494561195
-1,1,-1,-1,1,-1,-1,1,-1,-1,1,1,1,-1,-1,1,1,1,1,1,0.010114732198417187
-1,1,-1,-1,1,-1,-1,1,-1,1,-1,-1,1,-1,1,1,-1,1,1,1,0.009257996454834938
-1,1,-1,-1,1,-1,-1,1,-1,1,-1,-1,1,-1,1,1,1,1,-1,1,0.010406536050140858
-1,1,-1,-1,1,-1,-1,1,-1,1,-1,-1,1,-1,1,1,1,1,1,-1,0.010280300863087177
-1,1,-1,-1,1,-1,-1,1,-1,1,-1,1,-1,1,-1,1,-1,-1,1,1,0.008457621559500694
-1,1,-1,-1,1,-1,-1,1,-1,1,-1,1,1,-1,-1,-1,1,-1,1,1,0.009347251616418362
-1,1,-1,-1,1,-1,-1,1,-1,1,1,-1,-1,1,1,-1,1,1,-1,1,0.010568712837994099
-1,1,-1,-1,1,-1,-1,1,-1,1,1,-1,1,-1,-1,1,1,-1,1,1,0.010301470756530762
-1,1,-1,-1,1,-1,-1,1,-1,1,1,1,-1,-1,-1,1,-1,1,-1,-1,0.010895857587456703
-1,1,-1,-1,1,-1,-1,1,-1,1,1,1,-1,1,1,1,-1,1,-1,-1,0.010093547403812408
-1,1,-1,-1,1,-1,-1,1,-1,1,1,1,1,-1,-1,1,1,-1,1,-1,0.01039096713066101
-1,1,-1,-1,1,-1,-1,1,-1,1,1,1,1,-1,1,1,-1,-1,1,1,0.009141386486589909
-1,1,-1,-1,1,-1,-1,1,1,-1,-1,-1,-1,-1,-1,1,-1,1,1,1,0.009231370873749256
-1,1,-1,-1,1,-1,-1,1,1,-1,-1,-1,1,-1,1,-1,1,1,-1,-1,0.010162357240915298
-1,1,-1,-1,1,-1,-1,1,1,-1,-1,-1,1,1,1,1,1,-1,1,1,0.008409122005105019
-1,1,-1,-1,1,-1,-1,1,1,-1,-1,1,-1,-1,1,-1,1,-1,-1,1,0.009351025335490704
-1,1,-1,-1,1,-1,-1,1,1,-1,-1,1,-1,1,-1,-1,-1,-1,-1,1,0.008339677937328815
-1,1,-1,-1,1,-1,-1,1,1,-1,-1,1,-1,1,-1,-1,1,1,1,-1,0.009310495108366013
-1,1,-1,-1,1,-1,-1,1,1,-1,-1,1,-1,1,1,-1,-1,1,-1,1,0.008545865304768085
-1,1,-1,-1,1,-1,-1,1,1,-1,1,-1,1,-1,1,1,-1,-1,-1,-1,0.009750304743647575
-1,1,-1,-1,1,-1,-1,1,1,-1,1,-1,1,1,-1,1,1,-1,-1,-1,0.010066136717796326
-1,1,-1,-1,1,-1,-1,1,1,-1,1,1,-1,-1,-1,-1,1,1,-1,-1,0.010956551879644394
-1,1,-1,-1,1,-1,-1,1,1,-1,1,1,-1,-1,-1,1,1,-1,-1,-1,0.010622017085552216
-1,1,-1,-1,1,-1,-1,1,1,-1,1,1,-1,-1,1,-1,-1,-1,1,1,0.008788556791841984
-1,1,-1,-1,1,-1,-1,1,1,-1,1,1,-1,1,1,-1,1,1,-1,1,0.00979552697390318
-1,1,-1,-1,1,-1,-1,1,1,-1,1,1,1,-1,-1,-1,-1,1,-1,1,0.009684181772172451
-1,1,-1,-1,1,-1,-1,1,1,1,-1,-1,-1,-1,1,1,-1,1,-1,-1,0.0101987449452281
-1,1,-1,-1,1,-1,-1,1,1,1,-1,-1,-1,1,1,-1,-1,1,-1,-1,0.009524783119559288
-1,1,-1,-1,1,-1,-1,1,1,1,-1,-1,1,-1,1,-1,1,1,-1,-1,0.01051334012299776
-1,1,-1,-1,1,-1,-1,1,1,1,-1,1,-1,1,1,1,-1,-1,1,-1,0.008436077274382114
-1,1,-1,-1,1,-1,-1,1,1,1,1,-1,-1,1,1,-1,-1,1,1,1,0.009267188608646393
-1,1,-1,-1,1,-1,-1,1,1,1,1,-1,1,-1,-1,-1,1,-1,-1,-1,0.01089322566986084
-1,1,-1,-1,1,-1,-1,1,1,1,1,-1,1,1,-1,-1,-1,-1,-1,-1,0.009654602967202663
-1,1,-1,-1,1,-1,-1,1,1,1,1,1,1,-1,1,1,1,-1,-1,1,0.010136942379176617
-1,1,-1,-1,1,-1,1,-1,-1,-1,-1,-1,-1,-1,-1,-1,1,-1,-1,-1,0.011004935950040817
-1,1,-1,-1,1,-1,1,-1,-1,-1,-1,-1,1,-1,-1,1,-1,1,-1,1,0.010264956392347813
-1,1,-1,-1,1,-1,1,-1,-1,-1,-1,-1,1,1,1,-1,-1,-1,-1,-1,0.009288971312344074
-1,1,-1,-1,1,-1,1,-1,-1,-1,-1,-1,1,1,1,-1,-1,1,-1,-1,0.009722434915602207
-1,1,-1,-1,1,-1,1,-1,-1,-1,-1,1,1,1,1,-1,-1,1,-1,-1,0.009453215636312962
-1,1,-1,-1,1,-1,1,-1,-1,-1,-1,1,1,1,1,1,1,1,1,1,0.009372065775096416
-1,1,-1,-1,1,-1,1,-1,-1,-1,1,-1,-1,1,1,1,-1,1,-1,1,0.01029878482222557
-1,1,-1,-1,1,-1,1,-1,-1,-1,1,-1,1,-1,1,-1,1,-1,-1,1,0.010754951275885105
-1,1,-1,-1,1,-1,1,-1,-1,-1,1,1,-1,-1,1,-1,1,-1,1,-1,0.010609561577439308
-1,1,-1,-1,1,-1,1,-1,-1,-1,1,1,-1,1,-1,1,-1,1,1,-1,0.010130606591701508
-1,1,-1,-1,1,-1,1,-1,-1,-1,1,1,1,-1,-1,1,-1,1,-1,1,0.010581810027360916
-1,1,-1,-1,1,-1,1,-1,-1,-1,1,1,1,-1,1,-1,-1,-1,-1,1,0.00982214231044054
-1,1,-1,-1,1,-1,1,-1,-1,1,-1,-1,1,1,1,-1,-1,1,-1,1,0.009714702144265175
-1,1,-1,-1,1,-1,1,-1,-1,1,-1,1,1,-1,1,1,1,-1,-1,-1,0.010708286426961422
-1,1,-1,-1,1,-1,1,-1,-1,1,-1,1,1,1,1,-1,-1,1,1,1,0.008960532024502754
-1,1,-1,-1,1,-1,1,-1,-1,1,1,-1,-1,-1,-1,1,1,1,1,-1,0.011989431455731392
-1,1,-1,-1,1,-1,1,-1,-1,1,1,-1,1,-1,1,-1,-1,-1,1,1,0.009957393631339073
-1,1,-1,-1,1,-1,1,-1,-1,1,1,-1,1,1,-1,1,-1,-1,1,-1,0.010067280381917953
-1,1,-1,-1,1,-1,1,-1,-1,1,1,-1,1,1,1,-1,-1,1,-1,1,0.01030077412724495
-1,1,-1,-1,1,-1,1,-1,-1,1,1,1,1,1,-1,-1,-1,-1,-1,-1,0.010184084065258503
-1,1,-1,-1,1,-1,1,-1,-1,1,1,1,1,1,-1,1,1,-1,-1,-1,0.010946600697934628
-1,1,-1,-1,1,-1,1,-1,-1,1,1,1,1,1,1,1,-1,-1,1,-1,0.009570784866809845
-1,1,-1,-1,1,-1,1,-1,1,-1,-1,-1,-1,1,-1,1,1,-1,1,-1,0.009890895336866379
-1,1,-1,-1,1,-1,1,-1,1,-1,-1,-1,1,1,1,-1,-1,1,1,-1,0.00908450037240982
-1,1,-1,-1,1,-1,1,-1,1,-1,-1,1,1,1,-1,-1,1,1,1,1,0.009347431361675262
-1,1,-1,-1,1,-1,1,-1,1,-1,-1,1,1,1,1,-1,1,-1,1,-1,0.009045407176017761
-1,1,-1,-1,1,-1,1,-1,1,-1,1,-1,-1,-1,-1,-1,1,1,-1,-1,0.011871487833559513
-1,1,-1,-1,1,-1,1,-1,1,-1,1,-1,-1,-1,-1,1,-1,1,1,1,0.010463160462677479
-1,1,-1,-1,1,-1,1,-1,1,-1,1,-1,1,-1,-1,1,-1,1,1,-1,0.01057181041687727
-1,1,-1,-1,1,-1,1,-1,1,-1,1,-1,1,-1,-1,1,1,-1,-1,1,0.010928171686828136
-1,1,-1,-1,1,-1,1,-1,1,-1,1,1,-1,1,-1,-1,-1,-1,-1,-1,0.009930182248353958
-1,1,-1,-1,1,-1,1,-1,1,-1,1,1,1,-1,1,1,-1,1,-1,-1,0.010560265742242336
-1,1,-1,-1,1,-1,1,-1,1,1,-1,1,-1,-1,1,-1,-1,1,-1,1,0.010117598809301853
-1,1,-1,-1,1,-1,1,-1,1,1,-1,1,-1,-1,1,1,-1,1,1,1,0.009731575846672058
-1,1,-1,-1,1,-1,1,-1,1,1,1,-1,1,-1,1,1,1,1,-1,1,0.011485341936349869
-1,1,-1,-1,1,-1,1,-1,1,1,1,1,-1,1,1,1,1,1,1,1,0.01040620356798172
-1,1,-1,-1,1,-1,1,-1,1,1,1,1,1,-1,1,1,-1,1,-1,1,0.010552533902227879
-1,1,-1,-1,1,-1,1,1,-1,-1,-1,-1,1,1,-1,1,-1,1,-1,1,0.009440761059522629
-1,1,-1,-1,1,-1,1,1,-1,-1,-1,1,1,1,1,1,-1,-1,-1,-1,0.008869518525898457
-1,1,-1,-1,1,-1,1,1,-1,-1,1,-1,1,-1,-1,-1,-1,1,-1,-1,0.01086165476590395
-1,1,-1,-1,1,-1,1,1,-1,-1,1,1,-1,-1,-1,1,-1,-1,-1,1,0.010149250738322735
-1,1,-1,-1,1,-1,1,1,-1,1,-1,-1,-1,1,1,-1,-1,1,1,1,0.009230654686689377
-1,1,-1,-1,1,-1,1,1,-1,1,-1,1,1,-1,-1,-1,-1,1,-1,1,0.009998630732297897
-1,1,-1,-1,1,-1,1,1,-1,1,-1,1,1,-1,1,1,1,-1,-1,-1,0.01045912504196167
-1,1,-1,-1,1,-1,1,1,-1,1,-1,1,1,1,-1,-1,-1,1,1,1,0.008938646875321865
-1,1,-1,-1,1,-1,1,1,-1,1,1,-1,-1,1,-1,-1,-1,1,1,-1,0.010402719490230083
-1,1,-1,-1,1,-1,1,1,-1,1,1,-1,1,-1,1,-1,-1,1,1,-1,0.010500411503016949
-1,1,-1,-1,1,-1,1,1,-1,1,1,-1,1,1,-1,-1,1,-1,1,-1,0.010382779873907566
-1,1,-1,-1,1,-1,1,1,-1,1,1,-1,1,1,-1,1,-1,1,1,1,0.009892866015434265
-1,1,-1,-1,1,-1,1,1,-1,1,1,1,-1,1,-1,1,1,1,1,-1,0.010896017774939537
-1,1,-1,-1,1,-1,1,1,-1,1,1,1,-1,1,1,-1,-1,-1,1,-1,0.009472760371863842
-1,1,-1,-1,1,-1,1,1,-1,1,1,1,1,-1,1,-1,-1,1,-1,1,0.010357427410781384
-1,1,-1,-1,1,-1,1,1,-1,1,1,1,1,1,1,-1,1,1,1,-1,0.01031974796205759
-1,1,-1,-1,1,-1,1,1,1,-1,-1,-1,-1,-1,-1,-1,-1,-1,-1,-1,0.009939201176166534
-1,1,-1,-1,1,-1,1,1,1,-1,-1,-1,1,1,1,1,1,-1,1,1,0.00880567729473114
-1,1,-1,-1,1,-1,1,1,1,-1,1,-1,-1,-1,-1,-1,-1,-1,1,1,0.009681607596576214
-1,1,-1,-1,1,-1,1,1,1,-1,1,-1,-1,-1,-1,1,1,-1,1,1,0.010444125160574913
-1,1,-1,-1,1,-1,1,1,1,-1,1,-1,-1,1,-1,-1,1,1,-1,-1,0.01104729250073433
-1,1,-1,-1,1,-1,1,1,1,-1,1,-1,1,1,-1,-1,1,1,1,-1,0.01031227596104145
-1,1,-1,-1,1,-1,1,1,1,-1,1,1,-1,-1,1,-1,-1,-1,1,-1,0.0095438277348876
-1,1,-1,-1,1,-1,1,1,1,-1,1,1,-1,-1,1,1,1,-1,-1,-1,0.010791296139359474
-1,1,-1,-1,1,-1,1,1,1,-1,1,1,-1,1,-1,1,-1,1,1,-1,0.009728461503982544
-1,1,-1,-1,1,-1,1,1,1,-1,1,1,1,-1,-1,1,1,1,-1,1,0.010843254625797272
-1,1,-1,-1,1,-1,1,1,1,-1,1,1,1,1,-1,1,-1,-1,-1,-1,0.009529883973300457
-1,1,-1,-1,1,-1,1,1,1,1,-1,-1,1,1,1,1,1,-1,1,1,0.009156660176813602
-1,1,-1,-1,1,-1,1,1,1,1,1,-1,1,-1,-1,1,-1,-1,-1,-1,0.010725119151175022
-1,1,-1,-1,1,-1,1,1,1,1,1,1,-1,-1,-1,1,-1,-1,1,-1,0.010221014730632305
-1,1,-1,-1,1,-1,1,1,1,1,1,1,-1,-1,1,1,1,1,-1,1,0.011217026971280575
-1,1,-1,-1,1,-1,1,1,1,1,1,1,-1,1,-1,1,-1,-1,1,-1,0.009645981714129448
-1,1,-1,-1,1,1,-1,-1,-1,-1,-1,-1,-1,1,-1,-1,-1,-1,-1,1,0.009279035963118076
-1,1,-1,-1,1,1,-1,-1,-1,-1,-1,-1,-1,1,-1,-1,1,-1,1,-1,0.00981638953089714
-1,1,-1,-1,1,1,-1,-1,-1,-1,-1,-1,1,-1,-1,-1,-1,-1,-1,-1,0.009962719865143299
-1,1,-1,-1,1,1,-1,-1,-1,-1,-1,-1,1,-1,1,1,1,1,1,-1,0.010446473024785519
-1,1,-1,-1,1,1,-1,-1,-1,-1,-1,1,-1,-1,-1,1,-1,1,1,-1,0.009991006925702095
-1,1,-1,-1,1,1,-1,-1,-1,-1,-1,1,-1,-1,-1,1,1,1,1,1,0.010295880027115345
-1,1,-1,-1,1,1,-1,-1,-1,-1,-1,1,-1,-1,1,-1,-1,1,-1,-1,0.010149752721190453
-1,1,-1,-1,1,1,-1,-1,-1,-1,-1,1,-1,1,-1,-1,-1,-1,-1,1,0.00900981668382883
-1,1,-1,-1,1,1,-1,-1,-1,-1,-1,1,1,-1,-1,-1,1,-1,-1,1,0.009998374618589878
-1,1,-1,-1,1,1,-1,-1,-1,-1,-1,1,1,-1,1,1,1,-1,1,1,0.00938507542014122
-1,1,-1,-1,1,1,-1,-1,-1,-1,-1,1,1,1,-1,-1,1,-1,1,1,0.008938389830291271
-1,1,-1,-1,1,1,-1,-1,-1,-1,1,-1,1,1,1,-1,-1,-1,-1,-1,0.009746482595801353
-1,1,-1,-1,1,1,-1,-1,-1,-1,1,-1,1,1,1,-1,-1,-1,1,1,0.008902816101908684
-1,1,-1,-1,1,1,-1,-1,-1,-1,1,1,-1,1,1,-1,1,-1,-1,-1,0.010390917770564556
-1,1,-1,-1,1,1,-1,-1,-1,-1,1,1,1,1,-1,-1,1,1,1,1,0.009957925416529179
-1,1,-1,-1,1,1,-1,-1,-1,-1,1,1,1,1,-1,1,1,-1,-1,1,0.010108341462910175
-1,1,-1,-1,1,1,-1,-1,-1,1,-1,-1,1,-1,-1,1,1,1,-1,1,0.011150968261063099
-1,1,-1,-1,1,1,-1,-1,-1,1,-1,-1,1,1,-1,-1,1,-1,1,1,0.009558591991662979
-1,1,-1,-1,1,1,-1,-1,-1,1,-1,1,1,-1,1,1,1,1,-1,1,0.01065447274595499
-1,1,-1,-1,1,1,-1,-1,-1,1,-1,1,1,1,1,1,-1,1,-1,1,0.009415850043296814
-1,1,-1,-1,1,1,-1,-1,-1,1,1,-1,-1,-1,1,-1,-1,-1,-1,-1,0.010922564193606377
-1,1,-1,-1,1,1,-1,-1,-1,1,1,-1,-1,-1,1,1,1,-1,1,1,0.010841415263712406
-1,1,-1,-1,1,1,-1,-1,-1,1,1,-1,1,-1,-1,-1,-1,1,1,1,0.010489571839571
-1,1,-1,-1,1,1,-1,-1,-1,1,1,-1,1,-1,-1,1,1,-1,1,-1,0.01117734145373106
-1,1,-1,-1,1,1,-1,-1,-1,1,1,1,-1,1,-1,1,-1,1,1,-1,0.010353028774261475
-1,1,-1,-1,1,1,-1,-1,-1,1,1,1,-1,1,1,1,-1,-1,-1,-1,0.010177239775657654
-1,1,-1,-1,1,1,-1,-1,-1,1,1,1,1,1,-1,-1,-1,-1,-1,1,0.009696806780993938
-1,1,-1,-1,1,1,-1,-1,-1,1,1,1,1,1,-1,1,-1,-1,-1,1,0.009795734658837318
-1,1,-1,-1,1,1,-1,-1,1,-1,-1,-1,-1,-1,-1,-1,1,-1,-1,1,0.010364675894379616
-1,1,-1,-1,1,1,-1,-1,1,-1,-1,-1,1,-1,1,-1,-1,-1,1,-1,0.00909750908613205
-1,1,-1,-1,1,1,-1,-1,1,-1,-1,-1,1,1,-1,-1,1,-1,-1,1,0.00953957624733448
-1,1,-1,-1,1,1,-1,-1,1,-1,-1,-1,1,1,1,-1,-1,-1,-1,1,0.008648711256682873
-1,1,-1,-1,1,1,-1,-1,1,-1,-1,1,-1,-1,-1,-1,-1,1,1,1,0.009380379691720009
-1,1,-1,-1,1,1,-1,-1,1,-1,-1,1,-1,1,-1,-1,-1,1,-1,-1,0.009649012237787247
-1,1,-1,-1,1,1,-1,-1,1,-1,-1,1,-1,1,1,1,1,1,1,-1,0.009699302725493908
-1,1,-1,-1,1,1,-1,-1,1,-1,-1,1,1,-1,-1,1,-1,1,-1,1,0.00971419271081686
-1,1,-1,-1,1,1,-1,-1,1,-1,-1,1,1,1,-1,1,-1,-1,-1,-1,0.009064411744475365
-1,1,-1,-1,1,1,-1,-1,1,-1,1,-1,-1,-1,-1,1,-1,1,1,-1,0.010693314485251904
-1,1,-1,-1,1,1,-1,-1,1,-1,1,-1,1,1,-1,-1,1,1,-1,1,0.010559111833572388
-1,1,-1,-1,1,1,-1,-1,1,-1,1,1,1,-1,1,-1,-1,1,1,-1,0.009847825393080711
-1,1,-1,-1,1,1,-1,-1,1,1,-1,-1,-1,-1,-1,1,-1,1,1,1,0.010099509730935097
-1,1,-1,-1,1,1,-1,-1,1,1,-1,-1,1,-1,-1,1,-1,1,1,1,0.009849444031715393
-1,1,-1,-1,1,1,-1,-1,1,1,-1,1,1,-1,1,-1,1,1,-1,-1,0.010761276818811893
-1,1,-1,-1,1,1,-1,-1,1,1,1,-1,-1,-1,1,-1,-1,1,-1,-1,0.011203045025467873
-1,1,-1,-1,1,1,-1,-1,1,1,1,-1,1,-1,1,-1,1,1,1,1,0.010772902518510818
-1,1,-1,-1,1,1,-1,-1,1,1,1,-1,1,1,-1,-1,1,1,-1,-1,0.01126881130039692
-1,1,-1,-1,1,1,-1,-1,1,1,1,1,-1,-1,1,-1,-1,1,1,-1,0.010448874905705452
-1,1,-1,-1,1,1,-1,-1,1,1,1,1,1,-1,-1,-1,1,1,1,-1,0.01108967512845993
-1,1,-1,-1,1,1,-1,1,-1,-1,-1,1,-1,1,-1,1,-1,1,1,1,0.008808095939457417
-1,1,-1,-1,1,1,-1,1,-1,-1,-1,1,-1,1,1,-1,1,-1,-1,-1,0.00955568440258503
-1,1,-1,-1,1,1,-1,1,-1,-1,-1,1,1,-1,1,-1,1,-1,-1,1,0.009521936997771263
-1,1,-1,-1,1,1,-1,1,-1,-1,1,-1,1,-1,-1,1,1,1,-1,-1,0.011495610699057579
-1,1,-1,-1,1,1,-1,1,-1,-1,1,-1,1,1,-1,1,1,1,-1,1,0.010561862029135227
-1,1,-1,-1,1,1,-1,1,-1,-1,1,1,-1,-1,-1,-1,-1,1,1,-1,0.010228989645838737
-1,1,-1,-1,1,1,-1,1,-1,1,-1,-1,-1,-1,1,-1,1,-1,-1,-1,0.010750919580459595
-1,1,-1,-1,1,1,-1,1,-1,1,-1,-1,-1,1,1,-1,1,-1,1,-1,0.009690934792160988
-1,1,-1,-1,1,1,-1,1,-1,1,-1,-1,1,-1,-1,-1,1,-1,1,-1,0.010243179276585579
-1,1,-1,-1,1,1,-1,1,-1,1,-1,1,-1,1,-1,1,-1,-1,1,-1,0.00908433087170124
-1,1,-1,-1,1,1,-1,1,-1,1,-1,1,1,-1,-1,-1,-1,-1,-1,-1,0.009795322082936764
-1,1,-1,-1,1,1,-1,1,-1,1,-1,1,1,-1,1,1,-1,-1,-1,1,0.009308258071541786
-1,1,-1,-1,1,1,-1,1,-1,1,1,-1,1,1,-1,-1,-1,-1,1,-1,0.009590629488229752
-1,1,-1,-1,1,1,-1,1,-1,1,1,-1,1,1,1,1,-1,1,-1,1,0.010021979920566082
-1,1,-1,-1,1,1,-1,1,1,-1,-1,-1,-1,1,-1,-1,1,1,-1,-1,0.010332658886909485
-1,1,-1,-1,1,1,-1,1,1,-1,-1,-1,-1,1,-1,1,1,1,-1,-1,0.01043158769607544
-1,1,-1,-1,1,1,-1,1,1,-1,-1,-1,-1,1,1,1,-1,1,-1,-1,0.009540721774101257
-1,1,-1,-1,1,1,-1,1,1,-1,-1,-1,1,-1,-1,1,-1,1,1,1,0.009249299764633179
-1,1,-1,-1,1,1,-1,1,1,-1,-1,-1,1,1,-1,1,-1,-1,1,1,0.008240802213549614
-1,1,-1,-1,1,1,-1,1,1,-1,-1,1,-1,1,1,-1,-1,-1,-1,-1,0.008739111013710499
-1,1,-1,-1,1,1,-1,1,1,-1,1,-1,-1,-1,1,1,-1,1,1,1,0.009858161211013794
-1,1,-1,-1,1,1,-1,1,1,-1,1,-1,-1,1,1,-1,1,-1,-1,1,0.009899276308715343
-1,1,-1,-1,1,1,-1,1,1,-1,1,-1,1,-1,-1,-1,-1,-1,1,1,0.00930298026651144
-1,1,-1,-1,1,1,-1,1,1,-1,1,-1,1,-1,-1,1,1,-1,-1,-1,0.01090916432440281
-1,1,-1,-1,1,1,-1,1,1,-1,1,1,-1,-1,-1,1,-1,-1,-1,-1,0.010226421058177948
-1,1,-1,-1,1,1,-1,1,1,1,-1,-1,-1,1,-1,-1,-1,1,1,-1,0.009535102173686028
-1,1,-1,-1,1,1,-1,1,1,1,-1,-1,1,-1,-1,-1,-1,1,1,1,0.009501354768872261
-1,1,-1,-1,1,1,-1,1,1,1,-1,-1,1,-1,-1,-1,1,1,1,-1,0.010523660108447075
-1,1,-1,-1,1,1,-1,1,1,1,-1,-1,1,-1,-1,1,-1,-1,1,-1,0.009525534696877003
-1,1,-1,-1,1,1,-1,1,1,1,-1,1,-1,1,1,-1,-1,-1,1,-1,0.008605143055319786
-1,1,-1,-1,1,1,-1,1,1,1,-1,1,1,1,-1,-1,1,-1,1,1,0.00888722762465477
-1,1,-1,-1,1,1,-1,1,1,1,1,-1,-1,-1,-1,-1,1,1,-1,1,0.011486032977700233
-1,1,-1,-1,1,1,-1,1,1,1,1,-1,-1,1,-1,-1,1,1,-1,-1,0.011269714683294296
-1,1,-1,-1,1,1,-1,1,1,1,1,1,-1,1,1,-1,1,-1,1,1,0.00949609000235796
-1,1,-1,-1,1,1,-1,1,1,1,1,1,1,1,1,1,-1,-1,-1,-1,0.009525028988718987
-1,1,-1,-1,1,1,1,-1,-1,-1,-1,-1,1,-1,-1,-1,1,1,-1,-1,0.011456327512860298
-1,1,-1,-1,1,1,1,-1,-1,-1,-1,-1,1,1,-1,-1,-1,1,1,1,0.009374038316309452
-1,1,-1,-1,1,1,1,-1,-1,-1,-1,1,-1,-1,-1,-1,1,-1,1,-1,0.010518759489059448
-1,1,-1,-1,1,1,1,-1,-1,-1,-1,1,-1,1,-1,-1,1,1,-1,-1,0.010862139984965324
-1,1,-1,-1,1,1,1,-1,-1,-1,-1,1,-1,1,-1,1,-1,-1,1,1,0.009020349010825157
-1,1,-1,-1,1,1,1,-1,-1,-1,-1,1,-1,1,1,1,-1,1,1,-1,0.009585252031683922
-1,1,-1,-1,1,1,1,-1,-1,-1,-1,1,1,-1,1,1,1,1,1,-1,0.010573809035122395
-1,1,-1,-1,1,1,1,-1,-1,-1,1,-1,1,-1,-1,1,-1,1,1,-1,0.010992787778377533
-1,1,-1,-1,1,1,1,-1,-1,-1,1,1,-1,1,-1,-1,-1,-1,1,-1,0.009866208769381046
-1,1,-1,-1,1,1,1,-1,-1,-1,1,1,1,-1,1,-1,-1,1,1,-1,0.010397364385426044
-1,1,-1,-1,1,1,1,-1,-1,1,-1,-1,-1,-1,-1,1,1,-1,-1,1,0.011364124715328217
-1,1,-1,-1,1,1,1,-1,-1,1,-1,-1,-1,1,1,1,1,-1,1,-1,0.010435579344630241
-1,1,-1,-1,1,1,1,-1,-1,1,-1,1,-1,-1,-1,-1,1,-1,-1,-1,0.01135469414293766
-1,1,-1,-1,1,1,1,-1,-1,1,-1,1,1,1,-1,1,1,1,-1,1,0.010703270323574543
-1,1,-1,-1,1,1,1,-1,-1,1,1,-1,-1,-1,-1,-1,1,-1,-1,-1,0.01220998540520668
-1,1,-1,-1,1,1,1,-1,-1,1,1,-1,1,-1,-1,-1,-1,-1,1,-1,0.010811379179358482
-1,1,-1,-1,1,1,1,-1,-1,1,1,-1,1,-1,1,1,1,1,-1,-1,0.012265034019947052
-1,1,-1,-1,1,1,1,-1,-1,1,1,1,-1,1,-1,-1,1,-1,-1,1,0.011007016524672508
-1,1,-1,-1,1,1,1,-1,-1,1,1,1,1,-1,-1,-1,1,-1,-1,-1,0.011690700426697731
-1,1,-1,-1,1,1,1,-1,-1,1,1,1,1,-1,1,1,1,1,-1,1,0.011637100018560886
-1,1,-1,-1,1,1,1,-1,1,-1,-1,-1,-1,-1,-1,-1,-1,-1,-1,1,0.010097641497850418
-1,1,-1,-1,1,1,1,-1,1,-1,-1,-1,-1,-1,1,-1,-1,1,-1,-1,0.010662543587386608
-1,1,-1,-1,1,1,1,-1,1,-1,-1,-1,1,-1,1,1,1,1,-1,-1,0.011174995452165604
-1,1,-1,-1,1,1,1,-1,1,-1,-1,1,-1,1,-1,-1,-1,-1,1,-1,0.00912715308368206
-1,1,-1,-1,1,1,1,-1,1,-1,-1,1,-1,1,-1,-1,1,-1,1,1,0.009432027116417885
-1,1,-1,-1,1,1,1,-1,1,-1,-1,1,-1,1,1,1,-1,1,-1,1,0.00955850351601839
-1,1,-1,-1,1,1,1,-1,1,-1,-1,1,1,-1,1,-1,1,-1,1,1,0.00952971912920475
-1,1,-1,-1,1,1,1,-1,1,-1,-1,1,1,1,-1,1,1,1,-1,1,0.010199303738772869
-1,1,-1,-1,1,1,1,-1,1,-1,-1,1,1,1,1,1,1,1,1,1,0.009487076662480831
-1,1,-1,-1,1,1,1,-1,1,-1,1,-1,-1,1,-1,-1,1,1,-1,-1,0.011564448475837708
-1,1,-1,-1,1,1,1,-1,1,-1,1,-1,-1,1,-1,1,-1,-1,1,1,0.009722656570374966
-1,1,-1,-1,1,1,1,-1,1,-1,1,-1,-1,1,1,-1,1,1,-1,-1,0.011337172240018845
-1,1,-1,-1,1,1,1,-1,1,-1,1,-1,-1,1,1,1,1,1,-1,-1,0.011436100117862225
-1,1,-1,-1,1,1,1,-1,1,-1,1,-1,1,1,-1,1,-1,-1,-1,1,0.009957542642951012
-1,1,-1,-1,1,1,1,-1,1,-1,1,1,-1,-1,-1,-1,-1,1,-1,1,0.01084795780479908
-1,1,-1,-1,1,1,1,-1,1,-1,1,1,-1,1,-1,1,-1,-1,1,1,0.009453438222408295
-1,1,-1,-1,1,1,1,-1,1,-1,1,1,-1,1,1,-1,1,-1,1,-1,0.010149538516998291
-1,1,-1,-1,1,1,1,-1,1,-1,1,1,-1,1,1,1,-1,-1,1,1,0.009226161986589432
-1,1,-1,-1,1,1,1,-1,1,1,-1,-1,-1,-1,-1,-1,-1,-1,1,-1,0.0103223891928792
-1,1,-1,-1,1,1,1,-1,1,1,-1,-1,-1,-1,-1,1,1,-1,1,-1,0.0110849067568779
-1,1,-1,-1,1,1,1,-1,1,1,-1,-1,1,1,-1,-1,1,1,1,-1,0.010594342835247517
-1,1,-1,-1,1,1,1,-1,1,1,-1,1,-1,-1,-1,-1,-1,1,-1,1,0.010612868703901768
-1,1,-1,-1,1,1,1,-1,1,1,-1,1,-1,-1,-1,1,-1,1,1,1,0.010226845741271973
-1,1,-1,-1,1,1,1,-1,1,1,-1,1,1,-1,-1,1,1,1,1,-1,0.010999085381627083
-1,1,-1,-1,1,1,1,-1,1,1,-1,1,1,-1,1,1,1,-1,1,-1,0.010338345542550087
-1,1,-1,-1,1,1,1,-1,1,1,-1,1,1,-1,1,1,1,-1,1,1,0.009979629889130592
-1,1,-1,-1,1,1,1,-1,1,1,-1,1,1,1,-1,-1,1,1,1,1,0.009966407902538776
-1,1,-1,-1,1,1,1,-1,1,1,1,-1,1,-1,-1,1,-1,-1,-1,-1,0.011242274194955826
-1,1,-1,-1,1,1,1,-1,1,1,1,-1,1,1,1,1,-1,1,-1,1,0.010514712892472744
-1,1,-1,-1,1,1,1,-1,1,1,1,1,-1,-1,-1,-1,1,1,1,1,0.011377579532563686
-1,1,-1,-1,1,1,1,1,-1,-1,-1,-1,-1,-1,1,-1,1,-1,1,-1,0.010311541147530079
-1,1,-1,-1,1,1,1,1,-1,-1,-1,-1,-1,-1,1,1,1,-1,-1,1,0.01053670421242714
-1,1,-1,-1,1,1,1,1,-1,-1,-1,-1,-1,1,-1,-1,1,-1,-1,1,0.01009001862257719
-1,1,-1,-1,1,1,1,1,-1,-1,-1,-1,-1,1,-1,1,-1,-1,1,-1,0.00939912162721157
-1,1,-1,-1,1,1,1,1,-1,-1,-1,-1,-1,1,1,-1,-1,-1,1,1,0.008714202791452408
-1,1,-1,-1,1,1,1,1,-1,-1,-1,-1,1,-1,-1,1,-1,-1,-1,-1,0.010209040716290474
-1,1,-1,-1,1,1,1,1,-1,-1,-1,1,-1,-1,-1,1,1,1,1,-1,0.010801989585161209
-1,1,-1,-1,1,1,1,1,-1,-1,1,-1,-1,1,-1,1,-1,-1,1,1,0.009626478888094425
-1,1,-1,-1,1,1,1,1,-1,-1,1,-1,1,1,-1,-1,1,1,1,-1,0.010733253322541714
-1,1,-1,-1,1,1,1,1,-1,-1,1,1,-1,1,1,-1,-1,1,-1,-1,0.01030818559229374
-1,1,-1,-1,1,1,1,1,-1,-1,1,1,1,-1,1,-1,1,-1,1,1,0.010019613429903984
-1,1,-1,-1,1,1,1,1,-1,1,-1,-1,-1,-1,1,1,-1,1,-1,1,0.010657561011612415
-1,1,-1,-1,1,1,1,1,-1,1,-1,-1,-1,1,1,1,1,-1,-1,1,0.010312654078006744
-1,1,-1,-1,1,1,1,1,-1,1,-1,1,-1,-1,1,1,1,1,1,-1,0.010925696231424809
-1,1,-1,-1,1,1,1,1,-1,1,-1,1,-1,1,-1,1,1,1,1,-1,0.01057793851941824
-1,1,-1,-1,1,1,1,1,-1,1,-1,1,-1,1,1,-1,-1,1,-1,-1,0.010073096491396427
-1,1,-1,-1,1,1,1,1,-1,1,-1,1,1,-1,-1,1,-1,1,1,-1,0.010239318013191223
-1,1,-1,-1,1,1,1,1,-1,1,-1,1,1,-1,-1,1,1,1,-1,-1,0.011387857608497143
-1,1,-1,-1,1,1,1,1,-1,1,-1,1,1,1,1,1,1,-1,-1,1,0.009793369099497795
-1,1,-1,-1,1,1,1,1,-1,1,1,-1,-1,-1,1,1,1,1,-1,-1,0.012265938334167004
-1,1,-1,-1,1,1,1,1,-1,1,1,-1,-1,1,-1,1,1,-1,1,1,0.010641051456332207
-1,1,-1,-1,1,1,1,1,-1,1,1,1,1,-1,1,1,1,-1,-1,1,0.010954475030303001
-1,1,-1,-1,1,1,1,1,-1,1,1,1,1,1,-1,1,1,1,1,-1,0.010913945734500885
-1,1,-1,-1,1,1,1,1,1,-1,-1,-1,-1,1,-1,-1,-1,1,-1,-1,0.010065624490380287
-1,1,-1,-1,1,1,1,1,1,-1,-1,-1,-1,1,1,-1,1,-1,1,-1,0.009583523496985435
-1,1,-1,-1,1,1,1,1,1,-1,-1,1,-1,1,1,-1,-1,1,-1,-1,0.009569129906594753
-1,1,-1,-1,1,1,1,1,1,-1,-1,1,1,1,1,-1,1,1,1,-1,0.00949770212173462
-1,1,-1,-1,1,1,1,1,1,-1,1,-1,-1,1,-1,-1,-1,-1,1,1,0.009374567307531834
-1,1,-1,-1,1,1,1,1,1,-1,1,-1,-1,1,-1,-1,1,1,1,1,0.010471620596945286
-1,1,-1,-1,1,1,1,1,1,-1,1,1,-1,-1,-1,-1,-1,1,1,-1,0.010472561232745647
-1,1,-1,-1,1,1,1,1,1,-1,1,1,-1,1,1,-1,-1,-1,-1,-1,0.009721738286316395
-1,1,-1,-1,1,1,1,1,1,-1,1,1,-1,1,1,1,-1,1,-1,-1,0.010254129767417908
-1,1,-1,-1,1,1,1,1,1,-1,1,1,1,-1,1,-1,-1,1,1,1,0.009636503644287586
-1,1,-1,-1,1,1,1,1,1,1,-1,-1,1,-1,1,-1,1,-1,-1,1,0.010385710746049881
-1,1,-1,-1,1,1,1,1,1,1,-1,-1,1,-1,1,1,-1,-1,1,-1,0.009694813750684261
-1,1,-1,-1,1,1,1,1,1,1,-1,1,1,-1,-1,-1,1,1,1,-1,0.01065099611878395
-1,1,-1,-1,1,1,1,1,1,1,1,-1,-1,-1,-1,1,1,1,-1,1,0.01198151521384716
-1,1,-1,-1,1,1,1,1,1,1,1,1,-1,-1,-1,-1,-1,1,1,-1,0.01082354411482811
-1,1,-1,-1,1,1,1,1,1,1,1,1,-1,1,-1,-1,1,1,-1,-1,0.011397050693631172
-1,1,-1,-1,1,1,1,1,1,1,1,1,1,-1,1,-1,-1,-1,1,-1,0.009912739507853985
-1,1,-1,-1,1,1,1,1,1,1,1,1,1,1,1,1,1,1,-1,1,0.010659921914339066
-1,1,-1,1,-1,-1,-1,-1,-1,-1,-1,1,-1,-1,1,1,-1,1,1,1,0.00832153856754303
-1,1,-1,1,-1,-1,-1,-1,-1,-1,-1,1,-1,-1,1,1,1,1,1,-1,0.009343843907117844
-1,1,-1,1,-1,-1,-1,-1,-1,-1,-1,1,1,1,1,1,-1,-1,-1,-1,0.007906642742455006
-1,1,-1,1,-1,-1,-1,-1,-1,-1,1,-1,1,-1,-1,-1,-1,-1,-1,-1,0.00946531631052494
-1,1,-1,1,-1,-1,-1,-1,-1,-1,1,-1,1,-1,-1,1,-1,-1,1,1,0.00872057769447565
-1,1,-1,1,-1,-1,-1,-1,-1,-1,1,1,-1,-1,1,-1,1,1,-1,-1,0.010315938852727413
-1,1,-1,1,-1,-1,-1,-1,-1,-1,1,1,1,-1,1,-1,1,-1,1,-1,0.009147458709776402
-1,1,-1,1,-1,-1,-1,-1,-1,1,-1,-1,-1,-1,-1,1,-1,-1,-1,-1,0.009579219855368137
-1,1,-1,1,-1,-1,-1,-1,-1,1,-1,-1,-1,1,-1,1,-1,-1,1,-1,0.008519235998392105
-1,1,-1,1,-1,-1,-1,-1,-1,1,1,-1,-1,-1,-1,1,-1,-1,1,1,0.009321626275777817
-1,1,-1,1,-1,-1,-1,-1,-1,1,1,1,-1,-1,1,1,-1,1,-1,-1,0.01010226085782051
-1,1,-1,1,-1,-1,-1,-1,-1,1,1,1,-1,1,-1,-1,1,-1,1,-1,0.009400750510394573
-1,1,-1,1,-1,-1,-1,-1,-1,1,1,1,1,-1,-1,1,1,1,-1,-1,0.01074306108057499
-1,1,-1,1,-1,-1,-1,-1,-1,1,1,1,1,1,-1,-1,-1,1,-1,1,0.009046793915331364
-1,1,-1,1,-1,-1,-1,-1,-1,1,1,1,1,1,1,-1,-1,-1,1,-1,0.008259819820523262
-1,1,-1,1,-1,-1,-1,-1,1,-1,-1,-1,-1,-1,-1,1,-1,-1,1,1,0.008231587707996368
-1,1,-1,1,-1,-1,-1,-1,1,-1,-1,-1,-1,-1,1,-1,-1,-1,1,1,0.007905382663011551
-1,1,-1,1,-1,-1,-1,-1,1,-1,-1,1,-1,-1,-1,1,-1,1,1,-1,0.008754546754062176
-1,1,-1,1,-1,-1,-1,-1,1,-1,-1,1,1,1,-1,-1,-1,-1,1,-1,0.007397056557238102
-1,1,-1,1,-1,-1,-1,-1,1,-1,-1,1,1,1,-1,1,-1,1,1,1,0.00757073238492012
-1,1,-1,1,-1,-1,-1,-1,1,-1,1,1,-1,-1,-1,1,-1,-1,1,-1,0.008907156065106392
-1,1,-1,1,-1,-1,-1,-1,1,-1,1,1,1,-1,1,1,-1,-1,1,-1,0.008429814130067825
-1,1,-1,1,-1,-1,-1,-1,1,1,-1,-1,-1,1,-1,1,-1,-1,-1,-1,0.008851203136146069
-1,1,-1,1,-1,-1,-1,-1,1,1,-1,-1,-1,1,1,1,-1,-1,-1,-1,0.008623926900327206
-1,1,-1,1,-1,-1,-1,-1,1,1,-1,-1,1,1,-1,1,1,1,-1,1,0.009339475072920322
-1,1,-1,1,-1,-1,-1,-1,1,1,-1,1,-1,1,-1,-1,1,-1,1,-1,0.008661694824695587
-1,1,-1,1,-1,-1,-1,-1,1,1,-1,1,-1,1,1,-1,-1,-1,-1,1,0.007897064089775085
-1,1,-1,1,-1,-1,-1,-1,1,1,-1,1,1,1,-1,1,-1,1,1,1,0.007921715267002583
-1,1,-1,1,-1,-1,-1,-1,1,1,1,-1,-1,-1,-1,-1,-1,-1,1,-1,0.00942843034863472
-1,1,-1,1,-1,-1,-1,-1,1,1,1,-1,1,-1,-1,1,1,-1,-1,-1,0.01042583305388689
-1,1,-1,1,-1,-1,-1,-1,1,1,1,-1,1,-1,1,-1,-1,1,-1,-1,0.009869502857327461
-1,1,-1,1,-1,-1,-1,-1,1,1,1,-1,1,1,-1,-1,1,-1,-1,-1,0.009751871228218079
-1,1,-1,1,-1,-1,-1,-1,1,1,1,1,-1,1,-1,1,-1,1,-1,1,0.00924280472099781
-1,1,-1,1,-1,-1,-1,-1,1,1,1,1,1,1,1,1,1,1,1,-1,0.009302816353738308
-1,1,-1,1,-1,-1,-1,1,-1,-1,-1,-1,-1,-1,-1,1,1,-1,-1,1,0.009283948689699173
-1,1,-1,1,-1,-1,-1,1,-1,-1,-1,1,-1,-1,-1,1,-1,-1,-1,1,0.008351140655577183
-1,1,-1,1,-1,-1,-1,1,-1,-1,-1,1,-1,-1,-1,1,1,1,1,1,0.008963242173194885
-1,1,-1,1,-1,-1,-1,1,-1,-1,1,-1,-1,-1,1,1,-1,-1,-1,1,0.00897915568202734
-1,1,-1,1,-1,-1,-1,1,-1,-1,1,-1,-1,1,-1,-1,-1,-1,1,1,0.00804752018302679
-1,1,-1,1,-1,-1,-1,1,-1,-1,1,-1,1,1,1,1,-1,-1,1,-1,0.008027821779251099
-1,1,-1,1,-1,-1,-1,1,-1,-1,1,1,1,-1,1,1,1,-1,-1,-1,0.009482176043093204
-1,1,-1,1,-1,-1,-1,1,-1,-1,1,1,1,1,-1,-1,1,-1,-1,1,0.008676774799823761
-1,1,-1,1,-1,-1,-1,1,-1,1,-1,-1,-1,-1,-1,1,1,1,-1,1,0.010068396106362343
-1,1,-1,1,-1,-1,-1,1,-1,1,-1,-1,-1,-1,1,1,1,1,1,1,0.009356169030070305
-1,1,-1,1,-1,-1,-1,1,-1,1,-1,-1,-1,1,-1,1,-1,-1,-1,-1,0.008755024522542953
-1,1,-1,1,-1,-1,-1,1,-1,1,-1,-1,1,-1,-1,-1,1,-1,1,-1,0.009159703738987446
-1,1,-1,1,-1,-1,-1,1,-1,1,-1,-1,1,-1,1,-1,1,1,1,-1,0.009365890175104141
-1,1,-1,1,-1,-1,-1,1,-1,1,-1,1,-1,-1,1,-1,1,1,1,-1,0.0093467365950346
-1,1,-1,1,-1,-1,-1,1,-1,1,-1,1,1,-1,1,1,-1,1,1,1,0.008173294365406036
-1,1,-1,1,-1,-1,-1,1,-1,1,1,-1,-1,-1,-1,1,1,1,1,-1,0.010528232902288437
-1,1,-1,1,-1,-1,-1,1,-1,1,1,-1,-1,1,-1,-1,-1,1,1,-1,0.009190681390464306
-1,1,-1,1,-1,-1,-1,1,-1,1,1,-1,1,-1,-1,1,-1,1,-1,-1,0.010099528357386589
-1,1,-1,1,-1,-1,-1,1,1,-1,-1,-1,-1,-1,1,-1,1,-1,-1,1,0.008804761804640293
-1,1,-1,1,-1,-1,-1,1,1,-1,-1,-1,1,-1,1,1,-1,1,-1,1,0.008423497900366783
-1,1,-1,1,-1,-1,-1,1,1,-1,-1,-1,1,1,-1,1,-1,-1,-1,1,0.007642277516424656
-1,1,-1,1,-1,-1,-1,1,1,-1,-1,1,-1,-1,-1,1,-1,1,-1,1,0.008631620556116104
-1,1,-1,1,-1,-1,-1,1,1,-1,-1,1,-1,1,-1,1,1,-1,1,1,0.007801762316375971
-1,1,-1,1,-1,-1,-1,1,1,-1,1,-1,-1,1,1,-1,1,1,-1,1,0.009249263443052769
-1,1,-1,1,-1,-1,-1,1,1,-1,1,-1,1,-1,1,-1,1,-1,-1,-1,0.009499483741819859
-1,1,-1,1,-1,-1,-1,1,1,-1,1,1,-1,1,-1,-1,1,-1,-1,-1,0.009132573381066322
-1,1,-1,1,-1,-1,-1,1,1,-1,1,1,1,-1,-1,1,-1,-1,-1,1,0.008534164167940617
-1,1,-1,1,-1,-1,-1,1,1,-1,1,1,1,1,1,-1,1,-1,-1,-1,0.008655231446027756
-1,1,-1,1,-1,-1,-1,1,1,-1,1,1,1,1,1,1,1,1,1,-1,0.008702671155333519
-1,1,-1,1,-1,-1,-1,1,1,1,-1,-1,1,-1,-1,-1,-1,1,-1,-1,0.009261544793844223
-1,1,-1,1,-1,-1,-1,1,1,1,-1,-1,1,1,-1,1,1,-1,1,-1,0.008530614897608757
-1,1,-1,1,-1,-1,-1,1,1,1,-1,-1,1,1,-1,1,1,-1,1,1,0.008171899244189262
-1,1,-1,1,-1,-1,-1,1,1,1,-1,1,1,1,-1,-1,1,1,1,-1,0.00859593041241169
-1,1,-1,1,-1,-1,-1,1,1,1,1,-1,1,-1,-1,1,-1,1,-1,1,0.009587829932570457
-1,1,-1,1,-1,-1,-1,1,1,1,1,-1,1,1,-1,1,1,1,-1,1,0.009676385670900345
-1,1,-1,1,-1,-1,-1,1,1,1,1,1,-1,1,-1,-1,1,-1,1,-1,0.00899860542267561
-1,1,-1,1,-1,-1,-1,1,1,1,1,1,1,-1,1,1,1,-1,-1,-1,0.00968017615377903
-1,1,-1,1,-1,-1,-1,1,1,1,1,1,1,1,1,-1,-1,-1,-1,-1,0.008342624641954899
-1,1,-1,1,-1,-1,1,-1,-1,-1,-1,-1,-1,1,-1,1,1,1,-1,1,0.009788095951080322
-1,1,-1,1,-1,-1,1,-1,-1,-1,-1,-1,-1,1,1,1,1,1,1,1,0.009075868874788284
-1,1,-1,1,-1,-1,1,-1,-1,-1,-1,-1,1,1,1,-1,-1,1,1,1,0.008063285611569881
-1,1,-1,1,-1,-1,1,-1,-1,-1,-1,1,-1,-1,1,-1,1,-1,1,-1,0.009208007715642452
-1,1,-1,1,-1,-1,1,-1,-1,-1,-1,1,-1,1,1,-1,1,1,-1,1,0.009192672558128834
-1,1,-1,1,-1,-1,1,-1,-1,-1,-1,1,1,1,1,-1,1,-1,1,-1,0.008382908068597317
-1,1,-1,1,-1,-1,1,-1,-1,-1,1,-1,1,1,-1,1,-1,1,1,1,0.008975562639534473
-1,1,-1,1,-1,-1,1,-1,-1,-1,1,1,-1,-1,-1,-1,-1,1,1,-1,0.009791229851543903
-1,1,-1,1,-1,-1,1,-1,-1,-1,1,1,-1,1,-1,1,-1,1,-1,1,0.009441359899938107
-1,1,-1,1,-1,-1,1,-1,-1,-1,1,1,1,1,1,1,-1,-1,-1,1,0.008530554361641407
-1,1,-1,1,-1,-1,1,-1,-1,1,-1,-1,-1,-1,1,-1,-1,-1,-1,-1,0.009649571031332016
-1,1,-1,1,-1,-1,1,-1,-1,1,-1,1,-1,-1,-1,-1,-1,1,1,-1,0.009556140750646591
-1,1,-1,1,-1,-1,1,-1,-1,1,-1,1,-1,-1,1,-1,1,-1,1,-1,0.009558990597724915
-1,1,-1,1,-1,-1,1,-1,-1,1,-1,1,-1,1,1,-1,1,-1,-1,-1,0.009468907490372658
-1,1,-1,1,-1,-1,1,-1,-1,1,-1,1,1,-1,-1,1,1,-1,-1,-1,0.010120079852640629
-1,1,-1,1,-1,-1,1,-1,-1,1,-1,1,1,1,-1,1,1,1,1,1,0.00913484301418066
-1,1,-1,1,-1,-1,1,-1,-1,1,1,-1,-1,-1,-1,1,-1,1,-1,1,0.010636596009135246
-1,1,-1,1,-1,-1,1,-1,-1,1,1,-1,-1,1,-1,-1,1,-1,1,-1,0.010066524147987366
-1,1,-1,1,-1,-1,1,-1,-1,1,1,-1,1,-1,1,1,1,1,1,1,0.010337892919778824
-1,1,-1,1,-1,-1,1,-1,-1,1,1,1,1,-1,-1,1,1,-1,1,-1,0.010221201926469803
-1,1,-1,1,-1,-1,1,-1,1,-1,-1,-1,-1,1,1,-1,1,1,-1,-1,0.009667623788118362
-1,1,-1,1,-1,-1,1,-1,1,-1,-1,-1,1,-1,1,1,1,1,-1,-1,0.01009151991456747
-1,1,-1,1,-1,-1,1,-1,1,-1,-1,-1,1,1,1,1,-1,-1,-1,-1,0.008419433608651161
-1,1,-1,1,-1,-1,1,-1,1,-1,1,-1,-1,-1,-1,-1,1,1,-1,-1,0.011056005954742432
-1,1,-1,1,-1,-1,1,-1,1,-1,1,-1,-1,-1,1,-1,-1,1,1,1,0.00932147353887558
-1,1,-1,1,-1,-1,1,-1,1,-1,1,1,-1,-1,-1,1,1,-1,-1,1,0.010093536227941513
-1,1,-1,1,-1,-1,1,-1,1,-1,1,1,-1,1,-1,-1,-1,1,-1,1,0.009189448319375515
-1,1,-1,1,-1,-1,1,-1,1,-1,1,1,1,-1,-1,1,1,1,1,1,0.009791983291506767
-1,1,-1,1,-1,-1,1,-1,1,-1,1,1,1,-1,1,1,1,-1,-1,-1,0.009974909946322441
-1,1,-1,1,-1,-1,1,-1,1,-1,1,1,1,1,-1,-1,1,-1,-1,-1,0.009528224356472492
-1,1,-1,1,-1,-1,1,-1,1,1,-1,-1,1,1,-1,1,1,1,-1,-1,0.010094745084643364
-1,1,-1,1,-1,-1,1,-1,1,1,-1,1,1,1,-1,-1,1,-1,-1,-1,0.00929313525557518
-1,1,-1,1,-1,-1,1,-1,1,1,1,-1,-1,1,1,1,-1,-1,-1,1,0.009247839450836182
-1,1,-1,1,-1,-1,1,-1,1,1,1,-1,1,1,-1,1,1,-1,-1,1,0.009888638742268085
-1,1,-1,1,-1,-1,1,-1,1,1,1,-1,1,1,1,-1,-1,-1,1,1,0.008413895033299923
-1,1,-1,1,-1,-1,1,-1,1,1,1,1,1,1,1,-1,-1,1,1,-1,0.00893685407936573
-1,1,-1,1,-1,-1,1,1,-1,-1,-1,-1,-1,-1,-1,-1,1,1,-1,1,0.010015039704740047
-1,1,-1,1,-1,-1,1,1,-1,-1,-1,-1,-1,1,-1,-1,-1,-1,-1,1,0.008342953398823738
-1,1,-1,1,-1,-1,1,1,-1,-1,1,-1,1,1,1,-1,-1,1,-1,-1,0.009243862703442574
-1,1,-1,1,-1,-1,1,1,-1,-1,1,1,1,-1,-1,-1,1,1,-1,-1,0.010440543293952942
-1,1,-1,1,-1,-1,1,1,-1,-1,1,1,1,-1,-1,1,-1,-1,-1,-1,0.00944241788238287
-1,1,-1,1,-1,-1,1,1,-1,-1,1,1,1,-1,1,-1,1,-1,1,1,0.008936136960983276
-1,1,-1,1,-1,-1,1,1,-1,-1,1,1,1,1,1,-1,-1,1,-1,-1,0.008974643424153328
-1,1,-1,1,-1,-1,1,1,-1,1,-1,1,-1,-1,1,-1,1,1,1,-1,0.00974329188466072
-1,1,-1,1,-1,-1,1,1,-1,1,-1,1,-1,-1,1,1,-1,-1,-1,-1,0.009230118244886398
-1,1,-1,1,-1,-1,1,1,-1,1,-1,1,-1,1,-1,-1,-1,1,-1,-1,0.009216896258294582
-1,1,-1,1,-1,-1,1,1,-1,1,1,-1,-1,-1,-1,-1,1,-1,1,-1,0.010392396710813046
-1,1,-1,1,-1,-1,1,1,-1,1,1,-1,1,1,1,1,-1,1,1,1,0.00885010790079832
-1,1,-1,1,-1,-1,1,1,-1,1,1,-1,1,1,1,1,1,1,-1,-1,0.010357363149523735
-1,1,-1,1,-1,-1,1,1,-1,1,1,1,-1,1,-1,-1,-1,-1,-1,1,0.009010789915919304
-1,1,-1,1,-1,-1,1,1,1,-1,-1,-1,-1,-1,-1,1,-1,1,-1,-1,0.009656110778450966
-1,1,-1,1,-1,-1,1,1,1,-1,-1,1,-1,1,1,1,1,1,1,1,0.008404504507780075
-1,1,-1,1,-1,-1,1,1,1,-1,1,-1,-1,1,1,1,1,1,-1,1,0.00974474661052227
-1,1,-1,1,-1,-1,1,1,1,-1,1,-1,1,-1,1,-1,-1,-1,-1,-1,0.009232450276613235
-1,1,-1,1,-1,-1,1,1,1,-1,1,-1,1,1,-1,-1,-1,-1,1,1,0.008041026070713997
-1,1,-1,1,-1,-1,1,1,1,1,-1,-1,-1,1,-1,-1,-1,-1,1,1,0.008056002669036388
-1,1,-1,1,-1,-1,1,1,1,1,-1,-1,-1,1,-1,1,-1,-1,1,-1,0.008513646200299263
-1,1,-1,1,-1,-1,1,1,1,1,-1,1,-1,1,1,1,1,-1,-1,-1,0.009165690280497074
-1,1,-1,1,-1,-1,1,1,1,1,1,-1,-1,1,1,1,-1,1,1,1,0.008947189897298813
-1,1,-1,1,-1,-1,1,1,1,1,1,-1,1,-1,1,1,-1,-1,1,1,0.008838694542646408
-1,1,-1,1,-1,-1,1,1,1,1,1,-1,1,1,1,1,1,1,1,-1,0.009719429537653923
-1,1,-1,1,-1,-1,1,1,1,1,1,1,-1,1,-1,1,-1,-1,1,-1,0.008830498903989792
-1,1,-1,1,-1,1,-1,-1,-1,-1,-1,-1,-1,-1,-1,1,1,-1,-1,1,0.009801104664802551
-1,1,-1,1,-1,1,-1,-1,-1,-1,-1,-1,-1,1,1,-1,-1,-1,1,-1,0.008110041730105877
-1,1,-1,1,-1,1,-1,-1,-1,-1,-1,-1,1,-1,-1,-1,-1,-1,1,1,0.008303570561110973
-1,1,-1,1,-1,1,-1,-1,-1,-1,-1,-1,1,-1,1,-1,-1,-1,-1,-1,0.00891996081918478
-1,1,-1,1,-1,1,-1,-1,-1,-1,-1,-1,1,1,1,1,-1,-1,-1,-1,0.008443855680525303
-1,1,-1,1,-1,1,-1,-1,-1,-1,-1,1,-1,-1,-1,1,-1,1,1,1,0.008816808462142944
-1,1,-1,1,-1,1,-1,-1,-1,-1,-1,1,-1,1,1,-1,-1,1,-1,-1,0.00875923689454794
-1,1,-1,1,-1,1,-1,-1,-1,-1,-1,1,1,-1,-1,1,1,1,1,1,0.00923033244907856
-1,1,-1,1,-1,1,-1,-1,-1,-1,-1,1,1,1,-1,1,-1,1,-1,1,0.008476660586893559
-1,1,-1,1,-1,1,-1,-1,-1,-1,1,-1,-1,-1,-1,-1,-1,-1,1,-1,0.00949842482805252
-1,1,-1,1,-1,1,-1,-1,-1,-1,1,-1,-1,1,1,-1,-1,1,1,-1,0.009129578247666359
-1,1,-1,1,-1,1,-1,-1,-1,-1,1,1,-1,-1,1,1,-1,-1,-1,-1,0.009585808031260967
-1,1,-1,1,-1,1,-1,-1,-1,-1,1,1,-1,1,-1,1,-1,-1,1,-1,0.008753099478781223
-1,1,-1,1,-1,1,-1,-1,-1,-1,1,1,1,-1,-1,-1,-1,-1,1,1,0.008620424196124077
-1,1,-1,1,-1,1,-1,-1,-1,1,-1,-1,1,-1,1,-1,1,1,1,-1,0.00988304615020752
-1,1,-1,1,-1,1,-1,-1,-1,1,-1,1,1,-1,1,1,-1,-1,1,1,0.008256986737251282
-1,1,-1,1,-1,1,-1,-1,-1,1,-1,1,1,1,1,-1,-1,1,1,-1,0.008375204168260098
-1,1,-1,1,-1,1,-1,-1,-1,1,1,-1,1,-1,1,1,1,-1,1,1,0.009775867685675621
-1,1,-1,1,-1,1,-1,-1,-1,1,1,-1,1,1,-1,1,-1,1,-1,1,0.009682934731245041
-1,1,-1,1,-1,1,-1,-1,-1,1,1,1,-1,1,1,1,-1,1,-1,1,0.009436504915356636
-1,1,-1,1,-1,1,-1,-1,1,-1,-1,-1,1,-1,-1,1,1,-1,1,1,0.008913104422390461
-1,1,-1,1,-1,1,-1,-1,1,-1,-1,-1,1,-1,1,-1,-1,1,1,-1,0.008715489879250526
-1,1,-1,1,-1,1,-1,-1,1,-1,-1,1,-1,1,-1,-1,1,1,-1,1,0.009138403460383415
-1,1,-1,1,-1,1,-1,-1,1,-1,1,-1,1,-1,-1,-1,1,1,-1,1,0.010318663902580738
-1,1,-1,1,-1,1,-1,-1,1,-1,1,-1,1,-1,-1,-1,1,1,1,-1,0.010192427784204483
-1,1,-1,1,-1,1,-1,-1,1,-1,1,-1,1,1,-1,1,-1,1,-1,1,0.009178968146443367
-1,1,-1,1,-1,1,-1,-1,1,-1,1,1,-1,-1,-1,1,-1,-1,1,1,0.008816434070467949
-1,1,-1,1,-1,1,-1,-1,1,1,-1,1,1,1,-1,-1,-1,-1,-1,1,0.008142269216477871
-1,1,-1,1,-1,1,-1,-1,1,1,1,-1,-1,1,-1,1,-1,-1,-1,1,0.009346554055809975
-1,1,-1,1,-1,1,-1,-1,1,1,1,-1,1,1,1,-1,-1,1,1,-1,0.009077511727809906
-1,1,-1,1,-1,1,-1,-1,1,1,1,1,-1,-1,1,-1,1,-1,1,-1,0.009863518178462982
-1,1,-1,1,-1,1,-1,-1,1,1,1,1,-1,1,-1,-1,-1,-1,1,1,0.008493456058204174
-1,1,-1,1,-1,1,-1,-1,1,1,1,1,-1,1,1,1,1,1,1,-1,0.009820875711739063
-1,1,-1,1,-1,1,-1,-1,1,1,1,1,1,1,-1,1,1,-1,-1,1,0.009490858763456345
-1,1,-1,1,-1,1,-1,1,-1,-1,-1,-1,1,-1,1,-1,1,-1,1,-1,0.008849438279867172
-1,1,-1,1,-1,1,-1,1,-1,-1,-1,1,-1,1,1,-1,-1,-1,1,1,0.007232945878058672
-1,1,-1,1,-1,1,-1,1,-1,-1,-1,1,1,-1,1,1,1,1,1,1,0.008753894828259945
-1,1,-1,1,-1,1,-1,1,-1,-1,1,-1,1,-1,-1,-1,-1,-1,-1,-1,0.009484147652983665
-1,1,-1,1,-1,1,-1,1,-1,-1,1,-1,1,-1,-1,-1,-1,-1,-1,1,0.009125432930886745
-1,1,-1,1,-1,1,-1,1,-1,-1,1,-1,1,-1,1,1,1,1,-1,-1,0.010452852584421635
-1,1,-1,1,-1,1,-1,1,-1,-1,1,-1,1,1,1,1,1,-1,-1,-1,0.009444355964660645
-1,1,-1,1,-1,1,-1,1,-1,-1,1,1,1,-1,-1,-1,-1,1,1,-1,0.009163441136479378
-1,1,-1,1,-1,1,-1,1,-1,1,-1,-1,-1,1,-1,1,-1,1,-1,-1,0.009456481784582138
-1,1,-1,1,-1,1,-1,1,-1,1,-1,-1,1,1,1,1,1,1,-1,-1,0.00964272953569889
-1,1,-1,1,-1,1,-1,1,-1,1,-1,1,1,-1,-1,-1,1,1,-1,1,0.009718176908791065
-1,1,-1,1,-1,1,-1,1,-1,1,-1,1,1,-1,1,1,-1,-1,1,-1,0.008366541005671024
-1,1,-1,1,-1,1,-1,1,-1,1,-1,1,1,1,-1,1,-1,1,-1,-1,0.008937197737395763
-1,1,-1,1,-1,1,-1,1,-1,1,1,-1,-1,-1,-1,-1,-1,1,1,-1,0.01003370899707079
-1,1,-1,1,-1,1,-1,1,-1,1,1,-1,-1,-1,-1,-1,1,1,1,1,0.010338583029806614
-1,1,-1,1,-1,1,-1,1,-1,1,1,-1,-1,1,-1,1,1,-1,-1,1,0.009913965128362179
-1,1,-1,1,-1,1,-1,1,-1,1,1,-1,1,1,-1,-1,-1,1,1,1,0.008849894627928734
-1,1,-1,1,-1,1,-1,1,-1,1,1,1,-1,-1,1,1,-1,-1,1,1,0.008843963034451008
-1,1,-1,1,-1,1,-1,1,-1,1,1,1,-1,1,1,-1,-1,1,-1,-1,0.009447131305932999
-1,1,-1,1,-1,1,-1,1,-1,1,1,1,1,-1,1,-1,-1,1,-1,1,0.009413383901119232
-1,1,-1,1,-1,1,-1,1,-1,1,1,1,1,1,1,-1,-1,-1,1,1,0.007919935509562492
-1,1,-1,1,-1,1,-1,1,-1,1,1,1,1,1,1,-1,1,1,-1,1,0.00950193963944912
-1,1,-1,1,-1,1,-1,1,-1,1,1,1,1,1,1,1,-1,-1,-1,1,0.008503815159201622
-1,1,-1,1,-1,1,-1,1,1,-1,-1,-1,-1,-1,-1,-1,1,-1,1,-1,0.009173796512186527
-1,1,-1,1,-1,1,-1,1,1,-1,-1,-1,-1,-1,-1,-1,1,1,-1,1,0.00973349530249834
-1,1,-1,1,-1,1,-1,1,1,-1,-1,-1,-1,1,-1,-1,-1,-1,1,1,0.007576457690447569
-1,1,-1,1,-1,1,-1,1,1,-1,-1,-1,1,-1,-1,1,-1,-1,-1,1,0.00848530512303114
-1,1,-1,1,-1,1,-1,1,1,-1,-1,-1,1,-1,1,1,1,-1,-1,1,0.008921617642045021
-1,1,-1,1,-1,1,-1,1,1,-1,-1,-1,1,1,-1,-1,1,-1,1,-1,0.008348696865141392
-1,1,-1,1,-1,1,-1,1,1,-1,-1,1,1,1,1,-1,-1,1,-1,1,0.007748311385512352
-1,1,-1,1,-1,1,-1,1,1,-1,1,-1,-1,1,1,-1,-1,1,-1,1,0.008853668347001076
-1,1,-1,1,-1,1,-1,1,1,-1,1,1,-1,1,1,-1,1,1,1,-1,0.009121802635490894
-1,1,-1,1,-1,1,-1,1,1,-1,1,1,1,-1,-1,-1,-1,-1,-1,1,0.008703229948878288
-1,1,-1,1,-1,1,-1,1,1,1,-1,-1,-1,1,-1,1,-1,-1,-1,1,0.008511319756507874
-1,1,-1,1,-1,1,-1,1,1,1,-1,-1,-1,1,1,1,-1,1,1,1,0.008232556283473969
-1,1,-1,1,-1,1,-1,1,1,1,-1,-1,-1,1,1,1,1,1,1,1,0.008896145038306713
-1,1,-1,1,-1,1,-1,1,1,1,-1,-1,1,1,1,-1,1,1,-1,-1,0.0093908179551363
-1,1,-1,1,-1,1,-1,1,1,1,-1,1,1,-1,1,-1,1,1,-1,-1,0.009696632623672485
-1,1,-1,1,-1,1,-1,1,1,1,-1,1,1,1,-1,-1,1,1,-1,-1,0.009348875842988491
-1,1,-1,1,-1,1,-1,1,1,1,1,-1,1,-1,1,-1,-1,-1,-1,1,0.009096155874431133
-1,1,-1,1,-1,1,-1,1,1,1,1,-1,1,1,-1,-1,1,-1,1,-1,0.009285752661526203
-1,1,-1,1,-1,1,-1,1,1,1,1,1,1,-1,-1,1,-1,-1,-1,-1,0.009511856362223625
-1,1,-1,1,-1,1,1,-1,-1,-1,-1,-1,-1,1,1,1,1,-1,-1,-1,0.009754065424203873
-1,1,-1,1,-1,1,1,-1,-1,-1,-1,-1,1,-1,-1,-1,-1,1,-1,-1,0.009977255947887897
-1,1,-1,1,-1,1,1,-1,-1,-1,-1,-1,1,-1,-1,1,1,-1,1,-1,0.009821359068155289
-1,1,-1,1,-1,1,1,-1,-1,-1,-1,-1,1,-1,1,-1,1,-1,-1,-1,0.00998010579496622
-1,1,-1,1,-1,1,1,-1,-1,-1,-1,-1,1,1,-1,-1,-1,1,-1,-1,0.009402222000062466
-1,1,-1,1,-1,1,1,-1,-1,-1,-1,1,-1,-1,-1,-1,-1,-1,1,1,0.008680972270667553
-1,1,-1,1,-1,1,1,-1,-1,-1,-1,1,-1,-1,1,-1,1,-1,-1,-1,0.009960952214896679
-1,1,-1,1,-1,1,1,-1,-1,-1,-1,1,1,-1,1,-1,1,-1,1,-1,0.0092259356752038
-1,1,-1,1,-1,1,1,-1,-1,-1,1,-1,-1,1,-1,1,1,-1,-1,-1,0.01056741364300251
-1,1,-1,1,-1,1,1,-1,-1,-1,1,-1,1,-1,1,-1,1,-1,-1,1,0.0102074621245265
-1,1,-1,1,-1,1,1,-1,-1,-1,1,-1,1,1,1,-1,1,-1,-1,-1,0.009991144761443138
-1,1,-1,1,-1,1,1,-1,-1,-1,1,1,-1,1,-1,-1,-1,-1,1,1,0.00869201123714447
-1,1,-1,1,-1,1,1,-1,-1,-1,1,1,-1,1,-1,-1,1,1,1,-1,0.010147779248654842
-1,1,-1,1,-1,1,1,-1,-1,-1,1,1,1,-1,-1,-1,1,1,1,1,0.010114031843841076
-1,1,-1,1,-1,1,1,-1,-1,-1,1,1,1,-1,-1,1,-1,1,1,1,0.009549370966851711
-1,1,-1,1,-1,1,1,-1,-1,-1,1,1,1,-1,1,-1,-1,-1,1,1,0.008789703249931335
-1,1,-1,1,-1,1,1,-1,-1,-1,1,1,1,1,1,1,-1,-1,1,-1,0.008672312833368778
-1,1,-1,1,-1,1,1,-1,-1,-1,1,1,1,1,1,1,-1,1,-1,-1,0.009590727277100086
-1,1,-1,1,-1,1,1,-1,-1,1,-1,-1,-1,-1,1,-1,1,1,1,1,0.01017095148563385
-1,1,-1,1,-1,1,1,-1,-1,1,-1,-1,1,1,-1,1,-1,1,1,-1,0.009367181919515133
-1,1,-1,1,-1,1,1,-1,-1,1,-1,-1,1,1,1,1,1,-1,1,-1,0.009370031766593456
-1,1,-1,1,-1,1,1,-1,-1,1,-1,1,-1,-1,-1,-1,-1,-1,1,-1,0.00939067080616951
-1,1,-1,1,-1,1,1,-1,-1,1,-1,1,-1,-1,1,-1,1,1,1,1,0.009901732206344604
-1,1,-1,1,-1,1,1,-1,-1,1,-1,1,-1,1,-1,1,-1,-1,1,1,0.008555850014090538
-1,1,-1,1,-1,1,1,-1,-1,1,1,-1,-1,1,1,-1,-1,-1,-1,1,0.00956988800317049
-1,1,-1,1,-1,1,1,-1,-1,1,1,-1,1,-1,-1,1,-1,-1,-1,1,0.010221060365438461
-1,1,-1,1,-1,1,1,-1,-1,1,1,1,-1,-1,1,-1,1,1,-1,-1,0.011331470683217049
-1,1,-1,1,-1,1,1,-1,-1,1,1,1,1,-1,1,-1,-1,-1,-1,-1,0.009984352625906467
-1,1,-1,1,-1,1,1,-1,-1,1,1,1,1,-1,1,1,1,-1,1,-1,0.010261919349431992
-1,1,-1,1,-1,1,1,-1,1,-1,-1,1,-1,-1,-1,-1,-1,1,-1,-1,0.009805118665099144
-1,1,-1,1,-1,1,1,-1,1,-1,-1,1,-1,-1,1,1,1,-1,-1,1,0.009548180736601353
-1,1,-1,1,-1,1,1,-1,1,-1,1,-1,-1,-1,-1,1,1,1,-1,1,0.011064211837947369
-1,1,-1,1,-1,1,1,-1,1,-1,1,1,1,-1,1,-1,-1,-1,1,-1,0.008995435200631618
-1,1,-1,1,-1,1,1,-1,1,-1,1,1,1,1,-1,-1,-1,-1,1,-1,0.00864767748862505
-1,1,-1,1,-1,1,1,-1,1,-1,1,1,1,1,-1,1,-1,1,1,1,0.008821353316307068
-1,1,-1,1,-1,1,1,-1,1,-1,1,1,1,1,1,1,1,1,1,-1,0.009616382420063019
-1,1,-1,1,-1,1,1,-1,1,1,-1,-1,-1,-1,1,-1,-1,-1,-1,-1,0.00976458191871643
-1,1,-1,1,-1,1,1,-1,1,1,-1,-1,-1,1,1,1,-1,1,1,1,0.008878272958099842
-1,1,-1,1,-1,1,1,-1,1,1,-1,-1,1,-1,-1,1,-1,-1,1,1,0.0089970538392663
-1,1,-1,1,-1,1,1,-1,1,1,-1,-1,1,1,1,-1,-1,-1,1,-1,0.00845453143119812
-1,1,-1,1,-1,1,1,-1,1,1,-1,-1,1,1,1,1,-1,1,1,1,0.008628207258880138
-1,1,-1,1,-1,1,1,-1,1,1,-1,1,-1,-1,-1,1,1,-1,-1,1,0.010126440785825253
-1,1,-1,1,-1,1,1,-1,1,1,-1,1,-1,-1,1,1,1,1,-1,-1,0.010691342875361443
-1,1,-1,1,-1,1,1,-1,1,1,1,-1,-1,1,1,1,1,1,-1,-1,0.010971601121127605
-1,1,-1,1,-1,1,1,-1,1,1,1,-1,1,-1,-1,1,-1,-1,-1,1,0.010068077594041824
-1,1,-1,1,-1,1,1,-1,1,1,1,-1,1,-1,1,-1,1,1,1,-1,0.010712690651416779
-1,1,-1,1,-1,1,1,-1,1,1,1,1,-1,-1,1,1,1,1,-1,1,0.010918700136244297
-1,1,-1,1,-1,1,1,1,-1,-1,-1,-1,-1,1,1,1,-1,1,-1,1,0.00891606230288744
-1,1,-1,1,-1,1,1,1,-1,-1,-1,-1,1,-1,1,1,1,-1,-1,1,0.009471156634390354
-1,1,-1,1,-1,1,1,1,-1,-1,-1,-1,1,-1,1,1,1,-1,1,1,0.008986205793917179
-1,1,-1,1,-1,1,1,1,-1,-1,-1,1,-1,1,1,-1,1,-1,1,1,0.008293090388178825
-1,1,-1,1,-1,1,1,1,-1,-1,-1,1,-1,1,1,1,-1,1,-1,-1,0.009005558677017689
-1,1,-1,1,-1,1,1,1,-1,-1,-1,1,1,1,1,-1,1,1,-1,1,0.00896143913269043
-1,1,-1,1,-1,1,1,1,-1,-1,1,-1,-1,-1,-1,1,-1,-1,-1,1,0.009870980866253376
-1,1,-1,1,-1,1,1,1,-1,-1,1,-1,1,-1,1,-1,1,1,-1,-1,0.010750479996204376
-1,1,-1,1,-1,1,1,1,-1,-1,1,-1,1,1,1,-1,-1,-1,1,-1,0.008593441918492317
-1,1,-1,1,-1,1,1,1,-1,-1,1,1,1,-1,1,-1,-1,-1,-1,-1,0.009384207427501678
-1,1,-1,1,-1,1,1,1,-1,-1,1,1,1,-1,1,-1,-1,1,1,1,0.008974004536867142
-1,1,-1,1,-1,1,1,1,-1,1,-1,-1,-1,-1,-1,1,-1,1,-1,-1,0.010428071022033691
-1,1,-1,1,-1,1,1,1,-1,1,-1,-1,1,1,-1,-1,-1,-1,-1,-1,0.009070579893887043
-1,1,-1,1,-1,1,1,1,-1,1,-1,-1,1,1,-1,-1,-1,-1,1,1,0.008226914331316948
-1,1,-1,1,-1,1,1,1,-1,1,-1,1,1,-1,-1,-1,-1,1,1,-1,0.009324907325208187
-1,1,-1,1,-1,1,1,1,-1,1,1,-1,1,1,-1,-1,-1,-1,1,-1,0.009171701967716217
-1,1,-1,1,-1,1,1,1,-1,1,1,-1,1,1,1,1,1,-1,1,1,0.009348227642476559
-1,1,-1,1,-1,1,1,1,-1,1,1,1,1,-1,-1,1,-1,-1,1,1,0.009217728860676289
-1,1,-1,1,-1,1,1,1,-1,1,1,1,1,-1,1,-1,-1,1,-1,1,0.009809939190745354
-1,1,-1,1,-1,1,1,1,-1,1,1,1,1,-1,1,1,1,-1,-1,1,0.01013899315148592
-1,1,-1,1,-1,1,1,1,1,-1,-1,-1,-1,-1,-1,-1,1,-1,1,1,0.009211636148393154
-1,1,-1,1,-1,1,1,1,1,-1,-1,-1,1,1,-1,-1,-1,-1,1,-1,0.008081662468612194
-1,1,-1,1,-1,1,1,1,1,-1,-1,1,-1,1,1,1,1,-1,1,-1,0.008597750216722488
-1,1,-1,1,-1,1,1,1,1,-1,-1,1,1,-1,-1,1,-1,-1,1,1,0.008127689361572266
-1,1,-1,1,-1,1,1,1,1,-1,1,-1,-1,-1,1,-1,-1,-1,1,1,0.008906843140721321
-1,1,-1,1,-1,1,1,1,1,-1,1,-1,1,1,-1,1,1,1,1,1,0.009504999965429306
-1,1,-1,1,-1,1,1,1,1,-1,1,1,-1,-1,1,-1,-1,-1,-1,1,0.00912257470190525
-1,1,-1,1,-1,1,1,1,1,-1,1,1,-1,1,1,-1,1,-1,-1,1,0.009211130440235138
-1,1,-1,1,-1,1,1,1,1,-1,1,1,1,-1,-1,-1,1,-1,1,1,0.009278424084186554
-1,1,-1,1,-1,1,1,1,1,-1,1,1,1,1,-1,1,1,-1,-1,1,0.009287268854677677
-1,1,-1,1,-1,1,1,1,1,1,-1,-1,-1,-1,-1,-1,1,1,1,1,0.00999608263373375
-1,1,-1,1,-1,1,1,1,1,1,-1,-1,1,-1,1,-1,1,-1,-1,-1,0.00992894358932972
-1,1,-1,1,-1,1,1,1,1,1,-1,-1,1,1,1,-1,1,-1,-1,-1,0.009353909641504288
-1,1,-1,1,-1,1,1,1,1,1,-1,1,-1,-1,-1,-1,-1,1,1,1,0.009063273668289185
-1,1,-1,1,-1,1,1,1,1,1,-1,1,-1,-1,-1,-1,1,-1,-1,-1,0.01013706624507904
-1,1,-1,1,-1,1,1,1,1,1,-1,1,-1,-1,1,-1,1,1,-1,-1,0.01034325361251831
-1,1,-1,1,-1,1,1,1,1,1,-1,1,1,-1,1,-1,1,-1,-1,1,0.009301009587943554
-1,1,-1,1,-1,1,1,1,1,1,-1,1,1,1,1,-1,1,1,-1,-1,0.009518153965473175
-1,1,-1,1,1,-1,-1,-1,-1,-1,-1,-1,1,-1,-1,-1,-1,1,1,-1,0.009510516189038754
-1,1,-1,1,1,-1,-1,-1,-1,-1,-1,-1,1,-1,-1,-1,1,1,-1,-1,0.010659056715667248
-1,1,-1,1,1,-1,-1,-1,-1,-1,1,-1,-1,-1,-1,1,-1,-1,-1,-1,0.010497069917619228
-1,1,-1,1,1,-1,-1,-1,-1,-1,1,-1,-1,1,-1,1,-1,1,-1,-1,0.01035549957305193
-1,1,-1,1,1,-1,-1,-1,-1,-1,1,-1,-1,1,1,-1,-1,1,1,-1,0.009544344618916512
-1,1,-1,1,1,-1,-1,-1,-1,-1,1,1,-1,-1,-1,-1,1,1,1,1,0.010382309556007385
-1,1,-1,1,1,-1,-1,-1,-1,-1,1,1,-1,1,1,1,-1,-1,-1,-1,0.009425540454685688
-1,1,-1,1,1,-1,-1,-1,-1,-1,1,1,-1,1,1,1,1,1,1,1,0.00967892725020647
-1,1,-1,1,1,-1,-1,-1,-1,-1,1,1,1,-1,1,-1,-1,1,-1,-1,0.010085044428706169
-1,1,-1,1,1,-1,-1,-1,-1,-1,1,1,1,-1,1,-1,1,-1,-1,-1,0.010315170511603355
-1,1,-1,1,1,-1,-1,-1,-1,1,-1,-1,-1,-1,1,1,-1,-1,-1,1,0.009675988927483559
-1,1,-1,1,1,-1,-1,-1,-1,1,-1,-1,-1,1,-1,1,1,-1,1,1,0.009506870061159134
-1,1,-1,1,1,-1,-1,-1,-1,1,-1,-1,1,-1,1,-1,-1,-1,1,1,0.0088420445099473
-1,1,-1,1,1,-1,-1,-1,-1,1,-1,-1,1,-1,1,1,1,-1,-1,-1,0.010448228567838669
-1,1,-1,1,1,-1,-1,-1,-1,1,-1,1,-1,-1,1,1,1,1,1,1,0.010018871165812016
-1,1,-1,1,1,-1,-1,-1,-1,1,-1,1,1,1,-1,1,-1,-1,1,-1,0.00868271104991436
-1,1,-1,1,1,-1,-1,-1,-1,1,1,-1,-1,1,-1,-1,1,-1,1,-1,0.010352729819715023
-1,1,-1,1,1,-1,-1,-1,1,-1,-1,-1,-1,-1,1,1,-1,-1,1,1,0.00868707150220871
-1,1,-1,1,1,-1,-1,-1,1,-1,-1,-1,1,1,1,1,-1,1,1,1,0.008295435458421707
-1,1,-1,1,1,-1,-1,-1,1,-1,-1,1,-1,-1,-1,-1,-1,1,1,-1,0.00933837890625
-1,1,-1,1,1,-1,-1,-1,1,-1,-1,1,-1,-1,1,1,1,-1,-1,1,0.009566392749547958
-1,1,-1,1,1,-1,-1,-1,1,-1,1,-1,1,-1,-1,1,1,1,1,1,0.010347407311201096
-1,1,-1,1,1,-1,-1,-1,1,-1,1,-1,1,1,1,-1,1,-1,1,-1,0.009371421299874783
-1,1,-1,1,1,-1,-1,-1,1,-1,1,1,-1,-1,-1,1,1,-1,1,-1,0.010253505781292915
-1,1,-1,1,1,-1,-1,-1,1,-1,1,1,1,1,-1,-1,1,1,-1,-1,0.010247892700135708
-1,1,-1,1,1,-1,-1,-1,1,-1,1,1,1,1,-1,1,1,-1,-1,-1,0.009913356974720955
-1,1,-1,1,1,-1,-1,-1,1,1,-1,1,-1,1,-1,1,-1,-1,1,1,0.008421078324317932
-1,1,-1,1,1,-1,-1,-1,1,1,-1,1,1,1,1,-1,-1,1,-1,1,0.008763222955167294
-1,1,-1,1,1,-1,-1,-1,1,1,1,-1,-1,-1,1,-1,1,1,1,1,0.010622251778841019
-1,1,-1,1,1,-1,-1,-1,1,1,1,-1,1,-1,-1,1,1,1,-1,1,0.011183341033756733
-1,1,-1,1,1,-1,-1,-1,1,1,1,-1,1,1,1,1,1,1,-1,1,0.010381031781435013
-1,1,-1,1,1,-1,-1,-1,1,1,1,1,-1,-1,1,-1,1,-1,1,-1,0.010278284549713135
-1,1,-1,1,1,-1,-1,-1,1,1,1,1,-1,1,1,1,-1,1,1,1,0.009213337674736977
-1,1,-1,1,1,-1,-1,1,-1,-1,-1,-1,-1,-1,1,-1,-1,1,1,-1,0.009284144267439842
-1,1,-1,1,1,-1,-1,1,-1,-1,-1,-1,-1,-1,1,-1,1,-1,1,1,0.009155554696917534
-1,1,-1,1,1,-1,-1,1,-1,-1,-1,-1,1,1,-1,1,-1,-1,1,-1,0.008351786062121391
-1,1,-1,1,1,-1,-1,1,-1,-1,-1,1,-1,-1,1,-1,1,-1,1,1,0.008886335417628288
-1,1,-1,1,1,-1,-1,1,-1,-1,-1,1,-1,-1,1,1,-1,-1,1,-1,0.008680389262735844
-1,1,-1,1,1,-1,-1,1,-1,-1,-1,1,1,1,1,-1,-1,-1,1,1,0.007397647015750408
-1,1,-1,1,1,-1,-1,1,-1,-1,-1,1,1,1,1,-1,1,-1,1,1,0.008061235770583153
-1,1,-1,1,1,-1,-1,1,-1,-1,1,-1,1,1,-1,1,-1,1,1,-1,0.009371321648359299
-1,1,-1,1,1,-1,-1,1,-1,-1,1,1,-1,-1,-1,-1,1,-1,1,1,0.009699683636426926
-1,1,-1,1,1,-1,-1,1,-1,-1,1,1,1,1,-1,1,-1,-1,1,-1,0.00866863876581192
-1,1,-1,1,1,-1,-1,1,-1,1,-1,-1,1,1,1,1,1,1,-1,-1,0.010057495906949043
-1,1,-1,1,1,-1,-1,1,-1,1,-1,1,-1,-1,-1,-1,-1,1,-1,1,0.009719419293105602
-1,1,-1,1,1,-1,-1,1,-1,1,-1,1,-1,-1,-1,1,-1,-1,-1,1,0.009384884499013424
-1,1,-1,1,1,-1,-1,1,-1,1,-1,1,-1,1,-1,-1,1,1,1,-1,0.00968173984438181
-1,1,-1,1,1,-1,-1,1,-1,1,1,-1,-1,-1,1,-1,-1,1,1,1,0.009862484410405159
-1,1,-1,1,1,-1,-1,1,-1,1,1,-1,1,-1,-1,1,-1,1,-1,-1,0.010782289318740368
-1,1,-1,1,1,-1,-1,1,-1,1,1,-1,1,1,1,1,-1,1,-1,1,0.009621263481676579
-1,1,-1,1,1,-1,-1,1,-1,1,1,1,-1,1,-1,-1,-1,-1,-1,1,0.009296994656324387
-1,1,-1,1,1,-1,-1,1,-1,1,1,1,1,-1,1,1,-1,-1,1,-1,0.009367379359900951
-1,1,-1,1,1,-1,-1,1,-1,1,1,1,1,1,-1,-1,-1,-1,1,-1,0.008920693770051003
-1,1,-1,1,1,-1,-1,1,-1,1,1,1,1,1,1,-1,1,-1,1,1,0.008998291566967964
-1,1,-1,1,1,-1,-1,1,1,-1,-1,-1,-1,-1,1,1,-1,1,1,-1,0.00923008844256401
-1,1,-1,1,1,-1,-1,1,1,-1,-1,1,1,1,-1,1,-1,-1,1,1,0.0075708674266934395
-1,1,-1,1,1,-1,-1,1,1,-1,-1,1,1,1,1,1,-1,1,1,-1,0.008135770447552204
-1,1,-1,1,1,-1,-1,1,1,-1,1,-1,1,-1,1,1,-1,-1,-1,1,0.009258867241442204
-1,1,-1,1,1,-1,-1,1,1,-1,1,1,1,-1,-1,1,-1,-1,-1,1,0.00921692419797182
-1,1,-1,1,1,-1,-1,1,1,1,-1,1,1,-1,-1,-1,1,1,1,1,0.009495008736848831
-1,1,-1,1,1,-1,-1,1,1,1,-1,1,1,-1,1,1,1,1,-1,-1,0.010210327804088593
-1,1,-1,1,1,-1,-1,1,1,1,1,-1,-1,1,1,1,-1,1,-1,1,0.00971834547817707
-1,1,-1,1,1,-1,-1,1,1,1,1,1,-1,-1,-1,1,-1,1,1,-1,0.01012520119547844
-1,1,-1,1,1,-1,-1,1,1,1,1,1,-1,1,-1,-1,-1,1,-1,-1,0.009936190210282803
-1,1,-1,1,1,-1,-1,1,1,1,1,1,1,-1,1,1,-1,-1,-1,-1,0.00969934742897749
-1,1,-1,1,1,-1,-1,1,1,1,1,1,1,1,-1,1,-1,1,1,1,0.008941386826336384
-1,1,-1,1,1,-1,-1,1,1,1,1,1,1,1,1,1,1,1,1,1,0.009377699345350266
-1,1,-1,1,1,-1,1,-1,-1,-1,-1,-1,-1,-1,1,-1,1,1,-1,1,0.010719685815274715
-1,1,-1,1,1,-1,1,-1,-1,-1,-1,-1,1,-1,1,1,1,1,1,-1,0.010442312806844711
-1,1,-1,1,1,-1,1,-1,-1,-1,-1,-1,1,1,-1,-1,-1,-1,-1,-1,0.00938352569937706
-1,1,-1,1,1,-1,1,-1,-1,-1,-1,1,-1,1,-1,1,1,-1,-1,1,0.009768173098564148
-1,1,-1,1,1,-1,1,-1,-1,-1,1,1,-1,1,-1,-1,1,1,-1,-1,0.01104749646037817
-1,1,-1,1,1,-1,1,-1,-1,-1,1,1,-1,1,-1,1,1,-1,1,-1,0.010228010825812817
-1,1,-1,1,1,-1,1,-1,-1,1,-1,-1,-1,1,-1,1,-1,1,1,-1,0.01003201398998499
-1,1,-1,1,1,-1,1,-1,-1,1,-1,-1,-1,1,1,1,-1,1,1,1,0.009446023032069206
-1,1,-1,1,1,-1,1,-1,-1,1,-1,-1,1,-1,-1,-1,-1,-1,-1,-1,0.010309542529284954
-1,1,-1,1,1,-1,1,-1,-1,1,-1,1,-1,-1,1,-1,1,-1,-1,1,0.0103679858148098
-1,1,-1,1,1,-1,1,-1,-1,1,-1,1,1,-1,1,1,1,1,1,1,0.010165360756218433
-1,1,-1,1,1,-1,1,-1,-1,1,-1,1,1,1,1,-1,-1,1,-1,1,0.009312761016190052
-1,1,-1,1,1,-1,1,-1,-1,1,1,-1,-1,1,-1,1,-1,-1,1,-1,0.010184623301029205
-1,1,-1,1,1,-1,1,-1,-1,1,1,-1,-1,1,-1,1,1,-1,-1,-1,0.0113331638276577
-1,1,-1,1,1,-1,1,-1,-1,1,1,1,-1,1,-1,-1,1,1,1,1,0.010554813779890537
-1,1,-1,1,1,-1,1,-1,-1,1,1,1,1,-1,1,-1,-1,-1,-1,-1,0.010399119928479195
-1,1,-1,1,1,-1,1,-1,-1,1,1,1,1,1,1,-1,-1,-1,1,-1,0.009339135140180588
-1,1,-1,1,1,-1,1,-1,1,-1,-1,-1,1,-1,-1,-1,-1,1,-1,-1,0.010239038616418839
-1,1,-1,1,1,-1,1,-1,1,-1,-1,1,-1,-1,-1,1,1,1,1,-1,0.01049745175987482
-1,1,-1,1,1,-1,1,-1,1,-1,-1,1,1,1,-1,1,-1,-1,-1,-1,0.009060250595211983
-1,1,-1,1,1,-1,1,-1,1,-1,-1,1,1,1,1,1,-1,1,1,1,0.008422771468758583
-1,1,-1,1,1,-1,1,-1,1,-1,1,-1,1,-1,-1,-1,-1,-1,-1,1,0.01003293227404356
-1,1,-1,1,1,-1,1,-1,1,-1,1,-1,1,-1,-1,1,-1,1,-1,-1,0.010924039408564568
-1,1,-1,1,1,-1,1,-1,1,-1,1,-1,1,-1,-1,1,1,1,-1,1,0.011228913441300392
-1,1,-1,1,1,-1,1,-1,1,-1,1,-1,1,1,-1,1,1,1,-1,1,0.01065387949347496
-1,1,-1,1,1,-1,1,-1,1,-1,1,1,1,-1,-1,1,-1,1,1,-1,0.010169869288802147
-1,1,-1,1,1,-1,1,-1,1,-1,1,1,1,1,1,-1,1,1,1,1,0.009573505260050297
-1,1,-1,1,1,-1,1,-1,1,-1,1,1,1,1,1,1,1,-1,1,1,0.009238969534635544
-1,1,-1,1,1,-1,1,-1,1,1,-1,-1,-1,-1,1,-1,1,-1,1,1,0.009999270550906658
-1,1,-1,1,1,-1,1,-1,1,1,-1,-1,-1,1,-1,-1,-1,-1,1,1,0.008987924084067345
-1,1,-1,1,1,-1,1,-1,1,1,-1,1,-1,1,-1,1,1,-1,1,-1,0.009839938022196293
-1,1,-1,1,1,-1,1,-1,1,1,-1,1,-1,1,1,1,1,-1,-1,1,0.00973889697343111
-1,1,-1,1,1,-1,1,-1,1,1,1,-1,-1,-1,-1,1,-1,-1,-1,1,0.01073290966451168
-1,1,-1,1,1,-1,1,-1,1,1,1,-1,1,1,-1,1,1,-1,1,1,0.010086447931826115
-1,1,-1,1,1,-1,1,-1,1,1,1,1,-1,1,1,1,1,1,1,-1,0.010632197372615337
-1,1,-1,1,1,-1,1,-1,1,1,1,1,1,1,1,1,-1,1,1,1,0.009359827265143394
-1,1,-1,1,1,-1,1,1,-1,-1,-1,-1,-1,-1,-1,1,1,1,1,-1,0.010670492425560951
-1,1,-1,1,1,-1,1,1,-1,-1,-1,-1,-1,1,1,-1,1,-1,1,1,0.008977076038718224
-1,1,-1,1,1,-1,1,1,-1,-1,-1,-1,1,-1,1,-1,1,1,1,1,0.009735507890582085
-1,1,-1,1,1,-1,1,1,-1,-1,-1,1,-1,1,-1,-1,1,-1,-1,1,0.009420083835721016
-1,1,-1,1,1,-1,1,1,-1,-1,-1,1,-1,1,1,1,1,1,-1,1,0.009725199081003666
-1,1,-1,1,1,-1,1,1,-1,-1,1,-1,-1,-1,-1,1,1,1,-1,1,0.011382799595594406
-1,1,-1,1,1,-1,1,1,-1,-1,1,-1,-1,1,1,1,1,1,-1,1,0.010580490343272686
-1,1,-1,1,1,-1,1,1,-1,-1,1,1,-1,-1,1,1,-1,1,-1,-1,0.010581430979073048
-1,1,-1,1,1,-1,1,1,-1,-1,1,1,-1,1,-1,1,-1,-1,1,1,0.00895654410123825
-1,1,-1,1,1,-1,1,1,-1,-1,1,1,1,-1,-1,-1,-1,1,-1,-1,0.010459713637828827
-1,1,-1,1,1,-1,1,1,-1,1,-1,-1,-1,-1,-1,1,1,1,-1,-1,0.011506427079439163
-1,1,-1,1,1,-1,1,1,-1,1,-1,-1,1,-1,-1,-1,-1,1,1,1,0.00965017732232809
-1,1,-1,1,1,-1,1,1,-1,1,-1,-1,1,-1,1,-1,1,1,1,1,0.010086490772664547
-1,1,-1,1,1,-1,1,1,-1,1,-1,-1,1,1,1,1,-1,1,1,1,0.00894679594784975
-1,1,-1,1,1,-1,1,1,-1,1,-1,1,1,-1,-1,1,-1,-1,-1,1,0.009531374089419842
-1,1,-1,1,1,-1,1,1,-1,1,1,-1,-1,-1,1,-1,1,1,-1,1,0.0114075792953372
-1,1,-1,1,1,-1,1,1,-1,1,1,-1,-1,1,-1,-1,1,1,1,1,0.01057487167418003
-1,1,-1,1,1,-1,1,1,-1,1,1,-1,-1,1,-1,1,1,1,-1,-1,0.011517465114593506
-1,1,-1,1,1,-1,1,1,-1,1,1,-1,-1,1,1,-1,1,-1,-1,-1,0.01075779739767313
-1,1,-1,1,1,-1,1,1,-1,1,1,-1,1,1,-1,1,-1,-1,1,-1,0.00968539621680975
-1,1,-1,1,1,-1,1,1,-1,1,1,1,-1,-1,1,1,-1,-1,-1,-1,0.010498951189219952
-1,1,-1,1,1,-1,1,1,-1,1,1,1,-1,1,-1,-1,1,-1,1,1,0.009872188791632652
-1,1,-1,1,1,-1,1,1,-1,1,1,1,1,-1,1,-1,1,1,1,-1,0.01076205912977457
-1,1,-1,1,1,-1,1,1,1,-1,-1,-1,-1,-1,-1,1,-1,-1,1,1,0.009061740711331367
-1,1,-1,1,1,-1,1,1,1,-1,-1,-1,1,-1,-1,-1,-1,-1,1,-1,0.009071462787687778
-1,1,-1,1,1,-1,1,1,1,-1,-1,-1,1,-1,-1,-1,-1,1,1,1,0.009146210737526417
-1,1,-1,1,1,-1,1,1,1,-1,-1,-1,1,-1,1,-1,1,-1,-1,1,0.009634011425077915
-1,1,-1,1,1,-1,1,1,1,-1,-1,-1,1,-1,1,1,-1,-1,-1,1,0.00906935054808855
-1,1,-1,1,1,-1,1,1,1,-1,-1,-1,1,1,1,-1,-1,1,-1,1,0.008828852325677872
-1,1,-1,1,1,-1,1,1,1,-1,-1,-1,1,1,1,-1,1,-1,1,-1,0.008932742290198803
-1,1,-1,1,1,-1,1,1,1,-1,1,-1,-1,-1,-1,-1,1,1,-1,-1,0.011489604599773884
-1,1,-1,1,1,-1,1,1,1,-1,1,-1,-1,1,1,1,-1,1,1,-1,0.00963768269866705
-1,1,-1,1,1,-1,1,1,1,-1,1,-1,1,-1,-1,1,1,-1,1,-1,0.010420052334666252
-1,1,-1,1,1,-1,1,1,1,-1,1,-1,1,-1,1,-1,-1,1,1,-1,0.009863723069429398
-1,1,-1,1,1,-1,1,1,1,-1,1,1,-1,-1,-1,-1,-1,-1,1,-1,0.009638382121920586
-1,1,-1,1,1,-1,1,1,1,-1,1,1,-1,1,1,-1,1,1,-1,-1,0.010418076068162918
-1,1,-1,1,1,-1,1,1,1,1,-1,1,-1,-1,1,1,1,-1,-1,-1,0.010423485189676285
-1,1,-1,1,1,-1,1,1,1,1,1,-1,-1,-1,-1,1,-1,1,1,1,0.010432260110974312
-1,1,-1,1,1,-1,1,1,1,1,1,-1,-1,-1,1,-1,-1,1,1,1,0.010106055997312069
-1,1,-1,1,1,-1,1,1,1,1,1,-1,-1,1,-1,1,-1,1,1,1,0.00985722616314888
-1,1,-1,1,1,-1,1,1,1,1,1,-1,1,-1,1,-1,-1,-1,1,1,0.009422526694834232
-1,1,-1,1,1,-1,1,1,1,1,1,-1,1,1,-1,1,-1,1,1,1,0.009607160463929176
-1,1,-1,1,1,-1,1,1,1,1,1,1,1,1,-1,1,-1,1,1,1,0.009337942115962505
-1,1,-1,1,1,-1,1,1,1,1,1,1,1,1,1,-1,-1,1,-1,-1,0.009855404496192932
-1,1,-1,1,1,1,-1,-1,-1,-1,-1,-1,-1,1,1,1,1,-1,1,-1,0.00955531932413578
-1,1,-1,1,1,1,-1,-1,-1,-1,-1,1,-1,1,-1,-1,1,-1,1,1,0.009055733680725098
-1,1,-1,1,1,1,-1,-1,-1,-1,-1,1,1,-1,-1,1,-1,1,1,-1,0.00960821844637394
-1,1,-1,1,1,1,-1,-1,-1,-1,-1,1,1,1,1,1,-1,-1,-1,-1,0.008857396431267262
-1,1,-1,1,1,1,-1,-1,-1,-1,1,-1,-1,-1,1,1,1,1,-1,1,0.0112761240452528
-1,1,-1,1,1,1,-1,-1,-1,-1,1,1,-1,-1,1,1,-1,1,1,1,0.009858365170657635
-1,1,-1,1,1,1,-1,-1,-1,1,-1,-1,1,1,1,1,-1,1,-1,1,0.009552346542477608
-1,1,-1,1,1,1,-1,-1,-1,1,-1,1,-1,1,-1,1,1,1,1,-1,0.010297823697328568
-1,1,-1,1,1,1,-1,-1,-1,1,-1,1,-1,1,1,1,1,1,1,1,0.00971183180809021
-1,1,-1,1,1,1,-1,-1,-1,1,-1,1,1,1,-1,-1,1,-1,1,-1,0.009515366517007351
-1,1,-1,1,1,1,-1,-1,-1,1,-1,1,1,1,1,1,1,1,-1,1,0.009946716949343681
-1,1,-1,1,1,1,-1,-1,-1,1,1,-1,-1,-1,1,-1,1,-1,1,-1,0.010968481190502644
-1,1,-1,1,1,1,-1,-1,-1,1,1,-1,-1,1,-1,-1,1,1,-1,1,0.011180422268807888
-1,1,-1,1,1,1,-1,-1,-1,1,1,1,-1,-1,-1,1,1,1,1,1,0.01110021397471428
-1,1,-1,1,1,1,-1,-1,-1,1,1,1,-1,-1,1,-1,1,1,1,-1,0.011132725514471531
-1,1,-1,1,1,1,-1,-1,-1,1,1,1,1,-1,-1,-1,1,-1,-1,-1,0.011161423288285732
-1,1,-1,1,1,1,-1,-1,-1,1,1,1,1,1,-1,-1,1,1,1,1,0.010176186449825764
-1,1,-1,1,1,1,-1,-1,1,-1,-1,-1,-1,-1,1,1,1,1,-1,-1,0.010895784012973309
-1,1,-1,1,1,1,-1,-1,1,-1,-1,-1,1,-1,1,1,1,-1,1,1,0.009368589147925377
-1,1,-1,1,1,1,-1,-1,1,-1,-1,-1,1,1,-1,1,-1,-1,1,1,0.008357241749763489
-1,1,-1,1,1,1,-1,-1,1,-1,-1,-1,1,1,-1,1,-1,1,1,1,0.008790705353021622
-1,1,-1,1,1,1,-1,-1,1,-1,-1,1,-1,-1,-1,-1,1,-1,-1,1,0.009962734766304493
-1,1,-1,1,1,1,-1,-1,1,-1,-1,1,-1,-1,1,-1,1,-1,1,1,0.009250507690012455
-1,1,-1,1,1,1,-1,-1,1,-1,-1,1,1,-1,-1,1,1,-1,1,-1,0.009685361757874489
-1,1,-1,1,1,1,-1,-1,1,-1,-1,1,1,-1,1,-1,1,1,1,1,0.009433905594050884
-1,1,-1,1,1,1,-1,-1,1,-1,-1,1,1,1,1,-1,-1,-1,-1,-1,0.008605485782027245
-1,1,-1,1,1,1,-1,-1,1,-1,1,-1,1,-1,-1,-1,-1,-1,1,-1,0.00977813545614481
-1,1,-1,1,1,1,-1,-1,1,-1,1,-1,1,-1,-1,-1,1,1,-1,1,0.011001423932611942
-1,1,-1,1,1,1,-1,-1,1,-1,1,-1,1,1,1,-1,1,1,1,1,0.009714162908494473
-1,1,-1,1,1,1,-1,-1,1,-1,1,1,-1,1,-1,1,1,1,-1,1,0.010506164282560349
-1,1,-1,1,1,1,-1,-1,1,1,-1,-1,-1,-1,-1,-1,-1,-1,-1,1,0.009919347241520882
-1,1,-1,1,1,1,-1,-1,1,1,-1,-1,-1,-1,1,-1,-1,1,-1,1,0.010125534608960152
-1,1,-1,1,1,1,-1,-1,1,1,-1,-1,-1,-1,1,1,-1,1,-1,-1,0.010583178140223026
-1,1,-1,1,1,1,-1,-1,1,1,-1,1,-1,-1,-1,1,1,1,-1,-1,0.011204824782907963
-1,1,-1,1,1,1,-1,-1,1,1,-1,1,1,-1,-1,1,1,1,-1,1,0.010596043430268764
-1,1,-1,1,1,1,-1,-1,1,1,-1,1,1,-1,1,1,1,-1,1,-1,0.009809068404138088
-1,1,-1,1,1,1,-1,-1,1,1,-1,1,1,1,-1,-1,-1,1,1,1,0.008773541077971458
-1,1,-1,1,1,1,-1,-1,1,1,1,1,-1,1,1,1,-1,-1,-1,1,0.00953281857073307
-1,1,-1,1,1,1,-1,-1,1,1,1,1,-1,1,1,1,-1,-1,1,-1,0.00940658338367939
-1,1,-1,1,1,1,-1,1,-1,-1,-1,-1,-1,-1,-1,-1,-1,1,-1,1,0.009905649349093437
-1,1,-1,1,1,1,-1,1,-1,-1,-1,-1,-1,1,1,-1,-1,1,-1,-1,0.009462054818868637
-1,1,-1,1,1,1,-1,1,-1,-1,-1,-1,1,1,1,-1,1,1,-1,1,0.009516863152384758
-1,1,-1,1,1,1,-1,1,-1,-1,-1,1,-1,1,1,1,1,-1,-1,-1,0.009521889500319958
-1,1,-1,1,1,1,-1,1,-1,-1,1,-1,-1,-1,-1,-1,1,1,-1,-1,0.011514026671648026
-1,1,-1,1,1,1,-1,1,-1,-1,1,-1,-1,1,1,-1,1,-1,1,-1,0.009793302044272423
-1,1,-1,1,1,1,-1,1,-1,-1,1,-1,1,-1,-1,-1,-1,-1,1,1,0.009323242120444775
-1,1,-1,1,1,1,-1,1,-1,-1,1,-1,1,-1,1,1,1,1,-1,1,0.010776896961033344
-1,1,-1,1,1,1,-1,1,-1,-1,1,-1,1,1,-1,-1,1,-1,1,1,0.009411797858774662
-1,1,-1,1,1,1,-1,1,-1,-1,1,1,1,-1,1,1,1,1,1,-1,0.010381442494690418
-1,1,-1,1,1,1,-1,1,-1,1,-1,-1,-1,-1,-1,-1,1,1,-1,1,0.010920221917331219
-1,1,-1,1,1,1,-1,1,-1,1,-1,-1,1,-1,-1,1,1,1,1,-1,0.010642848908901215
-1,1,-1,1,1,1,-1,1,-1,1,-1,-1,1,-1,1,1,-1,1,-1,1,0.009878219105303288
-1,1,-1,1,1,1,-1,1,-1,1,-1,1,-1,1,-1,1,1,1,1,1,0.009689945727586746
-1,1,-1,1,1,1,-1,1,-1,1,-1,1,-1,1,1,-1,-1,1,-1,-1,0.009543819352984428
-1,1,-1,1,1,1,-1,1,-1,1,-1,1,1,-1,1,-1,1,-1,-1,1,0.009740198031067848
-1,1,-1,1,1,1,-1,1,-1,1,1,-1,-1,1,1,-1,1,-1,-1,-1,0.010629236698150635
-1,1,-1,1,1,1,-1,1,-1,1,1,1,1,-1,-1,-1,1,-1,1,1,0.01006859540939331
-1,1,-1,1,1,1,-1,1,-1,1,1,1,1,-1,1,-1,-1,1,-1,1,0.010096143931150436
-1,1,-1,1,1,1,-1,1,-1,1,1,1,1,1,1,1,-1,1,-1,1,0.00962003879249096
-1,1,-1,1,1,1,-1,1,1,-1,-1,-1,-1,-1,-1,1,-1,1,-1,-1,0.0102103091776371
-1,1,-1,1,1,1,-1,1,1,-1,-1,-1,1,1,-1,-1,1,-1,-1,1,0.009157693013548851
-1,1,-1,1,1,1,-1,1,1,-1,1,-1,-1,-1,1,-1,1,-1,1,1,0.009856637567281723
-1,1,-1,1,1,1,-1,1,1,-1,1,-1,-1,1,-1,-1,1,-1,1,1,0.009508879855275154
-1,1,-1,1,1,1,-1,1,1,-1,1,-1,-1,1,1,1,-1,-1,1,1,0.008716941811144352
-1,1,-1,1,1,1,-1,1,1,-1,1,1,-1,-1,-1,-1,-1,1,1,1,0.009584568440914154
-1,1,-1,1,1,1,-1,1,1,-1,1,1,-1,1,1,-1,1,1,1,-1,0.009804563596844673
-1,1,-1,1,1,1,-1,1,1,-1,1,1,1,1,-1,-1,1,1,1,-1,0.009781774133443832
-1,1,-1,1,1,1,-1,1,1,1,-1,1,-1,-1,-1,1,-1,1,-1,-1,0.010292073711752892
-1,1,-1,1,1,1,-1,1,1,1,-1,1,-1,-1,1,1,-1,1,-1,1,0.009706081822514534
-1,1,-1,1,1,1,-1,1,1,1,-1,1,-1,1,-1,1,-1,1,-1,1,0.009358324110507965
-1,1,-1,1,1,1,-1,1,1,1,-1,1,-1,1,1,1,-1,-1,1,1,0.008212633430957794
-1,1,-1,1,1,1,-1,1,1,1,1,-1,-1,-1,-1,-1,-1,1,-1,-1,0.011048437096178532
-1,1,-1,1,1,1,-1,1,1,1,1,-1,-1,-1,1,-1,-1,-1,1,-1,0.00990274641662836
-1,1,-1,1,1,1,-1,1,1,1,1,-1,-1,1,1,-1,-1,1,-1,-1,0.010246126912534237
-1,1,-1,1,1,1,-1,1,1,1,1,-1,-1,1,1,-1,1,1,-1,-1,0.010909716598689556
-1,1,-1,1,1,1,-1,1,1,1,1,-1,1,-1,1,1,-1,-1,-1,-1,0.010236559435725212
-1,1,-1,1,1,1,-1,1,1,1,1,-1,1,1,1,-1,-1,1,1,-1,0.009511110372841358
-1,1,-1,1,1,1,-1,1,1,1,1,1,1,-1,1,1,1,-1,-1,1,0.010272214189171791
-1,1,-1,1,1,1,1,-1,-1,-1,-1,-1,-1,-1,-1,-1,-1,1,-1,-1,0.010910081677138805
-1,1,-1,1,1,1,1,-1,-1,-1,-1,-1,-1,1,-1,1,-1,1,-1,-1,0.010433975607156754
-1,1,-1,1,1,1,1,-1,-1,-1,-1,-1,-1,1,-1,1,1,1,1,1,0.010253898799419403
-1,1,-1,1,1,1,1,-1,-1,-1,-1,-1,1,-1,1,1,-1,-1,-1,1,0.009739489294588566
-1,1,-1,1,1,1,1,-1,-1,-1,-1,-1,1,1,-1,-1,-1,1,1,1,0.009241315536201
-1,1,-1,1,1,1,1,-1,-1,-1,-1,1,-1,-1,1,-1,1,-1,1,1,0.009800045751035213
-1,1,-1,1,1,1,1,-1,-1,-1,-1,1,-1,1,-1,1,-1,1,-1,-1,0.010164756327867508
-1,1,-1,1,1,1,1,-1,-1,-1,1,-1,1,1,-1,1,-1,-1,-1,1,0.009977803565561771
-1,1,-1,1,1,1,1,-1,-1,-1,1,1,-1,-1,-1,1,1,-1,1,-1,0.011071037501096725
-1,1,-1,1,1,1,1,-1,-1,1,-1,-1,-1,-1,1,1,1,1,1,-1,0.011311355046927929
-1,1,-1,1,1,1,1,-1,-1,1,-1,-1,-1,1,-1,-1,1,1,-1,1,0.01099090464413166
-1,1,-1,1,1,1,1,-1,-1,1,-1,-1,-1,1,1,1,1,1,1,-1,0.010736321099102497
-1,1,-1,1,1,1,1,-1,-1,1,-1,-1,1,-1,1,1,-1,1,1,-1,0.010397699661552906
-1,1,-1,1,1,1,1,-1,-1,1,-1,-1,1,-1,1,1,1,-1,1,-1,0.010627825744450092
-1,1,-1,1,1,1,1,-1,-1,1,-1,1,-1,1,-1,1,1,-1,-1,1,0.010387150570750237
-1,1,-1,1,1,1,1,-1,-1,1,-1,1,1,-1,-1,1,-1,-1,1,-1,0.009922293946146965
-1,1,-1,1,1,1,1,-1,-1,1,1,-1,-1,1,-1,-1,-1,-1,1,-1,0.010353689081966877
-1,1,-1,1,1,1,1,-1,-1,1,1,-1,-1,1,-1,-1,-1,1,1,1,0.010428437031805515
-1,1,-1,1,1,1,1,-1,-1,1,1,-1,1,-1,-1,1,-1,-1,1,1,0.01041886955499649
-1,1,-1,1,1,1,1,-1,-1,1,1,1,-1,-1,1,1,-1,-1,1,1,0.010172439739108086
-1,1,-1,1,1,1,1,-1,-1,1,1,1,-1,-1,1,1,1,-1,-1,1,0.01132098026573658
-1,1,-1,1,1,1,1,-1,-1,1,1,1,1,-1,1,-1,-1,-1,1,1,0.009823446162045002
-1,1,-1,1,1,1,1,-1,-1,1,1,1,1,1,1,-1,1,1,-1,-1,0.011189131997525692
-1,1,-1,1,1,1,1,-1,-1,1,1,1,1,1,1,1,1,1,1,-1,0.010803109034895897
-1,1,-1,1,1,1,1,-1,1,-1,-1,-1,1,1,-1,-1,1,1,1,-1,0.010110637173056602
-1,1,-1,1,1,1,1,-1,1,-1,-1,1,-1,1,-1,-1,-1,1,1,1,0.009069179184734821
-1,1,-1,1,1,1,1,-1,1,-1,-1,1,-1,1,1,1,-1,-1,-1,-1,0.009351033717393875
-1,1,-1,1,1,1,1,-1,1,-1,-1,1,1,1,1,1,1,-1,1,-1,0.009279606863856316
-1,1,-1,1,1,1,1,-1,1,-1,1,-1,-1,-1,1,-1,1,-1,1,1,0.010502354241907597
-1,1,-1,1,1,1,1,-1,1,-1,1,-1,-1,1,1,1,1,-1,-1,1,0.01051119901239872
-1,1,-1,1,1,1,1,-1,1,-1,1,-1,1,1,-1,1,1,-1,-1,1,0.010488409548997879
-1,1,-1,1,1,1,1,-1,1,-1,1,1,-1,1,-1,-1,1,1,-1,1,0.01080379169434309
-1,1,-1,1,1,1,1,-1,1,1,-1,-1,-1,-1,1,-1,1,1,1,1,0.010700727812945843
-1,1,-1,1,1,1,1,-1,1,1,-1,-1,-1,1,1,1,1,-1,-1,1,0.010276109911501408
-1,1,-1,1,1,1,1,-1,1,1,-1,-1,1,1,-1,-1,1,-1,-1,-1,0.010513108223676682
-1,1,-1,1,1,1,1,-1,1,1,-1,1,-1,-1,-1,1,-1,1,1,1,0.010094123892486095
-1,1,-1,1,1,1,1,-1,1,1,-1,1,1,1,1,-1,-1,1,-1,1,0.009427770972251892
-1,1,-1,1,1,1,1,-1,1,1,1,-1,-1,1,1,-1,1,-1,1,-1,0.010637018829584122
-1,1,-1,1,1,1,1,-1,1,1,1,-1,1,-1,-1,-1,1,-1,1,1,0.010830547660589218
-1,1,-1,1,1,1,1,-1,1,1,1,-1,1,-1,-1,1,-1,1,-1,-1,0.011543015949428082
-1,1,-1,1,1,1,1,-1,1,1,1,1,-1,-1,1,1,-1,-1,1,-1,0.010378171689808369
-1,1,-1,1,1,1,1,-1,1,1,1,1,1,-1,-1,1,1,-1,1,1,0.010660257190465927
-1,1,-1,1,1,1,1,1,-1,-1,-1,-1,1,-1,-1,1,1,-1,1,-1,0.010254957713186741
-1,1,-1,1,1,1,1,1,-1,-1,-1,1,-1,-1,-1,1,-1,-1,1,-1,0.00957221444696188
-1,1,-1,1,1,1,1,1,-1,-1,-1,1,1,-1,-1,-1,-1,-1,-1,1,0.009349456056952477
-1,1,-1,1,1,1,1,1,-1,-1,1,-1,-1,-1,-1,1,1,1,1,-1,0.011524558067321777
-1,1,-1,1,1,1,1,1,-1,-1,1,-1,1,1,-1,-1,1,-1,1,1,0.009808352217078209
-1,1,-1,1,1,1,1,1,-1,-1,1,-1,1,1,-1,-1,1,1,1,1,0.010241815820336342
-1,1,-1,1,1,1,1,1,-1,-1,1,1,-1,-1,1,1,-1,1,1,-1,0.010364473797380924
-1,1,-1,1,1,1,1,1,-1,-1,1,1,-1,-1,1,1,-1,1,1,1,0.01000575814396143
-1,1,-1,1,1,1,1,1,-1,-1,1,1,1,1,-1,-1,-1,1,-1,-1,0.010152674280107021
-1,1,-1,1,1,1,1,1,-1,-1,1,1,1,1,1,-1,-1,1,-1,1,0.009566682390868664
-1,1,-1,1,1,1,1,1,-1,1,-1,-1,-1,1,1,-1,-1,-1,1,-1,0.009291178546845913
-1,1,-1,1,1,1,1,1,-1,1,-1,-1,1,-1,1,1,-1,1,-1,1,0.010274773463606834
-1,1,-1,1,1,1,1,1,-1,1,-1,-1,1,1,-1,-1,1,1,-1,1,0.010491677559912205
-1,1,-1,1,1,1,1,1,-1,1,-1,-1,1,1,1,-1,1,-1,1,1,0.009345986880362034
-1,1,-1,1,1,1,1,1,-1,1,-1,1,-1,1,-1,-1,-1,1,-1,1,0.009808934293687344
-1,1,-1,1,1,1,1,1,-1,1,-1,1,-1,1,-1,1,-1,-1,1,-1,0.009348164312541485
-1,1,-1,1,1,1,1,1,-1,1,-1,1,-1,1,1,1,1,-1,-1,1,0.009910712018609047
-1,1,-1,1,1,1,1,1,-1,1,-1,1,1,-1,1,1,-1,-1,-1,1,0.00957209151238203
-1,1,-1,1,1,1,1,1,-1,1,1,-1,1,1,1,1,-1,1,-1,-1,0.010644528083503246
-1,1,-1,1,1,1,1,1,-1,1,1,1,-1,-1,-1,1,1,1,1,-1,0.011606322601437569
-1,1,-1,1,1,1,1,1,-1,1,1,1,-1,-1,1,1,-1,1,-1,1,0.010841692797839642
-1,1,-1,1,1,1,1,1,-1,1,1,1,-1,-1,1,1,1,-1,1,1,0.010586868040263653
-1,1,-1,1,1,1,1,1,-1,1,1,1,-1,1,-1,-1,-1,-1,1,-1,0.00983530841767788
-1,1,-1,1,1,1,1,1,-1,1,1,1,1,1,-1,-1,-1,1,1,1,0.009659990668296814
-1,1,-1,1,1,1,1,1,1,-1,-1,-1,-1,-1,1,1,1,1,1,-1,0.010558227077126503
-1,1,-1,1,1,1,1,1,1,-1,-1,-1,-1,1,-1,-1,1,1,-1,-1,0.01059649232774973
-1,1,-1,1,1,1,1,1,1,-1,-1,-1,-1,1,-1,1,-1,-1,-1,-1,0.009598367847502232
-1,1,-1,1,1,1,1,1,1,-1,-1,-1,1,-1,1,-1,1,1,-1,1,0.0103354686871171
-1,1,-1,1,1,1,1,1,1,-1,-1,1,-1,-1,1,-1,-1,1,-1,1,0.009652725420892239
-1,1,-1,1,1,1,1,1,1,-1,-1,1,-1,1,-1,1,1,1,-1,-1,0.010426200926303864
-1,1,-1,1,1,1,1,1,1,-1,1,-1,1,-1,1,1,1,-1,1,-1,0.01046076975762844
-1,1,-1,1,1,1,1,1,1,-1,1,-1,1,1,-1,-1,1,-1,1,1,0.009655369445681572
-1,1,-1,1,1,1,1,1,1,-1,1,1,1,-1,1,-1,-1,-1,-1,-1,0.009913984686136246
-1,1,-1,1,1,1,1,1,1,1,-1,-1,-1,-1,-1,-1,-1,-1,1,-1,0.009940505027770996
-1,1,-1,1,1,1,1,1,1,1,-1,-1,-1,-1,-1,1,-1,1,1,1,0.010114180855453014
-1,1,-1,1,1,1,1,1,1,1,-1,-1,-1,1,-1,-1,-1,1,-1,-1,0.010283885523676872
-1,1,-1,1,1,1,1,1,1,1,-1,-1,1,1,-1,-1,1,-1,1,1,0.00942028034478426
-1,1,-1,1,1,1,1,1,1,1,1,-1,-1,-1,1,1,1,1,1,-1,0.01149528194218874
-1,1,-1,1,1,1,1,1,1,1,1,-1,-1,1,-1,-1,1,-1,-1,1,0.010741368867456913
-1,1,-1,1,1,1,1,1,1,1,1,-1,1,-1,1,1,-1,1,1,-1,0.010581627488136292
-1,1,1,-1,-1,-1,-1,-1,-1,-1,-1,1,-1,1,1,-1,1,1,1,-1,0.008555690757930279
-1,1,1,-1,-1,-1,-1,-1,-1,-1,1,1,-1,-1,1,1,-1,-1,-1,1,0.008844907395541668
-1,1,1,-1,-1,-1,-1,-1,-1,-1,1,1,-1,1,-1,1,-1,-1,1,-1,0.008370914496481419
-1,1,1,-1,-1,-1,-1,-1,-1,-1,1,1,-1,1,1,-1,1,1,-1,1,0.009267998859286308
-1,1,1,-1,-1,-1,-1,-1,-1,-1,1,1,1,1,-1,-1,-1,-1,-1,1,0.008148156106472015
-1,1,1,-1,-1,-1,-1,-1,-1,1,-1,-1,1,-1,-1,-1,-1,-1,1,-1,0.0086310850456357
-1,1,1,-1,-1,-1,-1,-1,-1,1,-1,-1,1,-1,-1,-1,1,1,1,-1,0.009728137403726578
-1,1,1,-1,-1,-1,-1,-1,-1,1,-1,1,-1,1,-1,-1,-1,-1,1,1,0.007678181864321232
-1,1,1,-1,-1,-1,-1,-1,-1,1,1,-1,-1,-1,-1,1,-1,1,-1,1,0.010125849395990372
-1,1,1,-1,-1,-1,-1,-1,-1,1,1,-1,-1,1,1,1,1,-1,-1,1,0.009553665295243263
-1,1,1,-1,-1,-1,-1,-1,-1,1,1,-1,1,-1,-1,-1,1,1,1,1,0.009955493733286858
-1,1,1,-1,-1,-1,-1,-1,-1,1,1,-1,1,-1,-1,1,-1,-1,1,-1,0.009316084906458855
-1,1,1,-1,-1,-1,-1,-1,-1,1,1,-1,1,-1,1,-1,1,-1,1,1,0.009294754825532436
-1,1,1,-1,-1,-1,-1,-1,-1,1,1,-1,1,1,1,-1,-1,-1,-1,-1,0.00889979861676693
-1,1,1,-1,-1,-1,-1,-1,-1,1,1,1,-1,1,1,1,1,-1,-1,-1,0.009643161669373512
-1,1,1,-1,-1,-1,-1,-1,-1,1,1,1,1,-1,1,-1,1,-1,1,-1,0.009384251199662685
-1,1,1,-1,-1,-1,-1,-1,-1,1,1,1,1,-1,1,1,-1,1,1,1,0.008894337341189384
-1,1,1,-1,-1,-1,-1,-1,1,-1,-1,-1,-1,-1,-1,-1,1,-1,-1,1,0.009167008101940155
-1,1,1,-1,-1,-1,-1,-1,1,-1,-1,-1,1,1,-1,-1,-1,1,-1,1,0.008111783303320408
-1,1,1,-1,-1,-1,-1,-1,1,-1,-1,1,1,-1,-1,1,-1,-1,-1,-1,0.008441777899861336
-1,1,1,-1,-1,-1,-1,-1,1,-1,-1,1,1,-1,1,1,-1,1,-1,1,0.008289249613881111
-1,1,1,-1,-1,-1,-1,-1,1,-1,-1,1,1,1,1,1,1,-1,-1,1,0.007944341748952866
-1,1,1,-1,-1,-1,-1,-1,1,-1,1,-1,-1,-1,1,1,1,1,-1,1,0.010058196261525154
-1,1,1,-1,-1,-1,-1,-1,1,-1,1,-1,1,1,1,1,-1,-1,1,-1,0.008009808138012886
-1,1,1,-1,-1,-1,-1,-1,1,-1,1,1,-1,1,-1,-1,-1,-1,-1,1,0.008245239034295082
-1,1,1,-1,-1,-1,-1,-1,1,-1,1,1,1,1,-1,-1,-1,1,1,-1,0.008302400819957256
-1,1,1,-1,-1,-1,-1,-1,1,1,1,1,-1,-1,1,-1,-1,-1,1,1,0.008459028787910938
-1,1,1,-1,-1,-1,-1,-1,1,1,1,1,-1,-1,1,1,1,-1,-1,-1,0.010065211914479733
-1,1,1,-1,-1,-1,-1,-1,1,1,1,1,1,-1,-1,-1,-1,-1,-1,-1,0.009279905818402767
-1,1,1,-1,-1,-1,-1,-1,1,1,1,1,1,-1,-1,1,1,1,1,-1,0.00999093521386385
-1,1,1,-1,-1,-1,-1,-1,1,1,1,1,1,-1,1,1,1,-1,1,-1,0.009330195374786854
-1,1,1,-1,-1,-1,-1,1,-1,-1,-1,1,-1,-1,-1,1,-1,1,1,-1,0.008544177748262882
-1,1,1,-1,-1,-1,-1,1,-1,-1,1,-1,-1,-1,-1,-1,-1,-1,1,-1,0.00886707752943039
-1,1,1,-1,-1,-1,-1,1,-1,-1,1,-1,1,-1,1,1,1,-1,-1,-1,0.009637203998863697
-1,1,1,-1,-1,-1,-1,1,-1,-1,1,1,-1,-1,1,-1,1,-1,1,1,0.008675456047058105
-1,1,1,-1,-1,-1,-1,1,-1,1,-1,-1,-1,-1,1,1,1,1,1,1,0.009241977706551552
-1,1,1,-1,-1,-1,-1,1,-1,1,-1,1,1,1,1,-1,1,1,-1,1,0.00853368267416954
-1,1,1,-1,-1,-1,-1,1,1,-1,-1,-1,1,-1,-1,-1,1,-1,-1,1,0.0086677810177207
-1,1,1,-1,-1,-1,-1,1,1,-1,-1,1,-1,-1,-1,-1,1,-1,-1,1,0.008648627437651157
-1,1,1,-1,-1,-1,-1,1,1,-1,-1,1,-1,-1,-1,1,-1,1,1,1,0.008032478392124176
-1,1,1,-1,-1,-1,-1,1,1,-1,-1,1,-1,-1,1,-1,1,-1,-1,-1,0.008780066855251789
-1,1,1,-1,-1,-1,-1,1,1,-1,-1,1,1,1,1,1,-1,-1,1,1,0.006546639837324619
-1,1,1,-1,-1,-1,-1,1,1,-1,1,-1,-1,1,-1,-1,1,-1,-1,1,0.00892888568341732
-1,1,1,-1,-1,-1,-1,1,1,-1,1,-1,-1,1,1,1,-1,-1,1,-1,0.008010712452232838
-1,1,1,-1,-1,-1,-1,1,1,-1,1,-1,1,-1,1,-1,1,1,-1,1,0.009460041299462318
-1,1,1,-1,-1,-1,-1,1,1,-1,1,-1,1,1,-1,1,1,-1,-1,1,0.008777747862040997
-1,1,1,-1,-1,-1,-1,1,1,-1,1,1,1,-1,1,1,1,1,1,1,0.008804799057543278
-1,1,1,-1,-1,-1,-1,1,1,-1,1,1,1,1,-1,1,1,1,1,1,0.008457041345536709
-1,1,1,-1,-1,-1,-1,1,1,1,-1,-1,1,-1,1,1,-1,-1,1,1,0.007741875946521759
-1,1,1,-1,-1,-1,-1,1,1,1,-1,1,-1,-1,-1,-1,1,1,-1,1,0.009433073922991753
-1,1,1,-1,-1,-1,-1,1,1,1,1,-1,-1,1,-1,1,-1,1,1,-1,0.009022435173392296
-1,1,1,-1,-1,-1,-1,1,1,1,1,1,-1,-1,1,1,1,-1,1,-1,0.009331099689006805
-1,1,1,-1,-1,-1,-1,1,1,1,1,1,-1,1,-1,1,1,-1,1,-1,0.008983341977000237
-1,1,1,-1,-1,-1,-1,1,1,1,1,1,1,-1,-1,-1,1,-1,-1,-1,0.00969433318823576
-1,1,1,-1,-1,-1,1,-1,-1,-1,-1,-1,-1,-1,-1,-1,-1,1,1,-1,0.009360185824334621
-1,1,1,-1,-1,-1,1,-1,-1,-1,-1,-1,1,-1,1,-1,-1,-1,1,1,0.008090665563941002
-1,1,1,-1,-1,-1,1,-1,-1,-1,-1,-1,1,-1,1,-1,-1,1,-1,1,0.009009079076349735
-1,1,1,-1,-1,-1,1,-1,-1,-1,-1,1,1,-1,-1,-1,1,-1,-1,-1,0.009555977769196033
-1,1,1,-1,-1,-1,1,-1,-1,-1,-1,1,1,-1,1,-1,-1,1,1,1,0.008254908956587315
-1,1,1,-1,-1,-1,1,-1,-1,-1,1,-1,1,1,-1,-1,1,-1,-1,1,0.009477520361542702
-1,1,1,-1,-1,-1,1,-1,-1,-1,1,1,-1,-1,-1,-1,-1,-1,1,1,0.008884860202670097
-1,1,1,-1,-1,-1,1,-1,-1,-1,1,1,-1,-1,1,1,1,1,1,-1,0.010212279856204987
-1,1,1,-1,-1,-1,1,-1,-1,-1,1,1,-1,1,1,-1,-1,1,-1,-1,0.009359680116176605
-1,1,1,-1,-1,-1,1,-1,-1,1,-1,-1,-1,-1,-1,1,1,-1,-1,1,0.01016645785421133
-1,1,1,-1,-1,-1,1,-1,-1,1,-1,-1,1,-1,-1,1,-1,1,-1,1,0.00968626607209444
-1,1,1,-1,-1,-1,1,-1,-1,1,-1,-1,1,1,1,-1,-1,1,1,1,0.008300078101456165
-1,1,1,-1,-1,-1,1,-1,-1,1,-1,1,-1,-1,1,1,1,-1,-1,1,0.009669962339103222
-1,1,1,-1,-1,-1,1,-1,-1,1,-1,1,1,-1,1,-1,1,1,-1,-1,0.010113148018717766
-1,1,1,-1,-1,-1,1,-1,-1,1,1,-1,-1,1,-1,-1,-1,-1,1,-1,0.009288744069635868
-1,1,1,-1,-1,-1,1,-1,-1,1,1,-1,-1,1,1,1,1,1,-1,1,0.010383684188127518
-1,1,1,-1,-1,-1,1,-1,-1,1,1,-1,1,-1,-1,1,-1,1,1,-1,0.010146103799343109
-1,1,1,-1,-1,-1,1,-1,-1,1,1,-1,1,1,-1,1,-1,-1,-1,-1,0.00962255708873272
-1,1,1,-1,-1,-1,1,-1,-1,1,1,1,-1,-1,1,-1,1,1,-1,-1,0.010949285700917244
-1,1,1,-1,-1,-1,1,-1,-1,1,1,1,-1,-1,1,-1,1,1,1,1,0.010105619207024574
-1,1,1,-1,-1,-1,1,-1,-1,1,1,1,-1,1,-1,1,1,-1,1,-1,0.009782042354345322
-1,1,1,-1,-1,-1,1,-1,-1,1,1,1,-1,1,1,1,-1,-1,-1,-1,0.009376127272844315
-1,1,1,-1,-1,-1,1,-1,1,-1,-1,-1,-1,1,1,-1,1,1,1,1,0.00870976597070694
-1,1,1,-1,-1,-1,1,-1,1,-1,-1,-1,1,1,1,1,1,-1,1,1,0.008125165477395058
-1,1,1,-1,-1,-1,1,-1,1,-1,-1,1,1,-1,-1,-1,-1,1,-1,-1,0.00917286891490221
-1,1,1,-1,-1,-1,1,-1,1,-1,-1,1,1,-1,1,1,-1,1,1,-1,0.008559569716453552
-1,1,1,-1,-1,-1,1,-1,1,-1,1,-1,-1,1,1,-1,-1,-1,-1,1,0.008683736436069012
-1,1,1,-1,-1,-1,1,-1,1,-1,1,-1,1,1,-1,1,1,-1,-1,-1,0.009782180190086365
-1,1,1,-1,-1,-1,1,-1,1,-1,1,-1,1,1,-1,1,1,1,1,1,0.009371977299451828
-1,1,1,-1,-1,-1,1,-1,1,-1,1,1,-1,1,1,-1,1,-1,1,-1,0.008951871655881405
-1,1,1,-1,-1,-1,1,-1,1,-1,1,1,1,1,-1,-1,-1,1,-1,1,0.008825191296637058
-1,1,1,-1,-1,-1,1,-1,1,1,1,-1,-1,-1,-1,1,1,1,-1,-1,0.011391725391149521
-1,1,1,-1,-1,-1,1,-1,1,1,1,-1,-1,1,1,1,1,1,1,-1,0.010104465298354626
-1,1,1,-1,-1,-1,1,-1,1,1,1,1,-1,1,-1,1,1,1,1,1,0.009703806601464748
-1,1,1,-1,-1,-1,1,-1,1,1,1,1,1,-1,-1,-1,1,1,1,-1,0.010288562625646591
-1,1,1,-1,-1,-1,1,1,-1,-1,-1,-1,-1,-1,1,1,-1,1,-1,1,0.009108911268413067
-1,1,1,-1,-1,-1,1,1,-1,-1,-1,-1,-1,1,-1,1,-1,1,1,-1,0.008634918369352818
-1,1,1,-1,-1,-1,1,1,-1,-1,-1,-1,1,1,1,1,1,1,1,-1,0.00882116612046957
-1,1,1,-1,-1,-1,1,1,-1,-1,-1,1,-1,1,-1,-1,1,1,-1,1,0.009056596085429192
-1,1,1,-1,-1,-1,1,1,-1,-1,-1,1,1,-1,1,-1,-1,-1,-1,-1,0.0084159504622221
-1,1,1,-1,-1,-1,1,1,-1,-1,-1,1,1,1,-1,-1,-1,1,1,-1,0.008016705513000488
-1,1,1,-1,-1,-1,1,1,-1,-1,-1,1,1,1,-1,1,-1,1,-1,-1,0.008600584231317043
-1,1,1,-1,-1,-1,1,1,-1,-1,1,-1,-1,-1,-1,1,-1,-1,1,1,0.009003845043480396
-1,1,1,-1,-1,-1,1,1,-1,-1,1,-1,1,-1,-1,1,1,1,1,-1,0.01020954828709364
-1,1,1,-1,-1,-1,1,1,-1,-1,1,-1,1,-1,1,-1,-1,1,1,1,0.008861038833856583
-1,1,1,-1,-1,-1,1,1,-1,-1,1,1,1,1,-1,1,-1,-1,1,-1,0.008268242701888084
-1,1,1,-1,-1,-1,1,1,-1,1,-1,-1,-1,-1,1,1,1,1,-1,1,0.010123483836650848
-1,1,1,-1,-1,-1,1,1,-1,1,-1,1,1,-1,-1,-1,1,-1,1,-1,0.009172848425805569
-1,1,1,-1,-1,-1,1,1,-1,1,1,-1,-1,-1,-1,-1,-1,1,-1,1,0.010174314491450787
-1,1,1,-1,-1,-1,1,1,-1,1,1,1,-1,-1,-1,1,1,-1,1,1,0.009749198332428932
-1,1,1,-1,-1,-1,1,1,-1,1,1,1,1,-1,-1,1,1,-1,1,1,0.009499133564531803
-1,1,1,-1,-1,-1,1,1,1,-1,-1,-1,-1,-1,-1,1,1,-1,-1,1,0.009413329884409904
-1,1,1,-1,-1,-1,1,1,1,-1,-1,-1,-1,1,-1,-1,-1,1,-1,1,0.008509241975843906
-1,1,1,-1,-1,-1,1,1,1,-1,-1,-1,1,-1,-1,-1,1,1,1,-1,0.009371563792228699
-1,1,1,-1,-1,-1,1,1,1,-1,-1,1,-1,1,1,-1,-1,-1,-1,-1,0.007937999442219734
-1,1,1,-1,-1,-1,1,1,1,-1,-1,1,-1,1,1,-1,1,-1,1,1,0.007757922168821096
-1,1,1,-1,-1,-1,1,1,1,-1,1,1,1,1,-1,1,1,-1,1,-1,0.008778848685324192
-1,1,1,-1,-1,-1,1,1,1,1,-1,-1,1,-1,-1,-1,-1,-1,1,1,0.008266779594123363
-1,1,1,-1,-1,-1,1,1,1,1,-1,1,-1,-1,-1,1,-1,1,-1,1,0.00926496833562851
-1,1,1,-1,-1,-1,1,1,1,1,-1,1,-1,-1,1,1,1,1,-1,1,0.009701280854642391
-1,1,1,-1,-1,-1,1,1,1,1,-1,1,1,-1,-1,-1,-1,1,-1,-1,0.00927469041198492
-1,1,1,-1,-1,-1,1,1,1,1,1,-1,-1,1,1,-1,1,1,1,-1,0.009756375104188919
-1,1,1,-1,-1,-1,1,1,1,1,1,1,-1,-1,-1,1,1,1,-1,-1,0.010873344726860523
-1,1,1,-1,-1,-1,1,1,1,1,1,1,-1,1,-1,-1,1,-1,-1,1,0.009407204575836658
-1,1,1,-1,-1,-1,1,1,1,1,1,1,1,-1,1,1,1,1,-1,-1,0.010396003723144531
-1,1,1,-1,-1,-1,1,1,1,1,1,1,1,1,-1,1,1,1,-1,1,0.009689530357718468
-1,1,1,-1,-1,-1,1,1,1,1,1,1,1,1,1,1,1,1,1,-1,0.009336018934845924
-1,1,1,-1,-1,1,-1,-1,-1,-1,-1,1,-1,1,1,1,-1,1,-1,1,0.008385258726775646
-1,1,1,-1,-1,1,-1,-1,-1,-1,-1,1,1,-1,-1,1,1,-1,1,1,0.008682677522301674
-1,1,1,-1,-1,1,-1,-1,-1,-1,1,-1,-1,-1,-1,1,1,-1,1,1,0.009788034483790398
-1,1,1,-1,-1,1,-1,-1,-1,-1,1,-1,-1,1,1,-1,1,-1,-1,-1,0.009730463847517967
-1,1,1,-1,-1,1,-1,-1,-1,-1,1,-1,-1,1,1,1,-1,-1,-1,1,0.008807086385786533
-1,1,1,-1,-1,1,-1,-1,-1,-1,1,1,-1,-1,1,1,-1,-1,-1,1,0.00911290105432272
-1,1,1,-1,-1,1,-1,-1,-1,-1,1,1,1,1,1,1,-1,1,-1,1,0.008721265941858292
-1,1,1,-1,-1,1,-1,-1,-1,1,-1,-1,-1,1,1,1,-1,-1,1,1,0.008087046444416046
-1,1,1,-1,-1,1,-1,-1,-1,1,-1,-1,1,-1,-1,-1,-1,-1,1,-1,0.008899078704416752
-1,1,1,-1,-1,1,-1,-1,-1,1,-1,-1,1,-1,-1,1,-1,1,1,-1,0.009431470185518265
-1,1,1,-1,-1,1,-1,-1,-1,1,-1,-1,1,-1,1,-1,-1,-1,-1,1,0.00879803765565157
-1,1,1,-1,-1,1,-1,-1,-1,1,-1,1,-1,1,1,-1,-1,-1,1,-1,0.008077614940702915
-1,1,1,-1,-1,1,-1,-1,-1,1,1,-1,-1,-1,1,-1,-1,1,-1,1,0.01006763894110918
-1,1,1,-1,-1,1,-1,-1,-1,1,1,-1,-1,1,1,-1,1,-1,1,-1,0.009596495889127254
-1,1,1,-1,-1,1,-1,-1,-1,1,1,-1,-1,1,1,1,1,-1,-1,-1,0.01018037460744381
-1,1,1,-1,-1,1,-1,-1,-1,1,1,-1,1,1,-1,1,-1,1,1,-1,0.009442508220672607
-1,1,1,-1,-1,1,-1,-1,-1,1,1,-1,1,1,1,-1,1,1,1,-1,0.009779893793165684
-1,1,1,-1,-1,1,-1,-1,-1,1,1,1,1,1,-1,1,1,-1,1,-1,0.009403415024280548
-1,1,1,-1,-1,1,-1,-1,1,-1,-1,-1,1,-1,-1,-1,-1,1,1,1,0.008469860069453716
-1,1,1,-1,-1,1,-1,-1,1,-1,-1,-1,1,1,1,-1,-1,-1,1,1,0.007234086282551289
-1,1,1,-1,-1,1,-1,-1,1,-1,1,-1,-1,1,-1,-1,-1,-1,1,-1,0.008656215853989124
-1,1,1,-1,-1,1,-1,-1,1,-1,1,-1,1,-1,1,-1,1,1,-1,-1,0.010335911996662617
-1,1,1,-1,-1,1,-1,-1,1,-1,1,1,-1,-1,-1,-1,-1,1,1,1,0.009036778472363949
-1,1,1,-1,-1,1,-1,-1,1,1,-1,-1,-1,-1,1,1,-1,-1,-1,-1,0.009352763183414936
-1,1,1,-1,-1,1,-1,-1,1,1,-1,-1,-1,1,-1,-1,-1,-1,1,1,0.008062411099672318
-1,1,1,-1,-1,1,-1,-1,1,1,-1,-1,-1,1,-1,1,1,1,-1,-1,0.01010205876082182
-1,1,1,-1,-1,1,-1,-1,1,1,-1,-1,1,1,-1,1,1,1,-1,-1,0.009851993061602116
-1,1,1,-1,-1,1,-1,-1,1,1,-1,1,-1,-1,-1,-1,-1,1,-1,-1,0.009645355865359306
-1,1,1,-1,-1,1,-1,-1,1,1,-1,1,-1,1,-1,1,1,1,-1,1,0.009474123828113079
-1,1,1,-1,-1,1,-1,-1,1,1,-1,1,1,-1,1,1,-1,1,1,1,0.00842327531427145
-1,1,1,-1,-1,1,-1,-1,1,1,1,-1,-1,-1,-1,1,1,1,1,1,0.010419498197734356
-1,1,1,-1,-1,1,-1,-1,1,1,1,-1,-1,-1,1,1,-1,1,1,-1,0.009887347929179668
-1,1,1,-1,-1,1,-1,-1,1,1,1,-1,1,-1,-1,1,-1,-1,1,-1,0.00943109579384327
-1,1,1,-1,-1,1,-1,-1,1,1,1,1,1,1,-1,-1,1,1,1,-1,0.00958496704697609
-1,1,1,-1,-1,1,-1,-1,1,1,1,1,1,1,1,1,-1,1,-1,-1,0.009277980774641037
-1,1,1,-1,-1,1,-1,1,-1,-1,-1,-1,1,1,1,-1,1,1,1,-1,0.00859367661178112
-1,1,1,-1,-1,1,-1,1,-1,-1,-1,1,-1,1,-1,-1,-1,1,1,-1,0.008138209581375122
-1,1,1,-1,-1,1,-1,1,-1,-1,-1,1,1,1,-1,-1,1,-1,1,1,0.007759554777294397
-1,1,1,-1,-1,1,-1,1,-1,-1,-1,1,1,1,-1,1,-1,-1,1,1,0.007194893434643745
-1,1,1,-1,-1,1,-1,1,-1,-1,-1,1,1,1,1,1,1,-1,-1,-1,0.008474872447550297
-1,1,1,-1,-1,1,-1,1,-1,-1,1,-1,1,-1,1,1,-1,1,1,1,0.008831406012177467
-1,1,1,-1,-1,1,-1,1,-1,-1,1,-1,1,-1,1,1,1,1,1,1,0.009494994767010212
-1,1,1,-1,-1,1,-1,1,-1,-1,1,-1,1,1,-1,-1,1,1,-1,-1,0.009891975671052933
-1,1,1,-1,-1,1,-1,1,-1,-1,1,1,-1,1,1,-1,-1,-1,-1,-1,0.00854849349707365
-1,1,1,-1,-1,1,-1,1,-1,-1,1,1,1,1,-1,1,-1,1,-1,-1,0.009058095514774323
-1,1,1,-1,-1,1,-1,1,-1,1,-1,-1,-1,-1,-1,-1,-1,1,-1,-1,0.009818396531045437
-1,1,1,-1,-1,1,-1,1,-1,1,-1,1,1,-1,1,-1,-1,1,1,1,0.00822816975414753
-1,1,1,-1,-1,1,-1,1,-1,1,-1,1,1,1,-1,-1,-1,-1,-1,-1,0.008290614932775497
-1,1,1,-1,-1,1,-1,1,-1,1,1,-1,-1,-1,-1,-1,-1,-1,-1,1,0.009612290188670158
-1,1,1,-1,-1,1,-1,1,-1,1,1,1,-1,-1,-1,-1,1,1,1,-1,0.01031388808041811
-1,1,1,-1,-1,1,-1,1,-1,1,1,1,-1,-1,-1,1,1,1,-1,1,0.01053905114531517
-1,1,1,-1,-1,1,-1,1,-1,1,1,1,1,-1,-1,1,-1,-1,1,-1,0.009065697900950909
-1,1,1,-1,-1,1,-1,1,1,-1,-1,-1,-1,-1,-1,-1,-1,1,1,1,0.008470763452351093
-1,1,1,-1,-1,1,-1,1,1,-1,-1,-1,1,1,-1,-1,1,1,-1,1,0.008794204331934452
-1,1,1,-1,-1,1,-1,1,1,-1,-1,1,-1,1,-1,-1,-1,1,1,-1,0.007985226809978485
-1,1,1,-1,-1,1,-1,1,1,-1,1,-1,-1,-1,-1,1,1,-1,-1,-1,0.010229556821286678
-1,1,1,-1,-1,1,-1,1,1,-1,1,-1,-1,-1,1,1,1,-1,1,1,0.009158614091575146
-1,1,1,-1,-1,1,-1,1,1,-1,1,-1,-1,1,1,-1,-1,-1,-1,1,0.00830601342022419
-1,1,1,-1,-1,1,-1,1,1,-1,1,-1,1,1,-1,-1,-1,-1,-1,-1,0.008641939610242844
-1,1,1,-1,-1,1,-1,1,1,-1,1,-1,1,1,-1,-1,1,-1,1,-1,0.008820578455924988
-1,1,1,-1,-1,1,-1,1,1,-1,1,-1,1,1,1,-1,-1,1,1,-1,0.008363176137208939
-1,1,1,-1,-1,1,-1,1,1,-1,1,1,1,-1,-1,1,1,-1,-1,1,0.009351556189358234
-1,1,1,-1,-1,1,-1,1,1,-1,1,1,1,1,1,-1,-1,-1,1,-1,0.007660493720322847
-1,1,1,-1,-1,1,-1,1,1,1,-1,-1,-1,1,1,1,1,1,-1,1,0.00926690548658371
-1,1,1,-1,-1,1,-1,1,1,1,-1,-1,1,-1,1,-1,-1,-1,-1,-1,0.0087546082213521
-1,1,1,-1,-1,1,-1,1,1,1,-1,1,-1,1,-1,1,1,-1,1,1,0.008306547999382019
-1,1,1,-1,-1,1,-1,1,1,1,-1,1,1,1,1,1,1,-1,-1,1,0.008314156904816628
-1,1,1,-1,-1,1,-1,1,1,1,1,-1,1,-1,1,-1,1,1,1,1,0.009594066999852657
-1,1,1,-1,-1,1,-1,1,1,1,1,1,-1,1,-1,1,1,-1,-1,1,0.009377571754157543
-1,1,1,-1,-1,1,-1,1,1,1,1,1,-1,1,-1,1,1,-1,1,-1,0.009251335635781288
-1,1,1,-1,-1,1,-1,1,1,1,1,1,1,-1,-1,-1,1,-1,1,-1,0.009477376006543636
-1,1,1,-1,-1,1,-1,1,1,1,1,1,1,-1,1,1,-1,1,1,1,0.008760185912251472
-1,1,1,-1,-1,1,1,-1,-1,-1,-1,-1,-1,1,-1,-1,-1,1,1,1,0.008694429881870747
-1,1,1,-1,-1,1,1,-1,-1,-1,-1,-1,-1,1,1,-1,-1,1,-1,-1,0.009310820139944553
-1,1,1,-1,-1,1,1,-1,-1,-1,-1,-1,1,-1,1,-1,-1,1,-1,1,0.009277072735130787
-1,1,1,-1,-1,1,1,-1,-1,-1,-1,-1,1,-1,1,1,-1,-1,1,-1,0.008816301822662354
-1,1,1,-1,-1,1,1,-1,-1,-1,-1,1,-1,-1,-1,1,-1,-1,-1,1,0.009150659665465355
-1,1,1,-1,-1,1,1,-1,-1,-1,-1,1,-1,-1,-1,1,-1,-1,1,1,0.00866570882499218
-1,1,1,-1,-1,1,1,-1,-1,-1,-1,1,1,-1,1,1,1,1,-1,-1,0.010129086673259735
-1,1,1,-1,-1,1,1,-1,-1,-1,-1,1,1,1,1,1,1,1,1,1,0.008710386231541634
-1,1,1,-1,-1,1,1,-1,-1,-1,1,-1,-1,-1,-1,1,-1,1,1,-1,0.010313179343938828
-1,1,1,-1,-1,1,1,-1,-1,1,-1,-1,-1,1,1,1,-1,1,-1,1,0.009402016177773476
-1,1,1,-1,-1,1,1,-1,-1,1,-1,-1,1,1,-1,1,1,-1,-1,-1,0.009968068450689316
-1,1,1,-1,-1,1,1,-1,-1,1,-1,-1,1,1,1,-1,-1,-1,-1,-1,0.008978274650871754
-1,1,1,-1,-1,1,1,-1,-1,1,-1,1,1,-1,1,-1,1,-1,1,-1,0.00946272723376751
-1,1,1,-1,-1,1,1,-1,-1,1,-1,1,1,1,-1,1,1,-1,-1,1,0.009340133517980576
-1,1,1,-1,-1,1,1,-1,-1,1,-1,1,1,1,-1,1,1,-1,1,-1,0.009213898330926895
-1,1,1,-1,-1,1,1,-1,-1,1,-1,1,1,1,1,-1,1,1,-1,1,0.009447393007576466
-1,1,1,-1,-1,1,1,-1,-1,1,1,-1,-1,-1,-1,-1,1,-1,-1,1,0.010921596549451351
-1,1,1,-1,-1,1,1,-1,-1,1,1,-1,-1,-1,1,-1,-1,-1,1,1,0.009545779787003994
-1,1,1,-1,-1,1,1,-1,-1,1,1,-1,1,1,-1,1,-1,-1,1,1,0.009046885184943676
-1,1,1,-1,-1,1,1,-1,-1,1,1,1,-1,-1,-1,-1,1,1,-1,-1,0.011444556526839733
-1,1,1,-1,-1,1,1,-1,-1,1,1,1,-1,-1,1,-1,1,1,-1,1,0.010858564637601376
-1,1,1,-1,-1,1,1,-1,-1,1,1,1,-1,1,-1,1,-1,1,-1,-1,0.010304860770702362
-1,1,1,-1,-1,1,1,-1,-1,1,1,1,-1,1,1,-1,1,1,1,1,0.009798579849302769
-1,1,1,-1,-1,1,1,-1,-1,1,1,1,1,1,-1,-1,-1,-1,-1,-1,0.00952240452170372
-1,1,1,-1,-1,1,1,-1,1,-1,-1,1,-1,-1,-1,1,1,-1,-1,-1,0.010019981302320957
-1,1,1,-1,-1,1,1,-1,1,-1,-1,1,1,1,-1,-1,1,-1,1,1,0.008252288214862347
-1,1,1,-1,-1,1,1,-1,1,-1,1,-1,-1,-1,-1,1,-1,1,1,1,0.009801480919122696
-1,1,1,-1,-1,1,1,-1,1,-1,1,-1,-1,1,-1,1,1,-1,1,-1,0.009815288707613945
-1,1,1,-1,-1,1,1,-1,1,-1,1,-1,-1,1,1,-1,1,-1,1,-1,0.009489084593951702
-1,1,1,-1,-1,1,1,-1,1,-1,1,-1,-1,1,1,1,1,-1,-1,1,0.009714247658848763
-1,1,1,-1,-1,1,1,-1,1,-1,1,-1,1,-1,1,1,-1,1,-1,1,0.009809089824557304
-1,1,1,-1,-1,1,1,-1,1,-1,1,-1,1,1,1,-1,1,-1,-1,-1,0.009723969735205173
-1,1,1,-1,-1,1,1,-1,1,-1,1,1,1,1,-1,1,-1,-1,1,-1,0.008632414974272251
-1,1,1,-1,-1,1,1,-1,1,1,-1,-1,-1,1,1,1,-1,1,-1,-1,0.009607748128473759
-1,1,1,-1,-1,1,1,-1,1,1,-1,-1,1,1,-1,-1,1,-1,-1,1,0.00935744121670723
-1,1,1,-1,-1,1,1,-1,1,1,-1,1,-1,-1,-1,1,1,1,1,-1,0.010319476947188377
-1,1,1,-1,-1,1,1,-1,1,1,1,-1,-1,-1,1,-1,-1,1,1,1,0.009826259687542915
-1,1,1,-1,-1,1,1,-1,1,1,1,-1,1,1,1,-1,-1,-1,1,-1,0.008926413021981716
-1,1,1,-1,-1,1,1,-1,1,1,1,-1,1,1,1,-1,-1,1,1,1,0.009001160971820354
-1,1,1,-1,-1,1,1,-1,1,1,1,1,-1,-1,1,1,1,-1,1,-1,0.01024481002241373
-1,1,1,-1,-1,1,1,-1,1,1,1,1,1,-1,1,1,-1,1,1,-1,0.00976461824029684
-1,1,1,-1,-1,1,1,1,-1,-1,-1,-1,-1,-1,1,-1,-1,1,1,1,0.008793026208877563
-1,1,1,-1,-1,1,1,1,-1,-1,-1,-1,1,1,1,1,-1,-1,1,-1,0.00799210648983717
-1,1,1,-1,-1,1,1,1,-1,-1,-1,1,-1,-1,1,1,1,1,1,1,0.009286323562264442
-1,1,1,-1,-1,1,1,1,-1,-1,-1,1,1,-1,-1,-1,-1,1,1,-1,0.008859733119606972
-1,1,1,-1,-1,1,1,1,-1,-1,-1,1,1,-1,1,-1,-1,1,1,1,0.008273741230368614
-1,1,1,-1,-1,1,1,1,-1,-1,1,-1,-1,1,-1,-1,1,1,-1,1,0.010179881006479263
-1,1,1,-1,-1,1,1,1,-1,-1,1,-1,1,-1,1,-1,-1,-1,1,1,0.008695569820702076
-1,1,1,-1,-1,1,1,1,-1,-1,1,1,-1,-1,1,-1,-1,1,1,-1,0.009468594565987587
-1,1,1,-1,-1,1,1,1,-1,-1,1,1,-1,1,-1,1,1,-1,-1,-1,0.00993484165519476
-1,1,1,-1,-1,1,1,1,-1,-1,1,1,-1,1,1,-1,-1,1,1,-1,0.008893560618162155
-1,1,1,-1,-1,1,1,1,-1,-1,1,1,1,1,1,-1,-1,1,-1,1,0.008769731037318707
-1,1,1,-1,-1,1,1,1,-1,1,-1,-1,1,-1,-1,-1,1,-1,1,-1,0.009710061363875866
-1,1,1,-1,-1,1,1,1,-1,1,-1,1,-1,1,1,-1,1,1,1,1,0.008963345550000668
-1,1,1,-1,-1,1,1,1,-1,1,-1,1,1,1,-1,-1,-1,-1,1,-1,0.008202219381928444
-1,1,1,-1,-1,1,1,1,-1,1,1,-1,-1,-1,1,1,-1,-1,1,-1,0.009754261001944542
-1,1,1,-1,-1,1,1,1,-1,1,1,1,-1,1,-1,-1,-1,1,1,-1,0.009471820667386055
-1,1,1,-1,-1,1,1,1,-1,1,1,1,-1,1,1,-1,-1,1,1,-1,0.009244544431567192
-1,1,1,-1,-1,1,1,1,-1,1,1,1,-1,1,1,-1,-1,1,1,1,0.008885828778147697
-1,1,1,-1,-1,1,1,1,-1,1,1,1,1,-1,-1,-1,-1,1,1,1,0.009438073262572289
-1,1,1,-1,-1,1,1,1,-1,1,1,1,1,-1,1,1,-1,1,-1,-1,0.010153391398489475
-1,1,1,-1,-1,1,1,1,1,-1,-1,-1,-1,-1,-1,1,-1,1,-1,-1,0.009809913113713264
-1,1,1,-1,-1,1,1,1,1,-1,-1,-1,-1,1,1,1,1,-1,-1,1,0.008879013359546661
-1,1,1,-1,-1,1,1,1,1,-1,-1,1,1,-1,1,1,1,1,1,1,0.008883275091648102
-1,1,1,-1,-1,1,1,1,1,-1,-1,1,1,1,-1,-1,1,-1,-1,-1,0.008846793323755264
-1,1,1,-1,-1,1,1,1,1,-1,1,-1,-1,-1,-1,-1,-1,-1,-1,1,0.009504878893494606
-1,1,1,-1,-1,1,1,1,1,-1,1,-1,-1,1,1,1,-1,1,1,-1,0.009108725003898144
-1,1,1,-1,-1,1,1,1,1,-1,1,1,-1,-1,-1,1,-1,-1,1,1,0.008849636651575565
-1,1,1,-1,-1,1,1,1,1,-1,1,1,1,-1,1,-1,1,-1,1,1,0.008936956524848938
-1,1,1,-1,-1,1,1,1,1,1,-1,-1,1,1,-1,-1,1,1,-1,1,0.009541742503643036
-1,1,1,-1,-1,1,1,1,1,1,-1,-1,1,1,-1,1,-1,-1,-1,1,0.008543618023395538
-1,1,1,-1,-1,1,1,1,1,1,1,-1,-1,1,-1,1,-1,-1,-1,-1,0.009738471359014511
-1,1,1,-1,-1,1,1,1,1,1,1,1,1,1,1,1,1,-1,-1,-1,0.009655499830842018
-1,1,1,-1,-1,1,1,1,1,1,1,1,1,1,1,1,1,-1,1,-1,0.009170548990368843
-1,1,1,-1,1,-1,-1,-1,-1,-1,-1,-1,1,1,-1,-1,-1,1,-1,1,0.008947527036070824
-1,1,1,-1,1,-1,-1,-1,-1,-1,-1,1,-1,1,-1,1,1,1,-1,-1,0.010049605742096901
-1,1,1,-1,1,-1,-1,-1,-1,-1,-1,1,1,-1,1,-1,-1,-1,-1,-1,0.008951317518949509
-1,1,1,-1,1,-1,-1,-1,-1,-1,-1,1,1,-1,1,-1,1,1,-1,1,0.009689654223620892
-1,1,1,-1,1,-1,-1,-1,-1,-1,-1,1,1,1,1,-1,1,1,1,1,0.00862967036664486
-1,1,1,-1,1,-1,-1,-1,-1,-1,-1,1,1,1,1,1,1,-1,1,1,0.008295134641230106
-1,1,1,-1,1,-1,-1,-1,-1,-1,1,1,-1,1,1,1,-1,-1,1,-1,0.008826399222016335
-1,1,1,-1,1,-1,-1,-1,-1,-1,1,1,-1,1,1,1,-1,1,1,1,0.008901146240532398
-1,1,1,-1,1,-1,-1,-1,-1,-1,1,1,1,-1,-1,1,-1,1,-1,-1,0.010297057218849659
-1,1,1,-1,1,-1,-1,-1,-1,-1,1,1,1,1,-1,1,-1,-1,1,-1,0.008803609758615494
-1,1,1,-1,1,-1,-1,-1,-1,-1,1,1,1,1,-1,1,1,-1,1,-1,0.009467198513448238
-1,1,1,-1,1,-1,-1,-1,-1,-1,1,1,1,1,1,1,-1,-1,1,-1,0.00857633352279663
-1,1,1,-1,1,-1,-1,-1,-1,1,-1,-1,-1,1,-1,-1,-1,-1,1,1,0.008630161173641682
-1,1,1,-1,1,-1,-1,-1,-1,1,-1,-1,1,1,-1,1,-1,1,-1,-1,0.00975615344941616
-1,1,1,-1,1,-1,-1,-1,-1,1,-1,1,1,-1,-1,-1,-1,1,1,-1,0.009478089399635792
-1,1,1,-1,1,-1,-1,-1,-1,1,-1,1,1,-1,-1,1,1,-1,-1,-1,0.010292094200849533
-1,1,1,-1,1,-1,-1,-1,-1,1,-1,1,1,1,-1,1,1,1,-1,-1,0.010150523856282234
-1,1,1,-1,1,-1,-1,-1,-1,1,-1,1,1,1,1,-1,1,1,-1,1,0.009465604089200497
-1,1,1,-1,1,-1,-1,-1,-1,1,-1,1,1,1,1,1,-1,1,1,1,0.008415991440415382
-1,1,1,-1,1,-1,-1,-1,-1,1,1,-1,-1,1,-1,1,1,1,-1,1,0.010897165164351463
-1,1,1,-1,1,-1,-1,-1,-1,1,1,1,1,-1,-1,1,-1,1,-1,1,0.010289325378835201
-1,1,1,-1,1,-1,-1,-1,-1,1,1,1,1,-1,1,1,1,1,1,1,0.010240687057375908
-1,1,1,-1,1,-1,-1,-1,-1,1,1,1,1,1,-1,-1,-1,1,1,-1,0.009489128366112709
-1,1,1,-1,1,-1,-1,-1,-1,1,1,1,1,1,1,1,1,1,-1,1,0.010150604881346226
-1,1,1,-1,1,-1,-1,-1,1,-1,-1,-1,-1,-1,-1,-1,-1,-1,1,1,0.00870122853666544
-1,1,1,-1,1,-1,-1,-1,1,-1,-1,-1,-1,-1,-1,1,-1,-1,1,-1,0.009158872067928314
-1,1,1,-1,1,-1,-1,-1,1,-1,-1,-1,-1,1,-1,-1,-1,-1,1,1,0.008126194588840008
-1,1,1,-1,1,-1,-1,-1,1,-1,-1,-1,1,1,1,-1,-1,1,-1,1,0.00856726709753275
-1,1,1,-1,1,-1,-1,-1,1,-1,-1,1,-1,-1,1,1,-1,-1,-1,1,0.008788611739873886
-1,1,1,-1,1,-1,-1,-1,1,-1,-1,1,1,-1,-1,1,1,1,-1,1,0.009862875565886497
-1,1,1,-1,1,-1,-1,-1,1,-1,-1,1,1,1,1,-1,1,-1,-1,-1,0.008886889554560184
-1,1,1,-1,1,-1,-1,-1,1,-1,1,-1,-1,-1,-1,1,-1,1,1,-1,0.010178407654166222
-1,1,1,-1,1,-1,-1,-1,1,-1,1,-1,1,1,1,1,1,-1,1,-1,0.00935615785419941
-1,1,1,-1,1,-1,-1,-1,1,-1,1,-1,1,1,1,1,1,1,1,-1,0.009789621457457542
-1,1,1,-1,1,-1,-1,-1,1,-1,1,1,-1,1,-1,1,1,-1,-1,-1,0.010049231350421906
-1,1,1,-1,1,-1,-1,-1,1,-1,1,1,1,-1,-1,-1,-1,-1,-1,-1,0.009611682966351509
-1,1,1,-1,1,-1,-1,-1,1,1,-1,-1,-1,-1,-1,1,1,1,1,-1,0.010606908239424229
-1,1,1,-1,1,-1,-1,-1,1,1,-1,-1,1,-1,1,-1,1,-1,1,1,0.009238459169864655
-1,1,1,-1,1,-1,-1,-1,1,1,-1,-1,1,1,1,1,-1,1,1,1,0.008532227948307991
-1,1,1,-1,1,-1,-1,-1,1,1,1,-1,1,-1,1,1,-1,1,1,1,0.009693333879113197
-1,1,1,-1,1,-1,-1,-1,1,1,1,-1,1,-1,1,1,1,-1,-1,1,0.010408410802483559
-1,1,1,-1,1,-1,-1,-1,1,1,1,1,-1,-1,1,-1,1,1,-1,-1,0.01108250766992569
-1,1,1,-1,1,-1,-1,-1,1,1,1,1,1,-1,-1,-1,-1,1,-1,-1,0.010396129451692104
-1,1,1,-1,1,-1,-1,1,-1,-1,-1,-1,-1,-1,1,-1,-1,1,1,-1,0.00916995294392109
-1,1,1,-1,1,-1,-1,1,-1,-1,-1,-1,-1,-1,1,1,1,-1,-1,-1,0.00998395774513483
-1,1,1,-1,1,-1,-1,1,-1,-1,-1,-1,-1,1,1,-1,1,1,1,-1,0.009258508682250977
-1,1,1,-1,1,-1,-1,1,-1,-1,-1,-1,1,-1,-1,-1,1,-1,-1,1,0.009503524750471115
-1,1,1,-1,1,-1,-1,1,-1,-1,-1,1,-1,-1,1,-1,-1,1,-1,-1,0.009385684505105019
-1,1,1,-1,1,-1,-1,1,-1,-1,-1,1,-1,-1,1,1,-1,1,-1,1,0.009125896729528904
-1,1,1,-1,1,-1,-1,1,-1,-1,-1,1,1,-1,-1,-1,1,1,-1,1,0.009667769074440002
-1,1,1,-1,1,-1,-1,1,-1,-1,1,-1,-1,-1,-1,1,1,1,1,1,0.010387103073298931
-1,1,1,-1,1,-1,-1,1,-1,-1,1,-1,1,1,1,-1,1,-1,-1,-1,0.009646003134548664
-1,1,1,-1,1,-1,-1,1,-1,-1,1,1,-1,-1,-1,-1,-1,-1,1,1,0.008921903558075428
-1,1,1,-1,1,-1,-1,1,-1,-1,1,1,1,-1,1,-1,-1,1,1,-1,0.009236740879714489
-1,1,1,-1,1,-1,-1,1,-1,1,-1,-1,-1,1,-1,-1,1,-1,1,1,0.009044589474797249
-1,1,1,-1,1,-1,-1,1,-1,1,-1,-1,1,-1,-1,-1,-1,1,-1,1,0.009624382480978966
-1,1,1,-1,1,-1,-1,1,-1,1,-1,-1,1,1,-1,-1,-1,1,-1,1,0.009049348533153534
-1,1,1,-1,1,-1,-1,1,-1,1,-1,-1,1,1,1,1,-1,1,1,1,0.008436049334704876
-1,1,1,-1,1,-1,-1,1,-1,1,-1,1,1,-1,-1,1,-1,1,1,1,0.008969140239059925
-1,1,1,-1,1,-1,-1,1,-1,1,-1,1,1,-1,1,-1,1,-1,1,-1,0.009231776930391788
-1,1,1,-1,1,-1,-1,1,-1,1,-1,1,1,1,1,1,-1,-1,-1,1,0.008218318223953247
-1,1,1,-1,1,-1,-1,1,-1,1,1,-1,-1,-1,1,1,1,1,-1,-1,0.0113544762134552
-1,1,1,-1,1,-1,-1,1,-1,1,1,1,-1,1,-1,1,-1,-1,1,1,0.008796781301498413
-1,1,1,-1,1,-1,-1,1,-1,1,1,1,1,-1,1,1,1,-1,1,-1,0.009916777722537518
-1,1,1,-1,1,-1,-1,1,-1,1,1,1,1,1,1,1,1,1,-1,1,0.009901442565023899
-1,1,1,-1,1,-1,-1,1,-1,1,1,1,1,1,1,1,1,1,1,-1,0.009775207377970219
-1,1,1,-1,1,-1,-1,1,1,-1,-1,-1,-1,-1,1,1,1,-1,1,-1,0.009346023201942444
-1,1,1,-1,1,-1,-1,1,1,-1,-1,-1,1,-1,-1,1,1,1,-1,1,0.009882932528853416
-1,1,1,-1,1,-1,-1,1,1,-1,-1,1,1,1,-1,-1,1,1,1,1,0.008454801514744759
-1,1,1,-1,1,-1,-1,1,1,-1,-1,1,1,1,1,-1,-1,-1,-1,-1,0.007974138483405113
-1,1,1,-1,1,-1,-1,1,1,-1,1,-1,-1,1,1,-1,1,1,1,-1,0.009691597893834114
-1,1,1,-1,1,-1,-1,1,1,-1,1,1,1,-1,-1,-1,1,-1,1,1,0.009182443842291832
-1,1,1,-1,1,-1,-1,1,1,-1,1,1,1,-1,-1,-1,1,1,-1,-1,0.010459573939442635
-1,1,1,-1,1,-1,-1,1,1,1,-1,-1,1,-1,-1,-1,1,1,1,1,0.009650036692619324
-1,1,1,-1,1,-1,-1,1,1,1,-1,-1,1,-1,1,-1,-1,-1,1,1,0.008325708098709583
-1,1,1,-1,1,-1,-1,1,1,1,-1,-1,1,-1,1,-1,1,-1,1,-1,0.009348013438284397
-1,1,1,-1,1,-1,-1,1,1,1,-1,1,-1,-1,-1,-1,1,-1,-1,1,0.009682371281087399
-1,1,1,-1,1,-1,-1,1,1,1,-1,1,1,-1,-1,-1,1,-1,-1,-1,0.00979102123528719
-1,1,1,-1,1,-1,-1,1,1,1,-1,1,1,-1,1,-1,1,1,-1,1,0.009638492949306965
-1,1,1,-1,1,-1,-1,1,1,1,1,-1,-1,-1,1,1,-1,-1,1,1,0.009260774590075016
-1,1,1,-1,1,-1,-1,1,1,1,1,-1,-1,1,-1,-1,-1,1,-1,-1,0.010091218166053295
-1,1,1,-1,1,-1,-1,1,1,1,1,1,-1,-1,1,-1,1,1,1,1,0.009989679791033268
-1,1,1,-1,1,-1,-1,1,1,1,1,1,1,1,-1,-1,-1,1,1,1,0.00872826762497425
-1,1,1,-1,1,-1,1,-1,-1,-1,-1,-1,1,-1,-1,-1,1,-1,1,1,0.009664290584623814
-1,1,1,-1,1,-1,1,-1,-1,-1,-1,-1,1,1,1,1,1,1,-1,-1,0.010238038375973701
-1,1,1,-1,1,-1,1,-1,-1,-1,-1,1,-1,-1,-1,-1,-1,1,-1,1,0.00989996176213026
-1,1,1,-1,1,-1,1,-1,-1,-1,-1,1,1,1,-1,-1,-1,1,1,-1,0.00894862785935402
-1,1,1,-1,1,-1,1,-1,-1,-1,1,1,-1,-1,-1,-1,-1,1,1,-1,0.01035979948937893
-1,1,1,-1,1,-1,1,-1,-1,-1,1,1,-1,-1,-1,1,1,-1,-1,1,0.010815088637173176
-1,1,1,-1,1,-1,1,-1,-1,-1,1,1,-1,-1,1,1,-1,1,1,-1,0.010231451131403446
-1,1,1,-1,1,-1,1,-1,-1,-1,1,1,-1,1,-1,1,-1,-1,1,-1,0.009450229816138744
-1,1,1,-1,1,-1,1,-1,-1,-1,1,1,1,1,1,1,1,-1,1,1,0.009277761913836002
-1,1,1,-1,1,-1,1,-1,-1,1,-1,-1,-1,-1,1,-1,-1,-1,-1,-1,0.010218140669167042
-1,1,1,-1,1,-1,1,-1,-1,1,-1,-1,-1,-1,1,-1,-1,1,-1,1,0.010292887687683105
-1,1,1,-1,1,-1,1,-1,-1,1,-1,-1,-1,1,-1,-1,1,1,1,1,0.01012376882135868
-1,1,1,-1,1,-1,1,-1,-1,1,-1,-1,-1,1,1,-1,1,-1,-1,-1,0.010306695476174355
-1,1,1,-1,1,-1,1,-1,-1,1,-1,1,-1,-1,1,-1,-1,-1,-1,1,0.009590205736458302
-1,1,1,-1,1,-1,1,-1,-1,1,-1,1,1,-1,-1,-1,-1,1,1,1,0.009515929035842419
-1,1,1,-1,1,-1,1,-1,-1,1,1,-1,-1,-1,1,1,-1,-1,-1,1,0.010544424876570702
-1,1,1,-1,1,-1,1,-1,-1,1,1,-1,-1,1,-1,-1,-1,1,1,-1,0.010404967702925205
-1,1,1,-1,1,-1,1,-1,-1,1,1,-1,1,1,1,-1,1,-1,-1,1,0.010283987037837505
-1,1,1,-1,1,-1,1,-1,-1,1,1,1,1,-1,1,-1,-1,-1,1,1,0.009441262111067772
-1,1,1,-1,1,-1,1,-1,1,-1,-1,-1,1,-1,-1,1,1,1,1,1,0.010043698363006115
-1,1,1,-1,1,-1,1,-1,1,-1,-1,-1,1,1,1,-1,-1,-1,1,1,0.008045407943427563
-1,1,1,-1,1,-1,1,-1,1,-1,-1,-1,1,1,1,-1,1,1,1,-1,0.009501175954937935
-1,1,1,-1,1,-1,1,-1,1,-1,-1,1,-1,-1,1,1,1,1,1,-1,0.010155984200537205
-1,1,1,-1,1,-1,1,-1,1,-1,-1,1,-1,1,1,-1,1,1,1,-1,0.009482022374868393
-1,1,1,-1,1,-1,1,-1,1,-1,1,-1,-1,-1,-1,1,-1,1,1,-1,0.010574962943792343
-1,1,1,-1,1,-1,1,-1,1,-1,1,-1,-1,-1,1,1,1,-1,1,1,0.010219097137451172
-1,1,1,-1,1,-1,1,-1,1,-1,1,-1,1,-1,-1,1,-1,-1,-1,1,0.010017669759690762
-1,1,1,-1,1,-1,1,-1,1,-1,1,-1,1,1,-1,1,-1,1,-1,1,0.009876099415123463
-1,1,1,-1,1,-1,1,-1,1,-1,1,-1,1,1,1,-1,1,-1,-1,-1,0.010138736106455326
-1,1,1,-1,1,-1,1,-1,1,-1,1,1,1,-1,-1,1,1,1,1,-1,0.010719267651438713
-1,1,1,-1,1,-1,1,-1,1,-1,1,1,1,1,1,1,-1,-1,-1,-1,0.009304855950176716
-1,1,1,-1,1,-1,1,-1,1,1,-1,-1,-1,-1,1,1,-1,-1,1,-1,0.009679134003818035
-1,1,1,-1,1,-1,1,-1,1,1,-1,-1,1,1,-1,1,1,1,-1,1,0.010304599069058895
-1,1,1,-1,1,-1,1,-1,1,1,-1,1,1,-1,1,-1,-1,1,1,-1,0.009494384750723839
-1,1,1,-1,1,-1,1,-1,1,1,1,-1,-1,-1,1,-1,1,-1,1,-1,0.010829867795109749
-1,1,1,-1,1,-1,1,-1,1,1,1,-1,1,1,1,-1,1,1,-1,1,0.010564466938376427
-1,1,1,-1,1,-1,1,-1,1,1,1,1,-1,-1,-1,1,-1,-1,1,-1,0.010223263874650002
-1,1,1,-1,1,-1,1,-1,1,1,1,1,-1,-1,-1,1,-1,-1,1,1,0.009864548221230507
-1,1,1,-1,1,-1,1,-1,1,1,1,1,1,1,1,-1,1,-1,1,1,0.009376834146678448
-1,1,1,-1,1,-1,1,1,-1,-1,-1,-1,1,1,-1,-1,-1,1,1,-1,0.008968684822320938
-1,1,1,-1,1,-1,1,1,-1,-1,-1,-1,1,1,-1,1,-1,1,1,-1,0.009067612700164318
-1,1,1,-1,1,-1,1,1,-1,-1,-1,-1,1,1,1,-1,-1,1,-1,1,0.008867643773555756
-1,1,1,-1,1,-1,1,1,-1,-1,-1,1,-1,-1,-1,-1,1,1,1,-1,0.010188154876232147
-1,1,1,-1,1,-1,1,1,-1,-1,-1,1,1,1,-1,-1,1,1,1,1,0.009004339575767517
-1,1,1,-1,1,-1,1,1,-1,-1,1,-1,-1,-1,1,-1,1,-1,-1,1,0.010508941486477852
-1,1,1,-1,1,-1,1,1,-1,-1,1,-1,-1,1,-1,-1,-1,1,-1,1,0.009931058622896671
-1,1,1,-1,1,-1,1,1,-1,-1,1,-1,-1,1,1,-1,1,1,-1,1,0.010367371141910553
-1,1,1,-1,1,-1,1,1,-1,-1,1,-1,1,-1,-1,-1,-1,-1,1,-1,0.009696328081190586
-1,1,1,-1,1,-1,1,1,-1,-1,1,-1,1,-1,1,-1,1,1,-1,-1,0.011051055043935776
-1,1,1,-1,1,-1,1,1,-1,-1,1,1,-1,1,-1,-1,-1,-1,1,-1,0.009102140553295612
-1,1,1,-1,1,-1,1,1,-1,-1,1,1,-1,1,-1,1,-1,1,1,-1,0.009634532034397125
-1,1,1,-1,1,-1,1,1,-1,1,-1,-1,-1,-1,1,-1,1,-1,1,-1,0.01014761719852686
-1,1,1,-1,1,-1,1,1,-1,1,-1,-1,-1,1,1,1,1,1,-1,-1,0.010589925572276115
-1,1,1,-1,1,-1,1,1,-1,1,-1,1,-1,-1,-1,-1,1,-1,-1,-1,0.010590624995529652
-1,1,1,-1,1,-1,1,1,-1,1,-1,1,1,1,1,1,1,1,-1,1,0.009711925871670246
-1,1,1,-1,1,-1,1,1,-1,1,1,-1,-1,1,1,1,-1,-1,-1,1,0.009720229543745518
-1,1,1,-1,1,-1,1,1,-1,1,1,-1,1,-1,1,-1,1,-1,1,-1,0.010483624413609505
-1,1,1,-1,1,-1,1,1,-1,1,1,1,1,-1,-1,-1,1,-1,-1,-1,0.010926632210612297
-1,1,1,-1,1,-1,1,1,-1,1,1,1,1,1,-1,-1,1,-1,-1,1,0.00999288260936737
-1,1,1,-1,1,-1,1,1,1,-1,-1,-1,1,1,-1,1,-1,1,1,1,0.008555914275348186
-1,1,1,-1,1,-1,1,1,1,-1,-1,-1,1,1,1,1,1,-1,-1,-1,0.00940243061631918
-1,1,1,-1,1,-1,1,1,1,-1,-1,1,-1,1,1,1,-1,-1,-1,-1,0.008719687350094318
-1,1,1,-1,1,-1,1,1,1,-1,1,-1,-1,-1,1,1,1,1,-1,1,0.010888349264860153
-1,1,1,-1,1,-1,1,1,1,-1,1,-1,1,1,-1,1,-1,1,1,1,0.009141986258327961
-1,1,1,-1,1,-1,1,1,1,-1,1,-1,1,1,1,1,1,1,-1,1,0.010063250549137592
-1,1,1,-1,1,-1,1,1,1,-1,1,1,-1,-1,1,1,-1,1,1,1,0.009470590390264988
-1,1,1,-1,1,-1,1,1,1,1,-1,-1,1,-1,1,-1,1,-1,1,-1,0.009744567796587944
-1,1,1,-1,1,-1,1,1,1,1,-1,1,-1,1,-1,1,-1,1,-1,-1,0.009731410071253777
-1,1,1,-1,1,-1,1,1,1,1,-1,1,1,1,-1,-1,-1,1,1,-1,0.008897465653717518
-1,1,1,-1,1,-1,1,1,1,1,1,1,-1,-1,-1,-1,1,1,-1,-1,0.011457177810370922
-1,1,1,-1,1,-1,1,1,1,1,1,1,-1,-1,1,1,-1,1,1,1,0.00982157327234745
-1,1,1,-1,1,-1,1,1,1,1,1,1,-1,1,-1,-1,-1,1,1,1,0.009374887682497501
-1,1,1,-1,1,-1,1,1,1,1,1,1,-1,1,-1,1,1,-1,1,1,0.009703941643238068
-1,1,1,-1,1,-1,1,1,1,1,1,1,-1,1,1,-1,1,1,1,-1,0.010169916786253452
-1,1,1,-1,1,-1,1,1,1,1,1,1,1,1,1,-1,-1,-1,-1,1,0.008949033915996552
-1,1,1,-1,1,1,-1,-1,-1,-1,-1,-1,1,-1,1,1,-1,-1,-1,-1,0.009587458334863186
-1,1,1,-1,1,1,-1,-1,-1,-1,-1,1,-1,-1,1,1,1,-1,-1,1,0.009873178787529469
-1,1,1,-1,1,1,-1,-1,-1,-1,-1,1,-1,1,1,-1,1,1,-1,-1,0.009991396218538284
-1,1,1,-1,1,1,-1,-1,-1,-1,1,-1,-1,-1,-1,-1,-1,-1,-1,-1,0.010551944375038147
-1,1,1,-1,1,1,-1,-1,-1,-1,1,-1,-1,-1,1,-1,1,-1,-1,1,0.010629542171955109
-1,1,1,-1,1,1,-1,-1,-1,-1,1,-1,1,1,1,-1,1,-1,-1,-1,0.010163158178329468
-1,1,1,-1,1,1,-1,-1,-1,-1,1,1,-1,-1,-1,1,1,-1,1,-1,0.010560291819274426
-1,1,1,-1,1,1,-1,-1,-1,-1,1,1,1,1,-1,1,1,1,-1,-1,0.010653606615960598
-1,1,1,-1,1,1,-1,-1,-1,1,-1,-1,1,1,-1,-1,1,1,-1,-1,0.010588808916509151
-1,1,1,-1,1,1,-1,-1,-1,1,-1,-1,1,1,1,-1,1,-1,-1,1,0.009569353424012661
-1,1,1,-1,1,1,-1,-1,-1,1,-1,1,-1,-1,1,-1,-1,1,1,1,0.00941015686839819
-1,1,1,-1,1,1,-1,-1,-1,1,-1,1,1,1,-1,-1,1,1,-1,-1,0.010319589637219906
-1,1,1,-1,1,1,-1,-1,-1,1,-1,1,1,1,1,-1,1,1,1,1,0.009248646907508373
-1,1,1,-1,1,1,-1,-1,-1,1,1,-1,-1,-1,-1,1,-1,1,-1,1,0.011076603084802628
-1,1,1,-1,1,1,-1,-1,-1,1,1,-1,-1,-1,1,1,-1,-1,1,1,0.009930912405252457
-1,1,1,-1,1,1,-1,-1,-1,1,1,-1,-1,1,1,-1,-1,1,-1,-1,0.010534080676734447
-1,1,1,-1,1,1,-1,-1,-1,1,1,-1,-1,1,1,1,-1,-1,-1,1,0.009840830229222775
-1,1,1,-1,1,1,-1,-1,-1,1,1,-1,1,-1,-1,1,-1,-1,1,1,0.00990812387317419
-1,1,1,-1,1,1,-1,-1,-1,1,1,1,-1,1,1,-1,1,1,-1,-1,0.010928451083600521
-1,1,1,-1,1,1,-1,-1,-1,1,1,1,1,-1,-1,1,1,1,-1,-1,0.011579623445868492
-1,1,1,-1,1,1,-1,-1,-1,1,1,1,1,1,-1,-1,1,1,1,1,0.010061996057629585
-1,1,1,-1,1,1,-1,-1,1,-1,-1,-1,-1,-1,1,1,1,1,1,-1,0.01029664184898138
-1,1,1,-1,1,1,-1,-1,1,-1,-1,-1,-1,1,-1,1,1,1,1,-1,0.009948885068297386
-1,1,1,-1,1,1,-1,-1,1,-1,-1,-1,1,-1,1,1,1,-1,1,-1,0.009613113477826118
-1,1,1,-1,1,1,-1,-1,1,-1,-1,-1,1,1,-1,1,1,-1,1,1,0.008906640112400055
-1,1,1,-1,1,1,-1,-1,1,-1,-1,1,-1,1,1,-1,1,-1,-1,1,0.009046233259141445
-1,1,1,-1,1,1,-1,-1,1,-1,1,-1,-1,-1,1,1,-1,1,1,1,0.009860409423708916
-1,1,1,-1,1,1,-1,-1,1,-1,1,-1,-1,1,1,1,-1,1,-1,1,0.009770327247679234
-1,1,1,-1,1,1,-1,-1,1,-1,1,-1,1,1,-1,-1,1,-1,1,1,0.009393785148859024
-1,1,1,-1,1,1,-1,-1,1,-1,1,1,-1,-1,-1,-1,1,1,-1,1,0.010868079029023647
-1,1,1,-1,1,1,-1,-1,1,-1,1,1,-1,1,-1,-1,-1,1,-1,1,0.009629456326365471
-1,1,1,-1,1,1,-1,-1,1,1,-1,-1,-1,-1,-1,1,1,1,1,-1,0.01087490189820528
-1,1,1,-1,1,1,-1,-1,1,1,-1,-1,-1,1,1,1,1,1,-1,-1,0.01055754255503416
-1,1,1,-1,1,1,-1,-1,1,1,-1,-1,-1,1,1,1,1,1,1,-1,0.010072591714560986
-1,1,1,-1,1,1,-1,-1,1,1,1,1,1,1,-1,-1,1,1,-1,-1,0.010752678848803043
-1,1,1,-1,1,1,-1,1,-1,-1,-1,-1,-1,-1,-1,-1,1,1,-1,-1,0.010813763365149498
-1,1,1,-1,1,1,-1,1,-1,-1,-1,-1,-1,1,1,-1,1,-1,-1,-1,0.00957798957824707
-1,1,1,-1,1,1,-1,1,-1,-1,-1,-1,1,1,-1,-1,1,-1,-1,1,0.00919648539274931
-1,1,1,-1,1,1,-1,1,-1,-1,1,-1,-1,1,-1,-1,1,1,-1,-1,0.01082480140030384
-1,1,1,-1,1,1,-1,1,-1,-1,1,-1,1,1,1,-1,1,1,1,-1,0.009862508624792099
-1,1,1,-1,1,1,-1,1,-1,-1,1,1,-1,-1,-1,-1,-1,1,-1,-1,0.010467027314007282
-1,1,1,-1,1,1,-1,1,-1,-1,1,1,-1,1,1,-1,-1,1,-1,-1,0.009664717130362988
-1,1,1,-1,1,1,-1,1,-1,-1,1,1,-1,1,1,1,-1,1,-1,1,0.009404929354786873
-1,1,1,-1,1,1,-1,1,-1,-1,1,1,1,1,-1,-1,-1,-1,-1,1,0.008849749341607094
-1,1,1,-1,1,1,-1,1,-1,1,-1,-1,-1,-1,1,1,-1,-1,-1,1,0.009580629877746105
-1,1,1,-1,1,1,-1,1,-1,1,-1,-1,-1,1,1,-1,-1,-1,1,1,0.008421717211604118
-1,1,1,-1,1,1,-1,1,-1,1,-1,-1,-1,1,1,1,1,-1,-1,1,0.009669185616075993
-1,1,1,-1,1,1,-1,1,-1,1,-1,-1,1,-1,1,1,-1,1,-1,-1,0.010122743435204029
-1,1,1,-1,1,1,-1,1,-1,1,-1,1,1,-1,1,-1,-1,-1,-1,1,0.008962417021393776
-1,1,1,-1,1,1,-1,1,-1,1,1,-1,-1,-1,-1,1,-1,-1,1,1,0.009909027256071568
-1,1,1,-1,1,1,-1,1,-1,1,1,-1,-1,1,-1,-1,1,-1,-1,1,0.01038360595703125
-1,1,1,-1,1,1,-1,1,-1,1,1,-1,-1,1,-1,1,-1,-1,-1,-1,0.010177659802138805
-1,1,1,-1,1,1,-1,1,-1,1,1,1,-1,1,-1,-1,1,-1,1,-1,0.009988151490688324
-1,1,1,-1,1,1,-1,1,-1,1,1,1,1,1,-1,1,-1,-1,1,1,0.008814709261059761
-1,1,1,-1,1,1,-1,1,1,-1,-1,-1,1,1,1,-1,1,1,1,-1,0.009123452939093113
-1,1,1,-1,1,1,-1,1,1,-1,-1,1,-1,-1,-1,-1,1,-1,-1,-1,0.009958097711205482
-1,1,1,-1,1,1,-1,1,1,-1,-1,1,-1,1,-1,1,-1,1,-1,-1,0.009251865558326244
-1,1,1,-1,1,1,-1,1,1,-1,-1,1,-1,1,1,-1,1,-1,1,1,0.008312121033668518
-1,1,1,-1,1,1,-1,1,1,-1,-1,1,1,-1,1,-1,1,-1,-1,1,0.009122040122747421
-1,1,1,-1,1,1,-1,1,1,-1,1,-1,-1,-1,-1,1,-1,-1,1,1,0.009405060671269894
-1,1,1,-1,1,1,-1,1,1,-1,1,-1,-1,1,-1,-1,-1,-1,-1,1,0.009216050617396832
-1,1,1,-1,1,1,-1,1,1,-1,1,-1,-1,1,-1,-1,-1,1,1,-1,0.00952327810227871
-1,1,1,-1,1,1,-1,1,1,-1,1,-1,1,1,-1,1,1,-1,-1,1,0.009728501550853252
-1,1,1,-1,1,1,-1,1,1,-1,1,1,-1,1,-1,1,1,-1,-1,1,0.00970934797078371
-1,1,1,-1,1,1,-1,1,1,-1,1,1,-1,1,1,1,1,-1,-1,-1,0.009840787388384342
-1,1,1,-1,1,1,-1,1,1,-1,1,1,1,1,-1,-1,1,1,-1,-1,0.010152533650398254
-1,1,1,-1,1,1,-1,1,1,1,-1,-1,-1,-1,-1,-1,1,-1,-1,1,0.010219584219157696
-1,1,1,-1,1,1,-1,1,1,1,-1,-1,-1,-1,1,1,-1,1,-1,1,0.009861109778285027
-1,1,1,-1,1,1,-1,1,1,1,-1,-1,-1,1,-1,-1,-1,1,1,-1,0.009288189001381397
-1,1,1,-1,1,1,-1,1,1,1,-1,-1,1,1,1,1,-1,-1,1,1,0.008117596618831158
-1,1,1,-1,1,1,-1,1,1,1,-1,1,1,-1,1,-1,-1,1,1,-1,0.009116661734879017
-1,1,1,-1,1,1,-1,1,1,1,-1,1,1,-1,1,1,-1,1,1,1,0.008856873959302902
-1,1,1,-1,1,1,-1,1,1,1,1,-1,-1,1,-1,1,1,1,-1,1,0.010763013735413551
-1,1,1,-1,1,1,-1,1,1,1,1,1,-1,-1,-1,1,1,1,-1,-1,0.011427544057369232
-1,1,1,-1,1,1,-1,1,1,1,1,1,-1,1,1,-1,1,-1,1,1,0.00924917683005333
-1,1,1,-1,1,1,1,-1,-1,-1,-1,-1,-1,1,-1,-1,1,-1,1,1,0.009607315994799137
-1,1,1,-1,1,1,1,-1,-1,-1,-1,-1,1,1,-1,-1,1,1,1,-1,0.010149429552257061
-1,1,1,-1,1,1,1,-1,-1,-1,-1,1,-1,-1,1,-1,1,1,1,-1,0.010478033684194088
-1,1,1,-1,1,1,1,-1,-1,-1,1,-1,-1,-1,1,-1,1,-1,-1,-1,0.011384813115000725
-1,1,1,-1,1,1,1,-1,-1,-1,1,-1,1,-1,1,-1,1,1,1,1,0.010724544525146484
-1,1,1,-1,1,1,1,-1,-1,-1,1,1,-1,1,1,1,-1,1,1,1,0.009565695188939571
-1,1,1,-1,1,1,1,-1,-1,-1,1,1,1,-1,-1,1,1,-1,1,-1,0.010706781409680843
-1,1,1,-1,1,1,1,-1,-1,-1,1,1,1,1,-1,1,1,1,1,-1,0.010565211065113544
-1,1,1,-1,1,1,1,-1,-1,1,-1,-1,-1,1,1,-1,-1,1,1,1,0.009500897489488125
-1,1,1,-1,1,1,1,-1,-1,1,-1,1,-1,-1,-1,-1,1,-1,1,-1,0.01062282919883728
-1,1,1,-1,1,1,1,-1,-1,1,-1,1,1,-1,1,-1,1,-1,-1,1,0.010271723382174969
-1,1,1,-1,1,1,1,-1,-1,1,-1,1,1,-1,1,1,-1,-1,1,-1,0.009580826386809349
-1,1,1,-1,1,1,1,-1,-1,1,-1,1,1,1,1,-1,1,-1,1,1,0.009211738593876362
-1,1,1,-1,1,1,1,-1,-1,1,1,-1,-1,-1,-1,-1,1,1,1,1,0.011552868410944939
-1,1,1,-1,1,1,1,-1,-1,1,1,1,1,1,-1,-1,-1,1,-1,-1,0.010638628154993057
-1,1,1,-1,1,1,1,-1,-1,1,1,1,1,1,1,1,-1,-1,1,1,0.009233149699866772
-1,1,1,-1,1,1,1,-1,-1,1,1,1,1,1,1,1,-1,1,1,-1,0.0100253289565444
-1,1,1,-1,1,1,1,-1,1,-1,-1,-1,1,-1,-1,1,1,1,-1,-1,0.011155358515679836
-1,1,1,-1,1,1,1,-1,1,-1,-1,1,-1,1,-1,-1,-1,1,-1,1,0.009439938701689243
-1,1,1,-1,1,1,1,-1,1,-1,1,-1,-1,-1,-1,1,-1,1,1,-1,0.010842956602573395
-1,1,1,-1,1,1,1,-1,1,-1,1,-1,-1,-1,1,-1,1,-1,1,-1,0.010746878571808338
-1,1,1,-1,1,1,1,-1,1,-1,1,1,-1,-1,-1,-1,1,-1,-1,1,0.010831170715391636
-1,1,1,-1,1,1,1,-1,1,-1,1,1,-1,-1,1,-1,-1,-1,1,-1,0.009814069606363773
-1,1,1,-1,1,1,1,-1,1,-1,1,1,-1,-1,1,1,1,1,-1,-1,0.01149500161409378
-1,1,1,-1,1,1,1,-1,1,-1,1,1,1,-1,-1,1,-1,1,1,-1,0.010323671624064445
-1,1,1,-1,1,1,1,-1,1,-1,1,1,1,-1,1,-1,-1,-1,1,1,0.00920528918504715
-1,1,1,-1,1,1,1,-1,1,-1,1,1,1,1,-1,1,-1,1,-1,1,0.009874873794615269
-1,1,1,-1,1,1,1,-1,1,1,-1,-1,-1,-1,-1,1,1,-1,-1,1,0.01096422877162695
-1,1,1,-1,1,1,1,-1,1,1,-1,-1,-1,-1,1,1,1,-1,-1,1,0.010736952535808086
-1,1,1,-1,1,1,1,-1,1,1,-1,-1,-1,-1,1,1,1,1,1,-1,0.011044180020689964
-1,1,1,-1,1,1,1,-1,1,1,-1,-1,-1,1,1,1,1,1,-1,1,0.010595382191240788
-1,1,1,-1,1,1,1,-1,1,1,-1,1,-1,-1,1,-1,1,-1,1,1,0.009883854538202286
-1,1,1,-1,1,1,1,-1,1,1,-1,1,1,-1,-1,-1,1,1,1,-1,0.010653244331479073
-1,1,1,-1,1,1,1,-1,1,1,-1,1,1,-1,1,-1,1,-1,-1,1,0.010118739679455757
-1,1,1,-1,1,1,1,-1,1,1,1,-1,1,-1,1,-1,-1,-1,-1,-1,0.010669157840311527
-1,1,1,-1,1,1,1,-1,1,1,1,-1,1,1,-1,1,1,1,-1,1,0.011158665642142296
-1,1,1,-1,1,1,1,-1,1,1,1,1,1,-1,-1,-1,-1,1,-1,-1,0.011060678400099277
-1,1,1,-1,1,1,1,-1,1,1,1,1,1,1,-1,1,1,-1,-1,-1,0.010814698413014412
-1,1,1,-1,1,1,1,1,-1,-1,-1,-1,-1,1,-1,-1,-1,1,1,-1,0.009486744180321693
-1,1,1,-1,1,1,1,1,-1,-1,-1,-1,1,-1,1,1,1,-1,1,-1,0.009913490153849125
-1,1,1,-1,1,1,1,1,-1,-1,-1,-1,1,1,-1,-1,-1,-1,1,-1,0.008803214877843857
-1,1,1,-1,1,1,1,1,-1,-1,-1,1,-1,-1,1,-1,1,-1,1,-1,0.009795408695936203
-1,1,1,-1,1,1,1,1,-1,-1,-1,1,-1,1,1,-1,-1,-1,-1,1,0.008683021180331707
-1,1,1,-1,1,1,1,1,-1,-1,-1,1,1,1,-1,1,-1,-1,1,-1,0.008632924407720566
-1,1,1,-1,1,1,1,1,-1,-1,1,-1,-1,1,-1,-1,-1,1,1,-1,0.010072816163301468
-1,1,1,-1,1,1,1,1,-1,-1,1,-1,1,1,-1,-1,1,-1,-1,1,0.010179112665355206
-1,1,1,-1,1,1,1,1,-1,-1,1,1,-1,1,1,-1,1,1,-1,1,0.010366145521402359
-1,1,1,-1,1,1,1,1,-1,-1,1,1,1,1,-1,-1,1,-1,1,-1,0.00978365819901228
-1,1,1,-1,1,1,1,1,-1,1,-1,-1,-1,-1,-1,1,-1,-1,-1,1,0.010204460471868515
-1,1,1,-1,1,1,1,1,-1,1,-1,-1,1,1,-1,1,-1,1,1,-1,0.009686590172350407
-1,1,1,-1,1,1,1,1,-1,1,-1,1,1,-1,1,1,1,1,-1,-1,0.01091366820037365
-1,1,1,-1,1,1,1,1,-1,1,1,-1,1,1,1,1,-1,-1,1,-1,0.009611922316253185
-1,1,1,-1,1,1,1,1,-1,1,1,1,-1,1,-1,-1,-1,1,1,-1,0.01015458069741726
-1,1,1,-1,1,1,1,1,1,-1,-1,-1,-1,1,1,-1,1,1,-1,-1,0.010255024768412113
-1,1,1,-1,1,1,1,1,1,-1,-1,-1,1,-1,1,-1,-1,-1,-1,1,0.00912422500550747
-1,1,1,-1,1,1,1,1,1,-1,-1,-1,1,-1,1,-1,-1,1,-1,-1,0.009916403330862522
-1,1,1,-1,1,1,1,1,1,-1,-1,1,-1,-1,1,1,-1,-1,1,1,0.008719048462808132
-1,1,1,-1,1,1,1,1,1,-1,-1,1,-1,-1,1,1,-1,1,-1,-1,0.00999617762863636
-1,1,1,-1,1,1,1,1,1,-1,-1,1,-1,-1,1,1,-1,1,1,-1,0.009511226788163185
-1,1,1,-1,1,1,1,1,1,-1,-1,1,-1,1,1,-1,-1,-1,-1,-1,0.00888875313103199
-1,1,1,-1,1,1,1,1,1,-1,1,-1,-1,-1,-1,-1,-1,-1,-1,1,0.01018763892352581
-1,1,1,-1,1,1,1,1,1,-1,1,-1,-1,-1,1,1,-1,-1,1,-1,0.009933055378496647
-1,1,1,-1,1,1,1,1,1,-1,1,-1,-1,1,-1,1,-1,1,1,-1,0.010018761269748211
-1,1,1,-1,1,1,1,1,1,-1,1,-1,1,-1,-1,-1,1,-1,-1,1,0.010601162910461426
-1,1,1,-1,1,1,1,1,1,-1,1,-1,1,1,1,1,-1,1,1,1,0.00918270368129015
-1,1,1,-1,1,1,1,1,1,-1,1,-1,1,1,1,1,1,1,-1,-1,0.010689959861338139
-1,1,1,-1,1,1,1,1,1,-1,1,1,-1,-1,1,1,1,1,1,1,0.010402173735201359
-1,1,1,-1,1,1,1,1,1,1,-1,1,1,-1,1,-1,1,1,1,1,0.009818090125918388
-1,1,1,-1,1,1,1,1,1,1,1,-1,-1,-1,-1,-1,1,-1,1,1,0.010717260651290417
-1,1,1,-1,1,1,1,1,1,1,1,-1,-1,-1,1,1,-1,-1,-1,1,0.01041027344763279
-1,1,1,-1,1,1,1,1,1,1,1,-1,-1,1,-1,-1,1,-1,1,-1,0.01050094235688448
-1,1,1,-1,1,1,1,1,1,1,1,-1,-1,1,-1,-1,1,1,-1,-1,0.011419356800615788
-1,1,1,-1,1,1,1,1,1,1,1,-1,-1,1,1,-1,1,-1,1,-1,0.010273666121065617
-1,1,1,-1,1,1,1,1,1,1,1,-1,-1,1,1,1,1,-1,1,1,0.010013878345489502
-1,1,1,-1,1,1,1,1,1,1,1,-1,1,-1,-1,1,1,1,1,-1,0.01135830208659172
-1,1,1,-1,1,1,1,1,1,1,1,-1,1,1,1,1,1,-1,-1,-1,0.010607479140162468
-1,1,1,-1,1,1,1,1,1,1,1,1,-1,-1,1,-1,-1,1,1,-1,0.010349354706704617
-1,1,1,-1,1,1,1,1,1,1,1,1,1,-1,-1,1,-1,-1,-1,1,0.010118265636265278
-1,1,1,-1,1,1,1,1,1,1,1,1,1,-1,1,1,-1,-1,1,-1,0.009764754213392735
-1,1,1,1,-1,-1,-1,-1,-1,-1,-1,-1,-1,1,1,1,-1,1,1,1,0.007768810726702213
-1,1,1,1,-1,-1,-1,-1,-1,-1,-1,1,-1,-1,-1,-1,-1,1,-1,1,0.008687924593687057
-1,1,1,1,-1,-1,-1,-1,-1,-1,-1,1,1,-1,-1,1,1,1,-1,1,0.009200376458466053
-1,1,1,1,-1,-1,-1,-1,-1,-1,1,-1,1,-1,-1,-1,1,-1,-1,-1,0.009881991893053055
-1,1,1,1,-1,-1,-1,-1,-1,-1,1,1,-1,-1,1,-1,1,1,-1,1,0.009710310027003288
-1,1,1,1,-1,-1,-1,-1,-1,1,-1,-1,-1,1,1,1,1,-1,-1,-1,0.009193586185574532
-1,1,1,1,-1,-1,-1,-1,-1,1,-1,-1,1,-1,1,1,-1,1,-1,-1,0.009288428351283073
-1,1,1,1,-1,-1,-1,-1,-1,1,-1,1,-1,-1,-1,-1,-1,1,1,1,0.008553956635296345
-1,1,1,1,-1,-1,-1,-1,-1,1,-1,1,1,1,1,-1,1,1,1,1,0.00816517136991024
-1,1,1,1,-1,-1,-1,-1,-1,1,-1,1,1,1,1,1,1,-1,1,1,0.007830635644495487
-1,1,1,1,-1,-1,-1,-1,-1,1,1,-1,1,-1,-1,-1,-1,1,-1,1,0.00964413397014141
-1,1,1,1,-1,-1,-1,-1,-1,1,1,-1,1,1,-1,-1,1,1,-1,-1,0.010091405361890793
-1,1,1,1,-1,-1,-1,-1,-1,1,1,1,-1,1,-1,1,-1,1,1,-1,0.009022639133036137
-1,1,1,1,-1,-1,-1,-1,-1,1,1,1,1,-1,1,1,1,-1,-1,-1,0.009835408069193363
-1,1,1,1,-1,-1,-1,-1,1,-1,-1,-1,-1,-1,-1,-1,-1,-1,-1,-1,0.008729412220418453
-1,1,1,1,-1,-1,-1,-1,1,-1,-1,-1,-1,1,-1,-1,-1,1,1,-1,0.00810289103537798
-1,1,1,1,-1,-1,-1,-1,1,-1,-1,-1,1,1,1,-1,-1,-1,-1,-1,0.007677037268877029
-1,1,1,1,-1,-1,-1,-1,1,-1,-1,1,-1,-1,-1,1,1,-1,-1,1,0.008863994851708412
-1,1,1,1,-1,-1,-1,-1,1,-1,-1,1,-1,-1,1,-1,-1,1,1,-1,0.008181429468095303
-1,1,1,1,-1,-1,-1,-1,1,-1,-1,1,-1,1,-1,1,1,-1,-1,-1,0.00864767748862505
-1,1,1,1,-1,-1,-1,-1,1,-1,-1,1,1,-1,-1,-1,-1,-1,-1,1,0.007851412519812584
-1,1,1,1,-1,-1,-1,-1,1,-1,-1,1,1,-1,1,-1,-1,-1,-1,-1,0.007982851937413216
-1,1,1,1,-1,-1,-1,-1,1,-1,1,-1,-1,-1,-1,1,-1,1,-1,-1,0.009847876615822315
-1,1,1,1,-1,-1,-1,-1,1,-1,1,-1,-1,-1,1,1,1,-1,1,-1,0.009365775622427464
-1,1,1,1,-1,-1,-1,-1,1,-1,1,-1,-1,1,1,-1,1,-1,1,1,0.008333098143339157
-1,1,1,1,-1,-1,-1,-1,1,-1,1,-1,-1,1,1,-1,1,1,-1,1,0.009251512587070465
-1,1,1,1,-1,-1,-1,-1,1,-1,1,-1,-1,1,1,-1,1,1,1,1,0.00876656174659729
-1,1,1,1,-1,-1,-1,-1,1,-1,1,-1,1,-1,1,-1,-1,-1,1,-1,0.00835319235920906
-1,1,1,1,-1,-1,-1,-1,1,-1,1,-1,1,1,-1,1,-1,-1,1,1,0.007745647337287664
-1,1,1,1,-1,-1,-1,-1,1,-1,1,1,-1,-1,-1,-1,1,1,1,-1,0.00965836737304926
-1,1,1,1,-1,-1,-1,-1,1,-1,1,1,-1,1,-1,1,-1,1,-1,1,0.008644907735288143
-1,1,1,1,-1,-1,-1,-1,1,-1,1,1,1,1,1,1,1,1,1,-1,0.008704920299351215
-1,1,1,1,-1,-1,-1,-1,1,1,-1,-1,-1,1,-1,1,-1,-1,-1,-1,0.008604289963841438
-1,1,1,1,-1,-1,-1,-1,1,1,-1,1,-1,-1,-1,1,1,-1,-1,1,0.009214978665113449
-1,1,1,1,-1,-1,-1,-1,1,1,-1,1,-1,-1,1,-1,1,1,1,1,0.00883728638291359
-1,1,1,1,-1,-1,-1,-1,1,1,-1,1,-1,1,-1,1,-1,1,1,1,0.007924867793917656
-1,1,1,1,-1,-1,-1,-1,1,1,-1,1,-1,1,1,-1,-1,1,1,-1,0.007957379333674908
-1,1,1,1,-1,-1,-1,-1,1,1,-1,1,1,-1,-1,1,1,1,-1,1,0.009398376569151878
-1,1,1,1,-1,-1,-1,-1,1,1,-1,1,1,1,-1,-1,-1,-1,-1,-1,0.007986078038811684
-1,1,1,1,-1,-1,-1,-1,1,1,-1,1,1,1,-1,1,1,-1,1,1,0.007904928177595139
-1,1,1,1,-1,-1,-1,-1,1,1,1,-1,-1,-1,-1,-1,1,-1,1,-1,0.009845106862485409
-1,1,1,1,-1,-1,-1,-1,1,1,1,-1,-1,1,-1,1,-1,-1,1,1,0.008346696384251118
-1,1,1,1,-1,-1,-1,-1,1,1,1,-1,1,1,1,-1,1,1,1,-1,0.009226194582879543
-1,1,1,1,-1,-1,-1,1,-1,-1,-1,-1,-1,-1,-1,1,1,-1,1,1,0.008552084676921368
-1,1,1,1,-1,-1,-1,1,-1,-1,-1,-1,-1,-1,1,-1,-1,1,1,-1,0.008354470133781433
-1,1,1,1,-1,-1,-1,1,-1,-1,-1,-1,-1,1,-1,1,-1,1,1,-1,0.008105641230940819
-1,1,1,1,-1,-1,-1,1,-1,-1,-1,1,-1,-1,1,-1,1,-1,-1,-1,0.008800328709185123
-1,1,1,1,-1,-1,-1,1,-1,-1,-1,1,-1,-1,1,-1,1,1,-1,1,0.008875075727701187
-1,1,1,1,-1,-1,-1,1,-1,-1,-1,1,-1,-1,1,1,-1,1,1,-1,0.008184179663658142
-1,1,1,1,-1,-1,-1,1,-1,-1,-1,1,-1,1,-1,1,1,1,1,1,0.008141295984387398
-1,1,1,1,-1,-1,-1,1,-1,-1,-1,1,1,1,1,-1,1,-1,-1,-1,0.007975229062139988
-1,1,1,1,-1,-1,-1,1,-1,-1,1,-1,-1,-1,-1,-1,-1,1,-1,1,0.009294054470956326
-1,1,1,1,-1,-1,-1,1,-1,-1,1,-1,-1,1,-1,1,1,-1,1,1,0.008563123643398285
-1,1,1,1,-1,-1,-1,1,-1,-1,1,-1,1,-1,1,1,1,-1,1,1,0.00866081565618515
-1,1,1,1,-1,-1,-1,1,-1,-1,1,1,-1,1,-1,-1,1,1,1,1,0.008628440089523792
-1,1,1,1,-1,-1,-1,1,-1,-1,1,1,1,1,-1,-1,-1,1,1,1,0.007714785635471344
-1,1,1,1,-1,-1,-1,1,-1,1,-1,1,1,-1,-1,1,1,1,-1,1,0.009302197955548763
-1,1,1,1,-1,-1,-1,1,-1,1,1,-1,-1,1,-1,-1,1,-1,1,1,0.008815178647637367
-1,1,1,1,-1,-1,-1,1,-1,1,1,-1,-1,1,-1,1,1,-1,1,-1,0.009272822178900242
-1,1,1,1,-1,-1,-1,1,-1,1,1,-1,1,1,1,1,1,-1,1,-1,0.00879548117518425
-1,1,1,1,-1,-1,-1,1,-1,1,1,1,-1,1,1,-1,-1,-1,1,-1,0.008013810031116009
-1,1,1,1,-1,-1,-1,1,-1,1,1,1,1,-1,-1,-1,1,-1,1,-1,0.009229643270373344
-1,1,1,1,-1,-1,-1,1,-1,1,1,1,1,-1,1,-1,-1,-1,-1,-1,0.008823729120194912
-1,1,1,1,-1,-1,-1,1,-1,1,1,1,1,-1,1,-1,1,-1,-1,1,0.009128603152930737
-1,1,1,1,-1,-1,-1,1,-1,1,1,1,1,1,-1,-1,-1,1,1,-1,0.008424484170973301
-1,1,1,1,-1,-1,-1,1,1,-1,-1,-1,-1,1,-1,1,-1,-1,-1,1,0.007645429577678442
-1,1,1,1,-1,-1,-1,1,1,-1,-1,-1,-1,1,1,-1,1,1,1,-1,0.008290043100714684
-1,1,1,1,-1,-1,-1,1,1,-1,-1,1,-1,-1,-1,-1,-1,-1,1,1,0.007367365527898073
-1,1,1,1,-1,-1,-1,1,1,-1,-1,1,-1,1,-1,-1,1,1,1,-1,0.0082481000572443
-1,1,1,1,-1,-1,-1,1,1,-1,-1,1,-1,1,-1,1,1,-1,-1,-1,0.008398515172302723
-1,1,1,1,-1,-1,-1,1,1,-1,-1,1,-1,1,1,-1,-1,-1,1,-1,0.00692377146333456
-1,1,1,1,-1,-1,-1,1,1,-1,1,-1,-1,1,1,1,1,1,-1,-1,0.009459993802011013
-1,1,1,1,-1,-1,-1,1,1,-1,1,-1,1,-1,-1,1,-1,1,1,1,0.00850498303771019
-1,1,1,1,-1,-1,-1,1,1,-1,1,-1,1,-1,-1,1,1,1,1,1,0.009168571792542934
-1,1,1,1,-1,-1,-1,1,1,-1,1,1,-1,-1,1,1,-1,-1,-1,-1,0.008668756112456322
-1,1,1,1,-1,-1,-1,1,1,-1,1,1,-1,1,-1,-1,1,1,-1,1,0.008960407227277756
-1,1,1,1,-1,-1,-1,1,1,-1,1,1,1,-1,1,1,1,1,1,1,0.0086720772087574
-1,1,1,1,-1,-1,-1,1,1,1,-1,-1,-1,1,-1,-1,1,1,1,1,0.008509586565196514
-1,1,1,1,-1,-1,-1,1,1,1,-1,-1,-1,1,1,-1,-1,1,-1,1,0.008103672415018082
-1,1,1,1,-1,-1,-1,1,1,1,-1,-1,1,-1,-1,1,1,1,1,-1,0.009292198345065117
-1,1,1,1,-1,-1,-1,1,1,1,-1,1,-1,-1,-1,-1,1,1,1,1,0.0088154012337327
-1,1,1,1,-1,-1,-1,1,1,1,-1,1,-1,-1,1,-1,1,-1,-1,-1,0.008998327888548374
-1,1,1,1,-1,-1,-1,1,1,1,-1,1,-1,1,-1,-1,-1,-1,-1,-1,0.00798698142170906
-1,1,1,1,-1,-1,-1,1,1,1,-1,1,-1,1,-1,1,-1,-1,-1,-1,0.00808590929955244
-1,1,1,1,-1,-1,-1,1,1,1,1,-1,-1,1,1,-1,-1,-1,1,1,0.0077713304199278355
-1,1,1,1,-1,-1,-1,1,1,1,1,-1,-1,1,1,1,-1,1,-1,1,0.008788672275841236
-1,1,1,1,-1,-1,-1,1,1,1,1,-1,1,-1,-1,1,-1,-1,-1,-1,0.009266168810427189
-1,1,1,1,-1,-1,-1,1,1,1,1,1,-1,-1,1,1,1,-1,1,1,0.008839662186801434
-1,1,1,1,-1,-1,-1,1,1,1,1,1,1,-1,1,-1,1,-1,1,-1,0.008849384263157845
-1,1,1,1,-1,-1,1,-1,-1,-1,-1,-1,-1,-1,1,-1,-1,1,-1,-1,0.009485138580203056
-1,1,1,1,-1,-1,1,-1,-1,-1,-1,-1,1,1,-1,-1,1,-1,-1,1,0.008758725598454475
-1,1,1,1,-1,-1,1,-1,-1,-1,1,-1,-1,-1,-1,-1,1,-1,-1,-1,0.01052861288189888
-1,1,1,1,-1,-1,1,-1,-1,-1,1,-1,-1,-1,-1,1,1,1,-1,-1,0.011061004363000393
-1,1,1,1,-1,-1,1,-1,-1,-1,1,1,-1,-1,-1,1,1,-1,-1,1,0.00999960582703352
-1,1,1,1,-1,-1,1,-1,-1,-1,1,1,-1,1,1,1,-1,1,1,1,0.008482219651341438
-1,1,1,1,-1,-1,1,-1,-1,1,-1,-1,-1,-1,-1,-1,1,-1,-1,-1,0.010293523781001568
-1,1,1,1,-1,-1,1,-1,-1,1,-1,-1,-1,1,-1,-1,-1,-1,-1,1,0.008696185424923897
-1,1,1,1,-1,-1,1,-1,-1,1,-1,-1,1,1,-1,1,1,1,-1,-1,0.010000815615057945
-1,1,1,1,-1,-1,1,-1,-1,1,-1,1,-1,-1,1,-1,-1,-1,1,1,0.008289773017168045
-1,1,1,1,-1,-1,1,-1,-1,1,-1,1,-1,1,1,1,-1,1,1,-1,0.008605845272541046
-1,1,1,1,-1,-1,1,-1,-1,1,-1,1,1,-1,1,-1,-1,1,1,-1,0.008831885643303394
-1,1,1,1,-1,-1,1,-1,-1,1,1,-1,-1,1,1,1,1,1,-1,-1,0.01060967706143856
-1,1,1,1,-1,-1,1,-1,-1,1,1,-1,1,-1,-1,1,1,-1,-1,-1,0.010728457942605019
-1,1,1,1,-1,-1,1,-1,-1,1,1,-1,1,1,-1,1,1,-1,-1,1,0.009794709272682667
-1,1,1,1,-1,-1,1,-1,-1,1,1,1,-1,-1,1,-1,-1,-1,1,-1,0.009234560653567314
-1,1,1,1,-1,-1,1,-1,-1,1,1,1,-1,-1,1,1,1,-1,1,1,0.009638362564146519
-1,1,1,1,-1,-1,1,-1,-1,1,1,1,1,-1,1,-1,1,1,1,-1,0.010081547312438488
-1,1,1,1,-1,-1,1,-1,1,-1,-1,1,-1,-1,1,1,1,1,1,-1,0.009340502321720123
-1,1,1,1,-1,-1,1,-1,1,-1,-1,1,-1,1,1,1,-1,1,-1,1,0.008228114806115627
-1,1,1,1,-1,-1,1,-1,1,-1,-1,1,1,1,-1,1,1,1,-1,1,0.008868914097547531
-1,1,1,1,-1,-1,1,-1,1,-1,1,-1,-1,1,1,1,-1,1,1,-1,0.008957170881330967
-1,1,1,1,-1,-1,1,-1,1,-1,1,-1,1,1,-1,1,-1,-1,1,-1,0.008500917814671993
-1,1,1,1,-1,-1,1,-1,1,-1,1,1,-1,-1,-1,1,1,1,-1,-1,0.010638801380991936
-1,1,1,1,-1,-1,1,-1,1,-1,1,1,-1,-1,1,1,1,-1,1,1,0.009134395979344845
-1,1,1,1,-1,-1,1,-1,1,-1,1,1,-1,1,1,-1,1,-1,1,-1,0.008819149807095528
-1,1,1,1,-1,-1,1,-1,1,1,-1,-1,-1,-1,-1,-1,-1,1,-1,-1,0.00991041399538517
-1,1,1,1,-1,-1,1,-1,1,1,-1,-1,-1,-1,1,1,-1,-1,1,-1,0.008863652125000954
-1,1,1,1,-1,-1,1,-1,1,1,-1,-1,-1,1,1,1,1,-1,-1,1,0.009078443050384521
-1,1,1,1,-1,-1,1,-1,1,1,-1,-1,1,-1,1,1,1,1,-1,1,0.009836873970925808
-1,1,1,1,-1,-1,1,-1,1,1,-1,-1,1,1,1,1,-1,1,-1,-1,0.008956966921687126
-1,1,1,1,-1,-1,1,-1,1,1,-1,1,1,-1,-1,1,-1,-1,-1,-1,0.009056594222784042
-1,1,1,1,-1,-1,1,-1,1,1,-1,1,1,-1,-1,1,1,1,-1,-1,0.01015364658087492
-1,1,1,1,-1,-1,1,-1,1,1,-1,1,1,-1,1,1,-1,1,-1,-1,0.009262781590223312
-1,1,1,1,-1,-1,1,-1,1,1,-1,1,1,1,-1,1,-1,-1,1,1,0.007637894246727228
-1,1,1,1,-1,-1,1,-1,1,1,1,-1,-1,1,1,-1,1,-1,-1,1,0.009565587155520916
-1,1,1,1,-1,-1,1,-1,1,1,1,-1,1,-1,1,-1,-1,-1,-1,1,0.009226965717971325
-1,1,1,1,-1,-1,1,-1,1,1,1,-1,1,1,1,-1,-1,1,1,-1,0.008959160186350346
-1,1,1,1,-1,-1,1,-1,1,1,1,1,1,-1,1,1,-1,-1,-1,1,0.009056675247848034
-1,1,1,1,-1,-1,1,-1,1,1,1,1,1,1,1,1,1,1,1,1,0.009093742817640305
-1,1,1,1,-1,-1,1,1,-1,-1,-1,-1,-1,-1,1,-1,1,1,-1,1,0.009540850296616554
-1,1,1,1,-1,-1,1,1,-1,-1,-1,-1,1,1,1,-1,1,1,1,-1,0.008589515462517738
-1,1,1,1,-1,-1,1,1,-1,-1,-1,1,-1,-1,-1,1,-1,1,-1,1,0.008934246376156807
-1,1,1,1,-1,-1,1,1,-1,-1,-1,1,-1,1,-1,-1,-1,-1,1,1,0.007341870106756687
-1,1,1,1,-1,-1,1,1,-1,-1,-1,1,1,1,-1,1,-1,-1,1,-1,0.007549447938799858
-1,1,1,1,-1,-1,1,1,-1,-1,1,-1,1,-1,-1,-1,1,-1,1,1,0.009185719303786755
-1,1,1,1,-1,-1,1,1,-1,-1,1,-1,1,-1,1,1,1,-1,-1,1,0.009542321786284447
-1,1,1,1,-1,-1,1,1,-1,-1,1,-1,1,-1,1,1,1,1,-1,-1,0.010334501042962074
-1,1,1,1,-1,-1,1,1,-1,-1,1,-1,1,1,1,-1,-1,-1,1,-1,0.008078535087406635
-1,1,1,1,-1,-1,1,1,-1,-1,1,1,-1,1,-1,-1,-1,1,-1,-1,0.009205072186887264
-1,1,1,1,-1,-1,1,1,-1,-1,1,1,-1,1,1,-1,1,-1,1,1,0.008364255540072918
-1,1,1,1,-1,-1,1,1,-1,-1,1,1,1,1,1,-1,1,1,1,1,0.008547653444111347
-1,1,1,1,-1,-1,1,1,-1,1,-1,-1,-1,-1,1,1,-1,-1,1,-1,0.008767473511397839
-1,1,1,1,-1,-1,1,1,-1,1,-1,-1,-1,1,1,-1,1,1,-1,1,0.00931680016219616
-1,1,1,1,-1,-1,1,1,-1,1,-1,1,-1,1,1,1,-1,1,-1,-1,0.00884163472801447
-1,1,1,1,-1,-1,1,1,-1,1,1,-1,-1,-1,1,1,1,1,-1,1,0.010576833970844746
-1,1,1,1,-1,-1,1,1,-1,1,1,-1,1,-1,1,1,1,-1,-1,-1,0.010252020321786404
-1,1,1,1,-1,-1,1,1,-1,1,1,-1,1,1,1,-1,-1,-1,-1,1,0.008555754087865353
-1,1,1,1,-1,-1,1,1,-1,1,1,1,1,1,-1,1,1,-1,-1,-1,0.009635044261813164
-1,1,1,1,-1,-1,1,1,1,-1,-1,-1,-1,-1,1,1,-1,-1,1,-1,0.008263506926596165
-1,1,1,1,-1,-1,1,1,1,-1,-1,-1,-1,1,1,1,1,1,-1,1,0.008911761455237865
-1,1,1,1,-1,-1,1,1,1,-1,-1,1,-1,-1,-1,1,-1,-1,1,-1,0.008221563883125782
-1,1,1,1,-1,-1,1,1,1,-1,-1,1,-1,-1,1,1,-1,1,1,-1,0.008427751250565052
-1,1,1,1,-1,-1,1,1,1,-1,-1,1,1,-1,1,1,1,1,1,-1,0.008841275237500668
-1,1,1,1,-1,-1,1,1,1,-1,1,1,-1,-1,-1,1,1,-1,-1,1,0.009597460739314556
-1,1,1,1,-1,-1,1,1,1,-1,1,1,-1,1,1,1,-1,1,1,1,0.008080074563622475
-1,1,1,1,-1,-1,1,1,1,1,-1,-1,-1,-1,-1,-1,1,1,1,-1,0.009839890524744987
-1,1,1,1,-1,-1,1,1,1,1,-1,1,1,-1,-1,-1,-1,-1,1,-1,0.008223554119467735
-1,1,1,1,-1,-1,1,1,1,1,-1,1,1,-1,1,-1,1,1,1,-1,0.00909333024173975
-1,1,1,1,-1,-1,1,1,1,1,-1,1,1,-1,1,1,1,1,1,1,0.008833542466163635
-1,1,1,1,-1,-1,1,1,1,1,-1,1,1,1,-1,-1,1,1,1,1,0.008386856876313686
-1,1,1,1,-1,-1,1,1,1,1,-1,1,1,1,-1,1,1,-1,1,-1,0.008411037735641003
-1,1,1,1,-1,-1,1,1,1,1,1,-1,-1,1,1,-1,-1,1,-1,1,0.009086299687623978
-1,1,1,1,-1,-1,1,1,1,1,1,-1,1,1,-1,-1,-1,-1,1,1,0.008145095780491829
-1,1,1,1,-1,-1,1,1,1,1,1,-1,1,1,-1,-1,-1,1,-1,-1,0.009422225877642632
-1,1,1,1,-1,-1,1,1,1,1,1,-1,1,1,1,-1,-1,-1,-1,1,0.008402770385146141
-1,1,1,1,-1,-1,1,1,1,1,1,1,-1,-1,-1,-1,-1,1,-1,1,0.009619390591979027
-1,1,1,1,-1,-1,1,1,1,1,1,1,1,1,-1,1,1,-1,-1,1,0.009123344905674458
-1,1,1,1,-1,1,-1,-1,-1,-1,-1,-1,1,-1,1,-1,-1,1,-1,-1,0.009106511250138283
-1,1,1,1,-1,1,-1,-1,-1,-1,-1,-1,1,-1,1,1,1,1,1,-1,0.009384077973663807
-1,1,1,1,-1,1,-1,-1,-1,-1,-1,-1,1,1,1,1,1,-1,-1,-1,0.008860531263053417
-1,1,1,1,-1,1,-1,-1,-1,-1,-1,1,-1,1,1,-1,1,-1,-1,-1,0.008742449805140495
-1,1,1,1,-1,1,-1,-1,-1,-1,1,-1,1,-1,1,1,-1,1,1,-1,0.009306560270488262
-1,1,1,1,-1,1,-1,-1,-1,-1,1,-1,1,1,-1,-1,-1,1,-1,1,0.008986110799014568
-1,1,1,1,-1,1,-1,-1,-1,-1,1,1,-1,-1,1,1,-1,-1,-1,1,0.008980179205536842
-1,1,1,1,-1,1,-1,-1,-1,-1,1,1,-1,-1,1,1,1,1,-1,1,0.01007723156362772
-1,1,1,1,-1,1,-1,-1,-1,-1,1,1,1,-1,1,-1,-1,1,1,1,0.008579698391258717
-1,1,1,1,-1,1,-1,-1,-1,-1,1,1,1,-1,1,1,1,1,-1,1,0.00982716679573059
-1,1,1,1,-1,1,-1,-1,-1,1,-1,-1,-1,1,-1,-1,-1,-1,1,1,0.008082672953605652
-1,1,1,1,-1,1,-1,-1,-1,1,-1,-1,-1,1,1,-1,1,-1,1,-1,0.008877701126039028
-1,1,1,1,-1,1,-1,-1,-1,1,-1,-1,-1,1,1,1,-1,-1,1,1,0.007954324595630169
-1,1,1,1,-1,1,-1,-1,-1,1,-1,-1,1,1,1,-1,1,-1,-1,-1,0.009112587198615074
-1,1,1,1,-1,1,-1,-1,-1,1,1,-1,-1,-1,-1,1,1,-1,-1,1,0.010491247288882732
-1,1,1,1,-1,1,-1,-1,-1,1,1,-1,1,1,1,-1,-1,-1,-1,1,0.00867635477334261
-1,1,1,1,-1,1,-1,-1,-1,1,1,1,1,-1,-1,1,-1,1,-1,1,0.009741836227476597
-1,1,1,1,-1,1,-1,-1,-1,1,1,1,1,1,1,1,-1,-1,-1,1,0.008506063371896744
-1,1,1,1,-1,1,-1,-1,-1,1,1,1,1,1,1,1,1,1,1,-1,0.009476880542933941
-1,1,1,1,-1,1,-1,-1,1,-1,-1,-1,-1,-1,-1,-1,-1,-1,-1,1,0.008638691157102585
-1,1,1,1,-1,1,-1,-1,1,-1,-1,1,-1,-1,1,-1,-1,-1,1,-1,0.008015960454940796
-1,1,1,1,-1,1,-1,-1,1,-1,-1,1,1,-1,-1,1,1,-1,1,1,0.00839697290211916
-1,1,1,1,-1,1,-1,-1,1,-1,-1,1,1,1,-1,-1,-1,1,-1,1,0.007977835834026337
-1,1,1,1,-1,1,-1,-1,1,-1,1,-1,1,1,-1,-1,-1,-1,1,1,0.007914713583886623
-1,1,1,1,-1,1,-1,-1,1,-1,1,-1,1,1,-1,1,-1,1,1,-1,0.008805819787085056
-1,1,1,1,-1,1,-1,-1,1,-1,1,-1,1,1,-1,1,-1,1,1,1,0.008447104133665562
-1,1,1,1,-1,1,-1,-1,1,-1,1,1,-1,-1,-1,1,1,1,-1,1,0.010151525028049946
-1,1,1,1,-1,1,-1,-1,1,-1,1,1,-1,-1,1,-1,-1,1,1,-1,0.009035496041178703
-1,1,1,1,-1,1,-1,-1,1,1,-1,-1,-1,-1,-1,-1,1,1,1,-1,0.009960491210222244
-1,1,1,1,-1,1,-1,-1,1,1,-1,1,-1,-1,1,1,1,1,-1,1,0.00968915969133377
-1,1,1,1,-1,1,-1,-1,1,1,-1,1,1,-1,-1,-1,-1,1,-1,-1,0.009262568317353725
-1,1,1,1,-1,1,-1,-1,1,1,1,-1,1,-1,-1,1,1,-1,-1,-1,0.010446913540363312
-1,1,1,1,-1,1,-1,-1,1,1,1,1,-1,-1,1,-1,-1,1,1,1,0.009027763269841671
-1,1,1,1,-1,1,-1,-1,1,1,1,1,-1,-1,1,1,1,1,1,-1,0.010148996487259865
-1,1,1,1,-1,1,-1,-1,1,1,1,1,-1,1,1,-1,1,-1,-1,-1,0.009526521898806095
-1,1,1,1,-1,1,-1,-1,1,1,1,1,1,-1,-1,1,-1,-1,1,-1,0.009029154665768147
-1,1,1,1,-1,1,-1,1,-1,-1,-1,-1,-1,-1,-1,1,1,-1,1,-1,0.009178793989121914
-1,1,1,1,-1,1,-1,1,-1,-1,-1,-1,-1,1,1,-1,1,1,-1,-1,0.009195970371365547
-1,1,1,1,-1,1,-1,1,-1,-1,-1,-1,1,1,-1,-1,-1,1,-1,1,0.008150876499712467
-1,1,1,1,-1,1,-1,1,-1,-1,-1,-1,1,1,-1,1,-1,-1,-1,1,0.007816340774297714
-1,1,1,1,-1,1,-1,1,-1,-1,-1,1,-1,-1,-1,1,-1,1,1,-1,0.008679449558258057
-1,1,1,1,-1,1,-1,1,-1,-1,-1,1,-1,1,1,-1,-1,1,-1,1,0.007904446683824062
-1,1,1,1,-1,1,-1,1,-1,-1,-1,1,1,1,1,1,1,-1,-1,1,0.007983434945344925
-1,1,1,1,-1,1,-1,1,-1,-1,1,-1,1,-1,1,-1,-1,-1,1,1,0.008166292682290077
-1,1,1,1,-1,1,-1,1,-1,-1,1,-1,1,1,-1,-1,1,-1,-1,-1,0.009325790219008923
-1,1,1,1,-1,1,-1,1,-1,-1,1,1,-1,-1,1,-1,1,-1,1,-1,0.009169443510472775
-1,1,1,1,-1,1,-1,1,-1,-1,1,1,1,-1,1,1,-1,-1,1,1,0.007996001280844212
-1,1,1,1,-1,1,-1,1,-1,-1,1,1,1,1,1,1,1,1,1,1,0.008518019691109657
-1,1,1,1,-1,1,-1,1,-1,1,-1,-1,-1,-1,-1,-1,1,1,1,-1,0.00986431259661913
-1,1,1,1,-1,1,-1,1,-1,1,-1,-1,-1,-1,1,1,-1,1,-1,-1,0.009557326324284077
-1,1,1,1,-1,1,-1,1,-1,1,-1,-1,1,-1,-1,-1,-1,1,1,1,0.008591942489147186
-1,1,1,1,-1,1,-1,1,-1,1,-1,-1,1,-1,-1,1,1,-1,-1,1,0.009405947290360928
-1,1,1,1,-1,1,-1,1,-1,1,-1,-1,1,-1,1,1,1,-1,-1,1,0.009178671054542065
-1,1,1,1,-1,1,-1,1,-1,1,-1,-1,1,1,-1,1,-1,-1,1,-1,0.00804108940064907
-1,1,1,1,-1,1,-1,1,-1,1,1,-1,-1,-1,-1,1,1,1,1,-1,0.010549313388764858
-1,1,1,1,-1,1,-1,1,-1,1,1,-1,-1,1,1,1,-1,1,-1,-1,0.009568365290760994
-1,1,1,1,-1,1,-1,1,-1,1,1,-1,1,-1,1,-1,-1,-1,-1,-1,0.00936094205826521
-1,1,1,1,-1,1,-1,1,-1,1,1,-1,1,1,-1,1,-1,-1,-1,-1,0.00911211222410202
-1,1,1,1,-1,1,-1,1,-1,1,1,-1,1,1,-1,1,1,1,-1,1,0.009850449860095978
-1,1,1,1,-1,1,-1,1,-1,1,1,-1,1,1,1,-1,-1,-1,1,1,0.007942241616547108
-1,1,1,1,-1,1,-1,1,-1,1,1,1,-1,-1,1,-1,-1,-1,1,1,0.008498121984302998
-1,1,1,1,-1,1,-1,1,-1,1,1,1,1,-1,-1,1,-1,1,-1,1,0.009492674842476845
-1,1,1,1,-1,1,-1,1,-1,1,1,1,1,-1,1,1,-1,-1,1,-1,0.008705699816346169
-1,1,1,1,-1,1,-1,1,-1,1,1,1,1,-1,1,1,-1,1,-1,1,0.009265398606657982
-1,1,1,1,-1,1,-1,1,1,-1,-1,-1,-1,1,-1,-1,-1,-1,-1,-1,0.008173210546374321
-1,1,1,1,-1,1,-1,1,1,-1,-1,-1,1,-1,1,-1,1,-1,-1,-1,0.008934492245316505
-1,1,1,1,-1,1,-1,1,1,-1,-1,-1,1,1,1,-1,-1,-1,1,-1,0.007210918702185154
-1,1,1,1,-1,1,-1,1,1,-1,-1,1,-1,1,1,1,-1,1,-1,-1,0.008209106512367725
-1,1,1,1,-1,1,-1,1,1,-1,-1,1,1,-1,-1,-1,1,-1,1,1,0.008048882707953453
-1,1,1,1,-1,1,-1,1,1,-1,-1,1,1,1,-1,1,-1,1,-1,1,0.007827602326869965
-1,1,1,1,-1,1,-1,1,1,-1,-1,1,1,1,1,-1,1,-1,-1,-1,0.008090239018201828
-1,1,1,1,-1,1,-1,1,1,-1,1,-1,-1,-1,1,1,-1,-1,-1,-1,0.009205969050526619
-1,1,1,1,-1,1,-1,1,1,-1,1,-1,1,-1,1,1,1,1,-1,-1,0.010052955709397793
-1,1,1,1,-1,1,-1,1,1,-1,1,1,1,1,1,1,-1,1,-1,-1,0.00854511372745037
-1,1,1,1,-1,1,-1,1,1,-1,1,1,1,1,1,1,1,-1,-1,1,0.008416524156928062
-1,1,1,1,-1,1,-1,1,1,1,-1,-1,1,-1,-1,-1,1,1,-1,-1,0.009946214966475964
-1,1,1,1,-1,1,-1,1,1,1,-1,1,-1,-1,1,1,-1,1,1,1,0.008291457779705524
-1,1,1,1,-1,1,-1,1,1,1,-1,1,-1,1,-1,-1,-1,-1,1,-1,0.007770024240016937
-1,1,1,1,-1,1,-1,1,1,1,-1,1,-1,1,-1,1,1,-1,-1,-1,0.009017492644488811
-1,1,1,1,-1,1,-1,1,1,1,-1,1,1,1,-1,1,-1,-1,-1,1,0.007745122071355581
-1,1,1,1,-1,1,-1,1,1,1,1,-1,-1,-1,-1,1,1,-1,1,-1,0.009962867014110088
-1,1,1,1,-1,1,-1,1,1,1,1,-1,1,-1,1,1,-1,1,-1,1,0.009381634183228016
-1,1,1,1,-1,1,-1,1,1,1,1,-1,1,1,1,-1,1,-1,1,-1,0.00881156325340271
-1,1,1,1,-1,1,-1,1,1,1,1,1,-1,-1,-1,-1,-1,-1,-1,1,0.009057365357875824
-1,1,1,1,-1,1,-1,1,1,1,1,1,1,1,1,1,1,1,1,-1,0.009074735455214977
-1,1,1,1,-1,1,1,-1,-1,-1,-1,-1,1,1,1,-1,-1,-1,-1,1,0.008135853335261345
-1,1,1,1,-1,1,1,-1,-1,-1,-1,-1,1,1,1,1,-1,1,1,1,0.008183293975889683
-1,1,1,1,-1,1,1,-1,-1,-1,-1,1,-1,-1,-1,1,1,-1,-1,-1,0.010040243156254292
-1,1,1,1,-1,1,1,-1,-1,-1,-1,1,-1,1,1,-1,1,1,-1,-1,0.00957246869802475
-1,1,1,1,-1,1,1,-1,-1,-1,1,-1,1,-1,-1,1,-1,-1,1,-1,0.009496929123997688
-1,1,1,1,-1,1,1,-1,-1,-1,1,1,-1,1,-1,1,-1,-1,1,1,0.00854402594268322
-1,1,1,1,-1,1,1,-1,-1,1,-1,-1,-1,-1,-1,-1,-1,1,1,-1,0.009846440516412258
-1,1,1,1,-1,1,1,-1,-1,1,-1,-1,-1,-1,1,-1,-1,1,-1,-1,0.01010411512106657
-1,1,1,1,-1,1,1,-1,-1,1,-1,-1,1,-1,-1,1,1,1,-1,1,0.010485127568244934
-1,1,1,1,-1,1,1,-1,-1,1,-1,-1,1,1,-1,-1,-1,-1,-1,1,0.008714113384485245
-1,1,1,1,-1,1,1,-1,-1,1,-1,1,-1,-1,-1,-1,-1,-1,-1,-1,0.009628708474338055
-1,1,1,1,-1,1,1,-1,-1,1,-1,1,-1,1,-1,-1,1,-1,1,-1,0.009232313372194767
-1,1,1,1,-1,1,1,-1,-1,1,-1,1,-1,1,-1,1,-1,1,-1,1,0.009227351285517216
-1,1,1,1,-1,1,1,-1,-1,1,1,-1,-1,1,-1,-1,1,1,1,1,0.010162352584302425
-1,1,1,1,-1,1,1,-1,-1,1,1,-1,-1,1,-1,1,-1,-1,-1,1,0.009649178944528103
-1,1,1,1,-1,1,1,-1,-1,1,1,1,-1,-1,1,1,1,1,1,-1,0.010698534548282623
-1,1,1,1,-1,1,1,-1,1,-1,-1,-1,-1,1,-1,1,1,-1,1,-1,0.009096493944525719
-1,1,1,1,-1,1,1,-1,1,-1,-1,-1,1,-1,1,-1,-1,-1,-1,-1,0.008916620165109634
-1,1,1,1,-1,1,1,-1,1,-1,-1,-1,1,-1,1,-1,1,-1,-1,-1,0.009580208919942379
-1,1,1,1,-1,1,1,-1,1,-1,-1,1,1,1,-1,-1,1,-1,1,-1,0.008478282019495964
-1,1,1,1,-1,1,1,-1,1,-1,1,-1,-1,-1,-1,1,1,1,-1,1,0.010817298665642738
-1,1,1,1,-1,1,1,-1,1,-1,1,-1,-1,-1,1,-1,1,-1,-1,1,0.010057631880044937
-1,1,1,1,-1,1,1,-1,1,-1,1,-1,-1,-1,1,1,-1,-1,-1,-1,0.009851685725152493
-1,1,1,1,-1,1,1,-1,1,-1,1,-1,-1,1,-1,-1,1,-1,-1,1,0.009709874168038368
-1,1,1,1,-1,1,1,-1,1,-1,1,-1,-1,1,1,-1,1,-1,-1,1,0.009482597932219505
-1,1,1,1,-1,1,1,-1,1,-1,1,-1,1,-1,-1,-1,-1,-1,1,-1,0.009245017543435097
-1,1,1,1,-1,1,1,-1,1,-1,1,-1,1,-1,1,-1,1,1,-1,1,0.010241028852760792
-1,1,1,1,-1,1,1,-1,1,-1,1,-1,1,1,1,1,1,-1,1,1,0.008846509270370007
-1,1,1,1,-1,1,1,-1,1,-1,1,1,-1,-1,-1,1,1,-1,-1,1,0.010114616714417934
-1,1,1,1,-1,1,1,-1,1,-1,1,1,1,-1,1,-1,1,-1,1,-1,0.009412111714482307
-1,1,1,1,-1,1,1,-1,1,-1,1,1,1,1,-1,-1,1,-1,-1,1,0.009190589189529419
-1,1,1,1,-1,1,1,-1,1,1,-1,-1,1,1,-1,-1,1,-1,1,-1,0.009098484180867672
-1,1,1,1,-1,1,1,-1,1,1,-1,1,-1,1,1,-1,-1,1,1,1,0.008263212628662586
-1,1,1,1,-1,1,1,-1,1,1,1,-1,-1,-1,-1,-1,-1,1,-1,1,0.010405764915049076
-1,1,1,1,-1,1,1,-1,1,1,1,-1,-1,-1,1,-1,-1,1,1,1,0.009693537838757038
-1,1,1,1,-1,1,1,-1,1,1,1,-1,1,-1,1,-1,-1,1,-1,1,0.00992842298001051
-1,1,1,1,-1,1,1,-1,1,1,1,-1,1,1,1,-1,1,1,-1,1,0.010016978718340397
-1,1,1,1,-1,1,1,-1,1,1,1,-1,1,1,1,1,1,-1,-1,-1,0.010041158646345139
-1,1,1,1,-1,1,1,-1,1,1,1,1,-1,-1,-1,1,-1,1,1,-1,0.01010923832654953
-1,1,1,1,-1,1,1,-1,1,1,1,1,-1,-1,1,1,1,-1,-1,1,0.010238323360681534
-1,1,1,1,-1,1,1,-1,1,1,1,1,1,1,-1,-1,1,-1,1,-1,0.0094153368845582
-1,1,1,1,-1,1,1,1,-1,-1,-1,-1,-1,-1,-1,1,1,1,-1,-1,0.010493763722479343
-1,1,1,1,-1,1,1,1,-1,-1,-1,-1,-1,1,1,-1,1,1,1,-1,0.009107574820518494
-1,1,1,1,-1,1,1,1,-1,-1,-1,-1,1,1,1,1,-1,1,-1,-1,0.0087777990847826
-1,1,1,1,-1,1,1,1,-1,-1,-1,1,-1,-1,-1,1,-1,1,-1,1,0.009202240034937859
-1,1,1,1,-1,1,1,1,-1,-1,-1,1,-1,1,1,1,-1,-1,1,-1,0.00784023106098175
-1,1,1,1,-1,1,1,1,-1,-1,-1,1,1,-1,-1,-1,1,-1,-1,-1,0.009442088194191456
-1,1,1,1,-1,1,1,1,-1,-1,-1,1,1,-1,-1,1,-1,1,1,1,0.00846722349524498
-1,1,1,1,-1,1,1,1,-1,-1,1,-1,-1,-1,1,-1,-1,1,-1,-1,0.01009004283696413
-1,1,1,1,-1,1,1,1,-1,-1,1,-1,-1,-1,1,1,-1,-1,1,1,0.008911840617656708
-1,1,1,1,-1,1,1,1,-1,-1,1,-1,-1,-1,1,1,1,-1,1,-1,0.009934145957231522
-1,1,1,1,-1,1,1,1,-1,-1,1,1,1,-1,-1,-1,-1,1,-1,-1,0.009798034094274044
-1,1,1,1,-1,1,1,1,-1,1,-1,1,-1,-1,-1,-1,-1,-1,1,1,0.008535880595445633
-1,1,1,1,-1,1,1,1,-1,1,-1,1,-1,-1,-1,-1,-1,1,1,-1,0.00932805985212326
-1,1,1,1,-1,1,1,1,-1,1,-1,1,-1,1,1,1,-1,-1,-1,-1,0.008676165714859962
-1,1,1,1,-1,1,1,1,-1,1,1,-1,-1,-1,1,-1,1,1,1,-1,0.010619664564728737
-1,1,1,1,-1,1,1,1,-1,1,1,-1,-1,-1,1,1,1,-1,1,1,0.00992641318589449
-1,1,1,1,-1,1,1,1,-1,1,1,1,-1,-1,1,1,-1,-1,-1,-1,0.009837271645665169
-1,1,1,1,-1,1,1,1,-1,1,1,1,1,-1,-1,1,-1,-1,1,1,0.008970815688371658
-1,1,1,1,-1,1,1,1,1,-1,-1,-1,-1,-1,1,1,-1,1,-1,-1,0.009449915029108524
-1,1,1,1,-1,1,1,1,1,-1,-1,-1,-1,1,-1,-1,1,1,-1,1,0.0093081034719944
-1,1,1,1,-1,1,1,1,1,-1,-1,-1,1,-1,-1,-1,-1,1,1,-1,0.008843246847391129
-1,1,1,1,-1,1,1,1,1,-1,-1,-1,1,-1,-1,1,-1,1,-1,-1,0.009427125565707684
-1,1,1,1,-1,1,1,1,1,-1,-1,-1,1,1,-1,1,1,1,-1,1,0.009156965650618076
-1,1,1,1,-1,1,1,1,1,-1,-1,1,-1,1,-1,1,1,1,-1,1,0.009137812070548534
-1,1,1,1,-1,1,1,1,1,-1,-1,1,-1,1,1,1,1,1,1,-1,0.008784300647675991
-1,1,1,1,-1,1,1,1,1,-1,-1,1,1,-1,-1,1,1,1,-1,1,0.009462780319154263
-1,1,1,1,-1,1,1,1,1,-1,-1,1,1,1,-1,1,1,1,1,-1,0.00876151118427515
-1,1,1,1,-1,1,1,1,1,-1,1,-1,-1,1,-1,-1,1,1,1,1,0.009409224614501
-1,1,1,1,-1,1,1,1,1,-1,1,-1,-1,1,-1,1,1,1,-1,1,0.009993103332817554
-1,1,1,1,-1,1,1,1,1,-1,1,-1,-1,1,1,-1,-1,-1,1,1,0.008084896020591259
-1,1,1,1,-1,1,1,1,1,-1,1,1,1,-1,1,1,1,-1,1,1,0.00890316255390644
-1,1,1,1,-1,1,1,1,1,-1,1,1,1,1,1,1,-1,1,-1,-1,0.008941669017076492
-1,1,1,1,-1,1,1,1,1,1,-1,-1,-1,-1,1,1,1,-1,1,-1,0.009546073153614998
-1,1,1,1,-1,1,1,1,1,1,-1,-1,-1,1,1,1,1,-1,-1,-1,0.009455990046262741
-1,1,1,1,-1,1,1,1,1,1,-1,1,-1,-1,1,-1,-1,1,1,1,0.008589084260165691
-1,1,1,1,-1,1,1,1,1,1,-1,1,-1,1,-1,1,1,-1,1,-1,0.008929096162319183
-1,1,1,1,-1,1,1,1,1,1,-1,1,1,-1,1,1,1,1,1,-1,0.009460251778364182
-1,1,1,1,-1,1,1,1,1,1,1,-1,-1,-1,-1,1,-1,-1,1,-1,0.00969583261758089
-1,1,1,1,-1,1,1,1,1,1,1,-1,1,1,-1,1,-1,1,-1,1,0.009430431760847569
-1,1,1,1,-1,1,1,1,1,1,1,-1,1,1,1,-1,-1,-1,-1,1,0.008670764043927193
-1,1,1,1,-1,1,1,1,1,1,1,1,-1,-1,1,-1,1,-1,1,-1,0.009763998910784721
-1,1,1,1,-1,1,1,1,1,1,1,1,1,-1,1,-1,-1,-1,1,-1,0.008850343525409698
-1,1,1,1,-1,1,1,1,1,1,1,1,1,1,-1,1,-1,-1,1,-1,0.00860151369124651
-1,1,1,1,1,-1,-1,-1,-1,-1,-1,-1,1,-1,1,-1,-1,-1,1,-1,0.008602863177657127
-1,1,1,1,1,-1,-1,-1,-1,-1,-1,-1,1,-1,1,1,-1,1,1,1,0.008776539005339146
-1,1,1,1,1,-1,-1,-1,-1,-1,-1,-1,1,1,1,1,-1,1,1,1,0.008201505988836288
-1,1,1,1,1,-1,-1,-1,-1,-1,-1,1,-1,1,1,-1,1,1,1,1,0.008747013285756111
-1,1,1,1,1,-1,-1,-1,-1,-1,-1,1,-1,1,1,1,-1,1,-1,1,0.008667303249239922
-1,1,1,1,1,-1,-1,-1,-1,-1,-1,1,1,1,-1,-1,-1,-1,-1,1,0.008112122304737568
-1,1,1,1,1,-1,-1,-1,-1,-1,1,-1,-1,1,1,-1,1,1,1,-1,0.009961020201444626
-1,1,1,1,1,-1,-1,-1,-1,-1,1,-1,1,1,1,-1,-1,-1,-1,-1,0.00909885298460722
-1,1,1,1,1,-1,-1,-1,-1,-1,1,1,1,-1,-1,1,1,-1,1,-1,0.009909510612487793
-1,1,1,1,1,-1,-1,-1,-1,1,-1,-1,-1,-1,-1,1,1,-1,-1,1,0.010319940745830536
-1,1,1,1,1,-1,-1,-1,-1,1,-1,-1,1,-1,1,1,1,1,-1,-1,0.010634778067469597
-1,1,1,1,1,-1,-1,-1,-1,1,-1,-1,1,1,-1,-1,-1,1,1,1,0.008680837228894234
-1,1,1,1,1,-1,-1,-1,-1,1,-1,-1,1,1,-1,1,-1,1,1,-1,0.009138480760157108
-1,1,1,1,1,-1,-1,-1,-1,1,-1,1,-1,-1,-1,-1,-1,-1,1,-1,0.009161969646811485
-1,1,1,1,1,-1,-1,-1,-1,1,1,-1,-1,-1,1,1,-1,1,-1,1,0.010448611341416836
-1,1,1,1,1,-1,-1,-1,-1,1,1,-1,1,1,1,1,-1,1,1,-1,0.00949727650731802
-1,1,1,1,1,-1,-1,-1,-1,1,1,1,-1,1,-1,-1,1,1,-1,1,0.01039629615843296
-1,1,1,1,1,-1,-1,-1,1,-1,-1,-1,-1,-1,1,1,-1,1,1,-1,0.009232336655259132
-1,1,1,1,1,-1,-1,-1,1,-1,-1,-1,1,-1,1,-1,1,-1,-1,1,0.00923970527946949
-1,1,1,1,1,-1,-1,-1,1,-1,-1,-1,1,1,1,-1,1,-1,-1,1,0.008664671331644058
-1,1,1,1,1,-1,-1,-1,1,-1,-1,1,-1,-1,-1,-1,-1,1,1,-1,0.00909146573394537
-1,1,1,1,1,-1,-1,-1,1,-1,1,-1,-1,1,-1,1,-1,-1,1,1,0.00867847353219986
-1,1,1,1,1,-1,-1,-1,1,-1,1,-1,-1,1,1,-1,1,1,1,1,0.009449321776628494
-1,1,1,1,1,-1,-1,-1,1,-1,1,-1,1,1,1,1,-1,-1,1,1,0.008201131597161293
-1,1,1,1,1,-1,-1,-1,1,-1,1,1,1,-1,-1,1,1,1,-1,-1,0.01067494135349989
-1,1,1,1,1,-1,-1,-1,1,-1,1,1,1,-1,1,1,1,1,-1,-1,0.010447665117681026
-1,1,1,1,1,-1,-1,-1,1,1,-1,-1,-1,-1,-1,-1,-1,1,1,1,0.009352953173220158
-1,1,1,1,1,-1,-1,-1,1,1,-1,-1,-1,-1,1,-1,1,-1,1,-1,0.009714518673717976
-1,1,1,1,1,-1,-1,-1,1,1,-1,-1,-1,1,1,1,1,1,1,-1,0.009671876206994057
-1,1,1,1,1,-1,-1,-1,1,1,-1,-1,1,1,-1,1,1,-1,-1,1,0.009341858327388763
-1,1,1,1,1,-1,-1,-1,1,1,-1,1,-1,-1,-1,-1,1,-1,-1,1,0.009798810817301273
-1,1,1,1,1,-1,-1,-1,1,1,-1,1,1,-1,1,-1,-1,1,1,-1,0.00896510761231184
-1,1,1,1,1,-1,-1,-1,1,1,-1,1,1,-1,1,-1,1,1,1,-1,0.00962869729846716
-1,1,1,1,1,-1,-1,-1,1,1,1,-1,1,-1,-1,1,1,1,-1,1,0.010936427861452103
-1,1,1,1,1,-1,-1,-1,1,1,1,-1,1,1,-1,-1,1,-1,-1,-1,0.010187719017267227
-1,1,1,1,1,-1,-1,-1,1,1,1,-1,1,1,1,1,-1,1,1,-1,0.009344293735921383
-1,1,1,1,1,-1,-1,-1,1,1,1,-1,1,1,1,1,1,1,-1,1,0.010134117677807808
-1,1,1,1,1,-1,-1,-1,1,1,1,1,1,1,1,-1,1,-1,-1,-1,0.009691223502159119
-1,1,1,1,1,-1,-1,1,-1,-1,-1,-1,-1,1,-1,-1,1,-1,-1,-1,0.009404550306499004
-1,1,1,1,1,-1,-1,1,-1,-1,-1,-1,1,-1,-1,1,1,1,-1,1,0.00990319438278675
-1,1,1,1,1,-1,-1,1,-1,-1,-1,-1,1,1,1,1,-1,-1,1,-1,0.007877595722675323
-1,1,1,1,1,-1,-1,1,-1,-1,-1,1,-1,-1,1,1,-1,-1,1,-1,0.008433476090431213
-1,1,1,1,1,-1,-1,1,-1,-1,-1,1,1,-1,-1,1,1,-1,-1,1,0.009200511500239372
-1,1,1,1,1,-1,-1,1,-1,-1,1,-1,1,-1,1,-1,1,-1,1,-1,0.009603363461792469
-1,1,1,1,1,-1,-1,1,-1,-1,1,-1,1,-1,1,-1,1,-1,1,1,0.009244647808372974
-1,1,1,1,1,-1,-1,1,-1,-1,1,-1,1,1,-1,-1,-1,-1,1,-1,0.008592016994953156
-1,1,1,1,1,-1,-1,1,-1,-1,1,1,-1,-1,-1,1,-1,1,1,1,0.009321572259068489
-1,1,1,1,1,-1,-1,1,-1,-1,1,1,-1,1,1,1,-1,-1,-1,-1,0.008929465897381306
-1,1,1,1,1,-1,-1,1,-1,-1,1,1,1,-1,-1,1,1,1,1,-1,0.0100938118994236
-1,1,1,1,1,-1,-1,1,-1,-1,1,1,1,1,-1,-1,1,1,1,1,0.009061135351657867
-1,1,1,1,1,-1,-1,1,-1,1,-1,-1,-1,1,1,-1,1,-1,1,-1,0.009043306112289429
-1,1,1,1,1,-1,-1,1,-1,1,-1,-1,-1,1,1,1,1,1,-1,1,0.009701932780444622
-1,1,1,1,1,-1,-1,1,-1,1,-1,-1,1,1,1,1,1,-1,1,-1,0.00889216922223568
-1,1,1,1,1,-1,-1,1,-1,1,-1,1,-1,-1,-1,-1,-1,-1,1,-1,0.008912807330489159
-1,1,1,1,1,-1,-1,1,-1,1,-1,1,-1,1,1,-1,1,-1,1,-1,0.008774086833000183
-1,1,1,1,1,-1,-1,1,-1,1,-1,1,1,1,1,-1,-1,1,1,1,0.007935180328786373
-1,1,1,1,1,-1,-1,1,-1,1,-1,1,1,1,1,-1,1,-1,1,-1,0.00852402113378048
-1,1,1,1,1,-1,-1,1,-1,1,-1,1,1,1,1,1,-1,-1,-1,-1,0.00844431109726429
-1,1,1,1,1,-1,-1,1,-1,1,-1,1,1,1,1,1,-1,1,1,-1,0.008392823860049248
-1,1,1,1,1,-1,-1,1,-1,1,1,-1,-1,1,-1,-1,-1,1,1,1,0.00926781352609396
-1,1,1,1,1,-1,-1,1,-1,1,1,-1,-1,1,-1,1,-1,1,1,1,0.00936674140393734
-1,1,1,1,1,-1,-1,1,-1,1,1,-1,1,-1,-1,-1,-1,1,-1,1,0.010077732615172863
-1,1,1,1,1,-1,-1,1,-1,1,1,-1,1,-1,1,-1,1,-1,1,1,0.009595631621778011
-1,1,1,1,1,-1,-1,1,-1,1,1,1,-1,-1,-1,1,-1,1,-1,1,0.010157506912946701
-1,1,1,1,1,-1,-1,1,-1,1,1,1,1,1,1,1,1,-1,-1,-1,0.009693972766399384
-1,1,1,1,1,-1,-1,1,1,-1,-1,-1,-1,1,-1,-1,1,-1,-1,1,0.008892850950360298
-1,1,1,1,1,-1,-1,1,1,-1,-1,1,-1,-1,1,-1,1,-1,-1,-1,0.009330105036497116
-1,1,1,1,1,-1,-1,1,1,-1,-1,1,-1,-1,1,-1,1,1,-1,-1,0.009763568639755249
-1,1,1,1,1,-1,-1,1,1,-1,-1,1,1,-1,-1,-1,-1,1,-1,1,0.008718474768102169
-1,1,1,1,1,-1,-1,1,1,-1,1,-1,1,1,1,-1,-1,1,-1,1,0.008771455846726894
-1,1,1,1,1,-1,-1,1,1,-1,1,1,-1,-1,-1,1,1,1,-1,1,0.010317130014300346
-1,1,1,1,1,-1,-1,1,1,-1,1,1,1,-1,-1,-1,-1,1,1,-1,0.009178311564028263
-1,1,1,1,1,-1,-1,1,1,1,-1,-1,-1,1,1,-1,1,1,-1,1,0.009450022131204605
-1,1,1,1,1,-1,-1,1,1,1,-1,1,-1,-1,1,1,-1,1,1,-1,0.009064939804375172
-1,1,1,1,1,-1,-1,1,1,1,-1,1,1,1,-1,-1,-1,1,1,1,0.008009472861886024
-1,1,1,1,1,-1,-1,1,1,1,1,-1,-1,-1,1,-1,-1,-1,-1,-1,0.009872790426015854
-1,1,1,1,1,-1,-1,1,1,1,1,-1,1,1,-1,-1,-1,-1,1,-1,0.00879001710563898
-1,1,1,1,1,-1,-1,1,1,1,1,1,-1,-1,-1,-1,1,-1,1,-1,0.010009486228227615
-1,1,1,1,1,-1,-1,1,1,1,1,1,-1,-1,-1,1,-1,-1,-1,1,0.009571060538291931
-1,1,1,1,1,-1,-1,1,1,1,1,1,-1,1,-1,-1,-1,-1,-1,1,0.00889709871262312
-1,1,1,1,1,-1,-1,1,1,1,1,1,1,-1,1,-1,-1,-1,-1,-1,0.00935350637882948
-1,1,1,1,1,-1,1,-1,-1,-1,-1,-1,-1,-1,-1,-1,1,-1,1,-1,0.010140350088477135
-1,1,1,1,1,-1,1,-1,-1,-1,-1,1,-1,1,1,-1,1,-1,-1,-1,0.00955377146601677
-1,1,1,1,1,-1,1,-1,-1,-1,1,-1,-1,1,1,-1,-1,1,1,1,0.009335270151495934
-1,1,1,1,1,-1,1,-1,-1,-1,1,-1,-1,1,1,1,1,-1,-1,1,0.01014927588403225
-1,1,1,1,1,-1,1,-1,-1,-1,1,1,1,-1,1,-1,1,1,1,-1,0.01041332446038723
-1,1,1,1,1,-1,1,-1,-1,-1,1,1,1,1,-1,-1,-1,-1,1,-1,0.008968514390289783
-1,1,1,1,1,-1,1,-1,-1,-1,1,1,1,1,-1,1,-1,-1,-1,1,0.009193677455186844
-1,1,1,1,1,-1,1,-1,-1,-1,1,1,1,1,1,1,1,-1,1,1,0.009145040065050125
-1,1,1,1,1,-1,1,-1,-1,1,-1,-1,-1,-1,1,-1,-1,1,-1,1,0.010160165838897228
-1,1,1,1,1,-1,1,-1,-1,1,-1,-1,-1,-1,1,-1,-1,1,1,-1,0.010033930651843548
-1,1,1,1,1,-1,1,-1,-1,1,-1,-1,-1,1,-1,-1,1,-1,-1,-1,0.01040124986320734
-1,1,1,1,1,-1,1,-1,-1,1,-1,-1,-1,1,1,-1,1,-1,1,-1,0.009689022786915302
-1,1,1,1,1,-1,1,-1,-1,1,-1,-1,1,-1,1,1,-1,1,1,1,0.009524078108370304
-1,1,1,1,1,-1,1,-1,-1,1,-1,1,1,-1,1,-1,1,1,1,1,0.009819519706070423
-1,1,1,1,1,-1,1,-1,-1,1,-1,1,1,1,-1,-1,1,-1,-1,-1,0.009881965816020966
-1,1,1,1,1,-1,1,-1,-1,1,1,-1,-1,-1,1,-1,1,1,1,-1,0.011283592320978642
-1,1,1,1,1,-1,1,-1,-1,1,1,-1,-1,1,-1,1,1,1,-1,1,0.011160998605191708
-1,1,1,1,1,-1,1,-1,-1,1,1,-1,1,1,1,-1,-1,1,1,-1,0.009794903919100761
-1,1,1,1,1,-1,1,-1,-1,1,1,-1,1,1,1,1,-1,1,1,1,0.009535116143524647
-1,1,1,1,1,-1,1,-1,-1,1,1,1,-1,-1,1,-1,-1,-1,-1,-1,0.010402271524071693
-1,1,1,1,1,-1,1,-1,-1,1,1,1,1,1,-1,1,-1,-1,1,1,0.009059710428118706
-1,1,1,1,1,-1,1,-1,-1,1,1,1,1,1,1,1,-1,1,-1,-1,0.01010956335812807
-1,1,1,1,1,-1,1,-1,-1,1,1,1,1,1,1,1,-1,1,1,-1,0.009624612517654896
-1,1,1,1,1,-1,1,-1,1,-1,-1,1,1,1,-1,-1,-1,1,-1,1,0.00878915749490261
-1,1,1,1,1,-1,1,-1,1,-1,1,-1,1,-1,1,1,-1,-1,-1,-1,0.010016386397182941
-1,1,1,1,1,-1,1,-1,1,-1,1,1,1,-1,-1,1,-1,-1,-1,1,0.009615728631615639
-1,1,1,1,1,-1,1,-1,1,-1,1,1,1,1,-1,-1,-1,-1,-1,-1,0.009300482459366322
-1,1,1,1,1,-1,1,-1,1,1,-1,-1,-1,-1,-1,1,-1,1,1,-1,0.010207151994109154
-1,1,1,1,1,-1,1,-1,1,1,-1,-1,1,1,-1,-1,-1,-1,1,-1,0.008849660865962505
-1,1,1,1,1,-1,1,-1,1,1,-1,1,1,-1,-1,-1,1,1,1,-1,0.010252527892589569
-1,1,1,1,1,-1,1,-1,1,1,-1,1,1,-1,1,-1,-1,-1,1,-1,0.008928199298679829
-1,1,1,1,1,-1,1,-1,1,1,-1,1,1,-1,1,-1,-1,-1,1,1,0.008569483645260334
-1,1,1,1,1,-1,1,-1,1,1,1,-1,-1,-1,-1,-1,-1,-1,-1,1,0.01038706861436367
-1,1,1,1,1,-1,1,-1,1,1,1,-1,-1,-1,-1,-1,1,1,1,-1,0.011357884854078293
-1,1,1,1,1,-1,1,-1,1,1,1,-1,-1,1,1,-1,1,-1,-1,1,0.01024834718555212
-1,1,1,1,1,-1,1,-1,1,1,1,-1,1,1,1,-1,-1,1,1,1,0.00928320549428463
-1,1,1,1,1,-1,1,-1,1,1,1,1,-1,-1,-1,1,1,-1,1,-1,0.010754130780696869
-1,1,1,1,1,-1,1,-1,1,1,1,1,1,1,-1,1,-1,-1,1,-1,0.009265442378818989
-1,1,1,1,1,-1,1,1,-1,-1,-1,1,-1,-1,1,-1,-1,-1,1,-1,0.008731103502213955
-1,1,1,1,1,-1,1,1,-1,-1,-1,1,-1,1,1,1,1,-1,-1,-1,0.009403537958860397
-1,1,1,1,1,-1,1,1,-1,-1,-1,1,1,-1,1,-1,-1,1,-1,-1,0.00939945224672556
-1,1,1,1,1,-1,1,1,-1,-1,1,-1,-1,-1,-1,-1,-1,1,1,-1,0.01024713460355997
-1,1,1,1,1,-1,1,1,-1,-1,1,-1,-1,1,-1,-1,-1,1,1,1,0.009313385002315044
-1,1,1,1,1,-1,1,1,-1,-1,1,-1,1,-1,-1,-1,1,1,1,1,0.010301942937076092
-1,1,1,1,1,-1,1,1,-1,-1,1,-1,1,1,-1,-1,1,1,-1,1,0.010211859829723835
-1,1,1,1,1,-1,1,1,-1,-1,1,1,-1,-1,1,1,-1,-1,-1,-1,0.009901055134832859
-1,1,1,1,1,-1,1,1,-1,-1,1,1,-1,1,-1,1,1,-1,-1,1,0.009858171455562115
-1,1,1,1,1,-1,1,1,-1,1,-1,-1,-1,-1,-1,1,1,1,1,-1,0.010774562135338783
-1,1,1,1,1,-1,1,1,-1,1,-1,-1,1,-1,1,1,-1,-1,1,-1,0.00920016784220934
-1,1,1,1,1,-1,1,1,-1,1,-1,-1,1,1,-1,1,-1,-1,-1,1,0.008978646248579025
-1,1,1,1,1,-1,1,1,-1,1,-1,1,1,1,-1,-1,-1,-1,-1,-1,0.008969214744865894
-1,1,1,1,1,-1,1,1,-1,1,1,-1,-1,-1,1,1,-1,1,-1,1,0.010596005246043205
-1,1,1,1,1,-1,1,1,-1,1,1,-1,-1,-1,1,1,1,-1,-1,-1,0.011184846051037312
-1,1,1,1,1,-1,1,1,1,-1,-1,-1,1,1,-1,1,1,1,-1,1,0.009571732021868229
-1,1,1,1,1,-1,1,1,1,-1,-1,-1,1,1,-1,1,1,1,1,-1,0.009445496834814548
-1,1,1,1,1,-1,1,1,1,-1,-1,1,-1,-1,-1,-1,1,-1,-1,1,0.009595220908522606
-1,1,1,1,1,-1,1,1,1,-1,-1,1,-1,-1,1,1,1,-1,1,1,0.008981921710073948
-1,1,1,1,1,-1,1,1,1,-1,-1,1,1,1,1,-1,-1,-1,1,1,0.007394305430352688
-1,1,1,1,1,-1,1,1,1,-1,1,-1,-1,-1,-1,1,-1,-1,1,-1,0.009759616106748581
-1,1,1,1,1,-1,1,1,1,-1,1,-1,-1,-1,1,1,1,1,1,-1,0.010629392229020596
-1,1,1,1,1,-1,1,1,1,-1,1,1,1,-1,-1,1,-1,1,1,1,0.00931507907807827
-1,1,1,1,1,-1,1,1,1,1,-1,-1,-1,-1,1,1,-1,1,-1,1,0.009856948629021645
-1,1,1,1,1,-1,1,1,1,1,-1,1,-1,-1,-1,-1,-1,-1,1,-1,0.009156379848718643
-1,1,1,1,1,-1,1,1,1,1,-1,1,-1,1,-1,-1,1,1,1,-1,0.009678398258984089
-1,1,1,1,1,-1,1,1,1,1,-1,1,1,1,-1,-1,1,-1,-1,-1,0.009479820728302002
-1,1,1,1,1,-1,1,1,1,1,-1,1,1,1,1,-1,-1,-1,-1,-1,0.00858895480632782
-1,1,1,1,1,-1,1,1,1,1,1,-1,-1,-1,1,-1,-1,-1,1,1,0.009425679221749306
-1,1,1,1,1,-1,1,1,1,1,1,-1,-1,1,1,1,-1,-1,-1,-1,0.009793239645659924
-1,1,1,1,1,-1,1,1,1,1,1,-1,1,-1,1,-1,-1,1,1,1,0.009609077125787735
-1,1,1,1,1,-1,1,1,1,1,1,-1,1,1,-1,1,-1,1,-1,-1,0.010203913785517216
-1,1,1,1,1,-1,1,1,1,1,1,1,-1,-1,1,-1,-1,1,-1,1,0.010074874386191368
-1,1,1,1,1,-1,1,1,1,1,1,1,-1,1,1,1,-1,1,1,1,0.009113817475736141
-1,1,1,1,1,-1,1,1,1,1,1,1,1,-1,-1,-1,1,1,-1,-1,0.011074390262365341
-1,1,1,1,1,1,-1,-1,-1,-1,-1,-1,-1,-1,1,1,1,-1,-1,1,0.010009675286710262
-1,1,1,1,1,1,-1,-1,-1,-1,-1,-1,-1,1,-1,1,-1,-1,1,1,0.008513377979397774
-1,1,1,1,1,1,-1,-1,-1,-1,-1,-1,1,-1,-1,1,-1,-1,1,1,0.008838346228003502
-1,1,1,1,1,1,-1,-1,-1,-1,-1,-1,1,-1,-1,1,1,-1,-1,-1,0.010345601476728916
-1,1,1,1,1,1,-1,-1,-1,-1,-1,1,-1,-1,-1,-1,-1,-1,-1,1,0.009205215610563755
-1,1,1,1,1,1,-1,-1,-1,-1,-1,1,-1,1,-1,-1,-1,1,1,1,0.008578694425523281
-1,1,1,1,1,1,-1,-1,-1,-1,1,-1,1,-1,-1,-1,1,-1,-1,1,0.01047403085976839
-1,1,1,1,1,1,-1,-1,-1,-1,1,-1,1,-1,-1,1,-1,-1,-1,-1,0.010268084704875946
-1,1,1,1,1,1,-1,-1,-1,1,-1,-1,-1,-1,1,1,-1,1,-1,-1,0.010489247739315033
-1,1,1,1,1,1,-1,-1,-1,1,-1,-1,1,-1,-1,-1,-1,-1,-1,-1,0.009934067726135254
-1,1,1,1,1,1,-1,-1,-1,1,-1,1,1,-1,-1,-1,-1,-1,-1,-1,0.009664848446846008
-1,1,1,1,1,1,-1,-1,-1,1,1,-1,-1,-1,1,-1,-1,-1,1,1,0.0096992626786232
-1,1,1,1,1,1,-1,-1,-1,1,1,-1,-1,1,1,1,1,1,-1,1,0.010805160738527775
-1,1,1,1,1,1,-1,-1,-1,1,1,-1,1,-1,1,-1,-1,1,-1,1,0.010367611423134804
-1,1,1,1,1,1,-1,-1,-1,1,1,-1,1,1,1,1,1,-1,-1,1,0.010121631436049938
-1,1,1,1,1,1,-1,-1,-1,1,1,1,-1,1,-1,1,-1,1,1,1,0.009614678099751472
-1,1,1,1,1,1,-1,-1,1,-1,-1,-1,-1,1,1,1,1,1,1,-1,0.009588886052370071
-1,1,1,1,1,1,-1,-1,1,-1,-1,-1,1,-1,1,-1,1,1,-1,-1,0.010299877263605595
-1,1,1,1,1,1,-1,-1,1,-1,-1,-1,1,1,-1,-1,-1,1,1,1,0.008444864302873611
-1,1,1,1,1,1,-1,-1,1,-1,1,-1,1,-1,1,1,-1,1,1,1,0.009477621875703335
-1,1,1,1,1,1,-1,-1,1,-1,1,-1,1,1,1,-1,1,-1,1,-1,0.009392501786351204
-1,1,1,1,1,1,-1,-1,1,-1,1,1,1,1,1,-1,1,1,-1,1,0.009682981297373772
-1,1,1,1,1,1,-1,-1,1,1,-1,-1,-1,-1,-1,1,-1,1,-1,-1,0.010563541203737259
-1,1,1,1,1,1,-1,-1,1,1,-1,-1,1,-1,1,1,-1,-1,-1,1,0.00929402094334364
-1,1,1,1,1,1,-1,-1,1,1,-1,1,-1,-1,-1,-1,1,1,-1,1,0.010500268079340458
-1,1,1,1,1,1,-1,-1,1,1,-1,1,-1,-1,1,1,-1,-1,1,-1,0.009148631244897842
-1,1,1,1,1,1,-1,-1,1,1,-1,1,1,-1,1,1,-1,1,-1,-1,0.009816979989409447
-1,1,1,1,1,1,-1,-1,1,1,1,1,-1,-1,-1,-1,1,1,1,-1,0.010960104875266552
-1,1,1,1,1,1,-1,-1,1,1,1,1,-1,-1,1,-1,1,-1,1,1,0.009940649382770061
-1,1,1,1,1,1,-1,-1,1,1,1,1,-1,1,-1,-1,-1,1,-1,1,0.009847717359662056
-1,1,1,1,1,1,-1,-1,1,1,1,1,1,-1,-1,1,-1,-1,1,1,0.009353199042379856
-1,1,1,1,1,1,-1,-1,1,1,1,1,1,1,-1,-1,1,1,-1,-1,0.010619957000017166
-1,1,1,1,1,1,-1,-1,1,1,1,1,1,1,-1,1,-1,-1,1,1,0.008778165094554424
-1,1,1,1,1,1,-1,1,-1,-1,-1,-1,-1,1,-1,-1,-1,-1,-1,1,0.008650239557027817
-1,1,1,1,1,1,-1,1,-1,-1,-1,-1,1,-1,1,1,-1,1,1,-1,0.00915408693253994
-1,1,1,1,1,1,-1,1,-1,-1,-1,-1,1,1,-1,-1,1,-1,-1,1,0.009063762612640858
-1,1,1,1,1,1,-1,1,-1,-1,-1,1,-1,-1,-1,1,1,1,1,1,0.009667083621025085
-1,1,1,1,1,1,-1,1,-1,-1,-1,1,1,-1,1,1,1,-1,-1,1,0.009241228923201561
-1,1,1,1,1,1,-1,1,-1,-1,-1,1,1,1,-1,-1,-1,-1,-1,1,0.008130954578518867
-1,1,1,1,1,1,-1,1,-1,-1,1,-1,-1,-1,1,-1,-1,1,-1,-1,0.010376247577369213
-1,1,1,1,1,1,-1,1,-1,-1,1,-1,1,1,-1,-1,1,-1,1,-1,0.009523600339889526
-1,1,1,1,1,1,-1,1,-1,-1,1,-1,1,1,1,-1,1,1,1,-1,0.009729786776006222
-1,1,1,1,1,1,-1,1,-1,-1,1,-1,1,1,1,1,-1,-1,-1,1,0.008857897482812405
-1,1,1,1,1,1,-1,1,-1,-1,1,1,-1,1,1,1,-1,1,-1,1,0.009272207506000996
-1,1,1,1,1,1,-1,1,-1,-1,1,1,1,-1,-1,1,1,1,-1,1,0.010488040745258331
-1,1,1,1,1,1,-1,1,-1,-1,1,1,1,-1,-1,1,1,1,1,1,0.010003089904785156
-1,1,1,1,1,1,-1,1,-1,1,-1,-1,-1,-1,-1,-1,1,1,1,1,0.010188357904553413
-1,1,1,1,1,1,-1,1,-1,1,-1,-1,1,-1,-1,-1,1,-1,-1,-1,0.010348495095968246
-1,1,1,1,1,1,-1,1,-1,1,-1,-1,1,1,-1,-1,-1,1,-1,-1,0.009543335996568203
-1,1,1,1,1,1,-1,1,-1,1,-1,1,1,1,-1,1,-1,-1,1,1,0.008095914497971535
-1,1,1,1,1,1,-1,1,-1,1,-1,1,1,1,1,1,1,1,-1,-1,0.009809358045458794
-1,1,1,1,1,1,-1,1,-1,1,1,-1,-1,-1,-1,-1,-1,1,-1,-1,0.010954506695270538
-1,1,1,1,1,1,-1,1,-1,1,1,-1,-1,1,1,-1,1,1,-1,-1,0.010815786197781563
-1,1,1,1,1,1,-1,1,-1,1,1,-1,1,-1,-1,1,1,1,-1,-1,0.011466959491372108
-1,1,1,1,1,1,-1,1,-1,1,1,1,-1,-1,-1,1,1,-1,-1,1,0.010655626654624939
-1,1,1,1,1,1,-1,1,1,-1,-1,-1,-1,1,-1,-1,-1,-1,-1,-1,0.0088559715077281
-1,1,1,1,1,1,-1,1,1,-1,-1,-1,1,-1,-1,-1,-1,1,1,1,0.008770735934376717
-1,1,1,1,1,1,-1,1,1,-1,-1,1,1,-1,-1,1,1,1,1,-1,0.009622749872505665
-1,1,1,1,1,1,-1,1,1,-1,-1,1,1,-1,1,-1,1,1,1,-1,0.009296545758843422
-1,1,1,1,1,1,-1,1,1,-1,1,-1,-1,-1,-1,1,-1,1,-1,-1,0.010549468919634819
-1,1,1,1,1,1,-1,1,1,-1,1,1,-1,-1,1,-1,1,-1,-1,-1,0.010184171609580517
-1,1,1,1,1,1,-1,1,1,-1,1,1,-1,1,-1,-1,-1,-1,-1,1,0.008814109489321709
-1,1,1,1,1,1,-1,1,1,-1,1,1,-1,1,1,-1,-1,-1,1,1,0.00810188241302967
-1,1,1,1,1,1,-1,1,1,-1,1,1,1,1,-1,1,-1,-1,-1,1,0.008662971667945385
-1,1,1,1,1,1,-1,1,1,-1,1,1,1,1,1,-1,1,-1,-1,1,0.009000356309115887
-1,1,1,1,1,1,-1,1,1,-1,1,1,1,1,1,1,-1,1,-1,-1,0.009227873757481575
-1,1,1,1,1,1,-1,1,1,1,-1,1,1,1,-1,1,-1,1,-1,-1,0.009220060892403126
-1,1,1,1,1,1,-1,1,1,1,1,1,-1,1,1,-1,1,1,1,-1,0.009908633306622505
-1,1,1,1,1,1,-1,1,1,1,1,1,1,-1,1,1,-1,-1,1,-1,0.009235477074980736
-1,1,1,1,1,1,-1,1,1,1,1,1,1,1,-1,1,-1,1,-1,-1,0.009806133806705475
-1,1,1,1,1,1,-1,1,1,1,1,1,1,1,1,-1,1,1,-1,1,0.009784802794456482
-1,1,1,1,1,1,1,-1,-1,-1,-1,-1,-1,1,1,-1,1,1,1,1,0.00968078151345253
-1,1,1,1,1,1,1,-1,-1,-1,-1,1,-1,-1,-1,-1,-1,-1,-1,-1,0.009960485622286797
-1,1,1,1,1,1,1,-1,-1,-1,-1,1,-1,-1,-1,-1,1,1,1,1,0.010213872417807579
-1,1,1,1,1,1,1,-1,-1,-1,-1,1,1,1,1,-1,-1,-1,1,1,0.008064444176852703
-1,1,1,1,1,1,1,-1,-1,-1,1,-1,-1,-1,1,-1,1,1,-1,1,0.011326838284730911
-1,1,1,1,1,1,1,-1,-1,-1,1,-1,-1,1,1,-1,-1,1,1,-1,0.00996197946369648
-1,1,1,1,1,1,1,-1,-1,-1,1,-1,1,1,-1,-1,-1,-1,1,1,0.009147011674940586
-1,1,1,1,1,1,1,-1,-1,-1,1,1,-1,-1,-1,1,1,-1,1,-1,0.010824124328792095
-1,1,1,1,1,1,1,-1,-1,-1,1,1,-1,1,-1,1,1,-1,1,1,0.009890375658869743
-1,1,1,1,1,1,1,-1,-1,-1,1,1,1,1,-1,-1,1,-1,1,1,0.00954138208180666
-1,1,1,1,1,1,1,-1,-1,-1,1,1,1,1,1,1,-1,-1,1,-1,0.009108159691095352
-1,1,1,1,1,1,1,-1,-1,-1,1,1,1,1,1,1,1,-1,1,-1,0.009771749377250671
-1,1,1,1,1,1,1,-1,-1,1,-1,-1,1,1,1,1,1,1,1,1,0.009880626574158669
-1,1,1,1,1,1,1,-1,-1,1,-1,1,-1,-1,-1,1,1,-1,-1,-1,0.011073986068367958
-1,1,1,1,1,1,1,-1,-1,1,-1,1,1,1,-1,-1,-1,-1,1,-1,0.009001418948173523
-1,1,1,1,1,1,1,-1,-1,1,-1,1,1,1,-1,-1,-1,1,1,-1,0.009434882551431656
-1,1,1,1,1,1,1,-1,-1,1,1,1,1,1,1,-1,-1,-1,-1,-1,0.009845166467130184
-1,1,1,1,1,1,1,-1,1,-1,-1,-1,-1,-1,1,-1,-1,-1,1,1,0.009005779400467873
-1,1,1,1,1,1,1,-1,1,-1,-1,1,1,1,1,1,-1,-1,-1,-1,0.008854054845869541
-1,1,1,1,1,1,1,-1,1,-1,1,-1,-1,-1,1,-1,1,-1,1,1,0.010255441069602966
-1,1,1,1,1,1,1,-1,1,-1,1,-1,-1,1,-1,1,-1,-1,1,-1,0.009701737202703953
-1,1,1,1,1,1,1,-1,1,-1,1,-1,-1,1,1,-1,1,1,-1,-1,0.010957536287605762
-1,1,1,1,1,1,1,-1,1,-1,1,1,1,-1,-1,-1,1,-1,1,1,0.00996343232691288
-1,1,1,1,1,1,1,-1,1,-1,1,1,1,-1,-1,-1,1,1,1,-1,0.010755611583590508
-1,1,1,1,1,1,1,-1,1,1,-1,1,-1,-1,-1,1,1,1,1,1,0.010510800406336784
-1,1,1,1,1,1,1,-1,1,1,-1,1,-1,1,1,1,-1,1,1,1,0.00904490053653717
-1,1,1,1,1,1,1,-1,1,1,-1,1,1,-1,-1,-1,-1,-1,-1,1,0.009549704380333424
-1,1,1,1,1,1,1,-1,1,1,-1,1,1,-1,-1,1,-1,1,1,-1,0.009955860674381256
-1,1,1,1,1,1,1,-1,1,1,-1,1,1,-1,-1,1,1,-1,1,1,0.009827271103858948
-1,1,1,1,1,1,1,-1,1,1,-1,1,1,-1,1,-1,-1,1,1,-1,0.009629656560719013
-1,1,1,1,1,1,1,-1,1,1,1,-1,-1,-1,-1,-1,1,1,-1,-1,0.01211082935333252
-1,1,1,1,1,1,1,-1,1,1,1,-1,-1,-1,1,-1,-1,-1,1,-1,0.010301549918949604
-1,1,1,1,1,1,1,-1,1,1,1,-1,-1,1,-1,1,1,1,1,-1,0.011149773374199867
-1,1,1,1,1,1,1,-1,1,1,1,-1,1,-1,-1,-1,-1,1,1,1,0.010353509336709976
-1,1,1,1,1,1,1,-1,1,1,1,-1,1,-1,-1,1,1,1,1,-1,0.011474741622805595
-1,1,1,1,1,1,1,-1,1,1,1,-1,1,-1,1,1,-1,-1,1,1,0.00979169737547636
-1,1,1,1,1,1,1,-1,1,1,1,-1,1,1,-1,-1,1,1,1,-1,0.010800779797136784
-1,1,1,1,1,1,1,-1,1,1,1,1,-1,-1,-1,-1,-1,-1,1,1,0.009900892153382301
-1,1,1,1,1,1,1,-1,1,1,1,1,-1,-1,1,1,1,1,-1,-1,0.011713262647390366
-1,1,1,1,1,1,1,1,-1,-1,-1,-1,-1,1,1,-1,-1,-1,-1,1,0.0088195176795125
-1,1,1,1,1,1,1,1,-1,-1,-1,-1,-1,1,1,-1,1,1,1,1,0.009431620128452778
-1,1,1,1,1,1,1,1,-1,-1,-1,1,-1,-1,-1,1,1,-1,1,-1,0.009988890960812569
-1,1,1,1,1,1,1,1,-1,-1,-1,1,-1,1,-1,-1,-1,-1,-1,-1,0.009136290289461613
-1,1,1,1,1,1,1,1,-1,-1,-1,1,1,-1,1,-1,-1,1,-1,-1,0.009667445905506611
-1,1,1,1,1,1,1,1,-1,-1,1,-1,1,-1,-1,-1,1,-1,1,1,0.01013647299259901
-1,1,1,1,1,1,1,1,-1,-1,1,1,-1,-1,1,1,-1,1,1,-1,0.010117560625076294
-1,1,1,1,1,1,1,1,-1,-1,1,1,-1,1,1,1,-1,1,-1,-1,0.010027478449046612
-1,1,1,1,1,1,1,1,-1,-1,1,1,-1,1,1,1,-1,1,1,1,0.009183811955153942
-1,1,1,1,1,1,1,1,-1,-1,1,1,1,1,-1,1,-1,1,-1,1,0.009645973332226276
-1,1,1,1,1,1,1,1,-1,-1,1,1,1,1,1,1,-1,1,1,-1,0.009292461909353733
-1,1,1,1,1,1,1,1,-1,1,-1,-1,-1,-1,-1,1,-1,1,1,-1,0.01037896703928709
-1,1,1,1,1,1,1,1,-1,1,-1,-1,1,-1,-1,1,-1,-1,-1,-1,0.010180388577282429
-1,1,1,1,1,1,1,1,-1,1,-1,-1,1,1,1,1,1,-1,-1,-1,0.010041668079793453
-1,1,1,1,1,1,1,1,-1,1,-1,1,-1,1,-1,-1,1,-1,-1,-1,0.010150862857699394
-1,1,1,1,1,1,1,1,-1,1,-1,1,1,1,1,-1,1,1,-1,1,0.009748268872499466
-1,1,1,1,1,1,1,1,-1,1,-1,1,1,1,1,1,1,1,-1,1,0.009847196750342846
-1,1,1,1,1,1,1,1,-1,1,1,-1,-1,-1,1,-1,-1,1,1,1,0.010280119255185127
-1,1,1,1,1,1,1,1,-1,1,1,1,-1,-1,1,-1,1,1,1,-1,0.011033205315470695
-1,1,1,1,1,1,1,1,-1,1,1,1,-1,-1,1,1,-1,1,-1,1,0.010594779625535011
-1,1,1,1,1,1,1,1,-1,1,1,1,1,-1,-1,-1,1,-1,-1,-1,0.011061904020607471
-1,1,1,1,1,1,1,1,1,-1,-1,-1,-1,-1,-1,-1,-1,1,-1,-1,0.010261023417115211
-1,1,1,1,1,1,1,1,1,-1,-1,-1,-1,1,-1,1,-1,1,-1,1,0.009426201693713665
-1,1,1,1,1,1,1,1,1,-1,-1,1,1,1,1,1,-1,1,1,1,0.008194690570235252
-1,1,1,1,1,1,1,1,1,-1,1,-1,1,1,-1,-1,1,-1,-1,-1,0.010252122767269611
-1,1,1,1,1,1,1,1,1,-1,1,1,-1,-1,1,1,1,-1,-1,1,0.010320939123630524
-1,1,1,1,1,1,1,1,1,-1,1,1,1,-1,-1,-1,1,1,-1,-1,0.010991400107741356
-1,1,1,1,1,1,1,1,1,-1,1,1,1,-1,1,-1,-1,1,1,-1,0.009615584276616573
-1,1,1,1,1,1,1,1,1,-1,1,1,1,1,1,-1,-1,-1,1,1,0.008248371072113514
-1,1,1,1,1,1,1,1,1,1,-1,-1,1,-1,-1,1,1,-1,1,-1,0.010206043720245361
-1,1,1,1,1,1,1,1,1,1,-1,-1,1,1,-1,1,-1,1,-1,1,0.009527119807898998
-1,1,1,1,1,1,1,1,1,1,-1,-1,1,1,1,-1,1,-1,-1,1,0.009431041777133942
-1,1,1,1,1,1,1,1,1,1,1,-1,-1,-1,-1,1,-1,1,-1,1,0.010938291437923908
-1,1,1,1,1,1,1,1,1,1,1,-1,-1,-1,1,1,1,1,-1,1,0.01137460395693779
-1,1,1,1,1,1,1,1,1,1,1,-1,-1,1,-1,1,-1,-1,1,1,0.009444843046367168
-1,1,1,1,1,1,1,1,1,1,1,-1,1,-1,-1,1,-1,1,1,-1,0.010561990551650524
-1,1,1,1,1,1,1,1,1,1,1,-1,1,-1,-1,1,-1,1,1,1,0.01020327489823103
-1,1,1,1,1,1,1,1,1,1,1,-1,1,-1,1,-1,1,1,-1,1,0.011025611311197281
-1,1,1,1,1,1,1,1,1,1,1,-1,1,1,-1,-1,-1,-1,-1,-1,0.009939515963196754
-1,1,1,1,1,1,1,1,1,1,1,1,-1,1,1,1,-1,1,-1,1,0.009866762906312943
-1,1,1,1,1,1,1,1,1,1,1,1,1,-1,-1,-1,-1,-1,1,1,0.009401665069162846
-1,1,1,1,1,1,1,1,1,1,1,1,1,-1,-1,-1,1,-1,-1,1,0.010550204664468765
-1,1,1,1,1,1,1,1,1,1,1,1,1,-1,-1,1,1,-1,1,1,0.01016418170183897
-1,1,1,1,1,1,1,1,1,1,1,1,1,1,1,-1,-1,1,1,-1,0.009391533210873604
1,-1,-1,-1,-1,-1,-1,-1,-1,-1,-1,-1,1,1,1,-1,-1,-1,1,-1,0.007286749314516783
1,-1,-1,-1,-1,-1,-1,-1,-1,-1,-1,-1,1,1,1,-1,-1,1,-1,-1,0.008205163292586803
1,-1,-1,-1,-1,-1,-1,-1,-1,-1,-1,1,1,-1,-1,-1,-1,-1,-1,-1,0.00830479059368372
1,-1,-1,-1,-1,-1,-1,-1,-1,-1,-1,1,1,1,-1,-1,1,-1,-1,1,0.008034630678594112
1,-1,-1,-1,-1,-1,-1,-1,-1,-1,-1,1,1,1,1,-1,-1,-1,-1,-1,0.007502480875700712
1,-1,-1,-1,-1,-1,-1,-1,-1,-1,1,1,-1,-1,-1,-1,-1,1,1,1,0.008730725385248661
1,-1,-1,-1,-1,-1,-1,-1,-1,1,-1,-1,-1,1,-1,-1,-1,-1,1,1,0.007756358478218317
1,-1,-1,-1,-1,-1,-1,-1,-1,1,-1,-1,1,-1,1,-1,1,1,1,-1,0.009309818968176842
1,-1,-1,-1,-1,-1,-1,-1,-1,1,-1,1,-1,-1,1,-1,1,-1,-1,-1,0.009342152625322342
1,-1,-1,-1,-1,-1,-1,-1,-1,1,-1,1,-1,-1,1,1,-1,-1,-1,1,0.008418776094913483
1,-1,-1,-1,-1,-1,-1,-1,-1,1,-1,1,1,-1,-1,1,-1,-1,-1,1,0.008395986631512642
1,-1,-1,-1,-1,-1,-1,-1,-1,1,-1,1,1,1,-1,-1,1,-1,1,-1,0.008259378373622894
1,-1,-1,-1,-1,-1,-1,-1,-1,1,-1,1,1,1,-1,1,1,-1,-1,1,0.00848454236984253
1,-1,-1,-1,-1,-1,-1,-1,-1,1,1,1,-1,-1,1,-1,-1,-1,1,1,0.008420969359576702
1,-1,-1,-1,-1,-1,-1,-1,-1,1,1,1,-1,1,1,1,-1,-1,1,1,0.00794486328959465
1,-1,-1,-1,-1,-1,-1,-1,-1,1,1,1,1,1,1,-1,1,-1,-1,1,0.008744410239160061
1,-1,-1,-1,-1,-1,-1,-1,1,-1,-1,-1,-1,1,1,-1,-1,1,1,1,0.007458578795194626
1,-1,-1,-1,-1,-1,-1,-1,1,-1,-1,-1,1,-1,1,1,-1,-1,-1,1,0.00793396309018135
1,-1,-1,-1,-1,-1,-1,-1,1,-1,-1,1,1,-1,-1,1,-1,-1,1,1,0.007407069206237793
1,-1,-1,-1,-1,-1,-1,-1,1,-1,-1,1,1,-1,1,-1,-1,1,1,-1,0.007873043417930603
1,-1,-1,-1,-1,-1,-1,-1,1,-1,1,-1,1,1,-1,-1,-1,-1,-1,-1,0.008432065136730671
1,-1,-1,-1,-1,-1,-1,-1,1,-1,1,1,-1,-1,1,-1,1,-1,-1,-1,0.009424258954823017
1,-1,-1,-1,-1,-1,-1,-1,1,1,-1,-1,-1,-1,-1,1,1,-1,1,-1,0.009299641475081444
1,-1,-1,-1,-1,-1,-1,-1,1,1,-1,-1,-1,-1,1,1,-1,1,1,1,0.0084835235029459
1,-1,-1,-1,-1,-1,-1,-1,1,1,-1,-1,-1,1,-1,-1,-1,1,-1,1,0.0085217896848917
1,-1,-1,-1,-1,-1,-1,-1,1,1,-1,-1,1,-1,-1,1,1,1,1,-1,0.009483039379119873
1,-1,-1,-1,-1,-1,-1,-1,1,1,-1,1,-1,-1,-1,1,1,-1,-1,1,0.009156658314168453
1,-1,-1,-1,-1,-1,-1,-1,1,1,-1,1,1,1,-1,-1,-1,-1,-1,1,0.007569041568785906
1,-1,-1,-1,-1,-1,-1,-1,1,1,1,-1,-1,-1,1,-1,1,1,-1,1,0.010119208134710789
1,-1,-1,-1,-1,-1,-1,-1,1,1,1,-1,-1,1,-1,1,-1,1,-1,-1,0.00956550519913435
1,-1,-1,-1,-1,-1,-1,-1,1,1,1,-1,1,1,1,-1,1,1,-1,1,0.009294109418988228
1,-1,-1,-1,-1,-1,-1,1,-1,-1,-1,-1,-1,1,-1,-1,1,1,-1,-1,0.009096932597458363
1,-1,-1,-1,-1,-1,-1,1,-1,-1,-1,-1,1,-1,-1,-1,1,-1,1,1,0.008144771680235863
1,-1,-1,-1,-1,-1,-1,1,-1,-1,-1,1,-1,1,-1,-1,-1,1,1,1,0.007320458069443703
1,-1,-1,-1,-1,-1,-1,1,-1,-1,-1,1,1,1,-1,1,-1,-1,-1,-1,0.007579523604363203
1,-1,-1,-1,-1,-1,-1,1,-1,-1,-1,1,1,1,1,1,-1,1,-1,1,0.007426994852721691
1,-1,-1,-1,-1,-1,-1,1,-1,-1,1,-1,-1,-1,1,-1,1,1,1,-1,0.009545811451971531
1,-1,-1,-1,-1,-1,-1,1,-1,-1,1,-1,-1,-1,1,1,1,1,-1,-1,0.010129690170288086
1,-1,-1,-1,-1,-1,-1,1,-1,-1,1,-1,1,-1,1,1,1,1,-1,1,0.009520909748971462
1,-1,-1,-1,-1,-1,-1,1,-1,-1,1,1,-1,-1,-1,1,1,-1,1,-1,0.00916933361440897
1,-1,-1,-1,-1,-1,-1,1,-1,-1,1,1,-1,1,-1,1,-1,1,-1,1,0.008490409702062607
1,-1,-1,-1,-1,-1,-1,1,-1,-1,1,1,1,-1,1,1,1,-1,-1,1,0.008818226866424084
1,-1,-1,-1,-1,-1,-1,1,-1,1,-1,-1,-1,1,-1,-1,1,-1,-1,1,0.008655737154185772
1,-1,-1,-1,-1,-1,-1,1,-1,1,-1,-1,-1,1,-1,-1,1,-1,1,-1,0.008529501967132092
1,-1,-1,-1,-1,-1,-1,1,-1,1,-1,-1,1,-1,-1,1,-1,-1,-1,-1,0.008774759247899055
1,-1,-1,-1,-1,-1,-1,1,-1,1,-1,-1,1,-1,-1,1,1,1,1,-1,0.009386860765516758
1,-1,-1,-1,-1,-1,-1,1,-1,1,-1,1,-1,-1,-1,-1,-1,1,-1,1,0.008731425739824772
1,-1,-1,-1,-1,-1,-1,1,-1,1,-1,1,1,-1,-1,1,-1,1,-1,-1,0.008939003571867943
1,-1,-1,-1,-1,-1,-1,1,-1,1,-1,1,1,-1,1,-1,-1,-1,-1,1,0.007820621132850647
1,-1,-1,-1,-1,-1,-1,1,-1,1,-1,1,1,-1,1,-1,1,1,-1,1,0.008917673490941525
1,-1,-1,-1,-1,-1,-1,1,-1,1,-1,1,1,1,1,1,1,1,1,1,0.007956616580486298
1,-1,-1,-1,-1,-1,-1,1,-1,1,1,-1,-1,1,-1,1,-1,1,-1,-1,0.009469326585531235
1,-1,-1,-1,-1,-1,-1,1,-1,1,1,-1,1,-1,-1,-1,-1,1,1,1,0.008851700462400913
1,-1,-1,-1,-1,-1,-1,1,-1,1,1,-1,1,-1,1,-1,-1,1,-1,1,0.009109375067055225
1,-1,-1,-1,-1,-1,-1,1,-1,1,1,-1,1,1,-1,1,1,1,1,1,0.00903918407857418
1,-1,-1,-1,-1,-1,-1,1,-1,1,1,-1,1,1,1,1,-1,1,1,-1,0.008507034741342068
1,-1,-1,-1,-1,-1,-1,1,1,-1,-1,-1,-1,-1,-1,-1,-1,-1,-1,-1,0.008421930484473705
1,-1,-1,-1,-1,-1,-1,1,1,-1,-1,-1,1,-1,1,1,-1,-1,1,-1,0.007558565586805344
1,-1,-1,-1,-1,-1,-1,1,1,-1,-1,1,-1,1,-1,1,-1,-1,-1,-1,0.007676605600863695
1,-1,-1,-1,-1,-1,-1,1,1,-1,-1,1,-1,1,1,1,1,-1,-1,1,0.0077542029321193695
1,-1,-1,-1,-1,-1,-1,1,1,-1,1,-1,-1,-1,1,-1,1,1,-1,-1,0.009877779521048069
1,-1,-1,-1,-1,-1,-1,1,1,-1,1,-1,-1,1,1,1,-1,1,1,1,0.007894418202340603
1,-1,-1,-1,-1,-1,-1,1,1,-1,1,-1,1,-1,1,1,-1,-1,1,-1,0.008144638501107693
1,-1,-1,-1,-1,-1,-1,1,1,-1,1,-1,1,1,1,-1,1,1,-1,-1,0.009052679874002934
1,-1,-1,-1,-1,-1,-1,1,1,-1,1,1,-1,-1,-1,-1,1,-1,-1,-1,0.009402372874319553
1,-1,-1,-1,-1,-1,-1,1,1,-1,1,1,-1,-1,1,-1,-1,1,1,-1,0.008460019715130329
1,-1,-1,-1,-1,-1,-1,1,1,-1,1,1,-1,-1,1,1,1,-1,-1,1,0.00891530979424715
1,-1,-1,-1,-1,-1,-1,1,1,-1,1,1,-1,1,-1,-1,1,-1,-1,-1,0.008827339857816696
1,-1,-1,-1,-1,-1,-1,1,1,-1,1,1,-1,1,1,1,-1,1,-1,-1,0.008468865416944027
1,-1,-1,-1,-1,-1,-1,1,1,-1,1,1,1,-1,1,-1,1,1,1,-1,0.008873543702065945
1,-1,-1,-1,-1,-1,-1,1,1,-1,1,1,1,1,1,-1,-1,-1,1,1,0.006842741742730141
1,-1,-1,-1,-1,-1,-1,1,1,1,-1,-1,-1,-1,-1,-1,1,1,-1,1,0.009511251002550125
1,-1,-1,-1,-1,-1,-1,1,1,1,-1,1,-1,1,-1,1,1,1,1,1,0.008280974812805653
1,-1,-1,-1,-1,-1,-1,1,1,1,-1,1,-1,1,1,-1,1,-1,-1,1,0.008006257936358452
1,-1,-1,-1,-1,-1,-1,1,1,1,-1,1,1,1,-1,-1,-1,-1,-1,1,0.0073198797181248665
1,-1,-1,-1,-1,-1,-1,1,1,1,-1,1,1,1,-1,-1,-1,1,1,-1,0.007627108134329319
1,-1,-1,-1,-1,-1,-1,1,1,1,1,-1,-1,1,-1,-1,-1,-1,1,-1,0.00829900149255991
1,-1,-1,-1,-1,-1,-1,1,1,1,1,-1,1,-1,-1,-1,-1,-1,-1,1,0.008750204928219318
1,-1,-1,-1,-1,-1,-1,1,1,1,1,1,-1,-1,-1,-1,-1,1,-1,1,0.00916451495140791
1,-1,-1,-1,-1,-1,-1,1,1,1,1,1,-1,-1,-1,-1,1,-1,-1,1,0.009394641034305096
1,-1,-1,-1,-1,-1,-1,1,1,1,1,1,-1,-1,-1,1,-1,1,-1,1,0.00926344282925129
1,-1,-1,-1,-1,-1,-1,1,1,1,1,1,-1,-1,-1,1,1,1,-1,-1,0.010285747237503529
1,-1,-1,-1,-1,-1,1,-1,-1,-1,-1,-1,-1,-1,-1,1,1,1,-1,-1,0.010416611097753048
1,-1,-1,-1,-1,-1,1,-1,-1,-1,-1,-1,1,1,1,-1,-1,1,1,1,0.007758052088320255
1,-1,-1,-1,-1,-1,1,-1,-1,-1,-1,1,-1,-1,1,1,1,1,-1,-1,0.00992011558264494
1,-1,-1,-1,-1,-1,1,-1,-1,-1,-1,1,-1,1,1,1,1,-1,1,-1,0.008426668122410774
1,-1,-1,-1,-1,-1,1,-1,-1,-1,-1,1,1,1,-1,-1,-1,-1,-1,1,0.007767596747726202
1,-1,-1,-1,-1,-1,1,-1,-1,-1,1,-1,1,-1,1,-1,-1,1,1,-1,0.009277873672544956
1,-1,-1,-1,-1,-1,1,-1,-1,-1,1,-1,1,-1,1,1,1,-1,-1,-1,0.010091878473758698
1,-1,-1,-1,-1,-1,1,-1,-1,-1,1,-1,1,-1,1,1,1,1,-1,-1,0.01052534207701683
1,-1,-1,-1,-1,-1,1,-1,-1,-1,1,1,-1,-1,-1,-1,-1,1,1,1,0.009127280674874783
1,-1,-1,-1,-1,-1,1,-1,-1,1,-1,-1,-1,-1,-1,1,-1,1,-1,1,0.009745289571583271
1,-1,-1,-1,-1,-1,1,-1,-1,1,-1,-1,-1,-1,-1,1,1,1,1,-1,0.010282643139362335
1,-1,-1,-1,-1,-1,1,-1,-1,1,-1,-1,-1,-1,1,1,-1,1,-1,-1,0.009876728989183903
1,-1,-1,-1,-1,-1,1,-1,-1,1,-1,-1,-1,1,-1,1,-1,1,-1,1,0.00917025562375784
1,-1,-1,-1,-1,-1,1,-1,-1,1,-1,-1,1,1,1,-1,1,1,-1,1,0.009257575497031212
1,-1,-1,-1,-1,-1,1,-1,-1,1,-1,1,-1,1,1,-1,-1,1,-1,1,0.00857483223080635
1,-1,-1,-1,-1,-1,1,-1,-1,1,-1,1,1,-1,1,-1,1,1,1,1,0.009078439325094223
1,-1,-1,-1,-1,-1,1,-1,-1,1,-1,1,1,1,1,1,1,-1,1,-1,0.008527585305273533
1,-1,-1,-1,-1,-1,1,-1,-1,1,1,-1,-1,-1,-1,1,1,-1,1,-1,0.010435252450406551
1,-1,-1,-1,-1,-1,1,-1,-1,1,1,1,-1,-1,-1,-1,-1,1,1,1,0.009478263556957245
1,-1,-1,-1,-1,-1,1,-1,-1,1,1,1,1,-1,-1,1,1,-1,1,1,0.009557252749800682
1,-1,-1,-1,-1,-1,1,-1,-1,1,1,1,1,-1,1,-1,-1,1,1,-1,0.009359637275338173
1,-1,-1,-1,-1,-1,1,-1,-1,1,1,1,1,-1,1,-1,1,-1,-1,1,0.009715999476611614
1,-1,-1,-1,-1,-1,1,-1,1,-1,-1,-1,-1,-1,1,-1,-1,-1,1,1,0.007996704429388046
1,-1,-1,-1,-1,-1,1,-1,1,-1,-1,-1,-1,-1,1,-1,1,-1,1,-1,0.00901900976896286
1,-1,-1,-1,-1,-1,1,-1,1,-1,-1,-1,-1,1,-1,-1,1,-1,1,-1,0.008671252056956291
1,-1,-1,-1,-1,-1,1,-1,1,-1,-1,-1,1,-1,1,-1,-1,-1,-1,-1,0.008590305224061012
1,-1,-1,-1,-1,-1,1,-1,1,-1,-1,-1,1,1,-1,1,-1,1,-1,-1,0.008774938993155956
1,-1,-1,-1,-1,-1,1,-1,1,-1,-1,1,-1,-1,1,-1,-1,1,1,-1,0.008519664406776428
1,-1,-1,-1,-1,-1,1,-1,1,-1,-1,1,-1,1,-1,-1,1,1,-1,1,0.008961731567978859
1,-1,-1,-1,-1,-1,1,-1,1,-1,-1,1,-1,1,1,1,-1,1,-1,-1,0.008528509177267551
1,-1,-1,-1,-1,-1,1,-1,1,-1,-1,1,1,-1,-1,1,1,-1,-1,-1,0.009310879744589329
1,-1,-1,-1,-1,-1,1,-1,1,-1,-1,1,1,-1,1,1,-1,-1,1,-1,0.007935063913464546
1,-1,-1,-1,-1,-1,1,-1,1,-1,-1,1,1,1,-1,1,1,1,1,1,0.00832564290612936
1,-1,-1,-1,-1,-1,1,-1,1,-1,-1,1,1,1,1,1,-1,-1,-1,1,0.007486265152692795
1,-1,-1,-1,-1,-1,1,-1,1,-1,1,-1,-1,-1,-1,1,1,-1,-1,1,0.010057521052658558
1,-1,-1,-1,-1,-1,1,-1,1,-1,1,-1,-1,1,-1,-1,-1,1,1,-1,0.00902719795703888
1,-1,-1,-1,-1,-1,1,-1,1,-1,1,-1,-1,1,-1,1,1,-1,-1,1,0.0094824880361557
1,-1,-1,-1,-1,-1,1,-1,1,-1,1,-1,1,1,1,1,1,-1,-1,1,0.009005146101117134
1,-1,-1,-1,-1,-1,1,-1,1,-1,1,-1,1,1,1,1,1,-1,1,1,0.008520195260643959
1,-1,-1,-1,-1,-1,1,-1,1,-1,1,1,-1,-1,-1,-1,1,-1,1,1,0.009204423055052757
1,-1,-1,-1,-1,-1,1,-1,1,-1,1,1,-1,1,-1,1,-1,1,-1,1,0.008983142673969269
1,-1,-1,-1,-1,-1,1,-1,1,1,-1,-1,-1,-1,-1,-1,-1,-1,-1,1,0.009059914387762547
1,-1,-1,-1,-1,-1,1,-1,1,1,-1,-1,1,-1,1,1,1,1,1,-1,0.009652318432927132
1,-1,-1,-1,-1,-1,1,-1,1,1,-1,-1,1,1,-1,1,1,1,1,1,0.008945845067501068
1,-1,-1,-1,-1,-1,1,-1,1,1,-1,1,-1,-1,-1,1,1,-1,-1,-1,0.009911928325891495
1,-1,-1,-1,-1,-1,1,-1,1,1,-1,1,-1,1,-1,-1,-1,1,1,1,0.008164174854755402
1,-1,-1,-1,-1,-1,1,-1,1,1,1,-1,-1,1,-1,1,1,1,1,1,0.009781982749700546
1,-1,-1,-1,-1,-1,1,-1,1,1,1,-1,-1,1,1,1,-1,-1,-1,1,0.00894260499626398
1,-1,-1,-1,-1,-1,1,-1,1,1,1,-1,1,-1,-1,1,-1,-1,1,-1,0.009368614293634892
1,-1,-1,-1,-1,-1,1,-1,1,1,1,-1,1,1,-1,-1,1,1,1,-1,0.009791705757379532
1,-1,-1,-1,-1,-1,1,-1,1,1,1,1,-1,-1,1,-1,-1,-1,-1,1,0.009149491786956787
1,-1,-1,-1,-1,-1,1,-1,1,1,1,1,1,-1,1,1,1,-1,-1,-1,0.010020659305155277
1,-1,-1,-1,-1,-1,1,1,-1,-1,-1,-1,-1,-1,1,-1,-1,1,-1,1,0.00881894025951624
1,-1,-1,-1,-1,-1,1,1,-1,-1,-1,-1,1,-1,-1,1,-1,-1,-1,1,0.00846161600202322
1,-1,-1,-1,-1,-1,1,1,-1,-1,-1,-1,1,-1,1,-1,1,-1,1,1,0.008314049802720547
1,-1,-1,-1,-1,-1,1,1,-1,-1,-1,-1,1,1,-1,1,1,-1,1,-1,0.008423935621976852
1,-1,-1,-1,-1,-1,1,1,-1,-1,-1,1,1,1,1,-1,1,-1,-1,1,0.007954748347401619
1,-1,-1,-1,-1,-1,1,1,-1,-1,1,-1,1,-1,1,-1,1,1,-1,-1,0.010177251882851124
1,-1,-1,-1,-1,-1,1,1,-1,-1,1,-1,1,1,-1,1,-1,1,1,-1,0.008779882453382015
1,-1,-1,-1,-1,-1,1,1,-1,1,-1,-1,-1,-1,-1,1,1,1,-1,1,0.010159716941416264
1,-1,-1,-1,-1,-1,1,1,-1,1,-1,-1,1,-1,-1,1,-1,1,1,-1,0.00911982636898756
1,-1,-1,-1,-1,-1,1,1,-1,1,-1,-1,1,-1,1,1,1,-1,-1,-1,0.009607627987861633
1,-1,-1,-1,-1,-1,1,1,-1,1,-1,1,-1,1,1,1,1,1,1,-1,0.008961953222751617
1,-1,-1,-1,-1,-1,1,1,-1,1,-1,1,1,-1,-1,-1,1,1,1,-1,0.009415268898010254
1,-1,-1,-1,-1,-1,1,1,-1,1,-1,1,1,1,1,1,-1,-1,1,-1,0.007614834234118462
1,-1,-1,-1,-1,-1,1,1,-1,1,1,-1,-1,-1,-1,-1,1,-1,1,-1,0.010087162256240845
1,-1,-1,-1,-1,-1,1,1,-1,1,1,-1,-1,-1,-1,1,-1,-1,1,-1,0.00952250137925148
1,-1,-1,-1,-1,-1,1,1,-1,1,1,-1,-1,-1,-1,1,1,-1,-1,1,0.01031232625246048
1,-1,-1,-1,-1,-1,1,1,-1,1,1,-1,-1,-1,-1,1,1,1,1,1,0.010260839015245438
1,-1,-1,-1,-1,-1,1,1,-1,1,1,1,-1,-1,-1,1,1,1,-1,1,0.010476570576429367
1,-1,-1,-1,-1,-1,1,1,-1,1,1,1,-1,1,-1,1,-1,1,-1,1,0.009237946942448616
1,-1,-1,-1,-1,-1,1,1,-1,1,1,1,1,1,-1,-1,-1,-1,1,-1,0.008329255506396294
1,-1,-1,-1,-1,-1,1,1,1,-1,-1,-1,1,-1,-1,1,1,1,1,1,0.008920733816921711
1,-1,-1,-1,-1,-1,1,1,1,-1,-1,-1,1,-1,1,1,1,1,-1,-1,0.009537124074995518
1,-1,-1,-1,-1,-1,1,1,1,-1,-1,-1,1,1,1,1,1,-1,-1,-1,0.008528627455234528
1,-1,-1,-1,-1,-1,1,1,1,-1,1,-1,-1,-1,1,1,-1,1,1,1,0.008866006508469582
1,-1,-1,-1,-1,-1,1,1,1,-1,1,-1,1,-1,1,1,-1,-1,-1,1,0.008667428977787495
1,-1,-1,-1,-1,-1,1,1,1,-1,1,1,-1,-1,-1,-1,1,-1,-1,1,0.00944021251052618
1,-1,-1,-1,-1,-1,1,1,1,-1,1,1,-1,-1,-1,-1,1,1,1,1,0.009388725273311138
1,-1,-1,-1,-1,-1,1,1,1,-1,1,1,-1,-1,-1,1,-1,-1,-1,1,0.008875550702214241
1,-1,-1,-1,-1,-1,1,1,1,-1,1,1,1,-1,1,-1,-1,1,1,-1,0.008606509305536747
1,-1,-1,-1,-1,-1,1,1,1,-1,1,1,1,1,1,1,-1,-1,-1,-1,0.008181891404092312
1,-1,-1,-1,-1,-1,1,1,1,1,-1,-1,-1,-1,1,-1,1,-1,1,-1,0.00912083126604557
1,-1,-1,-1,-1,-1,1,1,1,1,-1,-1,-1,-1,1,-1,1,1,-1,-1,0.010039244778454304
1,-1,-1,-1,-1,-1,1,1,1,1,-1,-1,-1,-1,1,-1,1,1,-1,1,0.009680530056357384
1,-1,-1,-1,-1,-1,1,1,1,1,-1,-1,1,-1,-1,1,-1,-1,1,-1,0.00853337999433279
1,-1,-1,-1,-1,-1,1,1,1,1,-1,-1,1,1,1,-1,-1,-1,1,1,0.007273427210748196
1,-1,-1,-1,-1,-1,1,1,1,1,-1,1,-1,-1,1,-1,-1,-1,-1,-1,0.00867297314107418
1,-1,-1,-1,-1,-1,1,1,1,1,1,-1,1,1,-1,1,-1,1,-1,-1,0.009462833404541016
1,-1,-1,-1,-1,-1,1,1,1,1,1,-1,1,1,1,1,-1,-1,1,-1,0.008317142724990845
1,-1,-1,-1,-1,-1,1,1,1,1,1,1,1,1,-1,-1,-1,1,1,1,0.00825101975351572
1,-1,-1,-1,-1,-1,1,1,1,1,1,1,1,1,1,1,1,-1,-1,1,0.008837748318910599
1,-1,-1,-1,-1,1,-1,-1,-1,-1,-1,-1,-1,-1,-1,-1,1,-1,-1,1,0.009396943263709545
1,-1,-1,-1,-1,1,-1,-1,-1,-1,-1,1,1,1,-1,-1,1,1,1,-1,0.008609852753579617
1,-1,-1,-1,-1,1,-1,-1,-1,-1,1,-1,1,1,1,1,1,-1,-1,1,0.009029568172991276
1,-1,-1,-1,-1,1,-1,-1,-1,-1,1,1,-1,-1,1,-1,-1,-1,1,-1,0.008696695789694786
1,-1,-1,-1,-1,1,-1,-1,-1,-1,1,1,-1,1,-1,1,-1,-1,1,1,0.008089150302112103
1,-1,-1,-1,-1,1,-1,-1,-1,-1,1,1,-1,1,-1,1,1,1,1,-1,0.009544918313622475
1,-1,-1,-1,-1,1,-1,-1,-1,-1,1,1,1,1,1,1,1,-1,1,-1,0.00863411370664835
1,-1,-1,-1,-1,1,-1,-1,-1,1,-1,-1,-1,-1,1,1,-1,-1,-1,-1,0.0093147037550807
1,-1,-1,-1,-1,1,-1,-1,-1,1,-1,-1,1,-1,1,1,-1,-1,1,1,0.008220972493290901
1,-1,-1,-1,-1,1,-1,-1,-1,1,-1,1,-1,-1,1,1,-1,-1,-1,-1,0.009045485407114029
1,-1,-1,-1,-1,1,-1,-1,-1,1,-1,1,1,-1,-1,-1,-1,-1,1,-1,0.008438817225396633
1,-1,-1,-1,-1,1,-1,-1,-1,1,-1,1,1,-1,1,1,-1,1,1,-1,0.008743931539356709
1,-1,-1,-1,-1,1,-1,-1,-1,1,-1,1,1,1,-1,-1,1,1,1,-1,0.008960835635662079
1,-1,-1,-1,-1,1,-1,-1,-1,1,1,-1,-1,1,-1,1,-1,-1,1,-1,0.009068068116903305
1,-1,-1,-1,-1,1,-1,-1,-1,1,1,-1,1,1,1,-1,1,1,-1,-1,0.010073801502585411
1,-1,-1,-1,-1,1,-1,-1,-1,1,1,1,-1,-1,1,-1,-1,-1,-1,-1,0.009532629512250423
1,-1,-1,-1,-1,1,-1,-1,-1,1,1,1,-1,-1,1,-1,-1,1,-1,1,0.009607377462089062
1,-1,-1,-1,-1,1,-1,-1,-1,1,1,1,1,-1,-1,1,1,-1,-1,1,0.009913641959428787
1,-1,-1,-1,-1,1,-1,-1,1,-1,-1,-1,-1,-1,-1,1,1,-1,-1,1,0.009342887438833714
1,-1,-1,-1,-1,1,-1,-1,1,-1,-1,-1,-1,1,-1,-1,-1,1,-1,1,0.008438799530267715
1,-1,-1,-1,-1,1,-1,-1,1,-1,-1,-1,-1,1,-1,-1,-1,1,1,1,0.00795384868979454
1,-1,-1,-1,-1,1,-1,-1,1,-1,-1,-1,1,1,-1,-1,1,-1,1,1,0.007933910004794598
1,-1,-1,-1,-1,1,-1,-1,1,-1,-1,1,-1,-1,1,-1,1,1,1,-1,0.009054692462086678
1,-1,-1,-1,-1,1,-1,-1,1,-1,-1,1,1,-1,1,1,1,-1,-1,1,0.008596327155828476
1,-1,-1,-1,-1,1,-1,-1,1,-1,-1,1,1,1,1,1,1,-1,-1,-1,0.008380008861422539
1,-1,-1,-1,-1,1,-1,-1,1,-1,1,-1,-1,-1,-1,1,-1,-1,-1,-1,0.009624086320400238
1,-1,-1,-1,-1,1,-1,-1,1,-1,1,-1,-1,1,-1,1,1,1,1,-1,0.009661153890192509
1,-1,-1,-1,-1,1,-1,-1,1,-1,1,-1,1,-1,-1,-1,1,1,-1,-1,0.010372145101428032
1,-1,-1,-1,-1,1,-1,-1,1,-1,1,-1,1,1,1,1,-1,-1,1,1,0.007728044409304857
1,-1,-1,-1,-1,1,-1,-1,1,-1,1,1,-1,1,1,-1,-1,1,1,-1,0.008402141742408276
1,-1,-1,-1,-1,1,-1,-1,1,-1,1,1,1,1,-1,-1,-1,-1,-1,1,0.008072124794125557
1,-1,-1,-1,-1,1,-1,-1,1,-1,1,1,1,1,1,-1,-1,1,-1,-1,0.008637026883661747
1,-1,-1,-1,-1,1,-1,-1,1,1,-1,-1,-1,1,-1,-1,1,-1,1,-1,0.008893673308193684
1,-1,-1,-1,-1,1,-1,-1,1,1,-1,1,1,1,1,-1,-1,1,1,1,0.007558271288871765
1,-1,-1,-1,-1,1,-1,-1,1,1,1,-1,-1,1,1,1,-1,1,1,-1,0.009121271781623363
1,-1,-1,-1,-1,1,-1,-1,1,1,1,1,-1,1,-1,-1,-1,1,1,-1,0.0089804008603096
1,-1,-1,-1,-1,1,-1,1,-1,-1,-1,-1,1,-1,-1,-1,-1,1,1,-1,0.008541353978216648
1,-1,-1,-1,-1,1,-1,1,-1,-1,-1,-1,1,-1,1,-1,1,-1,-1,1,0.008670439943671227
1,-1,-1,-1,-1,1,-1,1,-1,-1,-1,-1,1,-1,1,1,1,-1,1,1,0.008284416049718857
1,-1,-1,-1,-1,1,-1,1,-1,-1,-1,1,-1,-1,1,1,-1,1,-1,-1,0.008878803811967373
1,-1,-1,-1,-1,1,-1,1,-1,-1,-1,1,-1,1,1,-1,1,1,-1,-1,0.008868430741131306
1,-1,-1,-1,-1,1,-1,1,-1,-1,1,1,-1,1,-1,1,-1,1,1,1,0.008273451589047909
1,-1,-1,-1,-1,1,-1,1,-1,-1,1,1,-1,1,1,1,-1,-1,1,-1,0.007971428334712982
1,-1,-1,-1,-1,1,-1,1,-1,-1,1,1,-1,1,1,1,1,-1,-1,1,0.008761252276599407
1,-1,-1,-1,-1,1,-1,1,-1,-1,1,1,1,-1,-1,1,-1,-1,1,1,0.008164956234395504
1,-1,-1,-1,-1,1,-1,1,-1,-1,1,1,1,1,-1,1,1,-1,1,1,0.008253511972725391
1,-1,-1,-1,-1,1,-1,1,-1,-1,1,1,1,1,1,-1,-1,1,1,1,0.0076971822418272495
1,-1,-1,-1,-1,1,-1,1,-1,1,-1,-1,1,-1,-1,1,1,1,-1,1,0.009781090542674065
1,-1,-1,-1,-1,1,-1,1,-1,1,-1,-1,1,1,1,-1,-1,-1,1,1,0.00729784881696105
1,-1,-1,-1,-1,1,-1,1,-1,1,-1,-1,1,1,1,-1,1,1,1,-1,0.00875361729413271
1,-1,-1,-1,-1,1,-1,1,-1,1,1,-1,-1,-1,1,1,1,-1,-1,-1,0.010315204039216042
1,-1,-1,-1,-1,1,-1,1,-1,1,1,-1,-1,1,1,1,1,-1,1,-1,0.009255219250917435
1,-1,-1,-1,-1,1,-1,1,-1,1,1,-1,1,1,1,-1,1,-1,-1,-1,0.0093911774456501
1,-1,-1,-1,-1,1,-1,1,-1,1,1,1,-1,1,1,1,-1,-1,1,1,0.00796369556337595
1,-1,-1,-1,-1,1,-1,1,-1,1,1,1,1,-1,1,1,1,-1,-1,1,0.009437204338610172
1,-1,-1,-1,-1,1,-1,1,-1,1,1,1,1,1,1,-1,-1,-1,1,1,0.007614701986312866
1,-1,-1,-1,-1,1,-1,1,1,-1,-1,-1,-1,-1,1,1,-1,1,-1,-1,0.008995039388537407
1,-1,-1,-1,-1,1,-1,1,1,-1,-1,-1,-1,1,-1,-1,1,-1,1,1,0.007934813387691975
1,-1,-1,-1,-1,1,-1,1,1,-1,-1,-1,1,1,-1,1,1,-1,1,-1,0.008142391219735146
1,-1,-1,-1,-1,1,-1,1,1,-1,1,-1,-1,-1,1,-1,-1,1,1,1,0.008638516999781132
1,-1,-1,-1,-1,1,-1,1,1,-1,1,-1,1,-1,-1,-1,1,-1,1,-1,0.009204569272696972
1,-1,-1,-1,-1,1,-1,1,1,-1,1,-1,1,-1,-1,1,1,-1,1,-1,0.009303497150540352
1,-1,-1,-1,-1,1,-1,1,1,-1,1,1,-1,-1,1,-1,-1,-1,1,-1,0.008294550701975822
1,-1,-1,-1,-1,1,-1,1,1,-1,1,1,-1,-1,1,-1,1,-1,1,1,0.008599423803389072
1,-1,-1,-1,-1,1,-1,1,1,-1,1,1,-1,1,-1,-1,-1,1,-1,-1,0.008865207433700562
1,-1,-1,-1,-1,1,-1,1,1,-1,1,1,-1,1,1,1,-1,1,1,1,0.007893192581832409
1,-1,-1,-1,-1,1,-1,1,1,-1,1,1,1,-1,-1,-1,1,-1,-1,1,0.009061586111783981
1,-1,-1,-1,-1,1,-1,1,1,-1,1,1,1,-1,1,1,1,1,1,1,0.008881749585270882
1,-1,-1,-1,-1,1,-1,1,1,1,-1,-1,1,-1,-1,-1,-1,-1,1,-1,0.00830589048564434
1,-1,-1,-1,-1,1,-1,1,1,1,-1,-1,1,1,1,-1,-1,1,-1,-1,0.008421995677053928
1,-1,-1,-1,-1,1,-1,1,1,1,-1,1,1,-1,-1,-1,-1,1,1,-1,0.008470134809613228
1,-1,-1,-1,-1,1,-1,1,1,1,1,-1,-1,-1,1,-1,-1,-1,1,-1,0.00891475286334753
1,-1,-1,-1,-1,1,-1,1,1,1,1,1,1,1,-1,-1,1,-1,-1,1,0.008837535046041012
1,-1,-1,-1,-1,1,1,-1,-1,-1,-1,-1,1,-1,-1,1,1,-1,-1,1,0.009642360731959343
1,-1,-1,-1,-1,1,1,-1,-1,-1,-1,1,-1,1,-1,-1,-1,-1,1,-1,0.00815942045301199
1,-1,-1,-1,-1,1,1,-1,-1,1,-1,-1,-1,-1,-1,-1,-1,-1,1,1,0.008995940908789635
1,-1,-1,-1,-1,1,1,-1,-1,1,-1,-1,-1,1,1,-1,1,-1,-1,1,0.009342171251773834
1,-1,-1,-1,-1,1,1,-1,-1,1,-1,1,-1,-1,-1,1,1,-1,1,1,0.009489239193499088
1,-1,-1,-1,-1,1,1,-1,-1,1,-1,1,-1,-1,1,1,1,1,-1,1,0.010180377401411533
1,-1,-1,-1,-1,1,1,-1,-1,1,1,-1,-1,-1,-1,1,1,1,1,1,0.010777994059026241
1,-1,-1,-1,-1,1,1,-1,-1,1,1,-1,-1,1,-1,1,-1,1,-1,-1,0.010383037850260735
1,-1,-1,-1,-1,1,1,-1,-1,1,1,1,-1,1,-1,1,-1,1,1,-1,0.009628867730498314
1,-1,-1,-1,-1,1,1,-1,-1,1,1,1,1,-1,-1,1,1,-1,-1,1,0.010310197249054909
1,-1,-1,-1,-1,1,1,-1,-1,1,1,1,1,1,-1,1,1,1,-1,-1,0.01052734162658453
1,-1,-1,-1,-1,1,1,-1,1,-1,-1,-1,-1,-1,-1,1,-1,1,-1,1,0.009509316645562649
1,-1,-1,-1,-1,1,1,-1,1,-1,-1,-1,-1,-1,-1,1,1,1,-1,-1,0.010531621053814888
1,-1,-1,-1,-1,1,1,-1,1,-1,-1,-1,1,-1,1,-1,-1,-1,-1,-1,0.008858298882842064
1,-1,-1,-1,-1,1,1,-1,1,-1,-1,1,-1,-1,-1,-1,1,-1,-1,-1,0.009730011224746704
1,-1,-1,-1,-1,1,1,-1,1,-1,-1,1,1,-1,1,1,1,-1,-1,1,0.008992881514132023
1,-1,-1,-1,-1,1,1,-1,1,-1,1,-1,-1,1,1,1,1,1,-1,-1,0.010315383784472942
1,-1,-1,-1,-1,1,1,-1,1,-1,1,-1,1,-1,-1,-1,-1,1,-1,1,0.00974639505147934
1,-1,-1,-1,-1,1,1,-1,1,-1,1,1,1,-1,1,-1,1,-1,1,1,0.008995075710117817
1,-1,-1,-1,-1,1,1,-1,1,-1,1,1,1,1,-1,1,-1,-1,-1,1,0.008567607030272484
1,-1,-1,-1,-1,1,1,-1,1,-1,1,1,1,1,1,-1,1,-1,1,-1,0.00877875741571188
1,-1,-1,-1,-1,1,1,-1,1,1,-1,-1,-1,1,-1,1,1,1,-1,-1,0.010307570919394493
1,-1,-1,-1,-1,1,1,-1,1,1,-1,-1,1,-1,1,-1,1,-1,1,1,0.009029204957187176
1,-1,-1,-1,-1,1,1,-1,1,1,-1,1,-1,1,-1,-1,1,-1,-1,-1,0.009505960159003735
1,-1,-1,-1,-1,1,1,-1,1,1,-1,1,1,1,1,-1,-1,-1,-1,1,0.008006313815712929
1,-1,-1,-1,-1,1,1,-1,1,1,1,-1,-1,-1,1,-1,1,-1,-1,-1,0.010709009133279324
1,-1,-1,-1,-1,1,1,-1,1,1,1,-1,-1,-1,1,-1,1,-1,-1,1,0.010350294411182404
1,-1,-1,-1,-1,1,1,-1,1,1,1,-1,-1,1,-1,-1,-1,-1,-1,1,0.009338947013020515
1,-1,-1,-1,-1,1,1,-1,1,1,1,-1,-1,1,-1,1,-1,1,-1,1,0.009871338494122028
1,-1,-1,-1,-1,1,1,-1,1,1,1,-1,-1,1,1,-1,-1,-1,1,1,0.008626719936728477
1,-1,-1,-1,-1,1,1,-1,1,1,1,-1,1,1,1,-1,-1,1,1,-1,0.009168833494186401
1,-1,-1,-1,-1,1,1,-1,1,1,1,1,1,1,1,-1,1,1,-1,-1,0.01004815474152565
1,-1,-1,-1,-1,1,1,1,-1,-1,-1,-1,-1,1,1,-1,-1,-1,1,-1,0.00795220211148262
1,-1,-1,-1,-1,1,1,1,-1,-1,-1,-1,1,-1,1,-1,1,-1,-1,1,0.009066994301974773
1,-1,-1,-1,-1,1,1,1,-1,-1,-1,1,-1,1,-1,-1,-1,-1,1,-1,0.007910259068012238
1,-1,-1,-1,-1,1,1,1,-1,-1,-1,1,1,-1,1,1,-1,-1,-1,-1,0.008591829799115658
1,-1,-1,-1,-1,1,1,1,-1,-1,1,-1,-1,-1,-1,-1,-1,-1,-1,-1,0.009825535118579865
1,-1,-1,-1,-1,1,1,1,-1,-1,1,-1,-1,1,1,-1,1,1,-1,1,0.009761562570929527
1,-1,-1,-1,-1,1,1,1,-1,-1,1,-1,1,-1,1,1,1,-1,-1,-1,0.010110710747539997
1,-1,-1,-1,-1,1,1,1,-1,-1,1,-1,1,-1,1,1,1,1,-1,1,0.010185458697378635
1,-1,-1,-1,-1,1,1,1,-1,-1,1,-1,1,1,-1,1,1,1,-1,-1,0.010196416638791561
1,-1,-1,-1,-1,1,1,1,-1,-1,1,1,-1,1,-1,-1,-1,-1,-1,-1,0.008981281891465187
1,-1,-1,-1,-1,1,1,1,-1,1,-1,1,-1,-1,-1,-1,-1,-1,-1,-1,0.009321226738393307
1,-1,-1,-1,-1,1,1,1,-1,1,-1,1,-1,-1,1,1,1,-1,1,1,0.009012801572680473
1,-1,-1,-1,-1,1,1,1,-1,1,-1,1,-1,1,1,1,-1,1,1,-1,0.00856635719537735
1,-1,-1,-1,-1,1,1,1,-1,1,-1,1,1,-1,1,-1,-1,-1,1,1,0.00800021830946207
1,-1,-1,-1,-1,1,1,1,-1,1,1,-1,1,1,1,-1,-1,1,-1,-1,0.009557605721056461
1,-1,-1,-1,-1,1,1,1,-1,1,1,1,1,-1,1,-1,1,1,1,1,0.009683343581855297
1,-1,-1,-1,-1,1,1,1,-1,1,1,1,1,-1,1,1,-1,-1,-1,1,0.009170169942080975
1,-1,-1,-1,-1,1,1,1,1,-1,-1,-1,-1,-1,-1,-1,-1,-1,-1,1,0.008727763779461384
1,-1,-1,-1,-1,1,1,1,1,-1,-1,-1,-1,-1,1,-1,1,-1,-1,-1,0.00952279195189476
1,-1,-1,-1,-1,1,1,1,1,-1,-1,1,1,-1,1,-1,1,-1,-1,-1,0.009003507904708385
1,-1,-1,-1,-1,1,1,1,1,-1,-1,1,1,1,-1,1,-1,-1,-1,-1,0.008091088384389877
1,-1,-1,-1,-1,1,1,1,1,-1,1,1,1,-1,-1,1,1,-1,1,1,0.009072117507457733
1,-1,-1,-1,-1,1,1,1,1,1,-1,-1,-1,-1,-1,1,1,1,1,-1,0.010148491710424423
1,-1,-1,-1,-1,1,1,1,1,1,-1,-1,-1,1,1,1,1,1,1,-1,0.009346182458102703
1,-1,-1,-1,-1,1,1,1,1,1,-1,1,-1,1,-1,-1,-1,1,1,-1,0.008541721850633621
1,-1,-1,-1,-1,1,1,1,1,1,-1,1,-1,1,1,-1,-1,1,-1,-1,0.008799396455287933
1,-1,-1,-1,-1,1,1,1,1,1,1,-1,-1,-1,1,1,-1,-1,1,-1,0.009410236030817032
1,-1,-1,-1,-1,1,1,1,1,1,1,-1,1,1,1,-1,1,1,1,1,0.0092245452105999
1,-1,-1,-1,-1,1,1,1,1,1,1,1,1,-1,-1,1,1,-1,-1,1,0.009908052161335945
1,-1,-1,-1,-1,1,1,1,1,1,1,1,1,1,-1,-1,1,1,1,-1,0.009541317820549011
1,-1,-1,-1,1,-1,-1,-1,-1,-1,-1,1,1,1,-1,1,-1,1,-1,1,0.008586193434894085
1,-1,-1,-1,1,-1,-1,-1,-1,-1,-1,1,1,1,1,1,1,1,-1,1,0.009022505953907967
1,-1,-1,-1,1,-1,-1,-1,-1,-1,1,-1,-1,1,1,-1,-1,1,1,-1,0.00923911016434431
1,-1,-1,-1,1,-1,-1,-1,-1,-1,1,-1,1,-1,1,1,-1,1,1,1,0.009304291568696499
1,-1,-1,-1,1,-1,-1,-1,-1,-1,1,1,-1,-1,1,1,-1,1,-1,-1,0.010128804482519627
1,-1,-1,-1,1,-1,-1,-1,-1,-1,1,1,-1,1,-1,1,-1,-1,1,-1,0.00886263232678175
1,-1,-1,-1,1,-1,-1,-1,-1,-1,1,1,-1,1,1,1,1,1,-1,-1,0.01021735928952694
1,-1,-1,-1,1,-1,-1,-1,-1,-1,1,1,1,-1,-1,-1,1,1,1,1,0.00982700940221548
1,-1,-1,-1,1,-1,-1,-1,-1,-1,1,1,1,-1,1,-1,1,1,1,1,0.009599733166396618
1,-1,-1,-1,1,-1,-1,-1,-1,1,-1,-1,-1,-1,-1,1,1,-1,1,-1,0.01013538520783186
1,-1,-1,-1,1,-1,-1,-1,-1,1,-1,-1,-1,1,-1,-1,1,1,1,-1,0.00989488698542118
1,-1,-1,-1,1,-1,-1,-1,-1,1,-1,-1,-1,1,-1,1,-1,1,1,1,0.008971510455012321
1,-1,-1,-1,1,-1,-1,-1,-1,1,-1,1,-1,1,-1,-1,-1,-1,1,-1,0.008528615348041058
1,-1,-1,-1,1,-1,-1,-1,-1,1,-1,1,1,1,1,1,-1,-1,1,-1,0.008150201290845871
1,-1,-1,-1,1,-1,-1,-1,-1,1,1,-1,-1,1,1,1,1,1,-1,-1,0.010837562382221222
1,-1,-1,-1,1,-1,-1,-1,-1,1,1,-1,1,-1,1,1,-1,1,-1,-1,0.01049894094467163
1,-1,-1,-1,1,-1,-1,-1,-1,1,1,1,-1,-1,-1,1,1,1,-1,1,0.011011937633156776
1,-1,-1,-1,1,-1,-1,-1,-1,1,1,1,-1,1,-1,1,-1,1,-1,1,0.009773313999176025
1,-1,-1,-1,1,-1,-1,-1,-1,1,1,1,-1,1,1,-1,1,1,1,1,0.009625748731195927
1,-1,-1,-1,1,-1,-1,-1,-1,1,1,1,1,-1,1,1,-1,1,-1,1,0.00987100601196289
1,-1,-1,-1,1,-1,-1,-1,1,-1,-1,-1,-1,-1,1,-1,-1,1,-1,-1,0.009560039266943932
1,-1,-1,-1,1,-1,-1,-1,1,-1,-1,-1,-1,-1,1,1,1,-1,1,-1,0.009404142387211323
1,-1,-1,-1,1,-1,-1,-1,1,-1,-1,1,-1,1,-1,1,-1,-1,1,1,0.007764860987663269
1,-1,-1,-1,1,-1,-1,-1,1,-1,-1,1,-1,1,-1,1,1,-1,-1,-1,0.009272117167711258
1,-1,-1,-1,1,-1,-1,-1,1,-1,1,-1,-1,-1,-1,-1,1,1,1,-1,0.010552026331424713
1,-1,-1,-1,1,-1,-1,-1,1,-1,1,-1,1,-1,1,-1,-1,1,1,-1,0.009411095641553402
1,-1,-1,-1,1,-1,-1,-1,1,-1,1,-1,1,-1,1,1,1,-1,1,1,0.009381433948874474
1,-1,-1,-1,1,-1,-1,-1,1,-1,1,1,-1,-1,-1,1,1,1,1,1,0.010023020207881927
1,-1,-1,-1,1,-1,-1,-1,1,-1,1,1,-1,1,-1,1,-1,1,-1,1,0.009269347414374352
1,-1,-1,-1,1,-1,-1,-1,1,-1,1,1,-1,1,1,-1,-1,-1,-1,-1,0.008868396282196045
1,-1,-1,-1,1,-1,-1,-1,1,-1,1,1,-1,1,1,-1,1,1,1,-1,0.009480497799813747
1,-1,-1,-1,1,-1,-1,-1,1,-1,1,1,-1,1,1,1,-1,1,1,1,0.008557120338082314
1,-1,-1,-1,1,-1,-1,-1,1,-1,1,1,1,1,-1,1,1,-1,1,1,0.008764456957578659
1,-1,-1,-1,1,-1,-1,-1,1,1,-1,-1,-1,-1,-1,-1,1,1,-1,-1,0.010801888071000576
1,-1,-1,-1,1,-1,-1,-1,1,1,-1,-1,1,-1,-1,-1,1,1,-1,1,0.010193106718361378
1,-1,-1,-1,1,-1,-1,-1,1,1,-1,-1,1,-1,1,1,1,1,1,-1,0.009938523173332214
1,-1,-1,-1,1,-1,-1,-1,1,1,-1,-1,1,1,1,-1,1,-1,-1,1,0.008957333862781525
1,-1,-1,-1,1,-1,-1,-1,1,1,-1,1,1,-1,-1,1,-1,1,1,1,0.008874275721609592
1,-1,-1,-1,1,-1,-1,-1,1,1,-1,1,1,-1,-1,1,1,-1,-1,-1,0.009948068298399448
1,-1,-1,-1,1,-1,-1,-1,1,1,1,1,-1,-1,-1,-1,1,1,-1,1,0.010760026052594185
1,-1,-1,-1,1,-1,-1,-1,1,1,1,1,1,-1,-1,-1,-1,-1,1,1,0.008927957154810429
1,-1,-1,-1,1,-1,-1,1,-1,-1,-1,-1,-1,-1,1,-1,1,1,-1,-1,0.010127450339496136
1,-1,-1,-1,1,-1,-1,1,-1,-1,-1,-1,-1,-1,1,1,-1,1,1,-1,0.009077837690711021
1,-1,-1,-1,1,-1,-1,1,-1,-1,-1,-1,-1,1,1,1,1,-1,-1,-1,0.009217881597578526
1,-1,-1,-1,1,-1,-1,1,-1,-1,-1,-1,1,-1,1,-1,1,-1,1,1,0.008600255474448204
1,-1,-1,-1,1,-1,-1,1,-1,-1,-1,-1,1,-1,1,1,1,-1,-1,-1,0.009542849846184254
1,-1,-1,-1,1,-1,-1,1,-1,-1,-1,1,-1,-1,-1,-1,1,1,-1,1,0.009726791642606258
1,-1,-1,-1,1,-1,-1,1,-1,-1,-1,1,-1,-1,-1,1,1,1,1,1,0.009340768679976463
1,-1,-1,-1,1,-1,-1,1,-1,-1,-1,1,-1,1,1,1,-1,1,-1,-1,0.008718536235392094
1,-1,-1,-1,1,-1,-1,1,-1,-1,-1,1,-1,1,1,1,1,-1,1,-1,0.008463711477816105
1,-1,-1,-1,1,-1,-1,1,-1,-1,-1,1,1,-1,1,-1,1,-1,1,1,0.008331036195158958
1,-1,-1,-1,1,-1,-1,1,-1,-1,-1,1,1,1,-1,1,1,1,-1,1,0.009000620804727077
1,-1,-1,-1,1,-1,-1,1,-1,-1,1,-1,-1,1,-1,-1,-1,1,-1,1,0.009343460202217102
1,-1,-1,-1,1,-1,-1,1,-1,-1,1,-1,1,-1,1,1,-1,1,-1,-1,0.009898795746266842
1,-1,-1,-1,1,-1,-1,1,-1,-1,1,-1,1,1,-1,1,-1,-1,1,-1,0.00863262452185154
1,-1,-1,-1,1,-1,-1,1,-1,-1,1,-1,1,1,1,-1,1,-1,1,-1,0.008970009163022041
1,-1,-1,-1,1,-1,-1,1,-1,-1,1,1,-1,-1,1,1,-1,1,1,1,0.00903597567230463
1,-1,-1,-1,1,-1,-1,1,-1,-1,1,1,-1,-1,1,1,1,-1,-1,-1,0.010109768249094486
1,-1,-1,-1,1,-1,-1,1,-1,-1,1,1,-1,1,1,1,-1,1,-1,1,0.008945893496274948
1,-1,-1,-1,1,-1,-1,1,-1,-1,1,1,1,-1,-1,1,-1,1,1,-1,0.009371901862323284
1,-1,-1,-1,1,-1,-1,1,-1,-1,1,1,1,1,-1,-1,-1,-1,1,-1,0.008264477364718914
1,-1,-1,-1,1,-1,-1,1,-1,1,-1,-1,-1,-1,1,-1,1,1,1,-1,0.009993482381105423
1,-1,-1,-1,1,-1,-1,1,-1,1,-1,-1,1,-1,-1,1,-1,-1,-1,1,0.009098803624510765
1,-1,-1,-1,1,-1,-1,1,-1,1,-1,-1,1,-1,1,-1,1,-1,1,-1,0.009309954009950161
1,-1,-1,-1,1,-1,-1,1,-1,1,-1,-1,1,1,1,-1,-1,1,-1,-1,0.008989744819700718
1,-1,-1,-1,1,-1,-1,1,-1,1,-1,1,-1,1,-1,-1,1,-1,1,-1,0.00894304271787405
1,-1,-1,-1,1,-1,-1,1,-1,1,-1,1,1,1,-1,1,1,-1,1,-1,0.008791904896497726
1,-1,-1,-1,1,-1,-1,1,-1,1,1,-1,-1,-1,-1,1,-1,1,1,-1,0.010242169722914696
1,-1,-1,-1,1,-1,-1,1,-1,1,1,-1,-1,1,1,1,-1,-1,1,1,0.008647681213915348
1,-1,-1,-1,1,-1,-1,1,-1,1,1,-1,-1,1,1,1,-1,1,-1,-1,0.00992481131106615
1,-1,-1,-1,1,-1,-1,1,-1,1,1,-1,1,-1,-1,-1,1,1,-1,1,0.010683001019060612
1,-1,-1,-1,1,-1,-1,1,-1,1,1,1,1,-1,1,1,-1,-1,1,1,0.00870343018323183
1,-1,-1,-1,1,-1,-1,1,-1,1,1,1,1,1,-1,1,-1,1,1,1,0.008789136074483395
1,-1,-1,-1,1,-1,-1,1,1,-1,-1,-1,-1,1,1,-1,1,-1,1,1,0.008122303523123264
1,-1,-1,-1,1,-1,-1,1,1,-1,-1,-1,1,-1,1,1,-1,-1,1,1,0.007882610894739628
1,-1,-1,-1,1,-1,-1,1,1,-1,-1,1,-1,1,1,-1,-1,1,1,1,0.00762295862659812
1,-1,-1,-1,1,-1,-1,1,1,-1,-1,1,1,-1,1,1,-1,-1,-1,-1,0.008457058109343052
1,-1,-1,-1,1,-1,-1,1,1,-1,1,-1,-1,-1,1,-1,-1,-1,1,-1,0.00897853635251522
1,-1,-1,-1,1,-1,-1,1,1,-1,1,1,-1,-1,-1,-1,1,-1,-1,-1,0.010085132904350758
1,-1,-1,-1,1,-1,-1,1,1,-1,1,1,-1,1,1,-1,1,-1,1,-1,0.008797872811555862
1,-1,-1,-1,1,-1,-1,1,1,1,-1,-1,-1,1,-1,-1,1,-1,1,-1,0.009059278294444084
1,-1,-1,-1,1,-1,-1,1,1,1,-1,-1,1,1,1,-1,-1,1,-1,1,0.008478046394884586
1,-1,-1,-1,1,-1,-1,1,1,1,-1,1,-1,1,1,1,1,1,1,1,0.008736458607017994
1,-1,-1,-1,1,-1,-1,1,1,1,1,-1,-1,1,-1,1,1,1,-1,-1,0.010662693530321121
1,-1,-1,-1,1,-1,-1,1,1,1,1,-1,-1,1,1,1,1,1,-1,-1,0.010435417294502258
1,-1,-1,-1,1,-1,-1,1,1,1,1,-1,1,1,1,-1,1,-1,1,-1,0.009168009273707867
1,-1,-1,-1,1,-1,-1,1,1,1,1,1,1,-1,1,1,-1,-1,1,-1,0.008909162133932114
1,-1,-1,-1,1,-1,-1,1,1,1,1,1,1,1,-1,1,1,1,-1,1,0.009784692898392677
1,-1,-1,-1,1,-1,1,-1,-1,-1,-1,-1,1,-1,-1,-1,-1,-1,-1,-1,0.009653325192630291
1,-1,-1,-1,1,-1,1,-1,-1,-1,-1,1,-1,-1,1,-1,1,1,-1,-1,0.010503947734832764
1,-1,-1,-1,1,-1,1,-1,-1,-1,-1,1,1,-1,1,-1,1,1,-1,1,0.00989516731351614
1,-1,-1,-1,1,-1,1,-1,-1,-1,1,-1,-1,-1,-1,-1,1,1,-1,-1,0.011586516164243221
1,-1,-1,-1,1,-1,1,-1,-1,-1,1,-1,1,1,1,-1,1,-1,-1,1,0.00974196195602417
1,-1,-1,-1,1,-1,1,-1,-1,-1,1,1,-1,-1,1,-1,1,1,1,-1,0.010605069808661938
1,-1,-1,-1,1,-1,1,-1,-1,-1,1,1,1,-1,1,1,-1,1,1,1,0.009431627579033375
1,-1,-1,-1,1,-1,1,-1,-1,-1,1,1,1,1,-1,-1,1,1,1,-1,0.010007246397435665
1,-1,-1,-1,1,-1,1,-1,-1,-1,1,1,1,1,-1,1,1,-1,-1,1,0.009798946790397167
1,-1,-1,-1,1,-1,1,-1,-1,-1,1,1,1,1,-1,1,1,-1,1,-1,0.009672711603343487
1,-1,-1,-1,1,-1,1,-1,-1,-1,1,1,1,1,1,1,-1,-1,1,-1,0.008781845681369305
1,-1,-1,-1,1,-1,1,-1,-1,1,-1,-1,1,-1,-1,-1,-1,1,-1,1,0.010079056024551392
1,-1,-1,-1,1,-1,1,-1,-1,1,-1,1,-1,1,1,-1,1,1,-1,-1,0.010279897600412369
1,-1,-1,-1,1,-1,1,-1,-1,1,-1,1,-1,1,1,1,1,-1,1,-1,0.00946041103452444
1,-1,-1,-1,1,-1,1,-1,-1,1,-1,1,1,-1,-1,-1,-1,1,1,-1,0.009683601558208466
1,-1,-1,-1,1,-1,1,-1,-1,1,-1,1,1,-1,-1,1,-1,-1,1,-1,0.009349066764116287
1,-1,-1,-1,1,-1,1,-1,-1,1,-1,1,1,1,-1,-1,1,1,-1,-1,0.010257108137011528
1,-1,-1,-1,1,-1,1,-1,-1,1,1,-1,-1,1,-1,1,-1,-1,-1,1,0.01000562496483326
1,-1,-1,-1,1,-1,1,-1,-1,1,1,-1,-1,1,-1,1,-1,1,1,-1,0.010312853381037712
1,-1,-1,-1,1,-1,1,-1,-1,1,1,1,1,-1,1,1,1,-1,-1,-1,0.010856403037905693
1,-1,-1,-1,1,-1,1,-1,-1,1,1,1,1,1,-1,-1,1,-1,-1,1,0.01005100179463625
1,-1,-1,-1,1,-1,1,-1,-1,1,1,1,1,1,1,-1,-1,-1,-1,-1,0.009518851526081562
1,-1,-1,-1,1,-1,1,-1,1,-1,-1,-1,-1,-1,-1,1,1,-1,-1,1,0.010154209099709988
1,-1,-1,-1,1,-1,1,-1,1,-1,-1,-1,-1,1,1,-1,1,-1,1,-1,0.009126735851168633
1,-1,-1,-1,1,-1,1,-1,1,-1,-1,-1,1,-1,-1,1,1,-1,-1,-1,0.010262859053909779
1,-1,-1,-1,1,-1,1,-1,1,-1,1,-1,-1,1,-1,-1,1,1,1,1,0.010014832019805908
1,-1,-1,-1,1,-1,1,-1,1,-1,1,-1,1,-1,1,-1,-1,-1,1,-1,0.00937418732792139
1,-1,-1,-1,1,-1,1,-1,1,1,-1,-1,-1,-1,-1,-1,1,-1,1,-1,0.01028002891689539
1,-1,-1,-1,1,-1,1,-1,1,1,-1,-1,-1,-1,-1,1,-1,1,-1,1,0.010275065898895264
1,-1,-1,-1,1,-1,1,-1,1,1,-1,-1,1,1,1,1,1,1,1,1,0.009401329793035984
1,-1,-1,-1,1,-1,1,-1,1,1,-1,1,-1,1,-1,1,1,1,-1,-1,0.0104531180113554
1,-1,-1,-1,1,-1,1,-1,1,1,-1,1,1,-1,1,1,-1,1,-1,1,0.009528505615890026
1,-1,-1,-1,1,-1,1,1,-1,-1,-1,-1,-1,-1,1,-1,1,-1,-1,-1,0.010090542025864124
1,-1,-1,-1,1,-1,1,1,-1,-1,-1,-1,-1,1,-1,1,-1,-1,1,-1,0.008693172596395016
1,-1,-1,-1,1,-1,1,1,-1,-1,-1,-1,1,-1,-1,-1,1,1,1,1,0.009657549671828747
1,-1,-1,-1,1,-1,1,1,-1,-1,-1,1,-1,-1,-1,-1,-1,1,1,-1,0.00933352205902338
1,-1,-1,-1,1,-1,1,1,-1,-1,1,-1,-1,1,1,1,-1,1,-1,1,0.00961166713386774
1,-1,-1,-1,1,-1,1,1,-1,-1,1,1,-1,1,-1,-1,-1,-1,-1,-1,0.00939604826271534
1,-1,-1,-1,1,-1,1,1,-1,-1,1,1,-1,1,1,1,1,-1,1,-1,0.009446338750422001
1,-1,-1,-1,1,-1,1,1,-1,-1,1,1,1,1,-1,1,1,-1,1,-1,0.00942354928702116
1,-1,-1,-1,1,-1,1,1,-1,1,-1,-1,-1,-1,-1,-1,-1,1,-1,1,0.010079960338771343
1,-1,-1,-1,1,-1,1,1,-1,1,-1,-1,-1,-1,1,-1,-1,1,-1,-1,0.010211399756371975
1,-1,-1,-1,1,-1,1,1,-1,1,-1,-1,1,-1,1,-1,1,-1,1,-1,0.009706509299576283
1,-1,-1,-1,1,-1,1,1,-1,1,-1,1,-1,1,1,-1,1,-1,-1,-1,0.009597272612154484
1,-1,-1,-1,1,-1,1,1,-1,1,-1,1,-1,1,1,1,1,-1,1,-1,0.009211249649524689
1,-1,-1,-1,1,-1,1,1,-1,1,-1,1,1,-1,1,1,-1,-1,-1,-1,0.009357579052448273
1,-1,-1,-1,1,-1,1,1,-1,1,1,-1,-1,-1,1,-1,1,1,-1,1,0.011102345772087574
1,-1,-1,-1,1,-1,1,1,-1,1,1,-1,-1,1,1,1,-1,1,1,1,0.009477699175477028
1,-1,-1,-1,1,-1,1,1,-1,1,1,-1,-1,1,1,1,1,-1,1,-1,0.010066540911793709
1,-1,-1,-1,1,-1,1,1,-1,1,1,-1,1,-1,1,-1,-1,-1,-1,1,0.009755227714776993
1,-1,-1,-1,1,-1,1,1,-1,1,1,-1,1,-1,1,-1,1,1,-1,-1,0.011210995726287365
1,-1,-1,-1,1,-1,1,1,-1,1,1,-1,1,1,1,-1,1,1,1,1,0.009792295284569263
1,-1,-1,-1,1,-1,1,1,-1,1,1,-1,1,1,1,1,-1,1,1,1,0.009227634407579899
1,-1,-1,-1,1,-1,1,1,-1,1,1,1,-1,1,-1,1,1,-1,-1,1,0.010150833986699581
1,-1,-1,-1,1,-1,1,1,-1,1,1,1,-1,1,1,1,-1,-1,1,-1,0.009133732877671719
1,-1,-1,-1,1,-1,1,1,-1,1,1,1,1,1,1,1,-1,1,1,-1,0.009317130781710148
1,-1,-1,-1,1,-1,1,1,1,-1,-1,-1,1,-1,1,1,1,-1,1,-1,0.009301470592617989
1,-1,-1,-1,1,-1,1,1,1,-1,-1,1,1,1,-1,1,-1,1,-1,1,0.008580603636801243
1,-1,-1,-1,1,-1,1,1,1,-1,1,-1,-1,-1,1,1,1,-1,1,-1,0.010137608274817467
1,-1,-1,-1,1,-1,1,1,1,-1,1,-1,1,-1,-1,-1,-1,-1,-1,-1,0.009837253019213676
1,-1,-1,-1,1,-1,1,1,1,-1,1,-1,1,1,-1,1,1,1,-1,1,0.010099483653903008
1,-1,-1,-1,1,-1,1,1,1,-1,1,1,-1,1,1,1,-1,1,1,1,0.008704514242708683
1,-1,-1,-1,1,-1,1,1,1,-1,1,1,1,-1,1,1,1,1,-1,1,0.01017802208662033
1,-1,-1,-1,1,-1,1,1,1,-1,1,1,1,1,-1,-1,-1,1,-1,1,0.009067747741937637
1,-1,-1,-1,1,-1,1,1,1,-1,1,1,1,1,-1,-1,-1,1,1,-1,0.008941512554883957
1,-1,-1,-1,1,-1,1,1,1,-1,1,1,1,1,-1,1,1,1,-1,-1,0.010188980028033257
1,-1,-1,-1,1,-1,1,1,1,1,-1,-1,-1,-1,-1,-1,-1,-1,-1,1,0.009493513032793999
1,-1,-1,-1,1,-1,1,1,1,1,-1,-1,1,-1,-1,-1,1,-1,1,1,0.00942208617925644
1,-1,-1,-1,1,-1,1,1,1,1,-1,1,-1,1,-1,1,1,1,-1,1,0.009845240972936153
1,-1,-1,-1,1,-1,1,1,1,1,-1,1,1,-1,1,-1,1,-1,1,-1,0.009284306317567825
1,-1,-1,-1,1,-1,1,1,1,1,-1,1,1,1,-1,1,1,1,1,-1,0.00946894008666277
1,-1,-1,-1,1,-1,1,1,1,1,1,1,-1,-1,-1,1,1,1,1,1,0.01052139699459076
1,-1,-1,-1,1,-1,1,1,1,1,1,1,-1,-1,1,-1,-1,-1,1,1,0.009098139591515064
1,-1,-1,-1,1,-1,1,1,1,1,1,1,-1,1,1,1,-1,-1,1,-1,0.008980749174952507
1,-1,-1,-1,1,-1,1,1,1,1,1,1,1,-1,1,1,1,-1,-1,-1,0.01045425795018673
1,-1,-1,-1,1,1,-1,-1,-1,-1,-1,-1,-1,1,1,1,1,1,1,-1,0.009683549404144287
1,-1,-1,-1,1,1,-1,-1,-1,-1,-1,1,-1,-1,1,-1,-1,1,-1,1,0.009353081695735455
1,-1,-1,-1,1,1,-1,-1,-1,-1,-1,1,-1,1,-1,1,1,1,1,-1,0.009641606360673904
1,-1,-1,-1,1,1,-1,-1,-1,-1,-1,1,-1,1,1,-1,1,1,-1,-1,0.009800353087484837
1,-1,-1,-1,1,1,-1,-1,-1,-1,1,-1,-1,1,1,-1,1,1,-1,1,0.010296928696334362
1,-1,-1,-1,1,1,-1,-1,-1,-1,1,-1,1,-1,-1,1,-1,1,1,-1,0.010158276185393333
1,-1,-1,-1,1,1,-1,-1,-1,-1,1,-1,1,1,1,1,1,1,1,-1,0.010019555687904358
1,-1,-1,-1,1,1,-1,-1,-1,-1,1,1,1,1,1,1,-1,1,1,1,0.008728032000362873
1,-1,-1,-1,1,1,-1,-1,-1,1,-1,-1,-1,1,-1,-1,1,1,1,-1,0.010162880644202232
1,-1,-1,-1,1,1,-1,-1,-1,1,-1,-1,1,1,-1,1,1,-1,1,-1,0.00957828015089035
1,-1,-1,-1,1,1,-1,-1,-1,1,-1,1,-1,1,-1,-1,-1,1,1,-1,0.009230072610080242
1,-1,-1,-1,1,1,-1,-1,-1,1,-1,1,-1,1,-1,1,1,1,1,1,0.009633873589336872
1,-1,-1,-1,1,1,-1,-1,-1,1,-1,1,1,-1,1,-1,-1,1,1,1,0.008969048969447613
1,-1,-1,-1,1,1,-1,-1,-1,1,1,-1,1,-1,1,1,-1,-1,-1,-1,0.01033347100019455
1,-1,-1,-1,1,1,-1,-1,-1,1,1,1,1,-1,-1,-1,-1,1,1,-1,0.010141112841665745
1,-1,-1,-1,1,1,-1,-1,1,-1,-1,1,-1,1,1,-1,1,-1,-1,-1,0.009213906712830067
1,-1,-1,-1,1,1,-1,-1,1,-1,1,-1,-1,-1,1,1,-1,-1,-1,-1,0.01007957011461258
1,-1,-1,-1,1,1,-1,-1,1,-1,1,-1,-1,-1,1,1,1,1,-1,-1,0.011176622472703457
1,-1,-1,-1,1,1,-1,-1,1,-1,1,-1,-1,1,1,1,1,-1,1,1,0.009324459359049797
1,-1,-1,-1,1,1,-1,-1,1,-1,1,-1,1,-1,-1,1,1,1,1,-1,0.010668883100152016
1,-1,-1,-1,1,1,-1,-1,1,-1,1,-1,1,1,1,1,1,1,1,-1,0.009866572916507721
1,-1,-1,-1,1,1,-1,-1,1,-1,1,1,-1,-1,-1,1,1,-1,1,1,0.009857550263404846
1,-1,-1,-1,1,1,-1,-1,1,-1,1,1,1,1,-1,1,-1,-1,1,-1,0.00872757751494646
1,-1,-1,-1,1,1,-1,-1,1,-1,1,1,1,1,-1,1,-1,1,1,1,0.008802324533462524
1,-1,-1,-1,1,1,-1,-1,1,1,-1,-1,-1,-1,-1,1,1,1,1,1,0.010325143113732338
1,-1,-1,-1,1,1,-1,-1,1,1,-1,-1,-1,1,-1,1,1,1,1,1,0.009750109165906906
1,-1,-1,-1,1,1,-1,-1,1,1,-1,-1,-1,1,1,1,-1,1,1,-1,0.009217959828674793
1,-1,-1,-1,1,1,-1,-1,1,1,-1,-1,1,-1,1,-1,-1,-1,-1,1,0.009136771783232689
1,-1,-1,-1,1,1,-1,-1,1,1,-1,1,-1,1,-1,1,1,1,-1,1,0.00996584165841341
1,-1,-1,-1,1,1,-1,-1,1,1,-1,1,-1,1,1,1,1,1,-1,1,0.009738565422594547
1,-1,-1,-1,1,1,-1,-1,1,1,1,-1,-1,-1,-1,1,-1,-1,-1,1,0.010299114510416985
1,-1,-1,-1,1,1,-1,-1,1,1,1,-1,1,-1,1,1,-1,-1,-1,-1,0.010180488228797913
1,-1,-1,-1,1,1,-1,-1,1,1,1,-1,1,1,1,-1,-1,1,1,-1,0.009455038234591484
1,-1,-1,-1,1,1,-1,-1,1,1,1,1,1,-1,-1,1,1,1,1,-1,0.010750646702945232
1,-1,-1,-1,1,1,-1,1,-1,-1,-1,-1,1,-1,-1,1,-1,1,-1,-1,0.009807993657886982
1,-1,-1,-1,1,1,-1,1,-1,-1,-1,-1,1,1,-1,1,1,-1,-1,1,0.009104370139539242
1,-1,-1,-1,1,1,-1,1,-1,-1,-1,-1,1,1,-1,1,1,1,-1,1,0.009537833742797375
1,-1,-1,-1,1,1,-1,1,-1,-1,-1,1,-1,-1,1,-1,-1,1,1,1,0.008618969470262527
1,-1,-1,-1,1,1,-1,1,-1,-1,-1,1,1,-1,-1,-1,1,1,-1,-1,0.010103436186909676
1,-1,-1,-1,1,1,-1,1,-1,-1,1,-1,1,-1,1,-1,1,1,-1,-1,0.010731451213359833
1,-1,-1,-1,1,1,-1,1,-1,-1,1,-1,1,1,-1,-1,-1,-1,1,-1,0.008801690302789211
1,-1,-1,-1,1,1,-1,1,-1,1,-1,-1,1,-1,1,-1,-1,-1,-1,-1,0.009399308823049068
1,-1,-1,-1,1,1,-1,1,-1,1,-1,-1,1,1,-1,-1,1,-1,-1,1,0.009356425143778324
1,-1,-1,-1,1,1,-1,1,-1,1,-1,-1,1,1,1,1,1,-1,1,-1,0.00910184159874916
1,-1,-1,-1,1,1,-1,1,-1,1,-1,1,1,-1,-1,1,1,1,-1,-1,0.010553346946835518
1,-1,-1,-1,1,1,-1,1,-1,1,-1,1,1,-1,1,-1,1,1,-1,1,0.00986842717975378
1,-1,-1,-1,1,1,-1,1,-1,1,1,-1,1,-1,-1,1,-1,1,1,-1,0.010260097682476044
1,-1,-1,-1,1,1,-1,1,-1,1,1,-1,1,1,1,-1,1,1,1,-1,0.010022449307143688
1,-1,-1,-1,1,1,-1,1,-1,1,1,-1,1,1,1,1,-1,1,-1,1,0.009584023617208004
1,-1,-1,-1,1,1,-1,1,-1,1,1,1,-1,-1,-1,-1,1,1,1,-1,0.010805605910718441
1,-1,-1,-1,1,1,-1,1,-1,1,1,1,-1,-1,-1,1,1,-1,-1,-1,0.010956021025776863
1,-1,-1,-1,1,1,-1,1,-1,1,1,1,-1,-1,1,-1,-1,1,1,1,0.009556025266647339
1,-1,-1,-1,1,1,-1,1,-1,1,1,1,-1,-1,1,-1,1,-1,-1,1,0.010271101258695126
1,-1,-1,-1,1,1,-1,1,-1,1,1,1,-1,1,-1,-1,1,-1,1,1,0.009438393637537956
1,-1,-1,-1,1,1,-1,1,-1,1,1,1,-1,1,-1,1,-1,-1,-1,-1,0.009717398323118687
1,-1,-1,-1,1,1,-1,1,1,-1,-1,-1,1,-1,-1,-1,1,-1,-1,-1,0.009786208160221577
1,-1,-1,-1,1,1,-1,1,1,-1,-1,-1,1,-1,1,1,-1,1,-1,1,0.009069018065929413
1,-1,-1,-1,1,1,-1,1,1,-1,-1,-1,1,1,1,1,1,-1,-1,-1,0.009082825854420662
1,-1,-1,-1,1,1,-1,1,1,-1,-1,1,-1,-1,1,-1,1,1,1,-1,0.00948829110711813
1,-1,-1,-1,1,1,-1,1,1,-1,-1,1,1,1,-1,-1,1,-1,1,-1,0.008457004092633724
1,-1,-1,-1,1,1,-1,1,1,-1,1,1,-1,-1,-1,1,1,1,1,-1,0.010400567203760147
1,-1,-1,-1,1,1,-1,1,1,-1,1,1,1,-1,-1,1,-1,1,1,-1,0.009486912749707699
1,-1,-1,-1,1,1,-1,1,1,-1,1,1,1,1,-1,-1,-1,-1,-1,-1,0.00886443816125393
1,-1,-1,-1,1,1,-1,1,1,1,1,-1,-1,-1,-1,-1,1,1,1,-1,0.010921841487288475
1,-1,-1,-1,1,1,-1,1,1,1,1,-1,-1,1,-1,-1,1,-1,-1,-1,0.01039829570800066
1,-1,-1,-1,1,1,-1,1,1,1,1,-1,1,-1,1,1,1,-1,-1,1,0.01023619994521141
1,-1,-1,-1,1,1,-1,1,1,1,1,-1,1,1,-1,1,-1,-1,1,-1,0.009098617359995842
1,-1,-1,-1,1,1,-1,1,1,1,1,1,-1,-1,-1,-1,-1,-1,-1,1,0.009681805036962032
1,-1,-1,-1,1,1,-1,1,1,1,1,1,-1,-1,1,1,-1,-1,-1,1,0.00955345667898655
1,-1,-1,-1,1,1,-1,1,1,1,1,1,1,1,-1,1,1,1,1,1,0.009567735716700554
1,-1,-1,-1,1,1,1,-1,-1,-1,-1,-1,-1,-1,-1,-1,-1,1,1,-1,0.010119897313416004
1,-1,-1,-1,1,1,1,-1,-1,-1,-1,-1,1,-1,-1,1,-1,-1,1,1,0.009176580235362053
1,-1,-1,-1,1,1,1,-1,-1,-1,-1,1,1,-1,-1,1,1,1,-1,-1,0.01084808073937893
1,-1,-1,-1,1,1,1,-1,-1,-1,1,-1,-1,-1,1,1,1,-1,1,-1,0.010807747021317482
1,-1,-1,-1,1,1,1,-1,-1,-1,1,-1,-1,1,-1,-1,-1,1,-1,1,0.010257170535624027
1,-1,-1,-1,1,1,1,-1,-1,-1,1,-1,1,1,-1,-1,-1,-1,1,-1,0.009447406977415085
1,-1,-1,-1,1,1,1,-1,-1,-1,1,-1,1,1,-1,-1,-1,1,-1,-1,0.010365821421146393
1,-1,-1,-1,1,1,1,-1,-1,-1,1,1,-1,-1,1,-1,-1,1,1,1,0.009850758127868176
1,-1,-1,-1,1,1,1,-1,-1,-1,1,1,-1,1,-1,-1,1,1,1,-1,0.01052530575543642
1,-1,-1,-1,1,1,1,-1,-1,-1,1,1,-1,1,1,1,-1,1,1,-1,0.009733368642628193
1,-1,-1,-1,1,1,1,-1,-1,-1,1,1,1,-1,-1,-1,-1,-1,-1,1,0.009879456833004951
1,-1,-1,-1,1,1,1,-1,-1,-1,1,1,1,1,-1,1,-1,-1,-1,1,0.0094033507630229
1,-1,-1,-1,1,1,1,-1,-1,-1,1,1,1,1,1,1,-1,1,1,1,0.009124587289988995
1,-1,-1,-1,1,1,1,-1,-1,1,-1,1,1,1,1,1,-1,1,1,-1,0.009248213842511177
1,-1,-1,-1,1,1,1,-1,-1,1,1,-1,-1,-1,1,-1,-1,-1,-1,-1,0.010881164111196995
1,-1,-1,-1,1,1,1,-1,-1,1,1,-1,-1,1,-1,-1,-1,1,1,-1,0.010481919161975384
1,-1,-1,-1,1,1,1,-1,-1,1,1,1,1,1,1,-1,-1,-1,1,-1,0.009301894344389439
1,-1,-1,-1,1,1,1,-1,1,-1,-1,-1,-1,1,-1,-1,-1,-1,1,-1,0.008958416990935802
1,-1,-1,-1,1,1,1,-1,1,-1,-1,1,-1,-1,1,1,-1,-1,1,1,0.008777167648077011
1,-1,-1,-1,1,1,1,-1,1,-1,1,1,-1,1,1,-1,-1,1,-1,-1,0.009966407902538776
1,-1,-1,-1,1,1,1,-1,1,-1,1,1,1,-1,-1,-1,-1,-1,1,-1,0.00960023794323206
1,-1,-1,-1,1,1,1,-1,1,-1,1,1,1,-1,1,1,1,-1,1,1,0.009776763617992401
1,-1,-1,-1,1,1,1,-1,1,-1,1,1,1,-1,1,1,1,1,-1,-1,0.011053893715143204
1,-1,-1,-1,1,1,1,-1,1,-1,1,1,1,1,-1,-1,1,1,1,1,0.009763541631400585
1,-1,-1,-1,1,1,1,-1,1,1,-1,-1,-1,-1,-1,-1,1,1,1,-1,0.010981486178934574
1,-1,-1,-1,1,1,1,-1,1,1,-1,1,-1,1,1,1,-1,-1,1,1,0.008553116582334042
1,-1,-1,-1,1,1,1,-1,1,1,-1,1,1,-1,-1,1,-1,-1,-1,-1,0.009949027560651302
1,-1,-1,-1,1,1,1,-1,1,1,-1,1,1,-1,1,-1,-1,-1,1,-1,0.009137872606515884
1,-1,-1,-1,1,1,1,-1,1,1,-1,1,1,-1,1,-1,1,1,-1,-1,0.010719875805079937
1,-1,-1,-1,1,1,1,-1,1,1,-1,1,1,1,1,1,1,1,-1,1,0.009885055013000965
1,-1,-1,-1,1,1,1,-1,1,1,1,-1,-1,-1,-1,1,-1,1,1,1,0.01064418163150549
1,-1,-1,-1,1,1,1,-1,1,1,1,-1,-1,1,-1,1,-1,-1,1,1,0.0096356850117445
1,-1,-1,-1,1,1,1,-1,1,1,1,-1,-1,1,-1,1,1,1,-1,1,0.011217688210308552
1,-1,-1,-1,1,1,1,-1,1,1,1,1,-1,-1,1,-1,-1,-1,-1,1,0.010100246407091618
1,-1,-1,-1,1,1,1,-1,1,1,1,1,-1,-1,1,1,1,1,1,-1,0.011169991455972195
1,-1,-1,-1,1,1,1,-1,1,1,1,1,-1,1,-1,1,1,-1,1,1,0.010030054487287998
1,-1,-1,-1,1,1,1,-1,1,1,1,1,-1,1,1,1,-1,1,1,-1,0.009931367821991444
1,-1,-1,-1,1,1,1,1,-1,-1,-1,-1,-1,-1,1,1,-1,-1,-1,1,0.009435159154236317
1,-1,-1,-1,1,1,1,1,-1,-1,-1,-1,1,1,1,1,-1,-1,-1,1,0.008610059507191181
1,-1,-1,-1,1,1,1,1,-1,-1,-1,1,-1,-1,1,-1,-1,-1,1,-1,0.00894077681005001
1,-1,-1,-1,1,1,1,1,-1,-1,1,-1,-1,-1,1,1,-1,-1,-1,-1,0.010379946790635586
1,-1,-1,-1,1,1,1,1,-1,-1,1,-1,1,-1,-1,-1,1,1,-1,1,0.010996567085385323
1,-1,-1,-1,1,1,1,1,-1,-1,1,-1,1,-1,1,-1,1,1,-1,1,0.01076929084956646
1,-1,-1,-1,1,1,1,1,-1,-1,1,-1,1,1,1,-1,-1,-1,-1,-1,0.009455920197069645
1,-1,-1,-1,1,1,1,1,-1,-1,1,1,1,1,1,-1,1,1,1,1,0.009440086781978607
1,-1,-1,-1,1,1,1,1,-1,1,-1,-1,-1,1,-1,-1,-1,-1,1,-1,0.00921322125941515
1,-1,-1,-1,1,1,1,1,-1,1,-1,-1,1,-1,-1,1,1,-1,1,-1,0.010300707072019577
1,-1,-1,-1,1,1,1,1,-1,1,-1,-1,1,1,1,1,1,-1,1,-1,0.009498396888375282
1,-1,-1,-1,1,1,1,1,-1,1,-1,1,-1,-1,-1,-1,-1,1,1,-1,0.009952499531209469
1,-1,-1,-1,1,1,1,1,-1,1,-1,1,1,-1,1,1,-1,-1,-1,1,0.009266857989132404
1,-1,-1,-1,1,1,1,1,-1,1,1,-1,-1,-1,-1,1,1,1,1,1,0.011211592704057693
1,-1,-1,-1,1,1,1,1,-1,1,1,1,-1,-1,-1,-1,-1,1,1,1,0.010179855860769749
1,-1,-1,-1,1,1,1,1,-1,1,1,1,1,1,-1,-1,1,1,1,-1,0.010377061553299427
1,-1,-1,-1,1,1,1,1,1,-1,-1,-1,-1,-1,1,1,1,1,1,-1,0.010252992622554302
1,-1,-1,-1,1,1,1,1,1,-1,-1,1,-1,-1,-1,-1,-1,-1,-1,1,0.009141304530203342
1,-1,-1,-1,1,1,1,1,1,-1,-1,1,-1,-1,1,1,1,-1,1,1,0.009191595017910004
1,-1,-1,-1,1,1,1,1,1,-1,-1,1,-1,1,1,-1,-1,1,1,1,0.008287507109344006
1,-1,-1,-1,1,1,1,1,1,-1,-1,1,1,1,1,-1,1,1,1,1,0.008701031096279621
1,-1,-1,-1,1,1,1,1,1,-1,1,-1,-1,-1,-1,-1,1,1,-1,-1,0.01145236473530531
1,-1,-1,-1,1,1,1,1,1,-1,1,-1,1,-1,1,1,1,-1,1,1,0.00979682058095932
1,-1,-1,-1,1,1,1,1,1,-1,1,1,-1,1,-1,1,-1,1,1,1,0.009199784137308598
1,-1,-1,-1,1,1,1,1,1,-1,1,1,1,1,1,-1,1,-1,-1,-1,0.009697306901216507
1,-1,-1,-1,1,1,1,1,1,1,-1,-1,1,-1,1,-1,-1,1,-1,1,0.009717628359794617
1,-1,-1,-1,1,1,1,1,1,1,-1,-1,1,-1,1,-1,1,1,1,1,0.00989626720547676
1,-1,-1,-1,1,1,1,1,1,1,-1,-1,1,1,1,-1,1,-1,1,-1,0.00924648530781269
1,-1,-1,-1,1,1,1,1,1,1,-1,1,1,-1,-1,1,-1,1,1,1,0.009289663285017014
1,-1,-1,-1,1,1,1,1,1,1,-1,1,1,-1,1,-1,1,1,1,-1,0.00998576357960701
1,-1,-1,-1,1,1,1,1,1,1,1,-1,-1,-1,-1,-1,1,-1,-1,1,0.011011168360710144
1,-1,-1,-1,1,1,1,1,1,1,1,-1,-1,1,-1,1,1,-1,1,-1,0.010408828034996986
1,-1,-1,-1,1,1,1,1,1,1,1,1,-1,1,-1,-1,-1,1,-1,1,0.009936789982020855
1,-1,-1,-1,1,1,1,1,1,1,1,1,-1,1,-1,1,1,1,-1,-1,0.011058023199439049
1,-1,-1,-1,1,1,1,1,1,1,1,1,1,1,1,1,1,-1,-1,1,0.009788502007722855
1,-1,-1,1,-1,-1,-1,-1,-1,-1,-1,-1,-1,-1,-1,-1,-1,1,-1,-1,0.00912481639534235
1,-1,-1,1,-1,-1,-1,-1,-1,-1,-1,-1,1,1,1,-1,-1,1,-1,1,0.007713725790381432
1,-1,-1,1,-1,-1,-1,-1,-1,-1,-1,1,-1,1,-1,-1,-1,-1,-1,1,0.00748838484287262
1,-1,-1,1,-1,-1,-1,-1,-1,-1,-1,1,1,-1,1,-1,-1,-1,-1,-1,0.00794479250907898
1,-1,-1,1,-1,-1,-1,-1,-1,-1,-1,1,1,1,1,1,-1,-1,-1,1,0.00710997125133872
1,-1,-1,1,-1,-1,-1,-1,-1,-1,1,-1,1,1,1,1,-1,-1,-1,1,0.007965262979269028
1,-1,-1,1,-1,-1,-1,-1,-1,-1,1,1,-1,1,-1,1,-1,1,1,1,0.008121898397803307
1,-1,-1,1,-1,-1,-1,-1,-1,1,-1,-1,-1,-1,1,-1,-1,-1,-1,1,0.008456344716250896
1,-1,-1,1,-1,-1,-1,-1,-1,1,-1,-1,-1,1,-1,-1,1,1,-1,1,0.00920564029365778
1,-1,-1,1,-1,-1,-1,-1,-1,1,-1,-1,-1,1,-1,-1,1,1,1,-1,0.009079404175281525
1,-1,-1,1,-1,-1,-1,-1,-1,1,-1,-1,-1,1,-1,1,1,-1,-1,1,0.008871104568243027
1,-1,-1,1,-1,-1,-1,-1,-1,1,-1,-1,-1,1,-1,1,1,1,-1,1,0.00930456817150116
1,-1,-1,1,-1,-1,-1,-1,-1,1,-1,-1,-1,1,1,1,-1,-1,-1,-1,0.00833895429968834
1,-1,-1,1,-1,-1,-1,-1,-1,1,-1,-1,-1,1,1,1,-1,-1,1,-1,0.007854003459215164
1,-1,-1,1,-1,-1,-1,-1,-1,1,-1,-1,1,-1,-1,-1,1,-1,-1,1,0.009097144939005375
1,-1,-1,1,-1,-1,-1,-1,-1,1,-1,-1,1,-1,1,1,1,1,1,-1,0.00927602406591177
1,-1,-1,1,-1,-1,-1,-1,-1,1,-1,-1,1,1,1,-1,1,1,-1,-1,0.009087014012038708
1,-1,-1,1,-1,-1,-1,-1,1,-1,-1,-1,1,-1,-1,1,1,1,1,-1,0.008999334648251534
1,-1,-1,1,-1,-1,-1,-1,1,-1,-1,1,-1,1,-1,1,1,-1,1,1,0.007612967863678932
1,-1,-1,1,-1,-1,-1,-1,1,-1,1,-1,-1,-1,-1,1,-1,1,-1,1,0.009298117831349373
1,-1,-1,1,-1,-1,-1,-1,1,-1,1,1,-1,-1,1,-1,-1,-1,1,1,0.007784280925989151
1,-1,-1,1,-1,-1,-1,-1,1,-1,1,1,-1,-1,1,1,-1,1,-1,-1,0.009160337969660759
1,-1,-1,1,-1,-1,-1,-1,1,-1,1,1,-1,1,1,-1,1,1,-1,1,0.008791250176727772
1,-1,-1,1,-1,-1,-1,-1,1,-1,1,1,1,1,1,1,1,-1,1,-1,0.00808041449636221
1,-1,-1,1,-1,-1,-1,-1,1,1,-1,-1,-1,1,-1,1,-1,-1,-1,1,0.00805453211069107
1,-1,-1,1,-1,-1,-1,-1,1,1,-1,-1,1,-1,1,1,1,-1,-1,1,0.00881581287831068
1,-1,-1,1,-1,-1,-1,-1,1,1,-1,-1,1,-1,1,1,1,-1,1,-1,0.008689577691257
1,-1,-1,1,-1,-1,-1,-1,1,1,-1,1,-1,1,1,-1,1,1,-1,1,0.00855616107583046
1,-1,-1,1,-1,-1,-1,-1,1,1,-1,1,1,-1,1,1,-1,-1,-1,-1,0.008241720497608185
1,-1,-1,1,-1,-1,-1,-1,1,1,1,-1,-1,-1,1,-1,1,1,1,-1,0.009860251098871231
1,-1,-1,1,-1,-1,-1,-1,1,1,1,-1,-1,1,1,1,-1,-1,-1,-1,0.008772043511271477
1,-1,-1,1,-1,-1,-1,-1,1,1,1,-1,1,1,1,1,1,1,-1,-1,0.009619031101465225
1,-1,-1,1,-1,-1,-1,-1,1,1,1,1,1,-1,-1,1,-1,-1,1,-1,0.008570117875933647
1,-1,-1,1,-1,-1,-1,1,-1,-1,-1,-1,-1,1,-1,-1,1,-1,1,1,0.007687080651521683
1,-1,-1,1,-1,-1,-1,1,-1,-1,-1,-1,1,1,-1,-1,-1,1,1,1,0.007206889800727367
1,-1,-1,1,-1,-1,-1,1,-1,-1,-1,1,-1,1,-1,1,1,-1,1,-1,0.007875504903495312
1,-1,-1,1,-1,-1,-1,1,-1,-1,-1,1,1,1,1,-1,-1,-1,-1,-1,0.007120597176253796
1,-1,-1,1,-1,-1,-1,1,-1,-1,-1,1,1,1,1,1,-1,-1,1,-1,0.0067345742136240005
1,-1,-1,1,-1,-1,-1,1,-1,-1,1,-1,-1,-1,1,1,-1,-1,-1,1,0.008541200309991837
1,-1,-1,1,-1,-1,-1,1,-1,-1,1,-1,-1,-1,1,1,1,1,1,1,0.009153301827609539
1,-1,-1,1,-1,-1,-1,1,-1,-1,1,-1,-1,1,-1,1,-1,-1,1,-1,0.008067207410931587
1,-1,-1,1,-1,-1,-1,1,-1,-1,1,-1,-1,1,-1,1,-1,1,-1,-1,0.008985621854662895
1,-1,-1,1,-1,-1,-1,1,-1,-1,1,-1,1,1,1,1,-1,1,1,1,0.007664613425731659
1,-1,-1,1,-1,-1,-1,1,-1,-1,1,1,-1,-1,1,1,-1,1,-1,1,0.008705444633960724
1,-1,-1,1,-1,-1,-1,1,-1,-1,1,1,1,-1,-1,-1,1,1,1,-1,0.009121080860495567
1,-1,-1,1,-1,-1,-1,1,-1,1,-1,-1,-1,-1,1,1,1,-1,-1,1,0.008969700895249844
1,-1,-1,1,-1,-1,-1,1,-1,1,-1,-1,1,-1,-1,-1,1,1,-1,1,0.009281446225941181
1,-1,-1,1,-1,-1,-1,1,-1,1,-1,-1,1,-1,1,-1,1,1,-1,1,0.009054169990122318
1,-1,-1,1,-1,-1,-1,1,-1,1,-1,-1,1,1,1,-1,1,-1,-1,1,0.008045673370361328
1,-1,-1,1,-1,-1,-1,1,-1,1,-1,1,-1,1,1,-1,-1,1,1,1,0.007311442866921425
1,-1,-1,1,-1,-1,-1,1,-1,1,-1,1,1,1,1,-1,1,-1,1,1,0.0072915032505989075
1,-1,-1,1,-1,-1,-1,1,-1,1,1,-1,-1,-1,-1,-1,-1,1,1,1,0.00896904431283474
1,-1,-1,1,-1,-1,-1,1,-1,1,1,-1,-1,1,1,1,1,-1,-1,-1,0.009339454583823681
1,-1,-1,1,-1,-1,-1,1,-1,1,1,-1,1,1,-1,1,1,1,1,-1,0.009265177883207798
1,-1,-1,1,-1,-1,-1,1,-1,1,1,-1,1,1,1,-1,1,-1,1,1,0.008146794512867928
1,-1,-1,1,-1,-1,-1,1,-1,1,1,1,-1,1,1,-1,1,1,-1,-1,0.009404771029949188
1,-1,-1,1,-1,-1,-1,1,-1,1,1,1,1,1,1,1,1,1,1,1,0.008409966714680195
1,-1,-1,1,-1,-1,-1,1,1,-1,-1,-1,-1,1,-1,-1,-1,1,1,-1,0.007662686984986067
1,-1,-1,1,-1,-1,-1,1,1,-1,-1,-1,1,1,1,-1,1,-1,-1,1,0.007541706785559654
1,-1,-1,1,-1,-1,-1,1,1,-1,-1,1,-1,-1,1,-1,-1,1,-1,-1,0.008226176723837852
1,-1,-1,1,-1,-1,-1,1,1,-1,-1,1,1,-1,1,-1,1,1,-1,1,0.008280985057353973
1,-1,-1,1,-1,-1,-1,1,1,-1,-1,1,1,1,1,-1,1,-1,1,1,0.006787536665797234
1,-1,-1,1,-1,-1,-1,1,1,-1,1,-1,-1,-1,-1,-1,1,-1,-1,-1,0.009538870304822922
1,-1,-1,1,-1,-1,-1,1,1,-1,1,-1,-1,1,-1,-1,1,-1,-1,1,0.008605120703577995
1,-1,-1,1,-1,-1,-1,1,1,-1,1,1,-1,-1,1,-1,-1,-1,1,1,0.007535119075328112
1,-1,-1,1,-1,-1,-1,1,1,-1,1,1,1,-1,-1,1,-1,1,-1,-1,0.00888838805258274
1,-1,-1,1,-1,-1,-1,1,1,1,-1,-1,-1,-1,-1,-1,1,1,-1,1,0.009378528222441673
1,-1,-1,1,-1,-1,-1,1,1,1,-1,-1,1,-1,1,-1,1,-1,1,-1,0.008341488428413868
1,-1,-1,1,-1,-1,-1,1,1,1,-1,1,-1,-1,-1,-1,-1,-1,-1,-1,0.008370972238481045
1,-1,-1,1,-1,-1,-1,1,1,1,1,-1,-1,-1,-1,1,1,1,-1,1,0.010063529014587402
1,-1,-1,1,-1,-1,-1,1,1,1,1,-1,-1,-1,1,-1,-1,-1,-1,-1,0.008998988196253777
1,-1,-1,1,-1,-1,-1,1,1,1,1,-1,-1,1,-1,-1,1,-1,-1,1,0.008956104516983032
1,-1,-1,1,-1,-1,-1,1,1,1,1,-1,-1,1,1,1,-1,1,1,1,0.008112679235637188
1,-1,-1,1,-1,-1,-1,1,1,1,1,-1,1,1,-1,1,1,1,1,1,0.008753478527069092
1,-1,-1,1,-1,-1,-1,1,1,1,1,-1,1,1,1,-1,-1,1,1,1,0.007763685658574104
1,-1,-1,1,-1,-1,-1,1,1,1,1,1,-1,1,-1,1,-1,1,1,-1,0.0084294518455863
1,-1,-1,1,-1,-1,1,-1,-1,-1,-1,-1,-1,-1,-1,1,-1,-1,1,1,0.008343169465661049
1,-1,-1,1,-1,-1,1,-1,-1,-1,-1,-1,-1,-1,-1,1,1,-1,1,1,0.009006759151816368
1,-1,-1,1,-1,-1,1,-1,-1,-1,-1,-1,-1,-1,1,-1,1,-1,1,1,0.008680555038154125
1,-1,-1,1,-1,-1,1,-1,-1,-1,-1,-1,-1,-1,1,1,-1,1,-1,1,0.009034307673573494
1,-1,-1,1,-1,-1,1,-1,-1,-1,-1,-1,-1,1,1,1,1,-1,1,-1,0.008563164621591568
1,-1,-1,1,-1,-1,1,-1,-1,-1,-1,-1,1,1,-1,1,-1,-1,-1,1,0.008003021590411663
1,-1,-1,1,-1,-1,1,-1,-1,-1,-1,-1,1,1,1,-1,-1,1,1,-1,0.007984045892953873
1,-1,-1,1,-1,-1,1,-1,-1,-1,-1,-1,1,1,1,1,-1,-1,1,1,0.007290794514119625
1,-1,-1,1,-1,-1,1,-1,-1,-1,-1,1,1,-1,-1,1,-1,-1,-1,-1,0.008667551912367344
1,-1,-1,1,-1,-1,1,-1,-1,-1,-1,1,1,-1,1,1,-1,1,1,1,0.008030072785913944
1,-1,-1,1,-1,-1,1,-1,-1,-1,-1,1,1,1,-1,-1,-1,1,-1,-1,0.008427053689956665
1,-1,-1,1,-1,-1,1,-1,-1,-1,-1,1,1,1,-1,-1,-1,1,-1,1,0.00806833803653717
1,-1,-1,1,-1,-1,1,-1,-1,-1,1,-1,-1,-1,-1,-1,1,1,-1,1,0.01041231770068407
1,-1,-1,1,-1,-1,1,-1,-1,-1,1,-1,-1,-1,-1,1,1,1,1,-1,0.01038501039147377
1,-1,-1,1,-1,-1,1,-1,-1,-1,1,-1,-1,-1,1,1,1,1,1,1,0.009799018502235413
1,-1,-1,1,-1,-1,1,-1,-1,-1,1,-1,1,-1,-1,-1,-1,1,1,1,0.009013712406158447
1,-1,-1,1,-1,-1,1,-1,-1,-1,1,-1,1,-1,-1,-1,1,-1,1,1,0.009243838489055634
1,-1,-1,1,-1,-1,1,-1,-1,-1,1,-1,1,-1,1,-1,1,-1,1,1,0.00901656225323677
1,-1,-1,1,-1,-1,1,-1,-1,-1,1,1,1,-1,-1,-1,-1,1,1,1,0.008744493126869202
1,-1,-1,1,-1,-1,1,-1,-1,-1,1,1,1,-1,1,1,-1,1,-1,-1,0.009459811262786388
1,-1,-1,1,-1,-1,1,-1,-1,1,-1,-1,-1,-1,-1,1,-1,-1,-1,1,0.00917910411953926
1,-1,-1,1,-1,-1,1,-1,-1,1,-1,-1,-1,-1,1,-1,-1,-1,1,1,0.008367949165403843
1,-1,-1,1,-1,-1,1,-1,-1,1,-1,-1,-1,1,-1,1,1,-1,-1,-1,0.009626375511288643
1,-1,-1,1,-1,-1,1,-1,-1,1,-1,-1,1,1,-1,-1,-1,1,-1,1,0.008688540197908878
1,-1,-1,1,-1,-1,1,-1,-1,1,-1,1,-1,1,1,-1,-1,1,1,-1,0.008315875194966793
1,-1,-1,1,-1,-1,1,-1,-1,1,-1,1,1,1,-1,1,-1,-1,-1,1,0.008084786124527454
1,-1,-1,1,-1,-1,1,-1,-1,1,1,-1,-1,-1,-1,-1,1,1,1,1,0.010278350673615932
1,-1,-1,1,-1,-1,1,-1,-1,1,1,-1,-1,-1,-1,1,1,-1,1,1,0.00994381494820118
1,-1,-1,1,-1,-1,1,-1,-1,1,1,-1,-1,1,1,-1,1,1,1,-1,0.009834756143391132
1,-1,-1,1,-1,-1,1,-1,-1,1,1,1,-1,-1,-1,-1,1,1,1,1,0.010009131394326687
1,-1,-1,1,-1,-1,1,-1,-1,1,1,1,-1,-1,1,-1,-1,1,1,-1,0.009476981125772
1,-1,-1,1,-1,-1,1,-1,1,-1,-1,-1,-1,-1,-1,-1,-1,1,1,1,0.00852472148835659
1,-1,-1,1,-1,-1,1,-1,1,-1,-1,-1,1,-1,-1,-1,-1,1,1,1,0.008274656720459461
1,-1,-1,1,-1,-1,1,-1,1,-1,-1,-1,1,-1,-1,1,1,-1,-1,1,0.009088661521673203
1,-1,-1,1,-1,-1,1,-1,1,-1,-1,-1,1,-1,1,1,1,-1,1,-1,0.00873515009880066
1,-1,-1,1,-1,-1,1,-1,1,-1,-1,-1,1,1,-1,-1,-1,-1,1,-1,0.007624874822795391
1,-1,-1,1,-1,-1,1,-1,1,-1,-1,-1,1,1,1,1,-1,-1,1,-1,0.007496526464819908
1,-1,-1,1,-1,-1,1,-1,1,-1,-1,1,-1,-1,-1,-1,-1,-1,-1,1,0.008306990377604961
1,-1,-1,1,-1,-1,1,-1,1,-1,-1,1,-1,-1,-1,1,1,-1,1,1,0.008584557101130486
1,-1,-1,1,-1,-1,1,-1,1,-1,-1,1,-1,1,1,1,1,1,-1,-1,0.009059377014636993
1,-1,-1,1,-1,-1,1,-1,1,-1,-1,1,1,-1,-1,-1,1,-1,-1,1,0.008720514364540577
1,-1,-1,1,-1,-1,1,-1,1,-1,1,-1,-1,-1,-1,1,-1,1,-1,1,0.009694673120975494
1,-1,-1,1,-1,-1,1,-1,1,-1,1,-1,-1,-1,-1,1,1,1,1,-1,0.010232027620077133
1,-1,-1,1,-1,-1,1,-1,1,-1,1,-1,-1,1,-1,-1,1,1,1,-1,0.009558065794408321
1,-1,-1,1,-1,-1,1,-1,1,-1,1,-1,1,1,-1,1,1,-1,-1,1,0.00909970048815012
1,-1,-1,1,-1,-1,1,-1,1,-1,1,1,1,-1,1,-1,-1,1,1,1,0.008364233188331127
1,-1,-1,1,-1,-1,1,-1,1,1,-1,-1,-1,-1,-1,-1,-1,-1,-1,-1,0.009285908192396164
1,-1,-1,1,-1,-1,1,-1,1,1,-1,-1,-1,-1,-1,-1,-1,1,1,1,0.008875705301761627
1,-1,-1,1,-1,-1,1,-1,1,1,-1,-1,-1,-1,1,-1,1,-1,-1,1,0.009363505989313126
1,-1,-1,1,-1,-1,1,-1,1,1,-1,-1,1,-1,-1,-1,1,-1,-1,-1,0.00969943217933178
1,-1,-1,1,-1,-1,1,-1,1,1,-1,1,-1,1,1,1,-1,1,1,-1,0.008261819370090961
1,-1,-1,1,-1,-1,1,-1,1,1,-1,1,1,-1,-1,-1,-1,-1,-1,1,0.008407908491790295
1,-1,-1,1,-1,-1,1,-1,1,1,1,-1,-1,1,1,1,-1,1,-1,-1,0.009602062404155731
1,-1,-1,1,-1,-1,1,-1,1,1,1,-1,1,-1,1,-1,1,1,-1,1,0.01013297587633133
1,-1,-1,1,-1,-1,1,-1,1,1,1,-1,1,1,-1,1,1,1,1,1,0.009399195201694965
1,-1,-1,1,-1,-1,1,-1,1,1,1,1,-1,-1,-1,1,-1,1,-1,1,0.009776437655091286
1,-1,-1,1,-1,-1,1,-1,1,1,1,1,-1,1,-1,-1,-1,1,-1,1,0.009102475829422474
1,-1,-1,1,-1,-1,1,-1,1,1,1,1,1,-1,1,-1,-1,-1,1,1,0.008281753398478031
1,-1,-1,1,-1,-1,1,-1,1,1,1,1,1,-1,1,-1,1,1,1,1,0.009378805756568909
1,-1,-1,1,-1,-1,1,-1,1,1,1,1,1,-1,1,1,1,-1,-1,1,0.009529221802949905
1,-1,-1,1,-1,-1,1,-1,1,1,1,1,1,1,-1,1,-1,-1,-1,-1,0.008876590058207512
1,-1,-1,1,-1,-1,1,-1,1,1,1,1,1,1,-1,1,-1,1,1,-1,0.00882510282099247
1,-1,-1,1,-1,-1,1,1,-1,-1,-1,-1,-1,-1,1,-1,-1,-1,1,-1,0.008126519620418549
1,-1,-1,1,-1,-1,1,1,-1,-1,-1,1,-1,-1,-1,-1,1,-1,-1,1,0.008874401450157166
1,-1,-1,1,-1,-1,1,1,-1,-1,-1,1,-1,-1,1,-1,-1,1,1,1,0.007932048290967941
1,-1,-1,1,-1,-1,1,1,-1,-1,-1,1,-1,1,1,-1,-1,-1,-1,-1,0.0077672176994383335
1,-1,-1,1,-1,-1,1,1,-1,-1,-1,1,1,1,-1,-1,-1,-1,-1,1,0.007385713048279285
1,-1,-1,1,-1,-1,1,1,-1,-1,-1,1,1,1,1,-1,1,-1,1,-1,0.007695790380239487
1,-1,-1,1,-1,-1,1,1,-1,-1,1,-1,-1,-1,1,1,1,-1,1,1,0.009116393513977528
1,-1,-1,1,-1,-1,1,1,-1,-1,1,-1,1,-1,-1,1,1,1,-1,1,0.010012018494307995
1,-1,-1,1,-1,-1,1,1,-1,-1,1,-1,1,1,1,1,1,1,1,1,0.0087247584015131
1,-1,-1,1,-1,-1,1,1,-1,-1,1,1,-1,-1,-1,1,1,-1,1,-1,0.00943316612392664
1,-1,-1,1,-1,-1,1,1,-1,-1,1,1,1,1,-1,-1,-1,1,1,-1,0.008279013447463512
1,-1,-1,1,-1,-1,1,1,-1,1,-1,-1,-1,-1,1,-1,1,-1,1,1,0.008782376535236835
1,-1,-1,1,-1,-1,1,1,-1,1,-1,1,-1,1,-1,-1,1,-1,1,-1,0.008524115197360516
1,-1,-1,1,-1,-1,1,1,-1,1,-1,1,1,1,1,1,1,1,1,-1,0.008579164743423462
1,-1,-1,1,-1,-1,1,1,-1,1,1,1,-1,1,1,1,1,-1,-1,1,0.009108074940741062
1,-1,-1,1,-1,-1,1,1,1,-1,-1,-1,-1,1,1,-1,1,1,-1,-1,0.008980506099760532
1,-1,-1,1,-1,-1,1,1,1,-1,-1,-1,-1,1,1,-1,1,1,-1,1,0.008621790446341038
1,-1,-1,1,-1,-1,1,1,1,-1,-1,-1,1,-1,-1,-1,-1,-1,-1,1,0.008076982572674751
1,-1,-1,1,-1,-1,1,1,1,-1,-1,-1,1,-1,-1,-1,1,1,-1,-1,0.009532750584185123
1,-1,-1,1,-1,-1,1,1,1,-1,1,-1,-1,1,1,1,1,1,1,1,0.008821840398013592
1,-1,-1,1,-1,-1,1,1,1,-1,1,-1,1,-1,-1,1,1,1,1,1,0.009374084882438183
1,-1,-1,1,-1,-1,1,1,1,-1,1,-1,1,1,1,-1,-1,1,1,-1,0.008167972788214684
1,-1,-1,1,-1,-1,1,1,1,-1,1,1,-1,-1,-1,-1,1,-1,-1,1,0.009307490661740303
1,-1,-1,1,-1,-1,1,1,1,-1,1,1,-1,-1,1,-1,-1,-1,-1,1,0.008416624739766121
1,-1,-1,1,-1,-1,1,1,1,-1,1,1,-1,1,-1,-1,1,-1,1,1,0.008247505873441696
1,-1,-1,1,-1,-1,1,1,1,-1,1,1,-1,1,1,1,1,-1,-1,-1,0.008962824009358883
1,-1,-1,1,-1,-1,1,1,1,-1,1,1,1,1,1,1,-1,1,1,-1,0.007997681386768818
1,-1,-1,1,-1,-1,1,1,1,1,-1,-1,-1,-1,1,-1,1,-1,1,1,0.008629392832517624
1,-1,-1,1,-1,-1,1,1,1,1,-1,-1,-1,1,1,-1,-1,-1,-1,-1,0.008234436623752117
1,-1,-1,1,-1,-1,1,1,1,1,-1,1,-1,-1,-1,1,-1,-1,1,-1,0.008381504565477371
1,-1,-1,1,-1,-1,1,1,1,1,-1,1,-1,1,-1,-1,-1,-1,-1,-1,0.008192493580281734
1,-1,-1,1,-1,-1,1,1,1,1,-1,1,1,1,-1,-1,1,1,-1,-1,0.009039481170475483
1,-1,-1,1,-1,-1,1,1,1,1,1,-1,1,1,-1,1,1,1,-1,1,0.009634984657168388
1,-1,-1,1,-1,-1,1,1,1,1,1,1,1,1,-1,1,-1,-1,-1,1,0.008268713019788265
1,-1,-1,1,-1,-1,1,1,1,1,1,1,1,1,1,1,-1,1,1,-1,0.008348665200173855
1,-1,-1,1,-1,1,-1,-1,-1,-1,-1,-1,-1,-1,1,1,-1,-1,1,-1,0.008346048183739185
1,-1,-1,1,-1,1,-1,-1,-1,-1,-1,-1,-1,1,1,1,-1,-1,1,1,0.007412298582494259
1,-1,-1,1,-1,1,-1,-1,-1,-1,-1,-1,1,1,1,-1,-1,1,1,-1,0.007855484262108803
1,-1,-1,1,-1,1,-1,-1,-1,-1,-1,1,-1,-1,1,1,1,1,1,-1,0.009173881262540817
1,-1,-1,1,-1,1,-1,-1,-1,-1,-1,1,-1,1,-1,-1,-1,1,-1,-1,0.008548557758331299
1,-1,-1,1,-1,1,-1,-1,-1,-1,-1,1,1,-1,-1,1,1,1,-1,1,0.009277327917516232
1,-1,-1,1,-1,1,-1,-1,-1,-1,1,-1,-1,1,1,1,1,1,1,1,0.009095423854887486
1,-1,-1,1,-1,1,-1,-1,-1,-1,1,-1,1,-1,1,-1,-1,-1,-1,1,0.008709361776709557
1,-1,-1,1,-1,1,-1,-1,-1,-1,1,-1,1,1,-1,1,-1,1,-1,-1,0.009252711199223995
1,-1,-1,1,-1,1,-1,-1,-1,-1,1,1,-1,1,-1,1,1,-1,1,1,0.00862001720815897
1,-1,-1,1,-1,1,-1,-1,-1,-1,1,1,-1,1,-1,1,1,1,1,-1,0.009412196464836597
1,-1,-1,1,-1,1,-1,-1,-1,-1,1,1,1,-1,1,-1,1,1,-1,-1,0.009895911440253258
1,-1,-1,1,-1,1,-1,-1,-1,-1,1,1,1,1,-1,-1,-1,-1,-1,1,0.008092385716736317
1,-1,-1,1,-1,1,-1,-1,-1,1,-1,-1,-1,-1,-1,-1,1,-1,1,1,0.009130253456532955
1,-1,-1,1,-1,1,-1,-1,-1,1,-1,1,-1,-1,-1,-1,-1,-1,1,1,0.00819744449108839
1,-1,-1,1,-1,1,-1,-1,-1,1,-1,1,-1,-1,1,1,-1,-1,-1,-1,0.008912762627005577
1,-1,-1,1,-1,1,-1,-1,-1,1,-1,1,-1,1,1,1,-1,-1,1,1,0.00749406311661005
1,-1,-1,1,-1,1,-1,-1,-1,1,-1,1,1,1,-1,-1,1,-1,1,1,0.008035934530198574
1,-1,-1,1,-1,1,-1,-1,-1,1,-1,1,1,1,-1,-1,1,1,-1,-1,0.009313064627349377
1,-1,-1,1,-1,1,-1,-1,-1,1,1,-1,1,1,1,-1,1,1,-1,1,0.00958236400038004
1,-1,-1,1,-1,1,-1,-1,-1,1,1,1,-1,-1,-1,-1,1,1,-1,-1,0.010724236257374287
1,-1,-1,1,-1,1,-1,-1,-1,1,1,1,1,-1,1,-1,-1,-1,-1,1,0.008791126310825348
1,-1,-1,1,-1,1,-1,-1,1,-1,-1,-1,-1,1,-1,-1,-1,-1,-1,-1,0.0082313297316432
1,-1,-1,1,-1,1,-1,-1,1,-1,-1,-1,1,1,1,-1,1,-1,-1,1,0.008058861829340458
1,-1,-1,1,-1,1,-1,-1,1,-1,-1,1,1,1,-1,1,1,1,1,-1,0.008423075079917908
1,-1,-1,1,-1,1,-1,-1,1,-1,1,-1,-1,-1,-1,1,-1,1,-1,1,0.009566111490130424
1,-1,-1,1,-1,1,-1,-1,1,-1,1,-1,-1,-1,1,1,1,1,1,-1,0.0098761897534132
1,-1,-1,1,-1,1,-1,-1,1,-1,1,-1,1,-1,1,-1,-1,1,1,-1,0.008863606490194798
1,-1,-1,1,-1,1,-1,-1,1,-1,1,1,-1,-1,-1,1,1,-1,-1,-1,0.00988573394715786
1,-1,-1,1,-1,1,-1,-1,1,-1,1,1,-1,-1,1,-1,1,1,-1,1,0.009634277783334255
1,-1,-1,1,-1,1,-1,-1,1,-1,1,1,-1,1,-1,-1,-1,1,1,-1,0.008496696129441261
1,-1,-1,1,-1,1,-1,-1,1,-1,1,1,1,1,1,-1,-1,-1,1,-1,0.007585890591144562
1,-1,-1,1,-1,1,-1,-1,1,1,-1,-1,1,1,-1,1,1,-1,-1,-1,0.009094765409827232
1,-1,-1,1,-1,1,-1,-1,1,1,-1,-1,1,1,1,1,1,-1,1,-1,0.008382538333535194
1,-1,-1,1,-1,1,-1,-1,1,1,-1,1,-1,-1,1,1,-1,1,1,-1,0.008708291687071323
1,-1,-1,1,-1,1,-1,-1,1,1,-1,1,-1,1,1,1,1,-1,-1,-1,0.008848335593938828
1,-1,-1,1,-1,1,-1,-1,1,1,-1,1,1,-1,-1,-1,1,-1,-1,-1,0.009301651269197464
1,-1,-1,1,-1,1,-1,-1,1,1,-1,1,1,-1,1,1,1,-1,-1,-1,0.009173302911221981
1,-1,-1,1,-1,1,-1,-1,1,1,1,-1,-1,-1,-1,-1,-1,1,-1,-1,0.010176882147789001
1,-1,-1,1,-1,1,-1,-1,1,1,1,-1,1,-1,1,1,1,1,-1,1,0.010103343054652214
1,-1,-1,1,-1,1,-1,-1,1,1,1,-1,1,1,-1,1,1,-1,1,1,0.008837170898914337
1,-1,-1,1,-1,1,-1,-1,1,1,1,1,-1,-1,1,-1,1,1,-1,-1,0.010343976318836212
1,-1,-1,1,-1,1,-1,-1,1,1,1,1,-1,1,-1,1,-1,1,-1,-1,0.009431557729840279
1,-1,-1,1,-1,1,-1,-1,1,1,1,1,-1,1,1,1,1,1,-1,-1,0.009867871180176735
1,-1,-1,1,-1,1,-1,1,-1,-1,-1,-1,-1,-1,1,-1,1,-1,-1,-1,0.009146498516201973
1,-1,-1,1,-1,1,-1,1,-1,-1,-1,-1,-1,1,1,-1,-1,-1,1,-1,0.007422924507409334
1,-1,-1,1,-1,1,-1,1,-1,-1,-1,-1,1,-1,1,-1,-1,-1,-1,-1,0.00823284313082695
1,-1,-1,1,-1,1,-1,1,-1,-1,-1,-1,1,-1,1,1,-1,-1,-1,-1,0.008331771939992905
1,-1,-1,1,-1,1,-1,1,-1,-1,-1,1,-1,-1,-1,1,-1,1,-1,-1,0.008973357267677784
1,-1,-1,1,-1,1,-1,1,-1,-1,-1,1,-1,-1,1,1,-1,1,-1,-1,0.008746081031858921
1,-1,-1,1,-1,1,-1,1,-1,-1,-1,1,1,-1,1,1,1,-1,-1,1,0.008367426693439484
1,-1,-1,1,-1,1,-1,1,-1,-1,1,-1,-1,-1,-1,-1,1,1,-1,1,0.010034594684839249
1,-1,-1,1,-1,1,-1,1,-1,-1,1,-1,-1,-1,1,1,1,1,1,1,0.00942129548639059
1,-1,-1,1,-1,1,-1,1,-1,-1,1,-1,1,1,1,1,1,1,1,-1,0.008954912424087524
1,-1,-1,1,-1,1,-1,1,-1,-1,1,1,-1,-1,1,-1,1,-1,-1,1,0.009104636497795582
1,-1,-1,1,-1,1,-1,1,-1,-1,1,1,-1,-1,1,1,1,-1,-1,-1,0.009562280029058456
1,-1,-1,1,-1,1,-1,1,-1,-1,1,1,-1,1,-1,-1,1,-1,-1,-1,0.009115594439208508
1,-1,-1,1,-1,1,-1,1,-1,-1,1,1,1,-1,-1,1,1,-1,1,1,0.008695824071764946
1,-1,-1,1,-1,1,-1,1,-1,-1,1,1,1,-1,1,1,1,-1,-1,-1,0.009312214329838753
1,-1,-1,1,-1,1,-1,1,-1,1,-1,-1,-1,1,-1,-1,-1,1,-1,1,0.00856088288128376
1,-1,-1,1,-1,1,-1,1,-1,1,-1,-1,-1,1,-1,-1,-1,1,1,-1,0.00843464769423008
1,-1,-1,1,-1,1,-1,1,-1,1,-1,-1,1,1,-1,1,1,-1,1,-1,0.008513635955750942
1,-1,-1,1,-1,1,-1,1,-1,1,-1,1,-1,1,-1,1,1,-1,1,-1,0.0084944823756814
1,-1,-1,1,-1,1,-1,1,-1,1,-1,1,1,-1,1,-1,-1,-1,1,-1,0.007829656824469566
1,-1,-1,1,-1,1,-1,1,-1,1,-1,1,1,-1,1,-1,1,1,1,1,0.008567994460463524
1,-1,-1,1,-1,1,-1,1,-1,1,-1,1,1,1,1,1,-1,1,-1,1,0.007913249544799328
1,-1,-1,1,-1,1,-1,1,-1,1,-1,1,1,1,1,1,1,-1,1,-1,0.008017140440642834
1,-1,-1,1,-1,1,-1,1,-1,1,1,-1,1,1,-1,-1,-1,1,1,1,0.008411938324570656
1,-1,-1,1,-1,1,-1,1,-1,1,1,1,-1,-1,-1,-1,-1,-1,-1,1,0.009019305929541588
1,-1,-1,1,-1,1,-1,1,-1,1,1,1,-1,-1,-1,-1,1,1,-1,-1,0.010475074872374535
1,-1,-1,1,-1,1,-1,1,-1,1,1,1,-1,1,1,1,-1,-1,1,1,0.007830973714590073
1,-1,-1,1,-1,1,-1,1,-1,1,1,1,1,-1,-1,-1,-1,1,1,-1,0.009076468646526337
1,-1,-1,1,-1,1,-1,1,-1,1,1,1,1,1,1,1,1,1,1,1,0.008677960373461246
1,-1,-1,1,-1,1,-1,1,1,-1,-1,-1,-1,1,1,1,-1,-1,1,-1,0.007368868682533503
1,-1,-1,1,-1,1,-1,1,1,-1,-1,-1,1,1,1,-1,-1,1,-1,1,0.00757957436144352
1,-1,-1,1,-1,1,-1,1,1,-1,-1,-1,1,1,1,-1,1,1,-1,-1,0.008601879701018333
1,-1,-1,1,-1,1,-1,1,1,-1,-1,1,-1,-1,-1,1,-1,1,1,-1,0.008335423655807972
1,-1,-1,1,-1,1,-1,1,1,-1,1,-1,-1,-1,1,1,-1,1,-1,1,0.00908967386931181
1,-1,-1,1,-1,1,-1,1,1,1,-1,-1,-1,-1,-1,-1,1,-1,-1,1,0.009213059209287167
1,-1,-1,1,-1,1,-1,1,1,1,-1,-1,-1,-1,-1,-1,1,1,-1,-1,0.01000523753464222
1,-1,-1,1,-1,1,-1,1,1,1,-1,-1,-1,1,-1,-1,1,1,-1,-1,0.009430204518139362
1,-1,-1,1,-1,1,-1,1,1,1,-1,-1,1,-1,-1,1,1,-1,-1,-1,0.009420637041330338
1,-1,-1,1,-1,1,-1,1,1,1,-1,1,-1,1,-1,-1,-1,1,1,-1,0.008012444712221622
1,-1,-1,1,-1,1,-1,1,1,1,-1,1,1,1,1,1,1,-1,-1,1,0.007990391924977303
1,-1,-1,1,-1,1,-1,1,1,1,1,-1,-1,1,-1,1,1,-1,1,1,0.008838075213134289
1,-1,-1,1,-1,1,1,-1,-1,-1,-1,-1,1,-1,-1,1,-1,1,1,1,0.00879456102848053
1,-1,-1,1,-1,1,1,-1,-1,-1,-1,-1,1,-1,1,1,-1,-1,1,1,0.008133822120726109
1,-1,-1,1,-1,1,1,-1,-1,-1,-1,1,-1,1,1,-1,-1,-1,-1,1,0.00792565755546093
1,-1,-1,1,-1,1,1,-1,-1,1,-1,1,-1,-1,-1,1,1,1,-1,-1,0.010633646510541439
1,-1,-1,1,-1,1,1,-1,-1,1,-1,1,1,1,-1,-1,-1,1,1,-1,0.008561079390347004
1,-1,-1,1,-1,1,1,-1,-1,1,1,-1,-1,1,-1,-1,-1,1,-1,-1,0.010151387192308903
1,-1,-1,1,-1,1,1,-1,-1,1,1,-1,1,1,-1,1,1,-1,1,-1,0.00974542461335659
1,-1,-1,1,-1,1,1,-1,-1,1,1,1,-1,1,-1,-1,-1,1,-1,1,0.009523453190922737
1,-1,-1,1,-1,1,1,-1,-1,1,1,1,1,1,-1,-1,1,1,-1,-1,0.010295691899955273
1,-1,-1,1,-1,1,1,-1,1,-1,-1,-1,-1,-1,1,-1,-1,1,-1,1,0.009050390683114529
1,-1,-1,1,-1,1,1,-1,1,-1,-1,-1,-1,1,1,-1,-1,-1,-1,1,0.008041893132030964
1,-1,-1,1,-1,1,1,-1,1,-1,-1,-1,1,-1,1,-1,1,-1,1,-1,0.00890421587973833
1,-1,-1,1,-1,1,1,-1,1,-1,-1,-1,1,1,-1,-1,-1,-1,-1,1,0.008019104599952698
1,-1,-1,1,-1,1,1,-1,1,-1,-1,-1,1,1,1,-1,1,1,-1,-1,0.009247596375644207
1,-1,-1,1,-1,1,1,-1,1,-1,-1,1,-1,-1,-1,1,-1,-1,1,-1,0.008547676727175713
1,-1,-1,1,-1,1,1,-1,1,-1,-1,1,-1,-1,1,1,-1,1,1,1,0.008395148441195488
1,-1,-1,1,-1,1,1,-1,1,-1,-1,1,1,-1,-1,1,-1,-1,1,-1,0.008297611027956009
1,-1,-1,1,-1,1,1,-1,1,-1,1,-1,1,-1,1,1,1,-1,-1,-1,0.01007416658103466
1,-1,-1,1,-1,1,1,-1,1,-1,1,1,-1,-1,-1,1,1,-1,-1,1,0.009923573583364487
1,-1,-1,1,-1,1,1,-1,1,-1,1,1,1,-1,-1,-1,-1,-1,1,1,0.008426040410995483
1,-1,-1,1,-1,1,1,-1,1,-1,1,1,1,-1,-1,-1,1,-1,1,-1,0.009448344819247723
1,-1,-1,1,-1,1,1,-1,1,-1,1,1,1,-1,1,-1,-1,-1,1,1,0.00819876417517662
1,-1,-1,1,-1,1,1,-1,1,1,-1,-1,-1,-1,-1,-1,1,1,-1,-1,0.010650954209268093
1,-1,-1,1,-1,1,1,-1,1,1,-1,-1,-1,1,1,-1,-1,1,1,1,0.008341388776898384
1,-1,-1,1,-1,1,1,-1,1,1,-1,-1,-1,1,1,-1,1,-1,1,-1,0.008930230513215065
1,-1,-1,1,-1,1,1,-1,1,1,-1,-1,1,-1,-1,-1,-1,1,-1,-1,0.009737299755215645
1,-1,-1,1,-1,1,1,-1,1,1,-1,1,1,-1,1,-1,-1,1,-1,-1,0.009240804240107536
1,-1,-1,1,-1,1,1,-1,1,1,-1,1,1,1,-1,1,-1,-1,-1,1,0.008199796080589294
1,-1,-1,1,-1,1,1,-1,1,1,-1,1,1,1,1,-1,1,-1,1,-1,0.008410945534706116
1,-1,-1,1,-1,1,1,-1,1,1,1,-1,-1,-1,1,-1,-1,-1,1,1,0.009069032035768032
1,-1,-1,1,-1,1,1,-1,1,1,1,-1,-1,1,1,1,-1,1,-1,-1,0.009870056062936783
1,-1,-1,1,-1,1,1,-1,1,1,1,-1,1,1,1,-1,1,-1,1,1,0.008907522074878216
1,-1,-1,1,-1,1,1,1,-1,-1,-1,-1,-1,1,-1,-1,-1,1,-1,1,0.008606454357504845
1,-1,-1,1,-1,1,1,1,-1,-1,-1,-1,1,-1,1,1,-1,-1,1,1,0.007884660735726357
1,-1,-1,1,-1,1,1,1,-1,-1,-1,-1,1,-1,1,1,-1,1,1,1,0.008318123407661915
1,-1,-1,1,-1,1,1,1,-1,-1,-1,1,-1,-1,-1,-1,1,-1,-1,1,0.009142395108938217
1,-1,-1,1,-1,1,1,1,-1,-1,-1,1,-1,1,-1,-1,1,1,1,-1,0.008874589577317238
1,-1,-1,1,-1,1,1,1,-1,-1,-1,1,1,-1,-1,1,1,1,1,1,0.008939770050346851
1,-1,-1,1,-1,1,1,1,-1,-1,1,-1,1,-1,-1,-1,1,-1,-1,1,0.009747620671987534
1,-1,-1,1,-1,1,1,1,-1,-1,1,-1,1,-1,-1,-1,1,1,-1,-1,0.010539799928665161
1,-1,-1,1,-1,1,1,1,-1,-1,1,-1,1,-1,-1,1,-1,1,1,-1,0.009490187279880047
1,-1,-1,1,-1,1,1,1,-1,-1,1,-1,1,-1,1,1,1,-1,-1,1,0.009619273245334625
1,-1,-1,1,-1,1,1,1,-1,-1,1,1,-1,-1,-1,-1,1,-1,1,1,0.009243516251444817
1,-1,-1,1,-1,1,1,1,-1,-1,1,1,-1,-1,-1,1,1,1,1,-1,0.010134623385965824
1,-1,-1,1,-1,1,1,1,-1,-1,1,1,1,1,1,-1,1,-1,-1,1,0.008676092140376568
1,-1,-1,1,-1,1,1,1,-1,1,-1,-1,-1,1,-1,1,-1,1,-1,-1,0.009415081702172756
1,-1,-1,1,-1,1,1,1,-1,1,1,-1,1,-1,-1,1,1,1,-1,1,0.010630995966494083
1,-1,-1,1,-1,1,1,1,-1,1,1,-1,1,-1,1,-1,-1,1,-1,-1,0.009999917820096016
1,-1,-1,1,-1,1,1,1,-1,1,1,1,-1,1,1,-1,1,1,-1,1,0.009710604324936867
1,-1,-1,1,-1,1,1,1,-1,1,1,1,1,1,-1,1,-1,-1,-1,-1,0.009048406034708023
1,-1,-1,1,-1,1,1,1,-1,1,1,1,1,1,1,-1,-1,1,1,1,0.008311998099088669
1,-1,-1,1,-1,1,1,1,1,-1,-1,-1,1,-1,-1,1,-1,1,1,1,0.008392415940761566
1,-1,-1,1,-1,1,1,1,1,-1,-1,-1,1,1,1,-1,-1,-1,1,1,0.007057715207338333
1,-1,-1,1,-1,1,1,1,1,-1,-1,-1,1,1,1,1,1,1,-1,-1,0.00909736193716526
1,-1,-1,1,-1,1,1,1,1,-1,-1,1,1,-1,-1,-1,1,1,-1,-1,0.00953152496367693
1,-1,-1,1,-1,1,1,1,1,-1,-1,1,1,1,-1,1,-1,-1,1,1,0.00711470004171133
1,-1,-1,1,-1,1,1,1,1,-1,-1,1,1,1,1,-1,1,1,1,1,0.00788554921746254
1,-1,-1,1,-1,1,1,1,1,-1,-1,1,1,1,1,1,1,-1,-1,1,0.008035964332520962
1,-1,-1,1,-1,1,1,1,1,-1,1,-1,1,-1,-1,-1,1,1,-1,-1,0.010386817157268524
1,-1,-1,1,-1,1,1,1,1,-1,1,-1,1,1,1,1,-1,-1,1,1,0.007742715999484062
1,-1,-1,1,-1,1,1,1,1,-1,1,-1,1,1,1,1,-1,1,1,-1,0.008534894324839115
1,-1,-1,1,-1,1,1,1,1,-1,1,1,-1,-1,1,1,-1,-1,-1,-1,0.009142261929810047
1,-1,-1,1,-1,1,1,1,1,-1,1,1,-1,-1,1,1,1,-1,-1,1,0.009447135962545872
1,-1,-1,1,-1,1,1,1,1,-1,1,1,1,-1,-1,1,1,-1,1,-1,0.00929811131209135
1,-1,-1,1,-1,1,1,1,1,-1,1,1,1,-1,1,-1,-1,-1,-1,1,0.008434552699327469
1,-1,-1,1,-1,1,1,1,1,-1,1,1,1,1,1,1,-1,-1,1,1,0.007473496720194817
1,-1,-1,1,-1,1,1,1,1,1,-1,-1,-1,-1,1,-1,1,-1,-1,1,0.009382338263094425
1,-1,-1,1,-1,1,1,1,1,1,-1,-1,-1,1,-1,-1,-1,1,-1,-1,0.009163170121610165
1,-1,-1,1,-1,1,1,1,1,1,-1,-1,1,-1,1,1,1,1,-1,1,0.009664664044976234
1,-1,-1,1,-1,1,1,1,1,1,-1,1,-1,-1,1,-1,1,-1,-1,-1,0.009471834637224674
1,-1,-1,1,-1,1,1,1,1,1,-1,1,-1,1,-1,1,-1,-1,-1,-1,0.008559415116906166
1,-1,-1,1,-1,1,1,1,1,1,-1,1,-1,1,1,-1,1,-1,-1,1,0.008538085035979748
1,-1,-1,1,-1,1,1,1,1,1,-1,1,1,1,1,1,1,-1,-1,1,0.008386947214603424
1,-1,-1,1,-1,1,1,1,1,1,1,-1,-1,1,1,-1,1,1,1,-1,0.00970060471445322
1,-1,-1,1,-1,1,1,1,1,1,1,1,-1,1,-1,1,-1,-1,1,1,0.008301821537315845
1,-1,-1,1,-1,1,1,1,1,1,1,1,1,-1,1,1,1,-1,1,-1,0.00942181795835495
1,-1,-1,1,-1,1,1,1,1,1,1,1,1,1,-1,-1,-1,-1,1,1,0.007952827960252762
1,-1,-1,1,-1,1,1,1,1,1,1,1,1,1,1,-1,-1,-1,-1,1,0.008210502564907074
1,-1,-1,1,1,-1,-1,-1,-1,-1,-1,-1,-1,-1,-1,-1,1,-1,1,1,0.009194036945700645
1,-1,-1,1,1,-1,-1,-1,-1,-1,-1,-1,-1,-1,-1,1,1,1,1,-1,0.010085143148899078
1,-1,-1,1,1,-1,-1,-1,-1,-1,-1,-1,1,1,-1,1,-1,1,-1,-1,0.009081405587494373
1,-1,-1,1,1,-1,-1,-1,-1,-1,-1,1,1,-1,1,-1,-1,-1,-1,1,0.008268836885690689
1,-1,-1,1,1,-1,-1,-1,-1,-1,1,-1,1,-1,-1,1,1,-1,-1,1,0.010113921947777271
1,-1,-1,1,1,-1,-1,-1,-1,-1,1,-1,1,-1,1,-1,1,-1,-1,1,0.009787717834115028
1,-1,-1,1,1,-1,-1,-1,-1,-1,1,1,-1,-1,1,1,-1,1,1,-1,0.009511130861938
1,-1,-1,1,1,-1,-1,-1,-1,-1,1,1,1,-1,-1,-1,-1,1,1,1,0.009030697867274284
1,-1,-1,1,1,-1,-1,-1,-1,1,-1,-1,-1,-1,-1,-1,-1,-1,1,-1,0.009240145795047283
1,-1,-1,1,1,-1,-1,-1,-1,1,-1,-1,-1,1,1,1,-1,1,-1,1,0.009096462279558182
1,-1,-1,1,1,-1,-1,-1,-1,1,-1,-1,1,-1,-1,1,1,1,1,1,0.009827345609664917
1,-1,-1,1,1,-1,-1,-1,-1,1,-1,-1,1,1,1,1,1,-1,1,1,0.00859157182276249
1,-1,-1,1,1,-1,-1,-1,-1,1,-1,1,-1,-1,-1,-1,-1,-1,-1,1,0.009097162634134293
1,-1,-1,1,1,-1,-1,-1,-1,1,1,-1,1,-1,1,1,-1,-1,-1,1,0.009574039839208126
1,-1,-1,1,1,-1,-1,-1,-1,1,1,-1,1,1,1,1,1,-1,-1,-1,0.010021311230957508
1,-1,-1,1,1,-1,-1,-1,-1,1,1,1,-1,-1,1,1,1,1,1,-1,0.010525703430175781
1,-1,-1,1,1,-1,-1,-1,-1,1,1,1,-1,1,-1,1,-1,1,-1,-1,0.009999307803809643
1,-1,-1,1,1,-1,-1,-1,-1,1,1,1,-1,1,1,-1,1,-1,-1,-1,0.009903229773044586
1,-1,-1,1,1,-1,-1,-1,-1,1,1,1,1,1,-1,1,1,-1,-1,-1,0.009979368187487125
1,-1,-1,1,1,-1,-1,-1,-1,1,1,1,1,1,1,1,1,-1,1,-1,0.009267141111195087
1,-1,-1,1,1,-1,-1,-1,1,-1,-1,-1,-1,-1,-1,1,-1,1,1,1,0.008909855037927628
1,-1,-1,1,1,-1,-1,-1,1,-1,-1,-1,-1,-1,1,-1,1,-1,1,-1,0.009172492660582066
1,-1,-1,1,1,-1,-1,-1,1,-1,-1,-1,1,-1,1,1,1,-1,1,1,0.008662639185786247
1,-1,-1,1,1,-1,-1,-1,1,-1,-1,1,-1,-1,-1,-1,1,-1,1,-1,0.009130549617111683
1,-1,-1,1,1,-1,-1,-1,1,-1,-1,1,-1,1,-1,-1,1,1,-1,1,0.009115214459598064
1,-1,-1,1,1,-1,-1,-1,1,-1,-1,1,1,-1,-1,1,-1,-1,-1,-1,0.00880077388137579
1,-1,-1,1,1,-1,-1,-1,1,-1,-1,1,1,1,1,1,-1,-1,1,-1,0.00751351285725832
1,-1,-1,1,1,-1,-1,-1,1,-1,-1,1,1,1,1,1,-1,1,-1,1,0.008073211647570133
1,-1,-1,1,1,-1,-1,-1,1,-1,1,-1,-1,-1,-1,1,-1,1,1,-1,0.009854642674326897
1,-1,-1,1,1,-1,-1,-1,1,-1,1,1,1,-1,1,-1,-1,1,1,1,0.008650438860058784
1,-1,-1,1,1,-1,-1,-1,1,-1,1,1,1,1,-1,1,-1,1,-1,-1,0.009245275519788265
1,-1,-1,1,1,-1,-1,-1,1,1,-1,-1,1,1,-1,-1,-1,1,1,-1,0.008695526979863644
1,-1,-1,1,1,-1,-1,-1,1,1,-1,1,-1,-1,-1,-1,1,-1,-1,-1,0.00996648333966732
1,-1,-1,1,1,-1,-1,-1,1,1,-1,1,-1,-1,1,1,1,1,1,1,0.0094279320910573
1,-1,-1,1,1,-1,-1,-1,1,1,-1,1,1,-1,1,1,-1,-1,-1,1,0.008565764874219894
1,-1,-1,1,1,-1,-1,-1,1,1,1,1,-1,-1,-1,1,1,-1,-1,-1,0.01065148413181305
1,-1,-1,1,1,-1,-1,-1,1,1,1,1,-1,-1,1,1,1,-1,1,1,0.009580541402101517
1,-1,-1,1,1,-1,-1,-1,1,1,1,1,-1,1,1,1,1,-1,1,1,0.009005507454276085
1,-1,-1,1,1,-1,-1,-1,1,1,1,1,1,-1,1,-1,-1,-1,-1,1,0.009052909910678864
1,-1,-1,1,1,-1,-1,-1,1,1,1,1,1,1,-1,1,1,1,-1,1,0.009901132434606552
1,-1,-1,1,1,-1,-1,-1,1,1,1,1,1,1,1,1,1,-1,-1,-1,0.009599108248949051
1,-1,-1,1,1,-1,-1,1,-1,-1,-1,-1,-1,-1,-1,1,1,-1,-1,1,0.009528753347694874
1,-1,-1,1,1,-1,-1,1,-1,-1,-1,-1,-1,-1,1,1,1,-1,-1,-1,0.009660192765295506
1,-1,-1,1,1,-1,-1,1,-1,-1,-1,-1,1,-1,-1,-1,1,-1,-1,-1,0.009538475424051285
1,-1,-1,1,1,-1,-1,1,-1,-1,-1,-1,1,1,-1,-1,-1,-1,1,-1,0.007814901880919933
1,-1,-1,1,1,-1,-1,1,-1,-1,-1,-1,1,1,1,-1,1,1,1,1,0.008325962349772453
1,-1,-1,1,1,-1,-1,1,-1,-1,-1,1,-1,1,1,-1,-1,-1,1,1,0.007209756411612034
1,-1,-1,1,1,-1,-1,1,-1,-1,-1,1,1,-1,-1,-1,-1,1,1,-1,0.008554180152714252
1,-1,-1,1,1,-1,-1,1,-1,-1,-1,1,1,1,1,-1,1,1,-1,-1,0.008900410495698452
1,-1,-1,1,1,-1,-1,1,-1,-1,1,-1,-1,-1,1,1,-1,-1,1,1,0.008739009499549866
1,-1,-1,1,1,-1,-1,1,-1,-1,1,1,1,-1,-1,-1,1,1,1,1,0.009445126168429852
1,-1,-1,1,1,-1,-1,1,-1,-1,1,1,1,1,1,-1,1,-1,-1,1,0.008694304153323174
1,-1,-1,1,1,-1,-1,1,-1,-1,1,1,1,1,1,-1,1,1,-1,1,0.009127766825258732
1,-1,-1,1,1,-1,-1,1,-1,1,-1,-1,1,-1,1,-1,-1,1,-1,1,0.009073341265320778
1,-1,-1,1,1,-1,-1,1,-1,1,-1,-1,1,-1,1,1,1,1,1,-1,0.009709622710943222
1,-1,-1,1,1,-1,-1,1,-1,1,-1,-1,1,1,-1,-1,1,1,-1,1,0.009389173239469528
1,-1,-1,1,1,-1,-1,1,-1,1,-1,1,-1,1,-1,-1,-1,-1,-1,1,0.008272966369986534
1,-1,-1,1,1,-1,-1,1,-1,1,-1,1,1,-1,1,-1,-1,1,1,1,0.008319171145558357
1,-1,-1,1,1,-1,-1,1,-1,1,-1,1,1,-1,1,-1,1,1,1,1,0.008982760831713676
1,-1,-1,1,1,-1,-1,1,-1,1,-1,1,1,1,-1,1,-1,1,1,1,0.008070342242717743
1,-1,-1,1,1,-1,-1,1,-1,1,-1,1,1,1,1,-1,1,1,1,-1,0.00876644253730774
1,-1,-1,1,1,-1,-1,1,-1,1,1,-1,-1,1,-1,-1,1,1,1,-1,0.010099075734615326
1,-1,-1,1,1,-1,-1,1,-1,1,1,-1,-1,1,1,1,-1,1,1,1,0.008948422968387604
1,-1,-1,1,1,-1,-1,1,-1,1,1,-1,1,-1,-1,-1,-1,-1,-1,-1,0.009811941534280777
1,-1,-1,1,1,-1,-1,1,-1,1,1,1,-1,-1,1,-1,1,1,-1,-1,0.010662565007805824
1,-1,-1,1,1,-1,-1,1,-1,1,1,1,1,-1,-1,-1,-1,-1,-1,-1,0.009542723186314106
1,-1,-1,1,1,-1,-1,1,-1,1,1,1,1,1,-1,-1,1,1,-1,1,0.009706025943160057
1,-1,-1,1,1,-1,-1,1,1,-1,-1,-1,-1,1,-1,1,-1,-1,1,-1,0.008010911755263805
1,-1,-1,1,1,-1,-1,1,1,-1,-1,1,-1,-1,1,-1,1,1,1,-1,0.009087574668228626
1,-1,-1,1,1,-1,-1,1,1,-1,-1,1,-1,-1,1,-1,1,1,1,1,0.008728859946131706
1,-1,-1,1,1,-1,-1,1,1,-1,1,-1,-1,-1,-1,-1,-1,-1,-1,1,0.009199325926601887
1,-1,-1,1,1,-1,-1,1,1,-1,1,-1,1,1,1,-1,1,-1,-1,-1,0.009169254451990128
1,-1,-1,1,1,-1,-1,1,1,-1,1,1,1,-1,-1,-1,-1,-1,-1,1,0.008680040948092937
1,-1,-1,1,1,-1,-1,1,1,-1,1,1,1,-1,-1,-1,-1,1,-1,1,0.00911350455135107
1,-1,-1,1,1,-1,-1,1,1,1,-1,-1,-1,-1,1,1,1,1,-1,-1,0.010291656479239464
1,-1,-1,1,1,-1,-1,1,1,1,-1,-1,-1,1,1,1,1,1,-1,1,0.009357906877994537
1,-1,-1,1,1,-1,-1,1,1,1,-1,1,-1,1,-1,-1,1,-1,-1,-1,0.009142288006842136
1,-1,-1,1,1,-1,-1,1,1,1,-1,1,-1,1,1,1,-1,-1,-1,1,0.007991635240614414
1,-1,-1,1,1,-1,-1,1,1,1,1,-1,-1,-1,1,-1,1,1,1,1,0.009935134090483189
1,-1,-1,1,1,-1,-1,1,1,1,1,-1,-1,1,-1,1,1,-1,1,-1,0.009611557237803936
1,-1,-1,1,1,-1,-1,1,1,1,1,-1,1,1,-1,-1,-1,1,-1,-1,0.009517388418316841
1,-1,-1,1,1,-1,-1,1,1,1,1,-1,1,1,-1,1,1,-1,1,1,0.009002775885164738
1,-1,-1,1,1,-1,-1,1,1,1,1,1,-1,1,-1,1,-1,1,1,1,0.00875349622219801
1,-1,-1,1,1,-1,-1,1,1,1,1,1,1,-1,-1,-1,1,1,1,-1,0.010001841001212597
1,-1,-1,1,1,-1,-1,1,1,1,1,1,1,1,-1,1,1,1,-1,1,0.0096519710496068
1,-1,-1,1,1,-1,-1,1,1,1,1,1,1,1,1,1,-1,-1,1,-1,0.00820140726864338
1,-1,-1,1,1,-1,1,-1,-1,-1,-1,-1,-1,1,-1,-1,-1,1,1,-1,0.009144147858023643
1,-1,-1,1,1,-1,1,-1,-1,-1,-1,-1,1,-1,-1,-1,1,-1,1,-1,0.009699241258203983
1,-1,-1,1,1,-1,1,-1,-1,-1,-1,-1,1,-1,-1,1,1,1,-1,1,0.010357867926359177
1,-1,-1,1,1,-1,1,-1,-1,-1,-1,-1,1,-1,1,1,1,1,1,1,0.009645640850067139
1,-1,-1,1,1,-1,1,-1,-1,-1,-1,1,1,-1,-1,-1,-1,1,1,-1,0.009199896827340126
1,-1,-1,1,1,-1,1,-1,-1,-1,-1,1,1,1,1,1,-1,1,1,-1,0.008496514521539211
1,-1,-1,1,1,-1,1,-1,-1,-1,1,-1,-1,-1,-1,1,1,1,1,-1,0.011067770421504974
1,-1,-1,1,1,-1,1,-1,-1,-1,1,-1,-1,1,1,-1,1,1,1,1,0.00980781763792038
1,-1,-1,1,1,-1,1,-1,-1,-1,1,-1,1,1,-1,-1,1,1,-1,-1,0.010628694668412209
1,-1,-1,1,1,-1,1,-1,-1,-1,1,1,-1,1,1,-1,-1,-1,-1,1,0.008926496841013432
1,-1,-1,1,1,-1,1,-1,-1,-1,1,1,1,-1,-1,1,-1,1,-1,-1,0.010369847528636456
1,-1,-1,1,1,-1,1,-1,-1,1,-1,-1,-1,-1,1,1,1,1,-1,1,0.010731641203165054
1,-1,-1,1,1,-1,1,-1,-1,1,-1,1,-1,1,-1,-1,1,1,1,1,0.009530785493552685
1,-1,-1,1,1,-1,1,-1,-1,1,-1,1,-1,1,1,-1,-1,1,1,-1,0.008998635224997997
1,-1,-1,1,1,-1,1,-1,-1,1,-1,1,1,1,-1,-1,1,-1,1,1,0.008847256191074848
1,-1,-1,1,1,-1,1,-1,-1,1,-1,1,1,1,1,1,-1,1,1,-1,0.008847497403621674
1,-1,-1,1,1,-1,1,-1,-1,1,1,-1,-1,-1,-1,-1,1,-1,-1,-1,0.011371313594281673
1,-1,-1,1,1,-1,1,-1,-1,1,1,-1,-1,-1,-1,1,1,-1,-1,-1,0.011470241472125053
1,-1,-1,1,1,-1,1,-1,-1,1,1,-1,-1,1,-1,-1,-1,-1,-1,-1,0.010132690891623497
1,-1,-1,1,1,-1,1,-1,-1,1,1,-1,-1,1,-1,-1,-1,-1,1,-1,0.009647740051150322
1,-1,-1,1,1,-1,1,-1,-1,1,1,-1,1,1,1,1,-1,1,1,-1,0.009702789597213268
1,-1,-1,1,1,-1,1,-1,-1,1,1,1,-1,1,1,-1,-1,1,1,1,0.009225992485880852
1,-1,-1,1,1,-1,1,-1,1,-1,-1,-1,-1,-1,-1,-1,-1,-1,1,1,0.008774018846452236
1,-1,-1,1,1,-1,1,-1,1,-1,-1,-1,-1,1,-1,-1,-1,-1,1,1,0.008198984898626804
1,-1,-1,1,1,-1,1,-1,1,-1,-1,-1,-1,1,-1,1,1,1,-1,1,0.009879916906356812
1,-1,-1,1,1,-1,1,-1,1,-1,-1,-1,1,-1,-1,1,1,1,-1,-1,0.010563600808382034
1,-1,-1,1,1,-1,1,-1,1,-1,-1,-1,1,1,-1,1,-1,-1,1,-1,0.00840656366199255
1,-1,-1,1,1,-1,1,-1,1,-1,1,-1,1,-1,1,-1,1,-1,1,1,0.009546338580548763
1,-1,-1,1,1,-1,1,-1,1,-1,1,1,-1,-1,-1,1,1,1,-1,-1,0.011130519211292267
1,-1,-1,1,1,-1,1,-1,1,-1,1,1,-1,1,1,-1,-1,1,1,-1,0.009080741554498672
1,-1,-1,1,1,-1,1,-1,1,-1,1,1,-1,1,1,-1,1,-1,1,-1,0.009310867637395859
1,-1,-1,1,1,-1,1,-1,1,-1,1,1,1,-1,1,1,-1,1,-1,-1,0.009989588521420956
1,-1,-1,1,1,-1,1,-1,1,-1,1,1,1,-1,1,1,1,-1,1,-1,0.009734763763844967
1,-1,-1,1,1,-1,1,-1,1,-1,1,1,1,1,1,-1,1,1,-1,-1,0.009979216381907463
1,-1,-1,1,1,-1,1,-1,1,1,-1,-1,-1,-1,1,1,1,1,-1,1,0.010578657500445843
1,-1,-1,1,1,-1,1,-1,1,1,-1,1,-1,1,-1,-1,-1,1,1,-1,0.009072927758097649
1,-1,-1,1,1,-1,1,-1,1,1,-1,1,1,-1,-1,1,-1,1,-1,-1,0.009981775656342506
1,-1,-1,1,1,-1,1,-1,1,1,-1,1,1,-1,1,1,-1,1,-1,1,0.009395783767104149
1,-1,-1,1,1,-1,1,-1,1,1,-1,1,1,1,1,1,-1,1,1,1,0.008335798978805542
1,-1,-1,1,1,-1,1,-1,1,1,1,-1,1,1,1,-1,1,1,-1,1,0.010240702889859676
1,-1,-1,1,1,-1,1,-1,1,1,1,1,-1,-1,1,1,1,1,-1,-1,0.011254225857555866
1,-1,-1,1,1,-1,1,-1,1,1,1,1,-1,-1,1,1,1,1,1,1,0.010410560294985771
1,-1,-1,1,1,-1,1,-1,1,1,1,1,-1,1,1,-1,1,1,-1,1,0.010221549309790134
1,-1,-1,1,1,-1,1,-1,1,1,1,1,-1,1,1,1,-1,1,-1,1,0.009656887501478195
1,-1,-1,1,1,-1,1,-1,1,1,1,1,1,1,-1,-1,1,-1,-1,1,0.00976529624313116
1,-1,-1,1,1,-1,1,1,-1,-1,-1,1,1,-1,-1,1,-1,1,1,1,0.00869094766676426
1,-1,-1,1,1,-1,1,1,-1,-1,-1,1,1,-1,1,1,-1,-1,1,1,0.008030207827687263
1,-1,-1,1,1,-1,1,1,-1,-1,-1,1,1,1,1,1,1,-1,1,-1,0.008477479219436646
1,-1,-1,1,1,-1,1,1,-1,-1,1,-1,-1,1,-1,1,-1,-1,-1,1,0.009272757917642593
1,-1,-1,1,1,-1,1,1,-1,-1,1,-1,1,1,-1,1,-1,1,-1,1,0.009456155821681023
1,-1,-1,1,1,-1,1,1,-1,1,-1,-1,-1,-1,-1,-1,-1,-1,-1,-1,0.009872490540146828
1,-1,-1,1,1,-1,1,1,-1,1,-1,-1,-1,-1,-1,1,-1,1,-1,1,0.010046166367828846
1,-1,-1,1,1,-1,1,1,-1,1,-1,-1,1,1,-1,1,-1,-1,1,1,0.008302652277052402
1,-1,-1,1,1,-1,1,1,-1,1,-1,-1,1,1,1,1,-1,1,1,-1,0.008867555297911167
1,-1,-1,1,1,-1,1,1,-1,1,-1,1,-1,1,-1,-1,-1,-1,-1,1,0.008669521659612656
1,-1,-1,1,1,-1,1,1,-1,1,-1,1,-1,1,1,-1,-1,1,1,1,0.00839075818657875
1,-1,-1,1,1,-1,1,1,-1,1,-1,1,1,-1,1,-1,1,-1,-1,1,0.00943080335855484
1,-1,-1,1,1,-1,1,1,-1,1,-1,1,1,1,1,-1,1,-1,1,-1,0.008729534223675728
1,-1,-1,1,1,-1,1,1,-1,1,1,-1,-1,-1,1,-1,-1,-1,-1,-1,0.01023128628730774
1,-1,-1,1,1,-1,1,1,-1,1,1,-1,1,1,1,-1,1,-1,-1,1,0.009711060672998428
1,-1,-1,1,1,-1,1,1,-1,1,1,1,-1,-1,-1,1,-1,1,1,-1,0.010236783884465694
1,-1,-1,1,1,-1,1,1,-1,1,1,1,-1,1,-1,-1,1,-1,-1,1,0.00991918332874775
1,-1,-1,1,1,-1,1,1,-1,1,1,1,-1,1,-1,1,-1,1,1,-1,0.009661749936640263
1,-1,-1,1,1,-1,1,1,-1,1,1,1,1,-1,-1,-1,1,-1,-1,1,0.010244151577353477
1,-1,-1,1,1,-1,1,1,-1,1,1,1,1,-1,-1,1,-1,-1,-1,-1,0.010038206353783607
1,-1,-1,1,1,-1,1,1,1,-1,-1,-1,-1,-1,1,1,-1,1,-1,1,0.00931492354720831
1,-1,-1,1,1,-1,1,1,1,-1,-1,-1,-1,1,-1,-1,1,-1,-1,1,0.009098364040255547
1,-1,-1,1,1,-1,1,1,1,-1,-1,-1,1,-1,-1,-1,-1,-1,-1,-1,0.00911845825612545
1,-1,-1,1,1,-1,1,1,1,-1,-1,1,-1,1,1,1,-1,1,-1,1,0.008470670320093632
1,-1,-1,1,1,-1,1,1,1,-1,1,-1,1,-1,-1,-1,1,1,1,1,0.009957917034626007
1,-1,-1,1,1,-1,1,1,1,-1,1,1,-1,-1,1,-1,-1,1,-1,-1,0.009891564026474953
1,-1,-1,1,1,-1,1,1,1,-1,1,1,1,-1,1,1,-1,1,-1,1,0.009381711483001709
1,-1,-1,1,1,-1,1,1,1,1,-1,-1,-1,-1,1,1,-1,1,1,1,0.009180955588817596
1,-1,-1,1,1,-1,1,1,1,1,-1,-1,-1,1,-1,-1,-1,-1,1,-1,0.00865952204912901
1,-1,-1,1,1,-1,1,1,1,1,-1,-1,1,-1,1,-1,-1,1,1,-1,0.009190677665174007
1,-1,-1,1,1,-1,1,1,1,1,-1,-1,1,1,-1,-1,-1,1,-1,-1,0.009327870793640614
1,-1,-1,1,1,-1,1,1,1,1,-1,-1,1,1,-1,-1,-1,1,1,-1,0.008842919953167439
1,-1,-1,1,1,-1,1,1,1,1,-1,1,-1,-1,1,1,-1,-1,1,1,0.008478272706270218
1,-1,-1,1,1,-1,1,1,1,1,-1,1,1,-1,1,1,-1,-1,1,1,0.008228207938373089
1,-1,-1,1,1,-1,1,1,1,1,-1,1,1,1,-1,1,-1,-1,1,1,0.00788045022636652
1,-1,-1,1,1,-1,1,1,1,1,-1,1,1,1,1,-1,1,-1,1,-1,0.008576550520956516
1,-1,-1,1,1,-1,1,1,1,1,1,-1,-1,-1,-1,-1,-1,1,1,1,0.009895375929772854
1,-1,-1,1,1,-1,1,1,1,1,1,-1,-1,-1,-1,1,-1,-1,-1,1,0.01004579197615385
1,-1,-1,1,1,-1,1,1,1,1,1,1,-1,-1,-1,1,1,-1,-1,1,0.01044016145169735
1,-1,-1,1,1,-1,1,1,1,1,1,1,-1,-1,-1,1,1,1,1,1,0.010388674214482307
1,-1,-1,1,1,-1,1,1,1,1,1,1,1,-1,-1,1,-1,-1,1,1,0.009041556157171726
1,-1,-1,1,1,-1,1,1,1,1,1,1,1,1,-1,-1,-1,-1,-1,1,0.00885254517197609
1,-1,-1,1,1,-1,1,1,1,1,1,1,1,1,-1,1,1,1,-1,1,0.010048526339232922
1,-1,-1,1,1,1,-1,-1,-1,-1,-1,-1,-1,-1,-1,-1,1,-1,1,1,0.009462030604481697
1,-1,-1,1,1,1,-1,-1,-1,-1,-1,-1,-1,1,-1,-1,1,-1,-1,1,0.00937194749712944
1,-1,-1,1,1,1,-1,-1,-1,-1,-1,-1,-1,1,1,-1,1,1,1,-1,0.00945189967751503
1,-1,-1,1,1,1,-1,-1,-1,-1,-1,-1,1,1,1,1,-1,1,-1,-1,0.009122123010456562
1,-1,-1,1,1,1,-1,-1,-1,-1,-1,1,-1,-1,-1,-1,1,-1,-1,-1,0.010036477819085121
1,-1,-1,1,1,1,-1,-1,-1,-1,-1,1,1,1,1,1,1,1,1,1,0.008672826923429966
1,-1,-1,1,1,1,-1,-1,-1,-1,1,1,-1,-1,1,1,-1,1,-1,1,0.009905360639095306
1,-1,-1,1,1,1,-1,-1,-1,-1,1,1,-1,1,-1,-1,1,1,1,-1,0.009996028617024422
1,-1,-1,1,1,1,-1,-1,-1,-1,1,1,1,-1,-1,-1,1,-1,-1,-1,0.010372484102845192
1,-1,-1,1,1,1,-1,-1,-1,-1,1,1,1,1,-1,1,-1,1,-1,-1,0.009666252881288528
1,-1,-1,1,1,1,-1,-1,-1,1,-1,-1,-1,-1,-1,1,-1,-1,1,-1,0.009607067331671715
1,-1,-1,1,1,1,-1,-1,-1,1,-1,-1,-1,-1,1,1,1,1,1,-1,0.010476844385266304
1,-1,-1,1,1,1,-1,-1,-1,1,-1,-1,-1,1,-1,-1,-1,1,-1,-1,0.009851519949734211
1,-1,-1,1,1,1,-1,-1,-1,1,-1,-1,-1,1,-1,-1,1,1,-1,-1,0.01051510963588953
1,-1,-1,1,1,1,-1,-1,-1,1,-1,-1,-1,1,1,-1,-1,1,-1,-1,0.009624243713915348
1,-1,-1,1,1,1,-1,-1,-1,1,-1,-1,-1,1,1,-1,1,1,-1,1,0.009929117746651173
1,-1,-1,1,1,1,-1,-1,-1,1,-1,1,-1,1,1,-1,1,1,-1,1,0.009659898467361927
1,-1,-1,1,1,1,-1,-1,-1,1,1,-1,-1,-1,-1,-1,1,1,1,1,0.010832549072802067
1,-1,-1,1,1,1,-1,-1,-1,1,1,-1,-1,1,1,1,1,-1,-1,-1,0.010539370588958263
1,-1,-1,1,1,1,-1,-1,-1,1,1,-1,1,-1,-1,1,1,1,-1,1,0.011166363023221493
1,-1,-1,1,1,1,-1,-1,-1,1,1,-1,1,1,1,-1,1,-1,-1,-1,0.01019037701189518
1,-1,-1,1,1,1,-1,-1,-1,1,1,1,-1,-1,-1,1,1,1,1,1,0.010662257671356201
1,-1,-1,1,1,1,-1,-1,-1,1,1,1,1,-1,1,-1,-1,-1,1,1,0.008988935500383377
1,-1,-1,1,1,1,-1,-1,-1,1,1,1,1,-1,1,-1,-1,1,-1,1,0.009907349944114685
1,-1,-1,1,1,1,-1,-1,1,-1,-1,-1,-1,-1,-1,1,1,1,-1,1,0.010326389223337173
1,-1,-1,1,1,1,-1,-1,1,-1,-1,-1,1,1,1,1,1,-1,1,-1,0.008714314550161362
1,-1,-1,1,1,1,-1,-1,1,-1,-1,1,1,1,1,1,-1,1,-1,1,0.008341205306351185
1,-1,-1,1,1,1,-1,-1,1,-1,1,-1,-1,1,-1,-1,1,-1,-1,1,0.009805036708712578
1,-1,-1,1,1,1,-1,-1,1,-1,1,-1,1,-1,1,1,-1,-1,1,1,0.008853116072714329
1,-1,-1,1,1,1,-1,-1,1,-1,1,1,-1,1,-1,-1,1,1,1,1,0.00948433019220829
1,-1,-1,1,1,1,-1,-1,1,-1,1,1,-1,1,1,-1,-1,-1,-1,-1,0.009003667160868645
1,-1,-1,1,1,1,-1,-1,1,1,-1,-1,-1,1,-1,1,1,1,1,1,0.009617387317121029
1,-1,-1,1,1,1,-1,-1,1,1,-1,-1,-1,1,1,1,-1,1,-1,-1,0.009570188820362091
1,-1,-1,1,1,1,-1,-1,1,1,-1,-1,-1,1,1,1,-1,1,1,1,0.008726522326469421
1,-1,-1,1,1,1,-1,-1,1,1,-1,-1,1,-1,-1,-1,-1,-1,1,1,0.0087463753297925
1,-1,-1,1,1,1,-1,-1,1,1,-1,-1,1,-1,1,1,1,-1,1,-1,0.009640331380069256
1,-1,-1,1,1,1,-1,-1,1,1,-1,-1,1,1,1,-1,-1,1,1,1,0.008377528749406338
1,-1,-1,1,1,1,-1,-1,1,1,-1,-1,1,1,1,1,-1,-1,1,1,0.008042993023991585
1,-1,-1,1,1,1,-1,-1,1,1,-1,1,-1,-1,-1,1,-1,1,-1,1,0.009744564071297646
1,-1,-1,1,1,1,-1,-1,1,1,-1,1,1,-1,1,-1,1,-1,-1,-1,0.00975713599473238
1,-1,-1,1,1,1,-1,-1,1,1,-1,1,1,1,1,1,-1,1,-1,1,0.008692188188433647
1,-1,-1,1,1,1,-1,-1,1,1,1,-1,-1,1,1,-1,-1,1,-1,1,0.009698617272078991
1,-1,-1,1,1,1,-1,-1,1,1,1,-1,1,1,-1,1,-1,-1,-1,1,0.009341293014585972
1,-1,-1,1,1,1,-1,-1,1,1,1,-1,1,1,-1,1,-1,-1,1,-1,0.009215057827532291
1,-1,-1,1,1,1,-1,-1,1,1,1,1,-1,-1,-1,-1,-1,-1,1,-1,0.009672009386122227
1,-1,-1,1,1,1,-1,-1,1,1,1,1,-1,-1,1,-1,1,1,1,-1,0.010541785508394241
1,-1,-1,1,1,1,-1,-1,1,1,1,1,1,1,-1,1,1,-1,1,-1,0.00960942730307579
1,-1,-1,1,1,1,-1,1,-1,-1,-1,-1,-1,-1,1,1,1,-1,-1,1,0.009569471701979637
1,-1,-1,1,1,1,-1,1,-1,-1,-1,-1,1,-1,-1,1,-1,1,1,-1,0.00919032096862793
1,-1,-1,1,1,1,-1,1,-1,-1,-1,-1,1,-1,-1,1,1,1,-1,1,0.009980144910514355
1,-1,-1,1,1,1,-1,1,-1,-1,-1,-1,1,1,-1,-1,-1,1,1,1,0.008157643489539623
1,-1,-1,1,1,1,-1,1,-1,-1,-1,-1,1,1,-1,1,-1,-1,1,-1,0.008181823417544365
1,-1,-1,1,1,1,-1,1,-1,-1,-1,1,-1,-1,-1,1,-1,1,1,1,0.008812451735138893
1,-1,-1,1,1,1,-1,1,-1,-1,-1,1,-1,1,1,-1,-1,-1,1,-1,0.00783646572381258
1,-1,-1,1,1,1,-1,1,-1,-1,-1,1,-1,1,1,-1,1,-1,-1,1,0.00862629059702158
1,-1,-1,1,1,1,-1,1,-1,-1,-1,1,1,1,1,1,1,-1,-1,1,0.008475152775645256
1,-1,-1,1,1,1,-1,1,-1,-1,1,-1,-1,1,-1,-1,-1,1,-1,-1,0.009837447665631771
1,-1,-1,1,1,1,-1,1,-1,-1,1,-1,1,1,1,-1,1,1,-1,1,0.009664979763329029
1,-1,-1,1,1,1,-1,1,-1,-1,1,1,-1,-1,-1,-1,1,-1,1,-1,0.009888437576591969
1,-1,-1,1,1,1,-1,1,-1,-1,1,1,1,-1,-1,1,1,-1,1,-1,0.009737299755215645
1,-1,-1,1,1,1,-1,1,-1,1,-1,-1,-1,-1,1,-1,-1,1,1,-1,0.009465165436267853
1,-1,-1,1,1,1,-1,1,-1,1,-1,-1,-1,1,-1,-1,1,1,1,1,0.009422281756997108
1,-1,-1,1,1,1,-1,1,-1,1,-1,-1,-1,1,1,-1,-1,1,1,1,0.008531415835022926
1,-1,-1,1,1,1,-1,1,-1,1,-1,-1,1,-1,-1,-1,-1,1,1,-1,0.009442375972867012
1,-1,-1,1,1,1,-1,1,-1,1,-1,-1,1,-1,-1,1,1,-1,-1,1,0.009897665120661259
1,-1,-1,1,1,1,-1,1,-1,1,-1,1,-1,-1,-1,-1,-1,-1,-1,1,0.009115993976593018
1,-1,-1,1,1,1,-1,1,-1,1,-1,1,-1,-1,1,1,-1,1,-1,-1,0.009779824875295162
1,-1,-1,1,1,1,-1,1,-1,1,-1,1,-1,1,-1,1,-1,-1,1,1,0.008154937997460365
1,-1,-1,1,1,1,-1,1,-1,1,-1,1,1,-1,-1,-1,-1,-1,-1,-1,0.009224643930792809
1,-1,-1,1,1,1,-1,1,-1,1,-1,1,1,-1,1,-1,-1,-1,-1,-1,0.008997367694973946
1,-1,-1,1,1,1,-1,1,-1,1,-1,1,1,1,1,-1,-1,-1,1,1,0.007578668184578419
1,-1,-1,1,1,1,-1,1,-1,1,1,-1,-1,1,-1,1,1,1,1,-1,0.010465997271239758
1,-1,-1,1,1,1,-1,1,-1,1,1,-1,-1,1,1,1,1,-1,-1,-1,0.010290208272635937
1,-1,-1,1,1,1,-1,1,-1,1,1,-1,1,1,1,-1,1,1,1,1,0.009531011804938316
1,-1,-1,1,1,1,-1,1,-1,1,1,1,-1,-1,1,-1,-1,-1,-1,1,0.009474790655076504
1,-1,-1,1,1,1,-1,1,-1,1,1,1,-1,1,1,1,-1,1,1,-1,0.009305913001298904
1,-1,-1,1,1,1,-1,1,-1,1,1,1,-1,1,1,1,1,1,-1,1,0.010095737874507904
1,-1,-1,1,1,1,-1,1,-1,1,1,1,1,-1,-1,1,1,1,-1,-1,0.011006697081029415
1,-1,-1,1,1,1,-1,1,1,-1,-1,-1,-1,-1,-1,1,1,1,-1,1,0.010077227838337421
1,-1,-1,1,1,1,-1,1,1,-1,-1,-1,-1,1,1,-1,1,1,-1,1,0.009175989776849747
1,-1,-1,1,1,1,-1,1,1,-1,-1,-1,-1,1,1,1,-1,-1,1,1,0.007692913990467787
1,-1,-1,1,1,1,-1,1,1,-1,-1,-1,1,-1,-1,1,1,1,-1,1,0.009827162139117718
1,-1,-1,1,1,1,-1,1,1,-1,-1,-1,1,-1,1,-1,-1,1,-1,1,0.008837368339300156
1,-1,-1,1,1,1,-1,1,1,-1,-1,-1,1,-1,1,-1,1,-1,-1,1,0.009067494422197342
1,-1,-1,1,1,1,-1,1,1,-1,-1,1,1,-1,1,-1,1,1,1,-1,0.009105503559112549
1,-1,-1,1,1,1,-1,1,1,-1,-1,1,1,-1,1,1,1,-1,1,1,0.008412252180278301
1,-1,-1,1,1,1,-1,1,1,-1,-1,1,1,1,-1,-1,-1,-1,-1,-1,0.008145644329488277
1,-1,-1,1,1,1,-1,1,1,-1,-1,1,1,1,1,1,1,-1,-1,-1,0.008680885657668114
1,-1,-1,1,1,1,-1,1,1,-1,1,-1,-1,1,-1,-1,-1,-1,1,1,0.008407334797084332
1,-1,-1,1,1,1,-1,1,1,-1,1,-1,1,1,-1,-1,-1,1,1,1,0.00859073270112276
1,-1,-1,1,1,1,-1,1,1,-1,1,1,-1,1,-1,1,1,1,-1,1,0.009819046594202518
1,-1,-1,1,1,1,-1,1,1,1,-1,-1,1,-1,-1,1,1,-1,-1,-1,0.010103397071361542
1,-1,-1,1,1,1,-1,1,1,1,-1,-1,1,-1,1,1,-1,1,-1,1,0.009287279099225998
1,-1,-1,1,1,1,-1,1,1,1,-1,-1,1,1,-1,-1,-1,1,-1,-1,0.009199309162795544
1,-1,-1,1,1,1,-1,1,1,1,-1,-1,1,1,-1,1,1,-1,-1,1,0.00916964840143919
1,-1,-1,1,1,1,-1,1,1,1,-1,1,1,-1,-1,1,-1,-1,-1,-1,0.009170589037239552
1,-1,-1,1,1,1,-1,1,1,1,1,1,-1,-1,-1,1,-1,-1,1,1,0.00916306022554636
1,-1,-1,1,1,1,-1,1,1,1,1,1,-1,-1,1,1,1,1,-1,-1,0.010876502841711044
1,-1,-1,1,1,1,1,-1,-1,-1,-1,-1,1,-1,-1,1,1,-1,-1,-1,0.01055111363530159
1,-1,-1,1,1,1,1,-1,-1,-1,-1,-1,1,-1,1,-1,-1,1,1,1,0.009151117876172066
1,-1,-1,1,1,1,1,-1,-1,-1,-1,-1,1,1,-1,-1,-1,1,1,1,0.008803360164165497
1,-1,-1,1,1,1,1,-1,-1,-1,-1,-1,1,1,1,1,-1,-1,-1,1,0.00872649997472763
1,-1,-1,1,1,1,1,-1,-1,-1,-1,-1,1,1,1,1,1,1,-1,-1,0.010182267986238003
1,-1,-1,1,1,1,1,-1,-1,-1,-1,1,-1,-1,-1,-1,1,1,-1,1,0.010507780127227306
1,-1,-1,1,1,1,1,-1,-1,-1,-1,1,-1,-1,1,1,1,-1,-1,1,0.009945969097316265
1,-1,-1,1,1,1,1,-1,-1,-1,-1,1,-1,1,1,-1,1,1,-1,-1,0.010064186528325081
1,-1,-1,1,1,1,1,-1,-1,-1,1,-1,1,1,-1,-1,-1,1,-1,-1,0.010233098641037941
1,-1,-1,1,1,1,1,-1,-1,-1,1,-1,1,1,-1,-1,-1,1,-1,1,0.009874382987618446
1,-1,-1,1,1,1,1,-1,-1,-1,1,1,1,-1,1,-1,-1,-1,-1,1,0.009519458748400211
1,-1,-1,1,1,1,1,-1,-1,-1,1,1,1,1,1,1,-1,1,-1,1,0.009476816281676292
1,-1,-1,1,1,1,1,-1,-1,1,-1,-1,-1,-1,1,-1,1,-1,-1,-1,0.010825958102941513
1,-1,-1,1,1,1,1,-1,-1,1,-1,-1,-1,-1,1,1,-1,1,-1,1,0.010336045175790787
1,-1,-1,1,1,1,1,-1,-1,1,-1,-1,-1,1,-1,-1,-1,-1,-1,-1,0.0098146116361022
1,-1,-1,1,1,1,1,-1,-1,1,-1,-1,1,-1,-1,1,1,1,1,-1,0.010850610211491585
1,-1,-1,1,1,1,1,-1,-1,1,-1,1,-1,-1,1,1,-1,-1,1,1,0.009148411452770233
1,-1,-1,1,1,1,1,-1,-1,1,1,-1,-1,-1,-1,-1,1,-1,1,1,0.010795640759170055
1,-1,-1,1,1,1,1,-1,-1,1,1,-1,-1,1,1,1,-1,1,-1,-1,0.010705798864364624
1,-1,-1,1,1,1,1,-1,-1,1,1,-1,1,-1,-1,-1,1,-1,-1,1,0.011030526831746101
1,-1,-1,1,1,1,1,-1,-1,1,1,1,1,-1,-1,-1,1,-1,1,1,0.01027635671198368
1,-1,-1,1,1,1,1,-1,-1,1,1,1,1,1,-1,-1,-1,1,-1,1,0.009956147521734238
1,-1,-1,1,1,1,1,-1,1,-1,-1,-1,-1,-1,1,1,-1,-1,1,-1,0.0092723798006773
1,-1,-1,1,1,1,1,-1,1,-1,-1,-1,-1,1,-1,1,-1,-1,1,1,0.008565906435251236
1,-1,-1,1,1,1,1,-1,1,-1,-1,-1,1,-1,1,1,1,1,-1,1,0.010245602577924728
1,-1,-1,1,1,1,1,-1,1,-1,-1,1,-1,-1,1,-1,1,1,1,-1,0.010001285932958126
1,-1,-1,1,1,1,1,-1,1,-1,-1,1,-1,1,-1,-1,-1,1,-1,-1,0.009474889375269413
1,-1,-1,1,1,1,1,-1,1,-1,-1,1,-1,1,-1,-1,1,-1,-1,-1,0.0097050154581666
1,-1,-1,1,1,1,1,-1,1,-1,-1,1,1,1,-1,1,-1,-1,-1,1,0.008531573228538036
1,-1,-1,1,1,1,1,-1,1,-1,1,-1,1,-1,-1,-1,1,1,-1,1,0.010960022918879986
1,-1,-1,1,1,1,1,-1,1,-1,1,-1,1,1,-1,1,1,1,-1,-1,0.010842632502317429
1,-1,-1,1,1,1,1,-1,1,-1,1,1,-1,-1,-1,1,-1,1,-1,1,0.01037620846182108
1,-1,-1,1,1,1,1,-1,1,-1,1,1,-1,-1,1,-1,-1,-1,1,1,0.009131589904427528
1,-1,-1,1,1,1,1,-1,1,-1,1,1,-1,1,1,1,1,1,-1,-1,0.010596202686429024
1,-1,-1,1,1,1,1,-1,1,-1,1,1,1,1,-1,-1,1,1,1,-1,0.009989535436034203
1,-1,-1,1,1,1,1,-1,1,-1,1,1,1,1,-1,1,1,1,-1,-1,0.010573413223028183
1,-1,-1,1,1,1,1,-1,1,-1,1,1,1,1,1,-1,1,-1,-1,-1,0.009813746437430382
1,-1,-1,1,1,1,1,-1,1,1,-1,-1,-1,1,-1,1,-1,-1,-1,1,0.009401841089129448
1,-1,-1,1,1,1,1,-1,1,1,-1,1,-1,-1,1,1,1,-1,1,1,0.00965901743620634
1,-1,-1,1,1,1,1,-1,1,1,1,-1,-1,-1,-1,-1,-1,-1,-1,-1,0.010822734795510769
1,-1,-1,1,1,1,1,-1,1,1,1,-1,-1,1,-1,1,-1,1,-1,-1,0.01078009232878685
1,-1,-1,1,1,1,1,-1,1,1,1,-1,1,-1,-1,1,-1,1,-1,-1,0.011105060577392578
1,-1,-1,1,1,1,1,-1,1,1,1,-1,1,-1,1,1,-1,-1,-1,1,0.010085605084896088
1,-1,-1,1,1,1,1,-1,1,1,1,-1,1,1,-1,-1,-1,1,-1,-1,0.010431098751723766
1,-1,-1,1,1,1,1,-1,1,1,1,1,-1,-1,-1,-1,1,1,-1,-1,0.011650568805634975
1,-1,-1,1,1,1,1,-1,1,1,1,1,1,1,-1,1,-1,1,-1,-1,0.0102608073502779
1,-1,-1,1,1,1,1,1,-1,-1,-1,-1,-1,-1,1,1,1,-1,-1,1,0.009966026060283184
1,-1,-1,1,1,1,1,1,-1,-1,-1,-1,-1,1,-1,-1,1,-1,1,1,0.00903438962996006
1,-1,-1,1,1,1,1,1,-1,-1,-1,-1,-1,1,-1,1,1,-1,1,1,0.009133318439126015
1,-1,-1,1,1,1,1,1,-1,-1,1,-1,-1,1,-1,1,1,-1,1,1,0.00971939042210579
1,-1,-1,1,1,1,1,1,-1,-1,1,-1,1,1,1,1,-1,-1,-1,-1,0.009422126226127148
1,-1,-1,1,1,1,1,1,-1,-1,1,1,-1,1,-1,-1,1,1,-1,1,0.010269657708704472
1,-1,-1,1,1,1,1,1,-1,-1,1,1,1,-1,-1,1,-1,-1,-1,1,0.009596500545740128
1,-1,-1,1,1,1,1,1,-1,1,-1,-1,-1,-1,-1,-1,1,1,1,-1,0.010752585716545582
1,-1,-1,1,1,1,1,1,-1,1,-1,-1,1,-1,-1,-1,-1,1,1,1,0.009480215609073639
1,-1,-1,1,1,1,1,1,-1,1,-1,-1,1,-1,-1,1,-1,1,-1,1,0.010064094327390194
1,-1,-1,1,1,1,1,1,-1,1,-1,-1,1,-1,1,-1,1,1,1,1,0.00991652812808752
1,-1,-1,1,1,1,1,1,-1,1,-1,-1,1,1,-1,-1,1,1,-1,1,0.010053722187876701
1,-1,-1,1,1,1,1,1,-1,1,-1,1,1,-1,1,1,-1,1,1,-1,0.009441363625228405
1,-1,-1,1,1,1,1,1,-1,1,1,-1,-1,-1,1,1,-1,-1,-1,1,0.010239492170512676
1,-1,-1,1,1,1,1,1,-1,1,1,-1,1,-1,-1,-1,-1,1,-1,1,0.010551238432526588
1,-1,-1,1,1,1,1,1,-1,1,1,-1,1,1,1,1,-1,1,1,-1,0.009721620939671993
1,-1,-1,1,1,1,1,1,-1,1,1,1,1,-1,-1,-1,-1,1,-1,1,0.010282019153237343
1,-1,-1,1,1,1,1,1,1,-1,-1,-1,-1,1,1,1,-1,1,-1,-1,0.009366598911583424
1,-1,-1,1,1,1,1,1,1,-1,-1,-1,1,-1,-1,-1,-1,1,-1,1,0.00946119986474514
1,-1,-1,1,1,1,1,1,1,-1,-1,-1,1,-1,1,-1,-1,-1,1,-1,0.008674224838614464
1,-1,-1,1,1,1,1,1,1,-1,-1,-1,1,1,-1,-1,1,-1,-1,-1,0.00947500765323639
1,-1,-1,1,1,1,1,1,1,-1,1,-1,1,1,1,1,-1,1,1,-1,0.00921765435487032
1,-1,-1,1,1,1,1,1,1,-1,1,1,-1,-1,1,-1,1,1,-1,1,0.010464431717991829
1,-1,-1,1,1,1,1,1,1,1,-1,1,-1,-1,1,-1,-1,-1,1,-1,0.009006054140627384
1,-1,-1,1,1,1,1,1,1,1,-1,1,-1,1,1,-1,-1,-1,-1,-1,0.008915971964597702
1,-1,-1,1,1,1,1,1,1,1,-1,1,-1,1,1,1,1,1,-1,1,0.009753236547112465
1,-1,-1,1,1,1,1,1,1,1,-1,1,1,1,1,1,-1,1,-1,-1,0.009198297746479511
1,-1,-1,1,1,1,1,1,1,1,1,-1,-1,1,1,1,1,-1,1,-1,0.010048829019069672
1,-1,-1,1,1,1,1,1,1,1,1,1,-1,-1,-1,-1,1,-1,1,-1,0.01048299204558134
1,-1,-1,1,1,1,1,1,1,1,1,1,1,1,-1,1,-1,-1,1,-1,0.00909323152154684
1,-1,-1,1,1,1,1,1,1,1,1,1,1,1,-1,1,1,1,-1,-1,0.010675235651433468
1,-1,-1,1,1,1,1,1,1,1,1,1,1,1,1,-1,1,-1,-1,1,0.009556852281093597
1,-1,1,-1,-1,-1,-1,-1,-1,-1,-1,-1,-1,-1,1,-1,1,-1,-1,1,0.008654760196805
1,-1,1,-1,-1,-1,-1,-1,-1,-1,-1,-1,-1,1,1,1,-1,1,1,-1,0.007822292856872082
1,-1,1,-1,-1,-1,-1,-1,-1,-1,-1,1,-1,-1,-1,1,1,-1,-1,-1,0.009070460684597492
1,-1,1,-1,-1,-1,-1,-1,-1,-1,-1,1,1,-1,-1,-1,1,1,-1,1,0.008796215057373047
1,-1,1,-1,-1,-1,-1,-1,-1,-1,1,-1,-1,-1,1,1,1,1,1,-1,0.009646988473832607
1,-1,1,-1,-1,-1,-1,-1,-1,-1,1,-1,-1,1,-1,-1,-1,-1,1,-1,0.008103249594569206
1,-1,1,-1,-1,-1,-1,-1,-1,-1,1,-1,-1,1,-1,-1,1,1,-1,1,0.009326538071036339
1,-1,1,-1,-1,-1,-1,-1,-1,-1,1,-1,1,1,-1,1,1,1,-1,1,0.009175400249660015
1,-1,1,-1,-1,-1,-1,-1,-1,-1,1,-1,1,1,1,-1,-1,1,-1,1,0.008185607381165028
1,-1,1,-1,-1,-1,-1,-1,-1,-1,1,-1,1,1,1,-1,1,-1,1,1,0.007930782623589039
1,-1,1,-1,-1,-1,-1,-1,-1,-1,1,1,-1,1,-1,1,1,-1,-1,-1,0.009081498719751835
1,-1,1,-1,-1,-1,-1,-1,-1,-1,1,1,1,-1,1,1,-1,-1,-1,-1,0.008515601977705956
1,-1,1,-1,-1,-1,-1,-1,-1,1,-1,-1,-1,1,1,1,1,-1,-1,-1,0.008888352662324905
1,-1,1,-1,-1,-1,-1,-1,-1,1,-1,-1,-1,1,1,1,1,1,-1,-1,0.009321816265583038
1,-1,1,-1,-1,-1,-1,-1,-1,1,-1,1,-1,-1,-1,1,-1,-1,1,1,0.00791418831795454
1,-1,1,-1,-1,-1,-1,-1,-1,1,-1,1,-1,1,-1,-1,1,-1,-1,-1,0.008747481741011143
1,-1,1,-1,-1,-1,-1,-1,-1,1,-1,1,1,1,1,-1,1,1,1,1,0.007859937846660614
1,-1,1,-1,-1,-1,-1,-1,-1,1,1,-1,-1,-1,-1,-1,-1,1,-1,1,0.009588965214788914
1,-1,1,-1,-1,-1,-1,-1,-1,1,1,-1,1,1,1,-1,-1,1,1,1,0.008051639422774315
1,-1,1,-1,-1,-1,-1,-1,-1,1,1,1,-1,-1,1,-1,-1,1,-1,-1,0.009451186284422874
1,-1,1,-1,-1,-1,-1,-1,-1,1,1,1,-1,-1,1,-1,1,-1,-1,-1,0.00968131236732006
1,-1,1,-1,-1,-1,-1,-1,-1,1,1,1,1,1,1,-1,-1,1,1,1,0.007782420143485069
1,-1,1,-1,-1,-1,-1,-1,1,-1,-1,-1,-1,1,1,1,-1,1,-1,1,0.007795544341206551
1,-1,1,-1,-1,-1,-1,-1,1,-1,1,-1,-1,1,-1,-1,-1,1,-1,1,0.008509965613484383
1,-1,1,-1,-1,-1,-1,-1,1,-1,1,-1,1,-1,-1,1,1,-1,1,-1,0.009037751704454422
1,-1,1,-1,-1,-1,-1,-1,1,-1,1,-1,1,1,1,1,1,1,-1,-1,0.009153855964541435
1,-1,1,-1,-1,-1,-1,-1,1,1,-1,-1,1,-1,1,-1,-1,1,1,-1,0.00824633240699768
1,-1,1,-1,-1,-1,-1,-1,1,1,-1,-1,1,1,-1,1,1,1,-1,-1,0.009146043099462986
1,-1,1,-1,-1,-1,-1,-1,1,1,-1,1,-1,-1,1,-1,1,1,1,-1,0.008890768513083458
1,-1,1,-1,-1,-1,-1,-1,1,1,1,-1,-1,1,-1,1,-1,1,-1,-1,0.00931859202682972
1,-1,1,-1,-1,-1,-1,-1,1,1,1,-1,1,1,-1,1,-1,-1,-1,-1,0.008635063655674458
1,-1,1,-1,-1,-1,-1,-1,1,1,1,1,-1,1,-1,1,-1,1,1,-1,0.008564421907067299
1,-1,1,-1,-1,-1,-1,-1,1,1,1,1,-1,1,1,1,1,1,1,-1,0.009000735357403755
1,-1,1,-1,-1,-1,-1,-1,1,1,1,1,1,1,1,-1,-1,-1,1,1,0.007195973768830299
1,-1,1,-1,-1,-1,-1,-1,1,1,1,1,1,1,1,1,1,1,-1,1,0.008876904845237732
1,-1,1,-1,-1,-1,-1,1,-1,-1,-1,-1,-1,1,-1,1,-1,-1,-1,1,0.00749317929148674
1,-1,1,-1,-1,-1,-1,1,-1,-1,-1,-1,-1,1,-1,1,1,1,-1,-1,0.008948947302997112
1,-1,1,-1,-1,-1,-1,1,-1,-1,-1,-1,1,1,-1,1,-1,-1,-1,-1,0.007601829245686531
1,-1,1,-1,-1,-1,-1,1,-1,-1,-1,1,-1,-1,1,-1,-1,-1,-1,1,0.0074727898463606834
1,-1,1,-1,-1,-1,-1,1,-1,-1,1,-1,-1,1,-1,-1,1,-1,-1,-1,0.009002628736197948
1,-1,1,-1,-1,-1,-1,1,-1,-1,1,-1,1,-1,1,1,-1,-1,-1,-1,0.008535658940672874
1,-1,1,-1,-1,-1,-1,1,-1,-1,1,1,-1,-1,-1,-1,-1,-1,1,-1,0.00815990287810564
1,-1,1,-1,-1,-1,-1,1,-1,1,-1,-1,-1,-1,-1,1,1,1,-1,-1,0.009874964132905006
1,-1,1,-1,-1,-1,-1,1,-1,1,-1,-1,-1,1,-1,1,1,-1,1,1,0.008022801019251347
1,-1,1,-1,-1,-1,-1,1,-1,1,-1,-1,1,1,1,-1,1,1,-1,-1,0.008723661303520203
1,-1,1,-1,-1,-1,-1,1,-1,1,-1,1,-1,-1,-1,1,1,1,1,-1,0.009120794013142586
1,-1,1,-1,-1,-1,-1,1,-1,1,-1,1,-1,-1,1,-1,-1,1,-1,1,0.008257236331701279
1,-1,1,-1,-1,-1,-1,1,-1,1,-1,1,-1,-1,1,1,1,1,1,-1,0.008893517777323723
1,-1,1,-1,-1,-1,-1,1,-1,1,-1,1,-1,1,-1,-1,-1,-1,-1,1,0.007476015482097864
1,-1,1,-1,-1,-1,-1,1,-1,1,1,-1,1,1,1,-1,-1,1,-1,-1,0.008646144531667233
1,-1,1,-1,-1,-1,-1,1,-1,1,1,1,-1,1,-1,1,-1,1,-1,1,0.008594479411840439
1,-1,1,-1,-1,-1,-1,1,-1,1,1,1,1,1,1,-1,-1,-1,1,1,0.007099795155227184
1,-1,1,-1,-1,-1,-1,1,1,-1,-1,-1,-1,-1,-1,1,1,-1,1,-1,0.0084525840356946
1,-1,1,-1,-1,-1,-1,1,1,-1,-1,-1,-1,1,-1,-1,1,-1,-1,-1,0.008263573050498962
1,-1,1,-1,-1,-1,-1,1,1,-1,-1,-1,-1,1,1,-1,-1,-1,1,-1,0.006887756288051605
1,-1,1,-1,-1,-1,-1,1,1,-1,-1,1,-1,1,1,1,-1,1,-1,1,0.007277163676917553
1,-1,1,-1,-1,-1,-1,1,1,-1,1,-1,-1,-1,1,1,-1,-1,1,1,0.007789074908941984
1,-1,1,-1,-1,-1,-1,1,1,-1,1,-1,-1,1,-1,-1,1,1,1,-1,0.008798157796263695
1,-1,1,-1,-1,-1,-1,1,1,-1,1,-1,-1,1,-1,1,1,1,1,-1,0.008897085674107075
1,-1,1,-1,-1,-1,-1,1,1,-1,1,-1,-1,1,1,-1,1,1,1,1,0.008212165907025337
1,-1,1,-1,-1,-1,-1,1,1,-1,1,1,-1,1,-1,-1,1,1,-1,1,0.00865517370402813
1,-1,1,-1,-1,-1,-1,1,1,-1,1,1,1,-1,-1,-1,1,-1,1,-1,0.008420443162322044
1,-1,1,-1,-1,-1,-1,1,1,-1,1,1,1,-1,-1,1,-1,-1,-1,1,0.00798201747238636
1,-1,1,-1,-1,-1,-1,1,1,-1,1,1,1,-1,1,1,-1,1,-1,1,0.00818820483982563
1,-1,1,-1,-1,-1,-1,1,1,-1,1,1,1,1,-1,1,-1,1,-1,1,0.007840447127819061
1,-1,1,-1,-1,-1,-1,1,1,1,-1,1,-1,-1,-1,1,1,1,-1,-1,0.009452762082219124
1,-1,1,-1,-1,-1,-1,1,1,1,-1,1,-1,1,-1,-1,1,1,1,-1,0.008293849416077137
1,-1,1,-1,-1,-1,-1,1,1,1,-1,1,1,-1,1,-1,1,-1,1,1,0.007599362637847662
1,-1,1,-1,-1,-1,-1,1,1,1,1,-1,-1,-1,-1,-1,1,-1,1,-1,0.009290711022913456
1,-1,1,-1,-1,-1,-1,1,1,1,1,-1,-1,-1,-1,-1,1,1,-1,1,0.00985040981322527
1,-1,1,-1,-1,-1,-1,1,1,1,1,-1,-1,1,-1,-1,-1,1,-1,-1,0.008970502763986588
1,-1,1,-1,-1,-1,-1,1,1,1,1,-1,-1,1,-1,1,-1,1,1,1,0.008225764147937298
1,-1,1,-1,-1,-1,-1,1,1,1,1,-1,1,-1,1,-1,1,-1,-1,-1,0.009298320859670639
1,-1,1,-1,-1,-1,-1,1,1,1,1,-1,1,-1,1,1,-1,1,-1,1,0.008808407001197338
1,-1,1,-1,-1,-1,-1,1,1,1,1,1,-1,-1,1,-1,1,-1,1,1,0.008435500785708427
1,-1,1,-1,-1,-1,-1,1,1,1,1,1,-1,1,1,1,1,-1,-1,-1,0.008803061209619045
1,-1,1,-1,-1,-1,1,-1,-1,-1,-1,-1,1,-1,1,-1,-1,1,1,-1,0.008444888517260551
1,-1,1,-1,-1,-1,1,-1,-1,-1,-1,1,-1,-1,1,-1,1,-1,-1,1,0.008782096207141876
1,-1,1,-1,-1,-1,1,-1,-1,-1,-1,1,-1,1,-1,1,-1,1,1,1,0.007818189449608326
1,-1,1,-1,-1,-1,1,-1,-1,-1,-1,1,-1,1,1,-1,1,1,1,1,0.008155575022101402
1,-1,1,-1,-1,-1,1,-1,-1,-1,-1,1,-1,1,1,1,1,-1,1,1,0.00782103929668665
1,-1,1,-1,-1,-1,1,-1,-1,-1,-1,1,1,-1,-1,1,1,1,-1,-1,0.009650413878262043
1,-1,1,-1,-1,-1,1,-1,-1,-1,1,1,-1,-1,1,1,1,-1,1,1,0.008982145227491856
1,-1,1,-1,-1,-1,1,-1,-1,-1,1,1,-1,1,-1,-1,-1,1,-1,-1,0.00914900004863739
1,-1,1,-1,-1,-1,1,-1,-1,-1,1,1,-1,1,-1,1,1,-1,-1,-1,0.009478054009377956
1,-1,1,-1,-1,-1,1,-1,-1,1,-1,1,-1,-1,-1,-1,-1,1,1,1,0.00864527840167284
1,-1,1,-1,-1,-1,1,-1,-1,1,-1,1,-1,1,-1,-1,-1,1,-1,1,0.008555195294320583
1,-1,1,-1,-1,-1,1,-1,-1,1,1,-1,-1,1,-1,-1,-1,-1,1,-1,0.008850788697600365
1,-1,1,-1,-1,-1,1,-1,1,-1,-1,-1,-1,-1,1,1,1,-1,-1,-1,0.009355975314974785
1,-1,1,-1,-1,-1,1,-1,1,-1,-1,-1,-1,-1,1,1,1,1,1,-1,0.009304487146437168
1,-1,1,-1,-1,-1,1,-1,1,-1,-1,-1,-1,1,-1,1,1,-1,-1,-1,0.009008217602968216
1,-1,1,-1,-1,-1,1,-1,1,-1,-1,-1,-1,1,1,1,-1,-1,1,1,0.007273685187101364
1,-1,1,-1,-1,-1,1,-1,1,-1,-1,-1,-1,1,1,1,-1,1,1,1,0.007707148790359497
1,-1,1,-1,-1,-1,1,-1,1,-1,-1,1,-1,-1,-1,-1,1,1,1,-1,0.009163616225123405
1,-1,1,-1,-1,-1,1,-1,1,-1,-1,1,-1,-1,-1,1,1,1,-1,-1,0.009747495874762535
1,-1,1,-1,-1,-1,1,-1,1,-1,-1,1,1,-1,1,1,-1,-1,1,1,0.007329434622079134
1,-1,1,-1,-1,-1,1,-1,1,-1,1,-1,-1,-1,-1,-1,-1,1,1,1,0.008996603079140186
1,-1,1,-1,-1,-1,1,-1,1,-1,1,-1,1,-1,-1,1,-1,1,1,-1,0.009204180911183357
1,-1,1,-1,-1,-1,1,-1,1,-1,1,1,-1,1,1,1,1,-1,1,-1,0.008612843230366707
1,-1,1,-1,-1,-1,1,-1,1,-1,1,1,1,-1,1,1,-1,1,1,-1,0.008707685396075249
1,-1,1,-1,-1,-1,1,-1,1,-1,1,1,1,1,-1,-1,-1,1,-1,-1,0.00874595157802105
1,-1,1,-1,-1,-1,1,-1,1,1,-1,-1,-1,-1,-1,1,-1,-1,1,-1,0.008785693906247616
1,-1,1,-1,-1,-1,1,-1,1,1,-1,-1,-1,1,-1,-1,-1,-1,-1,1,0.008237968198955059
1,-1,1,-1,-1,-1,1,-1,1,1,-1,-1,1,-1,-1,-1,1,1,1,-1,0.009533753618597984
1,-1,1,-1,-1,-1,1,-1,1,1,-1,-1,1,1,-1,1,1,-1,-1,-1,0.009109134785830975
1,-1,1,-1,-1,-1,1,-1,1,1,-1,-1,1,1,1,-1,1,-1,-1,1,0.008424215950071812
1,-1,1,-1,-1,-1,1,-1,1,1,-1,1,-1,1,1,1,1,-1,1,-1,0.008377754129469395
1,-1,1,-1,-1,-1,1,-1,1,1,-1,1,1,-1,-1,1,-1,-1,-1,1,0.008392645046114922
1,-1,1,-1,-1,-1,1,-1,1,1,-1,1,1,-1,1,1,1,1,-1,1,0.009262421168386936
1,-1,1,-1,-1,-1,1,-1,1,1,-1,1,1,1,-1,-1,1,-1,-1,-1,0.008740988560020924
1,-1,1,-1,-1,-1,1,-1,1,1,-1,1,1,1,1,1,1,1,1,1,0.00820243638008833
1,-1,1,-1,-1,-1,1,-1,1,1,1,-1,1,-1,1,1,-1,1,-1,-1,0.009812839329242706
1,-1,1,-1,-1,-1,1,-1,1,1,1,1,-1,-1,-1,1,-1,1,1,-1,0.009536011144518852
1,-1,1,-1,-1,-1,1,-1,1,1,1,1,-1,1,-1,-1,1,-1,1,-1,0.009092175401747227
1,-1,1,-1,-1,-1,1,-1,1,1,1,1,-1,1,1,1,-1,1,1,-1,0.008733700960874557
1,-1,1,-1,-1,-1,1,1,-1,-1,-1,1,-1,-1,-1,1,1,-1,-1,1,0.008859138004481792
1,-1,1,-1,-1,-1,1,1,-1,-1,-1,1,1,-1,-1,-1,-1,-1,-1,1,0.007846555672585964
1,-1,1,-1,-1,-1,1,1,-1,-1,1,1,-1,-1,-1,1,-1,1,1,-1,0.009088849648833275
1,-1,1,-1,-1,-1,1,1,-1,1,-1,-1,-1,-1,-1,-1,1,-1,1,1,0.008895461447536945
1,-1,1,-1,-1,-1,1,1,-1,1,-1,-1,1,-1,-1,1,-1,-1,1,1,0.008080734871327877
1,-1,1,-1,-1,-1,1,1,-1,1,-1,-1,1,-1,-1,1,1,-1,1,-1,0.009103039279580116
1,-1,1,-1,-1,-1,1,1,-1,1,-1,-1,1,-1,1,1,1,-1,-1,-1,0.009360714815557003
1,-1,1,-1,-1,-1,1,1,-1,1,-1,-1,1,1,1,1,1,-1,-1,1,0.008426965214312077
1,-1,1,-1,-1,-1,1,1,-1,1,-1,1,1,-1,1,-1,-1,-1,1,1,0.0074853114783763885
1,-1,1,-1,-1,-1,1,1,-1,1,1,-1,-1,-1,-1,-1,-1,-1,-1,-1,0.009661611169576645
1,-1,1,-1,-1,-1,1,1,-1,1,1,-1,1,-1,1,-1,-1,-1,1,-1,0.008699318394064903
1,-1,1,-1,-1,-1,1,1,-1,1,1,-1,1,1,-1,-1,-1,1,-1,1,0.008911259472370148
1,-1,1,-1,-1,-1,1,1,-1,1,1,1,-1,1,1,1,1,-1,-1,-1,0.009352599270641804
1,-1,1,-1,-1,-1,1,1,-1,1,1,1,1,1,-1,-1,1,-1,-1,1,0.008872166275978088
1,-1,1,-1,-1,-1,1,1,-1,1,1,1,1,1,-1,1,-1,1,1,1,0.008256018161773682
1,-1,1,-1,-1,-1,1,1,1,-1,-1,-1,1,1,1,1,1,-1,-1,-1,0.008281714282929897
1,-1,1,-1,-1,-1,1,1,1,-1,-1,1,1,-1,-1,1,-1,-1,1,-1,0.007666264660656452
1,-1,1,-1,-1,-1,1,1,1,-1,-1,1,1,1,1,1,1,-1,1,-1,0.007527544163167477
1,-1,1,-1,-1,-1,1,1,1,-1,1,-1,-1,-1,-1,1,-1,1,1,-1,0.009205085225403309
1,-1,1,-1,-1,-1,1,1,1,-1,1,-1,1,-1,1,-1,1,1,-1,-1,0.009777355939149857
1,-1,1,-1,-1,-1,1,1,1,-1,1,1,-1,-1,-1,-1,-1,-1,-1,1,0.00852970965206623
1,-1,1,-1,-1,-1,1,1,1,-1,1,1,-1,1,-1,-1,-1,1,1,1,0.007903188467025757
1,-1,1,-1,-1,-1,1,1,1,-1,1,1,1,-1,1,-1,-1,1,1,-1,0.008359596133232117
1,-1,1,-1,-1,-1,1,1,1,1,-1,-1,-1,-1,-1,1,-1,1,-1,1,0.009096231311559677
1,-1,1,-1,-1,-1,1,1,1,1,-1,-1,-1,-1,1,1,1,1,1,-1,0.009406308643519878
1,-1,1,-1,-1,-1,1,1,1,1,-1,-1,1,1,1,-1,1,1,-1,-1,0.008967232890427113
1,-1,1,-1,-1,-1,1,1,1,1,1,-1,1,1,1,-1,1,-1,1,1,0.008276175707578659
1,-1,1,-1,-1,-1,1,1,1,1,1,1,-1,-1,-1,1,1,1,-1,1,0.010076673701405525
1,-1,1,-1,-1,-1,1,1,1,1,1,1,-1,1,-1,1,-1,1,-1,-1,0.009196766652166843
1,-1,1,-1,-1,1,-1,-1,-1,-1,-1,-1,-1,1,-1,1,-1,1,-1,1,0.008443797938525677
1,-1,1,-1,-1,1,-1,-1,-1,-1,-1,-1,1,-1,1,-1,1,1,-1,-1,0.009464866481721401
1,-1,1,-1,-1,1,-1,-1,-1,-1,-1,-1,1,1,1,1,-1,1,1,1,0.007481505163013935
1,-1,1,-1,-1,1,-1,-1,-1,-1,1,-1,-1,1,-1,1,1,1,-1,-1,0.010052175261080265
1,-1,1,-1,-1,1,-1,-1,-1,-1,1,-1,1,-1,1,1,1,1,1,-1,0.009664916433393955
1,-1,1,-1,-1,1,-1,-1,-1,-1,1,1,1,-1,-1,-1,1,-1,-1,-1,0.009575532749295235
1,-1,1,-1,-1,1,-1,-1,-1,1,-1,-1,-1,-1,-1,1,-1,1,1,1,0.008884863927960396
1,-1,1,-1,-1,1,-1,-1,-1,1,-1,-1,1,-1,-1,-1,-1,-1,1,-1,0.008461122401058674
1,-1,1,-1,-1,1,-1,-1,-1,1,-1,1,1,-1,-1,1,1,1,1,1,0.009029168635606766
1,-1,1,-1,-1,1,-1,-1,-1,1,-1,1,1,-1,1,-1,-1,-1,1,1,0.007605912163853645
1,-1,1,-1,-1,1,-1,-1,-1,1,1,-1,-1,1,-1,1,-1,1,-1,-1,0.009739569388329983
1,-1,1,-1,-1,1,-1,-1,-1,1,1,-1,-1,1,1,1,-1,-1,-1,1,0.008720113895833492
1,-1,1,-1,-1,1,-1,-1,-1,1,1,-1,1,-1,-1,-1,-1,1,-1,1,0.009606894105672836
1,-1,1,-1,-1,1,-1,-1,-1,1,1,-1,1,-1,-1,-1,1,1,-1,1,0.010270482860505581
1,-1,1,-1,-1,1,-1,-1,-1,1,1,-1,1,-1,-1,1,1,1,-1,1,0.010369410738348961
1,-1,1,-1,-1,1,-1,-1,-1,1,1,-1,1,-1,1,1,1,-1,1,-1,0.009582435712218285
1,-1,1,-1,-1,1,-1,-1,-1,1,1,-1,1,1,1,1,-1,1,1,-1,0.008777276612818241
1,-1,1,-1,-1,1,-1,-1,-1,1,1,1,-1,1,-1,1,1,-1,1,-1,0.009215525351464748
1,-1,1,-1,-1,1,-1,-1,1,-1,-1,-1,-1,-1,-1,1,-1,1,-1,-1,0.009224563837051392
1,-1,1,-1,-1,1,-1,-1,1,-1,-1,-1,-1,-1,1,-1,-1,1,-1,1,0.008539644069969654
1,-1,1,-1,-1,1,-1,-1,1,-1,-1,-1,-1,1,1,1,1,1,1,-1,0.008600892499089241
1,-1,1,-1,-1,1,-1,-1,1,-1,-1,1,-1,-1,1,1,-1,-1,1,-1,0.007809654343873262
1,-1,1,-1,-1,1,-1,-1,1,-1,-1,1,-1,1,1,-1,-1,-1,-1,1,0.007261928170919418
1,-1,1,-1,-1,1,-1,-1,1,-1,1,-1,-1,-1,1,1,1,1,-1,-1,0.010246949270367622
1,-1,1,-1,-1,1,-1,-1,1,-1,1,-1,1,1,-1,1,-1,1,-1,1,0.00862682145088911
1,-1,1,-1,-1,1,-1,-1,1,-1,1,1,-1,1,-1,1,1,-1,1,1,0.00835284311324358
1,-1,1,-1,-1,1,-1,-1,1,1,-1,1,1,-1,-1,1,1,1,1,-1,0.009234900586307049
1,-1,1,-1,-1,1,-1,-1,1,1,1,-1,-1,1,1,-1,1,1,1,-1,0.009439020417630672
1,-1,1,-1,-1,1,-1,-1,1,1,1,1,-1,-1,1,-1,-1,1,-1,1,0.00920748058706522
1,-1,1,-1,-1,1,-1,-1,1,1,1,1,-1,1,-1,-1,-1,1,-1,1,0.008859722875058651
1,-1,1,-1,-1,1,-1,-1,1,1,1,1,-1,1,1,-1,1,1,-1,1,0.009296036325395107
1,-1,1,-1,-1,1,-1,-1,1,1,1,1,-1,1,1,1,-1,-1,1,1,0.007812961004674435
1,-1,1,-1,-1,1,-1,-1,1,1,1,1,1,-1,-1,1,-1,1,1,1,0.008798668161034584
1,-1,1,-1,-1,1,-1,-1,1,1,1,1,1,-1,-1,1,1,-1,-1,1,0.009513745084404945
1,-1,1,-1,-1,1,-1,-1,1,1,1,1,1,-1,1,1,-1,1,-1,-1,0.00941505841910839
1,-1,1,-1,-1,1,-1,-1,1,1,1,1,1,1,1,1,-1,-1,-1,1,0.008047846145927906
1,-1,1,-1,-1,1,-1,1,-1,-1,-1,-1,-1,-1,-1,-1,-1,1,1,1,0.008185790851712227
1,-1,1,-1,-1,1,-1,1,-1,-1,-1,-1,1,-1,1,-1,1,-1,1,1,0.007938575930893421
1,-1,1,-1,-1,1,-1,1,-1,-1,-1,1,-1,-1,-1,1,1,1,1,-1,0.009037804789841175
1,-1,1,-1,-1,1,-1,1,-1,-1,-1,1,1,1,-1,1,-1,-1,1,1,0.006756937596946955
1,-1,1,-1,-1,1,-1,1,-1,-1,-1,1,1,1,1,1,1,1,-1,1,0.008111665025353432
1,-1,1,-1,-1,1,-1,1,-1,-1,1,-1,-1,-1,1,-1,1,-1,1,-1,0.009133429266512394
1,-1,1,-1,-1,1,-1,1,-1,-1,1,-1,1,-1,-1,-1,1,-1,1,1,0.008751924149692059
1,-1,1,-1,-1,1,-1,1,-1,-1,1,-1,1,-1,1,1,1,-1,-1,-1,0.009467242285609245
1,-1,1,-1,-1,1,-1,1,-1,-1,1,-1,1,1,-1,1,-1,-1,1,-1,0.007970944046974182
1,-1,1,-1,-1,1,-1,1,-1,-1,1,1,-1,1,1,1,1,1,1,-1,0.00882156752049923
1,-1,1,-1,-1,1,-1,1,-1,-1,1,1,1,-1,1,-1,-1,1,-1,-1,0.008868969045579433
1,-1,1,-1,-1,1,-1,1,-1,1,-1,-1,-1,-1,-1,-1,1,1,1,1,0.009200363419950008
1,-1,1,-1,-1,1,-1,1,-1,1,1,-1,-1,-1,1,1,1,1,1,1,0.009658087976276875
1,-1,1,-1,-1,1,-1,1,-1,1,1,-1,1,-1,1,-1,-1,-1,-1,1,0.008696992881596088
1,-1,1,-1,-1,1,-1,1,-1,1,1,-1,1,-1,1,-1,-1,1,1,1,0.008645504713058472
1,-1,1,-1,-1,1,-1,1,-1,1,1,-1,1,1,-1,-1,1,-1,-1,1,0.009012824855744839
1,-1,1,-1,-1,1,-1,1,-1,1,1,-1,1,1,1,-1,-1,-1,1,1,0.0076370080932974815
1,-1,1,-1,-1,1,-1,1,-1,1,1,-1,1,1,1,-1,1,-1,-1,-1,0.009144263342022896
1,-1,1,-1,-1,1,-1,1,-1,1,1,1,-1,-1,-1,-1,1,-1,-1,-1,0.009927419945597649
1,-1,1,-1,-1,1,-1,1,-1,1,1,1,1,-1,1,1,-1,1,1,1,0.00847521424293518
1,-1,1,-1,-1,1,-1,1,-1,1,1,1,1,1,-1,-1,-1,-1,-1,-1,0.008438731543719769
1,-1,1,-1,-1,1,-1,1,-1,1,1,1,1,1,-1,-1,-1,-1,-1,1,0.008080015890300274
1,-1,1,-1,-1,1,-1,1,-1,1,1,1,1,1,1,-1,-1,1,-1,1,0.008286203257739544
1,-1,1,-1,-1,1,-1,1,1,-1,-1,-1,-1,-1,1,-1,1,-1,-1,1,0.008520608767867088
1,-1,1,-1,-1,1,-1,1,1,-1,-1,-1,-1,1,-1,1,-1,-1,1,-1,0.0074819540604949
1,-1,1,-1,-1,1,-1,1,1,-1,-1,-1,-1,1,1,-1,-1,1,1,-1,0.00758921355009079
1,-1,1,-1,-1,1,-1,1,1,-1,-1,-1,1,-1,1,1,1,-1,-1,1,0.008369470946490765
1,-1,1,-1,-1,1,-1,1,1,-1,-1,-1,1,1,-1,-1,1,-1,1,1,0.007437834516167641
1,-1,1,-1,-1,1,-1,1,1,-1,-1,1,1,-1,-1,-1,1,-1,-1,1,0.008228600025177002
1,-1,1,-1,-1,1,-1,1,1,-1,-1,1,1,-1,1,-1,-1,1,1,1,0.007286246865987778
1,-1,1,-1,-1,1,-1,1,1,-1,-1,1,1,-1,1,1,1,1,-1,-1,0.008892430923879147
1,-1,1,-1,-1,1,-1,1,1,-1,1,-1,-1,-1,1,-1,-1,-1,-1,1,0.008443091064691544
1,-1,1,-1,-1,1,-1,1,1,-1,1,-1,-1,1,1,-1,-1,1,-1,1,0.008301520720124245
1,-1,1,-1,-1,1,-1,1,1,-1,1,-1,1,-1,1,-1,1,-1,1,-1,0.008730379864573479
1,-1,1,-1,-1,1,-1,1,1,-1,1,-1,1,1,1,1,1,-1,-1,-1,0.008739225566387177
1,-1,1,-1,-1,1,-1,1,1,-1,1,1,1,-1,1,-1,1,-1,1,-1,0.008461160585284233
1,-1,1,-1,-1,1,-1,1,1,-1,1,1,1,-1,1,1,-1,-1,-1,-1,0.008381450548768044
1,-1,1,-1,-1,1,-1,1,1,1,-1,-1,-1,1,1,-1,-1,-1,1,-1,0.0075067332945764065
1,-1,1,-1,-1,1,-1,1,1,1,-1,-1,1,-1,1,-1,-1,1,1,-1,0.00826516468077898
1,-1,1,-1,-1,1,-1,1,1,1,-1,-1,1,1,-1,1,1,-1,-1,1,0.008372697047889233
1,-1,1,-1,-1,1,-1,1,1,1,-1,1,-1,1,1,1,-1,1,-1,-1,0.008254855871200562
1,-1,1,-1,-1,1,-1,1,1,1,-1,1,1,-1,-1,-1,1,-1,1,-1,0.008453347720205784
1,-1,1,-1,-1,1,-1,1,1,1,-1,1,1,-1,1,-1,1,1,-1,-1,0.009144485928118229
1,-1,1,-1,-1,1,-1,1,1,1,1,-1,1,-1,-1,-1,-1,1,1,-1,0.009078513830900192
1,-1,1,-1,-1,1,-1,1,1,1,1,-1,1,-1,1,1,-1,-1,1,1,0.008157986216247082
1,-1,1,-1,-1,1,-1,1,1,1,1,1,-1,1,-1,-1,-1,-1,1,1,0.007692147511988878
1,-1,1,-1,-1,1,-1,1,1,1,1,1,1,-1,-1,-1,-1,-1,-1,1,0.008502066135406494
1,-1,1,-1,-1,1,-1,1,1,1,1,1,1,1,1,-1,1,1,1,-1,0.008670574054121971
1,-1,1,-1,-1,1,1,-1,-1,-1,-1,-1,-1,-1,-1,-1,-1,-1,-1,1,0.008882995694875717
1,-1,1,-1,-1,1,1,-1,-1,-1,-1,-1,1,-1,-1,1,1,-1,-1,-1,0.009754163213074207
1,-1,1,-1,-1,1,1,-1,-1,-1,-1,-1,1,1,-1,1,1,-1,-1,-1,0.009179129265248775
1,-1,1,-1,-1,1,1,-1,-1,-1,-1,1,-1,-1,-1,-1,1,-1,1,-1,0.009151129983365536
1,-1,1,-1,-1,1,1,-1,-1,-1,1,-1,-1,-1,-1,-1,1,1,1,1,0.010081170126795769
1,-1,1,-1,-1,1,1,-1,-1,-1,1,-1,-1,-1,-1,1,1,1,1,-1,0.010538812726736069
1,-1,1,-1,-1,1,1,-1,-1,-1,1,-1,-1,-1,1,-1,1,-1,1,-1,0.009779145941138268
1,-1,1,-1,-1,1,1,-1,-1,-1,1,-1,1,1,-1,1,-1,-1,-1,-1,0.009101612493395805
1,-1,1,-1,-1,1,1,-1,-1,1,-1,-1,1,-1,1,-1,1,1,-1,1,0.009853689931333065
1,-1,1,-1,-1,1,1,-1,-1,1,-1,-1,1,1,-1,1,1,-1,1,1,0.008686445653438568
1,-1,1,-1,-1,1,1,-1,-1,1,-1,1,-1,-1,-1,-1,-1,1,-1,-1,0.009756938554346561
1,-1,1,-1,-1,1,1,-1,-1,1,-1,1,1,-1,1,-1,1,1,1,1,0.009099519811570644
1,-1,1,-1,-1,1,1,-1,-1,1,-1,1,1,1,1,-1,1,1,1,-1,0.008883201517164707
1,-1,1,-1,-1,1,1,-1,-1,1,1,-1,-1,-1,1,-1,1,1,1,1,0.010204876773059368
1,-1,1,-1,-1,1,1,-1,-1,1,1,-1,1,-1,-1,1,1,1,1,1,0.010281015187501907
1,-1,1,-1,-1,1,1,-1,-1,1,1,-1,1,-1,1,1,1,-1,1,1,0.009620275348424911
1,-1,1,-1,-1,1,1,-1,-1,1,1,1,-1,-1,-1,-1,1,-1,-1,-1,0.010573136620223522
1,-1,1,-1,-1,1,1,-1,-1,1,1,1,1,-1,1,-1,-1,-1,1,-1,0.008947255089879036
1,-1,1,-1,-1,1,1,-1,1,-1,-1,-1,1,-1,1,-1,-1,1,1,-1,0.008559898473322392
1,-1,1,-1,-1,1,1,-1,1,-1,-1,1,-1,-1,-1,-1,1,1,1,-1,0.009431609883904457
1,-1,1,-1,-1,1,1,-1,1,-1,-1,1,-1,1,1,-1,1,-1,-1,1,0.008322072215378284
1,-1,1,-1,-1,1,1,-1,1,-1,-1,1,1,-1,-1,-1,1,1,1,1,0.008822829462587833
1,-1,1,-1,-1,1,1,-1,1,-1,-1,1,1,-1,1,1,-1,1,-1,1,0.008515842258930206
1,-1,1,-1,-1,1,1,-1,1,-1,-1,1,1,1,-1,-1,1,-1,-1,-1,0.008657999336719513
1,-1,1,-1,-1,1,1,-1,1,-1,-1,1,1,1,-1,1,1,-1,-1,-1,0.008756926283240318
1,-1,1,-1,-1,1,1,-1,1,-1,1,-1,1,1,-1,1,-1,-1,1,1,0.008104962296783924
1,-1,1,-1,-1,1,1,-1,1,-1,1,-1,1,1,1,-1,1,1,1,1,0.008875810541212559
1,-1,1,-1,-1,1,1,-1,1,-1,1,1,1,-1,-1,-1,-1,-1,-1,-1,0.0091555155813694
1,-1,1,-1,-1,1,1,-1,1,-1,1,1,1,-1,1,1,-1,1,-1,1,0.009101915173232555
1,-1,1,-1,-1,1,1,-1,1,1,-1,-1,1,-1,-1,-1,1,-1,-1,-1,0.009853234514594078
1,-1,1,-1,-1,1,1,-1,1,1,-1,-1,1,1,-1,-1,-1,-1,1,-1,0.008129660971462727
1,-1,1,-1,-1,1,1,-1,1,1,-1,1,1,-1,-1,1,1,1,-1,-1,0.010116406716406345
1,-1,1,-1,-1,1,1,-1,1,1,-1,1,1,1,-1,1,1,-1,-1,-1,0.009107910096645355
1,-1,1,-1,-1,1,1,-1,1,1,-1,1,1,1,1,1,1,1,-1,-1,0.00931409653276205
1,-1,1,-1,-1,1,1,-1,1,1,1,-1,1,1,1,-1,-1,1,-1,-1,0.009406871162354946
1,-1,1,-1,-1,1,1,-1,1,1,1,1,1,1,1,1,1,-1,-1,-1,0.009466705843806267
1,-1,1,-1,-1,1,1,1,-1,-1,-1,-1,-1,-1,-1,1,1,1,1,-1,0.009703579358756542
1,-1,1,-1,-1,1,1,1,-1,-1,-1,-1,1,1,-1,-1,-1,-1,1,-1,0.007682499475777149
1,-1,1,-1,-1,1,1,1,-1,-1,-1,1,-1,-1,1,-1,-1,-1,-1,1,0.008137338794767857
1,-1,1,-1,-1,1,1,1,-1,-1,-1,1,-1,-1,1,1,1,1,1,-1,0.009207083843648434
1,-1,1,-1,-1,1,1,1,-1,-1,1,-1,-1,1,1,-1,-1,-1,1,1,0.00793264526873827
1,-1,1,-1,-1,1,1,1,-1,-1,1,-1,-1,1,1,-1,-1,1,-1,-1,0.009209775365889072
1,-1,1,-1,-1,1,1,1,-1,-1,1,-1,1,1,1,-1,-1,-1,1,-1,0.00804129522293806
1,-1,1,-1,-1,1,1,1,-1,-1,1,1,-1,-1,1,1,-1,-1,1,1,0.008337387815117836
1,-1,1,-1,-1,1,1,1,-1,-1,1,1,-1,-1,1,1,1,-1,1,1,0.009000977501273155
1,-1,1,-1,-1,1,1,1,-1,-1,1,1,1,-1,-1,-1,-1,1,1,1,0.008649134077131748
1,-1,1,-1,-1,1,1,1,-1,-1,1,1,1,-1,1,-1,-1,-1,-1,-1,0.008832060731947422
1,-1,1,-1,-1,1,1,1,-1,-1,1,1,1,-1,1,1,1,-1,-1,-1,0.009594578295946121
1,-1,1,-1,-1,1,1,1,-1,-1,1,1,1,1,1,-1,-1,-1,1,-1,0.0077720764093101025
1,-1,1,-1,-1,1,1,1,-1,-1,1,1,1,1,1,1,-1,1,-1,1,0.008430702611804008
1,-1,1,-1,-1,1,1,1,-1,1,-1,-1,1,-1,-1,-1,-1,-1,1,-1,0.008608516305685043
1,-1,1,-1,-1,1,1,1,-1,1,-1,1,1,-1,1,-1,1,-1,-1,-1,0.009260561317205429
1,-1,1,-1,-1,1,1,1,-1,1,1,-1,-1,-1,-1,1,1,1,-1,1,0.010766870342195034
1,-1,1,-1,-1,1,1,1,-1,1,1,-1,-1,-1,1,-1,1,1,-1,1,0.010440666228532791
1,-1,1,-1,-1,1,1,1,-1,1,1,-1,1,-1,-1,-1,1,1,-1,-1,0.010776592418551445
1,-1,1,-1,-1,1,1,1,-1,1,1,1,1,-1,-1,-1,-1,1,-1,-1,0.00984378345310688
1,-1,1,-1,-1,1,1,1,1,-1,-1,1,-1,1,-1,1,1,1,-1,-1,0.009191294200718403
1,-1,1,-1,-1,1,1,1,1,-1,1,-1,-1,-1,-1,-1,-1,1,-1,-1,0.009859101846814156
1,-1,1,-1,-1,1,1,1,1,-1,1,-1,-1,1,-1,-1,1,-1,-1,1,0.009155478328466415
1,-1,1,-1,-1,1,1,1,1,-1,1,-1,1,1,1,-1,-1,1,-1,1,0.008448010310530663
1,-1,1,-1,-1,1,1,1,1,-1,1,1,-1,-1,-1,1,-1,-1,-1,1,0.008896632120013237
1,-1,1,-1,-1,1,1,1,1,-1,1,1,-1,1,-1,1,-1,-1,1,-1,0.008195362985134125
1,-1,1,-1,-1,1,1,1,1,-1,1,1,1,-1,1,-1,-1,-1,-1,-1,0.008679077960550785
1,-1,1,-1,-1,1,1,1,1,-1,1,1,1,-1,1,1,-1,-1,1,-1,0.00829305499792099
1,-1,1,-1,-1,1,1,1,1,-1,1,1,1,1,1,-1,1,-1,-1,-1,0.008767633698880672
1,-1,1,-1,-1,1,1,1,1,1,-1,-1,-1,1,-1,1,1,1,-1,1,0.009452780708670616
1,-1,1,-1,-1,1,1,1,1,1,-1,-1,1,-1,-1,-1,-1,-1,1,-1,0.008455532602965832
1,-1,1,-1,-1,1,1,1,1,1,-1,-1,1,1,1,1,1,1,-1,-1,0.009334154427051544
1,-1,1,-1,-1,1,1,1,1,1,1,-1,-1,-1,-1,1,-1,-1,-1,-1,0.00987554993480444
1,-1,1,-1,-1,1,1,1,1,1,1,-1,-1,1,-1,-1,1,-1,-1,1,0.009506462141871452
1,-1,1,-1,-1,1,1,1,1,1,1,-1,1,1,1,-1,-1,1,-1,-1,0.009157709777355194
1,-1,1,-1,-1,1,1,1,1,1,1,1,-1,-1,-1,1,-1,-1,1,-1,0.009121379815042019
1,-1,1,-1,-1,1,1,1,1,1,1,1,-1,-1,1,1,1,-1,1,-1,0.0095576923340559
1,-1,1,-1,-1,1,1,1,1,1,1,1,1,-1,-1,-1,1,1,-1,-1,0.010354389436542988
1,-1,1,-1,1,-1,-1,-1,-1,-1,-1,-1,-1,-1,1,1,1,-1,1,1,0.00895149726420641
1,-1,1,-1,1,-1,-1,-1,-1,-1,-1,-1,1,-1,1,-1,-1,1,-1,-1,0.00921604409813881
1,-1,1,-1,1,-1,-1,-1,-1,-1,-1,-1,1,-1,1,1,1,1,1,1,0.009134895168244839
1,-1,1,-1,1,-1,-1,-1,-1,-1,-1,-1,1,1,-1,-1,1,-1,-1,-1,0.009098412469029427
1,-1,1,-1,1,-1,-1,-1,-1,-1,-1,-1,1,1,1,1,-1,-1,1,1,0.007462808862328529
1,-1,1,-1,1,-1,-1,-1,-1,-1,-1,1,-1,1,-1,-1,-1,1,-1,-1,0.008849132806062698
1,-1,1,-1,1,-1,-1,-1,-1,-1,-1,1,-1,1,-1,-1,1,1,1,1,0.008669055998325348
1,-1,1,-1,1,-1,-1,-1,-1,-1,-1,1,1,1,1,-1,-1,1,-1,-1,0.008371791802346706
1,-1,1,-1,1,-1,-1,-1,-1,-1,1,-1,-1,1,1,1,1,1,1,1,0.009395998902618885
1,-1,1,-1,1,-1,-1,-1,-1,-1,1,-1,1,1,1,1,1,-1,-1,1,0.009197421371936798
1,-1,1,-1,1,-1,-1,-1,-1,1,-1,-1,1,-1,1,1,1,1,-1,-1,0.01032954454421997
1,-1,1,-1,1,-1,-1,-1,-1,1,-1,-1,1,1,-1,-1,1,1,-1,-1,0.009882858954370022
1,-1,1,-1,1,-1,-1,-1,-1,1,-1,1,1,-1,-1,1,1,-1,-1,-1,0.009854137897491455
1,-1,1,-1,1,-1,-1,-1,-1,1,1,-1,-1,-1,-1,1,1,-1,1,1,0.010115829296410084
1,-1,1,-1,1,-1,-1,-1,-1,1,1,-1,-1,-1,-1,1,1,1,1,-1,0.010908007621765137
1,-1,1,-1,1,-1,-1,-1,-1,1,1,-1,-1,-1,1,1,-1,-1,-1,1,0.009709914214909077
1,-1,1,-1,1,-1,-1,-1,-1,1,1,-1,-1,1,-1,-1,-1,-1,-1,-1,0.009621944278478622
1,-1,1,-1,1,-1,-1,-1,-1,1,1,-1,1,-1,-1,1,-1,-1,1,1,0.009202173911035061
1,-1,1,-1,1,-1,-1,-1,-1,1,1,-1,1,-1,1,1,1,-1,-1,-1,0.010482153855264187
1,-1,1,-1,1,-1,-1,-1,-1,1,1,1,1,-1,1,-1,-1,1,1,-1,0.0093989297747612
1,-1,1,-1,1,-1,-1,-1,-1,1,1,1,1,-1,1,1,-1,1,1,1,0.009139141999185085
1,-1,1,-1,1,-1,-1,-1,-1,1,1,1,1,1,-1,-1,1,-1,-1,1,0.009407533332705498
1,-1,1,-1,1,-1,-1,-1,-1,1,1,1,1,1,-1,1,1,1,-1,-1,0.010298640467226505
1,-1,1,-1,1,-1,-1,-1,1,-1,-1,-1,-1,-1,1,1,-1,1,-1,-1,0.009412053972482681
1,-1,1,-1,1,-1,-1,-1,1,-1,-1,-1,1,-1,1,-1,-1,-1,1,1,0.00778593122959137
1,-1,1,-1,1,-1,-1,-1,1,-1,-1,-1,1,-1,1,-1,1,-1,-1,-1,0.009293186478316784
1,-1,1,-1,1,-1,-1,-1,1,-1,-1,-1,1,1,-1,1,1,1,1,1,0.008634153753519058
1,-1,1,-1,1,-1,-1,-1,1,-1,-1,1,-1,-1,-1,1,-1,-1,1,1,0.00809298176318407
1,-1,1,-1,1,-1,-1,-1,1,-1,-1,1,-1,1,1,-1,1,1,1,1,0.008288796059787273
1,-1,1,-1,1,-1,-1,-1,1,-1,-1,1,1,1,-1,-1,-1,1,1,1,0.007602417841553688
1,-1,1,-1,1,-1,-1,-1,1,-1,-1,1,1,1,-1,-1,1,-1,-1,1,0.00831749476492405
1,-1,1,-1,1,-1,-1,-1,1,-1,1,-1,-1,1,-1,-1,-1,1,1,-1,0.009066490456461906
1,-1,1,-1,1,-1,-1,-1,1,-1,1,-1,-1,1,-1,-1,1,-1,-1,-1,0.009781567379832268
1,-1,1,-1,1,-1,-1,-1,1,-1,1,-1,1,-1,1,1,1,-1,1,1,0.009134520776569843
1,-1,1,-1,1,-1,-1,-1,1,-1,1,1,1,-1,1,1,-1,-1,-1,-1,0.009045378305017948
1,-1,1,-1,1,-1,-1,-1,1,1,-1,-1,-1,-1,-1,1,1,-1,-1,1,0.009861724451184273
1,-1,1,-1,1,-1,-1,-1,1,1,-1,-1,1,-1,-1,-1,1,1,-1,-1,0.010304909199476242
1,-1,1,-1,1,-1,-1,-1,1,1,-1,-1,1,-1,-1,1,-1,1,1,-1,0.009255297482013702
1,-1,1,-1,1,-1,-1,-1,1,1,-1,-1,1,-1,1,-1,-1,-1,1,1,0.008136914111673832
1,-1,1,-1,1,-1,-1,-1,1,1,-1,-1,1,-1,1,1,1,1,1,1,0.00933289434760809
1,-1,1,-1,1,-1,-1,-1,1,1,-1,1,-1,-1,-1,-1,1,-1,1,-1,0.009367341175675392
1,-1,1,-1,1,-1,-1,-1,1,1,-1,1,-1,-1,1,-1,-1,-1,-1,-1,0.00896142702549696
1,-1,1,-1,1,-1,-1,-1,1,1,-1,1,1,-1,1,1,-1,-1,-1,1,0.008451573550701141
1,-1,1,-1,1,-1,-1,-1,1,1,-1,1,1,1,-1,-1,1,1,-1,-1,0.00946065690368414
1,-1,1,-1,1,-1,-1,-1,1,1,-1,1,1,1,1,-1,-1,-1,-1,-1,0.008136327378451824
1,-1,1,-1,1,-1,-1,-1,1,1,1,-1,-1,1,-1,-1,-1,1,1,1,0.009058757685124874
1,-1,1,-1,1,-1,-1,-1,1,1,1,-1,1,-1,-1,1,-1,1,-1,1,0.009967604652047157
1,-1,1,-1,1,-1,-1,-1,1,1,1,-1,1,-1,1,-1,1,1,1,1,0.009820039384067059
1,-1,1,-1,1,-1,-1,-1,1,1,1,-1,1,-1,1,1,-1,-1,-1,-1,0.009665580466389656
1,-1,1,-1,1,-1,-1,-1,1,1,1,-1,1,1,-1,-1,-1,-1,-1,-1,0.009218895807862282
1,-1,1,-1,1,-1,-1,1,-1,-1,-1,-1,-1,-1,-1,-1,1,1,1,1,0.009264146909117699
1,-1,1,-1,1,-1,-1,1,-1,-1,-1,-1,-1,-1,-1,1,-1,-1,-1,-1,0.00910968892276287
1,-1,1,-1,1,-1,-1,1,-1,-1,-1,1,-1,1,-1,1,1,-1,-1,-1,0.008929025381803513
1,-1,1,-1,1,-1,-1,1,-1,-1,-1,1,-1,1,1,1,-1,-1,-1,1,0.007679444272071123
1,-1,1,-1,1,-1,-1,1,-1,-1,-1,1,-1,1,1,1,1,1,1,-1,0.008650261908769608
1,-1,1,-1,1,-1,-1,1,-1,-1,1,-1,-1,-1,1,-1,1,-1,-1,-1,0.010033146478235722
1,-1,1,-1,1,-1,-1,1,-1,-1,1,-1,-1,-1,1,-1,1,1,-1,-1,0.01046660915017128
1,-1,1,-1,1,-1,-1,1,-1,-1,1,-1,-1,1,-1,-1,1,1,1,-1,0.00963390152901411
1,-1,1,-1,1,-1,-1,1,-1,-1,1,-1,-1,1,-1,1,1,1,1,-1,0.00973282940685749
1,-1,1,-1,1,-1,-1,1,-1,-1,1,-1,1,1,-1,1,1,1,1,-1,0.009482763707637787
1,-1,1,-1,1,-1,-1,1,-1,-1,1,-1,1,1,1,-1,-1,-1,-1,1,0.008185742422938347
1,-1,1,-1,1,-1,-1,1,-1,-1,1,-1,1,1,1,-1,1,-1,-1,1,0.008849332109093666
1,-1,1,-1,1,-1,-1,1,-1,-1,1,1,1,-1,-1,-1,1,1,1,-1,0.009689650498330593
1,-1,1,-1,1,-1,-1,1,-1,-1,1,1,1,-1,1,1,-1,1,-1,1,0.009023948572576046
1,-1,1,-1,1,-1,-1,1,-1,-1,1,1,1,1,-1,-1,1,1,1,1,0.008755900897085667
1,-1,1,-1,1,-1,-1,1,-1,1,1,-1,-1,1,-1,1,-1,-1,-1,1,0.009112995117902756
1,-1,1,-1,1,-1,-1,1,-1,1,1,-1,1,-1,1,1,-1,1,-1,-1,0.010002866387367249
1,-1,1,-1,1,-1,-1,1,-1,1,1,-1,1,1,1,-1,1,-1,-1,-1,0.009559030644595623
1,-1,1,-1,1,-1,-1,1,-1,1,1,1,-1,1,-1,-1,-1,1,-1,1,0.009178311564028263
1,-1,1,-1,1,-1,-1,1,1,-1,-1,-1,-1,-1,1,-1,1,-1,1,-1,0.00880913995206356
1,-1,1,-1,1,-1,-1,1,1,-1,-1,-1,1,1,1,1,-1,1,-1,-1,0.008337792940437794
1,-1,1,-1,1,-1,-1,1,1,-1,1,-1,-1,-1,-1,1,-1,-1,-1,-1,0.009542778134346008
1,-1,1,-1,1,-1,-1,1,1,-1,1,-1,1,-1,1,1,1,-1,1,1,0.008885359391570091
1,-1,1,-1,1,-1,-1,1,1,-1,1,-1,1,1,1,-1,-1,1,1,1,0.007981271483004093
1,-1,1,-1,1,-1,-1,1,1,-1,1,1,-1,-1,1,1,1,-1,-1,1,0.009351156651973724
1,-1,1,-1,1,-1,-1,1,1,-1,1,1,-1,1,-1,-1,1,-1,1,-1,0.008778235875070095
1,-1,1,-1,1,-1,-1,1,1,-1,1,1,-1,1,1,1,1,1,1,1,0.00872463546693325
1,-1,1,-1,1,-1,-1,1,1,-1,1,1,1,-1,-1,1,1,1,1,1,0.009276879020035267
1,-1,1,-1,1,-1,-1,1,1,-1,1,1,1,-1,1,-1,-1,-1,1,-1,0.008212338201701641
1,-1,1,-1,1,-1,-1,1,1,1,-1,-1,-1,1,-1,-1,-1,-1,1,1,0.007790060713887215
1,-1,1,-1,1,-1,-1,1,1,1,-1,-1,-1,1,1,-1,1,-1,1,1,0.008226373232901096
1,-1,1,-1,1,-1,-1,1,1,1,-1,-1,-1,1,1,1,1,-1,-1,1,0.008810252882540226
1,-1,1,-1,1,-1,-1,1,1,1,-1,1,-1,-1,-1,1,1,-1,-1,1,0.0093433428555727
1,-1,1,-1,1,-1,-1,1,1,1,-1,1,-1,1,-1,-1,-1,-1,1,-1,0.007879557088017464
1,-1,1,-1,1,-1,-1,1,1,1,-1,1,-1,1,1,1,1,1,1,-1,0.008848261088132858
1,-1,1,-1,1,-1,-1,1,1,1,-1,1,1,-1,-1,1,1,1,1,-1,0.00940050557255745
1,-1,1,-1,1,-1,-1,1,1,1,1,-1,-1,-1,1,1,1,-1,1,-1,0.009845122694969177
1,-1,1,-1,1,-1,-1,1,1,1,1,-1,-1,1,-1,1,-1,-1,1,-1,0.008833776228129864
1,-1,1,-1,1,-1,-1,1,1,1,1,-1,-1,1,-1,1,1,1,-1,-1,0.010415780358016491
1,-1,1,-1,1,-1,-1,1,1,1,1,-1,-1,1,1,-1,-1,-1,-1,1,0.008633807301521301
1,-1,1,-1,1,-1,-1,1,1,1,1,1,-1,-1,1,-1,-1,1,-1,1,0.00937308557331562
1,-1,1,-1,1,-1,-1,1,1,1,1,1,-1,-1,1,1,1,-1,1,-1,0.009575904347002506
1,-1,1,-1,1,-1,-1,1,1,1,1,1,1,-1,1,1,1,1,-1,-1,0.01024425309151411
1,-1,1,-1,1,-1,1,-1,-1,-1,-1,-1,-1,1,-1,1,-1,-1,1,1,0.008336705155670643
1,-1,1,-1,1,-1,1,-1,-1,-1,-1,1,1,-1,1,-1,-1,-1,1,1,0.008066250011324883
1,-1,1,-1,1,-1,1,-1,-1,-1,-1,1,1,-1,1,-1,1,1,1,-1,0.00952201895415783
1,-1,1,-1,1,-1,1,-1,-1,-1,-1,1,1,1,1,-1,-1,1,-1,1,0.008409630507230759
1,-1,1,-1,1,-1,1,-1,-1,-1,1,-1,-1,1,1,1,1,1,-1,-1,0.010636220686137676
1,-1,1,-1,1,-1,1,-1,-1,-1,1,-1,1,-1,-1,-1,-1,1,1,-1,0.009940996766090393
1,-1,1,-1,1,-1,1,-1,-1,-1,1,1,-1,-1,1,1,-1,-1,-1,1,0.00948626734316349
1,-1,1,-1,1,-1,1,-1,-1,-1,1,1,-1,-1,1,1,1,1,1,-1,0.010457084514200687
1,-1,1,-1,1,-1,1,-1,-1,-1,1,1,-1,1,-1,1,1,1,-1,1,0.010235561989247799
1,-1,1,-1,1,-1,1,-1,-1,1,-1,-1,-1,-1,1,-1,1,1,1,1,0.010033570230007172
1,-1,1,-1,1,-1,1,-1,-1,1,-1,-1,-1,1,1,1,-1,1,-1,1,0.00937882624566555
1,-1,1,-1,1,-1,1,-1,-1,1,-1,-1,1,-1,1,1,-1,1,1,1,0.009218843653798103
1,-1,1,-1,1,-1,1,-1,-1,1,-1,-1,1,1,-1,-1,-1,-1,-1,1,0.008823646232485771
1,-1,1,-1,1,-1,1,-1,-1,1,1,-1,1,-1,-1,-1,1,-1,1,-1,0.010522106662392616
1,-1,1,-1,1,-1,1,-1,-1,1,1,-1,1,-1,-1,1,-1,1,1,-1,0.010390907526016235
1,-1,1,-1,1,-1,1,-1,-1,1,1,1,-1,-1,-1,-1,1,-1,1,1,0.01014423742890358
1,-1,1,-1,1,-1,1,-1,-1,1,1,1,-1,-1,1,1,1,-1,1,1,0.010015889070928097
1,-1,1,-1,1,-1,1,-1,1,-1,-1,-1,1,-1,-1,-1,-1,-1,-1,1,0.008894713595509529
1,-1,1,-1,1,-1,1,-1,1,-1,-1,-1,1,1,1,-1,1,1,-1,-1,0.009548171423375607
1,-1,1,-1,1,-1,1,-1,1,-1,-1,-1,1,1,1,1,1,-1,-1,1,0.008854920975863934
1,-1,1,-1,1,-1,1,-1,1,-1,-1,1,-1,-1,1,-1,-1,1,-1,1,0.009081746451556683
1,-1,1,-1,1,-1,1,-1,1,-1,-1,1,1,1,1,-1,1,1,-1,-1,0.009278952144086361
1,-1,1,-1,1,-1,1,-1,1,-1,1,-1,-1,-1,1,-1,1,1,-1,-1,0.010959343053400517
1,-1,1,-1,1,-1,1,-1,1,-1,1,1,1,-1,1,-1,1,1,-1,1,0.010081343352794647
1,-1,1,-1,1,-1,1,-1,1,1,-1,-1,-1,-1,1,1,-1,-1,-1,1,0.009367413818836212
1,-1,1,-1,1,-1,1,-1,1,1,-1,-1,-1,1,1,-1,-1,1,1,1,0.008641964755952358
1,-1,1,-1,1,-1,1,-1,1,1,-1,-1,1,-1,1,-1,1,-1,1,-1,0.009555773809552193
1,-1,1,-1,1,-1,1,-1,1,1,-1,-1,1,1,-1,-1,-1,1,1,-1,0.008977890945971012
1,-1,1,-1,1,-1,1,-1,1,1,-1,1,-1,1,-1,1,1,-1,1,-1,0.009287791326642036
1,-1,1,-1,1,-1,1,-1,1,1,1,-1,-1,1,-1,-1,-1,1,1,1,0.009455312974750996
1,-1,1,-1,1,-1,1,-1,1,1,1,-1,-1,1,1,-1,1,-1,1,-1,0.009816878475248814
1,-1,1,-1,1,-1,1,-1,1,1,1,-1,1,-1,1,-1,-1,-1,1,1,0.009119541384279728
1,-1,1,-1,1,-1,1,-1,1,1,1,-1,1,1,-1,1,-1,1,1,1,0.009304175153374672
1,-1,1,-1,1,-1,1,1,-1,-1,-1,-1,-1,-1,1,-1,1,1,1,1,0.009433425962924957
1,-1,1,-1,1,-1,1,1,-1,-1,-1,-1,-1,1,1,1,1,-1,-1,1,0.009008808061480522
1,-1,1,-1,1,-1,1,1,-1,-1,-1,-1,1,1,1,1,-1,-1,-1,-1,0.008453868329524994
1,-1,1,-1,1,-1,1,1,-1,-1,-1,1,-1,-1,1,-1,-1,-1,-1,1,0.00855210516601801
1,-1,1,-1,1,-1,1,1,-1,-1,-1,1,-1,1,1,1,-1,1,-1,-1,0.008868178352713585
1,-1,1,-1,1,-1,1,1,-1,-1,-1,1,1,-1,-1,1,1,-1,-1,1,0.009291833266615868
1,-1,1,-1,1,-1,1,1,-1,-1,-1,1,1,-1,1,1,-1,1,1,-1,0.008708195760846138
1,-1,1,-1,1,-1,1,1,-1,-1,-1,1,1,1,-1,-1,-1,1,-1,-1,0.008746461011469364
1,-1,1,-1,1,-1,1,1,-1,-1,1,-1,-1,-1,1,1,-1,1,1,1,0.009454837068915367
1,-1,1,-1,1,-1,1,1,-1,-1,1,1,1,-1,1,-1,1,-1,-1,-1,0.009910416789352894
1,-1,1,-1,1,-1,1,1,-1,1,-1,-1,-1,-1,-1,-1,-1,1,1,1,0.009348096325993538
1,-1,1,-1,1,-1,1,1,-1,1,-1,-1,-1,1,-1,1,1,1,1,-1,0.009894294664263725
1,-1,1,-1,1,-1,1,1,-1,1,-1,1,-1,1,1,-1,-1,-1,-1,1,0.008328055031597614
1,-1,1,-1,1,-1,1,1,-1,1,-1,1,-1,1,1,1,1,1,1,1,0.009039084427058697
1,-1,1,-1,1,-1,1,1,-1,1,-1,1,1,-1,1,-1,1,1,1,1,0.009265124797821045
1,-1,1,-1,1,-1,1,1,-1,1,1,-1,-1,-1,-1,-1,-1,-1,1,-1,0.009859420359134674
1,-1,1,-1,1,-1,1,1,-1,1,1,-1,-1,-1,1,-1,1,-1,1,-1,0.01029573380947113
1,-1,1,-1,1,-1,1,1,-1,1,1,-1,1,1,1,-1,-1,1,-1,1,0.009366744197905064
1,-1,1,-1,1,-1,1,1,-1,1,1,1,1,1,1,1,-1,1,1,1,0.008711501955986023
1,-1,1,-1,1,-1,1,1,1,-1,-1,-1,-1,-1,1,1,-1,1,-1,-1,0.00955944787710905
1,-1,1,-1,1,-1,1,1,1,-1,-1,-1,-1,1,-1,-1,1,1,1,1,0.008932685479521751
1,-1,1,-1,1,-1,1,1,1,-1,-1,-1,-1,1,-1,1,-1,-1,-1,1,0.008419511839747429
1,-1,1,-1,1,-1,1,1,1,-1,1,-1,-1,1,-1,-1,1,-1,1,1,0.009085293859243393
1,-1,1,-1,1,-1,1,1,1,-1,1,-1,1,-1,-1,-1,-1,-1,1,-1,0.009105388075113297
1,-1,1,-1,1,-1,1,1,1,-1,1,-1,1,-1,1,1,1,-1,1,1,0.009281913749873638
1,-1,1,-1,1,-1,1,1,1,-1,1,1,1,-1,-1,-1,-1,-1,1,1,0.008477454073727131
1,-1,1,-1,1,-1,1,1,1,-1,1,1,1,-1,1,-1,-1,1,1,1,0.008683640509843826
1,-1,1,-1,1,-1,1,1,1,-1,1,1,1,-1,1,1,1,1,1,1,0.009446158073842525
1,-1,1,-1,1,-1,1,1,1,-1,1,1,1,1,1,-1,1,1,-1,1,0.009257147088646889
1,-1,1,-1,1,-1,1,1,1,-1,1,1,1,1,1,1,-1,1,1,-1,0.008566251024603844
1,-1,1,-1,1,-1,1,1,1,1,-1,-1,-1,-1,-1,-1,1,1,1,-1,0.010217417031526566
1,-1,1,-1,1,-1,1,1,1,1,-1,-1,1,-1,1,1,-1,-1,-1,1,0.008868186734616756
1,-1,1,-1,1,-1,1,1,1,1,-1,-1,1,1,1,-1,-1,1,-1,1,0.008627688512206078
1,-1,1,-1,1,-1,1,1,1,1,-1,1,-1,-1,-1,1,1,-1,-1,1,0.009739898145198822
1,-1,1,-1,1,-1,1,1,1,1,1,-1,-1,-1,-1,1,-1,-1,1,1,0.009446649812161922
1,-1,1,-1,1,-1,1,1,1,1,1,-1,1,1,-1,-1,-1,-1,-1,1,0.009007573127746582
1,-1,1,-1,1,-1,1,1,1,1,1,-1,1,1,-1,-1,-1,1,-1,-1,0.00979975238442421
1,-1,1,-1,1,-1,1,1,1,1,1,1,-1,-1,-1,1,1,1,1,-1,0.010633198544383049
1,-1,1,-1,1,-1,1,1,1,1,1,1,-1,1,-1,-1,1,-1,-1,-1,0.010010724887251854
1,-1,1,-1,1,-1,1,1,1,1,1,1,1,-1,-1,-1,1,-1,-1,1,0.009976977482438087
1,-1,1,-1,1,1,-1,-1,-1,-1,-1,-1,-1,1,-1,1,1,-1,-1,-1,0.009715399704873562
1,-1,1,-1,1,1,-1,-1,-1,-1,-1,-1,1,-1,-1,-1,1,-1,1,-1,0.009456489235162735
1,-1,1,-1,1,1,-1,-1,-1,-1,-1,1,1,-1,-1,-1,1,-1,1,-1,0.00918726995587349
1,-1,1,-1,1,1,-1,-1,-1,-1,-1,1,1,-1,-1,1,1,-1,-1,1,0.00941243302077055
1,-1,1,-1,1,1,-1,-1,-1,-1,-1,1,1,1,-1,1,-1,1,-1,-1,0.008965989574790001
1,-1,1,-1,1,1,-1,-1,-1,-1,1,-1,-1,-1,1,1,1,1,-1,-1,0.011082693003118038
1,-1,1,-1,1,1,-1,-1,-1,-1,1,1,-1,-1,1,1,-1,-1,1,1,0.008872754871845245
1,-1,1,-1,1,1,-1,-1,-1,-1,1,1,-1,1,1,1,1,-1,1,1,0.008961310610175133
1,-1,1,-1,1,1,-1,-1,-1,1,-1,-1,-1,1,1,-1,-1,-1,1,-1,0.008591638877987862
1,-1,1,-1,1,1,-1,-1,-1,1,-1,-1,1,-1,1,-1,1,-1,-1,1,0.00970643199980259
1,-1,1,-1,1,1,-1,-1,-1,1,-1,-1,1,1,-1,1,-1,-1,-1,1,0.008794012479484081
1,-1,1,-1,1,1,-1,-1,-1,1,-1,1,1,1,-1,-1,1,1,1,-1,0.009396682493388653
1,-1,1,-1,1,1,-1,-1,-1,1,1,-1,-1,1,-1,1,1,1,-1,-1,0.011085918173193932
1,-1,1,-1,1,1,-1,-1,-1,1,1,1,-1,-1,1,-1,-1,1,1,1,0.00955827347934246
1,-1,1,-1,1,1,-1,-1,-1,1,1,1,-1,1,-1,-1,-1,-1,-1,1,0.009262003935873508
1,-1,1,-1,1,1,-1,-1,-1,1,1,1,-1,1,-1,-1,1,1,1,-1,0.010232821106910706
1,-1,1,-1,1,1,-1,-1,1,-1,-1,-1,-1,-1,1,-1,1,1,1,-1,0.009759758599102497
1,-1,1,-1,1,1,-1,-1,1,-1,-1,-1,-1,-1,1,1,1,1,1,-1,0.009858686476945877
1,-1,1,-1,1,1,-1,-1,1,-1,-1,1,-1,-1,-1,-1,1,1,1,-1,0.009717815555632114
1,-1,1,-1,1,1,-1,-1,1,-1,-1,1,1,-1,-1,-1,1,1,-1,1,0.009593985043466091
1,-1,1,-1,1,1,-1,-1,1,-1,-1,1,1,-1,1,-1,-1,-1,-1,-1,0.008628372102975845
1,-1,1,-1,1,1,-1,-1,1,-1,-1,1,1,1,-1,1,1,1,1,1,0.008632929064333439
1,-1,1,-1,1,1,-1,-1,1,-1,1,-1,-1,1,-1,1,1,1,-1,-1,0.010581951588392258
1,-1,1,-1,1,1,-1,-1,1,-1,1,1,1,-1,1,-1,-1,-1,-1,1,0.008855728432536125
1,-1,1,-1,1,1,-1,-1,1,-1,1,1,1,1,1,1,-1,-1,-1,1,0.008379623293876648
1,-1,1,-1,1,1,-1,-1,1,-1,1,1,1,1,1,1,-1,-1,1,1,0.007894672453403473
1,-1,1,-1,1,1,-1,-1,1,1,-1,-1,-1,1,-1,1,1,-1,-1,-1,0.009913399815559387
1,-1,1,-1,1,1,-1,-1,1,1,-1,1,-1,-1,-1,-1,-1,1,-1,1,0.009531444869935513
1,-1,1,-1,1,1,-1,-1,1,1,-1,1,-1,-1,-1,1,1,1,-1,1,0.010293962433934212
1,-1,1,-1,1,1,-1,-1,1,1,-1,1,1,-1,1,1,1,-1,1,1,0.008898206055164337
1,-1,1,-1,1,1,-1,-1,1,1,1,-1,-1,-1,1,-1,1,1,-1,-1,0.011181764304637909
1,-1,1,-1,1,1,-1,-1,1,1,1,-1,-1,1,1,1,-1,-1,1,-1,0.009123655967414379
1,-1,1,-1,1,1,-1,-1,1,1,1,1,-1,-1,1,-1,1,-1,1,-1,0.00999413151293993
1,-1,1,-1,1,1,-1,1,-1,-1,-1,-1,-1,-1,1,-1,-1,1,-1,-1,0.009484942071139812
1,-1,1,-1,1,1,-1,1,-1,-1,-1,-1,-1,1,1,-1,-1,1,1,1,0.008066241629421711
1,-1,1,-1,1,1,-1,1,-1,-1,-1,1,-1,1,1,-1,1,-1,1,1,0.008027148433029652
1,-1,1,-1,1,1,-1,1,-1,-1,-1,1,1,1,1,1,1,1,1,1,0.008309474214911461
1,-1,1,-1,1,1,-1,1,-1,-1,1,-1,-1,1,1,1,-1,-1,1,-1,0.008676494471728802
1,-1,1,-1,1,1,-1,1,-1,-1,1,-1,1,-1,-1,-1,1,1,1,1,0.009868147782981396
1,-1,1,-1,1,1,-1,1,-1,-1,1,1,1,1,1,1,1,-1,1,-1,0.008820799179375172
1,-1,1,-1,1,1,-1,1,-1,1,-1,-1,-1,1,1,-1,-1,1,-1,-1,0.009260891005396843
1,-1,1,-1,1,1,-1,1,-1,1,-1,1,-1,1,1,1,-1,-1,1,1,0.00781347043812275
1,-1,1,-1,1,1,-1,1,-1,1,1,1,-1,-1,-1,1,1,-1,-1,-1,0.010709107853472233
1,-1,1,-1,1,1,-1,1,-1,1,1,1,-1,1,1,1,1,1,-1,-1,0.010340262204408646
1,-1,1,-1,1,1,-1,1,-1,1,1,1,1,-1,-1,-1,1,1,1,1,0.009949911385774612
1,-1,1,-1,1,1,-1,1,1,-1,-1,-1,-1,1,-1,-1,-1,-1,1,-1,0.008065786212682724
1,-1,1,-1,1,1,-1,1,1,-1,-1,-1,1,1,1,-1,-1,-1,1,1,0.007229729555547237
1,-1,1,-1,1,1,-1,1,1,-1,-1,1,-1,-1,1,-1,1,-1,1,-1,0.008807914331555367
1,-1,1,-1,1,1,-1,1,1,-1,-1,1,-1,1,-1,-1,-1,-1,-1,-1,0.008281517773866653
1,-1,1,-1,1,1,-1,1,1,-1,-1,1,-1,1,1,1,1,1,-1,1,0.008891507051885128
1,-1,1,-1,1,1,-1,1,1,-1,-1,1,1,-1,-1,-1,-1,1,1,1,0.008196283131837845
1,-1,1,-1,1,1,-1,1,1,-1,1,-1,-1,1,1,1,-1,1,1,1,0.008598258718848228
1,-1,1,-1,1,1,-1,1,1,-1,1,-1,1,-1,-1,-1,1,-1,-1,-1,0.010125366970896721
1,-1,1,-1,1,1,-1,1,1,-1,1,-1,1,-1,1,1,1,1,-1,1,0.010071766562759876
1,-1,1,-1,1,1,-1,1,1,-1,1,1,-1,-1,-1,-1,-1,1,1,-1,0.009391136467456818
1,-1,1,-1,1,1,-1,1,1,1,-1,1,-1,-1,-1,-1,1,1,1,-1,0.009819637052714825
1,-1,1,-1,1,1,-1,1,1,1,-1,1,1,-1,-1,-1,-1,1,1,-1,0.008905982598662376
1,-1,1,-1,1,1,-1,1,1,1,-1,1,1,-1,-1,1,1,1,1,1,0.009309783577919006
1,-1,1,-1,1,1,-1,1,1,1,1,-1,1,-1,-1,1,-1,1,1,1,0.009501486085355282
1,-1,1,-1,1,1,-1,1,1,1,1,-1,1,-1,-1,1,1,1,1,-1,0.010523790493607521
1,-1,1,-1,1,1,-1,1,1,1,1,-1,1,-1,1,1,1,1,1,1,0.009937799535691738
1,-1,1,-1,1,1,-1,1,1,1,1,1,-1,-1,-1,1,1,-1,1,1,0.009712458588182926
1,-1,1,-1,1,1,-1,1,1,1,1,1,1,1,-1,-1,-1,-1,1,-1,0.00848355796188116
1,-1,1,-1,1,1,1,-1,-1,-1,-1,-1,-1,-1,-1,-1,-1,1,-1,-1,0.010357934981584549
1,-1,1,-1,1,1,1,-1,-1,-1,-1,-1,1,-1,-1,-1,-1,-1,-1,-1,0.009674405679106712
1,-1,1,-1,1,1,1,-1,-1,-1,-1,-1,1,-1,1,-1,1,-1,1,-1,0.009625768288969994
1,-1,1,-1,1,1,1,-1,-1,-1,-1,1,1,-1,1,-1,-1,1,-1,1,0.009252658113837242
1,-1,1,-1,1,1,1,-1,-1,-1,1,-1,-1,-1,-1,1,-1,-1,1,-1,0.010124520398676395
1,-1,1,-1,1,1,1,-1,-1,-1,1,-1,1,-1,1,-1,1,-1,1,1,0.009853124618530273
1,-1,1,-1,1,1,1,-1,-1,-1,1,1,-1,1,-1,-1,1,1,1,1,0.009919676929712296
1,-1,1,-1,1,1,1,-1,-1,-1,1,1,-1,1,-1,1,-1,1,1,1,0.009355016052722931
1,-1,1,-1,1,1,1,-1,-1,1,-1,-1,-1,-1,1,-1,-1,1,-1,1,0.010122925974428654
1,-1,1,-1,1,1,1,-1,-1,1,-1,-1,-1,-1,1,-1,1,-1,1,1,0.009868101216852665
1,-1,1,-1,1,1,1,-1,-1,1,-1,-1,-1,1,1,1,-1,1,1,-1,0.009520584717392921
1,-1,1,-1,1,1,1,-1,-1,1,-1,1,1,1,1,-1,1,1,-1,-1,0.010050912387669086
1,-1,1,-1,1,1,1,-1,-1,1,1,-1,1,-1,-1,1,-1,1,-1,-1,0.011143852956593037
1,-1,1,-1,1,1,1,-1,-1,1,1,1,-1,1,-1,-1,1,1,1,-1,0.010629376396536827
1,-1,1,-1,1,1,1,-1,-1,1,1,1,-1,1,1,1,1,1,1,-1,0.010501028038561344
1,-1,1,-1,1,1,1,-1,-1,1,1,1,1,-1,-1,1,1,1,-1,-1,0.01153822336345911
1,-1,1,-1,1,1,1,-1,1,-1,-1,-1,1,-1,1,-1,-1,1,-1,-1,0.00972760934382677
1,-1,1,-1,1,1,1,-1,1,-1,-1,1,-1,-1,1,1,-1,-1,1,-1,0.008888970129191875
1,-1,1,-1,1,1,1,-1,1,-1,-1,1,-1,1,-1,1,1,-1,1,1,0.008846086449921131
1,-1,1,-1,1,1,1,-1,1,-1,-1,1,1,1,1,-1,1,1,1,-1,0.009061994962394238
1,-1,1,-1,1,1,1,-1,1,-1,1,-1,-1,-1,-1,-1,-1,1,-1,1,0.010432308539748192
1,-1,1,-1,1,1,1,-1,1,-1,1,-1,-1,1,-1,-1,-1,1,1,1,0.009372323751449585
1,-1,1,-1,1,1,1,-1,1,-1,1,-1,1,1,1,1,1,-1,-1,-1,0.010067702271044254
1,-1,1,-1,1,1,1,-1,1,-1,1,1,-1,1,1,1,1,1,-1,-1,0.010482012294232845
1,-1,1,-1,1,1,1,-1,1,1,-1,-1,1,-1,-1,1,-1,1,-1,-1,0.01040479727089405
1,-1,1,-1,1,1,1,-1,1,1,-1,-1,1,-1,1,1,1,-1,1,1,0.009563980624079704
1,-1,1,-1,1,1,1,-1,1,1,-1,-1,1,1,1,-1,1,1,1,-1,0.009682197123765945
1,-1,1,-1,1,1,1,-1,1,1,-1,1,-1,1,-1,-1,-1,1,1,-1,0.009226731024682522
1,-1,1,-1,1,1,1,-1,1,1,-1,1,1,-1,1,1,-1,1,1,1,0.009064635261893272
1,-1,1,-1,1,1,1,-1,1,1,1,-1,-1,1,1,-1,-1,-1,-1,-1,0.009906233288347721
1,-1,1,-1,1,1,1,-1,1,1,1,-1,1,1,-1,-1,1,1,1,-1,0.010495546273887157
1,-1,1,-1,1,1,1,-1,1,1,1,1,-1,1,-1,-1,-1,-1,-1,1,0.009505575522780418
1,-1,1,-1,1,1,1,-1,1,1,1,1,-1,1,1,-1,1,1,1,-1,0.010249116457998753
1,-1,1,-1,1,1,1,1,-1,-1,-1,-1,-1,-1,1,-1,-1,-1,1,-1,0.008963082917034626
1,-1,1,-1,1,1,1,1,-1,-1,-1,-1,1,1,-1,1,1,-1,1,1,0.008769061416387558
1,-1,1,-1,1,1,1,1,-1,-1,1,-1,1,-1,-1,-1,-1,-1,1,-1,0.00952636543661356
1,-1,1,-1,1,1,1,1,-1,-1,1,-1,1,-1,1,1,-1,-1,-1,1,0.009524253197014332
1,-1,1,-1,1,1,1,1,-1,-1,1,-1,1,1,-1,1,-1,1,-1,-1,0.009968673810362816
1,-1,1,-1,1,1,1,1,-1,-1,1,1,-1,-1,1,-1,1,1,-1,-1,0.010861938819289207
1,-1,1,-1,1,1,1,1,-1,-1,1,1,1,-1,-1,1,-1,-1,1,-1,0.009356074035167694
1,-1,1,-1,1,1,1,1,-1,-1,1,1,1,1,1,1,1,1,-1,-1,0.010135767981410027
1,-1,1,-1,1,1,1,1,-1,1,-1,-1,-1,-1,-1,-1,-1,-1,-1,-1,0.010026292875409126
1,-1,1,-1,1,1,1,1,-1,1,-1,-1,-1,-1,1,-1,-1,1,-1,-1,0.010232480242848396
1,-1,1,-1,1,1,1,1,-1,1,-1,-1,1,-1,-1,1,1,-1,-1,1,0.010180029086768627
1,-1,1,-1,1,1,1,1,-1,1,1,-1,-1,-1,-1,-1,1,1,1,1,0.010865751653909683
1,-1,1,-1,1,1,1,1,-1,1,1,-1,1,1,-1,-1,-1,-1,1,-1,0.009302315302193165
1,-1,1,-1,1,1,1,1,-1,1,1,-1,1,1,-1,-1,1,1,-1,-1,0.010884318500757217
1,-1,1,-1,1,1,1,1,-1,1,1,1,1,1,1,-1,1,1,-1,-1,0.010387822985649109
1,-1,1,-1,1,1,1,1,1,-1,-1,-1,-1,-1,-1,-1,-1,1,1,1,0.009112123399972916
1,-1,1,-1,1,1,1,1,1,-1,-1,-1,1,1,-1,1,1,1,1,-1,0.009408256970345974
1,-1,1,-1,1,1,1,1,1,-1,-1,-1,1,1,1,1,1,1,-1,-1,0.009665931575000286
1,-1,1,-1,1,1,1,1,1,-1,-1,1,1,-1,-1,-1,1,1,1,-1,0.00961514376103878
1,-1,1,-1,1,1,1,1,1,-1,-1,1,1,1,1,-1,-1,-1,-1,-1,0.008200731128454208
1,-1,1,-1,1,1,1,1,1,-1,1,-1,1,1,1,1,-1,1,-1,1,0.009229699149727821
1,-1,1,-1,1,1,1,1,1,-1,1,1,-1,-1,-1,-1,-1,1,1,-1,0.00978769175708294
1,-1,1,-1,1,1,1,1,1,-1,1,1,-1,1,1,1,1,-1,-1,1,0.009440671652555466
1,-1,1,-1,1,1,1,1,1,-1,1,1,1,-1,1,-1,-1,1,1,1,0.008951635099947453
1,-1,1,-1,1,1,1,1,1,1,-1,-1,-1,-1,-1,1,-1,1,1,1,0.009562034159898758
1,-1,1,-1,1,1,1,1,1,1,-1,1,1,-1,-1,-1,-1,-1,-1,1,0.008995309472084045
1,-1,1,-1,1,1,1,1,1,1,1,-1,-1,1,-1,1,-1,1,1,-1,0.00993178877979517
1,-1,1,-1,1,1,1,1,1,1,1,-1,-1,1,-1,1,1,-1,1,-1,0.010161914862692356
1,-1,1,-1,1,1,1,1,1,1,1,-1,1,-1,-1,1,-1,-1,1,1,0.00946457777172327
1,-1,1,-1,1,1,1,1,1,1,1,-1,1,-1,1,-1,-1,-1,-1,1,0.009623324498534203
1,-1,1,-1,1,1,1,1,1,1,1,-1,1,-1,1,-1,1,1,-1,-1,0.011079092510044575
1,-1,1,-1,1,1,1,1,1,1,1,-1,1,1,1,-1,1,-1,-1,1,0.00971188023686409
1,-1,1,-1,1,1,1,1,1,1,1,1,-1,1,1,-1,1,1,-1,-1,0.010484905913472176
1,-1,1,-1,1,1,1,1,1,1,1,1,-1,1,1,1,-1,1,1,-1,0.009435293264687061
1,-1,1,1,-1,-1,-1,-1,-1,-1,-1,-1,-1,1,-1,-1,-1,1,-1,-1,0.008302869275212288
1,-1,1,1,-1,-1,-1,-1,-1,-1,-1,-1,1,-1,1,-1,-1,-1,-1,-1,0.007967098616063595
1,-1,1,1,-1,-1,-1,-1,-1,-1,-1,1,1,-1,-1,1,-1,-1,1,1,0.007180416956543922
1,-1,1,1,-1,-1,-1,-1,-1,-1,-1,1,1,-1,-1,1,1,1,1,1,0.0082774693146348
1,-1,1,1,-1,-1,-1,-1,-1,-1,1,1,-1,1,-1,1,-1,-1,1,1,0.007441521622240543
1,-1,1,1,-1,-1,-1,-1,-1,-1,1,1,-1,1,1,1,-1,-1,-1,1,0.0076991962268948555
1,-1,1,1,-1,-1,-1,-1,-1,-1,1,1,1,-1,1,1,1,1,-1,1,0.009121216833591461
1,-1,1,1,-1,-1,-1,-1,-1,-1,1,1,1,1,1,-1,-1,-1,-1,1,0.007350202649831772
1,-1,1,1,-1,-1,-1,-1,-1,1,-1,-1,-1,1,1,1,1,-1,1,-1,0.008270679973065853
1,-1,1,1,-1,-1,-1,-1,-1,1,-1,-1,1,1,-1,1,-1,-1,-1,-1,0.008069251663982868
1,-1,1,1,-1,-1,-1,-1,-1,1,-1,1,-1,-1,-1,1,-1,1,-1,1,0.008699879981577396
1,-1,1,1,-1,-1,-1,-1,-1,1,-1,1,1,1,-1,-1,-1,1,1,1,0.007290902081876993
1,-1,1,1,-1,-1,-1,-1,-1,1,1,-1,1,-1,-1,1,1,-1,-1,1,0.009535231627523899
1,-1,1,1,-1,-1,-1,-1,-1,1,1,1,-1,-1,-1,1,-1,1,1,-1,0.00915971677750349
1,-1,1,1,-1,-1,-1,-1,-1,1,1,1,-1,-1,1,-1,1,1,-1,-1,0.009982053190469742
1,-1,1,1,-1,-1,-1,-1,-1,1,1,1,-1,1,1,1,1,1,1,-1,0.009020996280014515
1,-1,1,1,-1,-1,-1,-1,1,-1,-1,-1,1,-1,-1,-1,-1,1,-1,1,0.008116139099001884
1,-1,1,1,-1,-1,-1,-1,1,-1,-1,1,1,-1,1,-1,-1,-1,-1,1,0.00718618044629693
1,-1,1,1,-1,-1,-1,-1,1,-1,1,1,-1,-1,-1,-1,-1,1,1,1,0.008198106661438942
1,-1,1,1,-1,-1,-1,-1,1,-1,1,1,-1,-1,1,1,1,1,-1,1,0.009218298830091953
1,-1,1,1,-1,-1,-1,-1,1,-1,1,1,-1,1,1,-1,-1,-1,1,-1,0.0073210494592785835
1,-1,1,1,-1,-1,-1,-1,1,-1,1,1,1,1,-1,1,-1,-1,-1,1,0.007523423060774803
1,-1,1,1,-1,-1,-1,-1,1,1,-1,-1,-1,1,1,-1,1,-1,1,-1,0.008018768392503262
1,-1,1,1,-1,-1,-1,-1,1,1,-1,1,1,-1,-1,-1,-1,1,1,-1,0.00807166751474142
1,-1,1,1,-1,-1,-1,-1,1,1,-1,1,1,-1,-1,-1,1,1,-1,-1,0.009220208041369915
1,-1,1,1,-1,-1,-1,-1,1,1,-1,1,1,-1,1,1,1,-1,-1,1,0.008299680426716805
1,-1,1,1,-1,-1,-1,-1,1,1,-1,1,1,1,1,1,1,-1,-1,-1,0.008083362132310867
1,-1,1,1,-1,-1,-1,-1,1,1,1,-1,1,-1,-1,-1,1,-1,1,-1,0.009157084859907627
1,-1,1,1,-1,-1,-1,-1,1,1,1,-1,1,-1,-1,1,-1,-1,-1,1,0.008718659169971943
1,-1,1,1,-1,-1,-1,-1,1,1,1,-1,1,1,-1,-1,-1,-1,-1,1,0.008044697344303131
1,-1,1,1,-1,-1,-1,-1,1,1,1,-1,1,1,-1,-1,-1,-1,1,-1,0.00791846215724945
1,-1,1,1,-1,-1,-1,-1,1,1,1,1,1,-1,-1,1,1,1,1,1,0.009061542339622974
1,-1,1,1,-1,-1,-1,-1,1,1,1,1,1,1,-1,-1,-1,1,-1,-1,0.008567657321691513
1,-1,1,1,-1,-1,-1,-1,1,1,1,1,1,1,1,-1,1,-1,-1,1,0.008211791515350342
1,-1,1,1,-1,-1,-1,1,-1,-1,-1,-1,-1,1,-1,1,1,-1,1,1,0.00753909582272172
1,-1,1,1,-1,-1,-1,1,-1,-1,-1,-1,1,-1,1,-1,1,-1,-1,1,0.008022811263799667
1,-1,1,1,-1,-1,-1,1,-1,-1,-1,-1,1,-1,1,-1,1,1,-1,-1,0.00881498958915472
1,-1,1,1,-1,-1,-1,1,-1,-1,-1,1,-1,-1,-1,1,1,1,-1,-1,0.009122040122747421
1,-1,1,1,-1,-1,-1,1,-1,-1,-1,1,1,1,-1,1,-1,1,-1,-1,0.007633351720869541
1,-1,1,1,-1,-1,-1,1,-1,-1,1,-1,-1,-1,1,1,1,-1,-1,1,0.008957876823842525
1,-1,1,1,-1,-1,-1,1,-1,-1,1,-1,-1,1,1,-1,-1,1,-1,-1,0.008412504568696022
1,-1,1,1,-1,-1,-1,1,-1,-1,1,-1,1,1,1,-1,-1,1,1,-1,0.007677488029003143
1,-1,1,1,-1,-1,-1,1,-1,-1,1,1,-1,-1,1,-1,1,-1,-1,-1,0.008948445320129395
1,-1,1,1,-1,-1,-1,1,-1,-1,1,1,-1,1,1,1,-1,-1,-1,1,0.007450034376233816
1,-1,1,1,-1,-1,-1,1,-1,-1,1,1,1,1,1,1,-1,-1,-1,-1,0.007558684330433607
1,-1,1,1,-1,-1,-1,1,-1,1,-1,-1,-1,1,1,-1,1,1,-1,1,0.00848228856921196
1,-1,1,1,-1,-1,-1,1,-1,1,-1,-1,1,-1,-1,-1,1,-1,-1,1,0.008601070381700993
1,-1,1,1,-1,-1,-1,1,-1,1,-1,1,-1,1,1,1,1,1,-1,-1,0.008670713752508163
1,-1,1,1,-1,-1,-1,1,-1,1,-1,1,1,-1,-1,-1,1,1,1,1,0.00828036293387413
1,-1,1,1,-1,-1,-1,1,-1,1,-1,1,1,1,-1,-1,1,1,-1,-1,0.008548996411263943
1,-1,1,1,-1,-1,-1,1,-1,1,-1,1,1,1,1,-1,1,1,1,1,0.00747805368155241
1,-1,1,1,-1,-1,-1,1,-1,1,1,-1,-1,1,-1,-1,1,-1,-1,-1,0.009220889769494534
1,-1,1,1,-1,-1,-1,1,-1,1,1,-1,1,1,-1,-1,-1,-1,1,1,0.007463568821549416
1,-1,1,1,-1,-1,-1,1,-1,1,1,1,-1,-1,-1,1,1,1,-1,1,0.009700380265712738
1,-1,1,1,-1,-1,-1,1,-1,1,1,1,-1,1,-1,-1,1,1,-1,-1,0.009385134093463421
1,-1,1,1,-1,-1,-1,1,1,-1,-1,-1,-1,-1,-1,-1,1,1,-1,-1,0.009139347821474075
1,-1,1,1,-1,-1,-1,1,1,-1,-1,-1,1,-1,1,1,1,1,1,1,0.007917268201708794
1,-1,1,1,-1,-1,-1,1,1,-1,-1,1,-1,-1,-1,-1,-1,-1,1,-1,0.007288125343620777
1,-1,1,1,-1,-1,-1,1,1,-1,-1,1,1,-1,-1,1,1,1,-1,-1,0.00871899165213108
1,-1,1,1,-1,-1,-1,1,1,-1,1,-1,-1,1,-1,-1,-1,-1,1,-1,0.007568382658064365
1,-1,1,1,-1,-1,-1,1,1,-1,1,-1,1,1,1,-1,1,-1,1,1,0.007395915221422911
1,-1,1,1,-1,-1,-1,1,1,-1,1,1,-1,1,1,1,-1,1,1,-1,0.00760427862405777
1,-1,1,1,-1,-1,-1,1,1,1,-1,-1,-1,-1,1,1,-1,-1,1,-1,0.007779979147017002
1,-1,1,1,-1,-1,-1,1,1,1,-1,-1,1,1,-1,-1,1,-1,1,1,0.007388101890683174
1,-1,1,1,-1,-1,-1,1,1,1,-1,-1,1,1,1,-1,1,-1,1,-1,0.007519541308283806
1,-1,1,1,-1,-1,-1,1,1,1,-1,1,1,-1,1,1,1,-1,-1,1,0.008050519041717052
1,-1,1,1,-1,-1,-1,1,1,1,1,-1,-1,1,-1,-1,-1,-1,-1,-1,0.008404317311942577
1,-1,1,1,-1,-1,-1,1,1,1,1,-1,-1,1,1,1,1,-1,1,1,0.008095892146229744
1,-1,1,1,-1,-1,-1,1,1,1,1,-1,1,-1,-1,1,-1,-1,-1,1,0.00846949778497219
1,-1,1,1,-1,-1,-1,1,1,1,1,-1,1,1,-1,1,-1,-1,-1,1,0.007894463837146759
1,-1,1,1,-1,-1,-1,1,1,1,1,1,1,-1,-1,-1,-1,-1,-1,-1,0.00846006628125906
1,-1,1,1,-1,-1,-1,1,1,1,1,1,1,1,1,-1,1,-1,-1,-1,0.008321345783770084
1,-1,1,1,-1,-1,1,-1,-1,-1,-1,-1,-1,1,-1,-1,-1,-1,-1,1,0.007907246239483356
1,-1,1,1,-1,-1,1,-1,-1,-1,-1,1,-1,-1,-1,-1,1,-1,1,1,0.008391698822379112
1,-1,1,1,-1,-1,1,-1,-1,-1,-1,1,-1,-1,-1,1,1,-1,1,1,0.008490626700222492
1,-1,1,1,-1,-1,1,-1,-1,-1,-1,1,-1,-1,1,-1,1,-1,1,-1,0.008523138239979744
1,-1,1,1,-1,-1,1,-1,-1,-1,-1,1,1,-1,-1,1,-1,-1,1,-1,0.007935687899589539
1,-1,1,1,-1,-1,1,-1,-1,-1,-1,1,1,1,-1,1,1,-1,1,-1,0.008024243637919426
1,-1,1,1,-1,-1,1,-1,-1,-1,1,-1,-1,-1,-1,1,-1,-1,1,1,0.008682329207658768
1,-1,1,1,-1,-1,1,-1,-1,-1,1,-1,-1,1,1,-1,1,1,1,-1,0.009236859157681465
1,-1,1,1,-1,-1,1,-1,-1,-1,1,-1,1,1,1,-1,-1,1,1,1,0.007964489050209522
1,-1,1,1,-1,-1,1,-1,-1,-1,1,1,-1,-1,1,1,-1,1,-1,1,0.009104248136281967
1,-1,1,1,-1,-1,1,-1,-1,-1,1,1,-1,1,-1,1,1,1,1,1,0.008935129269957542
1,-1,1,1,-1,-1,1,-1,-1,-1,1,1,1,1,1,1,1,-1,1,1,0.008024323731660843
1,-1,1,1,-1,-1,1,-1,-1,-1,1,1,1,1,1,1,1,1,1,-1,0.00881650298833847
1,-1,1,1,-1,-1,1,-1,-1,1,-1,-1,-1,1,1,1,1,-1,1,-1,0.008667235262691975
1,-1,1,1,-1,-1,1,-1,-1,1,-1,1,-1,1,-1,-1,1,-1,-1,1,0.008652599528431892
1,-1,1,1,-1,-1,1,-1,-1,1,-1,1,-1,1,-1,1,-1,-1,1,1,0.007602987345308065
1,-1,1,1,-1,-1,1,-1,-1,1,-1,1,1,-1,-1,1,-1,1,1,1,0.00836141873151064
1,-1,1,1,-1,-1,1,-1,-1,1,-1,1,1,-1,1,1,1,1,1,1,0.008797732181847095
1,-1,1,1,-1,-1,1,-1,-1,1,1,-1,-1,-1,-1,-1,-1,-1,1,1,0.00893438421189785
1,-1,1,1,-1,-1,1,-1,-1,1,1,-1,-1,1,-1,-1,-1,1,-1,-1,0.00963648036122322
1,-1,1,1,-1,-1,1,-1,-1,1,1,-1,1,-1,1,-1,1,-1,-1,-1,0.009964298456907272
1,-1,1,1,-1,-1,1,-1,-1,1,1,-1,1,-1,1,1,-1,-1,1,1,0.008555970154702663
1,-1,1,1,-1,-1,1,-1,-1,1,1,-1,1,1,-1,-1,-1,-1,-1,-1,0.008952951990067959
1,-1,1,1,-1,-1,1,-1,-1,1,1,-1,1,1,1,1,-1,-1,-1,1,0.008465887978672981
1,-1,1,1,-1,-1,1,-1,-1,1,1,1,1,-1,1,-1,-1,1,1,1,0.00862128660082817
1,-1,1,1,-1,-1,1,-1,-1,1,1,1,1,1,-1,1,-1,1,-1,1,0.008857408538460732
1,-1,1,1,-1,-1,1,-1,1,-1,-1,-1,-1,-1,-1,1,-1,-1,-1,1,0.008428224362432957
1,-1,1,1,-1,-1,1,-1,1,-1,-1,-1,-1,1,-1,1,-1,1,1,-1,0.008160418830811977
1,-1,1,1,-1,-1,1,-1,1,-1,-1,-1,1,-1,-1,-1,1,1,-1,1,0.00917628314346075
1,-1,1,1,-1,-1,1,-1,1,-1,-1,-1,1,-1,1,-1,1,-1,1,-1,0.008389308117330074
1,-1,1,1,-1,-1,1,-1,1,-1,-1,1,-1,1,1,-1,1,-1,-1,1,0.007921356707811356
1,-1,1,1,-1,-1,1,-1,1,-1,-1,1,1,-1,-1,1,1,1,-1,-1,0.009364708326756954
1,-1,1,1,-1,-1,1,-1,1,-1,1,-1,1,-1,1,1,-1,1,-1,-1,0.009329133667051792
1,-1,1,1,-1,-1,1,-1,1,-1,1,-1,1,1,-1,-1,1,-1,-1,1,0.008753858506679535
1,-1,1,1,-1,-1,1,-1,1,-1,1,-1,1,1,1,-1,1,-1,1,-1,0.008400347083806992
1,-1,1,1,-1,-1,1,-1,1,-1,1,1,1,-1,1,-1,-1,1,-1,-1,0.008960986509919167
1,-1,1,1,-1,-1,1,-1,1,-1,1,1,1,-1,1,-1,1,1,1,-1,0.00913962535560131
1,-1,1,1,-1,-1,1,-1,1,-1,1,1,1,-1,1,1,-1,-1,-1,-1,0.008626451715826988
1,-1,1,1,-1,-1,1,-1,1,1,-1,-1,1,1,-1,1,-1,-1,-1,1,0.007954108528792858
1,-1,1,1,-1,-1,1,-1,1,1,-1,1,-1,-1,-1,1,1,-1,-1,1,0.009173577651381493
1,-1,1,1,-1,-1,1,-1,1,1,-1,1,-1,-1,1,1,-1,-1,1,-1,0.00815647654235363
1,-1,1,1,-1,-1,1,-1,1,1,-1,1,-1,1,-1,1,-1,-1,1,1,0.007450004108250141
1,-1,1,1,-1,-1,1,-1,1,1,-1,1,1,1,1,-1,-1,1,-1,-1,0.008150864392518997
1,-1,1,1,-1,-1,1,-1,1,1,1,-1,-1,1,-1,-1,-1,-1,1,1,0.008206367492675781
1,-1,1,1,-1,-1,1,-1,1,1,1,-1,-1,1,1,1,1,-1,1,1,0.008741608820855618
1,-1,1,1,-1,-1,1,-1,1,1,1,-1,1,-1,-1,-1,1,1,-1,-1,0.010472054593265057
1,-1,1,1,-1,-1,1,-1,1,1,1,-1,1,-1,1,1,1,-1,1,1,0.009066576138138771
1,-1,1,1,-1,-1,1,-1,1,1,1,1,-1,1,1,-1,1,1,-1,-1,0.00965059082955122
1,-1,1,1,-1,-1,1,-1,1,1,1,1,1,-1,-1,1,-1,-1,-1,-1,0.009204710833728313
1,-1,1,1,-1,-1,1,-1,1,1,1,1,1,-1,-1,1,1,1,-1,1,0.009943047538399696
1,-1,1,1,-1,-1,1,-1,1,1,1,1,1,1,1,-1,-1,-1,1,1,0.007459806278347969
1,-1,1,1,-1,-1,1,1,-1,-1,-1,-1,-1,1,-1,1,-1,1,-1,1,0.008190475404262543
1,-1,1,1,-1,-1,1,1,-1,-1,-1,-1,1,-1,-1,-1,1,-1,1,-1,0.008520406670868397
1,-1,1,1,-1,-1,1,1,-1,-1,-1,-1,1,1,1,-1,-1,-1,1,-1,0.007054507732391357
1,-1,1,1,-1,-1,1,1,-1,-1,-1,1,-1,1,1,-1,1,1,-1,-1,0.008617357350885868
1,-1,1,1,-1,-1,1,1,-1,-1,-1,1,1,1,-1,-1,-1,1,1,1,0.007087312173098326
1,-1,1,1,-1,-1,1,1,-1,-1,-1,1,1,1,1,-1,-1,1,1,-1,0.0072187515906989574
1,-1,1,1,-1,-1,1,1,-1,-1,-1,1,1,1,1,1,1,-1,1,1,0.007189089898020029
1,-1,1,1,-1,-1,1,1,-1,-1,1,-1,-1,-1,1,1,-1,-1,1,-1,0.008564607240259647
1,-1,1,1,-1,-1,1,1,-1,-1,1,-1,-1,1,-1,-1,1,1,-1,1,0.009341209195554256
1,-1,1,1,-1,-1,1,1,-1,-1,1,1,-1,-1,-1,1,-1,-1,1,-1,0.008522664196789265
1,-1,1,1,-1,-1,1,1,-1,-1,1,1,-1,1,1,1,-1,1,-1,1,0.008280052803456783
1,-1,1,1,-1,-1,1,1,-1,-1,1,1,1,-1,-1,1,-1,-1,1,-1,0.008272598497569561
1,-1,1,1,-1,-1,1,1,-1,-1,1,1,1,1,-1,-1,1,1,1,-1,0.008695689961314201
1,-1,1,1,-1,-1,1,1,-1,1,-1,-1,-1,1,-1,-1,1,1,1,1,0.00862116925418377
1,-1,1,1,-1,-1,1,1,-1,1,-1,-1,-1,1,1,-1,1,1,1,1,0.008393893018364906
1,-1,1,1,-1,-1,1,1,-1,1,-1,-1,1,1,-1,1,-1,1,-1,-1,0.00865010917186737
1,-1,1,1,-1,-1,1,1,-1,1,1,-1,-1,-1,-1,-1,1,-1,-1,-1,0.010192478075623512
1,-1,1,1,-1,-1,1,1,-1,1,1,-1,-1,-1,1,-1,-1,1,-1,1,0.009376361034810543
1,-1,1,1,-1,-1,1,1,-1,1,1,-1,-1,1,-1,1,1,-1,1,-1,0.00923142209649086
1,-1,1,1,-1,-1,1,1,-1,1,1,-1,-1,1,1,-1,-1,1,1,-1,0.00867509189993143
1,-1,1,1,-1,-1,1,1,-1,1,1,-1,1,-1,1,-1,-1,1,1,1,0.008641344495117664
1,-1,1,1,-1,-1,1,1,-1,1,1,-1,1,-1,1,1,-1,-1,-1,1,0.008791759610176086
1,-1,1,1,-1,-1,1,1,-1,1,1,-1,1,1,-1,-1,-1,1,1,-1,0.00865230243653059
1,-1,1,1,-1,-1,1,1,-1,1,1,1,-1,-1,-1,-1,1,1,-1,-1,0.0103567223995924
1,-1,1,1,-1,-1,1,1,-1,1,1,1,1,-1,-1,-1,-1,-1,1,-1,0.008524653501808643
1,-1,1,1,-1,-1,1,1,-1,1,1,1,1,-1,-1,1,1,1,-1,-1,0.01020558550953865
1,-1,1,1,-1,-1,1,1,-1,1,1,1,1,1,1,1,-1,1,1,1,0.007896019145846367
1,-1,1,1,-1,-1,1,1,1,-1,-1,-1,1,-1,1,-1,-1,1,-1,1,0.008036255836486816
1,-1,1,1,-1,-1,1,1,1,-1,-1,1,-1,-1,-1,-1,1,1,1,-1,0.008781732991337776
1,-1,1,1,-1,-1,1,1,1,-1,1,1,-1,-1,1,-1,1,-1,-1,1,0.00883330125361681
1,-1,1,1,-1,-1,1,1,1,-1,1,1,-1,1,1,1,-1,-1,-1,-1,0.008052321150898933
1,-1,1,1,-1,-1,1,1,1,-1,1,1,1,-1,1,1,-1,1,-1,-1,0.008810753002762794
1,-1,1,1,-1,-1,1,1,1,-1,1,1,1,1,1,-1,1,1,1,-1,0.008315430022776127
1,-1,1,1,-1,-1,1,1,1,1,-1,-1,1,1,-1,-1,-1,1,-1,-1,0.008398197591304779
1,-1,1,1,-1,-1,1,1,1,1,-1,1,-1,-1,-1,1,-1,1,-1,-1,0.009053005836904049
1,-1,1,1,-1,-1,1,1,1,1,-1,1,-1,-1,1,-1,-1,1,-1,-1,0.008726801723241806
1,-1,1,1,-1,-1,1,1,1,1,-1,1,-1,-1,1,1,-1,1,1,1,0.007982063107192516
1,-1,1,1,-1,-1,1,1,1,1,-1,1,-1,1,-1,1,-1,-1,-1,1,0.007685793098062277
1,-1,1,1,-1,-1,1,1,1,1,-1,1,-1,1,1,1,-1,-1,-1,-1,0.007817232050001621
1,-1,1,1,-1,-1,1,1,1,1,-1,1,1,1,1,1,-1,-1,1,1,0.0067235007882118225
1,-1,1,1,-1,-1,1,1,1,1,1,-1,-1,1,1,1,-1,1,1,-1,0.0086210360750556
1,-1,1,1,-1,-1,1,1,1,1,1,-1,1,-1,-1,-1,-1,-1,1,1,0.008282173424959183
1,-1,1,1,-1,-1,1,1,1,1,1,-1,1,1,1,1,1,-1,-1,1,0.008727332577109337
1,-1,1,1,-1,-1,1,1,1,1,1,1,-1,-1,1,1,1,1,1,1,0.00923172477632761
1,-1,1,1,-1,-1,1,1,1,1,1,1,1,-1,1,1,-1,1,-1,1,0.008803021162748337
1,-1,1,1,-1,1,-1,-1,-1,-1,-1,-1,1,-1,-1,-1,1,1,-1,-1,0.009559420868754387
1,-1,1,1,-1,1,-1,-1,-1,-1,-1,-1,1,1,-1,-1,-1,1,1,1,0.007477131672203541
1,-1,1,1,-1,1,-1,-1,-1,-1,-1,-1,1,1,1,-1,-1,-1,1,-1,0.00717510748654604
1,-1,1,1,-1,1,-1,-1,-1,-1,-1,1,-1,1,1,1,-1,1,1,1,0.007329629734158516
1,-1,1,1,-1,1,-1,-1,-1,-1,-1,1,1,-1,-1,-1,1,1,-1,-1,0.009290201589465141
1,-1,1,1,-1,1,-1,-1,-1,-1,-1,1,1,1,1,1,-1,1,1,1,0.007079564034938812
1,-1,1,1,-1,1,-1,-1,-1,-1,-1,1,1,1,1,1,1,1,-1,1,0.008228104561567307
1,-1,1,1,-1,1,-1,-1,-1,-1,1,1,-1,-1,-1,1,1,-1,-1,1,0.009433088824152946
1,-1,1,1,-1,1,-1,-1,-1,-1,1,1,-1,-1,1,1,1,-1,-1,1,0.009205812588334084
1,-1,1,1,-1,1,-1,-1,-1,-1,1,1,-1,1,-1,-1,1,-1,1,1,0.00827417615801096
1,-1,1,1,-1,1,-1,-1,-1,1,-1,-1,1,1,1,1,1,1,1,-1,0.008722071535885334
1,-1,1,1,-1,1,-1,-1,-1,1,-1,1,-1,-1,-1,-1,1,-1,-1,1,0.009099071845412254
1,-1,1,1,-1,1,-1,-1,-1,1,-1,1,-1,1,1,1,1,1,1,1,0.008344202302396297
1,-1,1,1,-1,1,-1,-1,-1,1,-1,1,1,-1,-1,1,1,-1,-1,1,0.00894793402403593
1,-1,1,1,-1,1,-1,-1,-1,1,-1,1,1,1,1,-1,-1,1,-1,1,0.007816570810973644
1,-1,1,1,-1,1,-1,-1,-1,1,1,-1,-1,-1,1,1,-1,1,-1,-1,0.0099546043202281
1,-1,1,1,-1,1,-1,-1,-1,1,1,-1,-1,1,1,1,-1,1,-1,-1,0.009379571303725243
1,-1,1,1,-1,1,-1,-1,-1,1,1,-1,1,-1,-1,1,1,-1,1,1,0.009318274445831776
1,-1,1,1,-1,1,-1,-1,-1,1,1,-1,1,-1,1,1,1,1,-1,1,0.01000941265374422
1,-1,1,1,-1,1,-1,-1,-1,1,1,-1,1,1,1,1,-1,1,-1,-1,0.009129505604505539
1,-1,1,1,-1,1,-1,-1,-1,1,1,1,-1,-1,-1,-1,1,1,1,-1,0.009992372244596481
1,-1,1,1,-1,1,-1,-1,-1,1,1,1,-1,1,-1,-1,-1,-1,1,1,0.007961570285260677
1,-1,1,1,-1,1,-1,-1,-1,1,1,1,1,-1,-1,-1,1,1,-1,-1,0.010227257385849953
1,-1,1,1,-1,1,-1,-1,1,-1,-1,-1,-1,-1,-1,-1,-1,-1,1,-1,0.008074499666690826
1,-1,1,1,-1,1,-1,-1,1,-1,-1,-1,-1,-1,-1,-1,1,-1,-1,1,0.008864324539899826
1,-1,1,1,-1,1,-1,-1,1,-1,-1,-1,-1,1,-1,1,1,1,-1,-1,0.009180397726595402
1,-1,1,1,-1,1,-1,-1,1,-1,-1,-1,-1,1,1,-1,1,-1,-1,1,0.008062014356255531
1,-1,1,1,-1,1,-1,-1,1,-1,-1,-1,-1,1,1,1,-1,1,1,-1,0.007804580964148045
1,-1,1,1,-1,1,-1,-1,1,-1,-1,-1,1,-1,1,-1,1,1,-1,-1,0.009179161861538887
1,-1,1,1,-1,1,-1,-1,1,-1,-1,1,-1,1,-1,-1,1,1,1,-1,0.008327299728989601
1,-1,1,1,-1,1,-1,-1,1,-1,-1,1,-1,1,1,-1,1,1,1,1,0.007741307839751244
1,-1,1,1,-1,1,-1,-1,1,-1,-1,1,1,1,1,-1,-1,1,-1,1,0.007312603760510683
1,-1,1,1,-1,1,-1,-1,1,-1,1,-1,-1,-1,1,-1,1,1,-1,1,0.00965658389031887
1,-1,1,1,-1,1,-1,-1,1,-1,1,-1,1,-1,1,1,-1,-1,1,-1,0.008282158523797989
1,-1,1,1,-1,1,-1,-1,1,-1,1,-1,1,1,1,-1,-1,-1,-1,-1,0.008093147538602352
1,-1,1,1,-1,1,-1,-1,1,-1,1,-1,1,1,1,1,1,1,-1,1,0.00893041305243969
1,-1,1,1,-1,1,-1,-1,1,-1,1,1,-1,1,1,-1,-1,-1,1,-1,0.007589043118059635
1,-1,1,1,-1,1,-1,-1,1,1,-1,1,-1,1,-1,-1,1,-1,-1,1,0.008371055126190186
1,-1,1,1,-1,1,-1,-1,1,1,-1,1,-1,1,-1,1,-1,-1,1,1,0.007321442477405071
1,-1,1,1,-1,1,-1,-1,1,1,-1,1,1,1,-1,-1,1,1,-1,-1,0.00891316868364811
1,-1,1,1,-1,1,-1,-1,1,1,1,-1,-1,1,1,1,-1,1,1,-1,0.008741636760532856
1,-1,1,1,-1,1,-1,-1,1,1,1,-1,1,1,-1,1,1,1,-1,-1,0.00986738782376051
1,-1,1,1,-1,1,-1,-1,1,1,1,1,-1,1,1,-1,1,-1,1,1,0.008244900032877922
1,-1,1,1,-1,1,-1,-1,1,1,1,1,1,-1,-1,-1,-1,1,1,1,0.008567018434405327
1,-1,1,1,-1,1,-1,-1,1,1,1,1,1,1,-1,-1,1,1,-1,1,0.00914052501320839
1,-1,1,1,-1,1,-1,1,-1,-1,-1,-1,1,-1,-1,-1,-1,-1,-1,1,0.007854491472244263
1,-1,1,1,-1,1,-1,1,-1,-1,-1,-1,1,1,-1,1,-1,1,-1,-1,0.008170563727617264
1,-1,1,1,-1,1,-1,1,-1,-1,-1,1,-1,-1,-1,-1,1,-1,1,1,0.008013976737856865
1,-1,1,1,-1,1,-1,1,-1,-1,-1,1,-1,-1,-1,1,-1,1,1,-1,0.008241493254899979
1,-1,1,1,-1,1,-1,1,-1,-1,-1,1,-1,1,1,-1,-1,-1,1,1,0.006548076868057251
1,-1,1,1,-1,1,-1,1,-1,-1,-1,1,1,-1,-1,1,-1,-1,1,-1,0.007557964883744717
1,-1,1,1,-1,1,-1,1,-1,-1,-1,1,1,1,-1,-1,1,1,1,1,0.007622340694069862
1,-1,1,1,-1,1,-1,1,-1,-1,1,-1,-1,-1,1,-1,1,1,-1,1,0.009560405276715755
1,-1,1,1,-1,1,-1,1,-1,-1,1,-1,-1,-1,1,1,-1,1,-1,-1,0.009354460053145885
1,-1,1,1,-1,1,-1,1,-1,-1,1,-1,1,1,1,1,-1,1,-1,1,0.008170644752681255
1,-1,1,1,-1,1,-1,1,-1,-1,1,1,-1,-1,-1,1,1,-1,1,-1,0.009057692252099514
1,-1,1,1,-1,1,-1,1,-1,1,1,-1,1,-1,1,-1,-1,-1,1,-1,0.008438034914433956
1,-1,1,1,-1,1,-1,1,-1,1,1,-1,1,-1,1,1,1,-1,-1,-1,0.00968550331890583
1,-1,1,1,-1,1,-1,1,-1,1,1,-1,1,1,-1,1,1,-1,-1,-1,0.009337745606899261
1,-1,1,1,-1,1,-1,1,-1,1,1,1,-1,1,-1,1,1,1,-1,-1,0.009752055630087852
1,-1,1,1,-1,1,-1,1,-1,1,1,1,-1,1,1,1,1,1,-1,1,0.009166063740849495
1,-1,1,1,-1,1,-1,1,-1,1,1,1,1,-1,-1,-1,1,-1,1,1,0.008700965903699398
1,-1,1,1,-1,1,-1,1,-1,1,1,1,1,-1,1,-1,-1,-1,-1,1,0.008295051753520966
1,-1,1,1,-1,1,-1,1,-1,1,1,1,1,-1,1,-1,-1,-1,1,-1,0.008168816566467285
1,-1,1,1,-1,1,-1,1,-1,1,1,1,1,1,-1,-1,-1,-1,-1,-1,0.008306009694933891
1,-1,1,1,-1,1,-1,1,-1,1,1,1,1,1,1,-1,1,-1,-1,-1,0.008742323145270348
1,-1,1,1,-1,1,-1,1,-1,1,1,1,1,1,1,-1,1,1,-1,-1,0.009175785817205906
1,-1,1,1,-1,1,-1,1,1,-1,-1,-1,-1,1,1,-1,-1,1,1,-1,0.007456491235643625
1,-1,1,1,-1,1,-1,1,1,-1,-1,-1,1,-1,-1,-1,-1,1,-1,1,0.008134971372783184
1,-1,1,1,-1,1,-1,1,1,-1,1,-1,-1,-1,-1,1,-1,1,-1,-1,0.009428752586245537
1,-1,1,1,-1,1,-1,1,1,-1,1,-1,-1,-1,-1,1,1,1,1,-1,0.009607391431927681
1,-1,1,1,-1,1,-1,1,1,-1,1,-1,-1,-1,1,-1,-1,-1,1,1,0.007825418375432491
1,-1,1,1,-1,1,-1,1,1,-1,1,-1,-1,-1,1,-1,1,-1,-1,1,0.008973958902060986
1,-1,1,1,-1,1,-1,1,1,-1,1,-1,-1,1,1,1,-1,1,-1,1,0.008267726749181747
1,-1,1,1,-1,1,-1,1,1,-1,1,1,-1,-1,1,-1,-1,-1,-1,-1,0.008399865590035915
1,-1,1,1,-1,1,-1,1,1,-1,1,1,-1,-1,1,1,1,1,1,-1,0.009110895916819572
1,-1,1,1,-1,1,-1,1,1,-1,1,1,1,1,-1,1,-1,-1,1,1,0.007057304494082928
1,-1,1,1,-1,1,-1,1,1,1,-1,-1,-1,-1,-1,-1,-1,1,-1,-1,0.009094735607504845
1,-1,1,1,-1,1,-1,1,1,1,-1,1,1,1,-1,1,1,-1,-1,-1,0.00832947064191103
1,-1,1,1,-1,1,-1,1,1,1,1,-1,-1,-1,-1,-1,1,1,1,1,0.009500730782747269
1,-1,1,1,-1,1,-1,1,1,1,1,-1,1,-1,-1,1,-1,1,1,-1,0.00904471892863512
1,-1,1,1,-1,1,-1,1,1,1,1,1,-1,1,1,-1,-1,1,-1,1,0.008250563405454159
1,-1,1,1,-1,1,-1,1,1,1,1,1,1,-1,-1,1,-1,1,-1,-1,0.009260451421141624
1,-1,1,1,-1,1,-1,1,1,1,1,1,1,1,1,-1,1,-1,1,-1,0.008104388602077961
1,-1,1,1,-1,1,1,-1,-1,-1,-1,-1,-1,-1,1,-1,-1,1,-1,1,0.008956460282206535
1,-1,1,1,-1,1,1,-1,-1,-1,-1,-1,-1,-1,1,-1,1,1,1,1,0.00913509912788868
1,-1,1,1,-1,1,1,-1,-1,-1,-1,1,-1,1,-1,1,-1,1,1,1,0.0079534612596035
1,-1,1,1,-1,1,1,-1,-1,-1,-1,1,-1,1,1,1,1,1,1,1,0.008389773778617382
1,-1,1,1,-1,1,1,-1,-1,-1,-1,1,1,-1,1,-1,-1,-1,-1,-1,0.008362428285181522
1,-1,1,1,-1,1,1,-1,-1,-1,1,-1,-1,-1,-1,-1,1,-1,1,1,0.009514984674751759
1,-1,1,1,-1,1,1,-1,-1,-1,1,-1,-1,1,1,1,-1,1,-1,-1,0.009425142779946327
1,-1,1,1,-1,1,1,-1,-1,-1,1,1,1,-1,-1,1,1,1,1,1,0.009528091177344322
1,-1,1,1,-1,1,1,-1,-1,-1,1,1,1,-1,1,1,-1,-1,1,1,0.008203761652112007
1,-1,1,1,-1,1,1,-1,-1,-1,1,1,1,-1,1,1,1,-1,1,1,0.008867351338267326
1,-1,1,1,-1,1,1,-1,-1,1,-1,-1,1,-1,1,-1,-1,1,-1,-1,0.009416094049811363
1,-1,1,1,-1,1,1,-1,-1,1,-1,-1,1,1,-1,-1,1,1,-1,-1,0.009731926023960114
1,-1,1,1,-1,1,1,-1,-1,1,-1,-1,1,1,1,-1,1,-1,-1,-1,0.009071186184883118
1,-1,1,1,-1,1,1,-1,-1,1,-1,1,-1,-1,-1,1,1,-1,-1,1,0.009594555012881756
1,-1,1,1,-1,1,1,-1,-1,1,-1,1,-1,-1,-1,1,1,-1,1,-1,0.009468319825828075
1,-1,1,1,-1,1,1,-1,-1,1,-1,1,-1,1,-1,-1,-1,1,-1,-1,0.009049182757735252
1,-1,1,1,-1,1,1,-1,-1,1,-1,1,-1,1,1,-1,-1,1,-1,1,0.008463190868496895
1,-1,1,1,-1,1,1,-1,-1,1,-1,1,1,-1,-1,1,1,-1,-1,-1,0.009703204967081547
1,-1,1,1,-1,1,1,-1,-1,1,-1,1,1,-1,1,1,-1,1,1,-1,0.008760851807892323
1,-1,1,1,-1,1,1,-1,-1,1,1,-1,1,1,-1,-1,-1,-1,-1,1,0.008862229995429516
1,-1,1,1,-1,1,1,-1,-1,1,1,-1,1,1,1,-1,1,-1,1,-1,0.009172307327389717
1,-1,1,1,-1,1,1,-1,-1,1,1,1,-1,-1,-1,-1,1,-1,-1,-1,0.010440414771437645
1,-1,1,1,-1,1,1,-1,-1,1,1,1,-1,1,-1,1,1,1,1,-1,0.009912821464240551
1,-1,1,1,-1,1,1,-1,-1,1,1,1,1,-1,1,1,-1,-1,1,-1,0.008913461118936539
1,-1,1,1,-1,1,1,-1,-1,1,1,1,1,-1,1,1,-1,1,1,1,0.008988209068775177
1,-1,1,1,-1,1,1,-1,-1,1,1,1,1,1,-1,-1,-1,-1,1,-1,0.00846677552908659
1,-1,1,1,-1,1,1,-1,1,-1,-1,1,-1,-1,1,-1,-1,1,1,-1,0.008408023044466972
1,-1,1,1,-1,1,1,-1,1,-1,-1,1,1,-1,-1,-1,1,-1,-1,-1,0.009100310504436493
1,-1,1,1,-1,1,1,-1,1,-1,-1,1,1,1,1,-1,1,-1,-1,-1,0.008298000320792198
1,-1,1,1,-1,1,1,-1,1,-1,1,-1,-1,1,-1,-1,-1,-1,-1,1,0.008608329109847546
1,-1,1,1,-1,1,1,-1,1,-1,1,-1,-1,1,1,-1,-1,-1,-1,1,0.008381052874028683
1,-1,1,1,-1,1,1,-1,1,-1,1,-1,1,1,-1,1,-1,-1,1,-1,0.008330956101417542
1,-1,1,1,-1,1,1,-1,1,-1,1,1,-1,1,-1,1,-1,1,-1,1,0.008871501311659813
1,-1,1,1,-1,1,1,-1,1,1,-1,1,-1,1,1,1,-1,1,1,1,0.007924185134470463
1,-1,1,1,-1,1,1,-1,1,1,-1,1,1,1,-1,-1,1,1,-1,1,0.008951007388532162
1,-1,1,1,-1,1,1,-1,1,1,1,-1,-1,1,-1,1,-1,-1,1,1,0.008573289029300213
1,-1,1,1,-1,1,1,-1,1,1,1,1,1,1,-1,-1,1,1,1,1,0.009052129462361336
1,-1,1,1,-1,1,1,-1,1,1,1,1,1,1,1,1,1,1,-1,-1,0.009767447598278522
1,-1,1,1,-1,1,1,1,-1,-1,-1,-1,-1,1,1,1,-1,-1,1,1,0.007312778849154711
1,-1,1,1,-1,1,1,1,-1,-1,-1,-1,-1,1,1,1,1,1,1,1,0.008409831672906876
1,-1,1,1,-1,1,1,1,-1,-1,1,-1,-1,-1,1,1,1,-1,1,1,0.009137474000453949
1,-1,1,1,-1,1,1,1,-1,-1,1,1,-1,1,1,1,-1,-1,1,1,0.007629632484167814
1,-1,1,1,-1,1,1,1,-1,-1,1,1,1,1,1,1,-1,1,-1,1,0.008297980763018131
1,-1,1,1,-1,1,1,1,-1,1,-1,-1,1,1,-1,1,1,1,-1,1,0.009222976863384247
1,-1,1,1,-1,1,1,1,-1,1,-1,1,1,1,-1,-1,1,1,-1,-1,0.009213545359671116
1,-1,1,1,-1,1,1,1,-1,1,1,-1,-1,-1,1,-1,-1,-1,1,1,0.008725940249860287
1,-1,1,1,-1,1,1,1,-1,1,1,-1,1,1,-1,-1,-1,-1,1,-1,0.008486832492053509
1,-1,1,1,-1,1,1,1,-1,1,1,1,-1,-1,-1,1,-1,-1,1,-1,0.009141640737652779
1,-1,1,1,-1,1,1,1,-1,1,1,1,-1,-1,1,-1,-1,1,1,-1,0.009248900227248669
1,-1,1,1,-1,1,1,1,-1,1,1,1,1,-1,1,1,1,-1,-1,-1,0.009812839329242706
1,-1,1,1,-1,1,1,1,-1,1,1,1,1,1,1,-1,-1,-1,-1,-1,0.00847528874874115
1,-1,1,1,-1,1,1,1,1,-1,-1,-1,-1,1,-1,-1,1,1,-1,1,0.008870147168636322
1,-1,1,1,-1,1,1,1,1,-1,-1,-1,1,-1,-1,1,-1,1,-1,1,0.008630454540252686
1,-1,1,1,-1,1,1,1,1,-1,-1,1,-1,-1,-1,-1,-1,1,-1,1,0.008512373082339764
1,-1,1,1,-1,1,1,1,1,-1,-1,1,1,-1,-1,1,-1,-1,-1,-1,0.008286487311124802
1,-1,1,1,-1,1,1,1,1,-1,-1,1,1,1,-1,-1,-1,-1,1,1,0.0067688594572246075
1,-1,1,1,-1,1,1,1,1,-1,-1,1,1,1,-1,1,-1,1,1,-1,0.007659966126084328
1,-1,1,1,-1,1,1,1,1,-1,-1,1,1,1,1,1,-1,-1,1,-1,0.006999226752668619
1,-1,1,1,-1,1,1,1,1,-1,1,-1,1,-1,-1,1,1,-1,1,1,0.008961701765656471
1,-1,1,1,-1,1,1,1,1,-1,1,1,-1,-1,-1,1,-1,-1,-1,1,0.008763909339904785
1,-1,1,1,-1,1,1,1,1,-1,1,1,-1,1,1,-1,1,1,-1,1,0.008959724567830563
1,-1,1,1,-1,1,1,1,1,1,-1,-1,-1,-1,1,-1,-1,-1,-1,-1,0.00883055105805397
1,-1,1,1,-1,1,1,1,1,1,-1,-1,-1,-1,1,1,-1,-1,-1,-1,0.00892947893589735
1,-1,1,1,-1,1,1,1,1,1,-1,-1,-1,1,-1,-1,-1,1,1,-1,0.00843130610883236
1,-1,1,1,-1,1,1,1,1,1,-1,-1,-1,1,1,1,-1,1,1,-1,0.008302957750856876
1,-1,1,1,-1,1,1,1,1,1,-1,-1,1,1,1,1,-1,-1,-1,-1,0.008104379288852215
1,-1,1,1,-1,1,1,1,1,1,-1,1,1,1,1,-1,1,-1,-1,-1,0.008399821817874908
1,-1,1,1,-1,1,1,1,1,1,1,-1,1,1,1,1,1,-1,1,-1,0.008869091048836708
1,-1,1,1,-1,1,1,1,1,1,1,1,1,-1,-1,-1,-1,-1,-1,1,0.008765899576246738
1,-1,1,1,-1,1,1,1,1,1,1,1,1,1,-1,-1,-1,1,-1,-1,0.008983044885098934
1,-1,1,1,-1,1,1,1,1,1,1,1,1,1,-1,1,-1,1,1,1,0.008238306269049644
1,-1,1,1,-1,1,1,1,1,1,1,1,1,1,-1,1,1,-1,-1,-1,0.0093120988458395
1,-1,1,1,1,-1,-1,-1,-1,-1,-1,-1,1,-1,1,1,1,-1,-1,-1,0.009412376210093498
1,-1,1,1,1,-1,-1,-1,-1,-1,-1,1,1,-1,-1,-1,1,-1,1,-1,0.00878655444830656
1,-1,1,1,1,-1,-1,-1,-1,-1,-1,1,1,-1,1,1,-1,1,-1,1,0.008554315194487572
1,-1,1,1,1,-1,-1,-1,-1,-1,1,-1,-1,1,-1,-1,1,1,1,1,0.00939162541180849
1,-1,1,1,1,-1,-1,-1,-1,-1,1,-1,1,-1,-1,-1,-1,-1,1,-1,0.008978256024420261
1,-1,1,1,1,-1,-1,-1,-1,-1,1,-1,1,-1,1,1,-1,1,-1,1,0.009409606456756592
1,-1,1,1,1,-1,-1,-1,-1,-1,1,1,-1,-1,1,-1,1,1,1,-1,0.009828879497945309
1,-1,1,1,1,-1,-1,-1,-1,-1,1,1,-1,1,1,-1,-1,-1,1,-1,0.008156793192029
1,-1,1,1,1,-1,-1,-1,-1,-1,1,1,1,-1,-1,-1,1,1,-1,-1,0.010291040875017643
1,-1,1,1,1,-1,-1,-1,-1,-1,1,1,1,-1,-1,1,1,1,1,-1,0.009905017912387848
1,-1,1,1,1,-1,-1,-1,-1,-1,1,1,1,-1,1,-1,-1,-1,-1,-1,0.008966712281107903
1,-1,1,1,1,-1,-1,-1,-1,1,-1,-1,1,-1,1,1,-1,1,-1,-1,0.009533233009278774
1,-1,1,1,1,-1,-1,-1,-1,1,-1,-1,1,1,-1,1,-1,-1,1,1,0.007908346131443977
1,-1,1,1,1,-1,-1,-1,-1,1,-1,-1,1,1,1,-1,-1,-1,1,-1,0.007940856739878654
1,-1,1,1,1,-1,-1,-1,-1,1,-1,-1,1,1,1,1,-1,1,-1,-1,0.008958199992775917
1,-1,1,1,1,-1,-1,-1,-1,1,-1,-1,1,1,1,1,1,1,-1,1,0.009263073094189167
1,-1,1,1,1,-1,-1,-1,-1,1,-1,1,-1,-1,-1,1,-1,-1,-1,1,0.008949177339673042
1,-1,1,1,1,-1,-1,-1,-1,1,-1,1,-1,-1,-1,1,1,1,-1,-1,0.010404945351183414
1,-1,1,1,1,-1,-1,-1,-1,1,1,-1,-1,-1,1,1,1,-1,-1,-1,0.010599496774375439
1,-1,1,1,1,-1,-1,-1,-1,1,1,1,1,-1,1,-1,1,1,1,1,0.009571081027388573
1,-1,1,1,1,-1,-1,-1,-1,1,1,1,1,-1,1,1,1,-1,1,-1,0.009595261886715889
1,-1,1,1,1,-1,-1,-1,1,-1,-1,-1,-1,1,1,1,1,-1,-1,1,0.008575708605349064
1,-1,1,1,1,-1,-1,-1,1,-1,-1,-1,-1,1,1,1,1,-1,1,-1,0.008449473418295383
1,-1,1,1,1,-1,-1,-1,1,-1,-1,-1,1,1,1,1,1,1,1,-1,0.008632871322333813
1,-1,1,1,1,-1,-1,-1,1,-1,1,-1,-1,-1,1,1,-1,-1,-1,-1,0.00943194143474102
1,-1,1,1,1,-1,-1,-1,1,-1,1,1,1,1,1,-1,-1,1,-1,1,0.008313442580401897
1,-1,1,1,1,-1,-1,-1,1,1,-1,-1,-1,1,-1,1,-1,1,-1,1,0.008923842571675777
1,-1,1,1,1,-1,-1,-1,1,1,-1,-1,1,-1,-1,-1,-1,-1,1,-1,0.008590184152126312
1,-1,1,1,1,-1,-1,-1,1,1,-1,-1,1,-1,-1,-1,1,-1,1,-1,0.009253772906959057
1,-1,1,1,1,-1,-1,-1,1,1,-1,-1,1,-1,-1,1,-1,1,-1,-1,0.009607525542378426
1,-1,1,1,1,-1,-1,-1,1,1,-1,-1,1,-1,1,-1,1,-1,-1,1,0.009152732789516449
1,-1,1,1,1,-1,-1,-1,1,1,-1,1,-1,1,-1,1,1,-1,1,1,0.008399798534810543
1,-1,1,1,1,-1,-1,-1,1,1,-1,1,1,1,1,-1,1,1,-1,1,0.008741943165659904
1,-1,1,1,1,-1,-1,-1,1,1,1,-1,1,-1,-1,-1,1,1,1,1,0.009914593771100044
1,-1,1,1,1,-1,-1,-1,1,1,1,-1,1,-1,-1,1,-1,1,1,-1,0.0097086476162076
1,-1,1,1,1,-1,-1,-1,1,1,1,1,-1,1,1,-1,1,1,1,-1,0.009451845660805702
1,-1,1,1,1,-1,-1,-1,1,1,1,1,-1,1,1,1,1,-1,-1,-1,0.009602260775864124
1,-1,1,1,1,-1,-1,-1,1,1,1,1,1,-1,-1,1,1,1,-1,1,0.010229253210127354
1,-1,1,1,1,-1,-1,-1,1,1,1,1,1,1,-1,-1,-1,-1,-1,1,0.008458239026367664
1,-1,1,1,1,-1,-1,-1,1,1,1,1,1,1,-1,1,-1,1,1,1,0.008505679666996002
1,-1,1,1,1,-1,-1,1,-1,-1,-1,-1,1,-1,-1,1,1,-1,1,-1,0.00890553928911686
1,-1,1,1,1,-1,-1,1,-1,-1,-1,-1,1,-1,1,-1,1,-1,-1,1,0.008705571293830872
1,-1,1,1,1,-1,-1,1,-1,-1,-1,1,-1,-1,1,-1,-1,1,-1,1,0.008456291630864143
1,-1,1,1,1,-1,-1,1,-1,-1,-1,1,1,-1,1,1,-1,-1,1,1,0.007386739365756512
1,-1,1,1,1,-1,-1,1,-1,-1,1,-1,1,-1,1,-1,1,1,-1,-1,0.010083822533488274
1,-1,1,1,1,-1,-1,1,-1,-1,1,1,1,1,-1,1,-1,1,-1,-1,0.008902184665203094
1,-1,1,1,1,-1,-1,1,-1,-1,1,1,1,1,-1,1,1,-1,1,1,0.008288643322885036
1,-1,1,1,1,-1,-1,1,-1,-1,1,1,1,1,1,1,1,-1,-1,1,0.008546318858861923
1,-1,1,1,1,-1,-1,1,-1,1,-1,-1,-1,-1,-1,1,-1,-1,-1,1,0.008969234302639961
1,-1,1,1,1,-1,-1,1,-1,1,-1,-1,1,1,1,1,-1,1,-1,1,0.008350322023034096
1,-1,1,1,1,-1,-1,1,-1,1,-1,1,-1,-1,-1,1,1,1,1,-1,0.009670832194387913
1,-1,1,1,1,-1,-1,1,-1,1,-1,1,-1,-1,1,-1,-1,-1,1,-1,0.008247575722634792
1,-1,1,1,1,-1,-1,1,-1,1,-1,1,-1,1,1,1,1,1,-1,-1,0.009353473782539368
1,-1,1,1,1,-1,-1,1,-1,1,-1,1,1,-1,1,1,-1,-1,1,-1,0.008096437901258469
1,-1,1,1,1,-1,-1,1,-1,1,1,-1,-1,1,-1,-1,1,1,-1,-1,0.01033711340278387
1,-1,1,1,1,-1,-1,1,-1,1,1,-1,1,-1,1,-1,-1,-1,-1,1,0.008979037404060364
1,-1,1,1,1,-1,-1,1,-1,1,1,-1,1,-1,1,-1,-1,-1,1,-1,0.008852802217006683
1,-1,1,1,1,-1,-1,1,-1,1,1,-1,1,1,-1,-1,1,-1,-1,-1,0.009653584100306034
1,-1,1,1,1,-1,-1,1,-1,1,1,-1,1,1,1,-1,1,1,1,-1,0.009374820627272129
1,-1,1,1,1,-1,-1,1,1,-1,-1,-1,-1,-1,1,-1,-1,1,1,1,0.008087576366961002
1,-1,1,1,1,-1,-1,1,1,-1,-1,1,1,-1,1,-1,-1,-1,-1,1,0.0076197790913283825
1,-1,1,1,1,-1,-1,1,1,-1,1,-1,-1,-1,-1,-1,-1,-1,-1,1,0.008952412754297256
1,-1,1,1,1,-1,-1,1,1,-1,1,-1,1,1,-1,1,-1,-1,1,-1,0.00810000579804182
1,-1,1,1,1,-1,-1,1,1,-1,1,1,-1,-1,-1,-1,-1,-1,1,-1,0.00855695828795433
1,-1,1,1,1,-1,-1,1,1,-1,1,1,1,1,-1,-1,1,1,-1,1,0.008955146186053753
1,-1,1,1,1,-1,-1,1,1,-1,1,1,1,1,-1,-1,1,1,1,-1,0.008828910999000072
1,-1,1,1,1,-1,-1,1,1,-1,1,1,1,1,1,-1,-1,-1,1,1,0.007145866751670837
1,-1,1,1,1,-1,-1,1,1,-1,1,1,1,1,1,-1,-1,1,1,1,0.00757933035492897
1,-1,1,1,1,-1,-1,1,1,1,-1,-1,-1,-1,-1,1,1,1,-1,-1,0.010272019542753696
1,-1,1,1,1,-1,-1,1,1,1,-1,1,-1,-1,-1,-1,1,1,-1,-1,0.00990387238562107
1,-1,1,1,1,-1,-1,1,1,1,-1,1,-1,1,1,-1,1,1,1,-1,0.008616611361503601
1,-1,1,1,1,-1,-1,1,1,1,1,-1,-1,-1,-1,-1,-1,-1,1,-1,0.009177160449326038
1,-1,1,1,1,-1,-1,1,1,1,1,-1,-1,-1,-1,1,-1,-1,-1,-1,0.009761039167642593
1,-1,1,1,1,-1,-1,1,1,1,1,-1,-1,1,1,-1,1,1,1,1,0.009113186970353127
1,-1,1,1,1,-1,-1,1,1,1,1,1,-1,-1,1,1,-1,-1,-1,1,0.00890582799911499
1,-1,1,1,1,-1,-1,1,1,1,1,1,-1,1,1,1,1,-1,-1,1,0.008994383737444878
1,-1,1,1,1,-1,1,-1,-1,-1,-1,-1,-1,1,-1,1,1,-1,1,1,0.008867572993040085
1,-1,1,1,1,-1,1,-1,-1,-1,-1,-1,-1,1,1,1,1,1,1,1,0.009073760360479355
1,-1,1,1,1,-1,1,-1,-1,-1,-1,-1,1,-1,-1,-1,-1,1,-1,1,0.009348438121378422
1,-1,1,1,1,-1,1,-1,-1,-1,-1,1,1,-1,-1,-1,1,1,1,-1,0.00961657240986824
1,-1,1,1,1,-1,1,-1,-1,-1,1,-1,-1,-1,-1,-1,-1,-1,-1,1,0.009751112200319767
1,-1,1,1,1,-1,1,-1,-1,-1,1,-1,-1,1,1,-1,1,-1,1,-1,0.009486156515777111
1,-1,1,1,1,-1,1,-1,-1,1,-1,-1,-1,1,1,1,1,1,-1,-1,0.010268409736454487
1,-1,1,1,1,-1,1,-1,-1,1,-1,-1,1,-1,-1,-1,-1,1,1,-1,0.009573185816407204
1,-1,1,1,1,-1,1,-1,-1,1,-1,-1,1,1,1,-1,-1,-1,1,-1,0.00833741296082735
1,-1,1,1,1,-1,1,-1,-1,1,-1,1,-1,-1,-1,-1,-1,-1,1,1,0.008761852979660034
1,-1,1,1,1,-1,1,-1,-1,1,-1,1,-1,-1,1,1,-1,-1,1,1,0.008633504621684551
1,-1,1,1,1,-1,1,-1,-1,1,-1,1,-1,-1,1,1,1,1,-1,-1,0.010574223473668098
1,-1,1,1,1,-1,1,-1,-1,1,-1,1,-1,1,1,-1,1,-1,-1,1,0.009108083322644234
1,-1,1,1,1,-1,1,-1,-1,1,-1,1,1,-1,1,-1,-1,1,1,1,0.0087179746478796
1,-1,1,1,1,-1,1,-1,-1,1,-1,1,1,1,-1,-1,-1,1,1,-1,0.008728932589292526
1,-1,1,1,1,-1,1,-1,-1,1,1,-1,-1,1,1,-1,-1,1,1,1,0.009248297661542892
1,-1,1,1,1,-1,1,-1,-1,1,1,-1,1,-1,-1,-1,1,1,-1,1,0.010949082672595978
1,-1,1,1,1,-1,1,-1,-1,1,1,1,-1,-1,-1,-1,1,1,-1,-1,0.01128864474594593
1,-1,1,1,1,-1,1,-1,-1,1,1,1,-1,1,-1,1,1,1,-1,1,0.010453823953866959
1,-1,1,1,1,-1,1,-1,1,-1,-1,-1,-1,1,-1,-1,-1,1,-1,1,0.008870486170053482
1,-1,1,1,1,-1,1,-1,1,-1,-1,-1,1,-1,-1,-1,-1,-1,-1,1,0.008761990815401077
1,-1,1,1,1,-1,1,-1,1,-1,-1,-1,1,-1,1,-1,1,1,-1,1,0.009631767868995667
1,-1,1,1,1,-1,1,-1,1,-1,-1,-1,1,1,1,-1,-1,-1,1,-1,0.007833445444703102
1,-1,1,1,1,-1,1,-1,1,-1,-1,1,-1,-1,-1,-1,1,1,-1,-1,0.010198606178164482
1,-1,1,1,1,-1,1,-1,1,-1,1,-1,1,1,-1,1,1,-1,-1,1,0.009535547345876694
1,-1,1,1,1,-1,1,-1,1,-1,1,1,1,1,1,-1,1,-1,1,1,0.00845517311245203
1,-1,1,1,1,-1,1,-1,1,1,-1,-1,-1,1,1,1,1,1,1,1,0.009271759539842606
1,-1,1,1,1,-1,1,-1,1,1,-1,-1,1,1,-1,-1,1,-1,1,1,0.008716579526662827
1,-1,1,1,1,-1,1,-1,1,1,-1,1,-1,-1,-1,1,1,-1,-1,1,0.009856337681412697
1,-1,1,1,1,-1,1,-1,1,1,-1,1,-1,1,-1,-1,1,-1,1,1,0.008697425946593285
1,-1,1,1,1,-1,1,-1,1,1,-1,1,-1,1,-1,1,1,-1,-1,1,0.00928130466490984
1,-1,1,1,1,-1,1,-1,1,1,-1,1,-1,1,1,1,-1,-1,1,-1,0.008264203555881977
1,-1,1,1,1,-1,1,-1,1,1,1,-1,-1,-1,-1,-1,1,1,1,1,0.010561213828623295
1,-1,1,1,1,-1,1,-1,1,1,1,-1,-1,1,-1,1,1,1,1,-1,0.010443823412060738
1,-1,1,1,1,-1,1,-1,1,1,1,-1,1,-1,1,1,1,1,-1,1,0.010667751543223858
1,-1,1,1,1,-1,1,-1,1,1,1,-1,1,1,1,1,-1,-1,-1,1,0.008995665237307549
1,-1,1,1,1,-1,1,-1,1,1,1,1,1,1,-1,-1,-1,-1,-1,-1,0.009213509038090706
1,-1,1,1,1,-1,1,1,-1,-1,-1,-1,-1,1,-1,-1,-1,-1,1,-1,0.008214609697461128
1,-1,1,1,1,-1,1,1,-1,-1,-1,-1,-1,1,-1,-1,1,-1,1,-1,0.008878198452293873
1,-1,1,1,1,-1,1,1,-1,-1,-1,-1,-1,1,1,-1,-1,-1,-1,1,0.008113568648695946
1,-1,1,1,1,-1,1,1,-1,-1,-1,-1,1,1,-1,-1,-1,1,1,1,0.008039291948080063
1,-1,1,1,1,-1,1,1,-1,-1,-1,1,1,1,-1,1,1,1,1,-1,0.008891304954886436
1,-1,1,1,1,-1,1,1,-1,-1,1,-1,1,-1,1,-1,1,-1,-1,1,0.009688198566436768
1,-1,1,1,1,-1,1,1,-1,-1,1,1,-1,1,-1,-1,1,-1,-1,1,0.009321287274360657
1,-1,1,1,1,-1,1,1,-1,-1,1,1,-1,1,1,1,-1,-1,1,-1,0.008403114043176174
1,-1,1,1,1,-1,1,1,-1,-1,1,1,1,-1,1,-1,-1,-1,1,1,0.008270438760519028
1,-1,1,1,1,-1,1,1,-1,1,-1,-1,-1,-1,-1,-1,-1,-1,-1,1,0.009266861714422703
1,-1,1,1,1,-1,1,1,-1,1,-1,-1,-1,-1,1,-1,-1,1,-1,-1,0.009831763803958893
1,-1,1,1,1,-1,1,1,-1,1,-1,-1,1,-1,1,1,-1,-1,1,1,0.008403496816754341
1,-1,1,1,1,-1,1,1,-1,1,-1,-1,1,1,1,-1,1,1,-1,1,0.009311539120972157
1,-1,1,1,1,-1,1,1,-1,1,-1,1,-1,-1,1,1,-1,1,1,1,0.008817806839942932
1,-1,1,1,1,-1,1,1,-1,1,-1,1,-1,1,-1,1,1,-1,1,1,0.00870017521083355
1,-1,1,1,1,-1,1,1,-1,1,1,-1,-1,1,1,-1,-1,-1,1,1,0.008565673604607582
1,-1,1,1,1,-1,1,1,-1,1,1,-1,-1,1,1,-1,1,-1,-1,1,0.009714213199913502
1,-1,1,1,1,-1,1,1,-1,1,1,-1,-1,1,1,1,-1,1,1,1,0.00909806415438652
1,-1,1,1,1,-1,1,1,1,-1,-1,1,-1,1,1,-1,1,1,-1,1,0.00878841895610094
1,-1,1,1,1,-1,1,1,1,-1,-1,1,-1,1,1,1,-1,-1,-1,1,0.0077902935445308685
1,-1,1,1,1,-1,1,1,1,-1,-1,1,-1,1,1,1,1,-1,-1,-1,0.008812598884105682
1,-1,1,1,1,-1,1,1,1,-1,1,-1,-1,-1,1,-1,1,1,1,-1,0.010092508047819138
1,-1,1,1,1,-1,1,1,1,-1,1,-1,1,-1,-1,-1,1,-1,-1,-1,0.010121206752955914
1,-1,1,1,1,-1,1,1,1,-1,1,1,-1,-1,-1,-1,1,-1,1,-1,0.009617102332413197
1,-1,1,1,1,-1,1,1,1,-1,1,1,-1,-1,1,-1,-1,-1,-1,-1,0.00921118725091219
1,-1,1,1,1,-1,1,1,1,-1,1,1,-1,1,1,-1,-1,-1,1,-1,0.008151203393936157
1,-1,1,1,1,-1,1,1,1,-1,1,1,-1,1,1,-1,-1,1,1,1,0.008225950412452221
1,-1,1,1,1,-1,1,1,1,1,-1,-1,-1,1,-1,1,-1,-1,1,-1,0.008511536754667759
1,-1,1,1,1,-1,1,1,1,1,-1,1,-1,1,-1,1,1,1,-1,-1,0.00982432160526514
1,-1,1,1,1,-1,1,1,1,1,-1,1,-1,1,1,-1,-1,-1,1,1,0.007557398173958063
1,-1,1,1,1,-1,1,1,1,1,-1,1,1,-1,-1,1,-1,1,1,1,0.00864203367382288
1,-1,1,1,1,-1,1,1,1,1,-1,1,1,1,-1,-1,1,1,1,-1,0.008990377187728882
1,-1,1,1,1,-1,1,1,1,1,-1,1,1,1,1,1,1,-1,-1,-1,0.008913516998291016
1,-1,1,1,1,-1,1,1,1,1,1,-1,-1,-1,-1,1,-1,1,1,1,0.009747390635311604
1,-1,1,1,1,-1,1,1,1,1,1,-1,-1,1,-1,-1,1,-1,1,1,0.009303554892539978
1,-1,1,1,1,-1,1,1,1,1,1,-1,-1,1,1,-1,-1,1,-1,-1,0.009689819999039173
1,-1,1,1,1,-1,1,1,1,1,1,-1,1,-1,-1,1,-1,-1,1,1,0.009063862264156342
1,-1,1,1,1,-1,1,1,1,1,1,-1,1,1,1,-1,-1,-1,-1,-1,0.009006290696561337
1,-1,1,1,1,-1,1,1,1,1,1,1,-1,-1,-1,-1,-1,1,1,-1,0.009737959131598473
1,-1,1,1,1,-1,1,1,1,1,1,1,-1,-1,-1,-1,1,1,1,-1,0.010401548817753792
1,-1,1,1,1,-1,1,1,1,1,1,1,-1,-1,1,1,1,1,-1,-1,0.010758151300251484
1,-1,1,1,1,-1,1,1,1,1,1,1,1,-1,-1,-1,-1,-1,1,-1,0.00905443076044321
1,-1,1,1,1,-1,1,1,1,1,1,1,1,-1,1,-1,1,1,-1,-1,0.0104091577231884
1,-1,1,1,1,1,-1,-1,-1,-1,-1,-1,-1,-1,-1,-1,1,1,1,1,0.009648580104112625
1,-1,1,1,1,1,-1,-1,-1,-1,-1,-1,1,-1,-1,1,-1,-1,-1,1,0.008885340765118599
1,-1,1,1,1,1,-1,-1,-1,-1,1,-1,1,-1,-1,-1,1,-1,1,-1,0.009909839369356632
1,-1,1,1,1,1,-1,-1,-1,-1,1,1,-1,-1,-1,1,-1,1,-1,1,0.009885722771286964
1,-1,1,1,1,1,-1,-1,-1,-1,1,1,-1,1,-1,-1,1,-1,1,-1,0.009315651841461658
1,-1,1,1,1,1,-1,-1,-1,-1,1,1,1,-1,-1,1,1,-1,-1,-1,0.010224498808383942
1,-1,1,1,1,1,-1,-1,-1,-1,1,1,1,-1,1,-1,-1,1,-1,-1,0.009668169543147087
1,-1,1,1,1,1,-1,-1,-1,1,-1,-1,1,-1,1,1,-1,1,-1,1,0.009442511014640331
1,-1,1,1,1,1,-1,-1,-1,1,-1,1,-1,-1,-1,-1,1,-1,1,1,0.009296881034970284
1,-1,1,1,1,1,-1,-1,-1,1,-1,1,1,1,-1,1,1,-1,-1,1,0.009055661037564278
1,-1,1,1,1,1,-1,-1,-1,1,1,1,1,1,1,-1,-1,1,1,-1,0.008959167636930943
1,-1,1,1,1,1,-1,-1,-1,1,1,1,1,1,1,-1,1,-1,1,1,0.008830578066408634
1,-1,1,1,1,1,-1,-1,1,-1,-1,-1,-1,1,1,-1,1,-1,1,1,0.00825982354581356
1,-1,1,1,1,1,-1,-1,1,-1,-1,-1,1,1,-1,1,-1,-1,1,1,0.007672373205423355
1,-1,1,1,1,1,-1,-1,1,-1,-1,1,-1,1,1,-1,1,1,1,-1,0.008782783523201942
1,-1,1,1,1,1,-1,-1,1,-1,-1,1,1,-1,-1,-1,1,1,1,1,0.008976312354207039
1,-1,1,1,1,1,-1,-1,1,-1,-1,1,1,-1,-1,1,1,-1,1,1,0.00864177756011486
1,-1,1,1,1,1,-1,-1,1,-1,-1,1,1,1,1,-1,-1,-1,1,1,0.007076949812471867
1,-1,1,1,1,1,-1,-1,1,-1,1,-1,1,-1,1,-1,-1,1,1,1,0.008940738625824451
1,-1,1,1,1,1,-1,-1,1,-1,1,1,-1,1,-1,1,-1,1,-1,-1,0.00951642170548439
1,-1,1,1,1,1,-1,-1,1,-1,1,1,1,-1,-1,-1,1,-1,1,-1,0.00948763731867075
1,-1,1,1,1,1,-1,-1,1,-1,1,1,1,1,1,-1,-1,-1,1,1,0.007663022261112928
1,-1,1,1,1,1,-1,-1,1,1,-1,-1,1,1,-1,-1,-1,-1,-1,1,0.008409379050135612
1,-1,1,1,1,1,-1,-1,1,1,-1,-1,1,1,-1,-1,1,-1,-1,1,0.009072968736290932
1,-1,1,1,1,1,-1,-1,1,1,-1,1,-1,-1,-1,-1,-1,-1,1,-1,0.008839024230837822
1,-1,1,1,1,1,-1,-1,1,1,-1,1,-1,-1,-1,1,-1,-1,-1,1,0.009064187295734882
1,-1,1,1,1,1,-1,-1,1,1,-1,1,-1,-1,1,-1,1,1,1,-1,0.009708800353109837
1,-1,1,1,1,1,-1,-1,1,1,-1,1,-1,-1,1,1,-1,1,1,-1,0.009144139476120472
1,-1,1,1,1,1,-1,1,-1,-1,-1,-1,-1,-1,-1,1,-1,-1,-1,1,0.00888624507933855
1,-1,1,1,1,1,-1,1,-1,-1,-1,-1,-1,-1,1,1,1,1,1,-1,0.009629786014556885
1,-1,1,1,1,1,-1,1,-1,-1,-1,-1,-1,1,1,-1,1,-1,-1,-1,0.00900731235742569
1,-1,1,1,1,1,-1,1,-1,-1,-1,1,-1,-1,-1,1,-1,-1,1,1,0.00813207495957613
1,-1,1,1,1,1,-1,1,-1,-1,-1,1,-1,1,-1,1,1,-1,-1,1,0.008705581538379192
1,-1,1,1,1,1,-1,1,-1,-1,1,-1,1,1,-1,-1,1,-1,-1,-1,0.009570594877004623
1,-1,1,1,1,1,-1,1,-1,-1,1,-1,1,1,1,1,-1,-1,1,1,0.007934991270303726
1,-1,1,1,1,1,-1,1,-1,-1,1,1,-1,-1,-1,-1,1,1,1,-1,0.010074988007545471
1,-1,1,1,1,1,-1,1,-1,-1,1,1,-1,1,-1,-1,-1,-1,1,-1,0.008402901701629162
1,-1,1,1,1,1,-1,1,-1,-1,1,1,1,1,-1,-1,-1,1,1,-1,0.008586298674345016
1,-1,1,1,1,1,-1,1,-1,1,-1,-1,-1,1,-1,-1,1,-1,1,1,0.008741904981434345
1,-1,1,1,1,1,-1,1,-1,1,-1,-1,1,-1,1,1,1,-1,-1,1,0.009423475712537766
1,-1,1,1,1,1,-1,1,-1,1,-1,-1,1,1,-1,-1,-1,-1,1,1,0.007828250527381897
1,-1,1,1,1,1,-1,1,-1,1,-1,1,-1,-1,-1,1,1,1,1,1,0.009580111131072044
1,-1,1,1,1,1,-1,1,-1,1,-1,1,1,-1,1,1,-1,-1,-1,-1,0.008849382400512695
1,-1,1,1,1,1,-1,1,-1,1,-1,1,1,1,-1,1,1,1,1,-1,0.009113727137446404
1,-1,1,1,1,1,-1,1,-1,1,1,-1,-1,-1,1,1,-1,1,-1,-1,0.010388202965259552
1,-1,1,1,1,1,-1,1,-1,1,1,-1,1,-1,-1,-1,-1,-1,1,1,0.008989356458187103
1,-1,1,1,1,1,-1,1,-1,1,1,1,-1,-1,-1,-1,-1,1,1,-1,0.009762381203472614
1,-1,1,1,1,1,-1,1,-1,1,1,1,-1,-1,1,1,-1,1,-1,-1,0.010118983685970306
1,-1,1,1,1,1,-1,1,-1,1,1,1,-1,-1,1,1,1,1,-1,-1,0.010782573372125626
1,-1,1,1,1,1,-1,1,-1,1,1,1,-1,1,-1,1,1,1,-1,1,0.010076100006699562
1,-1,1,1,1,1,-1,1,-1,1,1,1,1,-1,1,-1,-1,-1,1,1,0.008492860943078995
1,-1,1,1,1,1,-1,1,1,-1,-1,-1,-1,-1,-1,1,-1,1,1,1,0.008681774139404297
1,-1,1,1,1,1,-1,1,1,-1,-1,-1,-1,1,-1,-1,-1,-1,-1,1,0.008059299550950527
1,-1,1,1,1,1,-1,1,1,-1,-1,-1,-1,1,1,-1,-1,-1,-1,-1,0.008190738968551159
1,-1,1,1,1,1,-1,1,1,-1,-1,-1,1,1,-1,-1,1,-1,-1,-1,0.008831539191305637
1,-1,1,1,1,1,-1,1,1,-1,-1,-1,1,1,-1,1,1,1,-1,1,0.009005215018987656
1,-1,1,1,1,1,-1,1,1,-1,-1,1,-1,1,1,1,-1,-1,1,-1,0.0075354971922934055
1,-1,1,1,1,1,-1,1,1,-1,-1,1,1,1,-1,-1,1,-1,1,1,0.007718653883785009
1,-1,1,1,1,1,-1,1,1,-1,1,-1,-1,-1,-1,-1,-1,1,-1,1,0.009653869085013866
1,-1,1,1,1,1,-1,1,1,-1,1,-1,-1,1,-1,-1,1,1,-1,-1,0.010101140476763248
1,-1,1,1,1,1,-1,1,1,-1,1,-1,1,1,-1,1,1,1,-1,1,0.00959128700196743
1,-1,1,1,1,1,-1,1,1,-1,1,1,-1,-1,-1,1,-1,-1,1,-1,0.008923879824578762
1,-1,1,1,1,1,-1,1,1,-1,1,1,-1,1,-1,1,-1,1,1,-1,0.008782309480011463
1,-1,1,1,1,1,-1,1,1,-1,1,1,-1,1,-1,1,1,1,-1,-1,0.009930849075317383
1,-1,1,1,1,1,-1,1,1,1,-1,-1,1,-1,-1,-1,1,1,-1,1,0.00983230397105217
1,-1,1,1,1,1,-1,1,1,1,-1,-1,1,-1,-1,-1,1,1,1,1,0.009347353130578995
1,-1,1,1,1,1,-1,1,1,1,-1,1,1,-1,-1,-1,-1,-1,-1,1,0.008466032333672047
1,-1,1,1,1,1,-1,1,1,1,-1,1,1,1,1,1,1,1,1,-1,0.008733467198908329
1,-1,1,1,1,1,-1,1,1,1,1,-1,-1,-1,-1,1,1,1,1,-1,0.010641134344041348
1,-1,1,1,1,1,-1,1,1,1,1,-1,-1,1,-1,1,1,1,1,1,0.009707385674118996
1,-1,1,1,1,1,-1,1,1,1,1,1,-1,-1,-1,1,-1,-1,1,1,0.00891614705324173
1,-1,1,1,1,1,-1,1,1,1,1,1,-1,1,1,-1,-1,1,1,-1,0.008807088248431683
1,-1,1,1,1,1,-1,1,1,1,1,1,1,1,-1,-1,-1,1,-1,1,0.008910533972084522
1,-1,1,1,1,1,-1,1,1,1,1,1,1,1,-1,1,1,-1,1,-1,0.009113352745771408
1,-1,1,1,1,1,1,-1,-1,-1,-1,-1,1,-1,-1,-1,-1,1,-1,1,0.009616431780159473
1,-1,1,1,1,1,1,-1,-1,-1,-1,-1,1,1,-1,-1,1,-1,1,1,0.008786573074758053
1,-1,1,1,1,1,1,-1,-1,-1,-1,-1,1,1,1,-1,-1,-1,-1,-1,0.00873937364667654
1,-1,1,1,1,1,1,-1,-1,-1,-1,1,-1,-1,1,1,-1,-1,1,1,0.00855051539838314
1,-1,1,1,1,1,1,-1,-1,-1,-1,1,-1,-1,1,1,1,-1,-1,1,0.009699055925011635
1,-1,1,1,1,1,1,-1,-1,-1,-1,1,1,-1,-1,1,-1,-1,1,-1,0.008886441588401794
1,-1,1,1,1,1,1,-1,-1,-1,-1,1,1,1,1,-1,1,-1,-1,1,0.00877502840012312
1,-1,1,1,1,1,1,-1,-1,-1,1,-1,-1,1,-1,-1,-1,1,-1,-1,0.010236251167953014
1,-1,1,1,1,1,1,-1,-1,-1,1,-1,1,-1,-1,-1,1,1,-1,-1,0.011224809102714062
1,-1,1,1,1,1,1,-1,-1,-1,1,-1,1,1,1,-1,-1,1,1,-1,0.009273958392441273
1,-1,1,1,1,1,1,-1,-1,-1,1,-1,1,1,1,-1,1,-1,1,-1,0.009504084475338459
1,-1,1,1,1,1,1,-1,-1,1,-1,-1,-1,1,1,1,1,-1,-1,-1,0.010102939791977406
1,-1,1,1,1,1,1,-1,-1,1,-1,-1,1,-1,1,1,-1,1,-1,1,0.009839066304266453
1,-1,1,1,1,1,1,-1,-1,1,-1,-1,1,1,1,-1,1,1,1,1,0.009343743324279785
1,-1,1,1,1,1,1,-1,-1,1,-1,1,1,1,1,-1,-1,-1,-1,1,0.008462422527372837
1,-1,1,1,1,1,1,-1,-1,1,-1,1,1,1,1,1,1,-1,-1,-1,0.009583655744791031
1,-1,1,1,1,1,1,-1,-1,1,-1,1,1,1,1,1,1,-1,-1,1,0.009224940091371536
1,-1,1,1,1,1,1,-1,-1,1,1,-1,1,-1,1,1,1,1,-1,-1,0.011447443626821041
1,-1,1,1,1,1,1,-1,-1,1,1,1,-1,1,1,1,1,1,1,1,0.010009590536355972
1,-1,1,1,1,1,1,-1,-1,1,1,1,1,-1,1,-1,1,-1,1,1,0.009802167303860188
1,-1,1,1,1,1,1,-1,-1,1,1,1,1,1,-1,-1,-1,1,1,1,0.009224283508956432
1,-1,1,1,1,1,1,-1,-1,1,1,1,1,1,1,-1,1,1,-1,1,0.010145547799766064
1,-1,1,1,1,1,1,-1,1,-1,1,-1,-1,-1,-1,-1,1,1,-1,-1,0.011321891099214554
1,-1,1,1,1,1,1,-1,1,-1,1,-1,-1,-1,1,-1,-1,-1,1,1,0.009153896011412144
1,-1,1,1,1,1,1,-1,1,-1,1,-1,-1,1,1,-1,-1,-1,1,-1,0.008937577717006207
1,-1,1,1,1,1,1,-1,1,-1,1,-1,-1,1,1,1,-1,1,-1,-1,0.009954920038580894
1,-1,1,1,1,1,1,-1,1,-1,1,1,1,-1,1,-1,-1,-1,1,1,0.008634611032903194
1,-1,1,1,1,1,1,-1,1,-1,1,1,1,-1,1,1,-1,1,1,1,0.009167002514004707
1,-1,1,1,1,1,1,-1,1,-1,1,1,1,1,-1,-1,1,1,1,-1,0.009742621332406998
1,-1,1,1,1,1,1,-1,1,-1,1,1,1,1,-1,1,-1,-1,1,1,0.008385781198740005
1,-1,1,1,1,1,1,-1,1,-1,1,1,1,1,1,1,1,1,1,1,0.009255558252334595
1,-1,1,1,1,1,1,-1,1,1,-1,-1,-1,1,-1,-1,-1,1,1,1,0.009004512801766396
1,-1,1,1,1,1,1,-1,1,1,-1,-1,-1,1,-1,-1,1,1,1,1,0.00966810155659914
1,-1,1,1,1,1,1,-1,1,1,-1,-1,1,1,-1,1,1,1,1,-1,0.009875679388642311
1,-1,1,1,1,1,1,-1,1,1,-1,1,-1,1,1,-1,-1,1,-1,1,0.008992968127131462
1,-1,1,1,1,1,1,-1,1,1,-1,1,1,1,-1,1,1,-1,-1,-1,0.009657948277890682
1,-1,1,1,1,1,1,-1,1,1,1,-1,-1,-1,1,1,-1,1,-1,-1,0.010880935937166214
1,-1,1,1,1,1,1,-1,1,1,1,-1,1,1,-1,-1,-1,-1,1,-1,0.009265771135687828
1,-1,1,1,1,1,1,-1,1,1,1,1,-1,-1,-1,-1,-1,-1,-1,1,0.009947886690497398
1,-1,1,1,1,1,1,-1,1,1,1,1,-1,-1,-1,-1,-1,-1,1,-1,0.009821651503443718
1,-1,1,1,1,1,1,-1,1,1,1,1,-1,1,1,-1,-1,-1,-1,-1,0.009504292160272598
1,-1,1,1,1,1,1,-1,1,1,1,1,-1,1,1,-1,1,1,-1,-1,0.01060134544968605
1,-1,1,1,1,1,1,-1,1,1,1,1,1,-1,1,1,-1,1,-1,1,0.010002936236560345
1,-1,1,1,1,1,1,1,-1,-1,-1,1,-1,-1,-1,-1,-1,1,1,1,0.00886316504329443
1,-1,1,1,1,1,1,1,-1,-1,-1,1,-1,-1,-1,-1,1,1,-1,-1,0.010370421223342419
1,-1,1,1,1,1,1,1,-1,-1,-1,1,-1,1,-1,-1,1,1,-1,1,0.009436671622097492
1,-1,1,1,1,1,1,1,-1,-1,-1,1,-1,1,-1,1,-1,1,-1,-1,0.009230726398527622
1,-1,1,1,1,1,1,1,-1,-1,1,-1,-1,-1,1,-1,-1,1,-1,-1,0.010334847494959831
1,-1,1,1,1,1,1,1,-1,-1,1,-1,-1,1,1,-1,1,-1,1,-1,0.00950498878955841
1,-1,1,1,1,1,1,1,-1,-1,1,-1,1,-1,-1,1,-1,-1,1,-1,0.009492571465671062
1,-1,1,1,1,1,1,1,-1,-1,1,-1,1,1,-1,-1,-1,1,1,1,0.008893357589840889
1,-1,1,1,1,1,1,1,-1,-1,1,1,-1,-1,1,-1,1,1,1,-1,0.010244266130030155
1,-1,1,1,1,1,1,1,-1,-1,1,1,-1,1,-1,-1,-1,-1,-1,-1,0.009284406900405884
1,-1,1,1,1,1,1,1,-1,-1,1,1,-1,1,1,1,-1,1,-1,1,0.00923080649226904
1,-1,1,1,1,1,1,1,-1,-1,1,1,1,-1,1,1,-1,-1,1,-1,0.008996075950562954
1,-1,1,1,1,1,1,1,-1,-1,1,1,1,1,1,-1,-1,1,-1,1,0.008881812915205956
1,-1,1,1,1,1,1,1,-1,-1,1,1,1,1,1,-1,1,-1,-1,-1,0.009470654651522636
1,-1,1,1,1,1,1,1,-1,-1,1,1,1,1,1,-1,1,-1,1,1,0.008626988157629967
1,-1,1,1,1,1,1,1,-1,-1,1,1,1,1,1,-1,1,1,-1,-1,0.00990411825478077
1,-1,1,1,1,1,1,1,-1,1,-1,-1,1,-1,-1,1,-1,1,-1,-1,0.010175896808505058
1,-1,1,1,1,1,1,1,-1,1,-1,-1,1,1,1,-1,-1,1,-1,1,0.008915943093597889
1,-1,1,1,1,1,1,1,-1,1,-1,1,-1,-1,-1,-1,1,-1,-1,1,0.009929225780069828
1,-1,1,1,1,1,1,1,-1,1,-1,1,-1,1,-1,1,-1,-1,-1,1,0.008789530023932457
1,-1,1,1,1,1,1,1,-1,1,-1,1,1,-1,-1,1,1,1,1,-1,0.010085315443575382
1,-1,1,1,1,1,1,1,-1,1,-1,1,1,-1,1,-1,1,-1,1,1,0.008966933004558086
1,-1,1,1,1,1,1,1,-1,1,1,-1,-1,-1,-1,-1,1,1,1,-1,0.011091744527220726
1,-1,1,1,1,1,1,1,-1,1,1,-1,-1,-1,-1,1,1,-1,1,1,0.010398494079709053
1,-1,1,1,1,1,1,1,-1,1,1,-1,-1,1,-1,1,-1,-1,-1,-1,0.010003536939620972
1,-1,1,1,1,1,1,1,-1,1,1,-1,1,-1,-1,-1,1,1,1,-1,0.010841679759323597
1,-1,1,1,1,1,1,1,-1,1,1,-1,1,-1,-1,1,1,-1,1,-1,0.010507144033908844
1,-1,1,1,1,1,1,1,-1,1,1,-1,1,1,-1,-1,-1,-1,-1,1,0.009295828640460968
1,-1,1,1,1,1,1,1,-1,1,1,1,-1,-1,-1,-1,-1,-1,1,1,0.009366758167743683
1,-1,1,1,1,1,1,1,-1,1,1,1,-1,-1,-1,-1,-1,1,1,1,0.009800220839679241
1,-1,1,1,1,1,1,1,-1,1,1,1,-1,-1,-1,1,-1,1,1,1,0.009899148717522621
1,-1,1,1,1,1,1,1,-1,1,1,1,-1,1,-1,1,-1,-1,1,1,0.008890652097761631
1,-1,1,1,1,1,1,1,-1,1,1,1,1,1,-1,1,-1,-1,-1,-1,0.009484252892434597
1,-1,1,1,1,1,1,1,1,-1,-1,-1,-1,-1,-1,1,-1,-1,1,1,0.008644865825772285
1,-1,1,1,1,1,1,1,1,-1,-1,-1,1,1,-1,-1,1,1,-1,-1,0.009661558084189892
1,-1,1,1,1,1,1,1,1,-1,-1,1,-1,1,1,1,1,1,-1,-1,0.009514056146144867
1,-1,1,1,1,1,1,1,1,-1,-1,1,1,-1,-1,-1,1,-1,-1,-1,0.009533909149467945
1,-1,1,1,1,1,1,1,1,-1,-1,1,1,1,1,-1,1,-1,1,1,0.00788793247193098
1,-1,1,1,1,1,1,1,1,-1,-1,1,1,1,1,1,-1,-1,1,1,0.007323271594941616
1,-1,1,1,1,1,1,1,1,-1,1,-1,-1,-1,-1,-1,1,-1,1,1,0.009795599617064
1,-1,1,1,1,1,1,1,1,1,-1,-1,-1,-1,-1,-1,-1,1,1,1,0.0093303844332695
1,-1,1,1,1,1,1,1,1,1,-1,-1,1,-1,-1,-1,-1,1,1,1,0.009080318734049797
1,-1,1,1,1,1,1,1,1,1,-1,-1,1,-1,-1,1,1,-1,1,-1,0.009768088348209858
1,-1,1,1,1,1,1,1,1,1,-1,-1,1,-1,1,1,-1,1,1,1,0.008951970376074314
1,-1,1,1,1,1,1,1,1,1,-1,1,1,-1,-1,-1,1,1,-1,1,0.009959639981389046
1,-1,1,1,1,1,1,1,1,1,-1,1,1,-1,-1,1,1,1,-1,1,0.010058567859232426
1,-1,1,1,1,1,1,1,1,1,-1,1,1,1,1,-1,-1,1,1,1,0.008008790202438831
1,-1,1,1,1,1,1,1,1,1,-1,1,1,1,1,1,-1,-1,-1,-1,0.008517920970916748
1,-1,1,1,1,1,1,1,1,1,1,-1,-1,-1,1,-1,1,1,1,-1,0.010711485520005226
1,-1,1,1,1,1,1,1,1,1,1,-1,1,-1,-1,-1,-1,-1,-1,1,0.009717878885567188
1,-1,1,1,1,1,1,1,1,1,1,1,-1,-1,1,-1,1,1,1,1,0.010083550587296486
1,-1,1,1,1,1,1,1,1,1,1,1,-1,-1,1,1,-1,-1,-1,-1,0.009929092600941658
1,-1,1,1,1,1,1,1,1,1,1,1,1,-1,-1,-1,1,-1,1,-1,0.009986013174057007
1,-1,1,1,1,1,1,1,1,1,1,1,1,-1,1,1,-1,-1,1,1,0.008835360407829285
1,1,-1,-1,-1,-1,-1,-1,-1,-1,-1,-1,-1,-1,-1,1,1,1,-1,1,0.009335880167782307
1,1,-1,-1,-1,-1,-1,-1,-1,-1,-1,-1,-1,-1,1,1,1,1,-1,-1,0.009467319585382938
1,1,-1,-1,-1,-1,-1,-1,-1,-1,-1,-1,-1,1,-1,-1,-1,1,-1,1,0.007998328655958176
1,1,-1,-1,-1,-1,-1,-1,-1,-1,-1,-1,-1,1,-1,-1,1,-1,-1,-1,0.008587170392274857
1,1,-1,-1,-1,-1,-1,-1,-1,-1,-1,-1,1,-1,1,1,-1,1,1,-1,0.00806871335953474
1,1,-1,-1,-1,-1,-1,-1,-1,-1,-1,-1,1,1,-1,-1,-1,1,-1,1,0.007748263888061047
1,1,-1,-1,-1,-1,-1,-1,-1,-1,-1,1,-1,-1,-1,-1,1,-1,1,1,0.008049318566918373
1,1,-1,-1,-1,-1,-1,-1,-1,-1,-1,1,-1,-1,-1,1,-1,-1,1,1,0.0074846576899290085
1,1,-1,-1,-1,-1,-1,-1,-1,-1,-1,1,-1,1,-1,-1,-1,-1,1,1,0.006810695864260197
1,1,-1,-1,-1,-1,-1,-1,-1,-1,1,-1,-1,-1,-1,-1,1,1,-1,1,0.009823024272918701
1,1,-1,-1,-1,-1,-1,-1,-1,-1,1,-1,-1,-1,1,1,1,1,1,1,0.009209725074470043
1,1,-1,-1,-1,-1,-1,-1,-1,-1,1,1,-1,-1,1,-1,-1,-1,1,-1,0.008103241212666035
1,1,-1,-1,-1,-1,-1,-1,-1,-1,1,1,1,-1,-1,-1,-1,1,1,-1,0.008513915352523327
1,1,-1,-1,-1,-1,-1,-1,-1,-1,1,1,1,-1,-1,-1,1,-1,1,-1,0.008744041435420513
1,1,-1,-1,-1,-1,-1,-1,-1,-1,1,1,1,1,1,1,1,1,-1,1,0.008600357919931412
1,1,-1,-1,-1,-1,-1,-1,-1,1,-1,-1,-1,-1,1,-1,-1,-1,1,1,0.0077786557376384735
1,1,-1,-1,-1,-1,-1,-1,-1,1,-1,-1,-1,-1,1,1,-1,-1,1,1,0.007877583615481853
1,1,-1,-1,-1,-1,-1,-1,-1,1,-1,-1,-1,-1,1,1,1,-1,-1,-1,0.009384838864207268
1,1,-1,-1,-1,-1,-1,-1,-1,1,-1,1,-1,-1,-1,1,1,-1,-1,1,0.008984181098639965
1,1,-1,-1,-1,-1,-1,-1,-1,1,1,-1,-1,1,-1,-1,1,-1,-1,1,0.009165510535240173
1,1,-1,-1,-1,-1,-1,-1,-1,1,1,-1,-1,1,-1,-1,1,1,1,-1,0.009472738951444626
1,1,-1,-1,-1,-1,-1,-1,-1,1,1,-1,1,-1,-1,-1,1,1,-1,-1,0.010282658040523529
1,1,-1,-1,-1,-1,-1,-1,-1,1,1,-1,1,-1,1,1,1,-1,1,1,0.008877179585397243
1,1,-1,-1,-1,-1,-1,-1,-1,1,1,1,-1,1,-1,-1,-1,-1,-1,1,0.008232702501118183
1,1,-1,-1,-1,-1,-1,-1,-1,1,1,1,-1,1,-1,1,-1,1,1,1,0.008280143141746521
1,1,-1,-1,-1,-1,-1,-1,-1,1,1,1,-1,1,1,-1,1,-1,1,1,0.00818406417965889
1,1,-1,-1,-1,-1,-1,-1,1,-1,-1,-1,-1,1,-1,-1,-1,1,1,-1,0.007719110697507858
1,1,-1,-1,-1,-1,-1,-1,1,-1,-1,-1,-1,1,-1,-1,1,1,1,1,0.008023984730243683
1,1,-1,-1,-1,-1,-1,-1,1,-1,-1,-1,-1,1,-1,1,-1,-1,-1,-1,0.00786952581256628
1,1,-1,-1,-1,-1,-1,-1,1,-1,-1,-1,-1,1,1,-1,1,1,-1,-1,0.008640374056994915
1,1,-1,-1,-1,-1,-1,-1,1,-1,-1,-1,1,-1,1,-1,-1,-1,-1,1,0.007509574294090271
1,1,-1,-1,-1,-1,-1,-1,1,-1,-1,-1,1,1,-1,1,1,1,-1,1,0.008357797749340534
1,1,-1,-1,-1,-1,-1,-1,1,-1,-1,1,-1,-1,1,-1,-1,-1,-1,1,0.007490420714020729
1,1,-1,-1,-1,-1,-1,-1,1,-1,-1,1,-1,-1,1,-1,1,1,-1,-1,0.008946188725531101
1,1,-1,-1,-1,-1,-1,-1,1,-1,-1,1,1,1,-1,-1,1,1,1,1,0.007504699751734734
1,1,-1,-1,-1,-1,-1,-1,1,-1,1,-1,-1,1,1,-1,-1,-1,-1,1,0.007770678959786892
1,1,-1,-1,-1,-1,-1,-1,1,-1,1,1,-1,-1,1,-1,1,1,-1,1,0.009173545986413956
1,1,-1,-1,-1,-1,-1,-1,1,-1,1,1,-1,-1,1,-1,1,1,1,-1,0.009047310799360275
1,1,-1,-1,-1,-1,-1,-1,1,-1,1,1,1,1,-1,-1,1,1,-1,1,0.008575722575187683
1,1,-1,-1,-1,-1,-1,-1,1,-1,1,1,1,1,-1,1,1,1,-1,1,0.008674651384353638
1,1,-1,-1,-1,-1,-1,-1,1,1,-1,-1,-1,-1,-1,1,1,1,-1,1,0.009533880278468132
1,1,-1,-1,-1,-1,-1,-1,1,1,-1,-1,-1,1,-1,1,-1,-1,-1,1,0.007861793041229248
1,1,-1,-1,-1,-1,-1,-1,1,1,-1,-1,-1,1,-1,1,1,-1,1,1,0.008040431886911392
1,1,-1,-1,-1,-1,-1,-1,1,1,-1,-1,1,-1,1,1,-1,-1,-1,1,0.007959485054016113
1,1,-1,-1,-1,-1,-1,-1,1,1,-1,1,-1,-1,-1,-1,-1,1,-1,1,0.008502143435180187
1,1,-1,-1,-1,-1,-1,-1,1,1,-1,1,-1,-1,-1,1,-1,1,1,1,0.008116120472550392
1,1,-1,-1,-1,-1,-1,-1,1,1,-1,1,-1,-1,-1,1,1,1,1,-1,0.009138425812125206
1,1,-1,-1,-1,-1,-1,-1,1,1,-1,1,1,-1,-1,1,1,1,1,1,0.008529644459486008
1,1,-1,-1,-1,-1,-1,-1,1,1,1,1,1,1,-1,-1,-1,-1,-1,-1,0.008188368752598763
1,1,-1,-1,-1,-1,-1,1,-1,-1,-1,-1,-1,-1,1,1,-1,1,1,-1,0.008069617673754692
1,1,-1,-1,-1,-1,-1,1,-1,-1,-1,-1,-1,1,1,1,1,1,-1,1,0.00828440859913826
1,1,-1,-1,-1,-1,-1,1,-1,-1,-1,-1,1,-1,1,-1,1,1,-1,1,0.008510448969900608
1,1,-1,-1,-1,-1,-1,1,-1,-1,-1,-1,1,-1,1,-1,1,1,1,1,0.008025498129427433
1,1,-1,-1,-1,-1,-1,1,-1,-1,-1,1,1,1,1,-1,1,-1,-1,1,0.007232733070850372
1,1,-1,-1,-1,-1,-1,1,-1,-1,1,-1,-1,1,-1,-1,-1,1,-1,1,0.008335240185260773
1,1,-1,-1,-1,-1,-1,1,-1,-1,1,1,-1,-1,-1,1,-1,-1,-1,1,0.008306519128382206
1,1,-1,-1,-1,-1,-1,1,-1,-1,1,1,1,1,-1,-1,1,-1,-1,-1,0.008404796943068504
1,1,-1,-1,-1,-1,-1,1,-1,1,-1,-1,-1,-1,-1,-1,-1,1,1,1,0.008190233260393143
1,1,-1,-1,-1,-1,-1,1,-1,1,-1,-1,-1,-1,1,1,-1,1,1,1,0.008061885833740234
1,1,-1,-1,-1,-1,-1,1,-1,1,-1,1,-1,-1,1,-1,-1,1,-1,-1,0.008537405170500278
1,1,-1,-1,-1,-1,-1,1,-1,1,-1,1,1,-1,1,1,1,-1,1,1,0.007772726938128471
1,1,-1,-1,-1,-1,-1,1,-1,1,1,-1,-1,-1,-1,1,1,1,1,1,0.009538823738694191
1,1,-1,-1,-1,-1,-1,1,-1,1,1,-1,1,-1,1,-1,1,-1,-1,-1,0.009372756816446781
1,1,-1,-1,-1,-1,-1,1,-1,1,1,-1,1,1,-1,-1,1,-1,-1,-1,0.009024999104440212
1,1,-1,-1,-1,-1,-1,1,-1,1,1,-1,1,1,-1,1,1,-1,1,-1,0.008638976141810417
1,1,-1,-1,-1,-1,-1,1,-1,1,1,-1,1,1,1,1,-1,1,-1,-1,0.008666524663567543
1,1,-1,-1,-1,-1,-1,1,-1,1,1,-1,1,1,1,1,1,-1,1,-1,0.008411699905991554
1,1,-1,-1,-1,-1,-1,1,1,-1,-1,-1,-1,1,1,-1,1,-1,-1,1,0.007599033880978823
1,1,-1,-1,-1,-1,-1,1,1,-1,-1,-1,1,1,1,1,1,-1,-1,1,0.007447896525263786
1,1,-1,-1,-1,-1,-1,1,1,-1,-1,1,-1,1,-1,-1,-1,-1,1,-1,0.006767266429960728
1,1,-1,-1,-1,-1,-1,1,1,-1,-1,1,1,1,-1,-1,-1,-1,1,1,0.006158485542982817
1,1,-1,-1,-1,-1,-1,1,1,-1,1,-1,1,-1,-1,1,-1,-1,-1,1,0.008172689005732536
1,1,-1,-1,-1,-1,-1,1,1,-1,1,1,-1,1,-1,-1,1,-1,-1,1,0.008143163286149502
1,1,-1,-1,-1,-1,-1,1,1,-1,1,1,1,-1,-1,1,1,-1,-1,-1,0.008925775066018105
1,1,-1,-1,-1,-1,-1,1,1,1,-1,-1,-1,-1,-1,1,1,-1,1,1,0.008366303518414497
1,1,-1,-1,-1,-1,-1,1,1,1,-1,-1,-1,1,-1,-1,1,-1,-1,1,0.008177293464541435
1,1,-1,-1,-1,-1,-1,1,1,1,-1,-1,-1,1,-1,1,1,-1,-1,-1,0.00863493699580431
1,1,-1,-1,-1,-1,-1,1,1,1,-1,-1,1,-1,-1,-1,1,1,-1,1,0.008935725316405296
1,1,-1,-1,-1,-1,-1,1,1,1,-1,-1,1,1,1,1,1,1,1,-1,0.008106106892228127
1,1,-1,-1,-1,-1,-1,1,1,1,-1,1,-1,-1,-1,1,1,1,1,-1,0.00888926349580288
1,1,-1,-1,-1,-1,-1,1,1,1,1,-1,-1,-1,1,-1,1,-1,1,-1,0.008984887972474098
1,1,-1,-1,-1,-1,-1,1,1,1,1,1,-1,-1,-1,-1,1,-1,1,1,0.008584229275584221
1,1,-1,-1,-1,-1,-1,1,1,1,1,1,-1,1,1,1,1,-1,-1,-1,0.00872451439499855
1,1,-1,-1,-1,-1,-1,1,1,1,1,1,1,-1,-1,-1,1,1,-1,1,0.009252578020095825
1,1,-1,-1,-1,-1,-1,1,1,1,1,1,1,-1,1,-1,1,-1,-1,1,0.00859183818101883
1,1,-1,-1,-1,-1,-1,1,1,1,1,1,1,1,1,-1,-1,-1,1,-1,0.0072269802913069725
1,1,-1,-1,-1,-1,1,-1,-1,-1,-1,-1,-1,-1,-1,-1,-1,1,-1,-1,0.009328633546829224
1,1,-1,-1,-1,-1,1,-1,-1,-1,-1,-1,-1,-1,-1,1,-1,1,-1,1,0.009068845771253109
1,1,-1,-1,-1,-1,1,-1,-1,-1,-1,-1,-1,-1,1,-1,1,1,-1,1,0.009406231343746185
1,1,-1,-1,-1,-1,1,-1,-1,-1,-1,-1,-1,1,1,-1,1,1,-1,1,0.008831197395920753
1,1,-1,-1,-1,-1,1,-1,-1,-1,-1,-1,1,-1,-1,-1,1,-1,1,1,0.008465027436614037
1,1,-1,-1,-1,-1,1,-1,-1,-1,-1,-1,1,-1,1,1,1,1,-1,1,0.009255093522369862
1,1,-1,-1,-1,-1,1,-1,-1,-1,-1,-1,1,1,-1,-1,-1,1,1,1,0.007659867871552706
1,1,-1,-1,-1,-1,1,-1,-1,-1,-1,1,-1,1,1,-1,1,1,-1,-1,0.008920693770051003
1,1,-1,-1,-1,-1,1,-1,-1,-1,-1,1,1,-1,1,1,1,-1,1,-1,0.008426175452768803
1,1,-1,-1,-1,-1,1,-1,-1,-1,-1,1,1,1,1,1,1,1,1,-1,0.008284605108201504
1,1,-1,-1,-1,-1,1,-1,-1,-1,1,-1,1,-1,-1,1,-1,-1,1,-1,0.008845154196023941
1,1,-1,-1,-1,-1,1,-1,-1,-1,1,1,-1,-1,1,-1,1,-1,1,1,0.00880467053502798
1,1,-1,-1,-1,-1,1,-1,-1,-1,1,1,1,1,-1,-1,-1,1,1,1,0.007976721040904522
1,1,-1,-1,-1,-1,1,-1,-1,1,-1,-1,1,1,-1,1,-1,-1,-1,-1,0.008519981987774372
1,1,-1,-1,-1,-1,1,-1,-1,1,-1,1,-1,-1,-1,-1,1,1,-1,1,0.009715271182358265
1,1,-1,-1,-1,-1,1,-1,-1,1,-1,1,-1,1,1,1,1,-1,1,-1,0.008452191017568111
1,1,-1,-1,-1,-1,1,-1,-1,1,-1,1,-1,1,1,1,1,1,1,-1,0.00888565368950367
1,1,-1,-1,-1,-1,1,-1,-1,1,-1,1,1,-1,-1,-1,-1,1,1,-1,0.008675381541252136
1,1,-1,-1,-1,-1,1,-1,-1,1,1,1,1,-1,-1,1,1,-1,-1,1,0.009716742672026157
1,1,-1,-1,-1,-1,1,-1,-1,1,1,1,1,-1,1,-1,1,-1,-1,-1,0.009749254211783409
1,1,-1,-1,-1,-1,1,-1,-1,1,1,1,1,1,-1,-1,-1,-1,-1,-1,0.008737907744944096
1,1,-1,-1,-1,-1,1,-1,1,-1,-1,-1,-1,-1,1,-1,1,-1,-1,1,0.00881978403776884
1,1,-1,-1,-1,-1,1,-1,1,-1,-1,-1,-1,1,-1,-1,1,1,1,-1,0.008779254741966724
1,1,-1,-1,-1,-1,1,-1,1,-1,-1,-1,-1,1,1,-1,-1,1,-1,1,0.008014624938368797
1,1,-1,-1,-1,-1,1,-1,1,-1,-1,-1,1,1,1,1,-1,1,-1,-1,0.008222202770411968
1,1,-1,-1,-1,-1,1,-1,1,-1,-1,1,-1,-1,-1,-1,-1,1,1,1,0.008062765002250671
1,1,-1,-1,-1,-1,1,-1,1,-1,-1,1,-1,-1,-1,1,-1,-1,-1,-1,0.008571895770728588
1,1,-1,-1,-1,-1,1,-1,1,-1,-1,1,-1,1,-1,1,1,1,1,1,0.008250247687101364
1,1,-1,-1,-1,-1,1,-1,1,-1,-1,1,-1,1,1,-1,-1,1,1,1,0.007260454818606377
1,1,-1,-1,-1,-1,1,-1,1,-1,-1,1,1,-1,-1,1,-1,1,-1,1,0.008396578021347523
1,1,-1,-1,-1,-1,1,-1,1,-1,-1,1,1,1,1,1,1,-1,-1,1,0.007824393920600414
1,1,-1,-1,-1,-1,1,-1,1,-1,1,-1,-1,-1,1,-1,1,1,-1,1,0.009839320555329323
1,1,-1,-1,-1,-1,1,-1,1,-1,1,-1,1,1,-1,-1,1,1,-1,-1,0.009600212797522545
1,1,-1,-1,-1,-1,1,-1,1,-1,1,-1,1,1,1,-1,1,1,-1,-1,0.009372936561703682
1,1,-1,-1,-1,-1,1,-1,1,-1,1,1,1,-1,1,1,-1,-1,-1,1,0.008321911096572876
1,1,-1,-1,-1,-1,1,-1,1,1,-1,-1,1,-1,-1,1,1,1,1,-1,0.009554133750498295
1,1,-1,-1,-1,-1,1,-1,1,1,-1,-1,1,-1,1,1,-1,-1,-1,1,0.008356040343642235
1,1,-1,-1,-1,-1,1,-1,1,1,-1,1,-1,1,1,-1,1,-1,-1,-1,0.008685230277478695
1,1,-1,-1,-1,-1,1,-1,1,1,-1,1,-1,1,1,1,-1,1,1,-1,0.008069081231951714
1,1,-1,-1,-1,-1,1,-1,1,1,-1,1,1,1,1,1,1,1,1,1,0.008123889565467834
1,1,-1,-1,-1,-1,1,-1,1,1,1,-1,-1,-1,1,1,-1,-1,-1,1,0.009192178957164288
1,1,-1,-1,-1,-1,1,-1,1,1,1,-1,-1,1,-1,-1,1,-1,1,1,0.008924131281673908
1,1,-1,-1,-1,-1,1,-1,1,1,1,-1,1,1,1,-1,1,1,1,-1,0.00923896860331297
1,1,-1,-1,-1,-1,1,-1,1,1,1,1,-1,-1,-1,-1,1,1,-1,1,0.010148360393941402
1,1,-1,-1,-1,-1,1,1,-1,-1,-1,-1,-1,1,-1,1,1,1,-1,-1,0.009266955778002739
1,1,-1,-1,-1,-1,1,1,-1,-1,-1,-1,-1,1,1,-1,-1,1,1,-1,0.007792211137712002
1,1,-1,-1,-1,-1,1,1,-1,-1,-1,-1,1,-1,1,1,-1,-1,-1,-1,0.008267594501376152
1,1,-1,-1,-1,-1,1,1,-1,-1,-1,-1,1,1,-1,-1,1,1,-1,-1,0.008917962200939655
1,1,-1,-1,-1,-1,1,1,-1,-1,-1,1,-1,-1,1,1,1,1,-1,1,0.008986778557300568
1,1,-1,-1,-1,-1,1,1,-1,-1,-1,1,-1,1,-1,-1,-1,-1,-1,1,0.007443040143698454
1,1,-1,-1,-1,-1,1,1,-1,-1,1,-1,-1,-1,1,-1,1,1,-1,1,0.009743141941726208
1,1,-1,-1,-1,-1,1,1,-1,-1,1,-1,-1,-1,1,1,1,-1,1,1,0.00892365537583828
1,1,-1,-1,-1,-1,1,1,-1,-1,1,-1,-1,1,-1,-1,-1,1,1,1,0.00824684463441372
1,1,-1,-1,-1,-1,1,1,-1,-1,1,-1,-1,1,1,-1,-1,1,1,-1,0.008378283120691776
1,1,-1,-1,-1,-1,1,1,-1,-1,1,-1,1,-1,1,1,1,-1,-1,1,0.009158540517091751
1,1,-1,-1,-1,-1,1,1,-1,-1,1,-1,1,1,-1,-1,1,1,1,-1,0.009019083343446255
1,1,-1,-1,-1,-1,1,1,-1,-1,1,1,-1,-1,1,-1,-1,-1,-1,-1,0.00873558595776558
1,1,-1,-1,-1,-1,1,1,-1,-1,1,1,1,-1,-1,-1,1,1,-1,1,0.009451133199036121
1,1,-1,-1,-1,-1,1,1,-1,1,-1,-1,-1,1,1,-1,-1,1,1,1,0.007784478832036257
1,1,-1,-1,-1,-1,1,1,-1,1,-1,-1,-1,1,1,1,1,1,-1,1,0.009031946770846844
1,1,-1,-1,-1,-1,1,1,-1,1,-1,-1,1,-1,-1,-1,-1,1,1,-1,0.008695438504219055
1,1,-1,-1,-1,-1,1,1,-1,1,-1,-1,1,-1,-1,-1,1,-1,-1,1,0.009051799774169922
1,1,-1,-1,-1,-1,1,1,-1,1,-1,1,-1,1,-1,-1,-1,1,-1,-1,0.008586202748119831
1,1,-1,-1,-1,-1,1,1,-1,1,-1,1,1,-1,1,-1,-1,-1,1,-1,0.007765479851514101
1,1,-1,-1,-1,-1,1,1,-1,1,1,-1,-1,-1,-1,-1,-1,1,1,1,0.009172860532999039
1,1,-1,-1,-1,-1,1,1,-1,1,1,1,-1,-1,1,-1,-1,-1,1,1,0.008242902345955372
1,1,-1,-1,-1,-1,1,1,-1,1,1,1,-1,1,1,-1,-1,1,1,1,0.008101332001388073
1,1,-1,-1,-1,-1,1,1,-1,1,1,1,1,1,1,-1,-1,-1,-1,-1,0.008261469192802906
1,1,-1,-1,-1,-1,1,1,-1,1,1,1,1,1,1,1,1,1,-1,1,0.009098734706640244
1,1,-1,-1,-1,-1,1,1,1,-1,-1,-1,1,-1,-1,1,-1,1,-1,1,0.008416635915637016
1,1,-1,-1,-1,-1,1,1,1,-1,-1,-1,1,1,1,1,-1,-1,-1,-1,0.007539577782154083
1,1,-1,-1,-1,-1,1,1,1,-1,-1,1,-1,-1,-1,1,-1,-1,1,-1,0.007837783545255661
1,1,-1,-1,-1,-1,1,1,1,-1,-1,1,-1,-1,-1,1,1,-1,-1,-1,0.00898632314056158
1,1,-1,-1,-1,-1,1,1,1,-1,-1,1,-1,-1,1,-1,-1,1,-1,-1,0.008429992944002151
1,1,-1,-1,-1,-1,1,1,1,-1,-1,1,-1,-1,1,1,1,-1,1,-1,0.008274096064269543
1,1,-1,-1,-1,-1,1,1,1,-1,-1,1,1,1,-1,1,1,1,1,-1,0.008109736256301403
1,1,-1,-1,-1,-1,1,1,1,-1,1,-1,-1,-1,-1,1,-1,-1,1,1,0.008334359154105186
1,1,-1,-1,-1,-1,1,1,1,-1,1,-1,-1,1,-1,1,-1,-1,-1,1,0.00824427604675293
1,1,-1,-1,-1,-1,1,1,1,-1,1,-1,1,1,-1,1,-1,-1,1,1,0.007509259972721338
1,1,-1,-1,-1,-1,1,1,1,-1,1,1,-1,-1,-1,1,1,-1,-1,1,0.009213680401444435
1,1,-1,-1,-1,-1,1,1,1,-1,1,1,-1,-1,-1,1,1,1,1,1,0.009162192232906818
1,1,-1,-1,-1,-1,1,1,1,-1,1,1,-1,-1,1,1,1,-1,-1,1,0.008986404165625572
1,1,-1,-1,-1,-1,1,1,1,-1,1,1,1,-1,-1,-1,1,-1,1,-1,0.008738451637327671
1,1,-1,-1,-1,-1,1,1,1,-1,1,1,1,-1,-1,1,1,1,1,-1,0.009270843118429184
1,1,-1,-1,-1,-1,1,1,1,-1,1,1,1,1,-1,1,-1,-1,1,-1,0.007598756346851587
1,1,-1,-1,-1,-1,1,1,1,1,-1,-1,-1,-1,-1,1,1,1,1,1,0.009196322411298752
1,1,-1,-1,-1,-1,1,1,1,1,-1,-1,-1,1,1,-1,1,-1,-1,-1,0.008705288171768188
1,1,-1,-1,-1,-1,1,1,1,1,-1,-1,-1,1,1,1,-1,1,1,1,0.0077304234728217125
1,1,-1,-1,-1,-1,1,1,1,1,-1,-1,1,-1,1,1,1,1,-1,1,0.00920393131673336
1,1,-1,-1,-1,-1,1,1,1,1,1,-1,-1,-1,-1,1,1,-1,1,-1,0.009707647375762463
1,1,-1,-1,-1,-1,1,1,1,1,1,1,1,1,-1,-1,-1,1,-1,-1,0.00876922532916069
1,1,-1,-1,-1,1,-1,-1,-1,-1,-1,-1,-1,-1,-1,-1,1,-1,1,1,0.00858653150498867
1,1,-1,-1,-1,1,-1,-1,-1,-1,-1,-1,-1,1,-1,-1,1,1,-1,-1,0.009288627654314041
1,1,-1,-1,-1,1,-1,-1,-1,-1,-1,-1,1,-1,-1,-1,1,-1,1,1,0.008336465805768967
1,1,-1,-1,-1,1,-1,-1,-1,-1,-1,1,-1,-1,1,1,1,1,1,1,0.008622427470982075
1,1,-1,-1,-1,1,-1,-1,-1,-1,-1,1,1,-1,-1,-1,1,1,-1,1,0.008985660970211029
1,1,-1,-1,-1,1,-1,-1,-1,-1,-1,1,1,1,-1,1,-1,1,-1,-1,0.008204681798815727
1,1,-1,-1,-1,1,-1,-1,-1,-1,-1,1,1,1,1,1,1,-1,-1,-1,0.00820753164589405
1,1,-1,-1,-1,1,-1,-1,-1,-1,1,-1,-1,1,1,1,-1,1,-1,1,0.008724046871066093
1,1,-1,-1,-1,1,-1,-1,-1,-1,1,-1,1,-1,-1,1,-1,-1,1,1,0.008357876911759377
1,1,-1,-1,-1,1,-1,-1,-1,-1,1,-1,1,-1,1,-1,-1,-1,1,1,0.008031672798097134
1,1,-1,-1,-1,1,-1,-1,-1,-1,1,1,1,-1,-1,1,-1,-1,-1,1,0.008573608472943306
1,1,-1,-1,-1,1,-1,-1,-1,-1,1,1,1,-1,1,-1,-1,-1,-1,-1,0.008606120012700558
1,1,-1,-1,-1,1,-1,-1,-1,-1,1,1,1,-1,1,-1,-1,-1,1,-1,0.008121169172227383
1,1,-1,-1,-1,1,-1,-1,-1,1,-1,-1,1,-1,1,1,1,1,1,1,0.008992563933134079
1,1,-1,-1,-1,1,-1,-1,-1,1,-1,1,-1,1,1,1,-1,-1,-1,-1,0.008144990541040897
1,1,-1,-1,-1,1,-1,-1,-1,1,-1,1,-1,1,1,1,-1,-1,-1,1,0.00778627535328269
1,1,-1,-1,-1,1,-1,-1,-1,1,-1,1,1,-1,1,-1,-1,-1,-1,-1,0.008371030911803246
1,1,-1,-1,-1,1,-1,-1,-1,1,-1,1,1,1,-1,1,1,1,-1,1,0.008860538713634014
1,1,-1,-1,-1,1,-1,-1,-1,1,-1,1,1,1,1,1,1,1,1,-1,0.00850702729076147
1,1,-1,-1,-1,1,-1,-1,-1,1,1,-1,-1,-1,-1,-1,-1,-1,1,-1,0.009218713268637657
1,1,-1,-1,-1,1,-1,-1,-1,1,1,-1,-1,-1,1,-1,1,1,-1,-1,0.010573441162705421
1,1,-1,-1,-1,1,-1,-1,-1,1,1,-1,-1,1,-1,-1,-1,1,-1,-1,0.009562093764543533
1,1,-1,-1,-1,1,-1,-1,-1,1,1,1,-1,1,1,1,1,1,-1,1,0.00946940016001463
1,1,-1,-1,-1,1,-1,-1,1,-1,-1,-1,-1,-1,-1,-1,-1,1,1,-1,0.008562137372791767
1,1,-1,-1,-1,1,-1,-1,1,-1,-1,-1,-1,-1,1,1,-1,1,-1,-1,0.008918740786612034
1,1,-1,-1,-1,1,-1,-1,1,-1,-1,-1,1,1,-1,1,1,1,-1,1,0.008625791408121586
1,1,-1,-1,-1,1,-1,-1,1,-1,1,-1,1,1,-1,1,-1,1,1,1,0.00806332379579544
1,1,-1,-1,-1,1,-1,-1,1,-1,1,1,-1,-1,-1,1,1,-1,-1,-1,0.009692995809018612
1,1,-1,-1,-1,1,-1,-1,1,-1,1,1,1,-1,-1,-1,1,1,-1,-1,0.009777465835213661
1,1,-1,-1,-1,1,-1,-1,1,-1,1,1,1,-1,1,1,-1,-1,1,1,0.007708398625254631
1,1,-1,-1,-1,1,-1,-1,1,-1,1,1,1,1,-1,1,1,1,1,-1,0.008816408924758434
1,1,-1,-1,-1,1,-1,-1,1,1,-1,-1,-1,-1,1,1,1,-1,1,1,0.008656183257699013
1,1,-1,-1,-1,1,-1,-1,1,1,-1,1,-1,-1,1,-1,1,-1,1,-1,0.008646751753985882
1,1,-1,-1,-1,1,-1,-1,1,1,-1,1,-1,1,-1,1,-1,-1,1,-1,0.007734332699328661
1,1,-1,-1,-1,1,-1,-1,1,1,-1,1,1,1,1,1,-1,1,1,-1,0.007690454367548227
1,1,-1,-1,-1,1,-1,-1,1,1,1,-1,-1,1,-1,1,-1,1,-1,1,0.009149323217570782
1,1,-1,-1,-1,1,-1,-1,1,1,1,-1,1,-1,-1,-1,-1,1,-1,1,0.00937536358833313
1,1,-1,-1,-1,1,-1,-1,1,1,1,-1,1,1,-1,1,1,1,-1,-1,0.009921561926603317
1,1,-1,-1,-1,1,-1,-1,1,1,1,-1,1,1,1,1,-1,1,-1,-1,0.00903069693595171
1,1,-1,-1,-1,1,-1,-1,1,1,1,1,-1,-1,1,-1,1,-1,-1,1,0.009359059855341911
1,1,-1,-1,-1,1,-1,-1,1,1,1,1,-1,-1,1,-1,1,1,-1,-1,0.010151238180696964
1,1,-1,-1,-1,1,-1,-1,1,1,1,1,-1,1,1,1,-1,-1,-1,-1,0.008578079752624035
1,1,-1,-1,-1,1,-1,-1,1,1,1,1,1,-1,-1,-1,-1,1,1,-1,0.008979909121990204
1,1,-1,-1,-1,1,-1,-1,1,1,1,1,1,1,1,-1,-1,-1,1,-1,0.007744135335087776
1,1,-1,-1,-1,1,-1,1,-1,-1,-1,-1,-1,-1,1,1,1,1,-1,1,0.009127436205744743
1,1,-1,-1,-1,1,-1,1,-1,-1,-1,-1,-1,1,-1,1,-1,1,-1,-1,0.00847480446100235
1,1,-1,-1,-1,1,-1,1,-1,-1,-1,-1,-1,1,1,-1,-1,1,1,-1,0.007663649506866932
1,1,-1,-1,-1,1,-1,1,-1,-1,-1,1,-1,-1,-1,-1,1,1,-1,1,0.00898656528443098
1,1,-1,-1,-1,1,-1,1,-1,-1,-1,1,-1,1,1,1,1,1,-1,1,0.008283182978630066
1,1,-1,-1,-1,1,-1,1,-1,-1,-1,1,1,1,-1,1,1,1,1,-1,0.008134158328175545
1,1,-1,-1,-1,1,-1,1,-1,-1,1,-1,-1,1,1,-1,1,1,-1,1,0.009039546363055706
1,1,-1,-1,-1,1,-1,1,-1,-1,1,-1,-1,1,1,1,1,1,-1,1,0.00913847517222166
1,1,-1,-1,-1,1,-1,1,-1,-1,1,-1,1,-1,1,-1,1,1,-1,-1,0.009723230265080929
1,1,-1,-1,-1,1,-1,1,-1,-1,1,-1,1,-1,1,1,-1,1,1,1,0.008314902894198895
1,1,-1,-1,-1,1,-1,1,-1,-1,1,1,-1,1,1,-1,1,1,-1,1,0.008770328015089035
1,1,-1,-1,-1,1,-1,1,-1,-1,1,1,1,-1,-1,1,-1,1,1,1,0.008272959850728512
1,1,-1,-1,-1,1,-1,1,-1,-1,1,1,1,-1,1,-1,-1,-1,1,1,0.007513292133808136
1,1,-1,-1,-1,1,-1,1,-1,-1,1,1,1,-1,1,1,-1,1,1,1,0.008045683614909649
1,1,-1,-1,-1,1,-1,1,-1,-1,1,1,1,1,-1,1,1,1,-1,1,0.008846466429531574
1,1,-1,-1,-1,1,-1,1,-1,1,-1,-1,-1,1,1,-1,1,-1,1,1,0.00788604374974966
1,1,-1,-1,-1,1,-1,1,-1,1,-1,1,-1,1,-1,1,1,-1,1,1,0.007943028584122658
1,1,-1,-1,-1,1,-1,1,-1,1,-1,1,-1,1,-1,1,1,1,1,-1,0.00873520690947771
1,1,-1,-1,-1,1,-1,1,-1,1,-1,1,1,1,-1,1,-1,-1,-1,1,0.007514324504882097
1,1,-1,-1,-1,1,-1,1,-1,1,1,-1,-1,-1,1,-1,1,-1,-1,1,0.009532100521028042
1,1,-1,-1,-1,1,-1,1,-1,1,1,-1,-1,-1,1,1,-1,1,-1,1,0.009400902315974236
1,1,-1,-1,-1,1,-1,1,-1,1,1,-1,-1,1,1,1,-1,-1,1,-1,0.00826616957783699
1,1,-1,-1,-1,1,-1,1,-1,1,1,1,1,-1,-1,-1,-1,-1,1,-1,0.008450266905128956
1,1,-1,-1,-1,1,-1,1,1,-1,-1,-1,-1,1,-1,1,1,1,1,-1,0.008500459603965282
1,1,-1,-1,-1,1,-1,1,1,-1,-1,-1,1,-1,-1,-1,-1,-1,-1,1,0.0077556828036904335
1,1,-1,-1,-1,1,-1,1,1,-1,-1,-1,1,-1,1,1,1,-1,-1,1,0.00829092413187027
1,1,-1,-1,-1,1,-1,1,1,-1,-1,-1,1,1,-1,1,-1,-1,1,-1,0.007153341546654701
1,1,-1,-1,-1,1,-1,1,1,-1,-1,1,1,1,1,-1,-1,1,1,-1,0.006991381756961346
1,1,-1,-1,-1,1,-1,1,1,-1,1,-1,-1,-1,-1,1,-1,1,1,1,0.00863926112651825
1,1,-1,-1,-1,1,-1,1,1,-1,1,-1,-1,-1,1,1,-1,1,1,-1,0.008770700544118881
1,1,-1,-1,-1,1,-1,1,1,-1,1,-1,-1,1,-1,-1,-1,-1,1,1,0.007531836163252592
1,1,-1,-1,-1,1,-1,1,1,-1,1,-1,1,-1,1,-1,1,-1,-1,-1,0.009136783890426159
1,1,-1,-1,-1,1,-1,1,1,-1,1,-1,1,-1,1,1,-1,-1,-1,-1,0.00857212208211422
1,1,-1,-1,-1,1,-1,1,1,-1,1,1,-1,-1,-1,1,1,-1,1,-1,0.008958883583545685
1,1,-1,-1,-1,1,-1,1,1,-1,1,1,-1,1,-1,-1,-1,1,1,-1,0.008054795674979687
1,1,-1,-1,-1,1,-1,1,1,-1,1,1,1,1,1,-1,-1,1,1,1,0.0072187390178442
1,1,-1,-1,-1,1,-1,1,1,-1,1,1,1,1,1,1,1,-1,-1,-1,0.008391458541154861
1,1,-1,-1,-1,1,-1,1,1,1,-1,-1,1,-1,-1,1,1,-1,1,1,0.00838423240929842
1,1,-1,-1,-1,1,-1,1,1,1,-1,-1,1,-1,1,-1,1,-1,1,1,0.008058028295636177
1,1,-1,-1,-1,1,-1,1,1,1,-1,-1,1,1,-1,1,1,-1,1,-1,0.008167914114892483
1,1,-1,-1,-1,1,-1,1,1,1,-1,1,-1,1,-1,1,-1,1,-1,-1,0.00840358529239893
1,1,-1,-1,-1,1,-1,1,1,1,-1,1,1,-1,-1,-1,-1,-1,-1,1,0.00783744640648365
1,1,-1,-1,-1,1,-1,1,1,1,-1,1,1,-1,-1,1,-1,-1,-1,1,0.007936375215649605
1,1,-1,-1,-1,1,-1,1,1,1,-1,1,1,1,1,-1,-1,-1,1,-1,0.00690890196710825
1,1,-1,-1,-1,1,-1,1,1,1,1,-1,-1,-1,-1,-1,-1,-1,1,-1,0.008816568180918694
1,1,-1,-1,-1,1,-1,1,1,1,1,-1,1,-1,1,-1,1,-1,-1,1,0.009129051119089127
1,1,-1,-1,-1,1,-1,1,1,1,1,-1,1,-1,1,1,-1,-1,1,1,0.008079439401626587
1,1,-1,-1,-1,1,-1,1,1,1,1,1,-1,-1,1,1,1,1,-1,1,0.009642289020121098
1,1,-1,-1,-1,1,1,-1,-1,-1,-1,-1,-1,-1,1,1,-1,-1,1,-1,0.008549864403903484
1,1,-1,-1,-1,1,1,-1,-1,-1,-1,-1,1,1,-1,1,-1,-1,1,-1,0.007952041923999786
1,1,-1,-1,-1,1,1,-1,-1,-1,-1,1,-1,-1,1,-1,-1,-1,1,1,0.007823002524673939
1,1,-1,-1,-1,1,1,-1,-1,-1,1,-1,-1,-1,1,-1,-1,1,1,-1,0.009470472112298012
1,1,-1,-1,-1,1,1,-1,-1,-1,1,-1,-1,-1,1,1,-1,-1,-1,-1,0.009620888158679008
1,1,-1,-1,-1,1,1,-1,-1,-1,1,-1,-1,-1,1,1,1,-1,1,-1,0.009799526073038578
1,1,-1,-1,-1,1,1,-1,-1,-1,1,-1,-1,1,-1,-1,1,1,-1,1,0.009912539273500443
1,1,-1,-1,-1,1,1,-1,-1,-1,1,1,-1,-1,1,1,-1,1,1,1,0.008941465988755226
1,1,-1,-1,-1,1,1,-1,-1,-1,1,1,1,-1,1,-1,-1,-1,-1,-1,0.00900267530232668
1,1,-1,-1,-1,1,1,-1,-1,1,-1,-1,-1,-1,-1,-1,-1,-1,1,-1,0.009029196575284004
1,1,-1,-1,-1,1,1,-1,-1,1,-1,-1,1,-1,1,-1,-1,1,1,-1,0.008985317312180996
1,1,-1,-1,-1,1,1,-1,-1,1,-1,1,-1,1,-1,-1,1,1,1,1,0.00892328005284071
1,1,-1,-1,-1,1,1,-1,-1,1,-1,1,-1,1,-1,1,1,-1,-1,-1,0.009432411752641201
1,1,-1,-1,-1,1,1,-1,-1,1,-1,1,-1,1,1,-1,-1,1,-1,-1,0.008876081556081772
1,1,-1,-1,-1,1,1,-1,-1,1,-1,1,1,-1,-1,1,1,1,-1,-1,0.010190842673182487
1,1,-1,-1,-1,1,1,-1,-1,1,1,-1,-1,-1,-1,1,1,-1,1,1,0.010019070468842983
1,1,-1,-1,-1,1,1,-1,-1,1,1,-1,-1,1,1,-1,-1,-1,1,-1,0.008812958374619484
1,1,-1,-1,-1,1,1,-1,-1,1,1,-1,-1,1,1,1,1,-1,1,1,0.009216760285198689
1,1,-1,-1,-1,1,1,-1,-1,1,1,-1,1,-1,-1,-1,1,-1,1,1,0.0096700768917799
1,1,-1,-1,-1,1,1,-1,-1,1,1,1,-1,-1,-1,1,1,1,-1,1,0.010668265633285046
1,1,-1,-1,-1,1,1,-1,-1,1,1,1,1,-1,1,-1,1,-1,1,-1,0.009532297030091286
1,1,-1,-1,-1,1,1,-1,-1,1,1,1,1,1,1,-1,-1,-1,1,1,0.007934958674013615
1,1,-1,-1,-1,1,1,-1,1,-1,-1,-1,-1,1,1,-1,1,-1,1,1,0.00802779383957386
1,1,-1,-1,-1,1,1,-1,1,-1,-1,-1,-1,1,1,1,-1,1,-1,1,0.008381546474993229
1,1,-1,-1,-1,1,1,-1,1,-1,-1,1,1,-1,-1,-1,-1,1,-1,-1,0.008924359455704689
1,1,-1,-1,-1,1,1,-1,1,-1,-1,1,1,-1,-1,1,1,1,-1,-1,0.009686877019703388
1,1,-1,-1,-1,1,1,-1,1,-1,-1,1,1,1,-1,1,1,-1,1,1,0.007834712974727154
1,1,-1,-1,-1,1,1,-1,1,-1,-1,1,1,1,1,-1,1,-1,-1,-1,0.00835217535495758
1,1,-1,-1,-1,1,1,-1,1,-1,1,-1,-1,-1,1,-1,1,1,1,-1,0.00998107809573412
1,1,-1,-1,-1,1,1,-1,1,-1,1,-1,-1,-1,1,1,1,1,-1,-1,0.010564956814050674
1,1,-1,-1,-1,1,1,-1,1,-1,1,-1,-1,1,-1,-1,-1,1,-1,-1,0.009454682469367981
1,1,-1,-1,-1,1,1,-1,1,-1,1,-1,-1,1,-1,-1,1,1,1,1,0.00927460566163063
1,1,-1,-1,-1,1,1,-1,1,-1,1,1,-1,-1,1,1,1,-1,-1,1,0.009503559209406376
1,1,-1,-1,-1,1,1,-1,1,-1,1,1,-1,1,-1,1,1,1,-1,1,0.00958926510065794
1,1,-1,-1,-1,1,1,-1,1,-1,1,1,-1,1,1,1,1,1,-1,1,0.009361988864839077
1,1,-1,-1,-1,1,1,-1,1,-1,1,1,1,-1,1,1,-1,1,-1,-1,0.00938208308070898
1,1,-1,-1,-1,1,1,-1,1,-1,1,1,1,1,-1,-1,-1,1,1,1,0.008091731928288937
1,1,-1,-1,-1,1,1,-1,1,1,-1,-1,1,-1,-1,-1,1,-1,1,-1,0.009289736859500408
1,1,-1,-1,-1,1,1,-1,1,1,-1,-1,1,1,-1,-1,1,-1,1,1,0.008355987258255482
1,1,-1,-1,-1,1,1,-1,1,1,-1,-1,1,1,-1,1,-1,-1,-1,-1,0.008634992875158787
1,1,-1,-1,-1,1,1,-1,1,1,-1,-1,1,1,1,-1,-1,1,-1,1,0.008383535780012608
1,1,-1,-1,-1,1,1,-1,1,1,-1,1,-1,1,1,-1,-1,1,-1,-1,0.00872309785336256
1,1,-1,-1,-1,1,1,-1,1,1,-1,1,1,1,-1,-1,1,-1,-1,1,0.008571718819439411
1,1,-1,-1,-1,1,1,-1,1,1,-1,1,1,1,1,-1,1,-1,1,-1,0.008218207396566868
1,1,-1,-1,-1,1,1,-1,1,1,1,-1,-1,-1,-1,-1,-1,-1,1,-1,0.009462284855544567
1,1,-1,-1,-1,1,1,-1,1,1,1,-1,-1,-1,-1,1,1,1,1,1,0.010299550369381905
1,1,-1,-1,-1,1,1,-1,1,1,1,-1,-1,-1,1,-1,1,1,1,1,0.009973346255719662
1,1,-1,-1,-1,1,1,-1,1,1,1,-1,-1,1,1,1,-1,-1,1,-1,0.008758903481066227
1,1,-1,-1,-1,1,1,-1,1,1,1,1,-1,1,1,-1,-1,1,-1,-1,0.00930917076766491
1,1,-1,-1,-1,1,1,-1,1,1,1,1,1,1,-1,1,1,1,-1,-1,0.010048897936940193
1,1,-1,-1,-1,1,1,1,-1,-1,-1,-1,1,-1,1,-1,-1,-1,-1,1,0.008077944628894329
1,1,-1,-1,-1,1,1,1,-1,-1,-1,-1,1,-1,1,1,-1,-1,-1,1,0.008176872506737709
1,1,-1,-1,-1,1,1,1,-1,-1,-1,1,-1,1,-1,-1,-1,-1,-1,-1,0.008069748990237713
1,1,-1,-1,-1,1,1,1,-1,-1,-1,1,-1,1,1,1,-1,1,-1,-1,0.008374864235520363
1,1,-1,-1,-1,1,1,1,-1,-1,1,-1,1,1,-1,1,1,1,1,1,0.009027289226651192
1,1,-1,-1,-1,1,1,1,-1,-1,1,-1,1,1,1,-1,-1,1,-1,-1,0.008881162852048874
1,1,-1,-1,-1,1,1,1,-1,-1,1,1,1,-1,-1,-1,1,-1,1,1,0.008800712414085865
1,1,-1,-1,-1,1,1,1,-1,-1,1,1,1,-1,-1,1,-1,-1,-1,-1,0.00907971803098917
1,1,-1,-1,-1,1,1,1,-1,1,-1,-1,-1,1,1,1,-1,1,1,-1,0.008510115556418896
1,1,-1,-1,-1,1,1,1,-1,1,-1,-1,1,-1,-1,-1,-1,1,-1,1,0.009089667350053787
1,1,-1,-1,-1,1,1,1,-1,1,-1,-1,1,1,1,1,-1,1,-1,1,0.008386285975575447
1,1,-1,-1,-1,1,1,1,-1,1,-1,-1,1,1,1,1,1,1,1,1,0.008564923889935017
1,1,-1,-1,-1,1,1,1,-1,1,-1,1,1,-1,-1,1,1,1,-1,-1,0.009941681288182735
1,1,-1,-1,-1,1,1,1,-1,1,-1,1,1,1,1,1,-1,-1,-1,1,0.0076836030930280685
1,1,-1,-1,-1,1,1,1,-1,1,1,-1,-1,1,-1,1,-1,-1,1,1,0.00853128544986248
1,1,-1,-1,-1,1,1,1,-1,1,1,-1,1,1,1,-1,1,1,1,1,0.009052068926393986
1,1,-1,-1,-1,1,1,1,-1,1,1,1,-1,-1,-1,-1,-1,-1,1,1,0.008738172240555286
1,1,-1,-1,-1,1,1,1,-1,1,1,1,1,-1,1,1,-1,-1,1,-1,0.008718473836779594
1,1,-1,-1,-1,1,1,1,-1,1,1,1,1,1,-1,-1,-1,-1,-1,-1,0.00875673908740282
1,1,-1,-1,-1,1,1,1,1,-1,-1,-1,-1,-1,1,-1,1,-1,1,-1,0.00871238112449646
1,1,-1,-1,-1,1,1,1,1,-1,-1,-1,-1,1,-1,1,-1,1,-1,1,0.00835966132581234
1,1,-1,-1,-1,1,1,1,1,-1,-1,-1,1,-1,-1,1,1,-1,-1,-1,0.009273470379412174
1,1,-1,-1,-1,1,1,1,1,-1,-1,-1,1,1,-1,1,-1,1,-1,-1,0.00846831128001213
1,1,-1,-1,-1,1,1,1,1,-1,-1,-1,1,1,1,1,1,-1,-1,-1,0.00847116019576788
1,1,-1,-1,-1,1,1,1,1,-1,-1,1,1,-1,1,1,1,-1,-1,-1,0.00877697579562664
1,1,-1,-1,-1,1,1,1,1,-1,1,-1,-1,-1,1,-1,1,1,1,1,0.009373201057314873
1,1,-1,-1,-1,1,1,1,1,-1,1,-1,-1,-1,1,1,1,1,1,1,0.009472128935158253
1,1,-1,-1,-1,1,1,1,1,-1,1,1,1,-1,-1,-1,-1,-1,-1,-1,0.008827806450426579
1,1,-1,-1,-1,1,1,1,1,-1,1,1,1,-1,-1,1,1,1,-1,-1,0.01002378761768341
1,1,-1,-1,-1,1,1,1,1,-1,1,1,1,-1,1,1,1,1,-1,1,0.009437795728445053
1,1,-1,-1,-1,1,1,1,1,1,-1,-1,-1,-1,1,-1,1,-1,-1,1,0.009189599193632603
1,1,-1,-1,-1,1,1,1,1,1,-1,-1,1,-1,-1,1,-1,-1,1,1,0.008117198012769222
1,1,-1,-1,-1,1,1,1,1,1,-1,1,1,-1,1,-1,1,-1,1,1,0.008185364305973053
1,1,-1,-1,-1,1,1,1,1,1,1,-1,1,-1,1,-1,1,1,1,1,0.009474119171500206
1,1,-1,-1,-1,1,1,1,1,1,1,-1,1,1,-1,1,-1,-1,-1,1,0.008613187819719315
1,1,-1,-1,-1,1,1,1,1,1,1,1,-1,-1,-1,-1,1,-1,1,1,0.009248778223991394
1,1,-1,-1,-1,1,1,1,1,1,1,1,1,1,1,1,1,-1,-1,-1,0.009138996712863445
1,1,-1,-1,1,-1,-1,-1,-1,-1,-1,-1,-1,-1,-1,1,1,-1,-1,1,0.009585177525877953
1,1,-1,-1,1,-1,-1,-1,-1,-1,-1,-1,-1,1,1,-1,-1,1,-1,1,0.008453813381493092
1,1,-1,-1,1,-1,-1,-1,-1,-1,-1,-1,1,1,1,1,-1,-1,-1,1,0.007869211956858635
1,1,-1,-1,1,-1,-1,-1,-1,-1,-1,1,-1,1,-1,-1,-1,-1,1,1,0.007493455894291401
1,1,-1,-1,1,-1,-1,-1,-1,-1,-1,1,1,1,-1,1,-1,-1,1,1,0.0073423185385763645
1,1,-1,-1,1,-1,-1,-1,-1,-1,1,-1,-1,1,-1,-1,1,-1,1,1,0.00901233684271574
1,1,-1,-1,1,-1,-1,-1,-1,-1,1,-1,-1,1,1,-1,-1,1,-1,-1,0.00939860101789236
1,1,-1,-1,1,-1,-1,-1,-1,-1,1,-1,1,-1,-1,1,-1,1,-1,1,0.009691057726740837
1,1,-1,-1,1,-1,-1,-1,-1,-1,1,-1,1,1,1,1,1,1,1,1,0.009067386388778687
1,1,-1,-1,1,-1,-1,-1,-1,-1,1,1,-1,-1,1,-1,1,1,-1,1,0.010009289719164371
1,1,-1,-1,1,-1,-1,-1,-1,1,-1,-1,-1,-1,1,-1,-1,1,1,1,0.00889487937092781
1,1,-1,-1,1,-1,-1,-1,-1,1,-1,-1,-1,1,1,-1,1,-1,1,1,0.008549971505999565
1,1,-1,-1,1,-1,-1,-1,-1,1,-1,-1,1,-1,-1,1,1,1,1,1,0.009634607471525669
1,1,-1,-1,1,-1,-1,-1,-1,1,-1,-1,1,-1,1,-1,-1,1,-1,-1,0.009488480165600777
1,1,-1,-1,1,-1,-1,-1,-1,1,-1,-1,1,-1,1,1,1,1,-1,1,0.009892282076179981
1,1,-1,-1,1,-1,-1,-1,-1,1,-1,-1,1,1,-1,-1,1,1,-1,1,0.009445596486330032
1,1,-1,-1,1,-1,-1,-1,-1,1,-1,1,1,-1,-1,1,1,1,1,1,0.009365388192236423
1,1,-1,-1,1,-1,-1,-1,-1,1,-1,1,1,1,1,1,1,-1,1,-1,0.00848833005875349
1,1,-1,-1,1,-1,-1,-1,-1,1,1,1,-1,1,1,-1,1,-1,1,-1,0.009225540794432163
1,1,-1,-1,1,-1,-1,-1,1,-1,-1,-1,-1,-1,-1,1,1,-1,1,1,0.008947242982685566
1,1,-1,-1,1,-1,-1,-1,1,-1,-1,-1,1,-1,1,-1,1,1,1,-1,0.009163151495158672
1,1,-1,-1,1,-1,-1,-1,1,-1,-1,-1,1,1,-1,-1,-1,-1,-1,1,0.007844577543437481
1,1,-1,-1,1,-1,-1,-1,1,-1,1,-1,-1,-1,-1,-1,-1,-1,1,-1,0.009129513055086136
1,1,-1,-1,1,-1,-1,-1,1,-1,1,-1,-1,-1,-1,1,1,-1,-1,-1,0.01037698145955801
1,1,-1,-1,1,-1,-1,-1,1,-1,1,-1,1,1,-1,1,-1,-1,1,-1,0.008403342217206955
1,1,-1,-1,1,-1,-1,-1,1,-1,1,1,-1,1,1,1,-1,-1,-1,-1,0.008641863241791725
1,1,-1,-1,1,-1,-1,-1,1,1,-1,-1,-1,-1,-1,1,1,1,1,-1,0.010090405121445656
1,1,-1,-1,1,-1,-1,-1,1,1,-1,-1,-1,1,1,-1,1,-1,1,1,0.008396987803280354
1,1,-1,-1,1,-1,-1,-1,1,1,-1,-1,1,-1,1,-1,1,1,-1,-1,0.009999086149036884
1,1,-1,-1,1,-1,-1,-1,1,1,-1,-1,1,1,-1,-1,-1,-1,1,1,0.007710609585046768
1,1,-1,-1,1,-1,-1,-1,1,1,-1,-1,1,1,1,1,-1,-1,1,1,0.007582261227071285
1,1,-1,-1,1,-1,-1,-1,1,1,-1,1,-1,-1,-1,1,1,1,1,-1,0.00982118584215641
1,1,-1,-1,1,-1,-1,-1,1,1,1,-1,-1,-1,-1,-1,-1,1,1,1,0.009555244818329811
1,1,-1,-1,1,-1,-1,-1,1,1,1,-1,-1,1,-1,-1,1,1,-1,-1,0.010487466119229794
1,1,-1,-1,1,-1,-1,-1,1,1,1,-1,1,1,1,-1,1,-1,1,1,0.008732995018362999
1,1,-1,-1,1,-1,-1,-1,1,1,1,1,-1,-1,-1,1,1,-1,1,-1,0.009973795153200626
1,1,-1,-1,1,-1,-1,-1,1,1,1,1,-1,1,1,-1,1,1,1,-1,0.009506020694971085
1,1,-1,-1,1,-1,-1,-1,1,1,1,1,1,-1,1,1,-1,-1,1,1,0.008474147878587246
1,1,-1,-1,1,-1,-1,-1,1,1,1,1,1,1,-1,-1,-1,-1,1,-1,0.008386177942156792
1,1,-1,-1,1,-1,-1,-1,1,1,1,1,1,1,-1,1,-1,1,1,-1,0.008918569423258305
1,1,-1,-1,1,-1,-1,1,-1,-1,-1,-1,-1,-1,1,-1,-1,-1,1,-1,0.008219986222684383
1,1,-1,-1,1,-1,-1,1,-1,-1,-1,-1,1,1,-1,1,1,-1,-1,-1,0.00886963214725256
1,1,-1,-1,1,-1,-1,1,-1,-1,-1,1,-1,-1,1,-1,-1,-1,-1,1,0.008077003061771393
1,1,-1,-1,1,-1,-1,1,-1,-1,-1,1,1,-1,-1,1,-1,-1,-1,-1,0.008511857129633427
1,1,-1,-1,1,-1,-1,1,-1,-1,1,-1,-1,1,-1,1,1,-1,-1,1,0.009347054176032543
1,1,-1,-1,1,-1,-1,1,-1,-1,1,1,-1,-1,-1,-1,1,1,1,1,0.009502452798187733
1,1,-1,-1,1,-1,-1,1,-1,-1,1,1,-1,-1,1,-1,1,-1,1,-1,0.009200429543852806
1,1,-1,-1,1,-1,-1,1,-1,-1,1,1,-1,1,1,-1,1,-1,1,-1,0.008625395596027374
1,1,-1,-1,1,-1,-1,1,-1,-1,1,1,-1,1,1,1,-1,1,-1,1,0.008620432578027248
1,1,-1,-1,1,-1,-1,1,-1,-1,1,1,1,1,1,-1,1,-1,-1,1,0.008501565083861351
1,1,-1,-1,1,-1,-1,1,-1,-1,1,1,1,1,1,1,-1,1,1,1,0.007885416969656944
1,1,-1,-1,1,-1,-1,1,-1,1,-1,-1,-1,-1,1,-1,1,-1,1,1,0.00887584313750267
1,1,-1,-1,1,-1,-1,1,-1,1,-1,-1,-1,1,1,1,-1,1,-1,1,0.008654562756419182
1,1,-1,-1,1,-1,-1,1,-1,1,-1,-1,1,-1,-1,1,-1,-1,-1,-1,0.009132059291005135
1,1,-1,-1,1,-1,-1,1,-1,1,-1,1,-1,-1,1,1,-1,-1,1,-1,0.008400678634643555
1,1,-1,-1,1,-1,-1,1,-1,1,-1,1,-1,-1,1,1,1,1,1,-1,0.009497730992734432
1,1,-1,-1,1,-1,-1,1,-1,1,-1,1,1,-1,-1,-1,1,1,-1,1,0.009502249769866467
1,1,-1,-1,1,-1,-1,1,-1,1,-1,1,1,1,-1,-1,-1,1,-1,-1,0.00862234178930521
1,1,-1,-1,1,-1,-1,1,-1,1,1,-1,-1,-1,-1,1,1,-1,-1,-1,0.010631786659359932
1,1,-1,-1,1,-1,-1,1,-1,1,1,1,1,-1,1,-1,-1,1,-1,-1,0.009556171484291553
1,1,-1,-1,1,-1,-1,1,1,-1,-1,1,1,-1,1,1,1,1,-1,1,0.00886993482708931
1,1,-1,-1,1,-1,-1,1,1,-1,1,-1,-1,1,1,-1,-1,-1,-1,-1,0.008562993258237839
1,1,-1,-1,1,-1,-1,1,1,-1,1,-1,1,-1,-1,1,1,-1,-1,1,0.00951903872191906
1,1,-1,-1,1,-1,-1,1,1,-1,1,-1,1,-1,1,1,1,1,-1,-1,0.010083941742777824
1,1,-1,-1,1,-1,-1,1,1,-1,1,1,1,-1,-1,-1,1,1,1,1,0.009099404327571392
1,1,-1,-1,1,-1,-1,1,1,1,-1,-1,-1,1,-1,-1,-1,-1,-1,-1,0.008555179461836815
1,1,-1,-1,1,-1,-1,1,1,1,-1,-1,1,-1,-1,-1,-1,1,-1,-1,0.009313611313700676
1,1,-1,-1,1,-1,-1,1,1,1,-1,1,1,1,-1,1,1,-1,1,-1,0.00831346120685339
1,1,-1,-1,1,-1,-1,1,1,1,1,-1,-1,-1,-1,1,1,1,1,-1,0.010427315719425678
1,1,-1,-1,1,-1,-1,1,1,1,1,-1,-1,1,-1,-1,-1,-1,1,-1,0.008656301535665989
1,1,-1,-1,1,-1,-1,1,1,1,1,1,-1,1,1,1,1,1,1,1,0.008997070603072643
1,1,-1,-1,1,-1,-1,1,1,1,1,1,1,-1,1,-1,-1,1,1,-1,0.008918236941099167
1,1,-1,-1,1,-1,-1,1,1,1,1,1,1,-1,1,1,1,-1,-1,-1,0.009732242673635483
1,1,-1,-1,1,-1,1,-1,-1,-1,-1,-1,-1,1,1,1,1,1,1,1,0.009127934463322163
1,1,-1,-1,1,-1,1,-1,-1,-1,-1,-1,1,-1,1,-1,1,1,-1,1,0.009838925674557686
1,1,-1,-1,1,-1,1,-1,-1,-1,-1,-1,1,1,-1,-1,1,-1,-1,-1,0.009416420944035053
1,1,-1,-1,1,-1,1,-1,-1,-1,-1,1,1,-1,1,1,1,1,1,1,0.009183683432638645
1,1,-1,-1,1,-1,1,-1,-1,-1,-1,1,1,1,-1,-1,-1,1,-1,1,0.008558359928429127
1,1,-1,-1,1,-1,1,-1,-1,-1,-1,1,1,1,-1,1,-1,1,1,-1,0.008531052619218826
1,1,-1,-1,1,-1,1,-1,-1,-1,1,-1,-1,1,-1,-1,1,-1,1,-1,0.009767607785761356
1,1,-1,-1,1,-1,1,-1,-1,-1,1,-1,-1,1,-1,1,1,-1,-1,-1,0.010351486504077911
1,1,-1,-1,1,-1,1,-1,-1,-1,1,1,-1,1,-1,1,1,-1,-1,1,0.009723551571369171
1,1,-1,-1,1,-1,1,-1,-1,-1,1,1,1,-1,1,-1,1,-1,1,1,0.009237364865839481
1,1,-1,-1,1,-1,1,-1,-1,1,-1,-1,-1,-1,1,-1,1,-1,-1,-1,0.010365226306021214
1,1,-1,-1,1,-1,1,-1,-1,1,-1,-1,1,1,1,-1,1,1,1,1,0.009129924699664116
1,1,-1,-1,1,-1,1,-1,-1,1,-1,1,1,1,-1,-1,-1,-1,1,1,0.007990929298102856
1,1,-1,-1,1,-1,1,-1,-1,1,-1,1,1,1,-1,-1,-1,1,1,1,0.008424391970038414
1,1,-1,-1,1,-1,1,-1,-1,1,1,-1,-1,1,-1,1,-1,1,-1,-1,0.010472343303263187
1,1,-1,-1,1,-1,1,-1,-1,1,1,-1,1,1,1,1,-1,1,-1,-1,0.009995002299547195
1,1,-1,-1,1,-1,1,-1,1,-1,-1,-1,-1,-1,-1,-1,1,1,-1,-1,0.010521999560296535
1,1,-1,-1,1,-1,1,-1,1,-1,-1,-1,-1,1,-1,-1,1,1,-1,1,0.009588250890374184
1,1,-1,-1,1,-1,1,-1,1,-1,-1,-1,-1,1,1,-1,-1,-1,1,1,0.0077789705246686935
1,1,-1,-1,1,-1,1,-1,1,-1,-1,1,-1,1,-1,-1,-1,-1,1,-1,0.008095743134617805
1,1,-1,-1,1,-1,1,-1,1,-1,-1,1,-1,1,1,1,1,1,1,-1,0.009064448066055775
1,1,-1,-1,1,-1,1,-1,1,-1,-1,1,1,-1,-1,1,1,-1,-1,1,0.009309464134275913
1,1,-1,-1,1,-1,1,-1,1,-1,-1,1,1,-1,1,1,-1,-1,-1,1,0.008418599143624306
1,1,-1,-1,1,-1,1,-1,1,-1,1,-1,-1,1,1,-1,1,-1,1,-1,0.009387347847223282
1,1,-1,-1,1,-1,1,-1,1,-1,1,-1,-1,1,1,1,1,1,-1,-1,0.01040469016879797
1,1,-1,-1,1,-1,1,-1,1,-1,1,-1,1,1,-1,-1,-1,1,-1,1,0.00926066841930151
1,1,-1,-1,1,-1,1,-1,1,-1,1,1,-1,1,1,1,1,1,-1,1,0.00977675523608923
1,1,-1,-1,1,-1,1,-1,1,-1,1,1,1,1,-1,1,-1,-1,-1,1,0.008656913414597511
1,1,-1,-1,1,-1,1,-1,1,-1,1,1,1,1,-1,1,-1,-1,1,-1,0.008530678227543831
1,1,-1,-1,1,-1,1,-1,1,-1,1,1,1,1,1,1,1,-1,-1,-1,0.009451942518353462
1,1,-1,-1,1,-1,1,-1,1,1,-1,1,1,1,-1,1,1,-1,1,1,0.008600463159382343
1,1,-1,-1,1,-1,1,-1,1,1,-1,1,1,1,1,1,-1,1,1,-1,0.008501776494085789
1,1,-1,-1,1,-1,1,-1,1,1,1,-1,-1,-1,-1,1,1,-1,-1,1,0.0107658039778471
1,1,-1,-1,1,-1,1,-1,1,1,1,-1,-1,1,1,1,1,1,-1,1,0.010396957397460938
1,1,-1,-1,1,-1,1,-1,1,1,1,1,-1,-1,-1,1,-1,1,-1,1,0.010266459546983242
1,1,-1,-1,1,-1,1,-1,1,1,1,1,-1,1,1,1,1,1,1,1,0.009642787277698517
1,1,-1,-1,1,-1,1,-1,1,1,1,1,1,1,-1,-1,-1,-1,1,-1,0.008782733231782913
1,1,-1,-1,1,-1,1,-1,1,1,1,1,1,1,1,-1,1,1,1,1,0.009293794631958008
1,1,-1,-1,1,-1,1,1,-1,-1,-1,-1,-1,1,-1,-1,1,-1,-1,-1,0.00941732432693243
1,1,-1,-1,1,-1,1,1,-1,-1,-1,-1,-1,1,-1,1,1,1,1,1,0.009106049314141273
1,1,-1,-1,1,-1,1,1,-1,-1,-1,-1,1,-1,-1,-1,-1,1,-1,-1,0.009512166492640972
1,1,-1,-1,1,-1,1,1,-1,-1,-1,-1,1,1,1,-1,1,-1,-1,1,0.008581266738474369
1,1,-1,-1,1,-1,1,1,-1,-1,-1,1,-1,-1,-1,1,-1,-1,1,1,0.008314810693264008
1,1,-1,-1,1,-1,1,1,-1,-1,-1,1,-1,-1,1,1,-1,-1,-1,-1,0.008931200951337814
1,1,-1,-1,1,-1,1,1,-1,-1,-1,1,-1,-1,1,1,1,-1,-1,1,0.009236074984073639
1,1,-1,-1,1,-1,1,1,-1,-1,-1,1,-1,1,-1,-1,1,-1,1,1,0.008304438553750515
1,1,-1,-1,1,-1,1,1,-1,-1,-1,1,-1,1,-1,-1,1,1,1,1,0.008737902157008648
1,1,-1,-1,1,-1,1,1,-1,-1,-1,1,-1,1,1,-1,1,-1,1,1,0.008077163249254227
1,1,-1,-1,1,-1,1,1,-1,-1,-1,1,-1,1,1,1,-1,-1,1,1,0.0075125014409422874
1,1,-1,-1,1,-1,1,1,-1,-1,-1,1,1,-1,-1,-1,-1,1,-1,1,0.008884232491254807
1,1,-1,-1,1,-1,1,1,-1,-1,-1,1,1,-1,-1,-1,1,-1,1,1,0.008629406802356243
1,1,-1,-1,1,-1,1,1,-1,-1,-1,1,1,1,1,1,-1,1,-1,-1,0.008539565838873386
1,1,-1,-1,1,-1,1,1,-1,-1,-1,1,1,1,1,1,1,1,1,-1,0.008718203753232956
1,1,-1,-1,1,-1,1,1,-1,-1,1,-1,-1,-1,1,-1,-1,1,-1,-1,0.010121027939021587
1,1,-1,-1,1,-1,1,1,-1,-1,1,-1,-1,1,-1,-1,1,1,-1,-1,0.010436859913170338
1,1,-1,-1,1,-1,1,1,-1,-1,1,-1,1,-1,1,-1,-1,1,-1,1,0.009512247517704964
1,1,-1,-1,1,-1,1,1,-1,-1,1,-1,1,1,-1,1,1,1,1,-1,0.009800771251320839
1,1,-1,-1,1,-1,1,1,-1,-1,1,1,-1,-1,1,-1,-1,-1,1,-1,0.008933395147323608
1,1,-1,-1,1,-1,1,1,-1,1,-1,-1,-1,1,-1,-1,1,1,-1,1,0.009843055158853531
1,1,-1,-1,1,-1,1,1,-1,1,-1,-1,-1,1,-1,1,1,-1,-1,1,0.009508520364761353
1,1,-1,-1,1,-1,1,1,-1,1,-1,-1,1,-1,1,1,1,-1,-1,-1,0.009964927099645138
1,1,-1,-1,1,-1,1,1,-1,1,-1,-1,1,1,-1,1,1,1,1,-1,0.009565682150423527
1,1,-1,-1,1,-1,1,1,-1,1,-1,1,-1,-1,-1,1,1,-1,-1,-1,0.010173049755394459
1,1,-1,-1,1,-1,1,1,-1,1,-1,1,1,-1,-1,1,1,1,1,1,0.009512781165540218
1,1,-1,-1,1,-1,1,1,-1,1,1,1,-1,-1,1,-1,1,1,1,1,0.010022714734077454
1,1,-1,-1,1,-1,1,1,-1,1,1,1,-1,-1,1,1,1,1,1,-1,0.010480359196662903
1,1,-1,-1,1,-1,1,1,-1,1,1,1,-1,1,-1,-1,-1,1,-1,1,0.009496319107711315
1,1,-1,-1,1,-1,1,1,-1,1,1,1,-1,1,1,-1,-1,1,-1,-1,0.009627758525311947
1,1,-1,-1,1,-1,1,1,-1,1,1,1,1,-1,1,-1,-1,-1,-1,1,0.009160547517240047
1,1,-1,-1,1,-1,1,1,-1,1,1,1,1,-1,1,-1,-1,-1,1,-1,0.009034312330186367
1,1,-1,-1,1,-1,1,1,1,-1,-1,-1,-1,1,-1,1,1,1,1,1,0.008953065611422062
1,1,-1,-1,1,-1,1,1,1,-1,-1,-1,1,1,-1,-1,1,-1,1,-1,0.00852932408452034
1,1,-1,-1,1,-1,1,1,1,-1,-1,1,-1,1,-1,1,1,-1,1,1,0.008250383660197258
1,1,-1,-1,1,-1,1,1,1,-1,1,-1,-1,-1,-1,1,1,-1,-1,-1,0.01052437536418438
1,1,-1,-1,1,-1,1,1,1,-1,1,-1,-1,-1,1,-1,1,1,-1,1,0.0102729182690382
1,1,-1,-1,1,-1,1,1,1,-1,1,-1,-1,1,1,-1,-1,-1,1,1,0.00811588205397129
1,1,-1,-1,1,-1,1,1,1,-1,1,-1,-1,1,1,-1,-1,1,-1,1,0.009034295566380024
1,1,-1,-1,1,-1,1,1,1,-1,1,-1,-1,1,1,-1,1,-1,-1,-1,0.009623137302696705
1,1,-1,-1,1,-1,1,1,1,-1,1,1,-1,-1,-1,-1,1,-1,1,1,0.009312561713159084
1,1,-1,-1,1,-1,1,1,1,-1,1,1,-1,-1,1,1,-1,-1,1,1,0.008520623669028282
1,1,-1,-1,1,-1,1,1,1,-1,1,1,-1,1,1,-1,1,1,-1,-1,0.009787381626665592
1,1,-1,-1,1,-1,1,1,1,1,-1,-1,-1,1,1,-1,1,-1,-1,-1,0.009388048201799393
1,1,-1,-1,1,-1,1,1,1,1,-1,1,-1,-1,1,-1,-1,1,-1,-1,0.009463736787438393
1,1,-1,-1,1,-1,1,1,1,1,-1,1,-1,-1,1,1,-1,1,1,1,0.008718998171389103
1,1,-1,-1,1,-1,1,1,1,1,-1,1,1,1,1,1,1,-1,1,1,0.008124024607241154
1,1,-1,-1,1,-1,1,1,1,1,1,-1,-1,1,1,1,-1,1,-1,-1,0.009842921979725361
1,1,-1,-1,1,-1,1,1,1,1,1,-1,1,-1,1,-1,-1,-1,-1,1,0.009276784025132656
1,1,-1,-1,1,-1,1,1,1,1,1,-1,1,1,1,-1,-1,-1,1,1,0.00821679923683405
1,1,-1,-1,1,-1,1,1,1,1,1,1,1,-1,1,1,1,1,1,1,0.009718594141304493
1,1,-1,-1,1,1,-1,-1,-1,-1,-1,-1,1,-1,1,-1,-1,1,-1,-1,0.009405490942299366
1,1,-1,-1,1,1,-1,-1,-1,-1,-1,1,-1,1,1,1,-1,1,1,-1,0.008425280451774597
1,1,-1,-1,1,1,-1,-1,-1,-1,-1,1,-1,1,1,1,1,1,-1,1,0.009215105324983597
1,1,-1,-1,1,1,-1,-1,-1,-1,1,-1,-1,-1,-1,1,-1,-1,-1,1,0.00977565348148346
1,1,-1,-1,1,1,-1,-1,-1,-1,1,-1,1,1,1,1,-1,1,1,1,0.008671791292726994
1,1,-1,-1,1,1,-1,-1,-1,-1,1,1,1,1,1,-1,-1,1,1,-1,0.008662359789013863
1,1,-1,-1,1,1,-1,-1,-1,1,-1,-1,-1,-1,1,1,-1,1,1,-1,0.009620516560971737
1,1,-1,-1,1,1,-1,-1,-1,1,-1,-1,-1,1,-1,-1,-1,1,-1,1,0.009300066158175468
1,1,-1,-1,1,1,-1,-1,-1,1,-1,-1,-1,1,-1,-1,1,-1,-1,1,0.009530192241072655
1,1,-1,-1,1,1,-1,-1,-1,1,-1,-1,1,-1,-1,1,1,1,1,1,0.00990260113030672
1,1,-1,-1,1,1,-1,-1,-1,1,-1,1,-1,-1,1,1,1,-1,-1,1,0.009707658551633358
1,1,-1,-1,1,1,-1,-1,-1,1,-1,1,-1,1,1,1,-1,1,1,1,0.008417547680437565
1,1,-1,-1,1,1,-1,-1,-1,1,-1,1,1,-1,-1,-1,1,1,-1,1,0.01001940481364727
1,1,-1,-1,1,1,-1,-1,-1,1,-1,1,1,-1,1,-1,-1,-1,1,1,0.00821012444794178
1,1,-1,-1,1,1,-1,-1,-1,1,1,-1,-1,-1,-1,-1,1,-1,-1,-1,0.011050013825297356
1,1,-1,-1,1,1,-1,-1,-1,1,1,-1,-1,-1,-1,1,1,1,-1,-1,0.011582405306398869
1,1,-1,-1,1,1,-1,-1,-1,1,1,-1,-1,1,1,-1,-1,1,-1,-1,0.010017577558755875
1,1,-1,-1,1,1,-1,-1,-1,1,1,1,-1,-1,1,1,1,1,-1,1,0.010727194137871265
1,1,-1,-1,1,1,-1,-1,-1,1,1,1,-1,1,-1,-1,-1,1,1,-1,0.009490684606134892
1,1,-1,-1,1,1,-1,-1,-1,1,1,1,1,-1,1,1,-1,1,1,1,0.009328588843345642
1,1,-1,-1,1,1,-1,-1,1,-1,-1,-1,1,-1,-1,-1,1,1,1,-1,0.009658422321081161
1,1,-1,-1,1,1,-1,-1,1,-1,-1,-1,1,-1,1,-1,1,-1,-1,1,0.009123917669057846
1,1,-1,-1,1,1,-1,-1,1,-1,-1,-1,1,1,-1,-1,-1,1,-1,-1,0.008904749527573586
1,1,-1,-1,1,1,-1,-1,1,-1,-1,1,1,-1,-1,1,1,1,-1,-1,0.009973081760108471
1,1,-1,-1,1,1,-1,-1,1,-1,-1,1,1,-1,1,1,-1,-1,-1,-1,0.00864875316619873
1,1,-1,-1,1,1,-1,-1,1,-1,-1,1,1,1,-1,1,1,-1,1,1,0.008120918646454811
1,1,-1,-1,1,1,-1,-1,1,-1,1,-1,-1,1,1,-1,-1,1,1,-1,0.009028660133481026
1,1,-1,-1,1,1,-1,-1,1,-1,1,-1,1,1,1,-1,-1,-1,1,-1,0.008345131762325764
1,1,-1,-1,1,1,-1,-1,1,-1,1,-1,1,1,1,-1,1,-1,1,-1,0.009008721448481083
1,1,-1,-1,1,1,-1,-1,1,-1,1,-1,1,1,1,1,1,1,1,1,0.009182397276163101
1,1,-1,-1,1,1,-1,-1,1,-1,1,1,-1,-1,-1,-1,1,1,-1,1,0.010351575911045074
1,1,-1,-1,1,1,-1,-1,1,-1,1,1,-1,1,1,1,1,1,-1,-1,0.010006910189986229
1,1,-1,-1,1,1,-1,-1,1,-1,1,1,1,1,1,-1,1,-1,-1,1,0.008865737356245518
1,1,-1,-1,1,1,-1,-1,1,1,-1,-1,-1,-1,-1,-1,-1,1,1,-1,0.009595881216228008
1,1,-1,-1,1,1,-1,-1,1,1,-1,-1,-1,-1,-1,1,-1,-1,-1,1,0.00938758160918951
1,1,-1,-1,1,1,-1,-1,1,1,-1,-1,1,-1,-1,1,-1,1,-1,-1,0.00992969423532486
1,1,-1,-1,1,1,-1,-1,1,1,-1,1,1,1,-1,-1,-1,1,-1,-1,0.008986514061689377
1,1,-1,-1,1,1,-1,-1,1,1,1,-1,-1,1,1,1,1,1,-1,-1,0.010627111420035362
1,1,-1,-1,1,1,-1,-1,1,1,1,-1,1,-1,1,-1,1,-1,-1,-1,0.010419689118862152
1,1,-1,-1,1,1,-1,1,-1,-1,-1,1,-1,1,-1,1,-1,1,1,-1,0.008403395302593708
1,1,-1,-1,1,1,-1,1,-1,-1,-1,1,1,-1,-1,-1,-1,-1,-1,-1,0.008680922910571098
1,1,-1,-1,1,1,-1,1,-1,-1,-1,1,1,-1,-1,1,1,-1,1,-1,0.008958488702774048
1,1,-1,-1,1,1,-1,1,-1,-1,1,-1,-1,-1,-1,1,1,-1,-1,-1,0.010548796504735947
1,1,-1,-1,1,1,-1,1,-1,-1,1,-1,1,-1,-1,-1,1,1,1,1,0.009789600037038326
1,1,-1,-1,1,1,-1,1,-1,-1,1,1,-1,1,-1,1,-1,-1,1,1,0.00819728896021843
1,1,-1,-1,1,1,-1,1,-1,-1,1,1,1,1,-1,-1,-1,-1,-1,1,0.008333246223628521
1,1,-1,-1,1,1,-1,1,-1,-1,1,1,1,1,1,-1,1,-1,-1,1,0.008769558742642403
1,1,-1,-1,1,1,-1,1,-1,1,-1,-1,1,1,-1,1,-1,1,1,-1,0.008773531764745712
1,1,-1,-1,1,1,-1,1,-1,1,-1,-1,1,1,1,1,1,-1,1,1,0.008417665958404541
1,1,-1,-1,1,1,-1,1,-1,1,-1,1,-1,1,-1,1,-1,-1,1,-1,0.008320914581418037
1,1,-1,-1,1,1,-1,1,-1,1,-1,1,1,-1,-1,-1,1,1,-1,1,0.009770243428647518
1,1,-1,-1,1,1,-1,1,-1,1,-1,1,1,-1,-1,1,1,-1,1,-1,0.009309472516179085
1,1,-1,-1,1,1,-1,1,-1,1,1,-1,-1,-1,-1,1,-1,1,-1,1,0.010310938581824303
1,1,-1,-1,1,1,-1,1,-1,1,1,-1,-1,1,1,1,-1,-1,-1,1,0.00907516572624445
1,1,-1,-1,1,1,-1,1,-1,1,1,1,1,-1,-1,1,1,-1,-1,-1,0.010380495339632034
1,1,-1,-1,1,1,-1,1,1,-1,-1,-1,-1,-1,1,-1,1,-1,-1,-1,0.009483536705374718
1,1,-1,-1,1,1,-1,1,1,-1,-1,-1,-1,1,-1,-1,-1,-1,-1,1,0.00811347458511591
1,1,-1,-1,1,1,-1,1,1,-1,-1,-1,1,-1,1,1,1,-1,-1,-1,0.009332399815320969
1,1,-1,-1,1,1,-1,1,1,-1,-1,-1,1,1,1,1,1,-1,1,1,0.007913699373602867
1,1,-1,-1,1,1,-1,1,1,-1,-1,1,-1,-1,1,-1,-1,1,1,1,0.00814052578061819
1,1,-1,-1,1,1,-1,1,1,-1,-1,1,1,-1,-1,1,-1,-1,1,-1,0.008141916245222092
1,1,-1,-1,1,1,-1,1,1,-1,-1,1,1,1,1,1,1,1,1,-1,0.008436659350991249
1,1,-1,-1,1,1,-1,1,1,-1,1,-1,1,1,1,1,-1,-1,1,-1,0.008194898255169392
1,1,-1,-1,1,1,-1,1,1,-1,1,1,-1,1,-1,-1,1,1,1,1,0.009042429737746716
1,1,-1,-1,1,1,-1,1,1,-1,1,1,-1,1,-1,1,1,1,1,-1,0.00950007326900959
1,1,-1,-1,1,1,-1,1,1,-1,1,1,-1,1,1,-1,1,1,-1,1,0.009300104342401028
1,1,-1,-1,1,1,-1,1,1,-1,1,1,1,1,1,1,-1,-1,-1,-1,0.008410629816353321
1,1,-1,-1,1,1,-1,1,1,1,-1,-1,1,1,1,-1,-1,1,1,-1,0.008294343948364258
1,1,-1,-1,1,1,-1,1,1,1,-1,1,1,-1,-1,-1,-1,1,1,-1,0.008827434852719307
1,1,-1,-1,1,1,-1,1,1,1,-1,1,1,-1,-1,1,-1,-1,-1,-1,0.008977850899100304
1,1,-1,-1,1,1,-1,1,1,1,-1,1,1,-1,-1,1,1,-1,1,-1,0.009156488813459873
1,1,-1,-1,1,1,-1,1,1,1,1,-1,1,-1,-1,-1,-1,1,-1,-1,0.010167676955461502
1,1,-1,-1,1,1,-1,1,1,1,1,1,-1,-1,-1,-1,1,-1,-1,1,0.010019933804869652
1,1,-1,-1,1,1,-1,1,1,1,1,1,-1,1,1,-1,-1,-1,-1,1,0.008554034866392612
1,1,-1,-1,1,1,1,-1,-1,-1,-1,-1,1,1,1,-1,1,1,1,-1,0.009405650198459625
1,1,-1,-1,1,1,1,-1,-1,-1,-1,1,1,-1,1,1,1,-1,1,-1,0.009376930072903633
1,1,-1,-1,1,1,1,-1,-1,-1,1,1,1,-1,1,1,1,1,1,-1,0.01039646565914154
1,1,-1,-1,1,1,1,-1,-1,1,-1,-1,-1,-1,1,-1,1,-1,1,1,0.00978955440223217
1,1,-1,-1,1,1,1,-1,-1,1,-1,-1,1,1,1,-1,-1,1,-1,-1,0.009577995166182518
1,1,-1,-1,1,1,1,-1,-1,1,-1,1,-1,-1,-1,1,1,1,-1,-1,0.011123668402433395
1,1,-1,-1,1,1,1,-1,-1,1,-1,1,-1,-1,1,1,-1,-1,-1,-1,0.009799339808523655
1,1,-1,-1,1,1,1,-1,-1,1,-1,1,1,-1,-1,1,1,1,1,-1,0.010388651862740517
1,1,-1,-1,1,1,1,-1,-1,1,-1,1,1,1,-1,-1,1,-1,-1,1,0.009407462552189827
1,1,-1,-1,1,1,1,-1,-1,1,-1,1,1,1,1,1,-1,1,1,-1,0.008922752924263477
1,1,-1,-1,1,1,1,-1,-1,1,1,-1,-1,1,1,1,1,1,1,1,0.010332983918488026
1,1,-1,-1,1,1,1,-1,-1,1,1,1,-1,-1,1,1,1,1,-1,-1,0.011482465080916882
1,1,-1,-1,1,1,1,-1,-1,1,1,1,1,-1,-1,-1,-1,-1,-1,-1,0.010263695381581783
1,1,-1,-1,1,1,1,-1,-1,1,1,1,1,-1,1,-1,1,1,-1,-1,0.011133471503853798
1,1,-1,-1,1,1,1,-1,-1,1,1,1,1,1,1,1,-1,-1,1,1,0.008716646581888199
1,1,-1,-1,1,1,1,-1,1,-1,-1,-1,-1,1,-1,-1,-1,1,1,1,0.008707704022526741
1,1,-1,-1,1,1,1,-1,1,-1,-1,1,-1,-1,1,-1,-1,-1,-1,-1,0.009196445345878601
1,1,-1,-1,1,1,1,-1,1,-1,-1,1,-1,1,-1,-1,-1,-1,-1,1,0.008489971980452538
1,1,-1,-1,1,1,1,-1,1,-1,-1,1,-1,1,1,-1,-1,1,-1,1,0.008696159347891808
1,1,-1,-1,1,1,1,-1,1,-1,-1,1,1,-1,-1,-1,1,1,1,-1,0.009785758331418037
1,1,-1,-1,1,1,1,-1,1,-1,-1,1,1,-1,1,1,-1,1,-1,1,0.009120055474340916
1,1,-1,-1,1,1,1,-1,1,-1,-1,1,1,1,-1,-1,-1,-1,1,-1,0.008113671094179153
1,1,-1,-1,1,1,1,-1,1,-1,1,-1,-1,1,-1,-1,-1,-1,1,-1,0.009219028986990452
1,1,-1,-1,1,1,1,-1,1,-1,1,1,1,-1,-1,1,1,1,1,1,0.010112042538821697
1,1,-1,-1,1,1,1,-1,1,1,-1,-1,-1,1,-1,-1,1,1,1,1,0.009722276590764523
1,1,-1,-1,1,1,1,-1,1,1,-1,-1,1,-1,-1,1,1,-1,-1,1,0.010197659954428673
1,1,-1,-1,1,1,1,-1,1,1,-1,-1,1,-1,1,-1,1,-1,1,1,0.009386505000293255
1,1,-1,-1,1,1,1,-1,1,1,-1,1,1,1,1,1,-1,-1,-1,1,0.008462541736662388
1,1,-1,-1,1,1,1,-1,1,1,1,-1,1,1,-1,1,-1,-1,-1,-1,0.009903824888169765
1,1,-1,-1,1,1,1,-1,1,1,1,1,1,-1,-1,1,-1,-1,-1,-1,0.010209639556705952
1,1,-1,-1,1,1,1,-1,1,1,1,1,1,-1,-1,1,1,1,1,1,0.010463026352226734
1,1,-1,-1,1,1,1,-1,1,1,1,1,1,-1,1,-1,-1,-1,-1,1,0.009524719789624214
1,1,-1,-1,1,1,1,1,-1,-1,-1,-1,-1,-1,-1,-1,-1,-1,1,1,0.008753095753490925
1,1,-1,-1,1,1,1,1,-1,-1,-1,-1,-1,-1,-1,-1,-1,1,-1,-1,0.010030225850641727
1,1,-1,-1,1,1,1,1,-1,-1,-1,-1,-1,1,-1,-1,1,-1,-1,1,0.009326602332293987
1,1,-1,-1,1,1,1,1,-1,-1,-1,-1,-1,1,-1,1,-1,-1,1,-1,0.008635705336928368
1,1,-1,-1,1,1,1,1,-1,-1,-1,-1,-1,1,1,-1,1,-1,1,-1,0.008973090909421444
1,1,-1,-1,1,1,1,1,-1,-1,-1,-1,-1,1,1,-1,1,1,1,1,0.009047838859260082
1,1,-1,-1,1,1,1,1,-1,-1,-1,1,-1,-1,1,1,1,-1,1,-1,0.00937783345580101
1,1,-1,-1,1,1,1,1,-1,-1,1,-1,1,1,1,1,1,-1,1,-1,0.00940802600234747
1,1,-1,-1,1,1,1,1,-1,-1,1,1,-1,-1,1,1,-1,-1,1,1,0.008941601030528545
1,1,-1,-1,1,1,1,1,-1,-1,1,1,-1,1,-1,-1,-1,-1,1,1,0.008494915440678596
1,1,-1,-1,1,1,1,1,-1,-1,1,1,1,-1,1,-1,1,-1,-1,1,0.009741147980093956
1,1,-1,-1,1,1,1,1,-1,1,-1,-1,-1,-1,1,-1,1,1,-1,-1,0.010817522183060646
1,1,-1,-1,1,1,1,1,-1,1,-1,-1,-1,-1,1,1,1,-1,1,1,0.009639319963753223
1,1,-1,-1,1,1,1,1,-1,1,-1,-1,-1,1,1,1,-1,-1,1,1,0.008400697261095047
1,1,-1,-1,1,1,1,1,-1,1,-1,-1,1,1,1,1,-1,1,-1,1,0.009069046005606651
1,1,-1,-1,1,1,1,1,-1,1,-1,1,-1,-1,-1,-1,1,-1,-1,1,0.009983399882912636
1,1,-1,-1,1,1,1,1,-1,1,1,-1,-1,1,1,-1,-1,1,1,-1,0.009680020622909069
1,1,-1,-1,1,1,1,1,-1,1,1,-1,1,-1,1,1,-1,1,-1,-1,0.010588867589831352
1,1,-1,-1,1,1,1,1,-1,1,1,1,-1,-1,1,-1,1,1,-1,1,0.010775660164654255
1,1,-1,-1,1,1,1,1,-1,1,1,1,-1,1,-1,-1,1,1,-1,-1,0.01078661810606718
1,1,-1,-1,1,1,1,1,-1,1,1,1,1,-1,1,1,-1,1,1,-1,0.009834697470068932
1,1,-1,-1,1,1,1,1,-1,1,1,1,1,1,1,-1,-1,-1,1,-1,0.008727272972464561
1,1,-1,-1,1,1,1,1,1,-1,-1,-1,1,-1,1,1,1,-1,-1,-1,0.00972895510494709
1,1,-1,-1,1,1,1,1,1,-1,-1,-1,1,1,-1,1,1,1,-1,1,0.00945594534277916
1,1,-1,-1,1,1,1,1,1,-1,1,-1,-1,-1,1,1,1,1,1,1,0.010154889896512032
1,1,-1,-1,1,1,1,1,1,-1,1,-1,1,-1,1,1,-1,1,1,1,0.009241234511137009
1,1,-1,-1,1,1,1,1,1,-1,1,1,-1,1,-1,-1,1,1,-1,-1,0.010282651521265507
1,1,-1,-1,1,1,1,1,1,-1,1,1,-1,1,1,-1,-1,1,-1,-1,0.009391785599291325
1,1,-1,-1,1,1,1,1,1,-1,1,1,-1,1,1,1,-1,-1,-1,1,0.008698535151779652
1,1,-1,-1,1,1,1,1,1,-1,1,1,1,-1,-1,-1,1,1,1,-1,0.01012266892939806
1,1,-1,-1,1,1,1,1,1,-1,1,1,1,-1,-1,1,1,1,1,-1,0.01022159680724144
1,1,-1,-1,1,1,1,1,1,1,-1,-1,-1,1,1,-1,1,-1,-1,-1,0.009656041860580444
1,1,-1,-1,1,1,1,1,1,1,-1,1,-1,-1,-1,-1,-1,1,1,-1,0.009474055841565132
1,1,-1,-1,1,1,1,1,1,1,-1,1,-1,-1,1,-1,1,1,1,-1,0.009910368360579014
1,1,-1,-1,1,1,1,1,1,1,-1,1,-1,-1,1,-1,1,1,1,1,0.009551653638482094
1,1,-1,-1,1,1,1,1,1,1,-1,1,-1,1,1,-1,1,1,1,1,0.008976619690656662
1,1,-1,-1,1,1,1,1,1,1,-1,1,1,1,-1,-1,-1,-1,-1,1,0.008341728709638119
1,1,-1,-1,1,1,1,1,1,1,-1,1,1,1,1,-1,-1,-1,-1,1,0.008114452473819256
1,1,-1,-1,1,1,1,1,1,1,1,-1,1,1,-1,-1,-1,-1,1,1,0.008712069131433964
1,1,-1,-1,1,1,1,1,1,1,1,1,-1,1,-1,-1,-1,-1,1,-1,0.009051631204783916
1,1,-1,-1,1,1,1,1,1,1,1,1,1,-1,1,1,1,1,-1,1,0.01047153864055872
1,1,-1,1,-1,-1,-1,-1,-1,-1,-1,-1,-1,1,1,-1,-1,-1,1,1,0.006719916593283415
1,1,-1,1,-1,-1,-1,-1,-1,-1,-1,-1,-1,1,1,-1,-1,1,-1,1,0.0076383305713534355
1,1,-1,1,-1,-1,-1,-1,-1,-1,-1,-1,1,-1,1,-1,-1,-1,-1,-1,0.007888550870120525
1,1,-1,1,-1,-1,-1,-1,-1,-1,-1,-1,1,1,1,-1,1,-1,1,1,0.007133440114557743
1,1,-1,1,-1,-1,-1,-1,-1,-1,-1,1,1,1,-1,1,1,-1,-1,-1,0.00803409144282341
1,1,-1,1,-1,-1,-1,-1,-1,-1,1,1,-1,-1,-1,1,-1,-1,1,-1,0.0082967234775424
1,1,-1,1,-1,-1,-1,-1,-1,-1,1,1,-1,1,-1,1,-1,-1,-1,1,0.007847924716770649
1,1,-1,1,-1,-1,-1,-1,-1,-1,1,1,1,1,-1,1,1,1,-1,1,0.008694912306964397
1,1,-1,1,-1,-1,-1,-1,-1,-1,1,1,1,1,1,-1,1,1,-1,-1,0.00872742384672165
1,1,-1,1,-1,-1,-1,-1,-1,1,-1,-1,-1,-1,1,-1,1,-1,-1,-1,0.00915318913757801
1,1,-1,1,-1,-1,-1,-1,-1,1,-1,-1,-1,-1,1,1,1,-1,1,-1,0.008767166174948215
1,1,-1,1,-1,-1,-1,-1,-1,1,-1,-1,-1,1,-1,-1,-1,-1,1,-1,0.007656891830265522
1,1,-1,1,-1,-1,-1,-1,-1,1,-1,-1,-1,1,1,-1,-1,-1,1,1,0.0070708999410271645
1,1,-1,1,-1,-1,-1,-1,-1,1,-1,-1,-1,1,1,1,1,1,1,1,0.008266880176961422
1,1,-1,1,-1,-1,-1,-1,-1,1,-1,1,-1,1,-1,-1,1,-1,-1,-1,0.00853621307760477
1,1,-1,1,-1,-1,-1,-1,-1,1,-1,1,1,-1,-1,1,-1,1,-1,1,0.008371267467737198
1,1,-1,1,-1,-1,-1,-1,-1,1,-1,1,1,1,-1,1,1,-1,1,1,0.007541408762335777
1,1,-1,1,-1,-1,-1,-1,-1,1,1,-1,-1,-1,1,-1,1,-1,-1,1,0.009380546398460865
1,1,-1,1,-1,-1,-1,-1,-1,1,1,-1,1,-1,1,1,-1,-1,-1,1,0.008565818890929222
1,1,-1,1,-1,-1,-1,-1,-1,1,1,1,-1,1,1,1,1,1,-1,1,0.0090686846524477
1,1,-1,1,-1,-1,-1,-1,1,-1,-1,-1,-1,-1,-1,-1,1,-1,1,1,0.00803283229470253
1,1,-1,1,-1,-1,-1,-1,1,-1,-1,-1,1,1,-1,1,-1,1,1,-1,0.00743525056168437
1,1,-1,1,-1,-1,-1,-1,1,-1,-1,1,-1,-1,-1,-1,-1,1,-1,-1,0.008377154357731342
1,1,-1,1,-1,-1,-1,-1,1,-1,-1,1,-1,1,-1,-1,-1,1,-1,-1,0.0078021204099059105
1,1,-1,1,-1,-1,-1,-1,1,-1,-1,1,1,-1,1,1,-1,1,-1,-1,0.007998740300536156
1,1,-1,1,-1,-1,-1,-1,1,-1,1,-1,1,-1,-1,-1,1,1,-1,1,0.009287253953516483
1,1,-1,1,-1,-1,-1,-1,1,-1,1,-1,1,1,-1,1,-1,-1,1,1,0.007229144684970379
1,1,-1,1,-1,-1,-1,-1,1,-1,1,1,-1,-1,-1,-1,1,-1,-1,-1,0.009193352423608303
1,1,-1,1,-1,-1,-1,-1,1,-1,1,1,-1,-1,1,-1,1,-1,-1,1,0.008607360534369946
1,1,-1,1,-1,-1,-1,-1,1,-1,1,1,-1,1,-1,-1,-1,1,-1,1,0.008029477670788765
1,1,-1,1,-1,-1,-1,-1,1,-1,1,1,1,-1,1,1,1,1,-1,1,0.008889686316251755
1,1,-1,1,-1,-1,-1,-1,1,-1,1,1,1,1,-1,-1,1,1,-1,-1,0.0088017163798213
1,1,-1,1,-1,-1,-1,-1,1,-1,1,1,1,1,-1,1,-1,-1,1,-1,0.007318641059100628
1,1,-1,1,-1,-1,-1,-1,1,1,-1,-1,-1,1,-1,-1,-1,1,-1,1,0.008063606917858124
1,1,-1,1,-1,-1,-1,-1,1,1,-1,-1,1,-1,-1,1,1,1,1,-1,0.009024856612086296
1,1,-1,1,-1,-1,-1,-1,1,1,-1,-1,1,1,1,-1,1,-1,-1,-1,0.008175106719136238
1,1,-1,1,-1,-1,-1,-1,1,1,-1,1,-1,1,-1,-1,-1,1,-1,-1,0.008153103291988373
1,1,-1,1,-1,-1,-1,-1,1,1,-1,1,1,-1,1,1,-1,-1,1,-1,0.00743130873888731
1,1,-1,1,-1,-1,-1,-1,1,1,1,-1,-1,1,-1,1,-1,1,1,1,0.008263655938208103
1,1,-1,1,-1,-1,-1,-1,1,1,1,-1,1,1,1,-1,1,-1,1,1,0.007917513139545918
1,1,-1,1,-1,-1,-1,-1,1,1,1,-1,1,1,1,1,1,1,1,-1,0.00880861934274435
1,1,-1,1,-1,-1,-1,-1,1,1,1,1,1,1,1,-1,-1,1,-1,-1,0.008261834271252155
1,1,-1,1,-1,-1,-1,-1,1,1,1,1,1,1,1,1,1,-1,1,1,0.007747221738100052
1,1,-1,1,-1,-1,-1,1,-1,-1,-1,-1,-1,-1,-1,-1,1,1,1,1,0.008370117284357548
1,1,-1,1,-1,-1,-1,1,-1,-1,-1,-1,-1,-1,-1,1,-1,1,1,1,0.007805456407368183
1,1,-1,1,-1,-1,-1,1,-1,-1,-1,-1,-1,1,1,1,1,-1,1,-1,0.007591987960040569
1,1,-1,1,-1,-1,-1,1,-1,-1,-1,1,1,1,1,-1,-1,1,1,1,0.0063849338330328465
1,1,-1,1,-1,-1,-1,1,-1,-1,1,-1,-1,-1,1,1,-1,-1,-1,1,0.008215740323066711
1,1,-1,1,-1,-1,-1,1,-1,-1,1,-1,-1,1,-1,1,1,-1,-1,1,0.008531572297215462
1,1,-1,1,-1,-1,-1,1,-1,-1,1,-1,-1,1,1,-1,-1,-1,1,-1,0.007415542844682932
1,1,-1,1,-1,-1,-1,1,-1,-1,1,-1,1,1,-1,1,1,-1,-1,-1,0.008640222251415253
1,1,-1,1,-1,-1,-1,1,-1,-1,1,1,-1,1,-1,1,-1,1,1,1,0.007547276094555855
1,1,-1,1,-1,-1,-1,1,-1,-1,1,1,1,-1,-1,-1,1,1,1,1,0.008436905220150948
1,1,-1,1,-1,-1,-1,1,-1,1,-1,-1,-1,-1,1,-1,-1,-1,-1,1,0.007881722413003445
1,1,-1,1,-1,-1,-1,1,-1,1,-1,-1,-1,1,-1,1,-1,1,1,1,0.007581405807286501
1,1,-1,1,-1,-1,-1,1,-1,1,-1,-1,-1,1,1,-1,-1,1,1,-1,0.007613916881382465
1,1,-1,1,-1,-1,-1,1,-1,1,-1,-1,1,-1,-1,-1,1,1,1,-1,0.008829751051962376
1,1,-1,1,-1,-1,-1,1,-1,1,-1,1,-1,1,1,-1,1,-1,1,-1,0.007574823684990406
1,1,-1,1,-1,-1,-1,1,-1,1,1,-1,-1,-1,-1,1,-1,-1,-1,1,0.008793999440968037
1,1,-1,1,-1,-1,-1,1,-1,1,1,-1,1,-1,1,1,-1,-1,1,1,0.007831706665456295
1,1,-1,1,-1,-1,-1,1,-1,1,1,1,1,1,-1,-1,1,-1,-1,-1,0.00862305797636509
1,1,-1,1,-1,-1,-1,1,1,-1,-1,-1,-1,-1,1,1,-1,-1,1,-1,0.00735044851899147
1,1,-1,1,-1,-1,-1,1,1,-1,-1,-1,-1,1,-1,-1,-1,-1,1,1,0.0065450482070446014
1,1,-1,1,-1,-1,-1,1,1,-1,-1,-1,1,1,1,-1,1,1,1,1,0.007164758630096912
1,1,-1,1,-1,-1,-1,1,1,-1,-1,1,1,-1,1,-1,1,-1,-1,1,0.007522060535848141
1,1,-1,1,-1,-1,-1,1,1,-1,-1,1,1,-1,1,1,-1,1,-1,1,0.007390862796455622
1,1,-1,1,-1,-1,-1,1,1,1,-1,-1,1,-1,-1,-1,1,-1,1,-1,0.008243303745985031
1,1,-1,1,-1,-1,-1,1,1,1,-1,-1,1,-1,1,-1,1,-1,-1,-1,0.008500978350639343
1,1,-1,1,-1,-1,-1,1,1,1,-1,-1,1,-1,1,1,-1,1,-1,1,0.008011065423488617
1,1,-1,1,-1,-1,-1,1,1,1,-1,1,-1,-1,-1,-1,1,1,1,1,0.008298898115754128
1,1,-1,1,-1,-1,-1,1,1,1,-1,1,-1,-1,1,1,1,-1,1,1,0.007737086620181799
1,1,-1,1,-1,-1,-1,1,1,1,-1,1,1,-1,-1,-1,1,-1,1,1,0.0076153697445988655
1,1,-1,1,-1,-1,-1,1,1,1,-1,1,1,1,-1,-1,-1,1,1,-1,0.007168925367295742
1,1,-1,1,-1,-1,-1,1,1,1,1,-1,-1,-1,1,1,-1,1,-1,1,0.008847203105688095
1,1,-1,1,-1,-1,-1,1,1,1,1,-1,-1,-1,1,1,1,1,1,1,0.009025841020047665
1,1,-1,1,-1,-1,-1,1,1,1,1,-1,-1,1,1,1,1,-1,1,1,0.008017344400286674
1,1,-1,1,-1,-1,-1,1,1,1,1,-1,1,-1,-1,1,-1,-1,-1,1,0.008390950039029121
1,1,-1,1,-1,-1,-1,1,1,1,1,-1,1,1,-1,-1,1,-1,1,1,0.007895627059042454
1,1,-1,1,-1,-1,-1,1,1,1,1,-1,1,1,1,1,-1,-1,-1,1,0.007588640786707401
1,1,-1,1,-1,-1,-1,1,1,1,1,1,-1,1,1,-1,-1,1,-1,1,0.007904022932052612
1,1,-1,1,-1,-1,1,-1,-1,-1,-1,-1,1,-1,-1,-1,1,-1,-1,-1,0.009175972081720829
1,1,-1,1,-1,-1,1,-1,-1,-1,-1,1,-1,-1,1,1,1,1,1,-1,0.008976982906460762
1,1,-1,1,-1,-1,1,-1,-1,-1,1,-1,-1,-1,1,-1,-1,1,1,-1,0.009069756604731083
1,1,-1,1,-1,-1,1,-1,-1,-1,1,-1,-1,-1,1,-1,1,1,-1,-1,0.010218297131359577
1,1,-1,1,-1,-1,1,-1,-1,-1,1,-1,-1,1,1,1,1,1,-1,1,0.00938347540795803
1,1,-1,1,-1,-1,1,-1,-1,-1,1,-1,1,-1,1,1,1,1,-1,1,0.009708443656563759
1,1,-1,1,-1,-1,1,-1,-1,-1,1,-1,1,1,-1,1,-1,-1,1,1,0.007778682745993137
1,1,-1,1,-1,-1,1,-1,-1,-1,1,1,-1,-1,-1,-1,1,-1,-1,-1,0.009742890484631062
1,1,-1,1,-1,-1,1,-1,-1,-1,1,1,1,-1,-1,-1,1,1,-1,-1,0.00992628838866949
1,1,-1,1,-1,-1,1,-1,-1,-1,1,1,1,1,1,-1,-1,1,1,-1,0.007975438609719276
1,1,-1,1,-1,-1,1,-1,-1,1,-1,-1,-1,-1,-1,1,1,1,-1,-1,0.010309412144124508
1,1,-1,1,-1,-1,1,-1,-1,1,-1,-1,-1,1,1,1,-1,1,-1,-1,0.008843512274324894
1,1,-1,1,-1,-1,1,-1,-1,1,-1,-1,-1,1,1,1,1,1,1,-1,0.009022151120007038
1,1,-1,1,-1,-1,1,-1,-1,1,-1,-1,1,1,-1,-1,1,-1,1,-1,0.008466970175504684
1,1,-1,1,-1,-1,1,-1,-1,1,-1,-1,1,1,1,1,-1,1,1,1,0.007749781012535095
1,1,-1,1,-1,-1,1,-1,-1,1,-1,1,-1,1,1,-1,-1,-1,-1,1,0.007683186791837215
1,1,-1,1,-1,-1,1,-1,-1,1,1,-1,-1,-1,1,-1,-1,1,1,-1,0.009420739486813545
1,1,-1,1,-1,-1,1,-1,-1,1,1,-1,-1,1,-1,-1,1,1,-1,1,0.009862806648015976
1,1,-1,1,-1,-1,1,-1,-1,1,1,-1,-1,1,1,1,1,-1,1,-1,0.009174760431051254
1,1,-1,1,-1,-1,1,-1,-1,1,1,1,-1,-1,1,1,1,1,1,-1,0.009914037771522999
1,1,-1,1,-1,-1,1,-1,-1,1,1,1,1,-1,1,-1,1,-1,-1,-1,0.009616532362997532
1,1,-1,1,-1,-1,1,-1,1,-1,-1,-1,-1,1,-1,-1,1,1,1,1,0.008287817239761353
1,1,-1,1,-1,-1,1,-1,1,-1,-1,-1,1,-1,1,1,-1,-1,-1,1,0.007872335612773895
1,1,-1,1,-1,-1,1,-1,1,-1,1,1,-1,-1,1,-1,-1,1,1,1,0.008288838900625706
1,1,-1,1,-1,-1,1,-1,1,-1,1,1,-1,1,1,-1,1,1,-1,1,0.008862345479428768
1,1,-1,1,-1,-1,1,-1,1,-1,1,1,1,1,-1,-1,-1,-1,1,-1,0.007616268005222082
1,1,-1,1,-1,-1,1,-1,1,-1,1,1,1,1,1,-1,1,-1,1,-1,0.008052580989897251
1,1,-1,1,-1,-1,1,-1,1,1,-1,-1,1,1,-1,-1,1,-1,-1,1,0.008440222591161728
1,1,-1,1,-1,-1,1,-1,1,1,-1,-1,1,1,1,-1,-1,1,-1,-1,0.008341535925865173
1,1,-1,1,-1,-1,1,-1,1,1,-1,-1,1,1,1,1,-1,-1,-1,-1,0.00800700020045042
1,1,-1,1,-1,-1,1,-1,1,1,-1,1,-1,-1,-1,1,1,1,-1,-1,0.00988720916211605
1,1,-1,1,-1,-1,1,-1,1,1,-1,1,1,-1,-1,-1,1,-1,1,1,0.008261086419224739
1,1,-1,1,-1,-1,1,-1,1,1,-1,1,1,1,1,1,1,1,1,-1,0.008349883370101452
1,1,-1,1,-1,-1,1,-1,1,1,1,-1,-1,1,1,1,1,1,-1,1,0.009581475518643856
1,1,-1,1,-1,-1,1,-1,1,1,1,1,1,-1,1,1,1,-1,1,1,0.00871881004422903
1,1,-1,1,-1,-1,1,-1,1,1,1,1,1,1,-1,-1,1,-1,-1,-1,0.009115790948271751
1,1,-1,1,-1,-1,1,-1,1,1,1,1,1,1,1,-1,1,-1,-1,1,0.008529799059033394
1,1,-1,1,-1,-1,1,1,-1,-1,-1,-1,-1,-1,-1,-1,1,-1,1,1,0.008333208970725536
1,1,-1,1,-1,-1,1,1,-1,-1,-1,-1,1,1,-1,-1,-1,1,1,-1,0.007636699825525284
1,1,-1,1,-1,-1,1,1,-1,-1,-1,-1,1,1,1,1,1,1,1,1,0.007813225500285625
1,1,-1,1,-1,-1,1,1,-1,-1,-1,1,-1,-1,1,1,1,1,1,1,0.00836910493671894
1,1,-1,1,-1,-1,1,1,-1,-1,-1,1,-1,1,1,1,1,1,-1,-1,0.008637738414108753
1,1,-1,1,-1,-1,1,1,-1,-1,-1,1,1,1,1,-1,1,1,1,-1,0.007803793530911207
1,1,-1,1,-1,-1,1,1,-1,-1,-1,1,1,1,1,1,1,1,-1,-1,0.00838767271488905
1,1,-1,1,-1,-1,1,1,-1,-1,1,-1,-1,-1,1,-1,1,1,1,-1,0.009484183974564075
1,1,-1,1,-1,-1,1,1,-1,-1,1,-1,-1,1,-1,1,1,-1,1,-1,0.008801891468465328
1,1,-1,1,-1,-1,1,1,-1,-1,1,-1,-1,1,1,-1,-1,-1,1,1,0.007453382480889559
1,1,-1,1,-1,-1,1,1,-1,-1,1,1,-1,-1,1,-1,-1,-1,-1,-1,0.008602863177657127
1,1,-1,1,-1,-1,1,1,-1,-1,1,1,-1,1,1,1,-1,-1,-1,1,0.0077680423855781555
1,1,-1,1,-1,-1,1,1,-1,-1,1,1,1,-1,1,1,-1,-1,1,1,0.007608059793710709
1,1,-1,1,-1,-1,1,1,-1,-1,1,1,1,-1,1,1,-1,1,-1,1,0.008526474237442017
1,1,-1,1,-1,-1,1,1,-1,-1,1,1,1,1,1,-1,-1,-1,-1,1,0.007419048808515072
1,1,-1,1,-1,-1,1,1,-1,-1,1,1,1,1,1,-1,-1,1,1,-1,0.007726276759058237
1,1,-1,1,-1,-1,1,1,-1,1,-1,-1,-1,-1,-1,1,-1,1,-1,-1,0.009396661072969437
1,1,-1,1,-1,-1,1,1,-1,1,-1,-1,1,-1,1,1,-1,-1,-1,-1,0.008485855534672737
1,1,-1,1,-1,-1,1,1,-1,1,-1,1,-1,1,1,-1,-1,-1,1,-1,0.007307789754122496
1,1,-1,1,-1,-1,1,1,-1,1,-1,1,1,-1,1,-1,1,1,-1,1,0.008856046013534069
1,1,-1,1,-1,-1,1,1,-1,1,1,-1,-1,1,1,1,-1,1,-1,-1,0.009180423803627491
1,1,-1,1,-1,-1,1,1,-1,1,1,-1,1,-1,-1,1,1,1,-1,-1,0.010396257042884827
1,1,-1,1,-1,-1,1,1,-1,1,1,1,-1,1,1,1,1,1,1,1,0.00873112678527832
1,1,-1,1,-1,-1,1,1,-1,1,1,1,1,1,-1,-1,-1,-1,-1,-1,0.008356023579835892
1,1,-1,1,-1,-1,1,1,-1,1,1,1,1,1,-1,1,1,1,1,1,0.008708338253200054
1,1,-1,1,-1,-1,1,1,1,-1,-1,-1,-1,-1,-1,1,-1,1,1,1,0.008049027994275093
1,1,-1,1,-1,-1,1,1,1,-1,-1,-1,1,-1,1,1,-1,-1,-1,1,0.007623173762112856
1,1,-1,1,-1,-1,1,1,1,-1,1,-1,-1,1,-1,-1,1,1,1,-1,0.00898344349116087
1,1,-1,1,-1,-1,1,1,1,-1,1,-1,-1,1,1,-1,1,1,-1,-1,0.009241118095815182
1,1,-1,1,-1,-1,1,1,1,-1,1,-1,1,-1,-1,-1,1,1,1,-1,0.009308411739766598
1,1,-1,1,-1,-1,1,1,1,-1,1,-1,1,1,1,-1,-1,1,-1,-1,0.008327463641762733
1,1,-1,1,-1,-1,1,1,1,1,-1,-1,-1,-1,-1,-1,1,1,1,-1,0.00932338833808899
1,1,-1,1,-1,-1,1,1,1,1,-1,-1,-1,1,1,-1,-1,1,1,-1,0.007857488468289375
1,1,-1,1,-1,-1,1,1,1,1,-1,-1,1,-1,-1,1,1,1,1,-1,0.009172250516712666
1,1,-1,1,-1,-1,1,1,1,1,-1,1,1,-1,-1,1,-1,1,-1,-1,0.00872439332306385
1,1,-1,1,-1,-1,1,1,1,1,1,-1,1,-1,1,1,1,-1,1,-1,0.009097583591938019
1,1,-1,1,-1,-1,1,1,1,1,1,-1,1,1,-1,1,-1,1,-1,-1,0.009004650637507439
1,1,-1,1,-1,-1,1,1,1,1,1,1,-1,1,1,1,1,-1,1,1,0.00814468041062355
1,1,-1,1,-1,-1,1,1,1,1,1,1,1,-1,1,1,-1,-1,1,1,0.007806059438735247
1,1,-1,1,-1,1,-1,-1,-1,-1,-1,-1,-1,-1,-1,1,-1,1,-1,-1,0.009166277945041656
1,1,-1,1,-1,1,-1,-1,-1,-1,-1,-1,1,-1,-1,-1,-1,1,-1,-1,0.008817284367978573
1,1,-1,1,-1,1,-1,-1,-1,-1,-1,1,-1,-1,1,-1,-1,1,1,1,0.007727188058197498
1,1,-1,1,-1,1,-1,-1,-1,-1,-1,1,1,1,-1,-1,1,1,-1,-1,0.008636620827019215
1,1,-1,1,-1,1,-1,-1,-1,-1,1,-1,-1,-1,1,1,1,-1,-1,1,0.009396485053002834
1,1,-1,1,-1,1,-1,-1,-1,-1,1,1,-1,-1,-1,-1,-1,1,1,1,0.00854053720831871
1,1,-1,1,-1,1,-1,-1,-1,-1,1,1,1,1,1,1,-1,1,1,1,0.007587089203298092
1,1,-1,1,-1,1,-1,-1,-1,1,-1,-1,-1,1,1,-1,-1,1,-1,-1,0.008616023696959019
1,1,-1,1,-1,1,-1,-1,-1,1,-1,-1,1,-1,-1,-1,-1,1,-1,1,0.008809552527964115
1,1,-1,1,-1,1,-1,-1,-1,1,-1,-1,1,1,-1,1,1,1,1,-1,0.008870800025761127
1,1,-1,1,-1,1,-1,-1,-1,1,-1,1,-1,-1,-1,1,1,1,1,1,0.009067964740097523
1,1,-1,1,-1,1,-1,-1,-1,1,-1,1,1,-1,1,1,1,1,-1,1,0.009075574576854706
1,1,-1,1,-1,1,-1,-1,-1,1,1,-1,-1,1,-1,1,-1,-1,1,-1,0.008609885349869728
1,1,-1,1,-1,1,-1,-1,-1,1,1,1,1,1,-1,-1,1,-1,-1,1,0.008781498298048973
1,1,-1,1,-1,1,-1,-1,1,-1,-1,-1,-1,-1,-1,-1,-1,-1,1,1,0.00763723673298955
1,1,-1,1,-1,1,-1,-1,1,-1,-1,-1,-1,1,1,-1,-1,-1,1,-1,0.007193642668426037
1,1,-1,1,-1,1,-1,-1,1,-1,-1,-1,1,1,-1,-1,-1,1,1,-1,0.007604316808283329
1,1,-1,1,-1,1,-1,-1,1,-1,-1,1,-1,-1,-1,-1,-1,-1,1,1,0.007368017919361591
1,1,-1,1,-1,1,-1,-1,1,-1,-1,1,-1,-1,1,1,-1,-1,-1,1,0.0077246204018592834
1,1,-1,1,-1,1,-1,-1,1,-1,-1,1,-1,1,-1,1,1,1,-1,1,0.008473915979266167
1,1,-1,1,-1,1,-1,-1,1,-1,-1,1,-1,1,1,1,-1,-1,-1,1,0.007149586454033852
1,1,-1,1,-1,1,-1,-1,1,-1,-1,1,1,-1,-1,1,1,1,-1,-1,0.009157598949968815
1,1,-1,1,-1,1,-1,-1,1,-1,-1,1,1,1,-1,1,1,1,-1,-1,0.008582565933465958
1,1,-1,1,-1,1,-1,-1,1,-1,1,-1,-1,-1,-1,1,1,-1,-1,1,0.009470777586102486
1,1,-1,1,-1,1,-1,-1,1,-1,1,-1,-1,-1,1,-1,1,1,-1,1,0.009578036144375801
1,1,-1,1,-1,1,-1,-1,1,-1,1,-1,-1,1,-1,1,-1,1,-1,1,0.008665617555379868
1,1,-1,1,-1,1,-1,-1,1,-1,1,-1,-1,1,1,-1,1,-1,1,1,0.008084588684141636
1,1,-1,1,-1,1,-1,-1,1,-1,1,1,-1,1,-1,1,1,1,1,1,0.008575037121772766
1,1,-1,1,-1,1,-1,-1,1,1,-1,-1,-1,-1,-1,1,-1,-1,1,-1,0.008445863611996174
1,1,-1,1,-1,1,-1,-1,1,1,-1,-1,-1,-1,-1,1,-1,1,1,-1,0.008879326283931732
1,1,-1,1,-1,1,-1,-1,1,1,-1,-1,-1,-1,1,-1,-1,-1,1,1,0.007760943844914436
1,1,-1,1,-1,1,-1,-1,1,1,-1,-1,1,1,1,1,-1,-1,-1,1,0.007519723381847143
1,1,-1,1,-1,1,-1,-1,1,1,-1,1,-1,1,1,1,-1,1,1,1,0.007449082098901272
1,1,-1,1,-1,1,-1,-1,1,1,1,-1,-1,-1,-1,1,-1,1,1,1,0.009106683544814587
1,1,-1,1,-1,1,-1,-1,1,1,1,-1,1,-1,1,-1,-1,-1,-1,-1,0.008940617553889751
1,1,-1,1,-1,1,-1,-1,1,1,1,-1,1,1,1,-1,-1,-1,-1,1,0.008006867952644825
1,1,-1,1,-1,1,-1,-1,1,1,1,1,-1,-1,-1,1,-1,-1,-1,-1,0.009247668087482452
1,1,-1,1,-1,1,-1,1,-1,-1,-1,-1,-1,1,-1,-1,1,-1,-1,-1,0.008473280817270279
1,1,-1,1,-1,1,-1,1,-1,-1,-1,-1,-1,1,1,-1,1,-1,1,-1,0.007761053740978241
1,1,-1,1,-1,1,-1,1,-1,-1,-1,1,-1,-1,-1,1,1,-1,-1,-1,0.008878023363649845
1,1,-1,1,-1,1,-1,1,-1,-1,-1,1,-1,1,1,1,-1,1,1,1,0.007001920603215694
1,1,-1,1,-1,1,-1,1,-1,-1,1,-1,-1,-1,-1,1,-1,-1,-1,-1,0.009069724939763546
1,1,-1,1,-1,1,-1,1,-1,-1,1,-1,1,-1,-1,-1,-1,1,1,1,0.008310528472065926
1,1,-1,1,-1,1,-1,1,-1,-1,1,-1,1,1,-1,1,-1,-1,1,1,0.007400959730148315
1,1,-1,1,-1,1,-1,1,-1,-1,1,1,-1,1,1,-1,1,-1,1,1,0.00771919172257185
1,1,-1,1,-1,1,-1,1,-1,-1,1,1,1,1,1,1,1,-1,1,-1,0.00792676955461502
1,1,-1,1,-1,1,-1,1,-1,1,-1,-1,-1,-1,-1,1,1,-1,1,-1,0.009013274684548378
1,1,-1,1,-1,1,-1,1,-1,1,-1,-1,1,-1,1,1,-1,-1,-1,-1,0.008357294835150242
1,1,-1,1,-1,1,-1,1,-1,1,-1,-1,1,-1,1,1,1,1,-1,-1,0.00945434719324112
1,1,-1,1,-1,1,-1,1,-1,1,-1,-1,1,1,-1,1,-1,1,1,1,0.007599334232509136
1,1,-1,1,-1,1,-1,1,-1,1,-1,1,-1,1,-1,1,1,1,1,1,0.008243769407272339
1,1,-1,1,-1,1,-1,1,-1,1,-1,1,-1,1,1,1,1,-1,-1,-1,0.008426696062088013
1,1,-1,1,-1,1,-1,1,-1,1,-1,1,1,-1,1,1,1,1,-1,-1,0.009185127913951874
1,1,-1,1,-1,1,-1,1,-1,1,-1,1,1,1,1,1,-1,1,-1,1,0.007587789557874203
1,1,-1,1,-1,1,-1,1,-1,1,1,-1,-1,1,1,-1,-1,-1,-1,1,0.008160755038261414
1,1,-1,1,-1,1,-1,1,-1,1,1,1,-1,1,1,-1,-1,1,-1,1,0.008324999362230301
1,1,-1,1,-1,1,-1,1,1,-1,-1,-1,-1,-1,-1,1,-1,-1,1,-1,0.007845718413591385
1,1,-1,1,-1,1,-1,1,1,-1,-1,-1,-1,-1,-1,1,1,1,-1,1,0.009069006890058517
1,1,-1,1,-1,1,-1,1,1,-1,-1,-1,1,1,-1,-1,1,-1,1,1,0.007226565387099981
1,1,-1,1,-1,1,-1,1,1,-1,-1,-1,1,1,1,1,1,-1,1,-1,0.007456932216882706
1,1,-1,1,-1,1,-1,1,1,-1,-1,1,-1,-1,-1,-1,-1,1,1,-1,0.007911034859716892
1,1,-1,1,-1,1,-1,1,1,-1,-1,1,-1,-1,-1,1,-1,-1,-1,-1,0.008061449974775314
1,1,-1,1,-1,1,-1,1,1,-1,1,1,-1,-1,1,-1,-1,1,1,-1,0.008269831538200378
1,1,-1,1,-1,1,-1,1,1,-1,1,1,1,-1,1,-1,1,1,1,-1,0.008683355525135994
1,1,-1,1,-1,1,-1,1,1,-1,1,1,1,-1,1,1,1,1,-1,1,0.008908518590033054
1,1,-1,1,-1,1,-1,1,1,-1,1,1,1,1,1,1,-1,-1,-1,1,0.007236432284116745
1,1,-1,1,-1,1,-1,1,1,1,-1,-1,-1,1,-1,1,-1,-1,1,1,0.007262952625751495
1,1,-1,1,-1,1,-1,1,1,1,-1,-1,1,-1,-1,1,1,-1,-1,1,0.008736461400985718
1,1,-1,1,-1,1,-1,1,1,1,-1,1,-1,-1,1,1,1,-1,-1,1,0.008490031585097313
1,1,-1,1,-1,1,-1,1,1,1,-1,1,1,-1,-1,1,-1,1,1,-1,0.008110880851745605
1,1,-1,1,-1,1,-1,1,1,1,-1,1,1,-1,1,-1,-1,1,-1,-1,0.008269627578556538
1,1,-1,1,-1,1,-1,1,1,1,-1,1,1,-1,1,1,1,1,1,1,0.008188477717339993
1,1,-1,1,-1,1,-1,1,1,1,1,-1,-1,-1,1,1,1,-1,-1,-1,0.009704038500785828
1,1,-1,1,-1,1,-1,1,1,1,1,-1,1,1,1,-1,1,-1,-1,-1,0.008780010975897312
1,1,-1,1,-1,1,1,-1,-1,-1,-1,-1,-1,-1,-1,1,-1,-1,1,1,0.008285703137516975
1,1,-1,1,-1,1,1,-1,-1,-1,-1,1,-1,-1,1,1,1,1,-1,1,0.009371211752295494
1,1,-1,1,-1,1,1,-1,-1,-1,-1,1,1,1,-1,1,1,-1,1,-1,0.008213689550757408
1,1,-1,1,-1,1,1,-1,-1,-1,1,-1,-1,-1,-1,1,-1,-1,-1,1,0.0093567268922925
1,1,-1,1,-1,1,1,-1,-1,-1,1,1,-1,1,-1,-1,1,-1,1,1,0.008592184633016586
1,1,-1,1,-1,1,1,-1,-1,-1,1,1,-1,1,-1,1,-1,1,1,1,0.00846098642796278
1,1,-1,1,-1,1,1,-1,-1,-1,1,1,1,1,-1,-1,-1,-1,1,1,0.007678529247641563
1,1,-1,1,-1,1,1,-1,-1,-1,1,1,1,1,1,-1,-1,-1,1,1,0.0074512530118227005
1,1,-1,1,-1,1,1,-1,-1,1,-1,-1,-1,-1,1,-1,1,1,1,1,0.009407535195350647
1,1,-1,1,-1,1,1,-1,-1,1,-1,1,-1,-1,1,1,1,1,1,1,0.009237243793904781
1,1,-1,1,-1,1,1,-1,-1,1,-1,1,1,-1,-1,1,-1,-1,1,1,0.008117401972413063
1,1,-1,1,-1,1,1,-1,-1,1,1,-1,1,1,1,-1,1,1,-1,-1,0.01001217495650053
1,1,-1,1,-1,1,1,-1,-1,1,1,-1,1,1,1,1,-1,-1,-1,1,0.008655333891510963
1,1,-1,1,-1,1,1,-1,-1,1,1,1,-1,-1,1,-1,1,-1,1,-1,0.009649640880525112
1,1,-1,1,-1,1,1,-1,-1,1,1,1,-1,1,1,-1,1,-1,-1,-1,0.009559557773172855
1,1,-1,1,-1,1,1,-1,-1,1,1,1,-1,1,1,1,-1,1,-1,1,0.009069643914699554
1,1,-1,1,-1,1,1,-1,1,-1,-1,-1,-1,-1,-1,-1,-1,1,1,-1,0.008825970813632011
1,1,-1,1,-1,1,1,-1,1,-1,-1,-1,-1,-1,-1,1,-1,-1,1,1,0.008132720366120338
1,1,-1,1,-1,1,1,-1,1,-1,-1,-1,-1,-1,1,1,-1,1,-1,-1,0.009182573296129704
1,1,-1,1,-1,1,1,-1,1,-1,-1,1,-1,-1,-1,-1,-1,-1,-1,1,0.008249524049460888
1,1,-1,1,-1,1,1,-1,1,-1,1,-1,1,1,1,-1,-1,1,1,-1,0.008359667845070362
1,1,-1,1,-1,1,1,-1,1,-1,1,1,-1,1,1,-1,-1,1,-1,-1,0.008825465105473995
1,1,-1,1,-1,1,1,-1,1,-1,1,1,1,1,1,1,1,1,-1,1,0.008979201316833496
1,1,-1,1,-1,1,1,-1,1,1,-1,-1,-1,1,-1,-1,1,1,1,1,0.008906793780624866
1,1,-1,1,-1,1,1,-1,1,1,-1,-1,1,1,-1,-1,1,1,-1,1,0.009141679853200912
1,1,-1,1,-1,1,1,-1,1,1,-1,-1,1,1,-1,-1,1,1,1,1,0.008656729012727737
1,1,-1,1,-1,1,1,-1,1,1,-1,-1,1,1,1,1,1,1,1,-1,0.008887095376849174
1,1,-1,1,-1,1,1,-1,1,1,-1,1,-1,1,-1,-1,-1,-1,1,1,0.007540522143244743
1,1,-1,1,-1,1,1,-1,1,1,-1,1,1,1,1,-1,-1,1,1,1,0.00749664381146431
1,1,-1,1,-1,1,1,-1,1,1,1,-1,-1,-1,1,-1,-1,-1,-1,1,0.009228521957993507
1,1,-1,1,-1,1,1,-1,1,1,1,-1,-1,1,-1,1,-1,-1,1,-1,0.008853456936776638
1,1,-1,1,-1,1,1,-1,1,1,1,-1,1,-1,1,1,-1,1,1,-1,0.009384612552821636
1,1,-1,1,-1,1,1,1,-1,-1,-1,1,1,-1,1,1,-1,1,1,-1,0.008082159794867039
1,1,-1,1,-1,1,1,1,-1,-1,1,-1,1,-1,-1,-1,-1,1,1,-1,0.009065799415111542
1,1,-1,1,-1,1,1,1,-1,-1,1,-1,1,-1,1,-1,1,1,1,-1,0.009502112865447998
1,1,-1,1,-1,1,1,1,-1,-1,1,-1,1,-1,1,1,-1,-1,1,1,0.008145272731781006
1,1,-1,1,-1,1,1,1,-1,-1,1,1,-1,1,-1,-1,-1,-1,-1,-1,0.008523100055754185
1,1,-1,1,-1,1,1,1,-1,-1,1,1,-1,1,-1,-1,1,1,-1,-1,0.009620152413845062
1,1,-1,1,-1,1,1,1,-1,-1,1,1,1,-1,1,1,-1,-1,-1,1,0.008361004292964935
1,1,-1,1,-1,1,1,1,-1,-1,1,1,1,1,1,-1,1,1,-1,-1,0.009142810478806496
1,1,-1,1,-1,1,1,1,-1,1,-1,-1,-1,-1,1,-1,-1,1,1,-1,0.00885349977761507
1,1,-1,1,-1,1,1,1,-1,1,-1,1,-1,1,-1,1,-1,-1,1,1,0.007543272338807583
1,1,-1,1,-1,1,1,1,-1,1,1,-1,1,-1,-1,1,1,1,1,1,0.009820584207773209
1,1,-1,1,-1,1,1,1,1,-1,-1,-1,-1,-1,1,-1,-1,-1,-1,-1,0.008401020430028439
1,1,-1,1,-1,1,1,1,1,-1,-1,-1,-1,-1,1,-1,1,-1,1,-1,0.008579658344388008
1,1,-1,1,-1,1,1,1,1,-1,-1,-1,-1,1,1,1,-1,-1,1,-1,0.007439963519573212
1,1,-1,1,-1,1,1,1,1,-1,-1,-1,1,-1,1,1,-1,1,1,1,0.007839679718017578
1,1,-1,1,-1,1,1,1,1,-1,-1,-1,1,1,-1,1,-1,-1,1,-1,0.007417174521833658
1,1,-1,1,-1,1,1,1,1,-1,-1,1,-1,-1,-1,-1,-1,1,1,-1,0.008307590149343014
1,1,-1,1,-1,1,1,1,1,-1,-1,1,-1,-1,-1,1,-1,-1,-1,-1,0.008458005264401436
1,1,-1,1,-1,1,1,1,1,-1,-1,1,1,-1,1,1,1,-1,-1,-1,0.008644253015518188
1,1,-1,1,-1,1,1,1,1,-1,1,-1,-1,1,1,1,-1,-1,1,1,0.007667320780456066
1,1,-1,1,-1,1,1,1,1,-1,1,-1,1,-1,-1,1,1,1,-1,1,0.00980156846344471
1,1,-1,1,-1,1,1,1,1,-1,1,-1,1,1,1,-1,1,1,-1,-1,0.00925904605537653
1,1,-1,1,-1,1,1,1,1,1,-1,-1,1,-1,1,-1,-1,1,-1,1,0.008576685562729836
1,1,-1,1,-1,1,1,1,1,1,-1,-1,1,1,-1,1,1,-1,1,-1,0.008431747555732727
1,1,-1,1,-1,1,1,1,1,1,-1,1,1,-1,1,-1,1,1,1,-1,0.008844820782542229
1,1,-1,1,-1,1,1,1,1,1,1,-1,-1,1,-1,-1,1,1,-1,1,0.009728656150400639
1,1,-1,1,-1,1,1,1,1,1,1,-1,-1,1,-1,1,-1,1,-1,1,0.0091639943420887
1,1,-1,1,-1,1,1,1,1,1,1,-1,1,-1,-1,-1,-1,1,-1,-1,0.009748750366270542
1,1,-1,1,-1,1,1,1,1,1,1,-1,1,1,1,1,-1,1,-1,-1,0.009045368060469627
1,1,-1,1,-1,1,1,1,1,1,1,1,-1,-1,-1,1,1,1,-1,1,0.010133398696780205
1,1,-1,1,-1,1,1,1,1,1,1,1,1,-1,1,-1,-1,1,1,1,0.008408588357269764
1,1,-1,1,-1,1,1,1,1,1,1,1,1,1,-1,1,-1,-1,1,1,0.007726295851171017
1,1,-1,1,-1,1,1,1,1,1,1,1,1,1,1,1,-1,-1,1,1,0.007499019615352154
1,1,-1,1,1,-1,-1,-1,-1,-1,-1,-1,-1,1,1,-1,-1,-1,1,1,0.007402677088975906
1,1,-1,1,1,-1,-1,-1,-1,-1,-1,-1,1,-1,1,-1,1,-1,-1,-1,0.009234900586307049
1,1,-1,1,1,-1,-1,-1,-1,-1,-1,1,-1,-1,-1,1,-1,-1,1,-1,0.00839341152459383
1,1,-1,1,1,-1,-1,-1,-1,-1,1,-1,-1,1,-1,1,-1,-1,1,-1,0.008673668839037418
1,1,-1,1,1,-1,-1,-1,-1,-1,1,1,-1,1,1,-1,-1,1,-1,-1,0.008996659889817238
1,1,-1,1,1,-1,-1,-1,-1,-1,1,1,1,-1,-1,-1,-1,-1,1,-1,0.008630489930510521
1,1,-1,1,1,-1,-1,-1,-1,-1,1,1,1,-1,-1,1,-1,-1,1,-1,0.008729417808353901
1,1,-1,1,1,-1,-1,-1,-1,1,-1,-1,-1,-1,1,1,1,1,1,-1,0.009883389808237553
1,1,-1,1,1,-1,-1,-1,-1,1,-1,-1,-1,1,1,1,1,1,-1,1,0.009434591978788376
1,1,-1,1,1,-1,-1,-1,-1,1,-1,1,-1,-1,1,1,1,1,-1,1,0.009740406647324562
1,1,-1,1,1,-1,-1,-1,-1,1,-1,1,-1,1,1,1,1,1,1,-1,0.00903913751244545
1,1,-1,1,1,-1,-1,-1,-1,1,-1,1,1,1,-1,1,-1,1,-1,-1,0.008837709203362465
1,1,-1,1,1,-1,-1,-1,-1,1,-1,1,1,1,1,-1,1,1,-1,1,0.008816379122436047
1,1,-1,1,1,-1,-1,-1,-1,1,-1,1,1,1,1,1,1,1,1,-1,0.008789071813225746
1,1,-1,1,1,-1,-1,-1,-1,1,1,-1,-1,-1,-1,1,1,1,1,-1,0.010696738958358765
1,1,-1,1,1,-1,-1,-1,-1,1,1,-1,-1,-1,1,-1,1,-1,-1,1,0.01006330642849207
1,1,-1,1,1,-1,-1,-1,-1,1,1,-1,1,-1,-1,1,-1,-1,-1,1,0.009475856088101864
1,1,-1,1,1,-1,-1,-1,-1,1,1,1,-1,1,-1,1,-1,-1,1,1,0.008396717719733715
1,1,-1,1,1,-1,-1,-1,-1,1,1,1,-1,1,1,1,-1,1,1,1,0.008602905087172985
1,1,-1,1,1,-1,-1,-1,-1,1,1,1,1,1,-1,-1,-1,-1,-1,-1,0.008891390636563301
1,1,-1,1,1,-1,-1,-1,-1,1,1,1,1,1,-1,1,-1,1,1,1,0.008580115623772144
1,1,-1,1,1,-1,-1,-1,1,-1,-1,-1,-1,-1,-1,1,1,1,-1,1,0.009732934646308422
1,1,-1,1,1,-1,-1,-1,1,-1,-1,-1,1,-1,-1,1,-1,-1,-1,-1,0.008744532242417336
1,1,-1,1,1,-1,-1,-1,1,-1,-1,-1,1,-1,-1,1,1,-1,-1,1,0.00904940627515316
1,1,-1,1,1,-1,-1,-1,1,-1,-1,-1,1,-1,1,-1,1,-1,1,-1,0.008596966974437237
1,1,-1,1,1,-1,-1,-1,1,-1,-1,-1,1,-1,1,1,-1,-1,1,-1,0.008032305166125298
1,1,-1,1,1,-1,-1,-1,1,-1,-1,1,-1,1,-1,-1,1,-1,1,1,0.007871340028941631
1,1,-1,1,1,-1,-1,-1,1,-1,-1,1,1,-1,1,1,-1,1,-1,-1,0.00868150033056736
1,1,-1,1,1,-1,-1,-1,1,-1,1,-1,-1,-1,1,-1,1,-1,1,-1,0.009433104656636715
1,1,-1,1,1,-1,-1,-1,1,1,-1,-1,-1,-1,-1,1,-1,-1,-1,-1,0.009345580823719501
1,1,-1,1,1,-1,-1,-1,1,1,-1,-1,-1,1,-1,-1,1,1,1,-1,0.009283721446990967
1,1,-1,1,1,-1,-1,-1,1,1,-1,-1,-1,1,-1,1,1,1,-1,1,0.009508884511888027
1,1,-1,1,1,-1,-1,-1,1,1,-1,-1,1,-1,-1,-1,-1,-1,-1,1,0.008637871593236923
1,1,-1,1,1,-1,-1,-1,1,1,-1,-1,1,-1,-1,-1,-1,1,-1,1,0.009071335196495056
1,1,-1,1,1,-1,-1,-1,1,1,-1,-1,1,1,-1,1,1,1,-1,1,0.009258818812668324
1,1,-1,1,1,-1,-1,-1,1,1,-1,-1,1,1,1,-1,1,1,-1,-1,0.009291330352425575
1,1,-1,1,1,-1,-1,-1,1,1,-1,1,1,-1,-1,1,1,-1,1,1,0.008646219037473202
1,1,-1,1,1,-1,-1,-1,1,1,1,-1,1,1,1,-1,1,-1,-1,-1,0.009443939663469791
1,1,-1,1,1,-1,-1,1,-1,-1,-1,-1,-1,1,1,1,-1,1,-1,1,0.008170857094228268
1,1,-1,1,1,-1,-1,1,-1,-1,-1,-1,1,-1,-1,1,-1,-1,-1,-1,0.008648354560136795
1,1,-1,1,1,-1,-1,1,-1,-1,-1,-1,1,1,-1,1,-1,1,-1,1,0.008148068562150002
1,1,-1,1,1,-1,-1,1,-1,-1,-1,-1,1,1,1,-1,1,1,1,1,0.008000502362847328
1,1,-1,1,1,-1,-1,1,-1,-1,-1,1,1,-1,1,-1,1,-1,-1,1,0.008357804268598557
1,1,-1,1,1,-1,-1,1,-1,-1,1,-1,-1,-1,-1,1,-1,1,-1,1,0.009559240192174911
1,1,-1,1,1,-1,-1,1,-1,-1,1,1,-1,-1,1,1,-1,1,-1,-1,0.009421460330486298
1,1,-1,1,1,-1,-1,1,-1,-1,1,1,-1,1,1,1,1,1,1,1,0.008666349574923515
1,1,-1,1,1,-1,-1,1,-1,1,-1,-1,-1,1,-1,-1,1,1,-1,-1,0.009672493673861027
1,1,-1,1,1,-1,-1,1,-1,1,-1,-1,-1,1,-1,1,-1,1,-1,-1,0.009107832796871662
1,1,-1,1,1,-1,-1,1,-1,1,-1,-1,1,1,-1,-1,-1,1,-1,1,0.008400123566389084
1,1,-1,1,1,-1,-1,1,-1,1,-1,1,-1,-1,1,-1,1,1,1,1,0.00890736561268568
1,1,-1,1,1,-1,-1,1,-1,1,1,-1,-1,1,-1,1,1,1,-1,1,0.009998778812587261
1,1,-1,1,1,-1,-1,1,-1,1,1,-1,1,-1,1,1,-1,1,1,1,0.008947930298745632
1,1,-1,1,1,-1,-1,1,-1,1,1,1,-1,-1,-1,1,-1,-1,1,1,0.00872258935123682
1,1,-1,1,1,-1,-1,1,1,-1,-1,-1,1,-1,-1,-1,1,-1,-1,-1,0.009060031734406948
1,1,-1,1,1,-1,-1,1,1,-1,-1,-1,1,1,-1,-1,-1,-1,-1,1,0.007462693378329277
1,1,-1,1,1,-1,-1,1,1,-1,-1,-1,1,1,-1,-1,1,-1,1,-1,0.008000047877430916
1,1,-1,1,1,-1,-1,1,1,-1,-1,-1,1,1,1,-1,-1,-1,-1,-1,0.007594132795929909
1,1,-1,1,1,-1,-1,1,1,-1,-1,1,-1,-1,1,1,1,-1,1,1,0.008068864233791828
1,1,-1,1,1,-1,-1,1,1,-1,1,-1,-1,-1,1,-1,-1,-1,-1,1,0.008646588772535324
1,1,-1,1,1,-1,-1,1,1,-1,1,-1,-1,1,-1,1,1,1,1,1,0.009009861387312412
1,1,-1,1,1,-1,-1,1,1,-1,1,-1,1,1,-1,-1,1,-1,1,1,0.008227404206991196
1,1,-1,1,1,-1,-1,1,1,-1,1,1,1,1,-1,1,1,1,1,-1,0.008849292062222958
1,1,-1,1,1,-1,-1,1,1,1,-1,-1,-1,-1,1,1,1,1,-1,-1,0.009966195560991764
1,1,-1,1,1,-1,-1,1,1,1,-1,-1,-1,1,1,1,1,1,-1,-1,0.009391162544488907
1,1,-1,1,1,-1,-1,1,1,1,-1,1,-1,1,-1,1,1,1,-1,1,0.00899050384759903
1,1,-1,1,1,-1,-1,1,1,1,-1,1,-1,1,1,-1,1,-1,1,-1,0.008104600943624973
1,1,-1,1,1,-1,-1,1,1,1,1,-1,-1,-1,-1,-1,1,-1,-1,1,0.009888437576591969
1,1,-1,1,1,-1,-1,1,1,1,1,-1,1,-1,-1,1,-1,1,1,1,0.009022222831845284
1,1,-1,1,1,-1,-1,1,1,1,1,-1,1,-1,-1,1,1,-1,-1,-1,0.01009601540863514
1,1,-1,1,1,-1,-1,1,1,1,1,-1,1,1,1,1,-1,-1,1,-1,0.008145165629684925
1,1,-1,1,1,-1,-1,1,1,1,1,1,-1,-1,1,-1,-1,-1,-1,-1,0.00908706896007061
1,1,-1,1,1,-1,-1,1,1,1,1,1,-1,-1,1,1,-1,-1,-1,1,0.008827281184494495
1,1,-1,1,1,-1,-1,1,1,1,1,1,-1,1,-1,-1,1,-1,-1,-1,0.00940290093421936
1,1,-1,1,1,-1,-1,1,1,1,1,1,-1,1,1,-1,-1,1,-1,1,0.008586782962083817
1,1,-1,1,1,-1,1,-1,-1,-1,-1,-1,-1,-1,1,-1,1,1,1,1,0.009471318684518337
1,1,-1,1,1,-1,1,-1,-1,-1,-1,-1,1,-1,-1,-1,-1,-1,-1,-1,0.009195142425596714
1,1,-1,1,1,-1,1,-1,-1,-1,-1,-1,1,-1,-1,-1,-1,1,1,1,0.008784939534962177
1,1,-1,1,1,-1,1,-1,-1,-1,-1,1,-1,-1,1,1,1,-1,-1,-1,0.009711230173707008
1,1,-1,1,1,-1,1,-1,-1,-1,-1,1,1,-1,1,-1,1,1,1,1,0.008952033706009388
1,1,-1,1,1,-1,1,-1,-1,-1,-1,1,1,-1,1,1,-1,-1,1,1,0.00795390922576189
1,1,-1,1,1,-1,1,-1,-1,-1,1,-1,1,-1,-1,1,-1,-1,-1,1,0.009521427564322948
1,1,-1,1,1,-1,1,-1,-1,-1,1,1,1,1,-1,1,1,1,-1,1,0.009774227626621723
1,1,-1,1,1,-1,1,-1,-1,-1,1,1,1,1,1,-1,-1,-1,-1,1,0.008350971154868603
1,1,-1,1,1,-1,1,-1,-1,1,-1,1,-1,1,1,-1,-1,-1,1,-1,0.00823971163481474
1,1,-1,1,1,-1,1,-1,-1,1,1,-1,-1,-1,1,1,-1,1,-1,1,0.010328663513064384
1,1,-1,1,1,-1,1,-1,-1,1,1,-1,1,-1,1,1,-1,-1,1,-1,0.009518899023532867
1,1,-1,1,1,-1,1,-1,-1,1,1,-1,1,1,1,1,-1,1,-1,-1,0.009862279519438744
1,1,-1,1,1,-1,1,-1,-1,1,1,1,-1,1,1,-1,-1,1,1,1,0.008900531567633152
1,1,-1,1,1,-1,1,-1,-1,1,1,1,1,-1,-1,1,1,1,-1,-1,0.011058960109949112
1,1,-1,1,1,-1,1,-1,1,-1,-1,-1,-1,1,-1,1,1,-1,1,1,0.008636042475700378
1,1,-1,1,1,-1,1,-1,1,-1,-1,-1,1,1,1,-1,1,1,1,1,0.00849323533475399
1,1,-1,1,1,-1,1,-1,1,-1,-1,1,-1,1,1,1,-1,-1,1,1,0.007475957740098238
1,1,-1,1,1,-1,1,-1,1,-1,-1,1,-1,1,1,1,1,-1,1,-1,0.008498262614011765
1,1,-1,1,1,-1,1,-1,1,-1,-1,1,1,-1,-1,1,-1,1,1,1,0.008461665362119675
1,1,-1,1,1,-1,1,-1,1,-1,-1,1,1,-1,1,1,1,1,-1,1,0.009382929652929306
1,1,-1,1,1,-1,1,-1,1,-1,-1,1,1,1,1,-1,-1,-1,-1,-1,0.007970630191266537
1,1,-1,1,1,-1,1,-1,1,-1,-1,1,1,1,1,1,1,-1,-1,-1,0.008733147755265236
1,1,-1,1,1,-1,1,-1,1,-1,1,-1,-1,1,-1,-1,1,-1,-1,-1,0.009966853074729443
1,1,-1,1,1,-1,1,-1,1,-1,1,-1,-1,1,-1,1,1,1,1,1,0.009655578061938286
1,1,-1,1,1,-1,1,-1,1,-1,1,-1,1,-1,1,-1,1,1,1,-1,0.010013056918978691
1,1,-1,1,1,-1,1,-1,1,-1,1,-1,1,1,-1,-1,1,-1,-1,-1,0.009716787375509739
1,1,-1,1,1,-1,1,-1,1,-1,1,1,-1,-1,1,1,1,-1,-1,1,0.009785603731870651
1,1,-1,1,1,-1,1,-1,1,-1,1,1,-1,1,-1,-1,-1,1,1,-1,0.008982556872069836
1,1,-1,1,1,-1,1,-1,1,-1,1,1,1,-1,-1,-1,1,-1,1,-1,0.00953765120357275
1,1,-1,1,1,-1,1,-1,1,-1,1,1,1,1,-1,-1,-1,-1,-1,-1,0.008783979341387749
1,1,-1,1,1,-1,1,-1,1,-1,1,1,1,1,-1,1,1,-1,1,1,0.008702829480171204
1,1,-1,1,1,-1,1,-1,1,1,-1,-1,-1,1,1,-1,-1,1,-1,-1,0.009274361655116081
1,1,-1,1,1,-1,1,-1,1,1,-1,-1,1,1,-1,-1,-1,-1,-1,-1,0.008818108588457108
1,1,-1,1,1,-1,1,-1,1,1,-1,1,-1,-1,-1,1,-1,1,1,1,0.00906271394342184
1,1,-1,1,1,-1,1,-1,1,1,-1,1,1,1,-1,-1,-1,-1,-1,-1,0.008548890240490437
1,1,-1,1,1,-1,1,-1,1,1,-1,1,1,1,1,-1,1,1,1,1,0.008574999868869781
1,1,-1,1,1,-1,1,-1,1,1,1,-1,-1,1,1,-1,-1,1,-1,1,0.009501718915998936
1,1,-1,1,1,-1,1,-1,1,1,1,-1,1,1,1,-1,1,-1,-1,1,0.009481779299676418
1,1,-1,1,1,-1,1,-1,1,1,1,1,-1,-1,-1,-1,1,1,1,1,0.010213447734713554
1,1,-1,1,1,-1,1,-1,1,1,1,1,-1,1,-1,-1,1,1,1,-1,0.009997129440307617
1,1,-1,1,1,-1,1,-1,1,1,1,1,-1,1,1,-1,1,1,1,1,0.00941113755106926
1,1,-1,1,1,-1,1,-1,1,1,1,1,1,-1,-1,-1,1,1,-1,1,0.010448332875967026
1,1,-1,1,1,-1,1,-1,1,1,1,1,1,-1,1,1,-1,-1,-1,1,0.009222932159900665
1,1,-1,1,1,-1,1,-1,1,1,1,1,1,1,1,1,-1,-1,-1,1,0.008647898212075233
1,1,-1,1,1,-1,1,-1,1,1,1,1,1,1,1,1,1,1,1,1,0.00926000066101551
1,1,-1,1,1,-1,1,1,-1,-1,-1,1,-1,1,1,1,1,-1,1,1,0.008043368346989155
1,1,-1,1,1,-1,1,1,-1,-1,-1,1,1,-1,1,-1,1,-1,1,1,0.008269408717751503
1,1,-1,1,1,-1,1,1,-1,-1,1,-1,-1,1,1,-1,-1,1,-1,1,0.009054557420313358
1,1,-1,1,1,-1,1,1,-1,-1,1,-1,-1,1,1,-1,1,-1,-1,1,0.009284683503210545
1,1,-1,1,1,-1,1,1,-1,-1,1,1,1,-1,1,-1,1,1,-1,-1,0.01013261079788208
1,1,-1,1,1,-1,1,1,-1,1,-1,-1,-1,-1,-1,1,-1,1,1,-1,0.009594470262527466
1,1,-1,1,1,-1,1,1,-1,1,-1,-1,-1,-1,-1,1,1,1,1,-1,0.010258059948682785
1,1,-1,1,1,-1,1,1,-1,1,-1,-1,-1,1,1,1,1,1,-1,1,0.00958198495209217
1,1,-1,1,1,-1,1,1,-1,1,-1,-1,1,-1,-1,-1,-1,1,1,-1,0.009245476685464382
1,1,-1,1,1,-1,1,1,-1,1,-1,-1,1,1,-1,-1,1,1,1,-1,0.00933403242379427
1,1,-1,1,1,-1,1,1,-1,1,-1,-1,1,1,-1,1,-1,1,-1,-1,0.009254321455955505
1,1,-1,1,1,-1,1,1,-1,1,-1,-1,1,1,1,-1,-1,1,-1,1,0.008569402620196342
1,1,-1,1,1,-1,1,1,-1,1,-1,1,-1,1,-1,-1,-1,1,1,-1,0.008651289157569408
1,1,-1,1,1,-1,1,1,-1,1,-1,1,-1,1,-1,-1,1,1,1,-1,0.009314878843724728
1,1,-1,1,1,-1,1,1,-1,1,-1,1,1,1,-1,1,-1,-1,1,1,0.007707973010838032
1,1,-1,1,1,-1,1,1,-1,1,1,-1,1,-1,-1,-1,-1,1,1,1,0.009472833946347237
1,1,-1,1,1,-1,1,1,-1,1,1,-1,1,-1,1,1,1,1,-1,-1,0.010851740837097168
1,1,-1,1,1,-1,1,1,-1,1,1,-1,1,1,1,-1,1,1,-1,-1,0.01017777994275093
1,1,-1,1,1,-1,1,1,-1,1,1,1,-1,-1,-1,1,-1,1,-1,1,0.01003755908459425
1,1,-1,1,1,-1,1,1,-1,1,1,1,-1,-1,-1,1,1,1,-1,1,0.010701147839426994
1,1,-1,1,1,-1,1,1,-1,1,1,1,-1,-1,1,-1,1,-1,1,-1,0.009815244935452938
1,1,-1,1,1,-1,1,1,-1,1,1,1,-1,1,-1,-1,1,-1,-1,1,0.009593723341822624
1,1,-1,1,1,-1,1,1,-1,1,1,1,-1,1,-1,-1,1,-1,1,1,0.00910877250134945
1,1,-1,1,1,-1,1,1,1,-1,-1,1,-1,-1,-1,-1,-1,1,1,-1,0.008722356520593166
1,1,-1,1,1,-1,1,1,1,-1,-1,1,-1,-1,-1,-1,1,-1,-1,1,0.009078717790544033
1,1,-1,1,1,-1,1,1,1,-1,-1,1,1,1,1,-1,1,-1,-1,-1,0.008385058492422104
1,1,-1,1,1,-1,1,1,1,-1,1,-1,-1,1,-1,-1,-1,-1,1,-1,0.008569151163101196
1,1,-1,1,1,-1,1,1,1,-1,1,1,-1,1,-1,-1,-1,-1,-1,1,0.008426167070865631
1,1,-1,1,1,-1,1,1,1,-1,1,1,1,1,1,-1,1,-1,1,1,0.008127463981509209
1,1,-1,1,1,-1,1,1,1,1,-1,-1,-1,-1,-1,-1,-1,-1,-1,1,0.009035331197082996
1,1,-1,1,1,-1,1,1,1,1,-1,-1,-1,1,1,-1,-1,-1,1,1,0.007748070172965527
1,1,-1,1,1,-1,1,1,1,1,-1,1,-1,-1,1,1,1,1,-1,-1,0.01009353157132864
1,1,-1,1,1,-1,1,1,1,1,-1,1,-1,-1,1,1,1,1,1,-1,0.009608580730855465
1,1,-1,1,1,-1,1,1,1,1,1,-1,-1,-1,-1,-1,-1,1,1,1,0.009569915942847729
1,1,-1,1,1,-1,1,1,1,1,1,-1,-1,-1,-1,-1,1,1,-1,-1,0.011077171191573143
1,1,-1,1,1,-1,1,1,1,1,1,-1,-1,1,-1,-1,-1,1,1,1,0.008994881995022297
1,1,-1,1,1,-1,1,1,1,1,1,-1,1,1,1,-1,-1,-1,-1,1,0.008569028228521347
1,1,-1,1,1,-1,1,1,1,1,1,-1,1,1,1,-1,1,-1,-1,-1,0.009591332636773586
1,1,-1,1,1,-1,1,1,1,1,1,1,-1,-1,1,-1,1,-1,1,1,0.009303546510636806
1,1,-1,1,1,-1,1,1,1,1,1,1,-1,1,1,1,1,-1,1,-1,0.00918615609407425
1,1,-1,1,1,-1,1,1,1,1,1,1,1,-1,-1,1,1,1,-1,1,0.010298099368810654
1,1,-1,1,1,-1,1,1,1,1,1,1,1,-1,1,1,-1,1,-1,-1,0.009765949100255966
1,1,-1,1,1,1,-1,-1,-1,-1,-1,-1,-1,-1,1,1,-1,1,1,-1,0.009136810898780823
1,1,-1,1,1,1,-1,-1,-1,-1,-1,-1,-1,1,-1,1,-1,-1,-1,1,0.008481825701892376
1,1,-1,1,1,1,-1,-1,-1,-1,-1,-1,-1,1,-1,1,1,1,-1,1,0.009578878059983253
1,1,-1,1,1,1,-1,-1,-1,-1,-1,-1,-1,1,1,1,1,-1,-1,1,0.008918139152228832
1,1,-1,1,1,1,-1,-1,-1,-1,-1,1,1,-1,-1,-1,-1,1,1,-1,0.008745875209569931
1,1,-1,1,1,1,-1,-1,-1,-1,1,-1,-1,1,1,1,-1,1,-1,-1,0.009632800705730915
1,1,-1,1,1,1,-1,-1,-1,-1,1,-1,1,-1,-1,1,-1,-1,1,-1,0.009266630746424198
1,1,-1,1,1,1,-1,-1,-1,-1,1,-1,1,-1,1,-1,-1,-1,-1,1,0.009066661819815636
1,1,-1,1,1,1,-1,-1,-1,-1,1,-1,1,1,-1,1,-1,-1,1,1,0.008332882076501846
1,1,-1,1,1,1,-1,-1,-1,-1,1,1,-1,1,1,-1,-1,1,-1,1,0.008905937895178795
1,1,-1,1,1,1,-1,-1,-1,-1,1,1,1,-1,-1,-1,1,-1,1,1,0.009203357622027397
1,1,-1,1,1,1,-1,-1,-1,-1,1,1,1,1,-1,-1,1,-1,1,-1,0.00898703932762146
1,1,-1,1,1,1,-1,-1,-1,1,-1,-1,1,-1,-1,-1,-1,1,1,-1,0.009366077370941639
1,1,-1,1,1,1,-1,-1,-1,1,-1,1,-1,1,1,-1,1,-1,-1,-1,0.009259690530598164
1,1,-1,1,1,1,-1,-1,-1,1,-1,1,1,1,1,-1,1,1,-1,-1,0.009443088434636593
1,1,-1,1,1,1,-1,-1,-1,1,1,-1,-1,-1,-1,-1,-1,1,1,-1,0.010202215053141117
1,1,-1,1,1,1,-1,-1,-1,1,1,-1,-1,-1,1,-1,-1,-1,-1,-1,0.010026426054537296
1,1,-1,1,1,1,-1,-1,-1,1,1,1,-1,-1,-1,-1,1,-1,1,1,0.009804406203329563
1,1,-1,1,1,1,-1,-1,1,-1,-1,-1,1,-1,-1,1,1,1,1,-1,0.00962462741881609
1,1,-1,1,1,1,-1,-1,1,-1,-1,1,1,1,1,-1,1,1,1,1,0.00809545535594225
1,1,-1,1,1,1,-1,-1,1,-1,1,-1,-1,-1,-1,-1,-1,1,1,-1,0.009698248468339443
1,1,-1,1,1,1,-1,-1,1,1,-1,-1,-1,-1,-1,-1,1,-1,-1,1,0.009819520637392998
1,1,-1,1,1,1,-1,-1,1,1,-1,-1,-1,1,-1,-1,-1,1,1,-1,0.0088881254196167
1,1,-1,1,1,1,-1,-1,1,1,-1,-1,1,1,-1,1,1,-1,1,1,0.008608398959040642
1,1,-1,1,1,1,-1,-1,1,1,-1,1,-1,-1,1,1,-1,1,1,1,0.008706876076757908
1,1,-1,1,1,1,-1,-1,1,1,1,-1,1,-1,-1,1,1,1,1,1,0.010202967561781406
1,1,-1,1,1,1,-1,-1,1,1,1,-1,1,-1,1,-1,-1,-1,-1,1,0.009264661930501461
1,1,-1,1,1,1,-1,-1,1,1,1,-1,1,1,-1,1,1,-1,-1,-1,0.010038137435913086
1,1,-1,1,1,1,-1,-1,1,1,1,1,1,-1,-1,-1,1,1,1,1,0.00983482040464878
1,1,-1,1,1,1,-1,-1,1,1,1,1,1,1,1,-1,1,-1,1,1,0.008599047549068928
1,1,-1,1,1,1,-1,1,-1,-1,-1,-1,-1,-1,-1,-1,-1,-1,-1,1,0.008708769455552101
1,1,-1,1,1,1,-1,1,-1,-1,-1,-1,1,-1,-1,-1,-1,-1,1,-1,0.008332468569278717
1,1,-1,1,1,1,-1,1,-1,-1,-1,-1,1,-1,-1,-1,1,1,-1,-1,0.009914472699165344
1,1,-1,1,1,1,-1,1,-1,-1,-1,1,-1,-1,-1,1,-1,-1,-1,1,0.00853847898542881
1,1,-1,1,1,1,-1,1,-1,-1,-1,1,-1,-1,1,-1,1,-1,-1,-1,0.009234579280018806
1,1,-1,1,1,1,-1,1,-1,-1,-1,1,1,-1,1,1,-1,1,-1,-1,0.008853316307067871
1,1,-1,1,1,1,-1,1,-1,-1,-1,1,1,1,1,1,-1,-1,-1,1,0.007486103102564812
1,1,-1,1,1,1,-1,1,-1,-1,1,-1,-1,-1,-1,1,-1,-1,1,-1,0.00926753506064415
1,1,-1,1,1,1,-1,1,-1,-1,1,1,-1,1,1,-1,1,1,-1,-1,0.009679080918431282
1,1,-1,1,1,1,-1,1,-1,-1,1,1,-1,1,1,1,1,1,-1,1,0.009419294074177742
1,1,-1,1,1,1,-1,1,-1,-1,1,1,1,1,-1,-1,1,1,1,-1,0.00917134154587984
1,1,-1,1,1,1,-1,1,-1,1,-1,-1,-1,-1,-1,-1,1,-1,-1,1,0.009723342023789883
1,1,-1,1,1,1,-1,1,-1,1,-1,-1,1,-1,-1,1,-1,-1,-1,-1,0.009267331101000309
1,1,-1,1,1,1,-1,1,-1,1,-1,-1,1,-1,1,1,-1,-1,-1,-1,0.009040054865181446
1,1,-1,1,1,1,-1,1,-1,1,-1,-1,1,1,-1,-1,1,1,-1,1,0.00933170598000288
1,1,-1,1,1,1,-1,1,-1,1,-1,1,-1,-1,1,-1,1,-1,1,-1,0.009100611321628094
1,1,-1,1,1,1,-1,1,-1,1,-1,1,1,1,1,1,-1,-1,1,1,0.007352135609835386
1,1,-1,1,1,1,-1,1,-1,1,1,-1,-1,-1,1,1,-1,1,1,-1,0.009824705310165882
1,1,-1,1,1,1,-1,1,-1,1,1,-1,1,-1,-1,-1,-1,-1,-1,1,0.009395759552717209
1,1,-1,1,1,1,-1,1,-1,1,1,-1,1,1,1,1,-1,1,1,-1,0.008999605663120747
1,1,-1,1,1,1,-1,1,-1,1,1,1,-1,-1,-1,-1,-1,-1,-1,1,0.009376605972647667
1,1,-1,1,1,1,-1,1,1,-1,-1,-1,1,-1,-1,1,1,1,-1,1,0.009501701220870018
1,1,-1,1,1,1,-1,1,1,-1,-1,-1,1,1,1,-1,-1,-1,-1,-1,0.00786212645471096
1,1,-1,1,1,1,-1,1,1,-1,-1,-1,1,1,1,1,-1,1,1,-1,0.007909567095339298
1,1,-1,1,1,1,-1,1,1,-1,-1,1,1,-1,1,1,-1,-1,-1,-1,0.008266869001090527
1,1,-1,1,1,1,-1,1,1,-1,1,-1,-1,-1,1,-1,-1,1,1,1,0.008863095194101334
1,1,-1,1,1,1,-1,1,1,-1,1,-1,-1,-1,1,1,-1,1,-1,1,0.009446973912417889
1,1,-1,1,1,1,-1,1,1,-1,1,1,1,-1,-1,-1,-1,1,1,-1,0.008929802104830742
1,1,-1,1,1,1,-1,1,1,-1,1,1,1,-1,1,1,1,1,1,1,0.009106327779591084
1,1,-1,1,1,1,-1,1,1,1,-1,-1,-1,1,1,-1,-1,1,-1,1,0.008537922985851765
1,1,-1,1,1,1,-1,1,1,1,-1,-1,1,1,1,1,-1,1,-1,1,0.008386785164475441
1,1,-1,1,1,1,-1,1,1,1,-1,1,-1,1,-1,1,1,1,1,-1,0.0091322623193264
1,1,-1,1,1,1,-1,1,1,1,-1,1,1,-1,1,1,-1,-1,1,1,0.0077741858549416065
1,1,-1,1,1,1,-1,1,1,1,-1,1,1,1,-1,-1,-1,1,1,1,0.007760963868349791
1,1,-1,1,1,1,-1,1,1,1,1,-1,-1,-1,-1,-1,-1,-1,-1,1,0.009492842480540276
1,1,-1,1,1,1,-1,1,1,1,1,-1,-1,-1,-1,1,-1,-1,-1,1,0.009591770358383656
1,1,-1,1,1,1,-1,1,1,1,1,-1,-1,1,1,-1,1,1,1,-1,0.009661349467933178
1,1,-1,1,1,1,-1,1,1,1,1,-1,1,-1,-1,-1,1,-1,-1,1,0.009906365536153316
1,1,-1,1,1,1,-1,1,1,1,1,-1,1,1,-1,-1,-1,-1,1,-1,0.00854150764644146
1,1,-1,1,1,1,-1,1,1,1,1,-1,1,1,-1,-1,1,-1,-1,-1,0.00969004724174738
1,1,-1,1,1,1,1,-1,-1,-1,-1,-1,-1,1,1,-1,1,-1,1,1,0.008730814792215824
1,1,-1,1,1,1,1,-1,-1,-1,-1,-1,1,-1,1,1,1,1,-1,1,0.01007312536239624
1,1,-1,1,1,1,1,-1,-1,-1,-1,-1,1,1,-1,-1,-1,-1,1,-1,0.008403152227401733
1,1,-1,1,1,1,1,-1,-1,-1,-1,-1,1,1,-1,-1,1,1,-1,1,0.009626439772546291
1,1,-1,1,1,1,1,-1,-1,-1,-1,-1,1,1,-1,1,1,1,-1,1,0.009725367650389671
1,1,-1,1,1,1,1,-1,-1,-1,-1,1,-1,1,1,1,1,-1,1,1,0.008560524322092533
1,1,-1,1,1,1,1,-1,-1,-1,-1,1,1,-1,1,-1,1,1,-1,-1,0.01006369385868311
1,1,-1,1,1,1,1,-1,-1,-1,1,-1,-1,-1,-1,1,-1,1,-1,1,0.010472950525581837
1,1,-1,1,1,1,1,-1,-1,-1,1,-1,1,1,1,-1,-1,1,1,1,0.008836695924401283
1,1,-1,1,1,1,1,-1,-1,-1,1,1,-1,-1,-1,1,-1,-1,-1,1,0.009770267643034458
1,1,-1,1,1,1,1,-1,-1,1,-1,-1,-1,1,1,-1,1,-1,1,1,0.009081798605620861
1,1,-1,1,1,1,1,-1,-1,1,-1,-1,-1,1,1,-1,1,1,1,-1,0.009873976930975914
1,1,-1,1,1,1,1,-1,-1,1,-1,1,1,-1,-1,-1,-1,-1,1,-1,0.009059949778020382
1,1,-1,1,1,1,1,-1,-1,1,1,-1,1,-1,-1,-1,-1,-1,1,-1,0.009915241040289402
1,1,-1,1,1,1,1,-1,-1,1,1,-1,1,-1,-1,1,-1,-1,-1,-1,0.010499119758605957
1,1,-1,1,1,1,1,-1,-1,1,1,-1,1,-1,-1,1,1,-1,-1,-1,0.011162709444761276
1,1,-1,1,1,1,1,-1,-1,1,1,1,1,-1,1,-1,1,-1,-1,-1,0.010567286051809788
1,1,-1,1,1,1,1,-1,1,-1,-1,1,-1,1,-1,1,1,-1,-1,1,0.00911976769566536
1,1,-1,1,1,1,1,-1,1,-1,-1,1,1,1,-1,-1,-1,-1,1,1,0.007622234057635069
1,1,-1,1,1,1,1,-1,1,-1,1,-1,-1,1,-1,1,1,-1,1,1,0.009490108117461205
1,1,-1,1,1,1,1,-1,1,-1,1,-1,-1,1,1,-1,1,1,-1,-1,0.010441034100949764
1,1,-1,1,1,1,1,-1,1,-1,1,-1,1,-1,-1,1,-1,-1,1,1,0.009151487611234188
1,1,-1,1,1,1,1,-1,1,-1,1,-1,1,-1,-1,1,1,1,1,1,0.010248539969325066
1,1,-1,1,1,1,1,-1,1,-1,1,-1,1,1,-1,-1,-1,1,1,1,0.008910988457500935
1,1,-1,1,1,1,1,-1,1,-1,1,1,1,1,1,1,-1,1,1,-1,0.008872137404978275
1,1,-1,1,1,1,1,-1,1,1,-1,-1,-1,-1,-1,1,1,1,1,-1,0.010622231289744377
1,1,-1,1,1,1,1,-1,1,1,-1,-1,1,1,-1,1,-1,-1,1,-1,0.008700080215930939
1,1,-1,1,1,1,1,-1,1,1,-1,1,-1,-1,-1,1,-1,1,-1,1,0.009815658442676067
1,1,-1,1,1,1,1,-1,1,1,-1,1,1,-1,1,-1,-1,-1,-1,1,0.008805925957858562
1,1,-1,1,1,1,1,-1,1,1,-1,1,1,1,-1,1,-1,1,1,-1,0.008864323608577251
1,1,-1,1,1,1,1,-1,1,1,-1,1,1,1,1,1,1,1,-1,-1,0.009785587899386883
1,1,-1,1,1,1,1,-1,1,1,1,-1,-1,-1,1,-1,1,-1,1,-1,0.01044863648712635
1,1,-1,1,1,1,1,-1,1,1,1,-1,1,-1,-1,1,-1,1,-1,-1,0.010779599659144878
1,1,-1,1,1,1,1,-1,1,1,1,1,-1,-1,-1,1,1,-1,-1,-1,0.010990572161972523
1,1,-1,1,1,1,1,-1,1,1,1,1,-1,-1,1,1,-1,-1,1,-1,0.00961475633084774
1,1,-1,1,1,1,1,-1,1,1,1,1,-1,1,-1,1,1,-1,1,1,0.009571872651576996
1,1,-1,1,1,1,1,-1,1,1,1,1,-1,1,1,-1,1,-1,-1,-1,0.010089335031807423
1,1,-1,1,1,1,1,1,-1,-1,-1,-1,-1,-1,-1,1,1,-1,-1,1,0.009867842309176922
1,1,-1,1,1,1,1,1,-1,-1,-1,-1,-1,1,1,-1,-1,-1,-1,1,0.008303014561533928
1,1,-1,1,1,1,1,1,-1,-1,-1,-1,-1,1,1,1,-1,1,1,-1,0.00870917085558176
1,1,-1,1,1,1,1,1,-1,-1,1,-1,-1,1,1,1,1,1,-1,1,0.010085067711770535
1,1,-1,1,1,1,1,1,-1,-1,1,-1,1,-1,-1,-1,1,-1,1,-1,0.009978685528039932
1,1,-1,1,1,1,1,1,-1,-1,1,1,-1,-1,1,1,1,-1,-1,-1,0.010316134430468082
1,1,-1,1,1,1,1,1,-1,-1,1,1,-1,1,-1,-1,1,-1,1,1,0.009025783278048038
1,1,-1,1,1,1,1,1,-1,-1,1,1,1,1,-1,-1,1,-1,-1,1,0.00926066841930151
1,1,-1,1,1,1,1,1,-1,1,-1,-1,-1,-1,-1,1,-1,1,1,1,0.009503748267889023
1,1,-1,1,1,1,1,1,-1,1,-1,-1,1,-1,-1,-1,-1,1,-1,1,0.009639705531299114
1,1,-1,1,1,1,1,1,-1,1,-1,-1,1,-1,-1,1,1,1,-1,-1,0.010760938748717308
1,1,-1,1,1,1,1,1,-1,1,-1,1,-1,-1,1,-1,-1,-1,1,-1,0.00883357785642147
1,1,-1,1,1,1,1,1,-1,1,-1,1,-1,-1,1,-1,1,-1,1,1,0.00913845095783472
1,1,-1,1,1,1,1,1,-1,1,1,-1,-1,-1,1,1,1,-1,1,-1,0.010451385751366615
1,1,-1,1,1,1,1,1,-1,1,1,-1,-1,1,-1,1,-1,-1,-1,1,0.009566274471580982
1,1,-1,1,1,1,1,1,-1,1,1,-1,1,1,-1,-1,1,-1,1,-1,0.009754635393619537
1,1,-1,1,1,1,1,1,-1,1,1,1,-1,-1,1,-1,-1,1,1,1,0.009494397789239883
1,1,-1,1,1,1,1,1,-1,1,1,1,-1,1,-1,-1,-1,-1,1,1,0.008713176473975182
1,1,-1,1,1,1,1,1,1,-1,-1,-1,-1,1,-1,1,1,-1,-1,1,0.009139825589954853
1,1,-1,1,1,1,1,1,1,-1,-1,-1,-1,1,-1,1,1,1,-1,1,0.009573288261890411
1,1,-1,1,1,1,1,1,1,-1,-1,-1,1,1,1,1,1,1,-1,-1,0.00945466198027134
1,1,-1,1,1,1,1,1,1,-1,-1,1,-1,1,1,-1,-1,-1,-1,-1,0.00823952816426754
1,1,-1,1,1,1,1,1,1,-1,-1,1,-1,1,1,-1,-1,1,-1,1,0.008314276114106178
1,1,-1,1,1,1,1,1,1,-1,-1,1,-1,1,1,-1,1,-1,-1,1,0.008544402197003365
1,1,-1,1,1,1,1,1,1,-1,-1,1,-1,1,1,-1,1,1,-1,1,0.008977864868938923
1,1,-1,1,1,1,1,1,1,-1,1,-1,-1,-1,-1,-1,-1,1,-1,1,0.009971877560019493
1,1,-1,1,1,1,1,1,1,-1,1,-1,-1,-1,-1,1,-1,-1,1,1,0.009152390994131565
1,1,-1,1,1,1,1,1,1,-1,1,-1,1,-1,-1,1,-1,1,1,1,0.009335788898169994
1,1,-1,1,1,1,1,1,1,-1,1,-1,1,1,1,1,1,-1,-1,-1,0.009607271291315556
1,1,-1,1,1,1,1,1,1,-1,1,1,-1,1,1,-1,-1,-1,-1,-1,0.008825600147247314
1,1,-1,1,1,1,1,1,1,-1,1,1,1,-1,-1,1,-1,1,1,-1,0.009425285272300243
1,1,-1,1,1,1,1,1,1,-1,1,1,1,-1,1,1,1,1,1,-1,0.009861597791314125
1,1,-1,1,1,1,1,1,1,-1,1,1,1,1,-1,-1,1,-1,-1,1,0.009107684716582298
1,1,-1,1,1,1,1,1,1,-1,1,1,1,1,1,-1,1,-1,-1,-1,0.00923912413418293
1,1,-1,1,1,1,1,1,1,1,-1,-1,1,1,-1,1,1,1,-1,1,0.009674206376075745
1,1,-1,1,1,1,1,1,1,1,-1,1,1,-1,1,1,-1,-1,-1,-1,0.00901440717279911
1,1,-1,1,1,1,1,1,1,1,1,-1,-1,1,-1,-1,-1,1,-1,-1,0.010106542147696018
1,1,-1,1,1,1,1,1,1,1,1,-1,1,-1,1,-1,-1,1,1,1,0.009360567666590214
1,1,-1,1,1,1,1,1,1,1,1,-1,1,1,-1,-1,-1,1,1,-1,0.00937152560800314
1,1,1,-1,-1,-1,-1,-1,-1,-1,-1,-1,-1,-1,-1,-1,1,-1,1,-1,0.008430340327322483
1,1,1,-1,-1,-1,-1,-1,-1,-1,-1,-1,-1,-1,-1,1,1,-1,-1,1,0.008655503392219543
1,1,1,-1,-1,-1,-1,-1,-1,-1,-1,-1,-1,-1,-1,1,1,1,1,1,0.008604016155004501
1,1,1,-1,-1,-1,-1,-1,-1,-1,1,-1,-1,-1,-1,-1,-1,1,1,1,0.008427571505308151
1,1,1,-1,-1,-1,-1,-1,-1,-1,1,-1,-1,-1,1,-1,-1,1,-1,-1,0.009043961763381958
1,1,1,-1,-1,-1,-1,-1,-1,-1,1,1,1,-1,1,-1,1,-1,1,-1,0.00826985202729702
1,1,1,-1,-1,-1,-1,-1,-1,-1,1,1,1,1,-1,-1,-1,1,1,1,0.007333253510296345
1,1,1,-1,-1,-1,-1,-1,-1,-1,1,1,1,1,1,-1,1,1,1,1,0.0077695660293102264
1,1,1,-1,-1,-1,-1,-1,-1,1,-1,-1,-1,-1,-1,-1,-1,1,-1,1,0.008677433244884014
1,1,1,-1,-1,-1,-1,-1,-1,1,1,-1,1,1,1,-1,1,-1,-1,-1,0.008799972012639046
1,1,1,-1,-1,-1,-1,-1,-1,1,1,1,1,-1,-1,1,-1,-1,1,-1,0.00828345026820898
1,1,1,-1,-1,-1,-1,-1,1,-1,-1,-1,-1,-1,-1,-1,1,-1,1,-1,0.008277356624603271
1,1,1,-1,-1,-1,-1,-1,1,-1,-1,-1,1,1,1,-1,-1,-1,-1,-1,0.007046343293040991
1,1,1,-1,-1,-1,-1,-1,1,-1,-1,-1,1,1,1,1,-1,1,-1,-1,0.007578734308481216
1,1,1,-1,-1,-1,-1,-1,1,-1,-1,1,-1,-1,1,1,1,1,-1,-1,0.008798203431069851
1,1,1,-1,-1,-1,-1,-1,1,-1,-1,1,1,-1,1,1,1,1,-1,-1,0.008548138663172722
1,1,1,-1,-1,-1,-1,-1,1,-1,-1,1,1,1,-1,1,1,-1,1,-1,0.007281966507434845
1,1,1,-1,-1,-1,-1,-1,1,-1,1,-1,-1,1,-1,1,-1,-1,1,1,0.0073650190606713295
1,1,1,-1,-1,-1,-1,-1,1,-1,1,-1,-1,1,1,1,1,-1,-1,-1,0.00864499807357788
1,1,1,-1,-1,-1,-1,-1,1,-1,1,1,1,-1,-1,-1,1,-1,1,-1,0.008344144560396671
1,1,1,-1,-1,-1,-1,-1,1,-1,1,1,1,-1,1,1,-1,-1,-1,-1,0.008037158288061619
1,1,1,-1,-1,-1,-1,-1,1,1,-1,-1,-1,1,-1,-1,1,-1,1,-1,0.008053306490182877
1,1,1,-1,-1,-1,-1,-1,1,1,-1,-1,1,-1,-1,1,1,-1,1,1,0.00811848696321249
1,1,1,-1,-1,-1,-1,-1,1,1,-1,-1,1,-1,1,1,1,1,1,-1,0.00868338905274868
1,1,1,-1,-1,-1,-1,-1,1,1,-1,-1,1,-1,1,1,1,1,1,1,0.00832467433065176
1,1,1,-1,-1,-1,-1,-1,1,1,-1,-1,1,1,1,1,-1,1,1,1,0.007086050696671009
1,1,1,-1,-1,-1,-1,-1,1,1,-1,1,-1,-1,1,-1,1,-1,1,1,0.007773129269480705
1,1,1,-1,-1,-1,-1,-1,1,1,-1,1,-1,1,-1,-1,-1,-1,1,1,0.006761782802641392
1,1,1,-1,-1,-1,-1,-1,1,1,-1,1,1,-1,-1,1,1,1,1,-1,0.008641446940600872
1,1,1,-1,-1,-1,-1,-1,1,1,-1,1,1,-1,1,1,-1,1,1,1,0.007391865830868483
1,1,1,-1,-1,-1,-1,-1,1,1,-1,1,1,1,-1,1,-1,1,-1,1,0.007529059424996376
1,1,1,-1,-1,-1,-1,-1,1,1,-1,1,1,1,1,-1,-1,-1,-1,1,0.006769391708076
1,1,1,-1,-1,-1,-1,-1,1,1,1,-1,-1,-1,1,1,1,-1,1,-1,0.0090860640630126
1,1,1,-1,-1,-1,-1,-1,1,1,1,-1,-1,1,1,1,-1,-1,1,1,0.007488725706934929
1,1,1,-1,-1,-1,-1,-1,1,1,1,-1,1,-1,1,1,-1,1,-1,-1,0.00909082405269146
1,1,1,-1,-1,-1,-1,-1,1,1,1,1,-1,-1,-1,1,1,1,-1,1,0.00960381980985403
1,1,1,-1,-1,-1,-1,-1,1,1,1,1,1,1,-1,1,1,-1,-1,1,0.008345257490873337
1,1,1,-1,-1,-1,-1,1,-1,-1,-1,-1,1,-1,-1,-1,-1,-1,-1,1,0.007393759675323963
1,1,1,-1,-1,-1,-1,1,-1,-1,-1,-1,1,1,-1,-1,-1,-1,-1,1,0.006818725727498531
1,1,1,-1,-1,-1,-1,1,-1,-1,-1,-1,1,1,1,-1,-1,1,-1,1,0.007024912629276514
1,1,1,-1,-1,-1,-1,1,-1,-1,-1,1,-1,-1,1,1,1,1,1,-1,0.008217074908316135
1,1,1,-1,-1,-1,-1,1,-1,-1,-1,1,-1,1,1,-1,-1,-1,-1,-1,0.006931011565029621
1,1,1,-1,-1,-1,-1,1,-1,-1,1,-1,-1,1,1,1,-1,1,-1,-1,0.008318694308400154
1,1,1,-1,-1,-1,-1,1,-1,-1,1,-1,1,-1,-1,1,-1,-1,-1,-1,0.008437475189566612
1,1,1,-1,-1,-1,-1,1,-1,-1,1,1,-1,-1,1,-1,1,-1,1,1,0.007912040688097477
1,1,1,-1,-1,-1,-1,1,-1,-1,1,1,-1,1,-1,-1,-1,-1,1,-1,0.007259409409016371
1,1,1,-1,-1,-1,-1,1,-1,1,-1,-1,-1,-1,1,1,1,-1,1,1,0.008045097813010216
1,1,1,-1,-1,-1,-1,1,-1,1,-1,-1,-1,1,-1,-1,1,-1,-1,-1,0.008442078717052937
1,1,1,-1,-1,-1,-1,1,-1,1,-1,1,-1,1,-1,-1,-1,-1,1,1,0.006665604189038277
1,1,1,-1,-1,-1,-1,1,-1,1,-1,1,-1,1,1,-1,-1,-1,1,1,0.006438327953219414
1,1,1,-1,-1,-1,-1,1,-1,1,-1,1,1,1,-1,-1,-1,-1,-1,-1,0.00725920544937253
1,1,1,-1,-1,-1,-1,1,-1,1,1,-1,-1,-1,-1,1,1,-1,1,-1,0.009217162616550922
1,1,1,-1,-1,-1,-1,1,-1,1,1,1,-1,-1,-1,1,-1,-1,-1,-1,0.008769304491579533
1,1,1,-1,-1,-1,-1,1,-1,1,1,1,-1,1,-1,-1,1,1,-1,-1,0.009192395955324173
1,1,1,-1,-1,-1,-1,1,1,-1,-1,1,-1,-1,-1,-1,1,-1,1,1,0.007400261238217354
1,1,1,-1,-1,-1,-1,1,1,-1,-1,1,-1,1,-1,-1,-1,1,1,-1,0.00695381686091423
1,1,1,-1,-1,-1,-1,1,1,-1,-1,1,-1,1,-1,1,1,1,1,-1,0.007716333959251642
1,1,1,-1,-1,-1,-1,1,1,-1,-1,1,1,-1,1,-1,-1,1,1,1,0.006692793220281601
1,1,1,-1,-1,-1,-1,1,1,-1,1,-1,-1,-1,1,-1,-1,1,1,1,0.007798150181770325
1,1,1,-1,-1,-1,-1,1,1,-1,1,-1,-1,1,1,-1,1,-1,-1,-1,0.008296908810734749
1,1,1,-1,-1,-1,-1,1,1,-1,1,-1,1,-1,-1,-1,-1,-1,1,1,0.007341897580772638
1,1,1,-1,-1,-1,-1,1,1,-1,1,1,-1,1,-1,1,1,-1,1,-1,0.007868942804634571
1,1,1,-1,-1,-1,-1,1,1,-1,1,1,1,-1,-1,-1,-1,-1,1,1,0.007072678301483393
1,1,1,-1,-1,-1,-1,1,1,-1,1,1,1,1,-1,1,-1,1,1,-1,0.007388751488178968
1,1,1,-1,-1,-1,-1,1,1,1,-1,-1,1,1,1,1,1,1,1,1,0.007500478997826576
1,1,1,-1,-1,-1,-1,1,1,1,-1,1,-1,-1,-1,1,1,-1,-1,-1,0.008693838492035866
1,1,1,-1,-1,-1,-1,1,1,1,-1,1,-1,1,1,-1,-1,-1,1,-1,0.006644060369580984
1,1,1,-1,-1,-1,-1,1,1,1,-1,1,-1,1,1,1,-1,1,1,-1,0.00717645138502121
1,1,1,-1,-1,-1,-1,1,1,1,-1,1,1,-1,-1,1,1,1,1,1,0.008033569902181625
1,1,1,-1,-1,-1,-1,1,1,1,-1,1,1,-1,1,-1,-1,-1,-1,-1,0.007453979458659887
1,1,1,-1,-1,-1,-1,1,1,1,-1,1,1,1,1,1,1,-1,-1,-1,0.007641462609171867
1,1,1,-1,-1,-1,-1,1,1,1,1,-1,-1,1,1,-1,-1,1,1,-1,0.00793281476944685
1,1,1,-1,-1,-1,-1,1,1,1,1,-1,1,-1,1,-1,1,-1,-1,1,0.008614144288003445
1,1,1,-1,-1,-1,-1,1,1,1,1,1,-1,-1,-1,1,-1,1,1,1,0.008206117898225784
1,1,1,-1,-1,-1,-1,1,1,1,1,1,-1,-1,1,-1,1,-1,1,-1,0.008468755520880222
1,1,1,-1,-1,-1,-1,1,1,1,1,1,1,-1,1,-1,1,1,-1,1,0.008778388611972332
1,1,1,-1,-1,-1,-1,1,1,1,1,1,1,1,1,1,1,1,1,-1,0.0081760473549366
1,1,1,-1,-1,-1,1,-1,-1,-1,-1,-1,-1,-1,1,1,-1,-1,1,-1,0.008034957572817802
1,1,1,-1,-1,-1,1,-1,-1,-1,-1,-1,-1,1,-1,-1,-1,1,1,1,0.007663019932806492
1,1,1,-1,-1,-1,1,-1,-1,-1,-1,-1,-1,1,-1,-1,1,-1,-1,1,0.008378096856176853
1,1,1,-1,-1,-1,1,-1,-1,-1,-1,-1,1,1,1,-1,-1,-1,-1,-1,0.007595881354063749
1,1,1,-1,-1,-1,1,-1,-1,-1,-1,1,-1,-1,1,-1,1,1,-1,1,0.00889009889215231
1,1,1,-1,-1,-1,1,-1,-1,-1,-1,1,-1,1,-1,1,-1,-1,-1,1,0.007544216699898243
1,1,1,-1,-1,-1,1,-1,-1,-1,-1,1,1,-1,1,-1,-1,-1,-1,1,0.007542980834841728
1,1,1,-1,-1,-1,1,-1,-1,-1,-1,1,1,1,-1,1,-1,-1,-1,-1,0.007652866654098034
1,1,1,-1,-1,-1,1,-1,-1,-1,1,-1,-1,1,-1,1,-1,-1,1,-1,0.008273272775113583
1,1,1,-1,-1,-1,1,-1,-1,1,-1,-1,-1,1,-1,-1,-1,1,-1,-1,0.008857669308781624
1,1,1,-1,-1,-1,1,-1,-1,1,-1,-1,1,1,1,-1,-1,-1,1,1,0.007103198207914829
1,1,1,-1,-1,-1,1,-1,-1,1,-1,1,-1,1,1,1,1,1,-1,-1,0.009123691357672215
1,1,1,-1,-1,-1,1,-1,-1,1,1,-1,-1,1,-1,1,1,-1,1,-1,0.009287845343351364
1,1,1,-1,-1,-1,1,-1,-1,1,1,-1,-1,1,-1,1,1,1,-1,-1,0.010206259787082672
1,1,1,-1,-1,-1,1,-1,-1,1,1,-1,1,-1,1,-1,-1,-1,1,1,0.008264304138720036
1,1,1,-1,-1,-1,1,-1,-1,1,1,-1,1,1,-1,-1,-1,-1,1,-1,0.008275262080132961
1,1,1,-1,-1,-1,1,-1,-1,1,1,1,-1,-1,-1,-1,-1,-1,-1,-1,0.009316093288362026
1,1,1,-1,-1,-1,1,-1,-1,1,1,1,1,-1,1,-1,-1,-1,-1,-1,0.008838752284646034
1,1,1,-1,-1,-1,1,-1,-1,1,1,1,1,1,-1,1,1,-1,-1,1,0.00889479648321867
1,1,1,-1,-1,-1,1,-1,1,-1,-1,-1,-1,-1,-1,-1,-1,1,1,1,0.008085070177912712
1,1,1,-1,-1,-1,1,-1,1,-1,-1,-1,1,-1,-1,-1,-1,-1,1,1,0.00740154180675745
1,1,1,-1,-1,-1,1,-1,1,-1,-1,-1,1,1,1,-1,-1,1,-1,-1,0.007876361720263958
1,1,1,-1,-1,-1,1,-1,1,-1,-1,1,1,-1,1,1,-1,-1,1,-1,0.007362689822912216
1,1,1,-1,-1,-1,1,-1,1,-1,1,-1,1,-1,1,1,1,1,1,1,0.008956318721175194
1,1,1,-1,-1,-1,1,-1,1,-1,1,-1,1,1,1,-1,1,1,1,-1,0.008641072548925877
1,1,1,-1,-1,-1,1,-1,1,-1,1,1,1,1,-1,-1,-1,1,1,-1,0.00793554075062275
1,1,1,-1,-1,-1,1,-1,1,1,-1,-1,1,1,-1,1,-1,-1,-1,1,0.007761369924992323
1,1,1,-1,-1,-1,1,-1,1,1,-1,1,-1,-1,-1,1,1,-1,1,-1,0.008854604326188564
1,1,1,-1,-1,-1,1,-1,1,1,-1,1,-1,1,1,-1,1,1,1,-1,0.008386829867959023
1,1,1,-1,-1,-1,1,-1,1,1,-1,1,1,-1,-1,1,1,-1,1,-1,0.00860453862696886
1,1,1,-1,-1,-1,1,-1,1,1,-1,1,1,-1,1,1,1,1,-1,-1,0.009295676834881306
1,1,1,-1,-1,-1,1,-1,1,1,1,-1,-1,-1,1,-1,-1,-1,1,-1,0.008720101788640022
1,1,1,-1,-1,-1,1,-1,1,1,1,-1,-1,1,1,1,-1,1,-1,-1,0.009162410162389278
1,1,1,-1,-1,-1,1,-1,1,1,1,-1,-1,1,1,1,1,1,-1,-1,0.009825999848544598
1,1,1,-1,-1,-1,1,-1,1,1,1,1,-1,1,-1,-1,-1,-1,-1,-1,0.008588076569139957
1,1,1,-1,-1,-1,1,-1,1,1,1,1,1,-1,-1,1,-1,-1,-1,1,0.008653257042169571
1,1,1,-1,-1,-1,1,-1,1,1,1,1,1,-1,1,-1,1,-1,-1,1,0.008990642614662647
1,1,1,-1,-1,-1,1,-1,1,1,1,1,1,1,-1,1,1,1,-1,1,0.009175276383757591
1,1,1,-1,-1,-1,1,1,-1,-1,-1,-1,-1,1,1,-1,-1,1,1,-1,0.0075452979654073715
1,1,1,-1,-1,-1,1,1,-1,-1,-1,1,-1,1,-1,-1,1,-1,-1,-1,0.00821843184530735
1,1,1,-1,-1,-1,1,1,-1,-1,1,-1,-1,-1,1,-1,1,1,-1,-1,0.009854944422841072
1,1,1,-1,-1,-1,1,1,-1,-1,1,-1,1,-1,-1,-1,1,-1,-1,-1,0.009398691356182098
1,1,1,-1,-1,-1,1,1,-1,-1,1,1,-1,-1,-1,-1,1,1,1,1,0.00896933488547802
1,1,1,-1,-1,-1,1,1,-1,-1,1,1,-1,1,-1,1,-1,1,1,1,0.007829640060663223
1,1,1,-1,-1,-1,1,1,-1,-1,1,1,-1,1,-1,1,1,1,-1,-1,0.009336895309388638
1,1,1,-1,-1,-1,1,1,-1,-1,1,1,1,-1,-1,1,-1,1,-1,1,0.008639559149742126
1,1,1,-1,-1,-1,1,1,-1,1,-1,-1,-1,-1,1,-1,-1,1,-1,1,0.008597549982368946
1,1,1,-1,-1,-1,1,1,-1,1,-1,-1,-1,-1,1,1,-1,-1,-1,-1,0.008621729910373688
1,1,1,-1,-1,-1,1,1,-1,1,-1,-1,1,-1,1,1,-1,1,-1,1,0.008446412160992622
1,1,1,-1,-1,-1,1,1,-1,1,-1,-1,1,1,-1,-1,1,1,1,-1,0.008537081070244312
1,1,1,-1,-1,-1,1,1,-1,1,-1,-1,1,1,1,1,1,-1,1,1,0.007616553921252489
1,1,1,-1,-1,-1,1,1,-1,1,-1,1,1,-1,1,-1,1,1,-1,1,0.008741854690015316
1,1,1,-1,-1,-1,1,1,-1,1,1,-1,1,1,-1,-1,1,1,-1,1,0.009249389171600342
1,1,1,-1,-1,-1,1,1,-1,1,1,1,-1,1,1,-1,-1,1,-1,1,0.008339369669556618
1,1,1,-1,-1,-1,1,1,-1,1,1,1,1,1,-1,1,1,-1,1,1,0.008160683326423168
1,1,1,-1,-1,-1,1,1,1,-1,-1,-1,-1,-1,-1,-1,-1,1,1,-1,0.008194624446332455
1,1,1,-1,-1,-1,1,1,1,-1,-1,-1,-1,-1,-1,1,-1,1,1,1,0.00793483667075634
1,1,1,-1,-1,-1,1,1,1,-1,-1,-1,-1,1,-1,1,-1,-1,1,1,0.00692634005099535
1,1,1,-1,-1,-1,1,1,1,-1,-1,-1,-1,1,-1,1,-1,1,-1,-1,0.008203469216823578
1,1,1,-1,-1,-1,1,1,1,-1,-1,1,-1,-1,-1,1,1,1,1,1,0.008329207077622414
1,1,1,-1,-1,-1,1,1,1,-1,-1,1,-1,1,-1,-1,-1,1,1,1,0.00699165603145957
1,1,1,-1,-1,-1,1,1,1,-1,-1,1,1,1,1,1,-1,-1,-1,1,0.006664729677140713
1,1,1,-1,-1,-1,1,1,1,-1,1,-1,-1,-1,-1,1,1,1,1,-1,0.009543213993310928
1,1,1,-1,-1,-1,1,1,1,-1,1,-1,1,1,-1,-1,1,-1,1,1,0.00782700814306736
1,1,1,-1,-1,-1,1,1,1,-1,1,1,-1,1,-1,-1,-1,1,1,-1,0.007936444133520126
1,1,1,-1,-1,-1,1,1,1,-1,1,1,1,-1,-1,-1,1,1,-1,-1,0.009409952908754349
1,1,1,-1,-1,-1,1,1,1,1,-1,-1,-1,1,1,-1,-1,1,-1,-1,0.008228247985243797
1,1,1,-1,-1,-1,1,1,1,1,-1,-1,-1,1,1,-1,1,1,1,-1,0.008406886830925941
1,1,1,-1,-1,-1,1,1,1,1,-1,-1,-1,1,1,1,-1,1,-1,1,0.007968461140990257
1,1,1,-1,-1,-1,1,1,1,1,-1,-1,1,-1,-1,1,1,-1,1,-1,0.00862459558993578
1,1,1,-1,-1,-1,1,1,1,1,-1,1,-1,-1,-1,-1,1,-1,1,1,0.008147798478603363
1,1,1,-1,-1,-1,1,1,1,1,-1,1,1,-1,1,1,1,-1,1,1,0.007769385352730751
1,1,1,-1,-1,-1,1,1,1,1,1,-1,-1,1,1,-1,-1,1,-1,-1,0.008814320899546146
1,1,1,-1,-1,-1,1,1,1,1,1,-1,1,1,-1,1,-1,-1,1,-1,0.007972044870257378
1,1,1,-1,-1,-1,1,1,1,1,1,-1,1,1,-1,1,-1,1,-1,1,0.008531743660569191
1,1,1,-1,-1,-1,1,1,1,1,1,-1,1,1,1,1,-1,-1,-1,-1,0.00822971947491169
1,1,1,-1,-1,-1,1,1,1,1,1,-1,1,1,1,1,1,-1,-1,-1,0.008893309161067009
1,1,1,-1,-1,-1,1,1,1,1,1,1,-1,1,1,-1,1,1,-1,1,0.008849975652992725
1,1,1,-1,-1,1,-1,-1,-1,-1,-1,-1,1,-1,1,-1,1,1,1,1,0.008295740000903606
1,1,1,-1,-1,1,-1,-1,-1,-1,1,-1,-1,-1,1,-1,-1,-1,1,-1,0.008393540978431702
1,1,1,-1,-1,1,-1,-1,-1,-1,1,-1,1,1,-1,-1,-1,-1,-1,-1,0.008280668407678604
1,1,1,-1,-1,1,-1,-1,-1,-1,1,1,-1,-1,1,1,-1,1,-1,1,0.00878294836729765
1,1,1,-1,-1,1,-1,-1,-1,-1,1,1,-1,1,1,-1,-1,1,1,-1,0.007982751354575157
1,1,1,-1,-1,1,-1,-1,-1,-1,1,1,-1,1,1,-1,-1,1,1,1,0.0076240357011556625
1,1,1,-1,-1,1,-1,-1,-1,-1,1,1,1,-1,-1,-1,1,1,1,-1,0.009198585525155067
1,1,1,-1,-1,1,-1,-1,-1,-1,1,1,1,-1,1,-1,-1,-1,-1,-1,0.008359206840395927
1,1,1,-1,-1,1,-1,-1,-1,1,-1,-1,-1,-1,1,1,-1,-1,1,-1,0.00825737975537777
1,1,1,-1,-1,1,-1,-1,-1,1,-1,-1,-1,1,-1,1,-1,1,-1,-1,0.008828036487102509
1,1,1,-1,-1,1,-1,-1,-1,1,-1,-1,1,-1,1,-1,1,-1,-1,1,0.008698211051523685
1,1,1,-1,-1,1,-1,-1,-1,1,-1,-1,1,1,-1,-1,-1,-1,1,1,0.00720191327854991
1,1,1,-1,-1,1,-1,-1,-1,1,-1,-1,1,1,1,1,-1,1,1,-1,0.007865743711590767
1,1,1,-1,-1,1,-1,-1,-1,1,-1,1,-1,-1,1,1,-1,1,-1,-1,0.008906574919819832
1,1,1,-1,-1,1,-1,-1,-1,1,-1,1,1,1,1,-1,1,-1,-1,-1,0.008212673477828503
1,1,1,-1,-1,1,-1,-1,-1,1,1,-1,1,-1,-1,1,-1,-1,-1,1,0.008946898393332958
1,1,1,-1,-1,1,-1,-1,-1,1,1,-1,1,-1,-1,1,-1,1,-1,1,0.009380361065268517
1,1,1,-1,-1,1,-1,-1,-1,1,1,-1,1,-1,1,1,1,1,-1,1,0.009816674515604973
1,1,1,-1,-1,1,-1,-1,-1,1,1,1,-1,1,-1,1,-1,1,-1,-1,0.009144890122115612
1,1,1,-1,-1,1,-1,-1,1,-1,-1,-1,-1,-1,1,1,-1,-1,-1,1,0.007879648357629776
1,1,1,-1,-1,1,-1,-1,1,-1,-1,-1,-1,1,1,1,-1,-1,-1,-1,0.007663330063223839
1,1,1,-1,-1,1,-1,-1,1,-1,-1,-1,-1,1,1,1,1,1,1,-1,0.008275431580841541
1,1,1,-1,-1,1,-1,-1,1,-1,-1,-1,1,-1,-1,1,1,-1,1,-1,0.008394213393330574
1,1,1,-1,-1,1,-1,-1,1,-1,-1,-1,1,1,1,-1,1,-1,-1,1,0.00761921051889658
1,1,1,-1,-1,1,-1,-1,1,-1,-1,1,-1,-1,1,1,1,1,-1,-1,0.009066197089850903
1,1,1,-1,-1,1,-1,-1,1,-1,-1,1,1,-1,1,-1,1,-1,-1,-1,0.00828374084085226
1,1,1,-1,-1,1,-1,-1,1,-1,-1,1,1,1,1,1,1,-1,-1,-1,0.007807634770870209
1,1,1,-1,-1,1,-1,-1,1,-1,1,-1,-1,1,1,-1,-1,-1,-1,-1,0.008150475099682808
1,1,1,-1,-1,1,-1,-1,1,-1,1,-1,1,-1,1,-1,1,-1,1,1,0.008295365609228611
1,1,1,-1,-1,1,-1,-1,1,-1,1,1,1,-1,-1,-1,-1,1,1,1,0.008023297414183617
1,1,1,-1,-1,1,-1,-1,1,1,-1,-1,-1,1,-1,-1,1,1,1,-1,0.008754763752222061
1,1,1,-1,-1,1,-1,-1,1,1,-1,-1,-1,1,-1,1,-1,-1,-1,-1,0.008241589181125164
1,1,1,-1,-1,1,-1,-1,1,1,-1,-1,1,1,1,1,-1,-1,1,-1,0.007279297336935997
1,1,1,-1,-1,1,-1,-1,1,1,-1,1,-1,-1,-1,-1,1,-1,-1,1,0.008753350004553795
1,1,1,-1,-1,1,-1,-1,1,1,-1,1,1,1,1,-1,-1,1,1,1,0.006985897663980722
1,1,1,-1,-1,1,-1,-1,1,1,1,1,-1,-1,-1,-1,1,1,1,-1,0.009646650403738022
1,1,1,-1,-1,1,-1,-1,1,1,1,1,-1,1,-1,1,-1,1,-1,1,0.008633190765976906
1,1,1,-1,-1,1,-1,-1,1,1,1,1,-1,1,1,1,1,-1,1,1,0.008151089772582054
1,1,1,-1,-1,1,-1,-1,1,1,1,1,1,-1,-1,1,1,-1,-1,1,0.00918828509747982
1,1,1,-1,-1,1,-1,-1,1,1,1,1,1,1,-1,1,-1,-1,-1,1,0.007949662394821644
1,1,1,-1,-1,1,-1,-1,1,1,1,1,1,1,1,1,-1,1,-1,1,0.00815584883093834
1,1,1,-1,-1,1,-1,1,-1,-1,-1,-1,1,-1,-1,-1,-1,1,1,1,0.007610265631228685
1,1,1,-1,-1,1,-1,1,-1,-1,-1,-1,1,-1,-1,1,-1,1,-1,1,0.008194144815206528
1,1,1,-1,-1,1,-1,1,-1,-1,-1,-1,1,1,1,-1,1,-1,1,1,0.00703808106482029
1,1,1,-1,-1,1,-1,1,-1,-1,-1,-1,1,1,1,1,-1,-1,-1,-1,0.007317086681723595
1,1,1,-1,-1,1,-1,1,-1,-1,-1,1,-1,-1,-1,-1,-1,1,1,-1,0.00794982723891735
1,1,1,-1,-1,1,-1,1,-1,-1,-1,1,1,1,-1,-1,1,1,1,1,0.007429602090269327
1,1,1,-1,-1,1,-1,1,-1,-1,-1,1,1,1,1,-1,-1,1,-1,1,0.007023687474429607
1,1,1,-1,-1,1,-1,1,-1,-1,1,-1,1,-1,-1,-1,-1,-1,-1,1,0.00824782531708479
1,1,1,-1,-1,1,-1,1,-1,-1,1,-1,1,-1,1,1,-1,1,1,-1,0.008426705375313759
1,1,1,-1,-1,1,-1,1,-1,-1,1,1,-1,1,1,-1,-1,-1,1,-1,0.007300126366317272
1,1,1,-1,-1,1,-1,1,-1,-1,1,1,1,-1,1,-1,-1,1,1,-1,0.008058558218181133
1,1,1,-1,-1,1,-1,1,-1,1,-1,-1,-1,-1,1,1,-1,1,-1,-1,0.00892663188278675
1,1,1,-1,-1,1,-1,1,-1,1,-1,-1,1,-1,1,-1,1,1,1,1,0.008397561497986317
1,1,1,-1,-1,1,-1,1,-1,1,-1,-1,1,-1,1,1,1,-1,1,-1,0.008421741425991058
1,1,1,-1,-1,1,-1,1,-1,1,-1,1,1,-1,-1,1,-1,-1,-1,1,0.007842444814741611
1,1,1,-1,-1,1,-1,1,-1,1,1,-1,1,1,1,-1,1,-1,-1,-1,0.00881880335509777
1,1,1,-1,-1,1,-1,1,-1,1,1,1,-1,-1,1,1,1,1,-1,-1,0.009907075203955173
1,1,1,-1,-1,1,-1,1,-1,1,1,1,1,1,1,-1,-1,1,1,-1,0.007834507152438164
1,1,1,-1,-1,1,-1,1,1,-1,-1,-1,-1,-1,1,-1,1,1,1,1,0.008143660612404346
1,1,1,-1,-1,1,-1,1,1,-1,-1,1,-1,-1,-1,1,-1,1,-1,-1,0.008380723185837269
1,1,1,-1,-1,1,-1,1,1,-1,-1,1,-1,1,1,1,1,1,1,1,0.007398335728794336
1,1,1,-1,-1,1,-1,1,1,-1,-1,1,1,1,1,1,1,1,1,-1,0.007506985682994127
1,1,1,-1,-1,1,-1,1,1,-1,1,-1,-1,-1,-1,-1,-1,-1,-1,-1,0.008703622967004776
1,1,1,-1,-1,1,-1,1,1,-1,1,-1,-1,1,-1,1,-1,1,1,1,0.007817314006388187
1,1,1,-1,-1,1,-1,1,1,-1,1,-1,1,-1,1,-1,-1,1,-1,1,0.008301028981804848
1,1,1,-1,-1,1,-1,1,1,-1,1,-1,1,1,-1,-1,-1,-1,1,-1,0.007393572945147753
1,1,1,-1,-1,1,-1,1,1,-1,1,1,-1,1,1,-1,-1,-1,1,1,0.006788427941501141
1,1,1,-1,-1,1,-1,1,1,-1,1,1,1,1,-1,-1,-1,-1,-1,1,0.007250589318573475
1,1,1,-1,-1,1,-1,1,1,1,-1,-1,-1,1,1,1,1,-1,-1,-1,0.008428741246461868
1,1,1,-1,-1,1,-1,1,1,1,-1,-1,1,1,-1,1,1,1,1,1,0.00799574889242649
1,1,1,-1,-1,1,-1,1,1,1,-1,-1,1,1,1,1,1,-1,-1,-1,0.008178675547242165
1,1,1,-1,-1,1,-1,1,1,1,-1,1,-1,-1,-1,1,1,-1,-1,-1,0.008961832150816917
1,1,1,-1,-1,1,-1,1,1,1,-1,1,-1,-1,1,-1,1,1,-1,1,0.008710375055670738
1,1,1,-1,-1,1,-1,1,1,1,-1,1,-1,-1,1,1,-1,-1,-1,1,0.007712250575423241
1,1,1,-1,-1,1,-1,1,1,1,-1,1,-1,1,1,1,1,-1,1,-1,0.007674571126699448
1,1,1,-1,-1,1,-1,1,1,1,-1,1,1,1,1,1,1,-1,-1,-1,0.007909456267952919
1,1,1,-1,-1,1,-1,1,1,1,1,-1,-1,-1,-1,-1,-1,-1,-1,-1,0.009054605849087238
1,1,1,-1,-1,1,-1,1,1,1,1,-1,-1,1,-1,-1,1,-1,-1,-1,0.009143161587417126
1,1,1,-1,-1,1,-1,1,1,1,1,-1,1,1,-1,-1,-1,1,1,1,0.00781930424273014
1,1,1,-1,-1,1,-1,1,1,1,1,1,1,1,-1,1,-1,1,-1,-1,0.008492679335176945
1,1,1,-1,-1,1,1,-1,-1,-1,-1,-1,-1,-1,-1,1,-1,-1,1,-1,0.008530227467417717
1,1,1,-1,-1,1,1,-1,-1,-1,-1,1,-1,1,-1,-1,1,-1,-1,-1,0.008735587820410728
1,1,1,-1,-1,1,1,-1,-1,-1,1,-1,1,-1,1,-1,1,-1,1,1,0.008844904601573944
1,1,1,-1,-1,1,1,-1,-1,-1,1,-1,1,1,1,1,-1,1,1,-1,0.0084973881021142
1,1,1,-1,-1,1,1,-1,-1,-1,1,1,-1,-1,-1,-1,-1,-1,-1,1,0.008874388411641121
1,1,1,-1,-1,1,1,-1,-1,1,-1,-1,-1,1,1,1,1,1,1,1,0.008817237801849842
1,1,1,-1,-1,1,1,-1,-1,1,-1,-1,1,-1,-1,-1,1,1,-1,1,0.009755505248904228
1,1,1,-1,-1,1,1,-1,-1,1,-1,-1,1,-1,1,1,1,-1,-1,1,0.009193694218993187
1,1,1,-1,-1,1,1,-1,-1,1,-1,-1,1,1,1,1,-1,-1,1,-1,0.007828835397958755
1,1,1,-1,-1,1,1,-1,-1,1,-1,1,-1,-1,1,1,1,-1,-1,-1,0.009533255361020565
1,1,1,-1,-1,1,1,-1,-1,1,-1,1,-1,1,1,-1,-1,-1,1,-1,0.007710753940045834
1,1,1,-1,-1,1,1,-1,-1,1,-1,1,1,-1,1,-1,1,-1,-1,1,0.008825547061860561
1,1,1,-1,-1,1,1,-1,-1,1,-1,1,1,1,1,-1,1,-1,-1,1,0.00825051311403513
1,1,1,-1,-1,1,1,-1,-1,1,-1,1,1,1,1,1,1,1,-1,-1,0.009141620248556137
1,1,1,-1,-1,1,1,-1,-1,1,1,-1,1,1,-1,1,-1,1,-1,1,0.009201882407069206
1,1,1,-1,-1,1,1,-1,-1,1,1,-1,1,1,1,1,1,-1,-1,1,0.00920473225414753
1,1,1,-1,-1,1,1,-1,1,-1,-1,-1,-1,1,1,1,-1,-1,1,1,0.007216218858957291
1,1,1,-1,-1,1,1,-1,1,-1,-1,-1,1,-1,-1,1,1,1,1,-1,0.009224231354892254
1,1,1,-1,-1,1,1,-1,1,-1,-1,-1,1,1,-1,-1,1,-1,1,1,0.007758091203868389
1,1,1,-1,-1,1,1,-1,1,-1,-1,-1,1,1,-1,1,-1,-1,-1,1,0.007678380236029625
1,1,1,-1,-1,1,1,-1,1,-1,-1,1,-1,1,-1,-1,-1,-1,-1,1,0.007560298778116703
1,1,1,-1,-1,1,1,-1,1,-1,-1,1,1,-1,-1,1,-1,1,-1,1,0.008417658507823944
1,1,1,-1,-1,1,1,-1,1,-1,-1,1,1,1,1,1,1,1,1,-1,0.008152702823281288
1,1,1,-1,-1,1,1,-1,1,-1,1,-1,-1,1,-1,-1,1,1,1,1,0.009027692489326
1,1,1,-1,-1,1,1,-1,1,1,-1,1,-1,1,-1,1,-1,1,1,-1,0.008317437954246998
1,1,1,-1,-1,1,1,-1,1,1,-1,1,1,-1,-1,-1,1,1,-1,-1,0.00969201885163784
1,1,1,-1,-1,1,1,-1,1,1,1,-1,-1,1,-1,1,-1,1,-1,1,0.009298965334892273
1,1,1,-1,-1,1,1,-1,1,1,1,-1,1,-1,1,1,-1,-1,-1,-1,0.0093219093978405
1,1,1,-1,-1,1,1,-1,1,1,1,-1,1,-1,1,1,1,-1,-1,1,0.00962678249925375
1,1,1,-1,-1,1,1,-1,1,1,1,1,-1,-1,-1,-1,-1,1,-1,1,0.009505851194262505
1,1,1,-1,-1,1,1,-1,1,1,1,1,1,-1,1,-1,1,1,1,-1,0.009565863758325577
1,1,1,-1,-1,1,1,-1,1,1,1,1,1,1,1,1,1,-1,1,-1,0.008656295016407967
1,1,1,-1,-1,1,1,1,-1,-1,-1,-1,1,1,1,-1,1,-1,1,1,0.007434636354446411
1,1,1,-1,-1,1,1,1,-1,-1,-1,1,-1,-1,-1,-1,-1,-1,-1,1,0.00803915411233902
1,1,1,-1,-1,1,1,1,-1,-1,1,-1,-1,-1,-1,-1,-1,1,-1,1,0.009327908977866173
1,1,1,-1,-1,1,1,1,-1,-1,1,-1,1,1,1,-1,-1,1,1,-1,0.008149297907948494
1,1,1,-1,-1,1,1,1,-1,-1,1,1,-1,-1,-1,1,1,-1,1,1,0.008902792818844318
1,1,1,-1,-1,1,1,1,-1,-1,1,1,-1,1,-1,1,1,1,1,-1,0.009119938127696514
1,1,1,-1,-1,1,1,1,-1,-1,1,1,1,1,1,1,-1,1,1,-1,0.007979007437825203
1,1,1,-1,-1,1,1,1,-1,1,-1,-1,-1,-1,-1,1,1,-1,-1,1,0.009421873837709427
1,1,1,-1,-1,1,1,1,-1,1,-1,-1,1,-1,-1,1,-1,1,1,-1,0.008815446868538857
1,1,1,-1,-1,1,1,1,-1,1,-1,-1,1,-1,-1,1,1,-1,-1,-1,0.009530523791909218
1,1,1,-1,-1,1,1,1,-1,1,-1,-1,1,-1,1,1,-1,-1,1,-1,0.00815470702946186
1,1,1,-1,-1,1,1,1,-1,1,-1,1,-1,-1,-1,-1,-1,1,-1,1,0.008823600597679615
1,1,1,-1,-1,1,1,1,-1,1,1,-1,-1,-1,-1,-1,-1,-1,1,1,0.008760478347539902
1,1,1,-1,-1,1,1,1,-1,1,1,-1,-1,1,-1,1,-1,-1,1,1,0.00828437227755785
1,1,1,-1,-1,1,1,1,-1,1,1,-1,1,1,1,-1,-1,1,1,-1,0.008500281721353531
1,1,1,-1,-1,1,1,1,-1,1,1,1,-1,-1,-1,-1,-1,-1,-1,-1,0.009334925562143326
1,1,1,-1,-1,1,1,1,1,-1,-1,-1,-1,-1,1,-1,1,-1,1,1,0.008106752298772335
1,1,1,-1,-1,1,1,1,1,-1,-1,-1,-1,1,-1,-1,1,1,-1,1,0.008677409030497074
1,1,1,-1,-1,1,1,1,1,-1,-1,-1,-1,1,1,1,1,1,1,-1,0.00842282548546791
1,1,1,-1,-1,1,1,1,1,-1,-1,-1,1,-1,1,-1,-1,1,-1,-1,0.008470227010548115
1,1,1,-1,-1,1,1,1,1,-1,-1,1,-1,-1,-1,-1,-1,1,1,-1,0.00819339882582426
1,1,1,-1,-1,1,1,1,1,-1,-1,1,-1,-1,-1,-1,1,-1,-1,-1,0.008908475749194622
1,1,1,-1,-1,1,1,1,1,-1,-1,1,-1,1,-1,-1,-1,1,-1,-1,0.008103316649794579
1,1,1,-1,-1,1,1,1,1,-1,1,-1,1,-1,1,1,-1,-1,1,-1,0.008236813358962536
1,1,1,-1,-1,1,1,1,1,-1,1,-1,1,-1,1,1,1,1,1,-1,0.009333865717053413
1,1,1,-1,-1,1,1,1,1,-1,1,-1,1,1,1,1,-1,1,-1,1,0.008221478201448917
1,1,1,-1,-1,1,1,1,1,-1,1,1,-1,-1,-1,1,1,1,1,1,0.00918327271938324
1,1,1,-1,-1,1,1,1,1,-1,1,1,-1,1,-1,-1,-1,1,-1,-1,0.008689388632774353
1,1,1,-1,-1,1,1,1,1,-1,1,1,-1,1,1,-1,-1,-1,1,1,0.007184982765465975
1,1,1,-1,-1,1,1,1,1,-1,1,1,1,-1,1,-1,-1,-1,-1,-1,0.008353617042303085
1,1,1,-1,-1,1,1,1,1,1,-1,-1,-1,1,-1,1,1,1,-1,1,0.009127319790422916
1,1,1,-1,-1,1,1,1,1,1,-1,-1,1,-1,-1,1,1,-1,-1,-1,0.009377541020512581
1,1,1,-1,-1,1,1,1,1,1,-1,1,-1,1,1,1,1,-1,-1,1,0.00819736160337925
1,1,1,-1,-1,1,1,1,1,1,1,-1,-1,-1,-1,1,-1,-1,-1,-1,0.00955008901655674
1,1,1,-1,1,-1,-1,-1,-1,-1,-1,-1,-1,-1,-1,1,-1,1,1,-1,0.008981902152299881
1,1,1,-1,1,-1,-1,-1,-1,-1,-1,1,-1,1,1,-1,1,-1,-1,-1,0.008526522666215897
1,1,1,-1,1,-1,-1,-1,-1,-1,-1,1,1,-1,1,-1,-1,1,1,-1,0.008136413991451263
1,1,1,-1,1,-1,-1,-1,-1,-1,-1,1,1,1,-1,-1,-1,1,-1,1,0.007914891466498375
1,1,1,-1,1,-1,-1,-1,-1,-1,1,-1,-1,-1,1,1,-1,1,-1,-1,0.009825649671256542
1,1,1,-1,1,-1,-1,-1,-1,-1,1,-1,-1,-1,1,1,-1,1,1,-1,0.009340698830783367
1,1,1,-1,1,-1,-1,-1,-1,-1,1,-1,1,-1,1,1,-1,-1,-1,1,0.008783405646681786
1,1,1,-1,1,-1,-1,-1,-1,-1,1,1,-1,1,-1,-1,1,1,-1,-1,0.009773334488272667
1,1,1,-1,1,-1,-1,-1,-1,-1,1,1,1,-1,-1,-1,1,1,-1,-1,0.010098302736878395
1,1,1,-1,1,-1,-1,-1,-1,-1,1,1,1,-1,-1,1,-1,-1,-1,1,0.008741462603211403
1,1,1,-1,1,-1,-1,-1,-1,-1,1,1,1,1,1,1,1,-1,-1,-1,0.008961457759141922
1,1,1,-1,1,-1,-1,-1,-1,1,-1,1,-1,1,-1,-1,-1,1,-1,-1,0.008874655701220036
1,1,1,-1,1,-1,-1,-1,-1,1,-1,1,1,1,-1,1,1,1,-1,-1,0.009387107565999031
1,1,1,-1,1,-1,-1,-1,-1,1,1,-1,1,-1,-1,-1,1,1,1,-1,0.010233554057776928
1,1,1,-1,1,-1,-1,-1,-1,1,1,-1,1,1,-1,1,-1,1,1,1,0.008735143579542637
1,1,1,-1,1,-1,-1,-1,-1,1,1,1,-1,-1,1,1,1,-1,-1,1,0.00977882370352745
1,1,1,-1,1,-1,-1,-1,-1,1,1,1,1,1,1,1,-1,1,-1,1,0.008723598904907703
1,1,1,-1,1,-1,-1,-1,1,-1,-1,-1,-1,-1,-1,-1,-1,-1,-1,-1,0.008781478740274906
1,1,1,-1,1,-1,-1,-1,1,-1,-1,1,-1,-1,-1,1,1,-1,1,-1,0.008789826184511185
1,1,1,-1,1,-1,-1,-1,1,-1,-1,1,1,1,-1,1,-1,1,-1,1,0.007860836572945118
1,1,1,-1,1,-1,-1,-1,1,-1,1,-1,1,1,1,-1,-1,1,1,-1,0.008263688534498215
1,1,1,-1,1,-1,-1,-1,1,-1,1,1,1,-1,1,-1,-1,1,-1,1,0.008695738390088081
1,1,1,-1,1,-1,-1,-1,1,-1,1,1,1,1,-1,1,-1,-1,1,1,0.007528494577854872
1,1,1,-1,1,-1,-1,-1,1,-1,1,1,1,1,1,1,1,-1,1,-1,0.008323523215949535
1,1,1,-1,1,-1,-1,-1,1,1,-1,-1,1,1,-1,-1,1,-1,-1,-1,0.008970951661467552
1,1,1,-1,1,-1,-1,-1,1,1,-1,-1,1,1,1,1,1,-1,1,-1,0.008357653394341469
1,1,1,-1,1,-1,-1,-1,1,1,-1,1,-1,-1,1,-1,1,1,-1,-1,0.009733019396662712
1,1,1,-1,1,-1,-1,-1,1,1,-1,1,1,-1,-1,-1,1,-1,1,-1,0.008791815489530563
1,1,1,-1,1,-1,-1,-1,1,1,-1,1,1,-1,1,1,1,-1,-1,1,0.008789703249931335
1,1,1,-1,1,-1,-1,-1,1,1,-1,1,1,1,-1,-1,-1,1,1,-1,0.00798665639013052
1,1,1,-1,1,-1,-1,-1,1,1,-1,1,1,1,-1,1,1,1,1,-1,0.008749173022806644
1,1,1,-1,1,-1,-1,-1,1,1,1,-1,-1,-1,-1,-1,1,-1,-1,-1,0.010382123291492462
1,1,1,-1,1,-1,-1,-1,1,1,1,-1,-1,-1,1,1,1,-1,1,1,0.009410109370946884
1,1,1,-1,1,-1,-1,-1,1,1,1,-1,-1,1,1,-1,-1,1,-1,1,0.008990972302854061
1,1,1,-1,1,-1,-1,-1,1,1,1,-1,-1,1,1,1,1,-1,-1,1,0.009320026263594627
1,1,1,-1,1,-1,-1,-1,1,1,1,-1,1,1,-1,-1,-1,1,-1,1,0.00896818283945322
1,1,1,-1,1,-1,-1,-1,1,1,1,1,-1,-1,-1,-1,1,1,1,-1,0.010061416774988174
1,1,1,-1,1,-1,-1,-1,1,1,1,1,-1,-1,1,1,-1,-1,-1,-1,0.009320966899394989
1,1,1,-1,1,-1,-1,-1,1,1,1,1,1,-1,1,-1,1,-1,1,1,0.008791896514594555
1,1,1,-1,1,-1,-1,-1,1,1,1,1,1,-1,1,1,1,1,-1,-1,0.010167954489588737
1,1,1,-1,1,-1,-1,-1,1,1,1,1,1,1,-1,-1,1,-1,-1,1,0.008929089643061161
1,1,1,-1,1,-1,-1,1,-1,-1,-1,-1,-1,-1,-1,-1,1,1,1,1,0.008938686922192574
1,1,1,-1,1,-1,-1,1,-1,-1,-1,-1,-1,1,1,-1,-1,-1,-1,-1,0.007882989943027496
1,1,1,-1,1,-1,-1,1,-1,-1,-1,1,1,1,1,-1,-1,1,1,1,0.006953503005206585
1,1,1,-1,1,-1,-1,1,-1,-1,1,-1,-1,-1,-1,1,1,-1,-1,-1,0.01003389060497284
1,1,1,-1,1,-1,-1,1,-1,-1,1,-1,1,-1,-1,-1,1,-1,-1,1,0.009326181374490261
1,1,1,-1,1,-1,-1,1,-1,-1,1,1,-1,-1,-1,1,-1,1,-1,1,0.009175829589366913
1,1,1,-1,1,-1,-1,1,-1,-1,1,1,-1,-1,-1,1,1,1,-1,-1,0.010198133997619152
1,1,1,-1,1,-1,-1,1,-1,-1,1,1,-1,-1,-1,1,1,1,-1,1,0.009839419275522232
1,1,1,-1,1,-1,-1,1,-1,-1,1,1,-1,1,-1,1,1,-1,1,1,0.008345970883965492
1,1,1,-1,1,-1,-1,1,-1,-1,1,1,1,-1,-1,-1,-1,-1,1,-1,0.008267137221992016
1,1,1,-1,1,-1,-1,1,-1,-1,1,1,1,1,-1,-1,-1,-1,1,-1,0.007692103739827871
1,1,1,-1,1,-1,-1,1,-1,-1,1,1,1,1,1,-1,-1,-1,1,-1,0.007464827504009008
1,1,1,-1,1,-1,-1,1,-1,1,-1,-1,-1,-1,1,1,-1,1,1,-1,0.008856447413563728
1,1,1,-1,1,-1,-1,1,-1,1,-1,-1,-1,1,-1,1,1,-1,1,-1,0.008738815784454346
1,1,1,-1,1,-1,-1,1,-1,1,-1,-1,-1,1,1,-1,1,-1,-1,1,0.008538847789168358
1,1,1,-1,1,-1,-1,1,-1,1,-1,-1,-1,1,1,1,-1,-1,1,1,0.0074892351403832436
1,1,1,-1,1,-1,-1,1,-1,1,-1,-1,1,-1,1,-1,-1,1,-1,1,0.0086336899548769
1,1,1,-1,1,-1,-1,1,-1,1,-1,1,1,-1,-1,-1,1,-1,-1,-1,0.009180588647723198
1,1,1,-1,1,-1,-1,1,-1,1,-1,1,1,-1,-1,1,1,-1,1,1,0.008435850031673908
1,1,1,-1,1,-1,-1,1,-1,1,1,-1,-1,-1,1,-1,1,-1,1,1,0.009215002879500389
1,1,1,-1,1,-1,-1,1,-1,1,1,-1,-1,1,1,-1,1,1,-1,-1,0.00991709902882576
1,1,1,-1,1,-1,-1,1,-1,1,1,-1,1,1,-1,-1,1,1,-1,-1,0.009894309565424919
1,1,1,-1,1,-1,-1,1,-1,1,1,1,-1,1,1,1,-1,1,-1,-1,0.009083217941224575
1,1,1,-1,1,-1,-1,1,-1,1,1,1,1,-1,-1,1,1,-1,-1,-1,0.009865588508546352
1,1,1,-1,1,-1,-1,1,-1,1,1,1,1,1,-1,-1,-1,1,-1,1,0.008602785877883434
1,1,1,-1,1,-1,-1,1,-1,1,1,1,1,1,1,1,-1,-1,1,1,0.007556023076176643
1,1,1,-1,1,-1,-1,1,1,-1,-1,-1,-1,-1,1,-1,1,-1,-1,1,0.008609914220869541
1,1,1,-1,1,-1,-1,1,1,-1,-1,-1,-1,1,1,1,1,-1,-1,-1,0.008492524735629559
1,1,1,-1,1,-1,-1,1,1,-1,-1,1,-1,-1,1,1,-1,-1,-1,1,0.007776034064590931
1,1,1,-1,1,-1,-1,1,1,-1,-1,1,-1,-1,1,1,-1,-1,1,-1,0.0076497988775372505
1,1,1,-1,1,-1,-1,1,1,-1,-1,1,1,1,-1,-1,-1,1,-1,-1,0.007871462032198906
1,1,1,-1,1,-1,-1,1,1,-1,1,-1,1,-1,-1,-1,-1,1,-1,-1,0.009301787242293358
1,1,1,-1,1,-1,-1,1,1,-1,1,-1,1,-1,1,-1,1,-1,1,-1,0.008819686248898506
1,1,1,-1,1,-1,-1,1,1,-1,1,-1,1,-1,1,1,1,1,-1,-1,0.009837028570473194
1,1,1,-1,1,-1,-1,1,1,-1,1,-1,1,1,1,-1,1,-1,1,-1,0.008244652301073074
1,1,1,-1,1,-1,-1,1,1,-1,1,1,-1,1,-1,1,-1,-1,-1,1,0.008014349266886711
1,1,1,-1,1,-1,-1,1,1,-1,1,1,1,-1,1,1,1,-1,1,-1,0.00864939484745264
1,1,1,-1,1,-1,-1,1,1,1,-1,-1,-1,1,-1,-1,1,1,-1,1,0.009046603925526142
1,1,1,-1,1,-1,-1,1,1,1,-1,1,1,-1,1,-1,-1,-1,1,-1,0.0076517886482179165
1,1,1,-1,1,-1,-1,1,1,1,-1,1,1,1,-1,-1,-1,-1,-1,1,0.007430266588926315
1,1,1,-1,1,-1,-1,1,1,1,1,-1,-1,-1,-1,1,-1,1,-1,1,0.00964304804801941
1,1,1,-1,1,-1,-1,1,1,1,1,-1,-1,1,1,-1,-1,1,-1,1,0.008741810917854309
1,1,1,-1,1,-1,-1,1,1,1,1,-1,1,1,1,-1,-1,-1,-1,1,0.008058281615376472
1,1,1,-1,1,-1,-1,1,1,1,1,1,-1,1,1,1,-1,-1,1,-1,0.00801182072609663
1,1,1,-1,1,-1,-1,1,1,1,1,1,1,-1,1,1,-1,1,-1,1,0.008896487765014172
1,1,1,-1,1,-1,1,-1,-1,-1,-1,1,-1,-1,-1,-1,-1,-1,1,1,0.008218131959438324
1,1,1,-1,1,-1,1,-1,-1,-1,-1,1,-1,-1,-1,-1,1,1,1,-1,0.009673899970948696
1,1,1,-1,1,-1,1,-1,-1,-1,-1,1,-1,1,-1,-1,1,1,-1,1,0.009225101210176945
1,1,1,-1,1,-1,1,-1,-1,-1,-1,1,1,-1,1,-1,-1,1,-1,-1,0.00901792012155056
1,1,1,-1,1,-1,1,-1,-1,-1,1,-1,-1,-1,-1,-1,-1,1,-1,1,0.009991837665438652
1,1,1,-1,1,-1,1,-1,-1,-1,1,-1,-1,1,1,1,-1,1,-1,1,0.009288455359637737
1,1,1,-1,1,-1,1,-1,-1,-1,1,-1,1,-1,-1,1,1,-1,1,1,0.00958587508648634
1,1,1,-1,1,-1,1,-1,-1,-1,1,1,-1,-1,1,-1,1,1,-1,1,0.010158931836485863
1,1,1,-1,1,-1,1,-1,-1,1,-1,1,1,1,1,-1,-1,-1,-1,-1,0.008360405452549458
1,1,1,-1,1,-1,1,-1,-1,1,1,-1,-1,-1,-1,-1,-1,-1,-1,-1,0.010268072597682476
1,1,1,-1,1,-1,1,-1,-1,1,1,-1,-1,-1,1,1,1,1,1,1,0.010393111035227776
1,1,1,-1,1,-1,1,-1,-1,1,1,-1,-1,1,1,-1,-1,1,-1,1,0.00954051036387682
1,1,1,-1,1,-1,1,-1,-1,1,1,-1,-1,1,1,-1,-1,1,1,-1,0.00941427517682314
1,1,1,-1,1,-1,1,-1,-1,1,1,-1,1,-1,1,1,1,1,1,-1,0.010501760989427567
1,1,1,-1,1,-1,1,-1,-1,1,1,1,-1,1,-1,-1,-1,-1,1,-1,0.008938869461417198
1,1,1,-1,1,-1,1,-1,-1,1,1,1,-1,1,1,-1,1,-1,-1,-1,0.009860132820904255
1,1,1,-1,1,-1,1,-1,-1,1,1,1,-1,1,1,1,-1,1,-1,1,0.009370219893753529
1,1,1,-1,1,-1,1,-1,-1,1,1,1,1,1,1,1,-1,1,1,-1,0.008993919007480145
1,1,1,-1,1,-1,1,-1,1,-1,-1,-1,-1,1,1,-1,-1,1,-1,1,0.008450471796095371
1,1,1,-1,1,-1,1,-1,1,-1,-1,-1,1,1,-1,-1,-1,1,1,1,0.007942731492221355
1,1,1,-1,1,-1,1,-1,1,-1,-1,1,-1,1,-1,-1,1,1,1,1,0.008587167598307133
1,1,1,-1,1,-1,1,-1,1,-1,-1,1,1,1,1,1,-1,1,1,1,0.007545164320617914
1,1,1,-1,1,-1,1,-1,1,-1,1,-1,-1,-1,1,-1,-1,1,-1,-1,0.009970293380320072
1,1,1,-1,1,-1,1,-1,1,-1,1,-1,-1,1,1,1,-1,1,1,-1,0.009009236469864845
1,1,1,-1,1,-1,1,-1,1,-1,1,1,-1,-1,-1,-1,1,1,1,1,0.009748273529112339
1,1,1,-1,1,-1,1,-1,1,-1,1,1,-1,-1,-1,1,-1,-1,1,1,0.008750149048864841
1,1,1,-1,1,-1,1,-1,1,-1,1,1,-1,1,-1,-1,1,1,-1,-1,0.010016906075179577
1,1,1,-1,1,-1,1,-1,1,-1,1,1,1,1,-1,-1,-1,-1,1,-1,0.00818483717739582
1,1,1,-1,1,-1,1,-1,1,1,-1,-1,-1,1,1,1,1,-1,1,1,0.008645557798445225
1,1,1,-1,1,-1,1,-1,1,1,-1,-1,1,-1,-1,1,-1,-1,-1,-1,0.009377879090607166
1,1,1,-1,1,-1,1,-1,1,1,-1,-1,1,-1,1,-1,-1,1,1,1,0.008641472086310387
1,1,1,-1,1,-1,1,-1,1,1,-1,-1,1,1,-1,1,-1,1,-1,1,0.008877594023942947
1,1,1,-1,1,-1,1,-1,1,1,-1,1,1,1,-1,1,-1,-1,1,-1,0.008048675954341888
1,1,1,-1,1,-1,1,-1,1,1,-1,1,1,1,1,-1,-1,1,-1,-1,0.008640886284410954
1,1,1,-1,1,-1,1,-1,1,1,1,1,-1,-1,-1,1,1,1,1,-1,0.010556899942457676
1,1,1,-1,1,-1,1,-1,1,1,1,1,1,1,-1,-1,-1,-1,1,1,0.008177104406058788
1,1,1,-1,1,-1,1,-1,1,1,1,1,1,1,1,1,1,1,-1,-1,0.009989475831389427
1,1,1,-1,1,-1,1,1,-1,-1,-1,-1,-1,1,-1,-1,1,-1,1,1,0.00832674466073513
1,1,1,-1,1,-1,1,1,-1,-1,-1,-1,1,1,-1,-1,-1,1,-1,1,0.008331503719091415
1,1,1,-1,1,-1,1,1,-1,-1,-1,-1,1,1,-1,1,-1,-1,1,1,0.007512018084526062
1,1,1,-1,1,-1,1,1,-1,-1,-1,-1,1,1,1,1,1,1,1,1,0.008381794206798077
1,1,1,-1,1,-1,1,1,-1,-1,-1,1,-1,-1,-1,-1,1,-1,-1,1,0.009117510169744492
1,1,1,-1,1,-1,1,1,-1,-1,-1,1,1,1,-1,1,1,1,-1,-1,0.009183517657220364
1,1,1,-1,1,-1,1,1,-1,-1,1,-1,-1,1,1,-1,-1,1,1,1,0.00845541525632143
1,1,1,-1,1,-1,1,1,-1,-1,1,1,-1,-1,1,-1,1,1,-1,1,0.009909769520163536
1,1,1,-1,1,-1,1,1,-1,-1,1,1,-1,-1,1,-1,1,1,1,1,0.009424818679690361
1,1,1,-1,1,-1,1,1,-1,-1,1,1,-1,1,-1,1,1,1,1,-1,0.009534704498946667
1,1,1,-1,1,-1,1,1,-1,-1,1,1,1,1,-1,1,1,1,-1,1,0.009410874918103218
1,1,1,-1,1,-1,1,1,-1,-1,1,1,1,1,1,1,1,1,1,1,0.00869864784181118
1,1,1,-1,1,-1,1,1,-1,1,-1,-1,-1,-1,-1,1,-1,-1,1,-1,0.00904681533575058
1,1,1,-1,1,-1,1,1,-1,1,-1,-1,-1,1,1,1,-1,1,-1,1,0.008804204873740673
1,1,1,-1,1,-1,1,1,-1,1,-1,-1,1,-1,1,-1,-1,-1,1,-1,0.008470546454191208
1,1,1,-1,1,-1,1,1,-1,1,-1,-1,1,-1,1,-1,1,1,-1,-1,0.01005254965275526
1,1,1,-1,1,-1,1,1,-1,1,-1,-1,1,-1,1,1,1,1,1,-1,0.009666526690125465
1,1,1,-1,1,-1,1,1,-1,1,-1,-1,1,1,1,-1,-1,1,-1,1,0.00845521129667759
1,1,1,-1,1,-1,1,1,-1,1,-1,1,-1,-1,1,1,-1,-1,-1,1,0.008676555939018726
1,1,1,-1,1,-1,1,1,-1,1,-1,1,1,1,-1,-1,-1,1,1,-1,0.008287033066153526
1,1,1,-1,1,-1,1,1,-1,1,1,-1,-1,-1,1,-1,1,-1,1,-1,0.00997027289122343
1,1,1,-1,1,-1,1,1,-1,1,1,-1,1,-1,1,1,-1,1,1,-1,0.009589009918272495
1,1,1,-1,1,-1,1,1,-1,1,1,-1,1,1,1,-1,1,1,1,-1,0.009578637778759003
1,1,1,-1,1,-1,1,1,-1,1,1,1,-1,-1,-1,1,1,-1,-1,1,0.010153493843972683
1,1,1,-1,1,-1,1,1,-1,1,1,1,-1,1,-1,1,1,1,-1,1,0.010011923499405384
1,1,1,-1,1,-1,1,1,1,-1,-1,-1,-1,-1,1,-1,1,-1,1,-1,0.008880234323441982
1,1,1,-1,1,-1,1,1,1,-1,-1,-1,-1,1,1,1,-1,1,-1,1,0.008300238288939
1,1,1,-1,1,-1,1,1,1,-1,-1,-1,1,-1,1,1,1,-1,1,1,0.008370380848646164
1,1,1,-1,1,-1,1,1,1,-1,-1,-1,1,1,1,1,-1,-1,-1,1,0.007616708986461163
1,1,1,-1,1,-1,1,1,1,-1,-1,1,1,-1,-1,-1,-1,-1,-1,-1,0.008409587666392326
1,1,1,-1,1,-1,1,1,1,-1,-1,1,1,-1,-1,1,-1,1,1,1,0.00809831265360117
1,1,1,-1,1,-1,1,1,1,-1,1,-1,-1,-1,1,-1,1,-1,1,1,0.009107591584324837
1,1,1,-1,1,-1,1,1,1,-1,1,-1,-1,-1,1,1,-1,1,-1,-1,0.0098200598731637
1,1,1,-1,1,-1,1,1,1,-1,1,-1,-1,1,1,1,-1,1,1,-1,0.008760075084865093
1,1,1,-1,1,-1,1,1,1,-1,1,-1,1,-1,-1,1,-1,-1,-1,-1,0.009363806806504726
1,1,1,-1,1,-1,1,1,1,-1,1,-1,1,1,1,-1,-1,1,-1,1,0.00853731669485569
1,1,1,-1,1,-1,1,1,1,-1,1,-1,1,1,1,1,-1,1,-1,1,0.008636245504021645
1,1,1,-1,1,-1,1,1,1,-1,1,1,-1,1,1,1,1,-1,-1,1,0.008847217075526714
1,1,1,-1,1,-1,1,1,1,1,-1,-1,-1,1,-1,-1,-1,1,1,1,0.00829461868852377
1,1,1,-1,1,-1,1,1,1,1,-1,-1,-1,1,1,-1,1,-1,1,-1,0.008656184189021587
1,1,1,-1,1,-1,1,1,1,1,-1,-1,1,-1,-1,1,-1,-1,1,-1,0.00864376686513424
1,1,1,-1,1,-1,1,1,1,1,-1,-1,1,-1,1,-1,-1,1,1,1,0.008392310701310635
1,1,1,-1,1,-1,1,1,1,1,-1,-1,1,1,1,-1,-1,1,1,1,0.007817276753485203
1,1,1,-1,1,-1,1,1,1,1,-1,1,-1,-1,1,1,-1,-1,1,-1,0.008397337049245834
1,1,1,-1,1,-1,1,1,1,1,-1,1,-1,1,-1,1,-1,-1,-1,-1,0.00853453017771244
1,1,1,-1,1,-1,1,1,1,1,1,-1,-1,-1,1,-1,-1,1,1,1,0.009228448383510113
1,1,1,-1,1,-1,1,1,1,1,1,-1,1,-1,-1,-1,-1,1,1,1,0.009205658920109272
1,1,1,-1,1,-1,1,1,1,1,1,-1,1,-1,1,1,1,1,-1,1,0.010225851088762283
1,1,1,-1,1,-1,1,1,1,1,1,-1,1,1,1,1,-1,-1,1,-1,0.008427529595792294
1,1,1,-1,1,-1,1,1,1,1,1,1,-1,-1,1,1,-1,1,1,-1,0.009416872635483742
1,1,1,-1,1,-1,1,1,1,1,1,1,-1,1,-1,-1,-1,1,1,-1,0.008970187045633793
1,1,1,-1,1,-1,1,1,1,1,1,1,-1,1,1,-1,1,1,1,1,0.009047784842550755
1,1,1,-1,1,-1,1,1,1,1,1,1,1,-1,-1,-1,1,-1,-1,1,0.009651516564190388
1,1,1,-1,1,-1,1,1,1,1,1,1,1,-1,1,-1,-1,1,-1,1,0.009194115176796913
1,1,1,-1,1,1,-1,-1,-1,-1,-1,-1,-1,-1,-1,1,-1,-1,1,-1,0.008816433139145374
1,1,1,-1,1,1,-1,-1,-1,-1,-1,1,-1,-1,-1,-1,-1,1,1,1,0.008523033931851387
1,1,1,-1,1,1,-1,-1,-1,-1,-1,1,-1,1,-1,1,1,-1,1,1,0.008277053944766521
1,1,1,-1,1,1,-1,-1,-1,-1,-1,1,-1,1,1,1,1,1,-1,-1,0.009326907806098461
1,1,1,-1,1,1,-1,-1,-1,-1,-1,1,1,-1,1,-1,1,-1,-1,-1,0.009119484573602676
1,1,1,-1,1,1,-1,-1,-1,-1,-1,1,1,-1,1,1,-1,1,1,1,0.0081446198746562
1,1,1,-1,1,1,-1,-1,-1,-1,-1,1,1,1,-1,1,-1,1,-1,-1,0.008640528656542301
1,1,1,-1,1,1,-1,-1,-1,-1,1,-1,-1,-1,-1,1,1,-1,-1,1,0.010192329995334148
1,1,1,-1,1,1,-1,-1,-1,-1,1,1,-1,1,1,1,-1,-1,1,-1,0.008330976590514183
1,1,1,-1,1,1,-1,-1,-1,1,-1,1,1,1,-1,-1,1,1,-1,-1,0.009556173346936703
1,1,1,-1,1,1,-1,-1,-1,1,1,-1,1,-1,1,-1,1,1,-1,1,0.010400506667792797
1,1,1,-1,1,1,-1,-1,-1,1,1,-1,1,1,-1,-1,1,-1,1,-1,0.00949305109679699
1,1,1,-1,1,1,-1,-1,-1,1,1,-1,1,1,-1,1,1,1,-1,1,0.010151676833629608
1,1,1,-1,1,1,-1,-1,-1,1,1,1,-1,-1,-1,1,1,1,-1,1,0.010707557201385498
1,1,1,-1,1,1,-1,-1,-1,1,1,1,1,1,1,1,-1,1,-1,-1,0.00935030821710825
1,1,1,-1,1,1,-1,-1,1,-1,-1,-1,-1,-1,1,-1,1,-1,-1,1,0.00912707019597292
1,1,1,-1,1,1,-1,-1,1,-1,-1,-1,1,1,-1,1,-1,1,1,-1,0.00827181339263916
1,1,1,-1,1,1,-1,-1,1,-1,-1,1,-1,-1,1,-1,1,1,1,1,0.008806363679468632
1,1,1,-1,1,1,-1,-1,1,-1,-1,1,1,1,1,-1,-1,-1,-1,-1,0.007727878168225288
1,1,1,-1,1,1,-1,-1,1,-1,1,-1,-1,1,-1,-1,1,-1,-1,1,0.0093653853982687
1,1,1,-1,1,1,-1,-1,1,-1,1,-1,1,-1,-1,-1,1,-1,1,-1,0.009564117528498173
1,1,1,-1,1,1,-1,-1,1,-1,1,-1,1,-1,1,-1,1,-1,1,-1,0.00933684129267931
1,1,1,-1,1,1,-1,-1,1,-1,1,1,-1,1,1,1,-1,-1,1,-1,0.008177992887794971
1,1,1,-1,1,1,-1,-1,1,-1,1,1,1,-1,1,-1,-1,-1,1,-1,0.00840403325855732
1,1,1,-1,1,1,-1,-1,1,-1,1,1,1,-1,1,-1,-1,1,1,1,0.008478781208395958
1,1,1,-1,1,1,-1,-1,1,-1,1,1,1,1,-1,-1,1,-1,1,1,0.008361149579286575
1,1,1,-1,1,1,-1,-1,1,-1,1,1,1,1,1,-1,1,1,1,1,0.008567336946725845
1,1,1,-1,1,1,-1,-1,1,-1,1,1,1,1,1,1,1,1,-1,-1,0.009509931318461895
1,1,1,-1,1,1,-1,-1,1,1,-1,-1,-1,-1,-1,1,-1,-1,-1,1,0.00914066843688488
1,1,1,-1,1,1,-1,-1,1,1,-1,-1,-1,1,-1,-1,1,1,-1,1,0.009563758969306946
1,1,1,-1,1,1,-1,-1,1,1,-1,-1,1,1,1,-1,1,-1,1,1,0.008168003521859646
1,1,1,-1,1,1,-1,-1,1,1,-1,1,-1,-1,-1,-1,-1,-1,1,-1,0.008646285161376
1,1,1,-1,1,1,-1,-1,1,1,-1,1,-1,-1,-1,1,1,-1,-1,-1,0.009893753565847874
1,1,1,-1,1,1,-1,-1,1,1,-1,1,1,-1,-1,1,1,1,-1,-1,0.010077151469886303
1,1,1,-1,1,1,-1,-1,1,1,-1,1,1,-1,1,-1,1,1,-1,-1,0.00975094735622406
1,1,1,-1,1,1,-1,-1,1,1,1,-1,-1,-1,-1,1,-1,1,1,-1,0.010033968836069107
1,1,1,-1,1,1,-1,-1,1,1,1,1,1,-1,1,-1,1,-1,-1,1,0.009544841013848782
1,1,1,-1,1,1,-1,-1,1,1,1,1,1,-1,1,1,-1,-1,-1,1,0.008980180136859417
1,1,1,-1,1,1,-1,1,-1,-1,-1,-1,-1,1,-1,1,-1,1,1,1,0.008066985756158829
1,1,1,-1,1,1,-1,1,-1,-1,-1,-1,-1,1,1,-1,-1,1,1,1,0.0077407811768352985
1,1,1,-1,1,1,-1,1,-1,-1,-1,-1,1,-1,-1,-1,1,-1,-1,-1,0.009366817772388458
1,1,1,-1,1,1,-1,1,-1,-1,-1,-1,1,1,-1,1,1,-1,-1,-1,0.008890712633728981
1,1,1,-1,1,1,-1,1,-1,-1,-1,1,-1,1,-1,-1,1,-1,-1,-1,0.008772631175816059
1,1,1,-1,1,1,-1,1,-1,-1,1,-1,-1,1,-1,-1,1,1,-1,-1,0.010061385110020638
1,1,1,-1,1,1,-1,1,-1,-1,1,-1,-1,1,1,1,-1,-1,1,-1,0.008351033553481102
1,1,1,-1,1,1,-1,1,-1,-1,1,-1,1,-1,1,-1,1,1,-1,1,0.009800362400710583
1,1,1,-1,1,1,-1,1,-1,-1,1,-1,1,-1,1,-1,1,1,1,1,0.009315410628914833
1,1,1,-1,1,1,-1,1,-1,-1,1,1,-1,-1,-1,1,-1,1,1,-1,0.009317588061094284
1,1,1,-1,1,1,-1,1,-1,-1,1,1,-1,-1,1,-1,1,1,-1,-1,0.01013992354273796
1,1,1,-1,1,1,-1,1,-1,-1,1,1,-1,-1,1,1,1,-1,-1,1,0.009446673095226288
1,1,1,-1,1,1,-1,1,-1,-1,1,1,1,-1,-1,-1,-1,-1,1,1,0.008176415227353573
1,1,1,-1,1,1,-1,1,-1,-1,1,1,1,1,-1,1,1,-1,1,-1,0.008722614496946335
1,1,1,-1,1,1,-1,1,-1,-1,1,1,1,1,1,-1,-1,-1,-1,1,0.007859056815505028
1,1,1,-1,1,1,-1,1,-1,1,-1,-1,-1,-1,-1,-1,-1,-1,1,1,0.00846061110496521
1,1,1,-1,1,1,-1,1,-1,1,-1,-1,-1,-1,-1,-1,1,1,-1,-1,0.010401329956948757
1,1,1,-1,1,1,-1,1,-1,1,-1,-1,-1,-1,-1,-1,1,1,-1,1,0.010042614303529263
1,1,1,-1,1,1,-1,1,-1,1,1,-1,-1,-1,1,1,-1,-1,-1,-1,0.009762001223862171
1,1,1,-1,1,1,-1,1,-1,1,1,-1,-1,-1,1,1,-1,1,1,-1,0.009710513986647129
1,1,1,-1,1,1,-1,1,-1,1,1,-1,-1,1,-1,1,1,1,1,-1,0.01002634596079588
1,1,1,-1,1,1,-1,1,-1,1,1,1,-1,-1,-1,1,-1,1,1,1,0.009309855289757252
1,1,1,-1,1,1,-1,1,-1,1,1,1,-1,1,1,-1,-1,1,1,1,0.008408617228269577
1,1,1,-1,1,1,-1,1,1,-1,-1,-1,-1,-1,-1,1,-1,-1,-1,1,0.008540523238480091
1,1,1,-1,1,1,-1,1,1,-1,-1,-1,1,1,1,-1,-1,1,-1,-1,0.00818139873445034
1,1,1,-1,1,1,-1,1,1,-1,-1,1,-1,1,-1,-1,1,-1,-1,-1,0.008619647473096848
1,1,1,-1,1,1,-1,1,1,-1,-1,1,1,1,1,-1,1,-1,-1,1,0.007783589884638786
1,1,1,-1,1,1,-1,1,1,-1,-1,1,1,1,1,1,1,1,-1,-1,0.008674697019159794
1,1,1,-1,1,1,-1,1,1,-1,1,-1,-1,-1,1,1,-1,-1,-1,-1,0.009258034639060497
1,1,1,-1,1,1,-1,1,1,-1,1,-1,-1,1,1,1,1,-1,1,1,0.008502923883497715
1,1,1,-1,1,1,-1,1,1,-1,1,-1,1,-1,1,1,1,-1,-1,-1,0.009671558625996113
1,1,1,-1,1,1,-1,1,1,-1,1,1,-1,-1,1,1,-1,-1,-1,1,0.008630100637674332
1,1,1,-1,1,1,-1,1,1,-1,1,1,-1,-1,1,1,1,-1,1,-1,0.009167454205453396
1,1,1,-1,1,1,-1,1,1,-1,1,1,-1,1,-1,-1,-1,-1,-1,-1,0.008542130701243877
1,1,1,-1,1,1,-1,1,1,-1,1,1,-1,1,1,1,1,-1,1,1,0.008233705535531044
1,1,1,-1,1,1,-1,1,1,-1,1,1,1,-1,-1,1,1,-1,-1,1,0.009270899929106236
1,1,1,-1,1,1,-1,1,1,-1,1,1,1,-1,-1,1,1,1,-1,1,0.009704363532364368
1,1,1,-1,1,1,-1,1,1,1,-1,-1,-1,1,-1,1,1,-1,1,-1,0.00885382667183876
1,1,1,-1,1,1,-1,1,1,1,-1,1,-1,-1,1,1,1,1,-1,1,0.009492063894867897
1,1,1,-1,1,1,-1,1,1,1,-1,1,1,-1,-1,1,-1,1,1,-1,0.008679449558258057
1,1,1,-1,1,1,-1,1,1,1,-1,1,1,1,-1,1,-1,-1,-1,1,0.007797188125550747
1,1,1,-1,1,1,-1,1,1,1,1,-1,-1,1,-1,1,-1,-1,-1,1,0.00890254508703947
1,1,1,-1,1,1,-1,1,1,1,1,-1,-1,1,1,-1,1,-1,-1,-1,0.009598646312952042
1,1,1,-1,1,1,-1,1,1,1,1,1,-1,-1,-1,1,-1,-1,-1,-1,0.009567075408995152
1,1,1,-1,1,1,-1,1,1,1,1,1,-1,1,-1,-1,1,-1,-1,-1,0.009556703269481659
1,1,1,-1,1,1,1,-1,-1,-1,-1,-1,1,1,1,-1,1,-1,-1,-1,0.009210225194692612
1,1,1,-1,1,1,1,-1,-1,-1,-1,1,-1,1,-1,1,1,1,-1,1,0.009592023678123951
1,1,1,-1,1,1,1,-1,-1,-1,1,-1,-1,1,-1,1,-1,1,1,-1,0.009657490067183971
1,1,1,-1,1,1,1,-1,-1,-1,1,-1,1,1,-1,1,1,-1,1,-1,0.009637550450861454
1,1,1,-1,1,1,1,-1,-1,-1,1,1,-1,1,-1,-1,-1,-1,-1,-1,0.009340830147266388
1,1,1,-1,1,1,1,-1,-1,1,-1,-1,-1,1,1,-1,-1,-1,1,1,0.008304017595946789
1,1,1,-1,1,1,1,-1,-1,1,-1,-1,1,-1,1,1,-1,1,1,-1,0.009520092979073524
1,1,1,-1,1,1,1,-1,-1,1,-1,-1,1,1,1,1,-1,1,-1,-1,0.009430009871721268
1,1,1,-1,1,1,1,-1,-1,1,-1,1,1,-1,-1,1,1,-1,1,1,0.009349560365080833
1,1,1,-1,1,1,1,-1,-1,1,1,-1,-1,-1,-1,1,-1,1,-1,-1,0.01106845773756504
1,1,1,-1,1,1,1,-1,-1,1,1,-1,-1,-1,-1,1,1,-1,1,-1,0.010813632979989052
1,1,1,-1,1,1,1,-1,-1,1,1,-1,-1,-1,-1,1,1,1,-1,1,0.011373331770300865
1,1,1,-1,1,1,1,-1,-1,1,1,1,1,-1,-1,-1,-1,1,-1,1,0.010091530159115791
1,1,1,-1,1,1,1,-1,-1,1,1,1,1,-1,-1,-1,1,1,-1,-1,0.01111383456736803
1,1,1,-1,1,1,1,-1,-1,1,1,1,1,-1,-1,1,1,1,-1,1,0.010854046791791916
1,1,1,-1,1,1,1,-1,1,-1,-1,-1,-1,-1,-1,-1,1,1,1,-1,0.010058129206299782
1,1,1,-1,1,1,1,-1,1,-1,-1,-1,-1,-1,1,-1,-1,1,-1,-1,0.00965221505612135
1,1,1,-1,1,1,1,-1,1,-1,-1,-1,1,-1,1,1,-1,-1,-1,1,0.008708897978067398
1,1,1,-1,1,1,1,-1,1,-1,-1,1,1,1,1,1,-1,-1,-1,1,0.007864645682275295
1,1,1,-1,1,1,1,-1,1,-1,1,-1,1,1,-1,-1,-1,1,1,1,0.008796798065304756
1,1,1,-1,1,1,1,-1,1,-1,1,1,1,-1,-1,1,1,1,1,1,0.009865129366517067
1,1,1,-1,1,1,1,-1,1,1,-1,-1,1,-1,1,1,1,-1,1,1,0.009238519705832005
1,1,1,-1,1,1,1,-1,1,1,-1,-1,1,1,1,1,-1,1,1,1,0.008433360606431961
1,1,1,-1,1,1,1,-1,1,1,-1,1,-1,-1,1,-1,-1,1,1,1,0.008890312165021896
1,1,1,-1,1,1,1,-1,1,1,1,1,-1,-1,-1,-1,-1,1,1,-1,0.010062376037240028
1,1,1,-1,1,1,1,-1,1,1,1,1,-1,-1,-1,1,-1,-1,-1,-1,0.010212792083621025
1,1,1,-1,1,1,1,-1,1,1,1,1,-1,-1,1,-1,-1,-1,-1,-1,0.009886587969958782
1,1,1,-1,1,1,1,-1,1,1,1,1,-1,-1,1,-1,1,1,-1,1,0.010624924674630165
1,1,1,-1,1,1,1,-1,1,1,1,1,-1,1,-1,-1,-1,-1,-1,1,0.009180114604532719
1,1,1,-1,1,1,1,-1,1,1,1,1,1,-1,-1,-1,1,-1,1,-1,0.010042436420917511
1,1,1,-1,1,1,1,-1,1,1,1,1,1,1,1,-1,-1,-1,-1,-1,0.009061488322913647
1,1,1,-1,1,1,1,1,-1,-1,-1,-1,1,-1,-1,1,1,-1,-1,1,0.009503585286438465
1,1,1,-1,1,1,1,1,-1,-1,-1,-1,1,-1,-1,1,1,-1,1,-1,0.009377350099384785
1,1,1,-1,1,1,1,1,-1,-1,-1,-1,1,1,1,-1,1,1,-1,-1,0.009394526481628418
1,1,1,-1,1,1,1,1,-1,-1,-1,1,-1,-1,1,1,-1,1,-1,1,0.009027029387652874
1,1,1,-1,1,1,1,1,-1,-1,1,-1,1,-1,1,-1,-1,-1,1,1,0.008614913560450077
1,1,1,-1,1,1,1,1,-1,-1,1,-1,1,1,-1,-1,-1,-1,-1,1,0.008752106688916683
1,1,1,-1,1,1,1,1,-1,-1,1,-1,1,1,-1,1,1,-1,1,1,0.009029673412442207
1,1,1,-1,1,1,1,1,-1,-1,1,1,-1,1,1,1,1,1,-1,1,0.00970165804028511
1,1,1,-1,1,1,1,1,-1,1,-1,-1,-1,-1,1,-1,-1,-1,1,-1,0.008988605812191963
1,1,1,-1,1,1,1,1,-1,1,-1,1,-1,-1,-1,-1,1,-1,-1,-1,0.0100952023640275
1,1,1,-1,1,1,1,1,-1,1,-1,1,-1,-1,-1,-1,1,1,1,1,0.009684999473392963
1,1,1,-1,1,1,1,1,-1,1,-1,1,1,-1,1,1,1,-1,-1,-1,0.009716789238154888
1,1,1,-1,1,1,1,1,-1,1,1,-1,-1,1,-1,1,-1,1,1,1,0.009400595910847187
1,1,1,-1,1,1,1,1,-1,1,1,-1,1,-1,-1,-1,-1,1,1,-1,0.00998535193502903
1,1,1,-1,1,1,1,1,-1,1,1,-1,1,-1,-1,-1,1,-1,-1,-1,0.010700428858399391
1,1,1,-1,1,1,1,1,-1,1,1,-1,1,1,1,-1,1,1,-1,1,0.009972866624593735
1,1,1,-1,1,1,1,1,-1,1,1,1,-1,-1,-1,1,-1,-1,1,-1,0.009631662629544735
1,1,1,-1,1,1,1,1,-1,1,1,1,-1,1,-1,1,-1,1,-1,-1,0.009975043125450611
1,1,1,-1,1,1,1,1,1,-1,-1,-1,1,-1,1,1,1,1,-1,1,0.009556788951158524
1,1,1,-1,1,1,1,1,1,-1,-1,-1,1,1,1,-1,-1,-1,1,-1,0.007659539580345154
1,1,1,-1,1,1,1,1,1,-1,-1,1,-1,-1,-1,1,1,-1,1,-1,0.009205212816596031
1,1,1,-1,1,1,1,1,1,-1,-1,1,1,-1,-1,-1,-1,-1,-1,1,0.008318865671753883
1,1,1,-1,1,1,1,1,1,-1,1,-1,-1,-1,1,-1,1,-1,1,1,0.009375585243105888
1,1,1,-1,1,1,1,1,1,-1,1,-1,1,-1,-1,1,-1,-1,-1,1,0.009273084811866283
1,1,1,-1,1,1,1,1,1,-1,1,1,1,-1,1,1,1,1,1,-1,0.009747407399117947
1,1,1,-1,1,1,1,1,1,-1,1,1,1,1,1,-1,-1,-1,-1,1,0.008102628402411938
1,1,1,-1,1,1,1,1,1,1,-1,-1,-1,1,1,1,-1,-1,1,1,0.008000800386071205
1,1,1,-1,1,1,1,1,1,1,-1,-1,1,-1,-1,1,-1,1,1,-1,0.009345224127173424
1,1,1,-1,1,1,1,1,1,1,-1,1,-1,1,-1,-1,-1,1,1,-1,0.00865210872143507
1,1,1,-1,1,1,1,1,1,1,1,-1,-1,-1,-1,1,1,1,1,-1,0.010844951495528221
1,1,1,-1,1,1,1,1,1,1,1,-1,-1,1,1,1,1,-1,1,1,0.009250462055206299
1,1,1,-1,1,1,1,1,1,1,1,-1,1,-1,-1,-1,1,1,-1,1,0.010622193105518818
1,1,1,-1,1,1,1,1,1,1,1,-1,1,-1,-1,-1,1,1,1,1,0.010137242265045643
1,1,1,-1,1,1,1,1,1,1,1,-1,1,-1,1,1,-1,1,1,1,0.00934530422091484
1,1,1,-1,1,1,1,1,1,1,1,-1,1,1,-1,-1,-1,1,-1,-1,0.009742286056280136
1,1,1,-1,1,1,1,1,1,1,1,1,1,1,1,1,-1,1,1,-1,0.008859767578542233
1,1,1,1,-1,-1,-1,-1,-1,-1,-1,-1,1,1,-1,1,1,-1,1,-1,0.00757144670933485
1,1,1,1,-1,-1,-1,-1,-1,-1,-1,-1,1,1,1,1,1,-1,1,-1,0.007344170473515987
1,1,1,1,-1,-1,-1,-1,-1,-1,-1,1,1,-1,1,1,1,1,1,-1,0.008083448745310307
1,1,1,1,-1,-1,-1,-1,-1,-1,1,-1,-1,-1,-1,-1,-1,1,1,-1,0.008653564378619194
1,1,1,1,-1,-1,-1,-1,-1,-1,1,-1,-1,1,-1,1,-1,-1,1,1,0.007385279983282089
1,1,1,1,-1,-1,-1,-1,-1,-1,1,-1,1,-1,1,-1,1,1,-1,-1,0.009324762970209122
1,1,1,1,-1,-1,-1,-1,-1,-1,1,-1,1,1,1,1,1,1,1,1,0.008004991337656975
1,1,1,1,-1,-1,-1,-1,-1,-1,1,1,-1,-1,-1,-1,-1,1,1,-1,0.008384346030652523
1,1,1,1,-1,-1,-1,-1,-1,-1,1,1,-1,1,1,1,1,-1,-1,-1,0.00839604064822197
1,1,1,1,-1,-1,-1,-1,-1,-1,1,1,1,-1,1,1,1,1,-1,1,0.008795756846666336
1,1,1,1,-1,-1,-1,-1,-1,-1,1,1,1,1,1,1,-1,-1,1,1,0.006638719700276852
1,1,1,1,-1,-1,-1,-1,-1,1,-1,-1,-1,1,1,-1,-1,-1,-1,-1,0.007667653262615204
1,1,1,1,-1,-1,-1,-1,-1,1,-1,-1,1,1,-1,1,1,1,1,-1,0.008355893194675446
1,1,1,1,-1,-1,-1,-1,-1,1,-1,1,1,-1,-1,-1,1,-1,-1,1,0.008255552500486374
1,1,1,1,-1,-1,-1,-1,-1,1,-1,1,1,1,-1,-1,1,-1,1,1,0.007195567712187767
1,1,1,1,-1,-1,-1,-1,-1,1,1,-1,-1,1,1,-1,-1,-1,1,-1,0.007768774405121803
1,1,1,1,-1,-1,-1,-1,-1,1,1,-1,1,1,-1,1,1,1,-1,-1,0.00942691694945097
1,1,1,1,-1,-1,-1,-1,-1,1,1,1,-1,1,-1,-1,-1,1,1,-1,0.008160294964909554
1,1,1,1,-1,-1,-1,-1,1,-1,-1,-1,-1,1,1,-1,-1,1,1,-1,0.0071121989749372005
1,1,1,1,-1,-1,-1,-1,1,-1,-1,1,-1,-1,1,-1,-1,1,-1,1,0.0075442492961883545
1,1,1,1,-1,-1,-1,-1,1,-1,-1,1,-1,1,1,-1,1,-1,-1,1,0.007199341431260109
1,1,1,1,-1,-1,-1,-1,1,-1,-1,1,-1,1,1,1,-1,-1,1,-1,0.006508444435894489
1,1,1,1,-1,-1,-1,-1,1,-1,1,-1,1,-1,-1,1,-1,1,1,-1,0.008349443785846233
1,1,1,1,-1,-1,-1,-1,1,-1,1,-1,1,1,-1,1,1,1,1,-1,0.00843799952417612
1,1,1,1,-1,-1,-1,-1,1,-1,1,-1,1,1,1,1,1,1,1,1,0.007852007634937763
1,1,1,1,-1,-1,-1,-1,1,-1,1,1,1,1,-1,-1,1,-1,1,-1,0.007636388763785362
1,1,1,1,-1,-1,-1,-1,1,1,-1,-1,-1,1,-1,1,1,1,1,-1,0.008452975191175938
1,1,1,1,-1,-1,-1,-1,1,1,-1,-1,-1,1,1,-1,-1,1,1,1,0.0071044666692614555
1,1,1,1,-1,-1,-1,-1,1,1,-1,-1,1,-1,1,-1,-1,-1,1,-1,0.007354686968028545
1,1,1,1,-1,-1,-1,-1,1,1,-1,-1,1,-1,1,-1,-1,1,1,-1,0.007788150571286678
1,1,1,1,-1,-1,-1,-1,1,1,-1,-1,1,-1,1,1,-1,-1,1,-1,0.007453614845871925
1,1,1,1,-1,-1,-1,-1,1,1,-1,-1,1,1,1,-1,-1,1,-1,-1,0.0076980674639344215
1,1,1,1,-1,-1,-1,-1,1,1,-1,1,-1,-1,1,-1,1,1,1,1,0.008073870092630386
1,1,1,1,-1,-1,-1,-1,1,1,1,-1,-1,1,-1,1,-1,1,-1,-1,0.008860409259796143
1,1,1,1,-1,-1,-1,-1,1,1,1,-1,1,1,-1,1,-1,1,-1,-1,0.008610344491899014
1,1,1,1,-1,-1,-1,-1,1,1,1,1,-1,-1,1,-1,-1,1,-1,-1,0.008840019814670086
1,1,1,1,-1,-1,-1,-1,1,1,1,1,-1,1,-1,1,1,1,-1,-1,0.009254779666662216
1,1,1,1,-1,-1,-1,1,-1,-1,-1,-1,1,-1,-1,-1,-1,-1,-1,-1,0.007619753014296293
1,1,1,1,-1,-1,-1,1,-1,-1,-1,-1,1,1,-1,-1,-1,1,1,-1,0.006993231363594532
1,1,1,1,-1,-1,-1,1,-1,-1,-1,1,1,-1,1,1,1,-1,1,1,0.007042108103632927
1,1,1,1,-1,-1,-1,1,-1,-1,1,-1,-1,1,-1,-1,-1,-1,-1,1,0.007522141560912132
1,1,1,1,-1,-1,-1,1,-1,-1,1,-1,-1,1,-1,1,-1,-1,-1,1,0.007621069438755512
1,1,1,1,-1,-1,-1,1,-1,-1,1,-1,-1,1,-1,1,1,-1,1,1,0.007799707818776369
1,1,1,1,-1,-1,-1,1,-1,-1,1,-1,1,-1,1,-1,1,-1,-1,-1,0.008642138913273811
1,1,1,1,-1,-1,-1,1,-1,-1,1,-1,1,1,-1,-1,1,-1,-1,-1,0.008294381201267242
1,1,1,1,-1,-1,-1,1,-1,-1,1,-1,1,1,-1,1,-1,-1,1,1,0.0068860528990626335
1,1,1,1,-1,-1,-1,1,-1,-1,1,-1,1,1,1,-1,-1,1,1,1,0.0069933123886585236
1,1,1,1,-1,-1,-1,1,-1,1,-1,-1,-1,1,-1,-1,1,1,1,-1,0.008257869631052017
1,1,1,1,-1,-1,-1,1,-1,1,-1,1,-1,-1,-1,-1,1,-1,-1,-1,0.008615171536803246
1,1,1,1,-1,-1,-1,1,-1,1,-1,1,-1,-1,-1,1,-1,-1,-1,-1,0.008050510659813881
1,1,1,1,-1,-1,-1,1,-1,1,-1,1,1,-1,1,1,1,1,1,1,0.007826554588973522
1,1,1,1,-1,-1,-1,1,-1,1,-1,1,1,1,1,1,1,1,-1,1,0.007736471947282553
1,1,1,1,-1,-1,-1,1,-1,1,1,-1,-1,1,1,1,-1,-1,-1,-1,0.008103491738438606
1,1,1,1,-1,-1,-1,1,-1,1,1,1,-1,1,1,-1,-1,1,-1,1,0.007810092531144619
1,1,1,1,-1,-1,-1,1,-1,1,1,1,1,1,-1,-1,-1,-1,1,1,0.006868889555335045
1,1,1,1,-1,-1,-1,1,-1,1,1,1,1,1,1,-1,1,-1,1,1,0.0073052020743489265
1,1,1,1,-1,-1,-1,1,1,-1,-1,-1,1,-1,-1,-1,-1,1,1,1,0.007056565955281258
1,1,1,1,-1,-1,-1,1,1,-1,-1,-1,1,-1,1,1,-1,-1,1,-1,0.006853470578789711
1,1,1,1,-1,-1,-1,1,1,-1,-1,1,1,-1,-1,1,1,-1,1,-1,0.007475116290152073
1,1,1,1,-1,-1,-1,1,1,-1,-1,1,1,-1,-1,1,1,-1,1,1,0.007116400636732578
1,1,1,1,-1,-1,-1,1,1,-1,-1,1,1,-1,1,-1,1,-1,1,1,0.006790196523070335
1,1,1,1,-1,-1,-1,1,1,-1,-1,1,1,-1,1,1,1,-1,-1,-1,0.007732790894806385
1,1,1,1,-1,-1,-1,1,1,-1,-1,1,1,1,-1,1,-1,-1,-1,-1,0.0067214444279670715
1,1,1,1,-1,-1,-1,1,1,-1,1,-1,-1,1,1,1,-1,-1,1,-1,0.007114574313163757
1,1,1,1,-1,-1,-1,1,1,-1,1,1,1,-1,1,1,1,-1,-1,1,0.00796014815568924
1,1,1,1,-1,-1,-1,1,1,-1,1,1,1,1,-1,1,1,1,1,-1,0.007919618859887123
1,1,1,1,-1,-1,-1,1,1,1,-1,1,-1,1,-1,1,1,1,1,1,0.007575879339128733
1,1,1,1,-1,-1,-1,1,1,1,-1,1,-1,1,1,1,1,1,1,-1,0.007707318291068077
1,1,1,1,-1,-1,-1,1,1,1,1,-1,-1,-1,1,-1,-1,-1,-1,-1,0.008426614105701447
1,1,1,1,-1,-1,-1,1,1,1,1,-1,1,1,1,1,-1,-1,-1,1,0.007341727614402771
1,1,1,1,-1,-1,-1,1,1,1,1,1,-1,1,-1,1,1,-1,1,-1,0.008087203837931156
1,1,1,1,-1,-1,1,-1,-1,-1,-1,-1,-1,-1,-1,-1,1,-1,-1,-1,0.009179123677313328
1,1,1,1,-1,-1,1,-1,-1,-1,-1,1,-1,-1,1,1,1,-1,-1,1,0.00842284131795168
1,1,1,1,-1,-1,1,-1,-1,-1,-1,1,1,-1,1,-1,1,-1,-1,1,0.008073847740888596
1,1,1,1,-1,-1,1,-1,-1,-1,-1,1,1,1,-1,-1,-1,-1,-1,1,0.007062501274049282
1,1,1,1,-1,-1,1,-1,-1,-1,1,-1,-1,-1,1,1,-1,-1,1,-1,0.0084883077070117
1,1,1,1,-1,-1,1,-1,-1,-1,1,-1,-1,1,1,-1,1,-1,-1,-1,0.008962886407971382
1,1,1,1,-1,-1,1,-1,-1,1,-1,-1,-1,-1,1,-1,-1,1,-1,-1,0.009072705172002316
1,1,1,1,-1,-1,1,-1,-1,1,-1,-1,-1,1,1,-1,-1,1,1,1,0.007654005195945501
1,1,1,1,-1,-1,1,-1,-1,1,-1,-1,-1,1,1,1,1,-1,-1,1,0.008468009531497955
1,1,1,1,-1,-1,1,-1,-1,1,-1,-1,1,1,1,-1,-1,-1,1,1,0.006970476359128952
1,1,1,1,-1,-1,1,-1,-1,1,-1,1,-1,-1,1,1,-1,1,1,1,0.00805874727666378
1,1,1,1,-1,-1,1,-1,-1,1,-1,1,-1,1,1,-1,1,1,1,-1,0.008407090790569782
1,1,1,1,-1,-1,1,-1,-1,1,-1,1,1,1,-1,-1,-1,1,1,1,0.007361996918916702
1,1,1,1,-1,-1,1,-1,-1,1,-1,1,1,1,1,-1,-1,-1,-1,-1,0.007544923573732376
1,1,1,1,-1,-1,1,-1,-1,1,1,-1,-1,1,-1,-1,-1,-1,1,-1,0.008392605930566788
1,1,1,1,-1,-1,1,-1,-1,1,1,1,-1,1,1,-1,1,-1,1,-1,0.008559700101613998
1,1,1,1,-1,-1,1,-1,-1,1,1,1,-1,1,1,-1,1,1,1,-1,0.008993163704872131
1,1,1,1,-1,-1,1,-1,-1,1,1,1,-1,1,1,-1,1,1,1,1,0.008634448051452637
1,1,1,1,-1,-1,1,-1,-1,1,1,1,1,1,-1,1,-1,1,1,-1,0.008405712433159351
1,1,1,1,-1,-1,1,-1,-1,1,1,1,1,1,1,1,-1,-1,-1,-1,0.00822992343455553
1,1,1,1,-1,-1,1,-1,1,-1,-1,-1,-1,1,1,1,1,1,1,-1,0.008271271362900734
1,1,1,1,-1,-1,1,-1,1,-1,-1,-1,-1,1,1,1,1,1,1,1,0.00791255570948124
1,1,1,1,-1,-1,1,-1,1,-1,-1,1,-1,-1,-1,1,1,1,-1,-1,0.009289313107728958
1,1,1,1,-1,-1,1,-1,1,-1,-1,1,-1,1,-1,-1,1,-1,-1,1,0.007823172956705093
1,1,1,1,-1,-1,1,-1,1,-1,-1,1,1,-1,1,1,1,1,-1,1,0.008453255519270897
1,1,1,1,-1,-1,1,-1,1,-1,1,-1,-1,1,-1,-1,1,1,-1,1,0.009111926890909672
1,1,1,1,-1,-1,1,-1,1,-1,1,-1,1,-1,-1,-1,-1,1,1,-1,0.008647071197628975
1,1,1,1,-1,-1,1,-1,1,-1,1,-1,1,-1,-1,1,1,1,1,1,0.009050872176885605
1,1,1,1,-1,-1,1,-1,1,-1,1,-1,1,1,-1,-1,1,1,1,-1,0.008735626935958862
1,1,1,1,-1,-1,1,-1,1,-1,1,1,1,-1,-1,-1,-1,-1,-1,-1,0.008429339155554771
1,1,1,1,-1,-1,1,-1,1,-1,1,1,1,-1,1,-1,1,1,1,1,0.008455449715256691
1,1,1,1,-1,-1,1,-1,1,1,-1,-1,-1,-1,-1,-1,-1,-1,1,-1,0.008228583261370659
1,1,1,1,-1,-1,1,-1,1,1,-1,-1,1,-1,-1,-1,1,1,1,-1,0.009075570851564407
1,1,1,1,-1,-1,1,-1,1,1,-1,-1,1,-1,-1,1,-1,1,1,1,0.008152194321155548
1,1,1,1,-1,-1,1,-1,1,1,-1,-1,1,1,-1,-1,1,-1,1,1,0.007708358578383923
1,1,1,1,-1,-1,1,-1,1,1,-1,-1,1,1,-1,1,-1,1,1,1,0.007577160373330116
1,1,1,1,-1,-1,1,-1,1,1,-1,-1,1,1,1,1,-1,1,1,1,0.007349884137511253
1,1,1,1,-1,-1,1,-1,1,1,1,-1,1,-1,-1,1,1,1,-1,-1,0.010245522484183311
1,1,1,1,-1,-1,1,-1,1,1,1,-1,1,1,-1,-1,1,1,1,1,0.00872789416462183
1,1,1,1,-1,-1,1,-1,1,1,1,-1,1,1,-1,1,-1,1,1,-1,0.008521948009729385
1,1,1,1,-1,-1,1,-1,1,1,1,1,1,-1,1,-1,1,1,1,-1,0.009165148250758648
1,1,1,1,-1,-1,1,-1,1,1,1,1,1,1,-1,1,-1,1,1,-1,0.008252729661762714
1,1,1,1,-1,-1,1,1,-1,-1,-1,-1,-1,-1,-1,1,-1,1,1,1,0.007955098524689674
1,1,1,1,-1,-1,1,1,-1,-1,-1,-1,-1,1,-1,1,-1,-1,-1,-1,0.007790267467498779
1,1,1,1,-1,-1,1,1,-1,-1,-1,-1,1,-1,1,1,1,-1,-1,1,0.008192833513021469
1,1,1,1,-1,-1,1,1,-1,-1,-1,1,1,-1,-1,1,1,-1,-1,1,0.008150890469551086
1,1,1,1,-1,-1,1,1,-1,-1,-1,1,1,1,-1,-1,1,1,1,-1,0.007784157060086727
1,1,1,1,-1,-1,1,1,-1,-1,-1,1,1,1,-1,1,1,-1,-1,-1,0.00793457217514515
1,1,1,1,-1,-1,1,1,-1,-1,-1,1,1,1,1,1,-1,1,-1,-1,0.0074771698564291
1,1,1,1,-1,-1,1,1,-1,-1,1,-1,-1,1,1,1,1,1,-1,-1,0.009246116504073143
1,1,1,1,-1,-1,1,1,-1,-1,1,-1,1,1,1,-1,1,1,1,1,0.00805345643311739
1,1,1,1,-1,-1,1,1,-1,-1,1,1,-1,1,-1,1,-1,1,-1,1,0.008181869052350521
1,1,1,1,-1,-1,1,1,-1,-1,1,1,-1,1,1,1,-1,-1,1,1,0.00703617837280035
1,1,1,1,-1,-1,1,1,-1,1,-1,-1,-1,-1,-1,-1,1,1,-1,1,0.009355693124234676
1,1,1,1,-1,-1,1,1,-1,1,-1,-1,1,-1,1,1,-1,-1,-1,1,0.007880227640271187
1,1,1,1,-1,-1,1,1,-1,1,-1,1,-1,1,1,1,1,-1,1,-1,0.007823393680155277
1,1,1,1,-1,-1,1,1,-1,1,-1,1,1,-1,1,-1,-1,-1,-1,1,0.007512080483138561
1,1,1,1,-1,-1,1,1,-1,1,-1,1,1,1,-1,1,-1,-1,1,-1,0.007137015461921692
1,1,1,1,-1,-1,1,1,-1,1,-1,1,1,1,1,-1,-1,-1,1,-1,0.006810811348259449
1,1,1,1,-1,-1,1,1,-1,1,1,-1,-1,1,-1,1,1,-1,1,-1,0.008905962109565735
1,1,1,1,-1,-1,1,1,-1,1,1,-1,-1,1,1,-1,1,1,-1,1,0.00913945585489273
1,1,1,1,-1,-1,1,1,-1,1,1,-1,1,-1,1,1,1,-1,1,1,0.008644938468933105
1,1,1,1,-1,-1,1,1,-1,1,1,1,-1,1,-1,-1,1,-1,-1,1,0.00866405013948679
1,1,1,1,-1,-1,1,1,-1,1,1,1,-1,1,-1,-1,1,-1,1,1,0.008179099299013615
1,1,1,1,-1,-1,1,1,-1,1,1,1,-1,1,1,-1,-1,-1,-1,1,0.007773184217512608
1,1,1,1,-1,-1,1,1,-1,1,1,1,1,-1,-1,-1,-1,1,-1,-1,0.009117607958614826
1,1,1,1,-1,-1,1,1,1,-1,-1,1,-1,-1,1,-1,1,-1,1,-1,0.007795533165335655
1,1,1,1,-1,-1,1,1,1,-1,-1,1,-1,1,1,-1,1,-1,1,1,0.006861783564090729
1,1,1,1,-1,-1,1,1,1,-1,1,-1,-1,1,-1,1,-1,1,1,-1,0.008171869441866875
1,1,1,1,-1,-1,1,1,1,-1,1,-1,1,-1,1,-1,1,1,-1,1,0.008960457518696785
1,1,1,1,-1,-1,1,1,1,1,-1,-1,1,1,-1,1,-1,1,1,1,0.007327998988330364
1,1,1,1,-1,-1,1,1,1,1,-1,1,-1,1,1,1,1,1,-1,1,0.008230108767747879
1,1,1,1,-1,-1,1,1,1,1,1,-1,-1,-1,-1,-1,1,1,1,1,0.009303831495344639
1,1,1,1,-1,-1,1,1,1,1,1,-1,-1,-1,-1,1,1,-1,-1,1,0.009454247541725636
1,1,1,1,-1,-1,1,1,1,1,1,-1,-1,1,-1,-1,1,1,-1,1,0.009213749319314957
1,1,1,1,-1,-1,1,1,1,1,1,1,1,-1,-1,-1,1,1,-1,-1,0.009628213942050934
1,1,1,1,-1,-1,1,1,1,1,1,1,1,-1,1,1,-1,1,1,-1,0.008351325057446957
1,1,1,1,-1,-1,1,1,1,1,1,1,1,-1,1,1,-1,1,1,1,0.007992609404027462
1,1,1,1,-1,-1,1,1,1,1,1,1,1,1,-1,1,1,-1,1,-1,0.008233693428337574
1,1,1,1,-1,1,-1,-1,-1,-1,-1,-1,-1,-1,1,-1,-1,1,1,1,0.007749494165182114
1,1,1,1,-1,1,-1,-1,-1,-1,-1,1,-1,-1,-1,1,1,-1,1,1,0.008036605082452297
1,1,1,1,-1,1,-1,-1,-1,-1,-1,1,1,1,1,1,-1,1,-1,-1,0.0075977700762450695
1,1,1,1,-1,1,-1,-1,-1,-1,1,-1,-1,-1,1,-1,1,-1,-1,1,0.00905064307153225
1,1,1,1,-1,1,-1,-1,-1,-1,1,-1,-1,1,-1,1,-1,-1,-1,-1,0.00849694013595581
1,1,1,1,-1,1,-1,-1,-1,-1,1,-1,1,-1,1,1,1,1,1,-1,0.009206733666360378
1,1,1,1,-1,1,-1,-1,-1,-1,1,-1,1,1,1,-1,1,-1,1,1,0.0077405935153365135
1,1,1,1,-1,1,-1,-1,-1,-1,1,1,-1,-1,-1,1,1,1,-1,1,0.00954109150916338
1,1,1,1,-1,1,-1,-1,-1,-1,1,1,-1,-1,1,-1,-1,-1,1,-1,0.007991599850356579
1,1,1,1,-1,1,-1,-1,-1,-1,1,1,-1,1,-1,-1,1,1,1,1,0.008382178843021393
1,1,1,1,-1,1,-1,-1,-1,-1,1,1,1,-1,-1,1,-1,1,1,-1,0.008501201868057251
1,1,1,1,-1,1,-1,-1,-1,1,-1,-1,-1,-1,1,1,-1,-1,-1,1,0.008250893093645573
1,1,1,1,-1,1,-1,-1,-1,1,-1,-1,-1,1,-1,-1,1,-1,1,-1,0.008341561071574688
1,1,1,1,-1,1,-1,-1,-1,1,-1,-1,-1,1,1,1,-1,-1,1,-1,0.00754962395876646
1,1,1,1,-1,1,-1,-1,-1,1,-1,-1,1,1,-1,-1,1,1,1,-1,0.008524958975613117
1,1,1,1,-1,1,-1,-1,-1,1,-1,1,1,-1,1,1,1,-1,-1,1,0.008395197801291943
1,1,1,1,-1,1,-1,-1,-1,1,1,-1,1,-1,-1,-1,-1,1,1,1,0.008663760498166084
1,1,1,1,-1,1,-1,-1,-1,1,1,-1,1,-1,1,-1,-1,1,1,-1,0.008795199915766716
1,1,1,1,-1,1,-1,-1,-1,1,1,-1,1,-1,1,-1,1,1,1,-1,0.00945878867059946
1,1,1,1,-1,1,-1,-1,-1,1,1,-1,1,-1,1,1,-1,-1,-1,1,0.008586900308728218
1,1,1,1,-1,1,-1,-1,-1,1,1,-1,1,1,1,1,-1,1,-1,-1,0.00880404468625784
1,1,1,1,-1,1,-1,-1,1,-1,-1,1,-1,-1,-1,1,-1,-1,-1,-1,0.00806369911879301
1,1,1,1,-1,1,-1,-1,1,-1,-1,1,1,-1,-1,-1,-1,1,1,1,0.00730450265109539
1,1,1,1,-1,1,-1,-1,1,-1,-1,1,1,-1,-1,-1,1,1,-1,-1,0.008811757899820805
1,1,1,1,-1,1,-1,-1,1,-1,-1,1,1,1,1,-1,1,-1,1,1,0.006732318550348282
1,1,1,1,-1,1,-1,-1,1,-1,1,-1,1,1,1,-1,-1,1,-1,-1,0.008201150223612785
1,1,1,1,-1,1,-1,-1,1,-1,1,-1,1,1,1,-1,1,-1,1,-1,0.007946325466036797
1,1,1,1,-1,1,-1,-1,1,-1,1,1,-1,-1,-1,-1,1,1,1,1,0.008804230019450188
1,1,1,1,-1,1,-1,-1,1,1,-1,-1,-1,-1,-1,1,-1,1,1,-1,0.008632414042949677
1,1,1,1,-1,1,-1,-1,1,1,-1,-1,1,-1,-1,1,-1,-1,1,1,0.007590169087052345
1,1,1,1,-1,1,-1,-1,1,1,-1,1,-1,-1,1,-1,-1,1,-1,-1,0.008521941490471363
1,1,1,1,-1,1,-1,-1,1,1,1,-1,1,-1,1,1,-1,1,-1,1,0.008867379277944565
1,1,1,1,-1,1,-1,-1,1,1,1,-1,1,-1,1,1,1,-1,1,1,0.008612554520368576
1,1,1,1,-1,1,-1,-1,1,1,1,1,-1,-1,-1,-1,-1,1,1,1,0.00849162321537733
1,1,1,1,-1,1,-1,-1,1,1,1,1,1,1,-1,-1,1,1,1,-1,0.008688828907907009
1,1,1,1,-1,1,-1,1,-1,-1,-1,-1,-1,-1,-1,-1,-1,1,1,-1,0.00808632466942072
1,1,1,1,-1,1,-1,1,-1,-1,-1,-1,-1,1,1,-1,-1,-1,1,1,0.006491835694760084
1,1,1,1,-1,1,-1,1,-1,-1,-1,1,-1,-1,-1,-1,1,1,-1,-1,0.008965645916759968
1,1,1,1,-1,1,-1,1,-1,-1,-1,1,-1,-1,1,1,1,1,1,-1,0.00835234671831131
1,1,1,1,-1,1,-1,1,-1,-1,-1,1,1,-1,-1,1,-1,1,1,1,0.0073072523809969425
1,1,1,1,-1,1,-1,1,-1,-1,-1,1,1,1,1,-1,-1,-1,1,-1,0.006331266835331917
1,1,1,1,-1,1,-1,1,-1,-1,1,-1,-1,-1,-1,-1,-1,-1,-1,-1,0.00872388482093811
1,1,1,1,-1,1,-1,1,-1,-1,1,-1,-1,-1,-1,1,-1,-1,1,1,0.00797914620488882
1,1,1,1,-1,1,-1,1,-1,-1,1,-1,-1,1,1,-1,1,1,-1,-1,0.009018626995384693
1,1,1,1,-1,1,-1,1,-1,-1,1,-1,1,-1,1,-1,1,1,-1,-1,0.009343595243990421
1,1,1,1,-1,1,-1,1,-1,-1,1,-1,1,1,-1,-1,1,1,1,-1,0.008510886691510677
1,1,1,1,-1,1,-1,1,-1,-1,1,-1,1,1,1,1,-1,1,1,-1,0.00771894957870245
1,1,1,1,-1,1,-1,1,-1,-1,1,1,-1,-1,-1,-1,1,-1,-1,-1,0.00911825429648161
1,1,1,1,-1,1,-1,1,-1,-1,1,1,-1,1,-1,-1,1,-1,1,1,0.0076995547860860825
1,1,1,1,-1,1,-1,1,-1,-1,1,1,1,-1,-1,-1,-1,1,1,1,0.007794396951794624
1,1,1,1,-1,1,-1,1,-1,1,-1,-1,1,1,1,1,1,1,1,1,0.007788733579218388
1,1,1,1,-1,1,-1,1,-1,1,-1,1,-1,-1,1,-1,1,1,1,1,0.008245686069130898
1,1,1,1,-1,1,-1,1,-1,1,-1,1,-1,1,1,1,-1,-1,-1,-1,0.007516194134950638
1,1,1,1,-1,1,-1,1,-1,1,-1,1,1,-1,-1,1,-1,-1,-1,1,0.007709722965955734
1,1,1,1,-1,1,-1,1,-1,1,-1,1,1,-1,-1,1,1,-1,1,1,0.007888361811637878
1,1,1,1,-1,1,-1,1,-1,1,1,-1,1,1,1,-1,-1,1,-1,1,0.008097239769995213
1,1,1,1,-1,1,-1,1,-1,1,1,1,-1,1,1,-1,1,-1,-1,1,0.008308212272822857
1,1,1,1,-1,1,-1,1,-1,1,1,1,1,-1,-1,-1,-1,1,1,1,0.008145379833877087
1,1,1,1,-1,1,-1,1,1,-1,-1,-1,1,-1,-1,-1,-1,-1,1,1,0.006891096942126751
1,1,1,1,-1,1,-1,1,1,-1,-1,-1,1,-1,1,-1,-1,-1,1,1,0.006663820706307888
1,1,1,1,-1,1,-1,1,1,-1,-1,1,1,-1,1,1,1,-1,-1,1,0.007642069365829229
1,1,1,1,-1,1,-1,1,1,-1,-1,1,1,1,-1,-1,-1,1,1,1,0.0064803073182702065
1,1,1,1,-1,1,-1,1,1,-1,1,-1,-1,-1,-1,1,-1,-1,1,1,0.007826162502169609
1,1,1,1,-1,1,-1,1,1,-1,1,-1,-1,-1,1,-1,1,1,1,-1,0.008955726400017738
1,1,1,1,-1,1,-1,1,1,-1,1,1,-1,-1,1,-1,1,-1,1,-1,0.008253044448792934
1,1,1,1,-1,1,-1,1,1,-1,1,1,1,-1,-1,1,-1,-1,1,-1,0.007665593177080154
1,1,1,1,-1,1,-1,1,1,-1,1,1,1,-1,-1,1,1,1,-1,1,0.008888881653547287
1,1,1,1,-1,1,-1,1,1,-1,1,1,1,1,-1,1,-1,-1,1,-1,0.007090560160577297
1,1,1,1,-1,1,-1,1,1,1,-1,-1,-1,-1,1,-1,1,-1,-1,1,0.008413408882915974
1,1,1,1,-1,1,-1,1,1,1,-1,-1,-1,1,-1,1,-1,-1,-1,-1,0.007859705947339535
1,1,1,1,-1,1,-1,1,1,1,-1,-1,1,-1,-1,1,1,-1,-1,1,0.008489548228681087
1,1,1,1,-1,1,-1,1,1,1,-1,1,-1,-1,1,1,-1,1,-1,1,0.008012992329895496
1,1,1,1,-1,1,-1,1,1,1,-1,1,1,-1,1,1,1,1,1,1,0.007941564545035362
1,1,1,1,-1,1,-1,1,1,1,-1,1,1,1,1,1,1,1,1,-1,0.007725246716290712
1,1,1,1,-1,1,-1,1,1,1,1,-1,-1,1,-1,-1,1,1,1,1,0.008600236847996712
1,1,1,1,-1,1,-1,1,1,1,1,-1,1,1,-1,-1,1,-1,-1,1,0.00840165838599205
1,1,1,1,-1,1,-1,1,1,1,1,1,-1,1,-1,-1,1,-1,1,1,0.007897553965449333
1,1,1,1,-1,1,-1,1,1,1,1,1,-1,1,-1,1,1,-1,-1,-1,0.008840148337185383
1,1,1,1,-1,1,-1,1,1,1,1,1,1,-1,1,-1,1,1,-1,1,0.008913660421967506
1,1,1,1,-1,1,-1,1,1,1,1,1,1,1,1,1,-1,-1,-1,1,0.007340501993894577
1,1,1,1,-1,1,1,-1,-1,-1,-1,-1,-1,-1,1,-1,-1,1,1,-1,0.00850476510822773
1,1,1,1,-1,1,1,-1,-1,-1,-1,-1,1,-1,-1,1,-1,1,-1,-1,0.009065854363143444
1,1,1,1,-1,1,1,-1,-1,-1,-1,-1,1,-1,-1,1,1,1,1,-1,0.009244492277503014
1,1,1,1,-1,1,1,-1,-1,-1,-1,1,-1,1,-1,1,-1,1,1,1,0.007628000341355801
1,1,1,1,-1,1,1,-1,-1,-1,-1,1,1,-1,-1,-1,1,-1,1,-1,0.00844288244843483
1,1,1,1,-1,1,1,-1,-1,-1,1,-1,1,1,-1,1,-1,1,1,1,0.008233226835727692
1,1,1,1,-1,1,1,-1,-1,-1,1,1,-1,1,-1,-1,-1,1,1,-1,0.008473861031234264
1,1,1,1,-1,1,1,-1,-1,-1,1,1,1,-1,1,1,1,-1,1,-1,0.008900606073439121
1,1,1,1,-1,1,1,-1,-1,1,-1,-1,-1,-1,1,-1,-1,1,1,-1,0.008855747990310192
1,1,1,1,-1,1,1,-1,-1,1,-1,-1,-1,1,-1,1,1,-1,-1,1,0.00896327942609787
1,1,1,1,-1,1,1,-1,-1,1,-1,-1,-1,1,1,-1,-1,1,-1,1,0.008406950160861015
1,1,1,1,-1,1,1,-1,-1,1,-1,1,-1,-1,1,1,-1,1,-1,1,0.008811691775918007
1,1,1,1,-1,1,1,-1,-1,1,-1,1,1,-1,1,-1,1,1,1,-1,0.009000052697956562
1,1,1,1,-1,1,1,-1,-1,1,-1,1,1,-1,1,1,-1,1,1,1,0.008076676167547703
1,1,1,1,-1,1,1,-1,-1,1,1,-1,-1,-1,-1,-1,-1,1,-1,-1,0.010154047049582005
1,1,1,1,-1,1,1,-1,-1,1,1,-1,-1,-1,1,-1,-1,1,-1,-1,0.009926771745085716
1,1,1,1,-1,1,1,-1,-1,1,1,-1,-1,1,-1,-1,1,-1,-1,-1,0.009809140115976334
1,1,1,1,-1,1,1,-1,-1,1,1,-1,1,-1,1,-1,-1,1,-1,1,0.009317990392446518
1,1,1,1,-1,1,1,-1,-1,1,1,1,1,1,-1,1,-1,-1,-1,1,0.008366478607058525
1,1,1,1,-1,1,1,-1,1,-1,-1,-1,-1,-1,-1,-1,1,1,1,-1,0.009242646396160126
1,1,1,1,-1,1,1,-1,1,-1,-1,-1,-1,1,1,-1,-1,-1,1,1,0.006984568666666746
1,1,1,1,-1,1,1,-1,1,-1,-1,-1,1,-1,1,-1,1,1,1,1,0.008406589739024639
1,1,1,1,-1,1,1,-1,1,-1,-1,-1,1,1,-1,-1,-1,1,-1,1,0.0078801941126585
1,1,1,1,-1,1,1,-1,1,-1,-1,1,-1,-1,1,-1,-1,1,1,-1,0.008082562126219273
1,1,1,1,-1,1,1,-1,1,-1,-1,1,-1,1,1,-1,-1,1,1,-1,0.007507528644055128
1,1,1,1,-1,1,1,-1,1,-1,1,-1,-1,1,1,-1,1,1,1,1,0.00866769440472126
1,1,1,1,-1,1,1,-1,1,-1,1,-1,1,1,-1,-1,-1,-1,1,-1,0.007906567305326462
1,1,1,1,-1,1,1,-1,1,-1,1,1,1,-1,-1,-1,-1,1,1,-1,0.008645845577120781
1,1,1,1,-1,1,1,-1,1,-1,1,1,1,-1,1,1,-1,-1,1,1,0.007725318428128958
1,1,1,1,-1,1,1,-1,1,-1,1,1,1,1,1,-1,-1,1,-1,1,0.007969770580530167
1,1,1,1,-1,1,1,-1,1,-1,1,1,1,1,1,1,1,-1,1,-1,0.008172589354217052
1,1,1,1,-1,1,1,-1,1,1,-1,-1,-1,-1,1,-1,1,1,-1,-1,0.009851304814219475
1,1,1,1,-1,1,1,-1,1,1,-1,-1,1,-1,-1,-1,-1,-1,-1,1,0.008372747339308262
1,1,1,1,-1,1,1,-1,1,1,-1,-1,1,-1,-1,1,-1,-1,-1,1,0.008471675217151642
1,1,1,1,-1,1,1,-1,1,1,-1,-1,1,-1,-1,1,-1,-1,1,1,0.007986724376678467
1,1,1,1,-1,1,1,-1,1,1,-1,1,-1,-1,1,1,1,1,1,-1,0.009196062572300434
1,1,1,1,-1,1,1,-1,1,1,-1,1,-1,1,1,-1,-1,1,-1,-1,0.008343462832272053
1,1,1,1,-1,1,1,-1,1,1,-1,1,1,-1,1,-1,-1,1,-1,1,0.008309715427458286
1,1,1,1,-1,1,1,-1,1,1,1,-1,-1,-1,1,1,1,1,1,-1,0.010051354765892029
1,1,1,1,-1,1,1,-1,1,1,1,-1,-1,1,1,-1,-1,-1,-1,1,0.00840657576918602
1,1,1,1,-1,1,1,-1,1,1,1,-1,-1,1,1,-1,1,-1,-1,-1,0.009428880177438259
1,1,1,1,-1,1,1,-1,1,1,1,1,-1,-1,1,-1,1,1,-1,1,0.009809442795813084
1,1,1,1,-1,1,1,-1,1,1,1,1,-1,-1,1,1,-1,1,1,-1,0.009118545800447464
1,1,1,1,-1,1,1,-1,1,1,1,1,-1,1,1,1,-1,1,-1,1,0.008669747970998287
1,1,1,1,-1,1,1,-1,1,1,1,1,-1,1,1,1,1,1,-1,1,0.009333336725831032
1,1,1,1,-1,1,1,-1,1,1,1,1,-1,1,1,1,1,1,1,1,0.008848385885357857
1,1,1,1,-1,1,1,-1,1,1,1,1,1,-1,-1,-1,-1,-1,1,1,0.00820465013384819
1,1,1,1,-1,1,1,-1,1,1,1,1,1,-1,-1,1,1,1,1,-1,0.009759346023201942
1,1,1,1,-1,1,1,1,-1,-1,-1,-1,1,-1,1,-1,1,1,-1,1,0.008795361965894699
1,1,1,1,-1,1,1,1,-1,-1,-1,-1,1,1,1,1,-1,-1,-1,-1,0.007580919191241264
1,1,1,1,-1,1,1,1,-1,-1,-1,1,-1,-1,-1,-1,-1,-1,-1,-1,0.008265147916972637
1,1,1,1,-1,1,1,1,-1,-1,-1,1,1,-1,-1,-1,1,1,1,1,0.008268468081951141
1,1,1,1,-1,1,1,1,-1,-1,-1,1,1,-1,1,-1,1,-1,1,-1,0.007966444827616215
1,1,1,1,-1,1,1,1,-1,-1,1,-1,-1,-1,1,-1,-1,1,1,1,0.008482960052788258
1,1,1,1,-1,1,1,1,-1,-1,1,-1,1,1,1,-1,1,1,1,1,0.008321450091898441
1,1,1,1,-1,1,1,1,-1,-1,1,1,-1,-1,1,-1,1,1,-1,-1,0.009720996953547001
1,1,1,1,-1,1,1,1,-1,1,-1,-1,-1,-1,-1,1,-1,-1,1,-1,0.00849932711571455
1,1,1,1,-1,1,1,1,-1,1,-1,1,-1,1,1,1,-1,-1,1,-1,0.007427798118442297
1,1,1,1,-1,1,1,1,-1,1,-1,1,1,1,-1,1,-1,-1,-1,-1,0.007889959961175919
1,1,1,1,-1,1,1,1,-1,1,1,-1,-1,-1,-1,1,-1,1,1,-1,0.009518862701952457
1,1,1,1,-1,1,1,1,-1,1,1,-1,1,-1,-1,1,1,1,-1,-1,0.010417337529361248
1,1,1,1,-1,1,1,1,-1,1,1,1,-1,1,-1,1,1,1,-1,1,0.009464435279369354
1,1,1,1,-1,1,1,1,-1,1,1,1,-1,1,-1,1,1,1,1,1,0.008979483507573605
1,1,1,1,-1,1,1,1,-1,1,1,1,1,-1,1,-1,1,1,-1,-1,0.00982191413640976
1,1,1,1,-1,1,1,1,-1,1,1,1,1,-1,1,1,-1,-1,1,-1,0.008338838815689087
1,1,1,1,-1,1,1,1,-1,1,1,1,1,-1,1,1,-1,1,1,-1,0.00877230241894722
1,1,1,1,-1,1,1,1,-1,1,1,1,1,1,1,-1,1,1,-1,1,0.008888165466487408
1,1,1,1,-1,1,1,1,1,-1,-1,-1,-1,1,1,-1,1,1,1,1,0.007832460105419159
1,1,1,1,-1,1,1,1,1,-1,-1,-1,1,-1,1,1,-1,-1,1,-1,0.0075180185958743095
1,1,1,1,-1,1,1,1,1,-1,-1,-1,1,1,1,1,1,1,-1,1,0.00816627312451601
1,1,1,1,-1,1,1,1,1,-1,-1,1,1,-1,-1,-1,-1,1,-1,1,0.00793684646487236
1,1,1,1,-1,1,1,1,1,-1,1,-1,-1,1,-1,-1,1,1,1,1,0.008645808324217796
1,1,1,1,-1,1,1,1,1,-1,1,-1,1,-1,-1,-1,-1,-1,-1,1,0.008358675055205822
1,1,1,1,-1,1,1,1,1,-1,1,-1,1,-1,1,-1,-1,-1,1,-1,0.008005163632333279
1,1,1,1,-1,1,1,1,1,-1,1,-1,1,-1,1,1,-1,1,-1,-1,0.009022505953907967
1,1,1,1,-1,1,1,1,1,-1,1,-1,1,1,-1,1,1,-1,-1,1,0.00854615867137909
1,1,1,1,-1,1,1,1,1,-1,1,1,-1,-1,-1,-1,-1,-1,-1,-1,0.008698237128555775
1,1,1,1,-1,1,1,1,1,-1,1,1,-1,1,-1,-1,1,1,1,-1,0.008735304698348045
1,1,1,1,-1,1,1,1,1,-1,1,1,1,-1,-1,-1,1,-1,1,1,0.00826809462159872
1,1,1,1,-1,1,1,1,1,-1,1,1,1,1,1,1,-1,-1,-1,1,0.007386073935776949
1,1,1,1,-1,1,1,1,1,1,-1,-1,-1,-1,-1,1,-1,-1,1,1,0.007987628690898418
1,1,1,1,-1,1,1,1,1,1,-1,-1,-1,1,1,-1,-1,-1,-1,1,0.007571341469883919
1,1,1,1,-1,1,1,1,1,1,-1,-1,-1,1,1,1,-1,1,-1,-1,0.008462447673082352
1,1,1,1,-1,1,1,1,1,1,-1,-1,1,1,-1,1,-1,1,-1,1,0.008080943487584591
1,1,1,1,-1,1,1,1,1,1,-1,1,-1,-1,1,-1,-1,1,1,1,0.007825668901205063
1,1,1,1,-1,1,1,1,1,1,-1,1,1,-1,-1,-1,1,-1,1,1,0.008033005520701408
1,1,1,1,-1,1,1,1,1,1,-1,1,1,-1,1,1,1,-1,-1,1,0.0083896080031991
1,1,1,1,-1,1,1,1,1,1,1,-1,-1,-1,1,-1,-1,1,-1,1,0.009165911003947258
1,1,1,1,-1,1,1,1,1,1,1,-1,-1,1,1,1,1,1,-1,1,0.009353394620120525
1,1,1,1,-1,1,1,1,1,1,1,-1,1,-1,1,1,-1,-1,-1,1,0.008581309579312801
1,1,1,1,-1,1,1,1,1,1,1,-1,1,1,-1,1,-1,-1,1,-1,0.008107316680252552
1,1,1,1,-1,1,1,1,1,1,1,1,-1,-1,1,1,1,1,-1,1,0.009659209288656712
1,1,1,1,-1,1,1,1,1,1,1,1,1,-1,-1,-1,1,-1,-1,1,0.009104028344154358
1,1,1,1,1,-1,-1,-1,-1,-1,-1,-1,-1,-1,-1,-1,1,-1,-1,-1,0.009465329349040985
1,1,1,1,1,-1,-1,-1,-1,-1,-1,-1,1,-1,1,-1,-1,-1,-1,1,0.00796568300575018
1,1,1,1,1,-1,-1,-1,-1,-1,-1,-1,1,1,1,1,1,-1,1,-1,0.008026931434869766
1,1,1,1,1,-1,-1,-1,-1,-1,-1,1,-1,-1,1,-1,1,-1,-1,1,0.008610118180513382
1,1,1,1,1,-1,-1,-1,-1,-1,-1,1,-1,1,-1,1,1,1,1,-1,0.008668516762554646
1,1,1,1,1,-1,-1,-1,-1,-1,-1,1,-1,1,1,1,-1,1,-1,1,0.007903886958956718
1,1,1,1,1,-1,-1,-1,-1,-1,1,-1,-1,1,-1,1,1,-1,1,-1,0.009090345352888107
1,1,1,1,1,-1,-1,-1,-1,-1,1,-1,-1,1,1,-1,-1,-1,-1,1,0.008226786740124226
1,1,1,1,1,-1,-1,-1,-1,-1,1,-1,-1,1,1,-1,-1,-1,1,-1,0.008100551553070545
1,1,1,1,1,-1,-1,-1,-1,-1,1,-1,1,-1,1,-1,1,-1,1,1,0.008730393834412098
1,1,1,1,1,-1,-1,-1,-1,-1,1,1,-1,-1,1,-1,1,1,1,1,0.009144702926278114
1,1,1,1,1,-1,-1,-1,-1,-1,1,1,-1,1,-1,-1,1,-1,-1,-1,0.009207149036228657
1,1,1,1,1,-1,-1,-1,-1,-1,1,1,-1,1,1,-1,-1,-1,-1,1,0.007957568392157555
1,1,1,1,1,-1,-1,-1,-1,1,-1,-1,-1,-1,1,-1,-1,-1,1,1,0.00808178074657917
1,1,1,1,1,-1,-1,-1,-1,1,-1,-1,-1,1,1,1,-1,1,1,-1,0.008397853933274746
1,1,1,1,1,-1,-1,-1,-1,1,-1,-1,-1,1,1,1,1,1,-1,1,0.009187678806483746
1,1,1,1,1,-1,-1,-1,-1,1,-1,-1,1,-1,-1,-1,-1,1,1,1,0.008492454886436462
1,1,1,1,1,-1,-1,-1,-1,1,-1,-1,1,-1,-1,-1,1,1,1,1,0.009156043641269207
1,1,1,1,1,-1,-1,-1,-1,1,-1,1,1,-1,-1,1,1,-1,1,-1,0.008911005221307278
1,1,1,1,1,-1,-1,-1,-1,1,-1,1,1,1,1,1,1,1,1,1,0.008183442987501621
1,1,1,1,1,-1,-1,-1,-1,1,1,-1,1,-1,1,1,1,-1,-1,1,0.009665255434811115
1,1,1,1,1,-1,-1,-1,-1,1,1,-1,1,-1,1,1,1,1,-1,-1,0.010457434691488743
1,1,1,1,1,-1,-1,-1,-1,1,1,1,1,1,-1,1,-1,-1,1,1,0.007899738848209381
1,1,1,1,1,-1,-1,-1,1,-1,-1,-1,-1,-1,1,-1,-1,-1,1,1,0.007577814161777496
1,1,1,1,1,-1,-1,-1,1,-1,-1,-1,-1,1,1,-1,-1,-1,1,-1,0.007361495867371559
1,1,1,1,1,-1,-1,-1,1,-1,-1,-1,1,-1,1,1,1,-1,-1,-1,0.008933932520449162
1,1,1,1,1,-1,-1,-1,1,-1,-1,-1,1,1,-1,1,1,1,-1,-1,0.009019638411700726
1,1,1,1,1,-1,-1,-1,1,-1,-1,-1,1,1,-1,1,1,1,1,1,0.008175971917808056
1,1,1,1,1,-1,-1,-1,1,-1,-1,-1,1,1,1,1,1,1,-1,-1,0.008792362175881863
1,1,1,1,1,-1,-1,-1,1,-1,-1,1,-1,-1,1,-1,-1,-1,1,1,0.007308594882488251
1,1,1,1,1,-1,-1,-1,1,-1,-1,1,-1,1,-1,-1,-1,1,1,-1,0.007753016427159309
1,1,1,1,1,-1,-1,-1,1,-1,-1,1,-1,1,-1,1,-1,1,-1,1,0.00797817949205637
1,1,1,1,1,-1,-1,-1,1,-1,1,-1,-1,1,-1,1,-1,1,-1,-1,0.009192186407744884
1,1,1,1,1,-1,-1,-1,1,-1,1,-1,1,-1,1,-1,-1,1,-1,-1,0.00919095054268837
1,1,1,1,1,-1,-1,-1,1,-1,1,-1,1,1,-1,-1,1,1,-1,-1,0.00950678251683712
1,1,1,1,1,-1,-1,-1,1,1,-1,-1,-1,1,-1,1,-1,-1,-1,1,0.00816491898149252
1,1,1,1,1,-1,-1,-1,1,1,-1,1,-1,1,1,-1,-1,-1,-1,-1,0.007928211241960526
1,1,1,1,1,-1,-1,-1,1,1,1,-1,-1,-1,-1,1,1,-1,1,1,0.009504662826657295
1,1,1,1,1,-1,-1,-1,1,1,1,-1,-1,1,1,1,1,1,-1,-1,0.009979482740163803
1,1,1,1,1,-1,-1,-1,1,1,1,1,-1,-1,1,1,1,-1,-1,1,0.009493119083344936
1,1,1,1,1,-1,-1,-1,1,1,1,1,-1,1,-1,1,-1,1,1,-1,0.0087890001013875
1,1,1,1,1,-1,-1,-1,1,1,1,1,1,-1,1,-1,1,-1,-1,1,0.009144125506281853
1,1,1,1,1,-1,-1,-1,1,1,1,1,1,1,-1,-1,1,1,1,1,0.008744880557060242
1,1,1,1,1,-1,-1,1,-1,-1,-1,-1,-1,-1,-1,-1,1,-1,-1,-1,0.009216167964041233
1,1,1,1,1,-1,-1,1,-1,-1,-1,-1,-1,1,1,-1,1,1,-1,-1,0.008847321383655071
1,1,1,1,1,-1,-1,1,-1,-1,-1,-1,-1,1,1,1,1,-1,1,-1,0.008027834817767143
1,1,1,1,1,-1,-1,1,-1,-1,-1,-1,1,1,-1,-1,1,-1,-1,1,0.008032353594899178
1,1,1,1,1,-1,-1,1,-1,-1,-1,-1,1,1,1,1,1,1,-1,1,0.008337467908859253
1,1,1,1,1,-1,-1,1,-1,-1,1,-1,1,-1,-1,1,1,-1,1,1,0.008807436563074589
1,1,1,1,1,-1,-1,1,-1,-1,1,-1,1,1,-1,-1,-1,-1,1,1,0.007469885051250458
1,1,1,1,1,-1,-1,1,-1,-1,1,-1,1,1,1,-1,1,1,-1,-1,0.009183327667415142
1,1,1,1,1,-1,-1,1,-1,1,-1,-1,1,-1,-1,-1,1,-1,-1,-1,0.009317085146903992
1,1,1,1,1,-1,-1,1,-1,1,-1,-1,1,1,-1,-1,-1,-1,-1,-1,0.008078462444245815
1,1,1,1,1,-1,-1,1,-1,1,-1,1,1,-1,-1,1,-1,1,1,1,0.008073002099990845
1,1,1,1,1,-1,-1,1,-1,1,1,-1,-1,-1,-1,1,1,1,1,1,0.009841947816312313
1,1,1,1,1,-1,-1,1,-1,1,1,1,1,-1,-1,-1,-1,1,-1,-1,0.009403812699019909
1,1,1,1,1,-1,-1,1,1,-1,-1,-1,-1,-1,-1,1,-1,1,-1,-1,0.008931986056268215
1,1,1,1,1,-1,-1,1,1,-1,-1,-1,1,-1,1,-1,-1,-1,-1,-1,0.00792225357145071
1,1,1,1,1,-1,-1,1,1,-1,-1,-1,1,1,1,-1,1,1,-1,-1,0.008444271981716156
1,1,1,1,1,-1,-1,1,1,-1,-1,1,-1,1,-1,1,-1,1,-1,1,0.007729018107056618
1,1,1,1,1,-1,-1,1,1,-1,-1,1,1,-1,1,-1,1,-1,1,1,0.007472957484424114
1,1,1,1,1,-1,-1,1,1,-1,-1,1,1,1,-1,1,-1,1,-1,-1,0.007837668061256409
1,1,1,1,1,-1,-1,1,1,-1,-1,1,1,1,1,-1,-1,-1,-1,1,0.0067192851565778255
1,1,1,1,1,-1,-1,1,1,-1,1,-1,-1,-1,1,1,-1,1,-1,-1,0.009290782734751701
1,1,1,1,1,-1,-1,1,1,-1,1,1,-1,-1,-1,-1,1,1,-1,1,0.009454785846173763
1,1,1,1,1,-1,-1,1,1,-1,1,1,-1,-1,1,1,1,1,-1,-1,0.009685153141617775
1,1,1,1,1,-1,-1,1,1,-1,1,1,1,-1,-1,1,-1,1,-1,-1,0.008998773992061615
1,1,1,1,1,-1,-1,1,1,1,-1,-1,-1,1,-1,1,1,1,1,-1,0.00888657383620739
1,1,1,1,1,-1,-1,1,1,1,-1,1,-1,-1,-1,1,1,1,-1,-1,0.009677340276539326
1,1,1,1,1,-1,-1,1,1,1,-1,1,-1,-1,1,-1,1,1,1,-1,0.008866184391081333
1,1,1,1,1,-1,-1,1,1,1,1,-1,-1,-1,1,1,-1,-1,-1,1,0.00884958729147911
1,1,1,1,1,-1,-1,1,1,1,1,-1,-1,1,-1,-1,1,1,1,-1,0.009373718872666359
1,1,1,1,1,-1,-1,1,1,1,1,-1,1,-1,-1,1,1,-1,-1,-1,0.00984910223633051
1,1,1,1,1,-1,-1,1,1,1,1,-1,1,1,1,1,-1,-1,1,-1,0.007898252457380295
1,1,1,1,1,-1,-1,1,1,1,1,1,-1,-1,-1,-1,1,1,1,1,0.00932081788778305
1,1,1,1,1,-1,-1,1,1,1,1,1,1,-1,-1,1,-1,1,-1,-1,0.009349756874144077
1,1,1,1,1,-1,-1,1,1,1,1,1,1,-1,1,1,-1,1,-1,-1,0.009122481569647789
1,1,1,1,1,-1,1,-1,-1,-1,-1,-1,-1,-1,1,-1,-1,1,-1,1,0.009045766666531563
1,1,1,1,1,-1,1,-1,-1,-1,-1,-1,1,1,-1,-1,1,-1,1,1,0.008193118497729301
1,1,1,1,1,-1,1,-1,-1,-1,-1,1,-1,-1,-1,-1,-1,1,-1,-1,0.009362539276480675
1,1,1,1,1,-1,1,-1,-1,-1,-1,1,-1,1,1,-1,-1,-1,1,-1,0.007641815580427647
1,1,1,1,1,-1,1,-1,-1,-1,-1,1,1,-1,-1,1,-1,-1,1,1,0.007934272289276123
1,1,1,1,1,-1,1,-1,-1,-1,-1,1,1,-1,1,-1,-1,-1,-1,1,0.008093019016087055
1,1,1,1,1,-1,1,-1,-1,-1,-1,1,1,-1,1,-1,1,-1,1,1,0.008271656930446625
1,1,1,1,1,-1,1,-1,-1,-1,1,-1,1,1,1,1,-1,1,1,-1,0.008779432624578476
1,1,1,1,1,-1,1,-1,-1,-1,1,1,-1,-1,1,-1,1,-1,1,1,0.009107795543968678
1,1,1,1,1,-1,1,-1,-1,1,-1,-1,-1,1,-1,1,-1,-1,1,-1,0.008588221855461597
1,1,1,1,1,-1,1,-1,-1,1,-1,-1,-1,1,1,-1,-1,1,1,1,0.008336765691637993
1,1,1,1,1,-1,1,-1,-1,1,-1,-1,-1,1,1,1,-1,1,1,1,0.008435693569481373
1,1,1,1,1,-1,1,-1,-1,1,-1,-1,1,1,-1,1,-1,1,1,-1,0.008771619759500027
1,1,1,1,1,-1,1,-1,-1,1,-1,1,-1,-1,-1,1,1,-1,-1,-1,0.010042576119303703
1,1,1,1,1,-1,1,-1,-1,1,-1,1,1,1,-1,1,-1,-1,1,-1,0.008068936876952648
1,1,1,1,1,-1,1,-1,-1,1,-1,1,1,1,1,1,-1,-1,-1,-1,0.00832661148160696
1,1,1,1,1,-1,1,-1,-1,1,1,-1,-1,-1,1,1,-1,1,1,-1,0.009955515153706074
1,1,1,1,1,-1,1,-1,-1,1,1,1,-1,-1,1,1,1,1,-1,-1,0.010834835469722748
1,1,1,1,1,-1,1,-1,-1,1,1,1,1,-1,-1,1,-1,1,-1,1,0.009789741598069668
1,1,1,1,1,-1,1,-1,-1,1,1,1,1,-1,1,-1,-1,1,1,1,0.00897858664393425
1,1,1,1,1,-1,1,-1,-1,1,1,1,1,-1,1,-1,1,-1,1,-1,0.00956742838025093
1,1,1,1,1,-1,1,-1,-1,1,1,1,1,-1,1,1,-1,1,1,1,0.00907751452177763
1,1,1,1,1,-1,1,-1,-1,1,1,1,1,1,1,1,1,1,-1,-1,0.010009736754000187
1,1,1,1,1,-1,1,-1,1,-1,-1,-1,1,1,1,-1,1,-1,-1,1,0.008297810330986977
1,1,1,1,1,-1,1,-1,1,-1,-1,1,-1,-1,-1,1,-1,1,1,-1,0.008823532611131668
1,1,1,1,1,-1,1,-1,1,-1,1,-1,-1,-1,1,-1,-1,-1,-1,-1,0.009404107928276062
1,1,1,1,1,-1,1,-1,1,-1,1,-1,-1,1,1,1,-1,-1,-1,-1,0.008928002789616585
1,1,1,1,1,-1,1,-1,1,-1,1,-1,1,1,1,1,1,1,-1,1,0.009416273795068264
1,1,1,1,1,-1,1,-1,1,1,-1,-1,1,1,-1,1,1,-1,1,-1,0.008848762139678001
1,1,1,1,1,-1,1,-1,1,1,-1,1,1,1,-1,1,-1,1,1,1,0.00799070205539465
1,1,1,1,1,-1,1,-1,1,1,-1,1,1,1,1,1,-1,1,1,1,0.007763425353914499
1,1,1,1,1,-1,1,-1,1,1,1,-1,1,-1,1,-1,-1,-1,-1,1,0.0091463103890419
1,1,1,1,1,-1,1,-1,1,1,1,1,-1,-1,1,-1,-1,-1,1,-1,0.009000921621918678
1,1,1,1,1,-1,1,1,-1,-1,-1,-1,1,-1,-1,-1,1,-1,1,-1,0.008877706713974476
1,1,1,1,1,-1,1,1,-1,-1,-1,-1,1,1,1,1,1,1,-1,-1,0.009092738851904869
1,1,1,1,1,-1,1,1,-1,-1,-1,1,-1,-1,1,1,-1,-1,-1,-1,0.008551565930247307
1,1,1,1,1,-1,1,1,-1,-1,1,-1,-1,-1,-1,-1,-1,1,-1,1,0.009609953500330448
1,1,1,1,1,-1,1,1,-1,-1,1,-1,-1,1,1,-1,-1,1,-1,-1,0.009166358970105648
1,1,1,1,1,-1,1,1,-1,-1,1,-1,1,-1,1,-1,-1,1,-1,1,0.009132611565291882
1,1,1,1,1,-1,1,1,-1,-1,1,1,-1,-1,-1,1,-1,1,-1,-1,0.009798377752304077
1,1,1,1,1,-1,1,1,-1,-1,1,1,-1,-1,1,-1,1,-1,1,1,0.00885863322764635
1,1,1,1,1,-1,1,1,-1,1,-1,1,-1,-1,1,1,1,-1,-1,-1,0.009566138498485088
1,1,1,1,1,-1,1,1,-1,1,-1,1,1,-1,-1,-1,1,1,1,-1,0.009392933920025826
1,1,1,1,1,-1,1,1,-1,1,1,-1,-1,1,1,1,1,-1,-1,1,0.009487681090831757
1,1,1,1,1,-1,1,1,-1,1,1,-1,1,-1,1,-1,-1,1,1,-1,0.009357360191643238
1,1,1,1,1,-1,1,1,-1,1,1,1,-1,-1,1,1,1,-1,1,-1,0.009667260572314262
1,1,1,1,1,-1,1,1,1,-1,-1,-1,1,-1,-1,-1,1,1,-1,1,0.009284421801567078
1,1,1,1,1,-1,1,1,1,-1,-1,-1,1,-1,1,-1,1,-1,1,-1,0.008497446775436401
1,1,1,1,1,-1,1,1,1,-1,-1,1,-1,-1,-1,1,-1,1,1,-1,0.008574371226131916
1,1,1,1,1,-1,1,1,1,-1,-1,1,1,-1,-1,1,1,-1,-1,-1,0.009039383381605148
1,1,1,1,1,-1,1,1,1,-1,-1,1,1,-1,1,-1,-1,1,1,1,0.0076393866911530495
1,1,1,1,1,-1,1,1,1,-1,1,-1,-1,1,1,1,1,1,-1,1,0.009417178109288216
1,1,1,1,1,-1,1,1,1,-1,1,1,-1,-1,-1,-1,1,-1,-1,-1,0.009776593185961246
1,1,1,1,1,-1,1,1,1,-1,1,1,-1,-1,1,-1,1,1,1,-1,0.009497828781604767
1,1,1,1,1,-1,1,1,1,-1,1,1,-1,1,-1,1,-1,-1,1,1,0.007793231401592493
1,1,1,1,1,-1,1,1,1,-1,1,1,-1,1,-1,1,1,1,1,1,0.008890284225344658
1,1,1,1,1,-1,1,1,1,1,-1,-1,-1,1,-1,1,-1,-1,1,1,0.00782736111432314
1,1,1,1,1,-1,1,1,1,1,-1,-1,-1,1,1,-1,-1,-1,-1,-1,0.008344823494553566
1,1,1,1,1,-1,1,1,1,1,-1,-1,-1,1,1,1,1,1,-1,-1,0.009540803730487823
1,1,1,1,1,-1,1,1,1,1,-1,-1,1,-1,1,1,-1,-1,-1,1,0.00841000396758318
1,1,1,1,1,-1,1,1,1,1,1,-1,1,1,1,1,-1,1,-1,1,0.00885450653731823
1,1,1,1,1,-1,1,1,1,1,1,1,-1,-1,-1,-1,1,-1,-1,-1,0.010127576068043709
1,1,1,1,1,-1,1,1,1,1,1,1,1,-1,-1,1,1,1,1,1,0.009566235356032848
1,1,1,1,1,1,-1,-1,-1,-1,-1,-1,-1,-1,-1,-1,-1,-1,-1,-1,0.009069733321666718
1,1,1,1,1,1,-1,-1,-1,-1,-1,-1,1,-1,1,1,1,-1,-1,1,0.00899619422852993
1,1,1,1,1,1,-1,-1,-1,-1,-1,1,1,-1,-1,1,-1,1,-1,-1,0.009082840755581856
1,1,1,1,1,1,-1,-1,-1,-1,-1,1,1,1,-1,1,-1,-1,-1,-1,0.008074343204498291
1,1,1,1,1,1,-1,-1,-1,-1,-1,1,1,1,1,1,1,1,1,1,0.00810045376420021
1,1,1,1,1,1,-1,-1,-1,-1,1,-1,-1,1,-1,-1,-1,-1,1,1,0.008237105794250965
1,1,1,1,1,1,-1,-1,-1,-1,1,-1,-1,1,1,1,-1,-1,1,-1,0.008467473089694977
1,1,1,1,1,1,-1,-1,-1,-1,1,-1,1,-1,-1,1,1,-1,-1,1,0.009809542447328568
1,1,1,1,1,1,-1,-1,-1,-1,1,-1,1,1,1,1,1,1,1,1,0.00895574502646923
1,1,1,1,1,1,-1,-1,-1,-1,1,1,-1,1,-1,1,1,1,1,-1,0.009522583335638046
1,1,1,1,1,1,-1,-1,-1,1,-1,-1,-1,-1,1,-1,-1,1,1,1,0.008783238008618355
1,1,1,1,1,1,-1,-1,-1,1,-1,-1,-1,1,1,-1,-1,-1,-1,1,0.008259691298007965
1,1,1,1,1,1,-1,-1,-1,1,-1,-1,1,-1,1,1,-1,1,-1,1,0.009117051027715206
1,1,1,1,1,1,-1,-1,-1,1,-1,1,-1,-1,1,-1,1,1,-1,1,0.009662559255957603
1,1,1,1,1,1,-1,-1,-1,1,-1,1,1,1,1,-1,1,-1,-1,-1,0.00876271165907383
1,1,1,1,1,1,-1,-1,-1,1,1,-1,-1,1,-1,-1,1,-1,-1,-1,0.010095344856381416
1,1,1,1,1,1,-1,-1,-1,1,1,-1,-1,1,-1,1,1,-1,-1,1,0.009835557080805302
1,1,1,1,1,1,-1,-1,-1,1,1,-1,-1,1,1,-1,1,1,-1,1,0.009942816570401192
1,1,1,1,1,1,-1,-1,-1,1,1,-1,-1,1,1,1,-1,-1,-1,-1,0.009303407743573189
1,1,1,1,1,1,-1,-1,-1,1,1,-1,1,1,-1,-1,-1,-1,1,-1,0.008696739561855793
1,1,1,1,1,1,-1,-1,-1,1,1,1,-1,1,1,1,1,-1,1,1,0.008854111656546593
1,1,1,1,1,1,-1,-1,-1,1,1,1,1,1,-1,1,1,-1,1,1,0.008831322193145752
1,1,1,1,1,1,-1,-1,1,-1,-1,-1,-1,-1,1,1,1,-1,-1,1,0.009093276225030422
1,1,1,1,1,1,-1,-1,1,-1,-1,1,-1,-1,1,1,-1,1,1,1,0.008108980022370815
1,1,1,1,1,1,-1,-1,1,-1,-1,1,1,1,1,-1,-1,-1,1,-1,0.007110205478966236
1,1,1,1,1,1,-1,-1,1,-1,-1,1,1,1,1,-1,-1,1,-1,-1,0.00802861899137497
1,1,1,1,1,1,-1,-1,1,-1,1,-1,-1,-1,1,-1,1,-1,1,1,0.009095469489693642
1,1,1,1,1,1,-1,-1,1,-1,1,-1,-1,1,-1,1,1,1,1,-1,0.00963881891220808
1,1,1,1,1,1,-1,-1,1,-1,1,-1,-1,1,1,-1,1,-1,1,-1,0.008879151195287704
1,1,1,1,1,1,-1,-1,1,-1,1,-1,-1,1,1,1,-1,-1,1,-1,0.00831449031829834
1,1,1,1,1,1,-1,-1,1,-1,1,-1,1,-1,-1,-1,-1,1,-1,1,0.00932750478386879
1,1,1,1,1,1,-1,-1,1,-1,1,-1,1,-1,1,1,1,1,-1,-1,0.01022146176546812
1,1,1,1,1,1,-1,-1,1,-1,1,-1,1,1,-1,1,-1,1,-1,-1,0.009210115298628807
1,1,1,1,1,1,-1,-1,1,-1,1,1,-1,-1,1,-1,-1,1,-1,-1,0.00943979062139988
1,1,1,1,1,1,-1,-1,1,-1,1,1,-1,1,-1,-1,-1,1,1,1,0.008248366415500641
1,1,1,1,1,1,-1,-1,1,-1,1,1,-1,1,-1,1,1,-1,1,-1,0.008936136029660702
1,1,1,1,1,1,-1,-1,1,-1,1,1,1,1,-1,1,1,-1,-1,-1,0.009171022102236748
1,1,1,1,1,1,-1,-1,1,1,-1,1,-1,1,1,-1,1,-1,1,1,0.008016128093004227
1,1,1,1,1,1,-1,-1,1,1,1,-1,-1,-1,-1,-1,1,-1,1,-1,0.010032444261014462
1,1,1,1,1,1,-1,-1,1,1,1,-1,-1,1,1,1,-1,-1,-1,1,0.008791708387434483
1,1,1,1,1,1,-1,-1,1,1,1,-1,-1,1,1,1,-1,1,-1,1,0.009225171990692616
1,1,1,1,1,1,-1,-1,1,1,1,-1,-1,1,1,1,1,-1,1,1,0.008970347233116627
1,1,1,1,1,1,-1,-1,1,1,1,-1,1,-1,1,-1,1,-1,1,-1,0.009555102325975895
1,1,1,1,1,1,-1,-1,1,1,1,-1,1,1,-1,-1,-1,1,1,1,0.00861850380897522
1,1,1,1,1,1,-1,-1,1,1,1,-1,1,1,1,1,-1,1,1,-1,0.008848871104419231
1,1,1,1,1,1,-1,-1,1,1,1,1,-1,-1,-1,-1,-1,1,-1,1,0.009659335017204285
1,1,1,1,1,1,-1,-1,1,1,1,1,1,1,-1,-1,1,-1,-1,-1,0.00942307710647583
1,1,1,1,1,1,-1,-1,1,1,1,1,1,1,-1,-1,1,1,1,-1,0.009371589869260788
1,1,1,1,1,1,-1,1,-1,-1,-1,-1,-1,-1,1,-1,-1,1,-1,1,0.008668043650686741
1,1,1,1,1,1,-1,1,-1,-1,-1,-1,1,-1,1,1,-1,1,1,1,0.008031954988837242
1,1,1,1,1,1,-1,1,-1,-1,-1,-1,1,1,1,-1,-1,1,-1,-1,0.0082016596570611
1,1,1,1,1,1,-1,1,-1,-1,-1,1,1,-1,1,-1,1,-1,-1,-1,0.008737600408494473
1,1,1,1,1,1,-1,1,-1,-1,-1,1,1,1,1,1,-1,-1,1,1,0.006754239089787006
1,1,1,1,1,1,-1,1,-1,-1,1,-1,-1,1,-1,-1,1,1,1,1,0.00908499676734209
1,1,1,1,1,1,-1,1,-1,-1,1,-1,-1,1,-1,1,1,1,-1,-1,0.01002759113907814
1,1,1,1,1,1,-1,1,-1,-1,1,-1,1,-1,-1,-1,1,-1,1,1,0.00897650234401226
1,1,1,1,1,1,-1,1,-1,-1,1,-1,1,-1,1,1,1,1,-1,-1,0.010125283151865005
1,1,1,1,1,1,-1,1,-1,-1,1,-1,1,1,1,1,1,-1,1,-1,0.00863183569163084
1,1,1,1,1,1,-1,1,-1,-1,1,1,-1,-1,-1,1,1,-1,-1,-1,0.009899942204356194
1,1,1,1,1,1,-1,1,-1,-1,1,1,-1,-1,1,-1,1,-1,-1,1,0.00921502336859703
1,1,1,1,1,1,-1,1,-1,-1,1,1,-1,1,1,-1,1,1,1,-1,0.008947216905653477
1,1,1,1,1,1,-1,1,-1,-1,1,1,1,-1,1,-1,-1,-1,1,1,0.007816417142748833
1,1,1,1,1,1,-1,1,-1,1,-1,-1,-1,-1,-1,1,-1,-1,-1,1,0.008911767974495888
1,1,1,1,1,1,-1,1,-1,1,-1,-1,1,-1,-1,-1,-1,-1,1,-1,0.008436539210379124
1,1,1,1,1,1,-1,1,-1,1,-1,-1,1,-1,1,1,-1,1,1,-1,0.008741654455661774
1,1,1,1,1,1,-1,1,-1,1,-1,-1,1,-1,1,1,-1,1,1,1,0.008382938802242279
1,1,1,1,1,1,-1,1,-1,1,-1,-1,1,1,-1,1,-1,-1,1,-1,0.007960433140397072
1,1,1,1,1,1,-1,1,-1,1,-1,-1,1,1,1,-1,-1,1,1,1,0.007708976976573467
1,1,1,1,1,1,-1,1,-1,1,-1,1,-1,1,-1,1,-1,-1,1,-1,0.00794127956032753
1,1,1,1,1,1,-1,1,-1,1,-1,1,1,-1,-1,1,-1,1,-1,-1,0.009184662252664566
1,1,1,1,1,1,-1,1,-1,1,-1,1,1,1,-1,-1,1,-1,-1,-1,0.00874082650989294
1,1,1,1,1,1,-1,1,-1,1,-1,1,1,1,-1,-1,1,1,1,-1,0.008689338341355324
1,1,1,1,1,1,-1,1,-1,1,-1,1,1,1,1,-1,-1,1,-1,-1,0.008283424191176891
1,1,1,1,1,1,-1,1,-1,1,-1,1,1,1,1,-1,-1,1,1,1,0.007439757697284222
1,1,1,1,1,1,-1,1,-1,1,1,-1,-1,-1,-1,-1,-1,-1,-1,1,0.009398912079632282
1,1,1,1,1,1,-1,1,-1,1,1,-1,1,-1,-1,-1,-1,-1,-1,-1,0.009507562033832073
1,1,1,1,1,1,-1,1,-1,1,1,-1,1,-1,1,1,1,1,-1,1,0.010117551311850548
1,1,1,1,1,1,-1,1,-1,1,1,-1,1,1,-1,-1,-1,1,-1,1,0.00900727603584528
1,1,1,1,1,1,-1,1,-1,1,1,1,1,-1,-1,1,1,1,1,-1,0.009949373081326485
1,1,1,1,1,1,-1,1,-1,1,1,1,1,1,1,1,-1,1,-1,1,0.008609709329903126
1,1,1,1,1,1,-1,1,1,-1,-1,-1,-1,1,-1,1,1,-1,-1,1,0.008496357128024101
1,1,1,1,1,1,-1,1,1,-1,-1,-1,1,1,1,-1,1,-1,-1,-1,0.008278802037239075
1,1,1,1,1,1,-1,1,1,-1,-1,1,-1,-1,1,1,1,1,-1,-1,0.009367073886096478
1,1,1,1,1,1,-1,1,1,-1,-1,1,-1,1,1,-1,-1,-1,-1,1,0.0072373440489172935
1,1,1,1,1,1,-1,1,1,-1,1,-1,-1,1,1,1,1,1,-1,1,0.009288616478443146
1,1,1,1,1,1,-1,1,1,-1,1,-1,1,1,-1,1,-1,1,1,1,0.00811728648841381
1,1,1,1,1,1,-1,1,1,-1,1,-1,1,1,1,1,-1,1,-1,-1,0.008733676746487617
1,1,1,1,1,1,-1,1,1,-1,1,1,-1,-1,-1,1,-1,1,1,1,0.0086731668561697
1,1,1,1,1,1,-1,1,1,-1,1,1,1,1,1,-1,-1,-1,-1,1,0.007573351263999939
1,1,1,1,1,1,-1,1,1,1,-1,-1,1,-1,1,1,1,1,-1,1,0.009378495626151562
1,1,1,1,1,1,-1,1,1,1,-1,1,1,-1,-1,-1,1,1,1,1,0.008752673864364624
1,1,1,1,1,1,-1,1,1,1,1,-1,-1,1,-1,1,-1,-1,1,1,0.008284872397780418
1,1,1,1,1,1,-1,1,1,1,1,-1,1,-1,-1,-1,-1,-1,-1,-1,0.009354579262435436
1,1,1,1,1,1,-1,1,1,1,1,1,-1,1,1,-1,-1,-1,-1,-1,0.0085331154987216
1,1,1,1,1,1,-1,1,1,1,1,1,1,-1,-1,-1,-1,1,-1,-1,0.009518822655081749
1,1,1,1,1,1,1,-1,-1,-1,-1,-1,-1,1,1,-1,-1,1,-1,-1,0.009097442030906677
1,1,1,1,1,1,1,-1,-1,-1,-1,-1,1,-1,-1,-1,-1,1,-1,-1,0.009649686515331268
1,1,1,1,1,1,1,-1,-1,-1,-1,1,1,-1,-1,1,-1,1,1,1,0.008635729551315308
1,1,1,1,1,1,1,-1,-1,-1,-1,1,1,1,-1,-1,1,-1,1,1,0.008191893808543682
1,1,1,1,1,1,1,-1,-1,-1,-1,1,1,1,-1,1,1,-1,-1,-1,0.009134488180279732
1,1,1,1,1,1,1,-1,-1,-1,1,-1,1,-1,-1,-1,-1,-1,1,1,0.008958629332482815
1,1,1,1,1,1,1,-1,-1,-1,1,1,-1,1,1,-1,-1,-1,-1,-1,0.008980832062661648
1,1,1,1,1,1,1,-1,-1,-1,1,1,1,1,-1,-1,1,-1,1,1,0.008777965791523457
1,1,1,1,1,1,1,-1,-1,1,-1,-1,-1,-1,-1,1,-1,-1,-1,1,0.009557484649121761
1,1,1,1,1,1,1,-1,-1,1,-1,-1,-1,1,-1,1,1,-1,-1,1,0.009646040387451649
1,1,1,1,1,1,1,-1,-1,1,-1,-1,-1,1,1,-1,-1,-1,1,-1,0.008530011400580406
1,1,1,1,1,1,1,-1,-1,1,-1,-1,1,-1,1,1,1,-1,-1,1,0.009743732400238514
1,1,1,1,1,1,1,-1,-1,1,-1,-1,1,1,1,-1,1,-1,-1,1,0.009069770574569702
1,1,1,1,1,1,1,-1,-1,1,1,-1,-1,1,-1,1,-1,-1,1,-1,0.009442287497222424
1,1,1,1,1,1,1,-1,-1,1,1,1,-1,-1,-1,1,1,-1,-1,1,0.01053792703896761
1,1,1,1,1,1,1,-1,-1,1,1,1,-1,-1,1,-1,-1,-1,-1,-1,0.009906848892569542
1,1,1,1,1,1,1,-1,-1,1,1,1,-1,1,1,-1,1,1,-1,1,0.010070152580738068
1,1,1,1,1,1,1,-1,-1,1,1,1,-1,1,1,-1,1,1,1,1,0.009585201740264893
1,1,1,1,1,1,1,-1,-1,1,1,1,1,-1,-1,1,-1,1,1,1,0.009572784416377544
1,1,1,1,1,1,1,-1,-1,1,1,1,1,1,1,-1,-1,-1,1,1,0.008238083682954311
1,1,1,1,1,1,1,-1,1,-1,-1,-1,-1,-1,-1,-1,-1,1,1,-1,0.009261817671358585
1,1,1,1,1,1,1,-1,1,-1,-1,-1,1,-1,1,1,-1,-1,-1,-1,0.008934891782701015
1,1,1,1,1,1,1,-1,1,-1,-1,1,-1,1,-1,-1,1,-1,1,1,0.008288975805044174
1,1,1,1,1,1,1,-1,1,-1,1,-1,-1,-1,1,1,-1,-1,1,-1,0.009286078624427319
1,1,1,1,1,1,1,-1,1,-1,1,-1,1,-1,1,1,1,-1,1,1,0.00934088695794344
1,1,1,1,1,1,1,-1,1,-1,1,-1,1,1,-1,1,-1,1,1,1,0.008763003163039684
1,1,1,1,1,1,1,-1,1,-1,1,-1,1,1,1,1,-1,1,1,1,0.008535727858543396
1,1,1,1,1,1,1,-1,1,-1,1,1,-1,-1,1,-1,-1,1,-1,1,0.009477630257606506
1,1,1,1,1,1,1,-1,1,-1,1,1,1,-1,-1,-1,1,1,1,1,0.00963347963988781
1,1,1,1,1,1,1,-1,1,-1,1,1,1,-1,-1,1,1,-1,1,1,0.009298943914473057
1,1,1,1,1,1,1,-1,1,1,-1,-1,-1,1,-1,-1,1,1,1,1,0.009342641569674015
1,1,1,1,1,1,1,-1,1,1,-1,-1,-1,1,-1,1,-1,-1,-1,-1,0.009188182651996613
1,1,1,1,1,1,1,-1,1,1,-1,-1,-1,1,1,-1,1,-1,1,-1,0.009040617384016514
1,1,1,1,1,1,1,-1,1,1,-1,-1,1,1,-1,-1,-1,-1,-1,-1,0.008839190006256104
1,1,1,1,1,1,1,-1,1,1,-1,-1,1,1,-1,1,-1,1,1,1,0.008527914062142372
1,1,1,1,1,1,1,-1,1,1,-1,1,1,-1,-1,-1,1,-1,-1,-1,0.009808593429625034
1,1,1,1,1,1,1,-1,1,1,-1,1,1,1,1,-1,1,-1,1,-1,0.008521332405507565
1,1,1,1,1,1,1,-1,1,1,-1,1,1,1,1,1,-1,1,1,1,0.008031419478356838
1,1,1,1,1,1,1,-1,1,1,1,-1,1,-1,-1,1,1,-1,-1,-1,0.010762812569737434
1,1,1,1,1,1,1,-1,1,1,1,1,-1,-1,1,-1,-1,1,-1,1,0.009828613139688969
1,1,1,1,1,1,1,-1,1,1,1,1,-1,-1,1,1,-1,1,-1,1,0.009927541948854923
1,1,1,1,1,1,1,-1,1,1,1,1,-1,1,-1,-1,-1,-1,1,-1,0.008921157568693161
1,1,1,1,1,1,1,-1,1,1,1,1,-1,1,-1,1,-1,-1,1,-1,0.009020085446536541
1,1,1,1,1,1,1,-1,1,1,1,1,1,-1,1,1,1,-1,1,-1,0.00978136621415615
1,1,1,1,1,1,1,1,-1,-1,-1,-1,-1,-1,1,1,-1,-1,-1,1,0.00873006321489811
1,1,1,1,1,1,1,1,-1,-1,-1,-1,1,-1,-1,-1,-1,-1,-1,-1,0.008967061527073383
1,1,1,1,1,1,1,1,-1,-1,-1,-1,1,1,-1,-1,-1,1,1,-1,0.00834054034203291
1,1,1,1,1,1,1,1,-1,-1,-1,-1,1,1,1,1,1,-1,1,1,0.008083602413535118
1,1,1,1,1,1,1,1,-1,-1,-1,1,-1,-1,-1,1,1,1,1,-1,0.009658938273787498
1,1,1,1,1,1,1,1,-1,-1,-1,1,1,-1,-1,1,-1,-1,1,1,0.007953104563057423
1,1,1,1,1,1,1,1,-1,-1,1,-1,-1,-1,1,-1,-1,-1,-1,-1,0.009575923904776573
1,1,1,1,1,1,1,1,-1,-1,1,-1,1,1,-1,1,1,1,-1,1,0.009815365076065063
1,1,1,1,1,1,1,1,-1,-1,1,1,-1,1,1,1,1,1,-1,1,0.009568935260176659
1,1,1,1,1,1,1,1,-1,-1,1,1,1,-1,-1,1,-1,-1,1,-1,0.008897892199456692
1,1,1,1,1,1,1,1,-1,1,-1,-1,-1,1,1,-1,1,-1,-1,-1,0.009429389610886574
1,1,1,1,1,1,1,1,-1,1,-1,-1,1,-1,-1,-1,-1,-1,1,1,0.00847437884658575
1,1,1,1,1,1,1,1,-1,1,-1,-1,1,-1,1,1,1,1,-1,-1,0.010286749340593815
1,1,1,1,1,1,1,1,-1,1,-1,1,-1,-1,-1,-1,-1,-1,-1,-1,0.009298890829086304
1,1,1,1,1,1,1,1,-1,1,-1,1,-1,1,-1,-1,-1,-1,1,-1,0.008238906972110271
1,1,1,1,1,1,1,1,-1,1,-1,1,1,-1,-1,-1,-1,-1,1,-1,0.008563875220716
1,1,1,1,1,1,1,1,-1,1,1,1,1,-1,-1,-1,1,1,1,-1,0.010246999561786652
1,1,1,1,1,1,1,1,1,-1,-1,-1,-1,-1,1,-1,1,1,1,-1,0.00944896973669529
1,1,1,1,1,1,1,1,1,-1,-1,-1,1,1,-1,-1,-1,-1,-1,-1,0.008239044807851315
1,1,1,1,1,1,1,1,1,-1,-1,1,-1,-1,-1,-1,1,-1,1,-1,0.008973563089966774
1,1,1,1,1,1,1,1,1,-1,-1,1,-1,-1,-1,-1,1,-1,1,1,0.00861484743654728
1,1,1,1,1,1,1,1,1,-1,1,-1,-1,-1,1,-1,-1,-1,-1,1,0.009064224548637867
1,1,1,1,1,1,1,1,1,-1,1,1,-1,-1,-1,-1,1,-1,-1,-1,0.010044586844742298
1,1,1,1,1,1,1,1,1,-1,1,1,1,-1,-1,-1,1,-1,1,1,0.008950854651629925
1,1,1,1,1,1,1,1,1,-1,1,1,1,1,-1,1,-1,1,1,1,0.008244622498750687
1,1,1,1,1,1,1,1,1,1,-1,-1,1,-1,-1,-1,1,1,1,-1,0.009777163155376911
1,1,1,1,1,1,1,1,1,1,-1,-1,1,-1,-1,1,-1,-1,1,-1,0.008779038675129414
1,1,1,1,1,1,1,1,1,1,-1,-1,1,-1,1,-1,-1,-1,-1,1,0.008579069748520851
1,1,1,1,1,1,1,1,1,1,-1,1,-1,-1,-1,1,1,-1,-1,-1,0.009908425621688366
1,1,1,1,1,1,1,1,1,1,-1,1,-1,-1,1,-1,1,1,1,-1,0.009530733339488506
1,1,1,1,1,1,1,1,1,1,-1,1,1,-1,-1,-1,-1,1,1,1,0.008485639467835426
1,1,1,1,1,1,1,1,1,1,-1,1,1,-1,-1,-1,1,-1,1,-1,0.009074481204152107
1,1,1,1,1,1,1,1,1,1,-1,1,1,-1,-1,1,1,1,1,-1,0.009606871753931046
1,1,1,1,1,1,1,1,1,1,1,-1,-1,-1,1,-1,-1,1,-1,-1,0.010207386687397957
1,1,1,1,1,1,1,1,1,1,1,-1,-1,1,1,1,1,1,1,1,0.009551203809678555
1,1,1,1,1,1,1,1,1,1,1,-1,1,-1,1,1,-1,1,-1,-1,0.010056248866021633
1,1,1,1,1,1,1,1,1,1,1,-1,1,1,1,-1,-1,-1,1,1,0.008105157874524593
1,1,1,1,1,1,1,1,1,1,1,-1,1,1,1,1,1,1,1,-1,0.009659853763878345
1,1,1,1,1,1,1,1,1,1,1,1,-1,-1,1,-1,-1,-1,-1,1,0.009145988151431084
1,1,1,1,1,1,1,1,1,1,1,1,1,-1,-1,-1,1,-1,-1,-1,0.010145504027605057
