0,1,2,3,4,6,7,8,9,10,11,13,14,15,16,17,18,19,activation
-1,-1,-1,-1,-1,-1,-1,-1,-1,-1,-1,-1,-1,1,-1,1,-1,-1,0.008526276797056198
-1,-1,-1,-1,-1,-1,-1,-1,-1,-1,-1,1,1,-1,1,1,-1,1,0.009103897027671337
-1,-1,-1,-1,-1,-1,-1,-1,-1,-1,1,1,-1,-1,-1,1,1,-1,0.008215218782424927
-1,-1,-1,-1,-1,-1,-1,-1,-1,-1,1,1,1,1,1,-1,-1,-1,0.00928343553096056
-1,-1,-1,-1,-1,-1,-1,-1,-1,1,-1,-1,-1,1,1,-1,1,1,0.008986329659819603
-1,-1,-1,-1,-1,-1,-1,-1,-1,1,-1,-1,1,1,-1,-1,1,1,0.009183390997350216
-1,-1,-1,-1,-1,-1,-1,-1,-1,1,1,-1,-1,-1,1,-1,1,-1,0.008873898535966873
-1,-1,-1,-1,-1,-1,-1,-1,-1,1,1,-1,-1,1,1,1,-1,-1,0.007944177836179733
-1,-1,-1,-1,-1,-1,-1,-1,-1,1,1,-1,1,-1,-1,-1,1,-1,0.009076898917555809
-1,-1,-1,-1,-1,-1,-1,-1,-1,1,1,-1,1,-1,1,-1,1,-1,0.009280404075980186
-1,-1,-1,-1,-1,-1,-1,-1,-1,1,1,-1,1,1,-1,1,1,-1,0.008185255341231823
-1,-1,-1,-1,-1,-1,-1,-1,-1,1,1,-1,1,1,1,1,-1,1,0.008626099675893784
-1,-1,-1,-1,-1,-1,-1,-1,-1,1,1,1,1,1,1,1,-1,-1,0.007817425765097141
-1,-1,-1,-1,-1,-1,-1,-1,1,-1,-1,-1,-1,-1,1,-1,-1,1,0.009991769678890705
-1,-1,-1,-1,-1,-1,-1,-1,1,-1,1,-1,-1,-1,-1,1,1,1,0.00911550223827362
-1,-1,-1,-1,-1,-1,-1,-1,1,-1,1,-1,-1,-1,1,1,1,1,0.009309750981628895
-1,-1,-1,-1,-1,-1,-1,-1,1,-1,1,-1,1,-1,-1,1,1,1,0.009506812319159508
-1,-1,-1,-1,-1,-1,-1,-1,1,-1,1,1,-1,-1,-1,-1,-1,-1,0.008935640566051006
-1,-1,-1,-1,-1,-1,-1,-1,1,-1,1,1,-1,-1,1,-1,1,-1,0.009173906408250332
-1,-1,-1,-1,-1,-1,-1,-1,1,-1,1,1,-1,-1,1,-1,1,1,0.009473775513470173
-1,-1,-1,-1,-1,-1,-1,-1,1,-1,1,1,1,-1,-1,1,-1,1,0.008944733068346977
-1,-1,-1,-1,-1,-1,-1,-1,1,-1,1,1,1,-1,1,-1,1,1,0.009871024638414383
-1,-1,-1,-1,-1,-1,-1,-1,1,-1,1,1,1,1,1,-1,1,-1,0.00938867125660181
-1,-1,-1,-1,-1,-1,-1,-1,1,1,-1,1,-1,1,-1,-1,-1,-1,0.007970217615365982
-1,-1,-1,-1,-1,-1,-1,-1,1,1,1,-1,1,-1,-1,-1,-1,-1,0.00910169817507267
-1,-1,-1,-1,-1,-1,-1,-1,1,1,1,-1,1,1,-1,-1,1,1,0.009227733127772808
-1,-1,-1,-1,-1,-1,-1,-1,1,1,1,1,-1,-1,-1,1,-1,-1,0.007475569378584623
-1,-1,-1,-1,-1,-1,-1,-1,1,1,1,1,-1,-1,-1,1,1,1,0.007800942752510309
-1,-1,-1,-1,-1,-1,-1,-1,1,1,1,1,-1,1,1,1,-1,-1,0.007462881971150637
-1,-1,-1,-1,-1,-1,-1,-1,1,1,1,1,1,1,1,1,-1,-1,0.007878643460571766
-1,-1,-1,-1,-1,-1,-1,1,-1,-1,-1,-1,1,-1,-1,1,1,1,0.009529873728752136
-1,-1,-1,-1,-1,-1,-1,1,-1,-1,-1,-1,1,1,-1,-1,-1,-1,0.009676333516836166
-1,-1,-1,-1,-1,-1,-1,1,-1,-1,-1,1,-1,-1,-1,-1,-1,1,0.009234120137989521
-1,-1,-1,-1,-1,-1,-1,1,-1,-1,-1,1,-1,-1,1,-1,1,-1,0.00920028518885374
-1,-1,-1,-1,-1,-1,-1,1,-1,-1,-1,1,1,-1,1,-1,1,-1,0.009606790728867054
-1,-1,-1,-1,-1,-1,-1,1,-1,-1,1,-1,1,1,1,-1,-1,1,0.010162831284105778
-1,-1,-1,-1,-1,-1,-1,1,-1,-1,1,1,-1,1,1,-1,-1,-1,0.008923199027776718
-1,-1,-1,-1,-1,-1,-1,1,-1,1,-1,-1,1,1,1,-1,1,1,0.009442421607673168
-1,-1,-1,-1,-1,-1,-1,1,-1,1,-1,1,-1,-1,1,1,-1,-1,0.007690258324146271
-1,-1,-1,-1,-1,-1,-1,1,-1,1,-1,1,1,1,-1,-1,-1,1,0.008676838129758835
-1,-1,-1,-1,-1,-1,-1,1,-1,1,1,1,-1,-1,1,-1,-1,-1,0.008358089253306389
-1,-1,-1,-1,-1,-1,-1,1,-1,1,1,1,1,-1,1,-1,-1,1,0.00905852485448122
-1,-1,-1,-1,-1,-1,-1,1,1,-1,-1,-1,-1,-1,-1,-1,-1,1,0.0098345335572958
-1,-1,-1,-1,-1,-1,-1,1,1,-1,-1,-1,1,-1,1,1,-1,1,0.009753897786140442
-1,-1,-1,-1,-1,-1,-1,1,1,-1,-1,-1,1,1,-1,-1,-1,-1,0.009737551212310791
-1,-1,-1,-1,-1,-1,-1,1,1,-1,-1,1,1,-1,1,-1,-1,1,0.009911286644637585
-1,-1,-1,-1,-1,-1,-1,1,1,-1,1,-1,-1,1,1,-1,-1,1,0.00981160532683134
-1,-1,-1,-1,-1,-1,-1,1,1,-1,1,-1,1,1,1,1,-1,-1,0.00922427698969841
-1,-1,-1,-1,-1,-1,-1,1,1,-1,1,1,-1,1,1,1,1,-1,0.008328531868755817
-1,-1,-1,-1,-1,-1,-1,1,1,-1,1,1,1,-1,1,1,1,1,0.00923258624970913
-1,-1,-1,-1,-1,-1,-1,1,1,1,-1,-1,1,-1,-1,-1,1,-1,0.009231653064489365
-1,-1,-1,-1,-1,-1,-1,1,1,1,1,-1,-1,-1,1,-1,1,-1,0.009005838073790073
-1,-1,-1,-1,-1,-1,-1,1,1,1,1,-1,1,-1,1,-1,-1,1,0.009643743745982647
-1,-1,-1,-1,-1,-1,1,-1,-1,-1,-1,-1,1,-1,1,1,1,1,0.010380972176790237
-1,-1,-1,-1,-1,-1,1,-1,-1,-1,-1,1,-1,-1,1,-1,1,1,0.010144430212676525
-1,-1,-1,-1,-1,-1,1,-1,-1,-1,-1,1,1,-1,1,-1,-1,-1,0.010207048617303371
-1,-1,-1,-1,-1,-1,1,-1,-1,-1,1,-1,-1,-1,1,-1,-1,-1,0.010310985147953033
-1,-1,-1,-1,-1,-1,1,-1,-1,-1,1,1,-1,-1,-1,1,-1,-1,0.008883576840162277
-1,-1,-1,-1,-1,-1,1,-1,-1,-1,1,1,-1,-1,1,-1,-1,1,0.010077597573399544
-1,-1,-1,-1,-1,-1,1,-1,-1,1,-1,-1,-1,-1,-1,1,-1,-1,0.008658346720039845
-1,-1,-1,-1,-1,-1,1,-1,-1,1,-1,-1,-1,-1,1,1,1,1,0.009196481667459011
-1,-1,-1,-1,-1,-1,1,-1,-1,1,-1,-1,-1,1,-1,1,-1,-1,0.00846660602837801
-1,-1,-1,-1,-1,-1,1,-1,-1,1,-1,-1,-1,1,1,-1,-1,-1,0.009348880499601364
-1,-1,-1,-1,-1,-1,1,-1,-1,1,1,-1,-1,1,1,1,-1,-1,0.008647295646369457
-1,-1,-1,-1,-1,-1,1,-1,-1,1,1,-1,1,-1,-1,-1,1,1,0.010085825808346272
-1,-1,-1,-1,-1,-1,1,-1,-1,1,1,-1,1,-1,1,-1,-1,-1,0.009945444762706757
-1,-1,-1,-1,-1,-1,1,-1,-1,1,1,-1,1,-1,1,-1,-1,1,0.010239374823868275
-1,-1,-1,-1,-1,-1,1,-1,-1,1,1,1,1,1,1,-1,1,-1,0.009249269030988216
-1,-1,-1,-1,-1,-1,1,-1,1,-1,1,-1,-1,-1,1,-1,1,1,0.010706833563745022
-1,-1,-1,-1,-1,-1,1,-1,1,-1,1,-1,-1,1,-1,1,-1,1,0.009552473202347755
-1,-1,-1,-1,-1,-1,1,-1,1,-1,1,-1,1,1,1,1,-1,1,0.010162482969462872
-1,-1,-1,-1,-1,-1,1,-1,1,-1,1,-1,1,1,1,1,1,-1,0.009925143793225288
-1,-1,-1,-1,-1,-1,1,-1,1,1,-1,-1,-1,-1,1,1,-1,-1,0.008923070505261421
-1,-1,-1,-1,-1,-1,1,-1,1,1,-1,-1,-1,1,-1,1,-1,-1,0.008512629196047783
-1,-1,-1,-1,-1,-1,1,-1,1,1,-1,-1,-1,1,-1,1,1,-1,0.008565902709960938
-1,-1,-1,-1,-1,-1,1,-1,1,1,-1,-1,-1,1,1,-1,-1,-1,0.009416037239134312
-1,-1,-1,-1,-1,-1,1,-1,1,1,-1,-1,1,1,1,-1,1,1,0.010160489939153194
-1,-1,-1,-1,-1,-1,1,-1,1,1,-1,1,-1,-1,-1,1,1,1,0.008520938456058502
-1,-1,-1,-1,-1,-1,1,-1,1,1,-1,1,-1,1,-1,1,-1,-1,0.007979372516274452
-1,-1,-1,-1,-1,-1,1,-1,1,1,-1,1,1,1,1,-1,1,1,0.00961797684431076
-1,-1,-1,-1,-1,-1,1,-1,1,1,-1,1,1,1,1,1,1,-1,0.008639338426291943
-1,-1,-1,-1,-1,-1,1,-1,1,1,1,-1,-1,1,1,-1,-1,-1,0.009393221698701382
-1,-1,-1,-1,-1,-1,1,1,-1,-1,-1,-1,-1,-1,-1,-1,1,-1,0.010229838080704212
-1,-1,-1,-1,-1,-1,1,1,-1,-1,-1,1,-1,-1,1,-1,-1,1,0.0101500004529953
-1,-1,-1,-1,-1,-1,1,1,-1,-1,-1,1,1,-1,-1,1,1,-1,0.009409122169017792
-1,-1,-1,-1,-1,-1,1,1,-1,-1,-1,1,1,1,-1,1,1,-1,0.009202186949551105
-1,-1,-1,-1,-1,-1,1,1,-1,-1,-1,1,1,1,1,-1,1,-1,0.010102974250912666
-1,-1,-1,-1,-1,-1,1,1,-1,-1,1,-1,-1,-1,1,1,-1,1,0.00995722133666277
-1,-1,-1,-1,-1,-1,1,1,-1,-1,1,-1,-1,1,1,1,-1,1,0.009756224229931831
-1,-1,-1,-1,-1,-1,1,1,-1,-1,1,-1,1,-1,1,1,1,1,0.01040774304419756
-1,-1,-1,-1,-1,-1,1,1,-1,-1,1,-1,1,1,1,-1,-1,1,0.010860010981559753
-1,-1,-1,-1,-1,-1,1,1,-1,-1,1,1,-1,-1,-1,-1,1,-1,0.009683022275567055
-1,-1,-1,-1,-1,-1,1,1,-1,-1,1,1,-1,-1,1,1,-1,-1,0.009148546494543552
-1,-1,-1,-1,-1,-1,1,1,-1,-1,1,1,1,1,-1,1,-1,1,0.009429285302758217
-1,-1,-1,-1,-1,-1,1,1,-1,1,-1,-1,-1,-1,-1,1,-1,-1,0.008719811215996742
-1,-1,-1,-1,-1,-1,1,1,-1,1,-1,-1,-1,-1,1,-1,1,1,0.009951910004019737
-1,-1,-1,-1,-1,-1,1,1,-1,1,-1,-1,1,-1,1,-1,1,-1,0.010067802853882313
-1,-1,-1,-1,-1,-1,1,1,-1,1,-1,1,1,-1,-1,-1,1,1,0.009621653705835342
-1,-1,-1,-1,-1,-1,1,1,-1,1,-1,1,1,1,-1,-1,-1,-1,0.009080087766051292
-1,-1,-1,-1,-1,-1,1,1,-1,1,-1,1,1,1,-1,-1,1,-1,0.009133361279964447
-1,-1,-1,-1,-1,-1,1,1,-1,1,1,-1,-1,-1,-1,1,-1,1,0.008981670252978802
-1,-1,-1,-1,-1,-1,1,1,-1,1,1,1,-1,-1,-1,-1,-1,1,0.0091423774138093
-1,-1,-1,-1,-1,-1,1,1,-1,1,1,1,-1,1,1,1,-1,1,0.008444982580840588
-1,-1,-1,-1,-1,-1,1,1,1,-1,-1,-1,-1,1,-1,-1,-1,-1,0.010043421760201454
-1,-1,-1,-1,-1,-1,1,1,1,-1,-1,-1,-1,1,1,1,1,-1,0.009596980176866055
-1,-1,-1,-1,-1,-1,1,1,1,-1,-1,1,1,1,-1,1,-1,1,0.009519257582724094
-1,-1,-1,-1,-1,-1,1,1,1,-1,-1,1,1,1,1,-1,-1,-1,0.010126113891601562
-1,-1,-1,-1,-1,-1,1,1,1,-1,-1,1,1,1,1,1,-1,-1,0.009416954591870308
-1,-1,-1,-1,-1,-1,1,1,1,-1,1,-1,1,1,-1,1,1,-1,0.009773846715688705
-1,-1,-1,-1,-1,-1,1,1,1,-1,1,-1,1,1,1,1,-1,-1,0.009927395731210709
-1,-1,-1,-1,-1,-1,1,1,1,-1,1,1,-1,-1,1,-1,-1,-1,0.00990372896194458
-1,-1,-1,-1,-1,-1,1,1,1,-1,1,1,-1,-1,1,-1,1,-1,0.009932550601661205
-1,-1,-1,-1,-1,-1,1,1,1,-1,1,1,-1,1,1,-1,-1,1,0.009981467388570309
-1,-1,-1,-1,-1,-1,1,1,1,-1,1,1,1,-1,1,1,1,1,0.009950900450348854
-1,-1,-1,-1,-1,-1,1,1,1,-1,1,1,1,1,-1,-1,1,-1,0.00992861483246088
-1,-1,-1,-1,-1,-1,1,1,1,1,-1,-1,-1,1,-1,-1,1,1,0.009606005623936653
-1,-1,-1,-1,-1,-1,1,1,1,1,-1,-1,1,-1,1,-1,1,1,0.010419633239507675
-1,-1,-1,-1,-1,-1,1,1,1,1,-1,1,-1,1,-1,1,-1,1,0.008325510658323765
-1,-1,-1,-1,-1,-1,1,1,1,1,-1,1,-1,1,1,1,-1,-1,0.008244341239333153
-1,-1,-1,-1,-1,-1,1,1,1,1,1,-1,-1,1,1,1,1,1,0.00909866951406002
-1,-1,-1,-1,-1,-1,1,1,1,1,1,-1,1,1,-1,-1,-1,-1,0.009661003947257996
-1,-1,-1,-1,-1,1,-1,-1,-1,-1,-1,-1,-1,-1,-1,1,-1,1,0.009185899049043655
-1,-1,-1,-1,-1,1,-1,-1,-1,-1,-1,-1,-1,-1,1,-1,-1,1,0.010092624463140965
-1,-1,-1,-1,-1,1,-1,-1,-1,-1,-1,-1,-1,1,-1,-1,-1,-1,0.009382314048707485
-1,-1,-1,-1,-1,1,-1,-1,-1,-1,-1,-1,1,1,1,-1,1,1,0.010326954536139965
-1,-1,-1,-1,-1,1,-1,-1,-1,-1,-1,1,1,-1,-1,-1,-1,-1,0.009465815499424934
-1,-1,-1,-1,-1,1,-1,-1,-1,-1,1,-1,-1,1,1,-1,-1,-1,0.009566321969032288
-1,-1,-1,-1,-1,1,-1,-1,-1,-1,1,1,-1,-1,1,1,1,-1,0.008580796420574188
-1,-1,-1,-1,-1,1,-1,-1,-1,-1,1,1,1,-1,-1,-1,1,-1,0.009492956101894379
-1,-1,-1,-1,-1,1,-1,-1,-1,-1,1,1,1,-1,1,-1,1,-1,0.009687204845249653
-1,-1,-1,-1,-1,1,-1,-1,-1,-1,1,1,1,1,1,-1,1,1,0.009780138731002808
-1,-1,-1,-1,-1,1,-1,-1,-1,1,-1,1,1,-1,-1,-1,1,-1,0.008737786673009396
-1,-1,-1,-1,-1,1,-1,-1,-1,1,-1,1,1,-1,1,1,1,-1,0.008238071575760841
-1,-1,-1,-1,-1,1,-1,-1,-1,1,1,-1,-1,-1,-1,1,1,-1,0.00814775936305523
-1,-1,-1,-1,-1,1,-1,-1,-1,1,1,-1,1,-1,-1,-1,-1,-1,0.009207180701196194
-1,-1,-1,-1,-1,1,-1,-1,-1,1,1,-1,1,-1,1,-1,-1,1,0.009698329493403435
-1,-1,-1,-1,-1,1,-1,-1,-1,1,1,1,1,-1,-1,1,1,-1,0.008021007291972637
-1,-1,-1,-1,-1,1,-1,-1,-1,1,1,1,1,1,1,-1,-1,-1,0.008673462085425854
-1,-1,-1,-1,-1,1,-1,-1,1,-1,-1,1,-1,-1,1,-1,1,-1,0.009373989887535572
-1,-1,-1,-1,-1,1,-1,-1,1,-1,-1,1,-1,1,-1,-1,1,-1,0.008957610465586185
-1,-1,-1,-1,-1,1,-1,-1,1,-1,-1,1,1,-1,-1,1,1,1,0.009173639118671417
-1,-1,-1,-1,-1,1,-1,-1,1,-1,-1,1,1,1,1,-1,1,-1,0.009567620232701302
-1,-1,-1,-1,-1,1,-1,-1,1,-1,1,-1,-1,-1,1,-1,1,1,0.010175044648349285
-1,-1,-1,-1,-1,1,-1,-1,1,-1,1,-1,-1,-1,1,1,-1,-1,0.009131254628300667
-1,-1,-1,-1,-1,1,-1,-1,1,-1,1,-1,1,-1,1,-1,-1,-1,0.010240980423986912
-1,-1,-1,-1,-1,1,-1,-1,1,-1,1,1,1,1,1,-1,1,-1,0.009541487321257591
-1,-1,-1,-1,-1,1,-1,-1,1,1,-1,-1,-1,1,-1,1,-1,-1,0.007980840280652046
-1,-1,-1,-1,-1,1,-1,-1,1,1,-1,-1,1,-1,-1,-1,1,-1,0.009332261979579926
-1,-1,-1,-1,-1,1,-1,-1,1,1,-1,-1,1,1,1,1,1,-1,0.008634867146611214
-1,-1,-1,-1,-1,1,-1,-1,1,1,-1,1,1,-1,1,1,1,-1,0.008308546617627144
-1,-1,-1,-1,-1,1,-1,-1,1,1,1,1,-1,1,1,1,1,-1,0.007678228430449963
-1,-1,-1,-1,-1,1,-1,-1,1,1,1,1,1,-1,1,-1,1,-1,0.008976376615464687
-1,-1,-1,-1,-1,1,-1,-1,1,1,1,1,1,-1,1,1,1,1,0.008576343767344952
-1,-1,-1,-1,-1,1,-1,1,-1,-1,-1,1,1,-1,-1,-1,1,-1,0.00956204067915678
-1,-1,-1,-1,-1,1,-1,1,-1,-1,-1,1,1,-1,1,-1,-1,-1,0.009724847041070461
-1,-1,-1,-1,-1,1,-1,1,-1,-1,-1,1,1,1,1,-1,1,1,0.009843284264206886
-1,-1,-1,-1,-1,1,-1,1,-1,-1,1,-1,-1,-1,1,1,-1,1,0.009431370534002781
-1,-1,-1,-1,-1,1,-1,1,-1,-1,1,1,-1,-1,-1,-1,-1,1,0.009388572536408901
-1,-1,-1,-1,-1,1,-1,1,-1,-1,1,1,-1,-1,1,1,1,1,0.008942130953073502
-1,-1,-1,-1,-1,1,-1,1,-1,1,-1,-1,-1,-1,-1,-1,-1,-1,0.008866790682077408
-1,-1,-1,-1,-1,1,-1,1,-1,1,-1,-1,-1,-1,-1,-1,-1,1,0.009163342416286469
-1,-1,-1,-1,-1,1,-1,1,-1,1,-1,-1,-1,1,-1,-1,-1,-1,0.008659854531288147
-1,-1,-1,-1,-1,1,-1,1,-1,1,-1,-1,1,1,-1,-1,1,1,0.009416185319423676
-1,-1,-1,-1,-1,1,-1,1,-1,1,-1,1,-1,-1,-1,-1,-1,-1,0.008348729461431503
-1,-1,-1,-1,-1,1,-1,1,-1,1,-1,1,-1,1,1,1,1,-1,0.007686094846576452
-1,-1,-1,-1,-1,1,-1,1,-1,1,-1,1,1,-1,-1,-1,-1,-1,0.008740038610994816
-1,-1,-1,-1,-1,1,-1,1,-1,1,-1,1,1,-1,1,1,1,-1,0.008299536071717739
-1,-1,-1,-1,-1,1,-1,1,-1,1,-1,1,1,1,1,-1,-1,1,0.009042416699230671
-1,-1,-1,-1,-1,1,-1,1,-1,1,1,1,-1,-1,-1,1,1,1,0.007960640825331211
-1,-1,-1,-1,-1,1,-1,1,-1,1,1,1,1,-1,-1,1,-1,-1,0.008038454689085484
-1,-1,-1,-1,-1,1,-1,1,1,-1,-1,-1,-1,-1,-1,-1,1,-1,0.009759267792105675
-1,-1,-1,-1,-1,1,-1,1,1,-1,-1,-1,-1,-1,1,-1,1,-1,0.009947577491402626
-1,-1,-1,-1,-1,1,-1,1,1,-1,-1,-1,1,-1,1,-1,-1,1,0.010615873150527477
-1,-1,-1,-1,-1,1,-1,1,1,-1,-1,-1,1,-1,1,-1,1,-1,0.010360021144151688
-1,-1,-1,-1,-1,1,-1,1,1,-1,-1,1,-1,1,1,-1,-1,-1,0.00917856302112341
-1,-1,-1,-1,-1,1,-1,1,1,-1,-1,1,1,1,1,-1,-1,-1,0.009569872170686722
-1,-1,-1,-1,-1,1,-1,1,1,-1,-1,1,1,1,1,-1,-1,1,0.009869742207229137
-1,-1,-1,-1,-1,1,-1,1,1,-1,1,-1,1,-1,1,1,1,1,0.009937172755599022
-1,-1,-1,-1,-1,1,-1,1,1,-1,1,1,1,-1,-1,-1,-1,1,0.009847039356827736
-1,-1,-1,-1,-1,1,-1,1,1,-1,1,1,1,1,-1,-1,-1,-1,0.009352808818221092
-1,-1,-1,-1,-1,1,-1,1,1,-1,1,1,1,1,-1,1,1,-1,0.008708800189197063
-1,-1,-1,-1,-1,1,-1,1,1,-1,1,1,1,1,-1,1,1,1,0.008990156464278698
-1,-1,-1,-1,-1,1,-1,1,1,1,-1,-1,-1,-1,-1,1,-1,-1,0.008243301883339882
-1,-1,-1,-1,-1,1,-1,1,1,1,-1,-1,-1,1,-1,1,-1,1,0.008326978422701359
-1,-1,-1,-1,-1,1,-1,1,1,1,-1,-1,-1,1,-1,1,1,1,0.00836767815053463
-1,-1,-1,-1,-1,1,-1,1,1,1,-1,-1,1,1,-1,-1,1,-1,0.00917753390967846
-1,-1,-1,-1,-1,1,-1,1,1,1,-1,1,1,-1,1,-1,1,-1,0.009054717607796192
-1,-1,-1,-1,-1,1,-1,1,1,1,-1,1,1,1,1,-1,1,-1,0.008847782388329506
-1,-1,-1,-1,-1,1,-1,1,1,1,1,1,-1,-1,-1,1,1,1,0.00802185945212841
-1,-1,-1,-1,-1,1,1,-1,-1,-1,-1,-1,1,-1,-1,1,1,-1,0.010042987763881683
-1,-1,-1,-1,-1,1,1,-1,-1,-1,-1,1,-1,-1,1,-1,-1,1,0.010247291065752506
-1,-1,-1,-1,-1,1,1,-1,-1,-1,-1,1,1,1,-1,-1,1,-1,0.010011955164372921
-1,-1,-1,-1,-1,1,1,-1,-1,-1,1,-1,-1,1,-1,-1,1,-1,0.010106634348630905
-1,-1,-1,-1,-1,1,1,-1,-1,-1,1,-1,-1,1,1,-1,1,-1,0.010319395922124386
-1,-1,-1,-1,-1,1,1,-1,-1,-1,1,-1,1,1,1,1,-1,1,0.010275563690811396
-1,-1,-1,-1,-1,1,1,-1,-1,-1,1,1,1,-1,1,1,1,-1,0.0096904207020998
-1,-1,-1,-1,-1,1,1,-1,-1,1,-1,-1,1,1,-1,1,-1,-1,0.009019989520311356
-1,-1,-1,-1,-1,1,1,-1,-1,1,-1,1,-1,-1,-1,-1,-1,1,0.009277678094804287
-1,-1,-1,-1,-1,1,1,-1,-1,1,-1,1,1,-1,1,1,1,-1,0.008947128430008888
-1,-1,-1,-1,-1,1,1,-1,-1,1,1,-1,-1,1,-1,-1,-1,1,0.00959044136106968
-1,-1,-1,-1,-1,1,1,-1,-1,1,1,-1,1,-1,1,-1,-1,-1,0.010116773657500744
-1,-1,-1,-1,-1,1,1,-1,-1,1,1,-1,1,-1,1,-1,1,-1,0.010160790756344795
-1,-1,-1,-1,-1,1,1,-1,-1,1,1,1,-1,-1,-1,-1,-1,1,0.009248924441635609
-1,-1,-1,-1,-1,1,1,-1,-1,1,1,1,-1,1,1,-1,1,1,0.009289510548114777
-1,-1,-1,-1,-1,1,1,-1,-1,1,1,1,1,-1,1,1,-1,-1,0.008874357677996159
-1,-1,-1,-1,-1,1,1,-1,-1,1,1,1,1,1,1,-1,1,-1,0.009420598857104778
-1,-1,-1,-1,-1,1,1,-1,1,-1,-1,-1,-1,-1,-1,-1,1,1,0.010691534727811813
-1,-1,-1,-1,-1,1,1,-1,1,-1,-1,-1,-1,1,1,-1,-1,1,0.010640769265592098
-1,-1,-1,-1,-1,1,1,-1,1,-1,-1,-1,1,1,-1,-1,-1,-1,0.010562412440776825
-1,-1,-1,-1,-1,1,1,-1,1,-1,-1,-1,1,1,1,-1,-1,1,0.011050592176616192
-1,-1,-1,-1,-1,1,1,-1,1,-1,-1,1,-1,-1,-1,-1,-1,1,0.010110942646861076
-1,-1,-1,-1,-1,1,1,-1,1,-1,-1,1,1,1,1,1,-1,-1,0.00953275803476572
-1,-1,-1,-1,-1,1,1,-1,1,-1,1,-1,-1,1,-1,-1,1,1,0.01045252662152052
-1,-1,-1,-1,-1,1,1,-1,1,-1,1,-1,-1,1,1,1,1,-1,0.009680711664259434
-1,-1,-1,-1,-1,1,1,-1,1,1,-1,-1,-1,-1,-1,1,1,1,0.009231463074684143
-1,-1,-1,-1,-1,1,1,-1,1,1,-1,-1,-1,1,-1,-1,-1,1,0.009668535552918911
-1,-1,-1,-1,-1,1,1,-1,1,1,-1,-1,1,-1,-1,-1,1,1,0.010325993411242962
-1,-1,-1,-1,-1,1,1,-1,1,1,-1,-1,1,1,-1,1,1,-1,0.009131163358688354
-1,-1,-1,-1,-1,1,1,-1,1,1,-1,1,-1,-1,1,1,1,-1,0.008601841516792774
-1,-1,-1,-1,-1,1,1,-1,1,1,-1,1,1,-1,-1,1,1,-1,0.008808160200715065
-1,-1,-1,-1,-1,1,1,-1,1,1,1,-1,1,-1,1,1,1,-1,0.009518788196146488
-1,-1,-1,-1,-1,1,1,-1,1,1,1,-1,1,-1,1,1,1,1,0.009812719188630581
-1,-1,-1,-1,-1,1,1,-1,1,1,1,-1,1,1,-1,1,1,-1,0.009117604233324528
-1,-1,-1,-1,-1,1,1,-1,1,1,1,1,-1,-1,-1,1,-1,1,0.008631373755633831
-1,-1,-1,-1,-1,1,1,-1,1,1,1,1,1,-1,1,-1,-1,-1,0.00963879656046629
-1,-1,-1,-1,-1,1,1,1,-1,-1,-1,-1,1,-1,-1,1,-1,1,0.010354366153478622
-1,-1,-1,-1,-1,1,1,1,-1,-1,-1,1,-1,1,-1,-1,1,-1,0.00965171866118908
-1,-1,-1,-1,-1,1,1,1,-1,-1,-1,1,1,-1,1,1,-1,-1,0.009724744595587254
-1,-1,-1,-1,-1,1,1,1,-1,-1,1,-1,-1,-1,1,1,-1,1,0.010119293816387653
-1,-1,-1,-1,-1,1,1,1,-1,-1,1,-1,-1,1,1,-1,1,-1,0.010365664958953857
-1,-1,-1,-1,-1,1,1,1,-1,-1,1,1,1,-1,1,-1,1,1,0.010745719075202942
-1,-1,-1,-1,-1,1,1,1,-1,1,-1,-1,-1,-1,1,-1,1,1,0.010117300786077976
-1,-1,-1,-1,-1,1,1,1,-1,1,-1,-1,-1,-1,1,1,-1,1,0.009370063431560993
-1,-1,-1,-1,-1,1,1,1,-1,1,-1,-1,-1,1,-1,-1,1,1,0.009706860408186913
-1,-1,-1,-1,-1,1,1,1,-1,1,-1,-1,-1,1,1,1,1,1,0.009207144379615784
-1,-1,-1,-1,-1,1,1,1,-1,1,-1,-1,1,-1,1,1,1,1,0.009826524183154106
-1,-1,-1,-1,-1,1,1,1,-1,1,-1,1,1,1,1,1,1,1,0.009095588698983192
-1,-1,-1,-1,-1,1,1,1,-1,1,1,1,-1,1,-1,1,-1,-1,0.00811887625604868
-1,-1,-1,-1,-1,1,1,1,-1,1,1,1,-1,1,-1,1,-1,1,0.00841874536126852
-1,-1,-1,-1,-1,1,1,1,-1,1,1,1,1,-1,-1,-1,1,-1,0.009479554370045662
-1,-1,-1,-1,-1,1,1,1,1,-1,-1,-1,-1,-1,-1,1,1,1,0.01004977896809578
-1,-1,-1,-1,-1,1,1,1,1,-1,-1,-1,-1,-1,1,-1,1,-1,0.01066589169204235
-1,-1,-1,-1,-1,1,1,1,1,-1,-1,-1,1,1,-1,-1,-1,-1,0.010608682408928871
-1,-1,-1,-1,-1,1,1,1,1,-1,-1,1,-1,-1,-1,-1,-1,1,0.010171097237616777
-1,-1,-1,-1,-1,1,1,1,1,-1,-1,1,-1,1,1,-1,-1,1,0.010166356340050697
-1,-1,-1,-1,-1,1,1,1,1,-1,1,-1,-1,1,1,-1,-1,-1,0.010382866486907005
-1,-1,-1,-1,-1,1,1,1,1,-1,1,-1,1,-1,1,1,-1,1,0.01059627439826727
-1,-1,-1,-1,-1,1,1,1,1,1,-1,-1,-1,-1,-1,1,-1,-1,0.008937163278460503
-1,-1,-1,-1,-1,1,1,1,1,1,-1,-1,-1,1,1,-1,1,-1,0.009680970571935177
-1,-1,-1,-1,-1,1,1,1,1,1,-1,-1,1,-1,1,1,-1,1,0.009843725711107254
-1,-1,-1,-1,-1,1,1,1,1,1,-1,1,-1,-1,1,1,1,-1,0.008666624315083027
-1,-1,-1,-1,-1,1,1,1,1,1,-1,1,-1,1,-1,-1,-1,-1,0.008896873332560062
-1,-1,-1,-1,-1,1,1,1,1,1,-1,1,-1,1,-1,-1,1,-1,0.008940890431404114
-1,-1,-1,-1,-1,1,1,1,1,1,-1,1,-1,1,-1,1,-1,1,0.008496840484440327
-1,-1,-1,-1,-1,1,1,1,1,1,1,-1,-1,-1,1,-1,-1,-1,0.009817755781114101
-1,-1,-1,-1,-1,1,1,1,1,1,1,-1,-1,1,1,-1,-1,1,0.009910689666867256
-1,-1,-1,-1,-1,1,1,1,1,1,1,-1,-1,1,1,1,-1,1,0.00921078771352768
-1,-1,-1,-1,-1,1,1,1,1,1,1,1,-1,-1,-1,-1,1,1,0.009415623731911182
-1,-1,-1,-1,-1,1,1,1,1,1,1,1,1,-1,1,1,-1,1,0.009287653490900993
-1,-1,-1,-1,-1,1,1,1,1,1,1,1,1,1,-1,1,1,-1,0.008630616590380669
-1,-1,-1,-1,-1,1,1,1,1,1,1,1,1,1,1,-1,1,-1,0.00953140389174223
-1,-1,-1,-1,1,-1,-1,-1,-1,-1,-1,-1,-1,-1,-1,-1,-1,1,0.009871305897831917
-1,-1,-1,-1,1,-1,-1,-1,-1,-1,-1,-1,-1,-1,1,-1,-1,1,0.01009000651538372
-1,-1,-1,-1,1,-1,-1,-1,-1,-1,-1,-1,-1,1,-1,-1,-1,-1,0.009379696100950241
-1,-1,-1,-1,1,-1,-1,-1,-1,-1,-1,-1,1,-1,-1,1,-1,-1,0.009308429434895515
-1,-1,-1,-1,1,-1,-1,-1,-1,-1,-1,1,-1,-1,1,-1,1,1,0.009591510519385338
-1,-1,-1,-1,1,-1,-1,-1,-1,-1,-1,1,-1,1,-1,-1,1,1,0.009175130166113377
-1,-1,-1,-1,1,-1,-1,-1,-1,-1,-1,1,-1,1,-1,1,-1,-1,0.008152475580573082
-1,-1,-1,-1,1,-1,-1,-1,-1,-1,-1,1,-1,1,-1,1,1,-1,0.008196491748094559
-1,-1,-1,-1,1,-1,-1,-1,-1,-1,-1,1,1,-1,1,1,1,-1,0.009007499553263187
-1,-1,-1,-1,1,-1,-1,-1,-1,-1,-1,1,1,1,-1,-1,1,1,0.009587574750185013
-1,-1,-1,-1,1,-1,-1,-1,-1,-1,-1,1,1,1,1,-1,1,1,0.009785140864551067
-1,-1,-1,-1,1,-1,-1,-1,-1,-1,1,-1,-1,-1,-1,1,1,1,0.009213739074766636
-1,-1,-1,-1,1,-1,-1,-1,-1,-1,1,-1,-1,-1,1,-1,1,1,0.010111208073794842
-1,-1,-1,-1,1,-1,-1,-1,-1,-1,1,-1,1,-1,-1,-1,1,1,0.010299012996256351
-1,-1,-1,-1,1,-1,-1,-1,-1,-1,1,1,-1,1,1,1,-1,-1,0.00833648256957531
-1,-1,-1,-1,1,-1,-1,-1,-1,-1,1,1,1,-1,-1,-1,1,1,0.009771694429218769
-1,-1,-1,-1,1,-1,-1,-1,-1,1,-1,-1,-1,-1,-1,1,1,1,0.008458569645881653
-1,-1,-1,-1,1,-1,-1,-1,-1,1,-1,-1,-1,1,1,1,1,-1,0.008164525963366032
-1,-1,-1,-1,1,-1,-1,-1,-1,1,-1,-1,1,-1,-1,-1,1,-1,0.009265108034014702
-1,-1,-1,-1,1,-1,-1,-1,-1,1,-1,-1,1,1,-1,1,-1,1,0.00860486552119255
-1,-1,-1,-1,1,-1,-1,-1,-1,1,-1,-1,1,1,1,-1,-1,-1,0.009217660874128342
-1,-1,-1,-1,1,-1,-1,-1,-1,1,-1,-1,1,1,1,-1,1,1,0.009546351619064808
-1,-1,-1,-1,1,-1,-1,-1,-1,1,-1,1,-1,-1,-1,-1,-1,1,0.0085752597078681
-1,-1,-1,-1,1,-1,-1,-1,-1,1,-1,1,-1,-1,1,-1,1,-1,0.008522912859916687
-1,-1,-1,-1,1,-1,-1,-1,-1,1,1,-1,-1,-1,-1,-1,1,-1,0.008839105255901814
-1,-1,-1,-1,1,-1,-1,-1,-1,1,1,-1,1,-1,1,1,1,1,0.009042446501553059
-1,-1,-1,-1,1,-1,-1,-1,-1,1,1,1,1,-1,1,-1,1,1,0.009197214618325233
-1,-1,-1,-1,1,-1,-1,-1,-1,1,1,1,1,-1,1,1,-1,1,0.008459233678877354
-1,-1,-1,-1,1,-1,-1,-1,-1,1,1,1,1,1,-1,1,-1,-1,0.0077641187235713005
-1,-1,-1,-1,1,-1,-1,-1,1,-1,-1,-1,-1,1,-1,1,1,1,0.009084898047149181
-1,-1,-1,-1,1,-1,-1,-1,1,-1,-1,-1,-1,1,1,1,1,-1,0.008997790515422821
-1,-1,-1,-1,1,-1,-1,-1,1,-1,-1,-1,1,-1,1,1,-1,1,0.00986376591026783
-1,-1,-1,-1,1,-1,-1,-1,1,-1,-1,1,-1,-1,-1,-1,-1,1,0.009405205957591534
-1,-1,-1,-1,1,-1,-1,-1,1,-1,-1,1,-1,-1,1,-1,-1,-1,0.009318098425865173
-1,-1,-1,-1,1,-1,-1,-1,1,-1,-1,1,1,-1,1,1,1,1,0.009359330870211124
-1,-1,-1,-1,1,-1,-1,-1,1,-1,-1,1,1,1,-1,-1,-1,-1,0.009308223612606525
-1,-1,-1,-1,1,-1,-1,-1,1,-1,-1,1,1,1,1,1,1,-1,0.008867721073329449
-1,-1,-1,-1,1,-1,-1,-1,1,-1,1,-1,1,-1,1,-1,1,-1,0.010288318619132042
-1,-1,-1,-1,1,-1,-1,-1,1,-1,1,1,-1,-1,1,-1,1,-1,0.00934261828660965
-1,-1,-1,-1,1,-1,-1,-1,1,-1,1,1,-1,1,1,-1,1,-1,0.009141621179878712
-1,-1,-1,-1,1,-1,-1,-1,1,1,-1,-1,-1,-1,-1,1,-1,1,0.008472452871501446
-1,-1,-1,-1,1,-1,-1,-1,1,1,-1,-1,-1,1,-1,-1,-1,1,0.008953542448580265
-1,-1,-1,-1,1,-1,-1,-1,1,1,-1,1,-1,-1,1,-1,-1,-1,0.008546052500605583
-1,-1,-1,-1,1,-1,-1,-1,1,1,-1,1,-1,1,1,-1,-1,-1,0.008333178237080574
-1,-1,-1,-1,1,-1,-1,-1,1,1,1,-1,-1,-1,-1,-1,1,1,0.00919093657284975
-1,-1,-1,-1,1,-1,-1,-1,1,1,1,-1,1,1,-1,1,1,1,0.008687285706400871
-1,-1,-1,-1,1,-1,-1,-1,1,1,1,-1,1,1,1,-1,-1,-1,0.009250124916434288
-1,-1,-1,-1,1,-1,-1,-1,1,1,1,1,1,-1,1,-1,1,-1,0.008973758667707443
-1,-1,-1,-1,1,-1,-1,-1,1,1,1,1,1,-1,1,1,1,-1,0.008289052173495293
-1,-1,-1,-1,1,-1,-1,1,-1,-1,-1,-1,-1,-1,1,1,1,-1,0.009199033491313457
-1,-1,-1,-1,1,-1,-1,1,-1,-1,-1,1,-1,1,1,-1,1,-1,0.009149487130343914
-1,-1,-1,-1,1,-1,-1,1,-1,-1,-1,1,1,1,1,1,-1,1,0.009111941792070866
-1,-1,-1,-1,1,-1,-1,1,-1,-1,1,-1,-1,-1,-1,1,1,-1,0.00896939542144537
-1,-1,-1,-1,1,-1,-1,1,-1,-1,1,-1,1,1,-1,1,1,1,0.009468833915889263
-1,-1,-1,-1,1,-1,-1,1,-1,-1,1,1,-1,1,-1,-1,1,-1,0.008923166431486607
-1,-1,-1,-1,1,-1,-1,1,-1,-1,1,1,1,1,1,1,-1,-1,0.008795196190476418
-1,-1,-1,-1,1,-1,-1,1,-1,1,-1,-1,-1,-1,-1,-1,-1,1,0.009160724468529224
-1,-1,-1,-1,1,-1,-1,1,-1,1,-1,-1,-1,-1,-1,-1,1,1,0.00920805986970663
-1,-1,-1,-1,1,-1,-1,1,-1,1,-1,-1,-1,-1,1,1,-1,-1,0.008382970467209816
-1,-1,-1,-1,1,-1,-1,1,-1,1,-1,-1,-1,1,1,-1,-1,1,0.009157293476164341
-1,-1,-1,-1,1,-1,-1,1,-1,1,-1,-1,1,-1,-1,1,1,1,0.008911344222724438
-1,-1,-1,-1,1,-1,-1,1,-1,1,-1,1,1,-1,1,-1,-1,-1,0.008946864865720272
-1,-1,-1,-1,1,-1,-1,1,-1,1,-1,1,1,1,-1,-1,1,1,0.008865115232765675
-1,-1,-1,-1,1,-1,-1,1,-1,1,-1,1,1,1,-1,1,-1,-1,0.007842459715902805
-1,-1,-1,-1,1,-1,-1,1,-1,1,1,-1,1,1,-1,1,1,1,0.008681592531502247
-1,-1,-1,-1,1,-1,-1,1,-1,1,1,-1,1,1,1,-1,1,1,0.009594256989657879
-1,-1,-1,-1,1,-1,-1,1,-1,1,1,1,-1,1,-1,1,1,-1,0.007466413080692291
-1,-1,-1,-1,1,-1,-1,1,-1,1,1,1,1,1,-1,-1,-1,1,0.008798282593488693
-1,-1,-1,-1,1,-1,-1,1,1,-1,-1,-1,1,-1,-1,-1,-1,1,0.010394555516541004
-1,-1,-1,-1,1,-1,-1,1,1,-1,-1,-1,1,-1,1,-1,1,1,0.010648015886545181
-1,-1,-1,-1,1,-1,-1,1,1,-1,-1,-1,1,1,-1,-1,-1,1,0.010196875780820847
-1,-1,-1,-1,1,-1,-1,1,1,-1,-1,1,-1,-1,-1,-1,1,-1,0.009214135818183422
-1,-1,-1,-1,1,-1,-1,1,1,-1,1,-1,-1,-1,1,-1,-1,-1,0.009884065948426723
-1,-1,-1,-1,1,-1,-1,1,1,-1,1,-1,1,-1,1,-1,-1,1,0.010590440593659878
-1,-1,-1,-1,1,-1,-1,1,1,-1,1,1,1,-1,-1,-1,1,-1,0.009607082232832909
-1,-1,-1,-1,1,-1,-1,1,1,-1,1,1,1,-1,1,-1,1,1,0.010086005553603172
-1,-1,-1,-1,1,-1,-1,1,1,1,1,-1,-1,-1,1,1,-1,1,0.008711986243724823
-1,-1,-1,-1,1,-1,-1,1,1,1,1,-1,1,1,1,-1,-1,-1,0.009305650368332863
-1,-1,-1,-1,1,-1,-1,1,1,1,1,1,-1,-1,-1,1,1,-1,0.007728628348559141
-1,-1,-1,-1,1,-1,-1,1,1,1,1,1,1,-1,-1,-1,-1,-1,0.008781762793660164
-1,-1,-1,-1,1,-1,-1,1,1,1,1,1,1,-1,-1,-1,1,1,0.009125648997724056
-1,-1,-1,-1,1,-1,1,-1,-1,-1,-1,-1,-1,-1,1,-1,-1,1,0.01078718714416027
-1,-1,-1,-1,1,-1,1,-1,-1,-1,-1,-1,1,-1,1,1,-1,1,0.010499727912247181
-1,-1,-1,-1,1,-1,1,-1,-1,-1,-1,-1,1,1,-1,-1,-1,1,0.01077993307262659
-1,-1,-1,-1,1,-1,1,-1,-1,-1,-1,1,-1,1,-1,-1,-1,1,0.009843489155173302
-1,-1,-1,-1,1,-1,1,-1,-1,-1,1,-1,1,1,-1,-1,1,1,0.010795196518301964
-1,-1,-1,-1,1,-1,1,-1,-1,-1,1,1,-1,-1,-1,1,1,1,0.009377662092447281
-1,-1,-1,-1,1,-1,1,-1,-1,-1,1,1,-1,1,-1,1,-1,1,0.009123391471803188
-1,-1,-1,-1,1,-1,1,-1,-1,-1,1,1,1,-1,1,-1,1,-1,0.010387705639004707
-1,-1,-1,-1,1,-1,1,-1,-1,1,-1,-1,-1,-1,-1,1,1,-1,0.008871075697243214
-1,-1,-1,-1,1,-1,1,-1,-1,1,-1,-1,1,-1,1,1,1,1,0.00977763719856739
-1,-1,-1,-1,1,-1,1,-1,-1,1,-1,1,-1,1,1,-1,1,-1,0.009028351865708828
-1,-1,-1,-1,1,-1,1,-1,-1,1,1,-1,-1,-1,-1,-1,1,1,0.00982951931655407
-1,-1,-1,-1,1,-1,1,-1,-1,1,1,-1,-1,1,-1,1,1,-1,0.00863206759095192
-1,-1,-1,-1,1,-1,1,-1,-1,1,1,-1,1,-1,1,-1,1,-1,0.010158173739910126
-1,-1,-1,-1,1,-1,1,-1,-1,1,1,1,-1,1,-1,1,1,-1,0.008098810911178589
-1,-1,-1,-1,1,-1,1,-1,-1,1,1,1,1,-1,1,-1,-1,-1,0.009565704502165318
-1,-1,-1,-1,1,-1,1,-1,-1,1,1,1,1,-1,1,-1,-1,1,0.009856317192316055
-1,-1,-1,-1,1,-1,1,-1,-1,1,1,1,1,1,-1,1,-1,-1,0.008476494811475277
-1,-1,-1,-1,1,-1,1,-1,1,-1,-1,-1,-1,1,1,-1,1,-1,0.010385616682469845
-1,-1,-1,-1,1,-1,1,-1,1,-1,-1,-1,1,1,-1,-1,1,1,0.010879229754209518
-1,-1,-1,-1,1,-1,1,-1,1,-1,-1,1,-1,-1,1,-1,1,1,0.010349908843636513
-1,-1,-1,-1,1,-1,1,-1,1,-1,-1,1,1,-1,-1,-1,-1,1,0.010514830239117146
-1,-1,-1,-1,1,-1,1,-1,1,-1,-1,1,1,-1,-1,-1,1,-1,0.01027155201882124
-1,-1,-1,-1,1,-1,1,-1,1,-1,1,-1,1,-1,-1,-1,1,-1,0.01077867578715086
-1,-1,-1,-1,1,-1,1,-1,1,-1,1,-1,1,-1,-1,-1,1,1,0.01106335036456585
-1,-1,-1,-1,1,-1,1,-1,1,-1,1,-1,1,-1,-1,1,-1,-1,0.010049951262772083
-1,-1,-1,-1,1,-1,1,-1,1,-1,1,-1,1,1,1,-1,-1,-1,0.010740485042333603
-1,-1,-1,-1,1,-1,1,-1,1,-1,1,1,-1,-1,1,-1,1,1,0.010336349718272686
-1,-1,-1,-1,1,-1,1,-1,1,-1,1,1,1,-1,-1,1,1,-1,0.009560711681842804
-1,-1,-1,-1,1,-1,1,-1,1,-1,1,1,1,1,-1,1,-1,1,0.009600372053682804
-1,-1,-1,-1,1,-1,1,-1,1,1,-1,-1,-1,1,1,1,-1,1,0.009181397967040539
-1,-1,-1,-1,1,-1,1,-1,1,1,-1,-1,1,1,-1,-1,1,-1,0.00981657113879919
-1,-1,-1,-1,1,-1,1,-1,1,1,-1,1,-1,-1,-1,1,-1,1,0.00863637588918209
-1,-1,-1,-1,1,-1,1,-1,1,1,-1,1,-1,-1,1,1,1,-1,0.008593285456299782
-1,-1,-1,-1,1,-1,1,-1,1,1,1,-1,-1,1,1,-1,1,1,0.009896563366055489
-1,-1,-1,-1,1,-1,1,-1,1,1,1,-1,1,-1,-1,-1,1,-1,0.010000690817832947
-1,-1,-1,-1,1,-1,1,1,-1,-1,-1,-1,1,-1,-1,1,-1,-1,0.010051879100501537
-1,-1,-1,-1,1,-1,1,1,-1,-1,1,-1,-1,1,1,1,-1,-1,0.009619127959012985
-1,-1,-1,-1,1,-1,1,1,-1,-1,1,-1,1,1,1,1,-1,1,0.010316246189177036
-1,-1,-1,-1,1,-1,1,1,-1,-1,1,1,-1,1,1,-1,-1,1,0.010085643269121647
-1,-1,-1,-1,1,-1,1,1,-1,-1,1,1,1,-1,-1,1,-1,-1,0.009501744993031025
-1,-1,-1,-1,1,-1,1,1,-1,-1,1,1,1,1,-1,1,-1,1,0.009588740766048431
-1,-1,-1,-1,1,-1,1,1,-1,1,-1,-1,1,-1,1,-1,-1,-1,0.01019249763339758
-1,-1,-1,-1,1,-1,1,1,-1,1,-1,1,-1,1,1,1,1,1,0.008671269752085209
-1,-1,-1,-1,1,-1,1,1,-1,1,1,-1,-1,-1,-1,1,1,-1,0.008894529193639755
-1,-1,-1,-1,1,-1,1,1,-1,1,1,-1,-1,1,-1,-1,-1,-1,0.009337540715932846
-1,-1,-1,-1,1,-1,1,1,-1,1,1,-1,-1,1,-1,-1,-1,1,0.009634092450141907
-1,-1,-1,-1,1,-1,1,1,-1,1,1,-1,-1,1,1,-1,-1,-1,0.009546983987092972
-1,-1,-1,-1,1,-1,1,1,-1,1,1,-1,1,1,1,-1,1,1,0.01029143761843443
-1,-1,-1,-1,1,-1,1,1,-1,1,1,1,-1,1,-1,-1,1,1,0.009148170240223408
-1,-1,-1,-1,1,-1,1,1,1,-1,-1,-1,-1,-1,-1,1,-1,-1,0.00972178764641285
-1,-1,-1,-1,1,-1,1,1,1,-1,-1,1,1,1,-1,-1,-1,1,0.010366737842559814
-1,-1,-1,-1,1,-1,1,1,1,-1,1,-1,-1,1,-1,1,1,1,0.009817409329116344
-1,-1,-1,-1,1,-1,1,1,1,-1,1,1,-1,-1,-1,1,1,1,0.009485149756073952
-1,-1,-1,-1,1,-1,1,1,1,-1,1,1,-1,1,-1,1,1,-1,0.00900279637426138
-1,-1,-1,-1,1,-1,1,1,1,-1,1,1,1,1,1,1,1,-1,0.009606868028640747
-1,-1,-1,-1,1,-1,1,1,1,1,-1,1,-1,-1,1,1,1,1,0.00895461905747652
-1,-1,-1,-1,1,-1,1,1,1,1,-1,1,-1,1,1,1,-1,-1,0.008413054049015045
-1,-1,-1,-1,1,-1,1,1,1,1,1,-1,-1,-1,1,-1,-1,-1,0.009815138764679432
-1,-1,-1,-1,1,-1,1,1,1,1,1,-1,-1,1,-1,1,-1,-1,0.00871405191719532
-1,-1,-1,-1,1,-1,1,1,1,1,1,-1,1,1,-1,-1,-1,1,0.010101815685629845
-1,-1,-1,-1,1,-1,1,1,1,1,1,-1,1,1,1,1,-1,-1,0.00933000072836876
-1,-1,-1,-1,1,-1,1,1,1,1,1,1,1,1,-1,-1,-1,-1,0.009277945384383202
-1,-1,-1,-1,1,1,-1,-1,-1,-1,-1,-1,1,-1,-1,-1,-1,-1,0.010149271227419376
-1,-1,-1,-1,1,1,-1,-1,-1,-1,-1,-1,1,1,-1,1,-1,1,0.009548241272568703
-1,-1,-1,-1,1,1,-1,-1,-1,-1,-1,1,-1,1,1,-1,-1,-1,0.009215335361659527
-1,-1,-1,-1,1,1,-1,-1,-1,-1,-1,1,-1,1,1,1,-1,1,0.008802727796137333
-1,-1,-1,-1,1,1,-1,-1,-1,-1,-1,1,1,-1,-1,-1,-1,-1,0.009621953591704369
-1,-1,-1,-1,1,1,-1,-1,-1,-1,1,-1,-1,1,-1,-1,1,-1,0.009562971070408821
-1,-1,-1,-1,1,1,-1,-1,-1,-1,1,-1,1,1,-1,-1,-1,1,0.010219389572739601
-1,-1,-1,-1,1,1,-1,-1,-1,-1,1,1,1,1,-1,-1,-1,-1,0.009401459246873856
-1,-1,-1,-1,1,1,-1,-1,-1,1,-1,-1,-1,1,-1,1,-1,1,0.0083696898072958
-1,-1,-1,-1,1,1,-1,-1,-1,1,-1,-1,1,-1,-1,-1,-1,-1,0.00938648171722889
-1,-1,-1,-1,1,1,-1,-1,-1,1,-1,1,-1,1,-1,1,-1,1,0.007833115756511688
-1,-1,-1,-1,1,1,-1,-1,-1,1,1,-1,1,1,1,1,-1,-1,0.008662953972816467
-1,-1,-1,-1,1,1,-1,-1,-1,1,1,1,-1,1,-1,1,-1,1,0.007819556631147861
-1,-1,-1,-1,1,1,-1,-1,-1,1,1,1,1,-1,-1,-1,1,-1,0.008865170180797577
-1,-1,-1,-1,1,1,-1,-1,-1,1,1,1,1,-1,-1,1,-1,-1,0.008127189241349697
-1,-1,-1,-1,1,1,-1,-1,-1,1,1,1,1,-1,1,-1,-1,1,0.00931527093052864
-1,-1,-1,-1,1,1,-1,-1,-1,1,1,1,1,1,1,1,-1,-1,0.008133014664053917
-1,-1,-1,-1,1,1,-1,-1,1,-1,-1,-1,-1,-1,-1,1,1,1,0.009450589306652546
-1,-1,-1,-1,1,1,-1,-1,1,-1,1,-1,1,1,1,1,1,1,0.009824909269809723
-1,-1,-1,-1,1,1,-1,-1,1,-1,1,1,-1,-1,-1,-1,-1,1,0.009544463828206062
-1,-1,-1,-1,1,1,-1,-1,1,-1,1,1,-1,1,-1,-1,-1,1,0.00934678502380848
-1,-1,-1,-1,1,1,-1,-1,1,-1,1,1,-1,1,1,1,-1,-1,0.00855051726102829
-1,-1,-1,-1,1,1,-1,-1,1,-1,1,1,1,-1,-1,1,1,1,0.009301021695137024
-1,-1,-1,-1,1,1,-1,-1,1,-1,1,1,1,-1,1,1,1,1,0.009507845155894756
-1,-1,-1,-1,1,1,-1,-1,1,1,-1,-1,-1,-1,1,1,1,-1,0.008600692264735699
-1,-1,-1,-1,1,1,-1,-1,1,1,-1,-1,1,-1,-1,-1,-1,-1,0.009453639388084412
-1,-1,-1,-1,1,1,-1,-1,1,1,-1,-1,1,1,1,1,-1,-1,0.008741049095988274
-1,-1,-1,-1,1,1,-1,-1,1,1,-1,1,-1,-1,-1,1,1,1,0.008154543116688728
-1,-1,-1,-1,1,1,-1,-1,1,1,-1,1,1,-1,-1,-1,1,-1,0.00895846076309681
-1,-1,-1,-1,1,1,-1,-1,1,1,1,-1,-1,-1,-1,-1,1,-1,0.009059078991413116
-1,-1,-1,-1,1,1,-1,-1,1,1,1,-1,-1,-1,-1,-1,1,1,0.00935300998389721
-1,-1,-1,-1,1,1,-1,-1,1,1,1,-1,-1,1,-1,1,-1,1,0.008408092893660069
-1,-1,-1,-1,1,1,-1,-1,1,1,1,1,-1,-1,1,1,1,1,0.008330604527145624
-1,-1,-1,-1,1,1,-1,-1,1,1,1,1,1,1,-1,1,1,1,0.00833129696547985
-1,-1,-1,-1,1,1,-1,-1,1,1,1,1,1,1,1,-1,-1,-1,0.008884879760444164
-1,-1,-1,-1,1,1,-1,-1,1,1,1,1,1,1,1,-1,1,-1,0.008938153274357319
-1,-1,-1,-1,1,1,-1,1,-1,-1,-1,-1,-1,1,1,1,1,1,0.00943552702665329
-1,-1,-1,-1,1,1,-1,1,-1,-1,-1,-1,1,-1,-1,-1,-1,-1,0.010210735723376274
-1,-1,-1,-1,1,1,-1,1,-1,-1,-1,-1,1,-1,-1,-1,-1,1,0.010495410300791264
-1,-1,-1,-1,1,1,-1,1,-1,-1,-1,-1,1,1,1,-1,1,1,0.010551191866397858
-1,-1,-1,-1,1,1,-1,1,-1,-1,-1,1,1,-1,-1,-1,-1,1,0.009968091733753681
-1,-1,-1,-1,1,1,-1,1,-1,-1,-1,1,1,-1,-1,1,-1,1,0.009274127893149853
-1,-1,-1,-1,1,1,-1,1,-1,-1,-1,1,1,-1,1,-1,1,1,0.01021561399102211
-1,-1,-1,-1,1,1,-1,1,-1,-1,1,-1,-1,-1,1,1,1,1,0.009634843096137047
-1,-1,-1,-1,1,1,-1,1,-1,-1,1,-1,1,1,-1,1,1,-1,0.00933103822171688
-1,-1,-1,-1,1,1,-1,1,-1,-1,1,-1,1,1,1,1,-1,-1,0.009484587237238884
-1,-1,-1,-1,1,1,-1,1,-1,-1,1,1,-1,-1,1,1,-1,1,0.009051630273461342
-1,-1,-1,-1,1,1,-1,1,-1,1,-1,-1,-1,1,1,-1,1,-1,0.009076088666915894
-1,-1,-1,-1,1,1,-1,1,-1,1,-1,-1,1,-1,1,-1,-1,1,0.009936125949025154
-1,-1,-1,-1,1,1,-1,1,-1,1,-1,1,-1,-1,1,1,-1,1,0.008302399888634682
-1,-1,-1,-1,1,1,-1,1,-1,1,-1,1,1,-1,1,-1,1,-1,0.00914701633155346
-1,-1,-1,-1,1,1,-1,1,-1,1,-1,1,1,-1,1,1,-1,-1,0.008414974436163902
-1,-1,-1,-1,1,1,-1,1,-1,1,-1,1,1,-1,1,1,1,1,0.008743665181100368
-1,-1,-1,-1,1,1,-1,1,-1,1,-1,1,1,1,-1,1,-1,1,0.008298464119434357
-1,-1,-1,-1,1,1,-1,1,-1,1,1,1,-1,-1,1,-1,-1,1,0.008979487232863903
-1,-1,-1,-1,1,1,-1,1,-1,1,1,1,1,-1,-1,1,-1,-1,0.008182714693248272
-1,-1,-1,-1,1,1,-1,1,1,-1,-1,-1,1,1,1,1,1,1,0.009918445721268654
-1,-1,-1,-1,1,1,-1,1,1,-1,-1,1,1,1,1,-1,-1,-1,0.00973526667803526
-1,-1,-1,-1,1,1,-1,1,1,-1,1,-1,-1,1,-1,1,1,-1,0.008979812264442444
-1,-1,-1,-1,1,1,-1,1,1,-1,1,1,-1,1,1,-1,1,-1,0.009349962696433067
-1,-1,-1,-1,1,1,-1,1,1,-1,1,1,-1,1,1,1,-1,-1,0.00860604364424944
-1,-1,-1,-1,1,1,-1,1,1,-1,1,1,1,1,-1,1,1,1,0.009149611927568913
-1,-1,-1,-1,1,1,-1,1,1,-1,1,1,1,1,1,1,1,1,0.009356435388326645
-1,-1,-1,-1,1,1,-1,1,1,1,-1,-1,-1,1,-1,1,1,1,0.008536390028893948
-1,-1,-1,-1,1,1,-1,1,1,1,-1,-1,-1,1,1,-1,1,1,0.00942791998386383
-1,-1,-1,-1,1,1,-1,1,1,1,-1,1,1,-1,-1,1,-1,1,0.008566617965698242
-1,-1,-1,-1,1,1,-1,1,1,1,1,-1,-1,-1,-1,-1,1,1,0.009408535435795784
-1,-1,-1,-1,1,1,-1,1,1,1,1,-1,-1,1,1,1,1,1,0.008717079646885395
-1,-1,-1,-1,1,1,-1,1,1,1,1,-1,1,1,1,1,-1,1,0.009073629043996334
-1,-1,-1,-1,1,1,-1,1,1,1,1,1,-1,1,1,1,-1,-1,0.007833996787667274
-1,-1,-1,-1,1,1,-1,1,1,1,1,1,1,-1,-1,-1,1,1,0.009272526949644089
-1,-1,-1,-1,1,1,1,-1,-1,-1,-1,-1,-1,-1,-1,-1,-1,1,0.0107516935095191
-1,-1,-1,-1,1,1,1,-1,-1,-1,-1,-1,-1,-1,1,-1,1,-1,0.010708603076636791
-1,-1,-1,-1,1,1,1,-1,-1,-1,-1,-1,-1,1,-1,1,-1,-1,0.009560180827975273
-1,-1,-1,-1,1,1,1,-1,-1,-1,-1,-1,-1,1,1,-1,1,-1,0.010495727881789207
-1,-1,-1,-1,1,1,1,-1,-1,-1,-1,-1,-1,1,1,1,-1,1,0.010039103217422962
-1,-1,-1,-1,1,1,1,-1,-1,-1,-1,-1,1,1,-1,1,-1,1,0.010251360014081001
-1,-1,-1,-1,1,1,1,-1,-1,-1,-1,1,-1,-1,-1,-1,1,1,0.01026245392858982
-1,-1,-1,-1,1,1,1,-1,-1,-1,-1,1,-1,1,-1,-1,-1,1,0.009996305219829082
-1,-1,-1,-1,1,1,1,-1,-1,-1,-1,1,1,-1,-1,-1,-1,1,0.010624941438436508
-1,-1,-1,-1,1,1,1,-1,-1,-1,1,-1,-1,-1,-1,1,1,1,0.01007299218326807
-1,-1,-1,-1,1,1,1,-1,-1,-1,1,-1,1,-1,-1,-1,1,-1,0.010888786986470222
-1,-1,-1,-1,1,1,1,-1,-1,-1,1,1,1,-1,-1,1,-1,-1,0.009602353908121586
-1,-1,-1,-1,1,1,1,-1,-1,1,-1,-1,-1,-1,1,-1,1,1,0.010227169841527939
-1,-1,-1,-1,1,1,1,-1,-1,1,-1,-1,-1,1,1,-1,-1,-1,0.009676347486674786
-1,-1,-1,-1,1,1,1,-1,-1,1,-1,1,-1,1,-1,1,-1,1,0.008536234498023987
-1,-1,-1,-1,1,1,1,-1,-1,1,1,-1,-1,1,-1,-1,-1,1,0.009745267685502768
-1,-1,-1,-1,1,1,1,-1,-1,1,1,-1,-1,1,1,-1,-1,1,0.009947462938725948
-1,-1,-1,-1,1,1,1,-1,-1,1,1,-1,1,1,1,-1,-1,-1,0.010060036554932594
-1,-1,-1,-1,1,1,1,-1,-1,1,1,1,-1,1,-1,1,-1,-1,0.008222805336117744
-1,-1,-1,-1,1,1,1,-1,-1,1,1,1,1,-1,-1,1,-1,1,0.00913611613214016
-1,-1,-1,-1,1,1,1,-1,-1,1,1,1,1,1,-1,-1,-1,1,0.009607949294149876
-1,-1,-1,-1,1,1,1,-1,1,-1,-1,-1,-1,-1,-1,-1,1,-1,0.010557059198617935
-1,-1,-1,-1,1,1,1,-1,1,-1,-1,-1,-1,1,1,-1,-1,-1,0.010518868453800678
-1,-1,-1,-1,1,1,1,-1,1,-1,-1,-1,1,-1,1,-1,-1,-1,0.011117113754153252
-1,-1,-1,-1,1,1,1,-1,1,-1,-1,-1,1,1,-1,1,-1,1,0.010309260338544846
-1,-1,-1,-1,1,1,1,-1,1,-1,-1,1,-1,-1,-1,1,-1,1,0.00957049522548914
-1,-1,-1,-1,1,1,1,-1,1,-1,-1,1,-1,-1,1,-1,1,-1,0.010236564092338085
-1,-1,-1,-1,1,1,1,-1,1,-1,-1,1,1,-1,-1,1,-1,-1,0.009701583534479141
-1,-1,-1,-1,1,1,1,-1,1,-1,1,-1,-1,1,-1,-1,-1,-1,0.010277352295815945
-1,-1,-1,-1,1,1,1,-1,1,-1,1,1,-1,-1,-1,1,1,1,0.009591696783900261
-1,-1,-1,-1,1,1,1,-1,1,-1,1,1,-1,1,-1,1,1,1,0.009394017979502678
-1,-1,-1,-1,1,1,1,-1,1,-1,1,1,1,1,1,1,1,1,0.00999477133154869
-1,-1,-1,-1,1,1,1,-1,1,1,-1,-1,-1,-1,1,-1,1,1,0.01027913112193346
-1,-1,-1,-1,1,1,1,-1,1,1,-1,-1,-1,1,1,1,1,-1,0.00908167939633131
-1,-1,-1,-1,1,1,1,-1,1,1,-1,-1,1,1,1,-1,1,-1,0.010182148776948452
-1,-1,-1,-1,1,1,1,-1,1,1,-1,1,-1,1,1,-1,-1,-1,0.009213564917445183
-1,-1,-1,-1,1,1,1,-1,1,1,-1,1,-1,1,1,1,-1,-1,0.008519601076841354
-1,-1,-1,-1,1,1,1,-1,1,1,1,-1,-1,1,-1,-1,-1,-1,0.009505306370556355
-1,-1,-1,-1,1,1,1,-1,1,1,1,-1,-1,1,-1,1,1,-1,0.00886461604386568
-1,-1,-1,-1,1,1,1,-1,1,1,1,-1,1,-1,-1,-1,-1,-1,0.010124686174094677
-1,-1,-1,-1,1,1,1,-1,1,1,1,-1,1,-1,-1,-1,-1,1,0.01041861716657877
-1,-1,-1,-1,1,1,1,-1,1,1,1,-1,1,1,-1,-1,-1,1,0.010217620059847832
-1,-1,-1,-1,1,1,1,-1,1,1,1,1,-1,-1,1,1,1,-1,0.008738481439650059
-1,-1,-1,-1,1,1,1,1,-1,-1,-1,-1,-1,-1,-1,-1,1,1,0.010841979645192623
-1,-1,-1,-1,1,1,1,1,-1,-1,1,-1,-1,-1,-1,-1,1,-1,0.010537807829678059
-1,-1,-1,-1,1,1,1,1,-1,-1,1,-1,1,-1,1,1,1,1,0.010744467377662659
-1,-1,-1,-1,1,1,1,1,-1,-1,1,1,-1,-1,1,-1,-1,-1,0.010158100165426731
-1,-1,-1,-1,1,1,1,1,-1,-1,1,1,1,-1,-1,-1,1,-1,0.010405117645859718
-1,-1,-1,-1,1,1,1,1,-1,1,-1,-1,-1,-1,-1,-1,-1,-1,0.009729364886879921
-1,-1,-1,-1,1,1,1,1,-1,1,-1,-1,-1,1,1,1,-1,-1,0.009041226468980312
-1,-1,-1,-1,1,1,1,1,-1,1,-1,-1,1,1,1,-1,-1,-1,0.010138378478586674
-1,-1,-1,-1,1,1,1,1,-1,1,-1,1,1,1,1,-1,-1,1,0.009899051859974861
-1,-1,-1,-1,1,1,1,1,-1,1,-1,1,1,1,1,1,1,-1,0.008955174125730991
-1,-1,-1,-1,1,1,1,1,-1,1,1,-1,-1,1,1,1,1,1,0.009358979761600494
-1,-1,-1,-1,1,1,1,1,-1,1,1,-1,1,-1,-1,1,1,1,0.009753720834851265
-1,-1,-1,-1,1,1,1,1,1,-1,-1,-1,-1,1,1,-1,-1,1,0.010859068483114243
-1,-1,-1,-1,1,1,1,1,1,-1,-1,-1,1,-1,-1,1,-1,1,0.010580978356301785
-1,-1,-1,-1,1,1,1,1,1,-1,-1,1,-1,-1,-1,-1,1,1,0.010373258963227272
-1,-1,-1,-1,1,1,1,1,1,-1,-1,1,-1,-1,-1,1,1,-1,0.009379425086081028
-1,-1,-1,-1,1,1,1,1,1,-1,-1,1,-1,1,1,1,1,-1,0.00939118955284357
-1,-1,-1,-1,1,1,1,1,1,-1,-1,1,1,-1,1,-1,1,-1,0.010683399625122547
-1,-1,-1,-1,1,1,1,1,1,-1,-1,1,1,1,-1,1,-1,-1,0.009544234722852707
-1,-1,-1,-1,1,1,1,1,1,-1,-1,1,1,1,1,-1,1,-1,0.010485720820724964
-1,-1,-1,-1,1,1,1,1,1,-1,1,-1,-1,1,-1,-1,-1,1,0.010638685896992683
-1,-1,-1,-1,1,1,1,1,1,-1,1,-1,1,-1,1,1,1,1,0.010805685073137283
-1,-1,-1,-1,1,1,1,1,1,-1,1,1,-1,1,-1,1,1,1,0.009455482475459576
-1,-1,-1,-1,1,1,1,1,1,-1,1,1,1,-1,-1,1,-1,-1,0.009725037030875683
-1,-1,-1,-1,1,1,1,1,1,1,-1,-1,-1,-1,-1,1,1,1,0.00943718757480383
-1,-1,-1,-1,1,1,1,1,1,1,-1,-1,-1,1,-1,-1,1,-1,0.00962766446173191
-1,-1,-1,-1,1,1,1,1,1,1,-1,-1,1,1,-1,1,1,-1,0.009346144273877144
-1,-1,-1,-1,1,1,1,1,1,1,-1,1,-1,-1,1,1,1,-1,0.008816823363304138
-1,-1,-1,-1,1,1,1,1,1,1,-1,1,1,-1,-1,-1,-1,1,0.009954444132745266
-1,-1,-1,-1,1,1,1,1,1,1,-1,1,1,1,-1,1,-1,1,0.009053544141352177
-1,-1,-1,-1,1,1,1,1,1,1,1,-1,-1,-1,1,1,-1,-1,0.00929250381886959
-1,-1,-1,-1,1,1,1,1,1,1,1,-1,-1,-1,1,1,1,1,0.00962713360786438
-1,-1,-1,-1,1,1,1,1,1,1,1,-1,-1,1,-1,1,-1,1,0.009166737087070942
-1,-1,-1,-1,1,1,1,1,1,1,1,1,-1,1,-1,-1,-1,-1,0.009042770601809025
-1,-1,-1,1,-1,-1,-1,-1,-1,-1,-1,-1,1,-1,-1,1,1,-1,0.009468046948313713
-1,-1,-1,1,-1,-1,-1,-1,-1,-1,-1,1,-1,1,-1,-1,-1,1,0.009271165356040001
-1,-1,-1,1,-1,-1,-1,-1,-1,-1,-1,1,1,-1,-1,-1,1,-1,0.009622815065085888
-1,-1,-1,1,-1,-1,-1,-1,-1,-1,1,-1,1,-1,1,-1,-1,1,0.01059261430054903
-1,-1,-1,1,-1,-1,-1,-1,-1,-1,1,-1,1,-1,1,-1,1,-1,0.01033676229417324
-1,-1,-1,1,-1,-1,-1,-1,-1,-1,1,1,-1,-1,-1,1,-1,1,0.0087520657107234
-1,-1,-1,1,-1,-1,-1,-1,-1,-1,1,1,-1,1,-1,1,-1,-1,0.008248577825725079
-1,-1,-1,1,-1,-1,-1,-1,-1,1,-1,1,1,-1,1,-1,1,-1,0.009060213342308998
-1,-1,-1,1,-1,-1,-1,-1,-1,1,-1,1,1,-1,1,1,1,1,0.00866611860692501
-1,-1,-1,1,-1,-1,-1,-1,-1,1,1,-1,-1,-1,1,1,-1,-1,0.00842948630452156
-1,-1,-1,1,-1,-1,-1,-1,-1,1,1,-1,-1,1,-1,-1,1,1,0.009053577668964863
-1,-1,-1,1,-1,-1,-1,-1,-1,1,1,1,-1,-1,-1,-1,1,1,0.008712061680853367
-1,-1,-1,1,-1,-1,-1,-1,1,-1,-1,1,-1,1,-1,1,1,1,0.008682436309754848
-1,-1,-1,1,-1,-1,-1,-1,1,-1,1,-1,-1,-1,1,1,1,1,0.009594062343239784
-1,-1,-1,1,-1,-1,-1,-1,1,-1,1,-1,1,1,1,1,1,1,0.009793631732463837
-1,-1,-1,1,-1,-1,-1,-1,1,-1,1,1,-1,-1,-1,-1,1,-1,0.009254712611436844
-1,-1,-1,1,-1,-1,-1,-1,1,-1,1,1,-1,1,-1,-1,-1,-1,0.009003760293126106
-1,-1,-1,1,-1,-1,-1,-1,1,-1,1,1,1,1,-1,1,-1,1,0.009006913751363754
-1,-1,-1,1,-1,-1,-1,-1,1,-1,1,1,1,1,1,1,1,1,0.009260375052690506
-1,-1,-1,1,-1,-1,-1,-1,1,1,-1,-1,-1,-1,1,-1,-1,1,0.009498097002506256
-1,-1,-1,1,-1,-1,-1,-1,1,1,-1,-1,-1,-1,1,1,-1,-1,0.008519458584487438
-1,-1,-1,1,-1,-1,-1,-1,1,1,-1,-1,-1,1,1,-1,1,-1,0.009050503373146057
-1,-1,-1,1,-1,-1,-1,-1,1,1,-1,1,-1,-1,-1,-1,-1,1,0.008767273277044296
-1,-1,-1,1,-1,-1,-1,-1,1,1,-1,1,-1,1,-1,1,1,-1,0.007613839115947485
-1,-1,-1,1,-1,-1,-1,-1,1,1,-1,1,1,1,-1,1,-1,1,0.00827287882566452
-1,-1,-1,1,-1,-1,-1,-1,1,1,1,-1,1,-1,1,-1,1,-1,0.009631872177124023
-1,-1,-1,1,-1,-1,-1,-1,1,1,1,1,-1,-1,-1,-1,-1,1,0.008735201321542263
-1,-1,-1,1,-1,-1,-1,1,-1,-1,-1,-1,-1,-1,-1,-1,-1,-1,0.009767014533281326
-1,-1,-1,1,-1,-1,-1,1,-1,-1,-1,-1,-1,1,1,1,1,1,0.009404249489307404
-1,-1,-1,1,-1,-1,-1,1,-1,-1,-1,-1,1,-1,-1,1,1,1,0.009823442436754704
-1,-1,-1,1,-1,-1,-1,1,-1,-1,-1,-1,1,1,-1,1,1,1,0.00961056724190712
-1,-1,-1,1,-1,-1,-1,1,-1,-1,-1,1,-1,-1,-1,-1,1,1,0.009568387642502785
-1,-1,-1,1,-1,-1,-1,1,-1,-1,-1,1,-1,-1,1,-1,1,-1,0.00948127917945385
-1,-1,-1,1,-1,-1,-1,1,-1,-1,-1,1,-1,-1,1,1,-1,1,0.009033911861479282
-1,-1,-1,1,-1,-1,-1,1,-1,-1,-1,1,-1,-1,1,1,1,1,0.009087185375392437
-1,-1,-1,1,-1,-1,-1,1,-1,-1,-1,1,-1,1,1,1,-1,-1,0.008545619435608387
-1,-1,-1,1,-1,-1,-1,1,-1,-1,1,1,-1,1,-1,1,-1,1,0.008609911426901817
-1,-1,-1,1,-1,-1,-1,1,-1,-1,1,1,1,-1,-1,1,-1,-1,0.008923483081161976
-1,-1,-1,1,-1,-1,-1,1,-1,-1,1,1,1,-1,1,1,1,-1,0.009165066294372082
-1,-1,-1,1,-1,-1,-1,1,-1,1,-1,-1,-1,-1,-1,1,1,-1,0.008345020934939384
-1,-1,-1,1,-1,-1,-1,1,-1,1,-1,-1,-1,-1,1,-1,1,-1,0.00924248993396759
-1,-1,-1,1,-1,-1,-1,1,-1,1,-1,-1,1,1,-1,1,1,-1,0.008544590324163437
-1,-1,-1,1,-1,-1,-1,1,-1,1,-1,-1,1,1,1,1,1,1,0.009038709104061127
-1,-1,-1,1,-1,-1,-1,1,-1,1,-1,1,-1,-1,-1,-1,1,-1,0.008509046398103237
-1,-1,-1,1,-1,-1,-1,1,-1,1,-1,1,1,-1,1,-1,1,1,0.009415607899427414
-1,-1,-1,1,-1,-1,-1,1,-1,1,-1,1,1,1,-1,-1,1,1,0.008989972062408924
-1,-1,-1,1,-1,-1,-1,1,-1,1,1,-1,-1,1,1,-1,-1,1,0.00925933476537466
-1,-1,-1,1,-1,-1,-1,1,-1,1,1,1,-1,-1,1,1,-1,-1,0.007957693189382553
-1,-1,-1,1,-1,-1,-1,1,-1,1,1,1,-1,1,1,-1,-1,-1,0.008438783697783947
-1,-1,-1,1,-1,-1,-1,1,1,-1,-1,-1,1,-1,-1,-1,-1,-1,0.010243994183838367
-1,-1,-1,1,-1,-1,-1,1,1,-1,-1,-1,1,1,-1,-1,-1,1,0.010312476195394993
-1,-1,-1,1,-1,-1,-1,1,1,-1,-1,-1,1,1,1,-1,1,-1,0.010278642177581787
-1,-1,-1,1,-1,-1,-1,1,1,-1,-1,1,-1,-1,-1,-1,1,-1,0.009333053603768349
-1,-1,-1,1,-1,-1,-1,1,1,-1,-1,1,-1,-1,1,1,-1,-1,0.008813773281872272
-1,-1,-1,1,-1,-1,-1,1,1,-1,-1,1,-1,1,1,1,-1,1,0.00888819433748722
-1,-1,-1,1,-1,-1,-1,1,1,-1,-1,1,1,1,-1,-1,-1,-1,0.009503801353275776
-1,-1,-1,1,-1,-1,-1,1,1,-1,1,-1,-1,-1,1,-1,1,-1,0.010056257247924805
-1,-1,-1,1,-1,-1,-1,1,1,-1,1,-1,-1,1,-1,1,-1,1,0.009198448620736599
-1,-1,-1,1,-1,-1,-1,1,1,-1,1,-1,1,1,-1,-1,-1,-1,0.010008304379880428
-1,-1,-1,1,-1,-1,-1,1,1,-1,1,-1,1,1,1,1,-1,-1,0.009514527395367622
-1,-1,-1,1,-1,-1,-1,1,1,-1,1,1,1,1,1,-1,1,-1,0.009719251655042171
-1,-1,-1,1,-1,-1,-1,1,1,1,-1,-1,1,-1,-1,1,-1,1,0.009059340693056583
-1,-1,-1,1,-1,-1,-1,1,1,1,-1,1,-1,-1,-1,-1,1,-1,0.008570264093577862
-1,-1,-1,1,-1,-1,-1,1,1,1,-1,1,1,-1,1,1,-1,1,0.00872958917170763
-1,-1,-1,1,-1,-1,-1,1,1,1,-1,1,1,1,-1,1,1,-1,0.008074210956692696
-1,-1,-1,1,-1,-1,-1,1,1,1,1,-1,-1,-1,1,-1,1,-1,0.009290149435400963
-1,-1,-1,1,-1,-1,-1,1,1,1,1,-1,1,1,1,1,-1,-1,0.008751737885177135
-1,-1,-1,1,-1,-1,-1,1,1,1,1,-1,1,1,1,1,-1,1,0.009027156047523022
-1,-1,-1,1,-1,-1,-1,1,1,1,1,1,-1,-1,-1,1,1,-1,0.007853484712541103
-1,-1,-1,1,-1,-1,-1,1,1,1,1,1,1,1,-1,1,1,-1,0.008058993145823479
-1,-1,-1,1,-1,-1,-1,1,1,1,1,1,1,1,1,-1,-1,-1,0.008897249586880207
-1,-1,-1,1,-1,-1,1,-1,-1,-1,-1,-1,-1,-1,-1,1,-1,1,0.01001125667244196
-1,-1,-1,1,-1,-1,1,-1,-1,-1,-1,-1,-1,-1,-1,1,1,1,0.01005527377128601
-1,-1,-1,1,-1,-1,1,-1,-1,-1,-1,-1,-1,1,-1,1,-1,-1,0.00951370783150196
-1,-1,-1,1,-1,-1,1,-1,-1,-1,-1,-1,1,-1,1,1,-1,1,0.010630522854626179
-1,-1,-1,1,-1,-1,1,-1,-1,-1,-1,-1,1,1,-1,1,-1,1,0.010210826061666012
-1,-1,-1,1,-1,-1,1,-1,-1,-1,-1,-1,1,1,1,1,1,-1,0.01016179658472538
-1,-1,-1,1,-1,-1,1,-1,-1,-1,-1,1,-1,1,1,1,-1,-1,0.009178017266094685
-1,-1,-1,1,-1,-1,1,-1,-1,-1,-1,1,1,-1,1,-1,1,-1,0.010535378009080887
-1,-1,-1,1,-1,-1,1,-1,-1,-1,1,-1,-1,-1,1,1,-1,-1,0.00990465097129345
-1,-1,-1,1,-1,-1,1,-1,-1,-1,1,-1,-1,-1,1,1,1,1,0.010230024345219135
-1,-1,-1,1,-1,-1,1,-1,-1,-1,1,-1,1,-1,1,1,-1,1,0.010598450899124146
-1,-1,-1,1,-1,-1,1,-1,-1,-1,1,-1,1,1,1,1,-1,-1,0.010104220360517502
-1,-1,-1,1,-1,-1,1,-1,-1,-1,1,1,-1,-1,1,1,1,1,0.009706024080514908
-1,-1,-1,1,-1,-1,1,-1,-1,-1,1,1,1,1,-1,1,-1,-1,0.009367458522319794
-1,-1,-1,1,-1,-1,1,-1,-1,1,-1,-1,-1,1,-1,1,1,-1,0.008785679005086422
-1,-1,-1,1,-1,-1,1,-1,-1,1,-1,-1,-1,1,1,-1,-1,1,0.00993306189775467
-1,-1,-1,1,-1,-1,1,-1,-1,1,-1,-1,1,-1,-1,1,-1,1,0.009649033658206463
-1,-1,-1,1,-1,-1,1,-1,-1,1,-1,-1,1,-1,1,1,1,1,0.009896555915474892
-1,-1,-1,1,-1,-1,1,-1,-1,1,-1,-1,1,1,-1,-1,-1,-1,0.009845448657870293
-1,-1,-1,1,-1,-1,1,-1,-1,1,-1,-1,1,1,1,1,1,1,0.00968961976468563
-1,-1,-1,1,-1,-1,1,-1,-1,1,-1,1,-1,-1,-1,1,-1,-1,0.008418658748269081
-1,-1,-1,1,-1,-1,1,-1,-1,1,-1,1,-1,-1,-1,1,-1,1,0.008705953136086464
-1,-1,-1,1,-1,-1,1,-1,-1,1,-1,1,1,-1,-1,1,-1,-1,0.008815906941890717
-1,-1,-1,1,-1,-1,1,-1,-1,1,1,-1,-1,-1,-1,1,-1,1,0.009210456162691116
-1,-1,-1,1,-1,-1,1,-1,-1,1,1,-1,1,1,-1,-1,-1,-1,0.009819315746426582
-1,-1,-1,1,-1,-1,1,-1,-1,1,1,-1,1,1,1,-1,-1,1,0.0103226900100708
-1,-1,-1,1,-1,-1,1,-1,-1,1,1,1,1,1,1,1,-1,-1,0.00880485586822033
-1,-1,-1,1,-1,-1,1,-1,-1,1,1,1,1,1,1,1,1,-1,0.008833677507936954
-1,-1,-1,1,-1,-1,1,-1,1,-1,-1,-1,-1,-1,-1,1,-1,1,0.010081731714308262
-1,-1,-1,1,-1,-1,1,-1,1,-1,-1,-1,-1,1,1,1,-1,-1,0.009772492572665215
-1,-1,-1,1,-1,-1,1,-1,1,-1,-1,-1,1,1,-1,-1,1,1,0.011004086583852768
-1,-1,-1,1,-1,-1,1,-1,1,-1,1,-1,-1,-1,-1,1,1,-1,0.009806381538510323
-1,-1,-1,1,-1,-1,1,-1,1,-1,1,-1,-1,-1,1,1,1,1,0.010291242972016335
-1,-1,-1,1,-1,-1,1,-1,1,-1,1,-1,1,1,1,-1,-1,1,0.011146698147058487
-1,-1,-1,1,-1,-1,1,-1,1,-1,1,1,1,1,1,-1,1,1,0.010660775937139988
-1,-1,-1,1,-1,-1,1,-1,1,1,-1,1,-1,-1,1,1,-1,1,0.008979933336377144
-1,-1,-1,1,-1,-1,1,-1,1,1,-1,1,1,1,1,-1,1,1,0.00990228820592165
-1,-1,-1,1,-1,-1,1,-1,1,1,1,-1,-1,-1,1,-1,-1,-1,0.009878531098365784
-1,-1,-1,1,-1,-1,1,-1,1,1,1,-1,-1,1,1,-1,1,-1,0.009730807505548
-1,-1,-1,1,-1,-1,1,-1,1,1,1,-1,1,-1,1,1,-1,1,0.009896880015730858
-1,-1,-1,1,-1,-1,1,-1,1,1,1,1,-1,-1,-1,-1,-1,1,0.009438320063054562
-1,-1,-1,1,-1,-1,1,-1,1,1,1,1,-1,1,-1,-1,-1,1,0.009240641258656979
-1,-1,-1,1,-1,-1,1,-1,1,1,1,1,-1,1,-1,-1,1,1,0.00928465835750103
-1,-1,-1,1,-1,-1,1,-1,1,1,1,1,1,-1,-1,-1,1,1,0.009882903657853603
-1,-1,-1,1,-1,-1,1,-1,1,1,1,1,1,-1,1,1,1,1,0.009407640434801579
-1,-1,-1,1,-1,-1,1,1,-1,-1,-1,-1,-1,-1,1,1,1,1,0.010323560796678066
-1,-1,-1,1,-1,-1,1,1,-1,-1,-1,-1,-1,1,-1,1,-1,1,0.009869103319942951
-1,-1,-1,1,-1,-1,1,1,-1,-1,-1,-1,1,-1,-1,-1,1,1,0.011214585974812508
-1,-1,-1,1,-1,-1,1,1,-1,-1,-1,-1,1,-1,1,-1,-1,1,0.011380013078451157
-1,-1,-1,1,-1,-1,1,1,-1,-1,-1,-1,1,-1,1,-1,1,-1,0.011124160140752792
-1,-1,-1,1,-1,-1,1,1,-1,-1,-1,-1,1,1,-1,-1,1,-1,0.010707780718803406
-1,-1,-1,1,-1,-1,1,1,-1,-1,-1,1,-1,1,-1,1,1,1,0.009364667348563671
-1,-1,-1,1,-1,-1,1,1,-1,-1,-1,1,1,1,1,-1,-1,1,0.010630563832819462
-1,-1,-1,1,-1,-1,1,1,-1,-1,1,-1,-1,1,1,-1,1,1,0.010772578418254852
-1,-1,-1,1,-1,-1,1,1,-1,-1,1,1,-1,1,-1,-1,-1,1,0.009997738525271416
-1,-1,-1,1,-1,-1,1,1,-1,-1,1,1,-1,1,-1,1,1,-1,0.009051239117980003
-1,-1,-1,1,-1,-1,1,1,-1,-1,1,1,1,1,1,1,-1,-1,0.009632428176701069
-1,-1,-1,1,-1,-1,1,1,-1,1,-1,-1,-1,-1,-1,-1,-1,1,0.00998276099562645
-1,-1,-1,1,-1,-1,1,1,-1,1,-1,-1,-1,-1,-1,-1,1,-1,0.009745421819388866
-1,-1,-1,1,-1,-1,1,1,-1,1,-1,-1,-1,1,-1,-1,-1,-1,0.009491151198744774
-1,-1,-1,1,-1,-1,1,1,-1,1,-1,-1,1,-1,1,-1,-1,1,0.010602028109133244
-1,-1,-1,1,-1,-1,1,1,-1,1,-1,1,1,1,-1,1,-1,-1,0.00867672311142087
-1,-1,-1,1,-1,-1,1,1,-1,1,1,-1,1,1,-1,-1,-1,1,0.010159515775740147
-1,-1,-1,1,-1,-1,1,1,-1,1,1,1,1,-1,1,-1,-1,1,0.010048925410956144
-1,-1,-1,1,-1,-1,1,1,-1,1,1,1,1,1,-1,-1,1,-1,0.009388918988406658
-1,-1,-1,1,-1,-1,1,1,1,-1,-1,-1,1,-1,-1,-1,-1,1,0.011231787502765656
-1,-1,-1,1,-1,-1,1,1,1,-1,-1,1,-1,-1,-1,-1,-1,1,0.010297964327037334
-1,-1,-1,1,-1,-1,1,1,1,-1,1,-1,1,-1,1,-1,-1,1,0.011403220705688
-1,-1,-1,1,-1,-1,1,1,1,-1,1,-1,1,-1,1,1,1,-1,0.010477855801582336
-1,-1,-1,1,-1,-1,1,1,1,-1,1,-1,1,1,-1,1,-1,1,0.01031401101499796
-1,-1,-1,1,-1,-1,1,1,1,-1,1,-1,1,1,1,-1,1,1,0.01124030165374279
-1,-1,-1,1,-1,-1,1,1,1,-1,1,1,-1,1,1,1,1,-1,0.00931596290320158
-1,-1,-1,1,-1,-1,1,1,1,-1,1,1,1,1,1,-1,-1,-1,0.01037241518497467
-1,-1,-1,1,-1,-1,1,1,1,1,-1,-1,-1,1,-1,-1,-1,-1,0.009561626240611076
-1,-1,-1,1,-1,-1,1,1,1,1,-1,-1,-1,1,-1,1,1,-1,0.008902422152459621
-1,-1,-1,1,-1,-1,1,1,1,1,-1,-1,1,-1,-1,1,1,1,0.00980053748935461
-1,-1,-1,1,-1,-1,1,1,1,1,-1,-1,1,-1,1,-1,1,-1,0.010422589257359505
-1,-1,-1,1,-1,-1,1,1,1,1,-1,-1,1,1,-1,-1,-1,1,0.010243549011647701
-1,-1,-1,1,-1,-1,1,1,1,1,-1,-1,1,1,1,-1,-1,-1,0.010156441479921341
-1,-1,-1,1,-1,-1,1,1,1,1,-1,1,1,1,1,-1,1,1,0.009963752701878548
-1,-1,-1,1,-1,-1,1,1,1,1,1,-1,-1,1,-1,-1,-1,-1,0.009529554285109043
-1,-1,-1,1,-1,-1,1,1,1,1,1,-1,1,-1,-1,-1,-1,-1,0.01013705600053072
-1,-1,-1,1,-1,-1,1,1,1,1,1,-1,1,1,-1,-1,1,1,0.010270689614117146
-1,-1,-1,1,-1,-1,1,1,1,1,1,-1,1,1,-1,1,-1,-1,0.009245413355529308
-1,-1,-1,1,-1,-1,1,1,1,1,1,1,-1,-1,1,1,-1,-1,0.008712774142622948
-1,-1,-1,1,-1,-1,1,1,1,1,1,1,-1,-1,1,1,-1,1,0.009003386832773685
-1,-1,-1,1,-1,-1,1,1,1,1,1,1,-1,1,-1,1,1,1,0.00863102450966835
-1,-1,-1,1,-1,1,-1,-1,-1,-1,-1,-1,-1,-1,-1,-1,1,1,0.01021150965243578
-1,-1,-1,1,-1,1,-1,-1,-1,-1,-1,1,-1,-1,-1,-1,-1,-1,0.00934362318366766
-1,-1,-1,1,-1,1,-1,-1,-1,-1,1,1,-1,-1,1,1,1,1,0.009164978750050068
-1,-1,-1,1,-1,1,-1,-1,-1,-1,1,1,-1,1,-1,-1,1,1,0.009439244866371155
-1,-1,-1,1,-1,1,-1,-1,-1,-1,1,1,-1,1,-1,1,1,-1,0.00846986286342144
-1,-1,-1,1,-1,1,-1,-1,-1,-1,1,1,-1,1,1,-1,1,1,0.009652006439864635
-1,-1,-1,1,-1,1,-1,-1,-1,1,-1,1,-1,1,1,1,1,1,0.008208812214434147
-1,-1,-1,1,-1,1,-1,-1,-1,1,1,-1,-1,1,-1,1,1,1,0.008512429893016815
-1,-1,-1,1,-1,1,-1,-1,-1,1,1,-1,1,-1,1,-1,1,1,0.010017401538789272
-1,-1,-1,1,-1,1,-1,-1,-1,1,1,1,-1,1,1,-1,-1,1,0.00882668700069189
-1,-1,-1,1,-1,1,-1,-1,-1,1,1,1,1,-1,1,-1,1,-1,0.009199470281600952
-1,-1,-1,1,-1,1,-1,-1,1,-1,-1,-1,1,1,-1,-1,-1,-1,0.010128410533070564
-1,-1,-1,1,-1,1,-1,-1,1,-1,-1,1,-1,-1,-1,1,1,-1,0.008754894137382507
-1,-1,-1,1,-1,1,-1,-1,1,-1,-1,1,-1,-1,1,1,1,-1,0.008964337408542633
-1,-1,-1,1,-1,1,-1,-1,1,-1,-1,1,-1,1,1,-1,1,-1,0.009442109614610672
-1,-1,-1,1,-1,1,-1,-1,1,-1,-1,1,1,-1,-1,-1,-1,-1,0.009808028116822243
-1,-1,-1,1,-1,1,-1,-1,1,-1,-1,1,1,1,-1,1,1,-1,0.00895446352660656
-1,-1,-1,1,-1,1,-1,-1,1,-1,1,-1,-1,-1,1,1,1,1,0.009759453125298023
-1,-1,-1,1,-1,1,-1,-1,1,-1,1,1,-1,-1,-1,1,1,1,0.009028630331158638
-1,-1,-1,1,-1,1,-1,-1,1,1,-1,-1,1,1,-1,-1,-1,-1,0.009365621022880077
-1,-1,-1,1,-1,1,-1,-1,1,1,-1,1,-1,-1,-1,1,-1,-1,0.007929574698209763
-1,-1,-1,1,-1,1,-1,-1,1,1,-1,1,-1,1,-1,1,1,1,0.008066524751484394
-1,-1,-1,1,-1,1,-1,-1,1,1,-1,1,1,-1,-1,-1,-1,1,0.009335851296782494
-1,-1,-1,1,-1,1,-1,-1,1,1,-1,1,1,1,-1,1,1,-1,0.008179099299013615
-1,-1,-1,1,-1,1,-1,-1,1,1,-1,1,1,1,1,1,1,-1,0.008382604457437992
-1,-1,-1,1,-1,1,-1,-1,1,1,1,-1,1,1,-1,-1,1,-1,0.009386822581291199
-1,-1,-1,1,-1,1,-1,-1,1,1,1,-1,1,1,1,1,1,1,0.009192915633320808
-1,-1,-1,1,-1,1,-1,-1,1,1,1,1,-1,1,-1,1,1,-1,0.007759035564959049
-1,-1,-1,1,-1,1,-1,1,-1,-1,-1,-1,-1,-1,1,1,1,1,0.0097673200070858
-1,-1,-1,1,-1,1,-1,1,-1,-1,-1,-1,1,1,-1,1,1,1,0.009772640652954578
-1,-1,-1,1,-1,1,-1,1,-1,-1,-1,1,1,-1,1,-1,1,-1,0.010043919086456299
-1,-1,-1,1,-1,1,-1,1,-1,-1,1,-1,1,-1,1,1,-1,-1,0.009825636632740498
-1,-1,-1,1,-1,1,-1,1,-1,-1,1,1,-1,-1,-1,-1,1,-1,0.009426288306713104
-1,-1,-1,1,-1,1,-1,1,-1,-1,1,1,-1,-1,1,-1,-1,-1,0.009579838253557682
-1,-1,-1,1,-1,1,-1,1,-1,-1,1,1,-1,-1,1,-1,1,1,0.009905211627483368
-1,-1,-1,1,-1,1,-1,1,-1,-1,1,1,-1,1,1,-1,1,1,0.00970421452075243
-1,-1,-1,1,-1,1,-1,1,-1,-1,1,1,1,-1,-1,1,-1,-1,0.009088873863220215
-1,-1,-1,1,-1,1,-1,1,-1,-1,1,1,1,-1,1,-1,-1,-1,0.00998302549123764
-1,-1,-1,1,-1,1,-1,1,-1,-1,1,1,1,1,-1,1,-1,-1,0.008872682228684425
-1,-1,-1,1,-1,1,-1,1,-1,1,-1,-1,-1,-1,-1,1,-1,-1,0.008463077247142792
-1,-1,-1,1,-1,1,-1,1,-1,1,-1,-1,1,1,-1,-1,-1,1,0.009650541469454765
-1,-1,-1,1,-1,1,-1,1,-1,1,-1,-1,1,1,1,-1,1,-1,0.009613389149308205
-1,-1,-1,1,-1,1,-1,1,-1,1,-1,1,-1,1,-1,1,1,1,0.008060832507908344
-1,-1,-1,1,-1,1,-1,1,-1,1,-1,1,1,-1,-1,-1,1,-1,0.009077624417841434
-1,-1,-1,1,-1,1,-1,1,-1,1,-1,1,1,-1,1,-1,1,-1,0.009287068620324135
-1,-1,-1,1,-1,1,-1,1,-1,1,1,-1,1,1,-1,-1,-1,1,0.009624408558011055
-1,-1,-1,1,-1,1,-1,1,-1,1,1,-1,1,1,-1,1,-1,1,0.008924505673348904
-1,-1,-1,1,-1,1,-1,1,-1,1,1,1,-1,1,1,-1,1,1,0.00893216859549284
-1,-1,-1,1,-1,1,-1,1,-1,1,1,1,1,-1,-1,-1,1,-1,0.009045552462339401
-1,-1,-1,1,-1,1,-1,1,1,-1,-1,-1,-1,-1,-1,-1,-1,1,0.010284236632287502
-1,-1,-1,1,-1,1,-1,1,1,-1,-1,-1,-1,-1,1,-1,1,-1,0.010231888853013515
-1,-1,-1,1,-1,1,-1,1,1,-1,-1,-1,-1,1,-1,-1,1,-1,0.009830704890191555
-1,-1,-1,1,-1,1,-1,1,1,-1,1,-1,-1,-1,1,-1,-1,1,0.010470865294337273
-1,-1,-1,1,-1,1,-1,1,1,-1,1,-1,-1,1,-1,-1,-1,1,0.010054485872387886
-1,-1,-1,1,-1,1,-1,1,1,-1,1,-1,-1,1,-1,-1,1,1,0.010098502039909363
-1,-1,-1,1,-1,1,-1,1,1,-1,1,1,-1,1,1,-1,-1,-1,0.009440059773623943
-1,-1,-1,1,-1,1,-1,1,1,-1,1,1,1,-1,1,-1,-1,-1,0.010044243186712265
-1,-1,-1,1,-1,1,-1,1,1,-1,1,1,1,-1,1,1,1,1,0.009678971022367477
-1,-1,-1,1,-1,1,-1,1,1,1,-1,-1,-1,1,1,1,-1,-1,0.008520864881575108
-1,-1,-1,1,-1,1,-1,1,1,1,-1,-1,1,-1,-1,1,-1,-1,0.008934118784964085
-1,-1,-1,1,-1,1,-1,1,1,1,-1,1,-1,-1,1,1,-1,-1,0.008194543421268463
-1,-1,-1,1,-1,1,-1,1,1,1,-1,1,-1,1,-1,-1,-1,-1,0.008472127839922905
-1,-1,-1,1,-1,1,-1,1,1,1,-1,1,-1,1,1,-1,1,-1,0.008719650097191334
-1,-1,-1,1,-1,1,-1,1,1,1,-1,1,-1,1,1,1,-1,-1,0.00799686461687088
-1,-1,-1,1,-1,1,-1,1,1,1,-1,1,1,1,1,-1,1,1,0.009431963786482811
-1,-1,-1,1,-1,1,-1,1,1,1,1,-1,-1,1,1,-1,-1,-1,0.009195331484079361
-1,-1,-1,1,-1,1,-1,1,1,1,1,-1,1,-1,-1,-1,1,1,0.009945835918188095
-1,-1,-1,1,-1,1,-1,1,1,1,1,-1,1,-1,1,1,-1,1,0.009396164678037167
-1,-1,-1,1,-1,1,-1,1,1,1,1,1,1,-1,1,-1,1,-1,0.009310275316238403
-1,-1,-1,1,-1,1,1,-1,-1,-1,-1,-1,-1,1,-1,1,-1,1,0.00997565034776926
-1,-1,-1,1,-1,1,1,-1,-1,-1,-1,-1,1,-1,1,1,-1,1,0.010783339850604534
-1,-1,-1,1,-1,1,1,-1,-1,-1,-1,1,-1,1,-1,1,1,-1,0.009180602617561817
-1,-1,-1,1,-1,1,1,-1,-1,-1,-1,1,1,1,-1,1,1,-1,0.009593046270310879
-1,-1,-1,1,-1,1,1,-1,-1,-1,-1,1,1,1,1,-1,1,-1,0.010490515269339085
-1,-1,-1,1,-1,1,1,-1,-1,-1,1,-1,1,-1,-1,1,1,-1,0.01031374093145132
-1,-1,-1,1,-1,1,1,-1,-1,1,-1,-1,-1,-1,1,1,1,1,0.009648805484175682
-1,-1,-1,1,-1,1,1,-1,-1,1,-1,-1,1,-1,-1,-1,1,1,0.010545769706368446
-1,-1,-1,1,-1,1,1,-1,-1,1,1,-1,-1,1,-1,1,-1,1,0.009176160674542189
-1,-1,-1,1,-1,1,1,-1,-1,1,1,-1,1,1,-1,1,1,-1,0.009340697899460793
-1,-1,-1,1,-1,1,1,-1,-1,1,1,1,-1,1,-1,-1,1,-1,0.009094900451600552
-1,-1,-1,1,-1,1,1,-1,-1,1,1,1,1,-1,-1,1,-1,-1,0.008955164812505245
-1,-1,-1,1,-1,1,1,-1,-1,1,1,1,1,1,-1,-1,-1,-1,0.009457387961447239
-1,-1,-1,1,-1,1,1,-1,1,-1,-1,-1,-1,-1,1,1,-1,-1,0.010156696662306786
-1,-1,-1,1,-1,1,1,-1,1,-1,-1,-1,-1,-1,1,1,1,-1,0.010200713761150837
-1,-1,-1,1,-1,1,1,-1,1,-1,-1,-1,-1,1,1,-1,-1,1,0.010934337973594666
-1,-1,-1,1,-1,1,1,-1,1,-1,-1,-1,1,-1,-1,-1,-1,1,0.011338334530591965
-1,-1,-1,1,-1,1,1,-1,1,-1,-1,-1,1,1,1,1,-1,-1,0.010356266051530838
-1,-1,-1,1,-1,1,1,-1,1,-1,-1,1,1,1,1,-1,-1,-1,0.010516973212361336
-1,-1,-1,1,-1,1,1,-1,1,-1,1,-1,-1,-1,-1,1,-1,1,0.010211732238531113
-1,-1,-1,1,-1,1,1,-1,1,-1,1,-1,-1,1,-1,-1,1,-1,0.010452164337038994
-1,-1,-1,1,-1,1,1,-1,1,-1,1,-1,1,-1,-1,1,1,-1,0.010380897670984268
-1,-1,-1,1,-1,1,1,-1,1,-1,1,-1,1,-1,1,-1,1,-1,0.011269111186265945
-1,-1,-1,1,-1,1,1,-1,1,-1,1,1,-1,-1,1,1,1,-1,0.009644641540944576
-1,-1,-1,1,-1,1,1,-1,1,-1,1,1,1,-1,-1,-1,-1,1,0.010782262310385704
-1,-1,-1,1,-1,1,1,-1,1,1,-1,-1,-1,1,-1,1,1,1,0.00929364375770092
-1,-1,-1,1,-1,1,1,-1,1,1,1,-1,-1,1,1,-1,1,1,0.01016829814761877
-1,-1,-1,1,-1,1,1,-1,1,1,1,-1,1,1,1,-1,1,-1,0.010293446481227875
-1,-1,-1,1,-1,1,1,-1,1,1,1,1,-1,1,-1,1,1,1,0.008743510581552982
-1,-1,-1,1,-1,1,1,1,-1,-1,-1,1,-1,1,1,1,-1,1,0.009686228819191456
-1,-1,-1,1,-1,1,1,1,-1,-1,-1,1,1,-1,1,-1,-1,1,0.011002890765666962
-1,-1,-1,1,-1,1,1,1,-1,-1,-1,1,1,-1,1,1,-1,1,0.010305608622729778
-1,-1,-1,1,-1,1,1,1,-1,-1,-1,1,1,1,-1,-1,-1,-1,0.010307775810360909
-1,-1,-1,1,-1,1,1,1,-1,-1,-1,1,1,1,1,1,-1,-1,0.009811378084123135
-1,-1,-1,1,-1,1,1,1,-1,-1,1,-1,-1,1,1,-1,1,-1,0.010649977251887321
-1,-1,-1,1,-1,1,1,1,-1,-1,1,-1,1,1,-1,1,1,1,0.010449626483023167
-1,-1,-1,1,-1,1,1,1,-1,-1,1,1,-1,-1,-1,1,-1,-1,0.009376231580972672
-1,-1,-1,1,-1,1,1,1,-1,-1,1,1,-1,1,-1,-1,1,1,0.010207146406173706
-1,-1,-1,1,-1,1,1,1,-1,-1,1,1,1,-1,1,-1,-1,-1,0.010680205188691616
-1,-1,-1,1,-1,1,1,1,-1,-1,1,1,1,1,1,-1,-1,-1,0.010479208081960678
-1,-1,-1,1,-1,1,1,1,-1,1,-1,1,-1,-1,1,-1,-1,-1,0.009530408307909966
-1,-1,-1,1,-1,1,1,1,-1,1,-1,1,-1,-1,1,1,-1,1,0.00913037545979023
-1,-1,-1,1,-1,1,1,1,-1,1,-1,1,1,-1,1,1,-1,1,0.009533562697470188
-1,-1,-1,1,-1,1,1,1,-1,1,-1,1,1,1,1,1,1,-1,0.009083348326385021
-1,-1,-1,1,-1,1,1,1,-1,1,1,-1,1,-1,-1,1,-1,-1,0.009553204290568829
-1,-1,-1,1,-1,1,1,1,-1,1,1,-1,1,1,1,-1,-1,-1,0.01023448072373867
-1,-1,-1,1,-1,1,1,1,-1,1,1,1,-1,1,-1,1,-1,-1,0.008406505919992924
-1,-1,-1,1,-1,1,1,1,-1,1,1,1,-1,1,-1,1,1,-1,0.008447205647826195
-1,-1,-1,1,-1,1,1,1,-1,1,1,1,1,-1,1,-1,-1,-1,0.009908159263432026
-1,-1,-1,1,-1,1,1,1,-1,1,1,1,1,1,1,-1,1,-1,0.00975117925554514
-1,-1,-1,1,-1,1,1,1,1,-1,-1,-1,1,1,1,-1,-1,1,0.011396368965506554
-1,-1,-1,1,-1,1,1,1,1,-1,-1,1,-1,-1,-1,-1,-1,-1,0.01016942411661148
-1,-1,-1,1,-1,1,1,1,1,-1,-1,1,-1,-1,1,-1,-1,-1,0.010372929275035858
-1,-1,-1,1,-1,1,1,1,1,-1,-1,1,1,-1,1,-1,-1,1,0.011054852046072483
-1,-1,-1,1,-1,1,1,1,1,-1,1,-1,-1,-1,-1,-1,1,1,0.011014495976269245
-1,-1,-1,1,-1,1,1,1,1,-1,1,-1,-1,1,-1,1,1,1,0.01009840052574873
-1,-1,-1,1,-1,1,1,1,1,-1,1,-1,-1,1,1,1,-1,1,0.010263827629387379
-1,-1,-1,1,-1,1,1,1,1,-1,1,-1,1,1,1,1,-1,-1,0.010383037850260735
-1,-1,-1,1,-1,1,1,1,1,-1,1,1,-1,-1,1,-1,-1,-1,0.010340857319533825
-1,-1,-1,1,-1,1,1,1,1,-1,1,1,-1,-1,1,1,1,-1,0.009684971533715725
-1,-1,-1,1,-1,1,1,1,1,-1,1,1,-1,1,1,1,-1,-1,0.009434019215404987
-1,-1,-1,1,-1,1,1,1,1,-1,1,1,1,-1,1,1,1,1,0.010388028807938099
-1,-1,-1,1,-1,1,1,1,1,1,-1,-1,-1,1,1,-1,1,1,0.010252577252686024
-1,-1,-1,1,-1,1,1,1,1,1,1,-1,1,1,-1,-1,1,-1,0.010145467706024647
-1,-1,-1,1,-1,1,1,1,1,1,1,-1,1,1,1,1,1,1,0.009945621713995934
-1,-1,-1,1,-1,1,1,1,1,1,1,1,-1,-1,1,1,-1,1,0.009165460243821144
-1,-1,-1,1,-1,1,1,1,1,1,1,1,1,-1,1,-1,1,1,0.01031920313835144
-1,-1,-1,1,-1,1,1,1,1,1,1,1,1,1,-1,1,-1,-1,0.008880168199539185
-1,-1,-1,1,1,-1,-1,-1,-1,-1,-1,-1,-1,-1,-1,1,1,-1,0.009230253286659718
-1,-1,-1,1,1,-1,-1,-1,-1,-1,-1,-1,-1,1,-1,1,-1,1,0.009269913658499718
-1,-1,-1,1,1,-1,-1,-1,-1,-1,-1,-1,-1,1,1,-1,-1,1,0.01015812624245882
-1,-1,-1,1,1,-1,-1,-1,-1,-1,-1,1,1,-1,-1,-1,-1,1,0.010044061578810215
-1,-1,-1,1,1,-1,-1,-1,-1,-1,-1,1,1,1,1,-1,1,-1,0.009778839536011219
-1,-1,-1,1,1,-1,-1,-1,-1,-1,1,1,-1,-1,-1,-1,-1,1,0.009608802385628223
-1,-1,-1,1,1,-1,-1,-1,-1,-1,1,1,-1,-1,1,1,1,-1,0.008877686224877834
-1,-1,-1,1,1,-1,-1,-1,-1,-1,1,1,1,-1,-1,-1,1,1,0.01005006767809391
-1,-1,-1,1,1,-1,-1,-1,-1,-1,1,1,1,1,1,1,1,1,0.009358611889183521
-1,-1,-1,1,1,-1,-1,-1,-1,1,-1,-1,-1,-1,-1,-1,-1,1,0.009389510378241539
-1,-1,-1,1,1,-1,-1,-1,-1,1,-1,-1,-1,-1,-1,1,-1,-1,0.008404933847486973
-1,-1,-1,1,1,-1,-1,-1,-1,1,-1,-1,-1,1,1,-1,1,1,0.009424158371984959
-1,-1,-1,1,1,-1,-1,-1,-1,1,-1,-1,1,-1,-1,-1,1,-1,0.009552737697958946
-1,-1,-1,1,1,-1,-1,-1,-1,1,-1,-1,1,-1,1,1,-1,1,0.009314813651144505
-1,-1,-1,1,1,-1,-1,-1,-1,1,-1,1,-1,-1,-1,-1,-1,1,0.008865510113537312
-1,-1,-1,1,1,-1,-1,-1,-1,1,-1,1,-1,1,-1,-1,1,1,0.00868739653378725
-1,-1,-1,1,1,-1,-1,-1,-1,1,-1,1,1,1,1,1,1,-1,0.008322086185216904
-1,-1,-1,1,1,-1,-1,-1,-1,1,1,-1,-1,-1,1,-1,1,1,0.009614217095077038
-1,-1,-1,1,1,-1,-1,-1,-1,1,1,1,-1,-1,-1,1,-1,1,0.00813947431743145
-1,-1,-1,1,1,-1,-1,-1,-1,1,1,1,-1,1,-1,1,1,1,0.007979873567819595
-1,-1,-1,1,1,-1,-1,-1,-1,1,1,1,1,-1,1,1,1,-1,0.008496950380504131
-1,-1,-1,1,1,-1,-1,-1,1,-1,-1,-1,-1,-1,-1,1,1,1,0.009576145559549332
-1,-1,-1,1,1,-1,-1,-1,1,-1,-1,-1,-1,1,-1,1,1,-1,0.009078597649931908
-1,-1,-1,1,1,-1,-1,-1,1,-1,-1,-1,-1,1,1,-1,-1,-1,0.009932049550116062
-1,-1,-1,1,1,-1,-1,-1,1,-1,-1,1,-1,1,1,-1,1,-1,0.009439491666853428
-1,-1,-1,1,1,-1,-1,-1,1,-1,-1,1,-1,1,1,1,1,-1,0.0087455278262496
-1,-1,-1,1,1,-1,-1,-1,1,-1,-1,1,1,-1,-1,1,1,-1,0.009164719842374325
-1,-1,-1,1,1,-1,-1,-1,1,-1,1,-1,-1,-1,-1,-1,-1,1,0.01019402127712965
-1,-1,-1,1,1,-1,-1,-1,1,-1,1,-1,-1,1,-1,-1,1,1,0.010037041269242764
-1,-1,-1,1,1,-1,-1,-1,1,-1,1,1,-1,-1,-1,1,-1,1,0.008981995284557343
-1,-1,-1,1,1,-1,-1,-1,1,-1,1,1,-1,-1,-1,1,1,-1,0.00872020423412323
-1,-1,-1,1,1,-1,-1,-1,1,1,-1,-1,-1,1,-1,-1,1,1,0.009297067299485207
-1,-1,-1,1,1,-1,-1,-1,1,1,-1,-1,1,1,1,-1,-1,-1,0.009572447277605534
-1,-1,-1,1,1,-1,-1,-1,1,1,-1,1,-1,-1,1,-1,-1,1,0.009120977483689785
-1,-1,-1,1,1,-1,-1,-1,1,1,-1,1,-1,-1,1,1,-1,1,0.008421074599027634
-1,-1,-1,1,1,-1,-1,-1,1,1,-1,1,-1,1,1,-1,-1,-1,0.008626746945083141
-1,-1,-1,1,1,-1,-1,-1,1,1,-1,1,1,-1,-1,-1,1,-1,0.00907738134264946
-1,-1,-1,1,1,-1,-1,-1,1,1,-1,1,1,-1,-1,-1,1,1,0.009371312335133553
-1,-1,-1,1,1,-1,-1,-1,1,1,-1,1,1,1,-1,-1,-1,-1,0.008829746395349503
-1,-1,-1,1,1,-1,-1,-1,1,1,1,-1,1,-1,-1,-1,1,1,0.009881753474473953
-1,-1,-1,1,1,-1,-1,-1,1,1,1,-1,1,1,-1,1,1,-1,0.008690240792930126
-1,-1,-1,1,1,-1,-1,-1,1,1,1,1,-1,1,1,-1,1,1,0.008938561193645
-1,-1,-1,1,1,-1,-1,-1,1,1,1,1,1,-1,1,-1,-1,1,0.009507984854280949
-1,-1,-1,1,1,-1,-1,1,-1,-1,-1,-1,-1,1,1,-1,1,-1,0.009976312518119812
-1,-1,-1,1,1,-1,-1,1,-1,-1,-1,-1,1,-1,-1,-1,1,-1,0.010376991704106331
-1,-1,-1,1,1,-1,-1,1,-1,-1,-1,-1,1,1,-1,-1,1,-1,0.010164117440581322
-1,-1,-1,1,1,-1,-1,1,-1,-1,-1,-1,1,1,1,-1,1,1,0.01066417433321476
-1,-1,-1,1,1,-1,-1,1,-1,-1,-1,1,-1,-1,-1,1,-1,-1,0.008702566847205162
-1,-1,-1,1,1,-1,-1,1,-1,-1,-1,1,-1,-1,-1,1,1,-1,0.008746583946049213
-1,-1,-1,1,1,-1,-1,1,-1,-1,-1,1,1,1,1,-1,-1,-1,0.00979960523545742
-1,-1,-1,1,1,-1,-1,1,-1,-1,1,-1,-1,-1,-1,-1,1,1,0.010232345201075077
-1,-1,-1,1,1,-1,-1,1,-1,-1,1,-1,-1,1,-1,-1,-1,1,0.009996588341891766
-1,-1,-1,1,1,-1,-1,1,-1,-1,1,-1,-1,1,1,-1,1,1,0.010244110599160194
-1,-1,-1,1,1,-1,-1,1,-1,-1,1,-1,1,-1,-1,-1,1,1,0.010648107156157494
-1,-1,-1,1,1,-1,-1,1,-1,-1,1,-1,1,-1,-1,1,1,1,0.009960082359611988
-1,-1,-1,1,1,-1,-1,1,-1,-1,1,-1,1,1,-1,-1,1,1,0.010437853634357452
-1,-1,-1,1,1,-1,-1,1,-1,-1,1,1,-1,-1,-1,-1,1,-1,0.009408475831151009
-1,-1,-1,1,1,-1,-1,1,-1,-1,1,1,1,-1,-1,1,-1,-1,0.00908293854445219
-1,-1,-1,1,1,-1,-1,1,-1,-1,1,1,1,-1,1,-1,1,1,0.010309099219739437
-1,-1,-1,1,1,-1,-1,1,-1,1,-1,-1,-1,1,-1,-1,-1,-1,0.008941548876464367
-1,-1,-1,1,1,-1,-1,1,-1,1,-1,-1,1,1,-1,-1,1,-1,0.009401327930390835
-1,-1,-1,1,1,-1,-1,1,-1,1,-1,-1,1,1,-1,1,-1,1,0.008950641378760338
-1,-1,-1,1,1,-1,-1,1,-1,1,-1,-1,1,1,1,1,1,1,0.009192225523293018
-1,-1,-1,1,1,-1,-1,1,-1,1,-1,1,1,-1,-1,1,1,1,0.0086716553196311
-1,-1,-1,1,1,-1,-1,1,-1,1,-1,1,1,1,-1,1,1,-1,0.008164850063621998
-1,-1,-1,1,1,-1,-1,1,-1,1,1,-1,-1,-1,-1,1,1,1,0.008772273547947407
-1,-1,-1,1,1,-1,-1,1,-1,1,1,-1,1,1,-1,1,1,-1,0.008681230247020721
-1,-1,-1,1,1,-1,-1,1,-1,1,1,1,-1,-1,1,1,1,-1,0.00815522763878107
-1,-1,-1,1,1,-1,-1,1,-1,1,1,1,-1,1,1,1,1,-1,0.007944973185658455
-1,-1,-1,1,1,-1,-1,1,-1,1,1,1,1,-1,-1,-1,-1,-1,0.009004856459796429
-1,-1,-1,1,1,-1,-1,1,-1,1,1,1,1,-1,1,1,-1,1,0.008805010467767715
-1,-1,-1,1,1,-1,-1,1,-1,1,1,1,1,1,1,-1,1,-1,0.009045442566275597
-1,-1,-1,1,1,-1,-1,1,-1,1,1,1,1,1,1,-1,1,1,0.009336055256426334
-1,-1,-1,1,1,-1,-1,1,-1,1,1,1,1,1,1,1,-1,1,0.008598074316978455
-1,-1,-1,1,1,-1,-1,1,1,-1,-1,-1,-1,1,-1,-1,-1,-1,0.00978406984359026
-1,-1,-1,1,1,-1,-1,1,1,-1,-1,1,-1,-1,-1,-1,-1,-1,0.00945774931460619
-1,-1,-1,1,1,-1,-1,1,1,-1,-1,1,1,-1,1,-1,-1,-1,0.010067759081721306
-1,-1,-1,1,1,-1,-1,1,1,-1,-1,1,1,1,1,1,1,1,0.009501488879323006
-1,-1,-1,1,1,-1,-1,1,1,-1,1,-1,-1,1,-1,1,-1,-1,0.009073229506611824
-1,-1,-1,1,1,-1,-1,1,1,-1,1,-1,1,1,-1,-1,1,-1,0.010211776942014694
-1,-1,-1,1,1,-1,-1,1,1,-1,1,1,-1,-1,1,1,1,1,0.00926984753459692
-1,-1,-1,1,1,-1,-1,1,1,-1,1,1,1,-1,1,1,-1,1,0.009638275019824505
-1,-1,-1,1,1,-1,-1,1,1,1,-1,1,-1,1,-1,1,-1,-1,0.00777554651722312
-1,-1,-1,1,1,-1,-1,1,1,1,-1,1,1,1,-1,1,-1,1,0.008472664281725883
-1,-1,-1,1,1,-1,-1,1,1,1,1,-1,-1,-1,-1,-1,-1,1,0.009492696262896061
-1,-1,-1,1,1,-1,-1,1,1,1,1,-1,1,1,-1,1,-1,1,0.008989044465124607
-1,-1,-1,1,1,-1,-1,1,1,1,1,-1,1,1,1,1,1,1,0.009230627678334713
-1,-1,-1,1,1,-1,-1,1,1,1,1,1,-1,-1,-1,-1,-1,1,0.008950182236731052
-1,-1,-1,1,1,-1,-1,1,1,1,1,1,-1,1,1,1,-1,-1,0.007956236600875854
-1,-1,-1,1,1,-1,1,-1,-1,-1,-1,-1,-1,1,1,1,-1,1,0.01017059851437807
-1,-1,-1,1,1,-1,1,-1,-1,-1,-1,-1,1,1,1,1,1,-1,0.010327190160751343
-1,-1,-1,1,1,-1,1,-1,-1,-1,-1,1,-1,1,1,-1,1,-1,0.010081391781568527
-1,-1,-1,1,1,-1,1,-1,-1,-1,-1,1,1,-1,1,1,1,-1,0.010004187002778053
-1,-1,-1,1,1,-1,1,-1,-1,-1,1,-1,-1,-1,1,-1,1,-1,0.010802087374031544
-1,-1,-1,1,1,-1,1,-1,-1,-1,1,-1,-1,-1,1,-1,1,1,0.011098639108240604
-1,-1,-1,1,1,-1,1,-1,-1,-1,1,-1,-1,1,1,-1,-1,-1,0.010547816753387451
-1,-1,-1,1,1,-1,1,-1,-1,-1,1,-1,1,-1,-1,-1,-1,-1,0.010967008769512177
-1,-1,-1,1,1,-1,1,-1,-1,-1,1,-1,1,-1,-1,1,1,-1,0.010301866568624973
-1,-1,-1,1,1,-1,1,-1,-1,-1,1,-1,1,-1,1,1,-1,-1,0.010476550087332726
-1,-1,-1,1,1,-1,1,-1,-1,-1,1,-1,1,-1,1,1,1,-1,0.010514628142118454
-1,-1,-1,1,1,-1,1,-1,-1,-1,1,1,1,-1,-1,-1,-1,-1,0.010427813977003098
-1,-1,-1,1,1,-1,1,-1,-1,-1,1,1,1,-1,-1,1,1,-1,0.009783805347979069
-1,-1,-1,1,1,-1,1,-1,-1,-1,1,1,1,1,-1,-1,1,1,0.010552190244197845
-1,-1,-1,1,1,-1,1,-1,-1,-1,1,1,1,1,-1,1,-1,1,0.009814208373427391
-1,-1,-1,1,1,-1,1,-1,-1,1,-1,-1,-1,1,-1,-1,1,1,0.00992377195507288
-1,-1,-1,1,1,-1,1,-1,-1,1,-1,1,-1,-1,1,-1,-1,1,0.009762877598404884
-1,-1,-1,1,1,-1,1,-1,-1,1,-1,1,1,1,-1,1,-1,-1,0.008774365298449993
-1,-1,-1,1,1,-1,1,-1,-1,1,-1,1,1,1,-1,1,1,1,0.009112313389778137
-1,-1,-1,1,1,-1,1,-1,-1,1,1,-1,-1,1,-1,-1,-1,-1,0.009581522084772587
-1,-1,-1,1,1,-1,1,-1,-1,1,1,1,-1,1,1,1,-1,-1,0.008548549376428127
-1,-1,-1,1,1,-1,1,-1,-1,1,1,1,1,-1,-1,-1,-1,1,0.009946380741894245
-1,-1,-1,1,1,-1,1,-1,-1,1,1,1,1,-1,1,1,-1,1,0.009449634235352278
-1,-1,-1,1,1,-1,1,-1,1,-1,-1,-1,1,-1,-1,-1,-1,1,0.011326460167765617
-1,-1,-1,1,1,-1,1,-1,1,-1,-1,-1,1,-1,-1,1,-1,-1,0.010357078164815903
-1,-1,-1,1,1,-1,1,-1,1,-1,-1,-1,1,1,-1,1,-1,-1,0.010150142945349216
-1,-1,-1,1,1,-1,1,-1,1,-1,-1,-1,1,1,1,1,-1,-1,0.010338452644646168
-1,-1,-1,1,1,-1,1,-1,1,-1,-1,1,1,-1,1,1,-1,-1,0.01002732664346695
-1,-1,-1,1,1,-1,1,-1,1,-1,1,-1,-1,-1,1,-1,-1,-1,0.010810032486915588
-1,-1,-1,1,1,-1,1,-1,1,-1,1,-1,-1,1,1,-1,1,-1,0.010653052479028702
-1,-1,-1,1,1,-1,1,-1,1,-1,1,-1,1,1,-1,-1,1,1,0.011148324236273766
-1,-1,-1,1,1,-1,1,-1,1,-1,1,1,-1,-1,-1,-1,1,1,0.010417156852781773
-1,-1,-1,1,1,-1,1,-1,1,-1,1,1,-1,1,1,1,1,-1,0.009425831027328968
-1,-1,-1,1,1,-1,1,-1,1,-1,1,1,1,1,-1,-1,-1,1,0.010572709143161774
-1,-1,-1,1,1,-1,1,-1,1,-1,1,1,1,1,-1,1,1,1,0.009913505055010319
-1,-1,-1,1,1,-1,1,-1,1,-1,1,1,1,1,1,1,1,1,0.0101262666285038
-1,-1,-1,1,1,-1,1,-1,1,1,-1,-1,-1,-1,-1,1,1,-1,0.009207349270582199
-1,-1,-1,1,1,-1,1,-1,1,1,-1,-1,-1,1,-1,-1,-1,1,0.00994691252708435
-1,-1,-1,1,1,-1,1,-1,1,1,-1,-1,-1,1,-1,1,-1,-1,0.008965653367340565
-1,-1,-1,1,1,-1,1,-1,1,1,-1,-1,-1,1,1,1,1,-1,0.009213175624608994
-1,-1,-1,1,1,-1,1,-1,1,1,-1,1,1,1,1,1,-1,-1,0.00904240645468235
-1,-1,-1,1,1,-1,1,-1,1,1,1,-1,-1,-1,-1,-1,-1,-1,0.009843737818300724
-1,-1,-1,1,1,-1,1,-1,1,1,1,-1,-1,-1,-1,-1,1,-1,0.009878497570753098
-1,-1,-1,1,1,-1,1,-1,1,1,1,-1,-1,1,-1,-1,1,-1,0.009671562351286411
-1,-1,-1,1,1,-1,1,-1,1,1,1,1,-1,-1,1,1,-1,1,0.009110634215176105
-1,-1,-1,1,1,-1,1,-1,1,1,1,1,-1,1,1,1,-1,-1,0.008603828959167004
-1,-1,-1,1,1,-1,1,-1,1,1,1,1,1,-1,1,-1,-1,1,0.01021704263985157
-1,-1,-1,1,1,-1,1,1,-1,-1,-1,-1,-1,-1,1,-1,-1,-1,0.010827154852449894
-1,-1,-1,1,1,-1,1,1,-1,-1,-1,-1,-1,-1,1,1,1,-1,0.010183146223425865
-1,-1,-1,1,1,-1,1,1,-1,-1,-1,-1,1,1,-1,1,-1,1,0.010425806976854801
-1,-1,-1,1,1,-1,1,1,-1,-1,-1,-1,1,1,1,-1,1,1,0.011367293074727058
-1,-1,-1,1,1,-1,1,1,-1,-1,-1,1,-1,-1,-1,-1,-1,1,0.010390262119472027
-1,-1,-1,1,1,-1,1,1,-1,-1,-1,1,-1,1,-1,1,1,-1,0.009248705580830574
-1,-1,-1,1,1,-1,1,1,-1,-1,-1,1,-1,1,1,-1,-1,-1,0.010102157481014729
-1,-1,-1,1,1,-1,1,1,-1,-1,1,-1,1,1,1,-1,1,1,0.011347795836627483
-1,-1,-1,1,1,-1,1,1,-1,-1,1,-1,1,1,1,1,1,-1,0.010369157418608665
-1,-1,-1,1,1,-1,1,1,-1,-1,1,1,-1,-1,-1,-1,1,1,0.010411463677883148
-1,-1,-1,1,1,-1,1,1,-1,-1,1,1,1,-1,1,1,-1,1,0.010289431549608707
-1,-1,-1,1,1,-1,1,1,-1,-1,1,1,1,1,1,-1,1,-1,0.01052392553538084
-1,-1,-1,1,1,-1,1,1,-1,-1,1,1,1,1,1,1,-1,-1,0.009791883639991283
-1,-1,-1,1,1,-1,1,1,-1,1,-1,-1,-1,-1,1,1,-1,-1,0.009367083199322224
-1,-1,-1,1,1,-1,1,1,-1,1,-1,-1,1,-1,-1,1,1,1,0.009913969784975052
-1,-1,-1,1,1,-1,1,1,-1,1,-1,-1,1,-1,1,1,1,-1,0.009820923209190369
-1,-1,-1,1,1,-1,1,1,-1,1,-1,-1,1,1,-1,1,-1,1,0.009653761051595211
-1,-1,-1,1,1,-1,1,1,-1,1,-1,1,-1,1,1,-1,-1,-1,0.009314916096627712
-1,-1,-1,1,1,-1,1,1,-1,1,-1,1,-1,1,1,-1,1,1,0.009649545885622501
-1,-1,-1,1,1,-1,1,1,-1,1,-1,1,1,-1,1,1,1,-1,0.009287666529417038
-1,-1,-1,1,1,-1,1,1,-1,1,-1,1,1,1,-1,-1,-1,1,0.009817785583436489
-1,-1,-1,1,1,-1,1,1,-1,1,1,-1,-1,-1,-1,-1,1,1,0.010169357061386108
-1,-1,-1,1,1,-1,1,1,-1,1,1,-1,-1,-1,-1,1,1,1,0.00947871059179306
-1,-1,-1,1,1,-1,1,1,-1,1,1,-1,-1,1,1,-1,-1,-1,0.009840552695095539
-1,-1,-1,1,1,-1,1,1,-1,1,1,1,-1,-1,-1,1,-1,1,0.008892180398106575
-1,-1,-1,1,1,-1,1,1,-1,1,1,1,-1,1,-1,-1,-1,-1,0.009097851812839508
-1,-1,-1,1,1,-1,1,1,-1,1,1,1,-1,1,1,-1,-1,1,0.009591970592737198
-1,-1,-1,1,1,-1,1,1,-1,1,1,1,1,-1,-1,1,-1,-1,0.009008072316646576
-1,-1,-1,1,1,-1,1,1,1,-1,-1,-1,1,1,1,1,-1,1,0.010693848133087158
-1,-1,-1,1,1,-1,1,1,1,-1,-1,1,-1,-1,1,1,-1,-1,0.009667091071605682
-1,-1,-1,1,1,-1,1,1,1,-1,-1,1,1,-1,-1,-1,-1,-1,0.010558116249740124
-1,-1,-1,1,1,-1,1,1,1,-1,-1,1,1,1,1,-1,1,1,0.01090451143682003
-1,-1,-1,1,1,-1,1,1,1,-1,1,-1,1,1,-1,1,-1,1,0.01046752743422985
-1,-1,-1,1,1,-1,1,1,1,-1,1,1,-1,-1,1,-1,-1,-1,0.010347495786845684
-1,-1,-1,1,1,-1,1,1,1,-1,1,1,1,-1,-1,-1,1,-1,0.010594513267278671
-1,-1,-1,1,1,-1,1,1,1,-1,1,1,1,-1,1,-1,-1,1,0.011035357601940632
-1,-1,-1,1,1,-1,1,1,1,-1,1,1,1,-1,1,-1,1,1,0.011079374700784683
-1,-1,-1,1,1,-1,1,1,1,-1,1,1,1,1,-1,1,-1,-1,0.009643658064305782
-1,-1,-1,1,1,-1,1,1,1,1,-1,-1,-1,-1,-1,-1,1,1,0.010247452184557915
-1,-1,-1,1,1,-1,1,1,1,1,-1,-1,-1,-1,-1,1,-1,1,0.009509471245110035
-1,-1,-1,1,1,-1,1,1,1,1,-1,-1,-1,1,-1,1,-1,1,0.009302535094320774
-1,-1,-1,1,1,-1,1,1,1,1,-1,-1,1,1,1,1,-1,1,0.009927740320563316
-1,-1,-1,1,1,-1,1,1,1,1,-1,1,-1,-1,-1,1,-1,1,0.008985470980405807
-1,-1,-1,1,1,-1,1,1,1,1,-1,1,-1,1,-1,-1,1,1,0.009513197466731071
-1,-1,-1,1,1,-1,1,1,1,1,-1,1,-1,1,-1,1,1,-1,0.00853193923830986
-1,-1,-1,1,1,-1,1,1,1,1,-1,1,1,-1,-1,1,-1,1,0.009391975589096546
-1,-1,-1,1,1,-1,1,1,1,1,-1,1,1,-1,-1,1,1,-1,0.009136123582720757
-1,-1,-1,1,1,-1,1,1,1,1,1,-1,-1,1,1,-1,1,1,0.010236401110887527
-1,-1,-1,1,1,-1,1,1,1,1,1,-1,1,-1,1,-1,-1,1,0.010805824771523476
-1,-1,-1,1,1,-1,1,1,1,1,1,-1,1,1,-1,-1,1,1,0.01043346244841814
-1,-1,-1,1,1,-1,1,1,1,1,1,1,-1,-1,-1,-1,-1,-1,0.009371944703161716
-1,-1,-1,1,1,-1,1,1,1,1,1,1,-1,-1,-1,-1,1,1,0.009691379964351654
-1,-1,-1,1,1,-1,1,1,1,1,1,1,1,-1,-1,1,1,1,0.009403920732438564
-1,-1,-1,1,1,-1,1,1,1,1,1,1,1,-1,1,-1,-1,-1,0.009976016357541084
-1,-1,-1,1,1,1,-1,-1,-1,-1,-1,-1,-1,-1,-1,-1,-1,-1,0.01003301702439785
-1,-1,-1,1,1,1,-1,-1,-1,-1,-1,-1,-1,1,-1,1,1,1,0.009460808709263802
-1,-1,-1,1,1,1,-1,-1,-1,-1,-1,-1,1,1,-1,-1,1,-1,0.010279920883476734
-1,-1,-1,1,1,1,-1,-1,-1,-1,-1,1,-1,-1,-1,1,1,-1,0.008853130973875523
-1,-1,-1,1,1,1,-1,-1,-1,-1,1,-1,-1,-1,1,1,-1,-1,0.009523061104118824
-1,-1,-1,1,1,1,-1,-1,-1,-1,1,-1,-1,1,-1,-1,-1,1,0.010097196325659752
-1,-1,-1,1,1,1,-1,-1,-1,-1,1,-1,1,-1,1,-1,-1,-1,0.010614273138344288
-1,-1,-1,1,1,1,-1,-1,-1,-1,1,-1,1,1,-1,-1,1,-1,0.010257106274366379
-1,-1,-1,1,1,1,-1,-1,-1,1,-1,-1,-1,1,1,-1,1,-1,0.009295618161559105
-1,-1,-1,1,1,1,-1,-1,-1,1,-1,-1,1,-1,1,-1,-1,-1,0.009880238212645054
-1,-1,-1,1,1,1,-1,-1,-1,1,-1,1,-1,-1,-1,1,1,1,0.008362441323697567
-1,-1,-1,1,1,1,-1,-1,-1,1,-1,1,1,1,1,-1,-1,1,0.0094306580722332
-1,-1,-1,1,1,1,-1,-1,-1,1,-1,1,1,1,1,1,-1,-1,0.00844608061015606
-1,-1,-1,1,1,1,-1,-1,-1,1,1,-1,-1,-1,1,-1,-1,-1,0.009441660717129707
-1,-1,-1,1,1,1,-1,-1,-1,1,1,1,-1,-1,1,-1,1,-1,0.008946482092142105
-1,-1,-1,1,1,1,-1,-1,-1,1,1,1,-1,1,1,1,-1,-1,0.008010821416974068
-1,-1,-1,1,1,1,-1,-1,-1,1,1,1,1,-1,-1,1,-1,-1,0.008420757949352264
-1,-1,-1,1,1,1,-1,-1,1,-1,-1,-1,-1,1,-1,1,-1,-1,0.00919333565980196
-1,-1,-1,1,1,1,-1,-1,1,-1,-1,1,-1,-1,-1,-1,-1,-1,0.009560978040099144
-1,-1,-1,1,1,1,-1,-1,1,-1,1,-1,-1,-1,-1,-1,-1,1,0.010362032800912857
-1,-1,-1,1,1,1,-1,-1,1,-1,1,-1,-1,-1,-1,1,-1,1,0.009662129916250706
-1,-1,-1,1,1,1,-1,-1,1,-1,1,-1,-1,1,1,1,1,1,0.009711973369121552
-1,-1,-1,1,1,1,-1,-1,1,-1,1,-1,1,1,-1,-1,1,1,0.010614875704050064
-1,-1,-1,1,1,1,-1,-1,1,-1,1,-1,1,1,-1,1,1,-1,0.009630299173295498
-1,-1,-1,1,1,1,-1,-1,1,-1,1,1,1,-1,-1,-1,-1,-1,0.009944668039679527
-1,-1,-1,1,1,1,-1,-1,1,-1,1,1,1,1,-1,1,-1,1,0.00933769904077053
-1,-1,-1,1,1,1,-1,-1,1,1,1,-1,-1,-1,-1,-1,1,1,0.009637321345508099
-1,-1,-1,1,1,1,-1,-1,1,1,1,-1,-1,-1,-1,1,-1,-1,0.008599471300840378
-1,-1,-1,1,1,1,-1,-1,1,1,1,-1,-1,1,-1,-1,1,1,0.009427067823708057
-1,-1,-1,1,1,1,-1,-1,1,1,1,1,-1,1,-1,1,-1,1,0.008159147575497627
-1,-1,-1,1,1,1,-1,-1,1,1,1,1,-1,1,-1,1,1,1,0.008209103718400002
-1,-1,-1,1,1,1,-1,1,-1,-1,-1,-1,-1,-1,-1,1,-1,1,0.00968850962817669
-1,-1,-1,1,1,1,-1,1,-1,-1,-1,-1,-1,-1,1,-1,-1,1,0.010585978627204895
-1,-1,-1,1,1,1,-1,1,-1,-1,-1,-1,1,1,-1,-1,-1,1,0.010572786442935467
-1,-1,-1,1,1,1,-1,1,-1,-1,-1,-1,1,1,1,-1,-1,1,0.01079148706048727
-1,-1,-1,1,1,1,-1,1,-1,-1,-1,1,1,1,1,-1,1,1,0.010302246548235416
-1,-1,-1,1,1,1,-1,1,-1,-1,1,-1,1,-1,-1,-1,1,-1,0.010510310530662537
-1,-1,-1,1,1,1,-1,1,-1,-1,1,-1,1,-1,-1,-1,1,1,0.010800924152135849
-1,-1,-1,1,1,1,-1,1,-1,-1,1,-1,1,1,-1,1,1,1,0.00990002416074276
-1,-1,-1,1,1,1,-1,1,-1,-1,1,1,1,1,-1,-1,1,1,0.010060731321573257
-1,-1,-1,1,1,1,-1,1,-1,-1,1,1,1,1,1,-1,1,-1,0.009973622858524323
-1,-1,-1,1,1,1,-1,1,-1,1,-1,-1,1,-1,-1,-1,-1,1,0.010007675737142563
-1,-1,-1,1,1,1,-1,1,-1,1,-1,-1,1,-1,1,-1,-1,-1,0.009929824620485306
-1,-1,-1,1,1,1,-1,1,-1,1,-1,1,-1,1,1,1,-1,-1,0.00807990599423647
-1,-1,-1,1,1,1,-1,1,-1,1,-1,1,1,-1,-1,1,-1,-1,0.008505037054419518
-1,-1,-1,1,1,1,-1,1,-1,1,1,-1,1,-1,1,1,1,-1,0.009247805923223495
-1,-1,-1,1,1,1,-1,1,-1,1,1,1,-1,1,-1,-1,1,-1,0.008606762625277042
-1,-1,-1,1,1,1,-1,1,1,-1,-1,-1,-1,1,-1,-1,-1,-1,0.009952081367373466
-1,-1,-1,1,1,1,-1,1,1,-1,-1,-1,-1,1,1,1,1,1,0.009790314361453056
-1,-1,-1,1,1,1,-1,1,1,-1,-1,-1,1,-1,1,1,1,1,0.010397467762231827
-1,-1,-1,1,1,1,-1,1,1,-1,-1,1,-1,1,-1,-1,-1,1,0.009694242849946022
-1,-1,-1,1,1,1,-1,1,1,-1,-1,1,1,1,-1,-1,-1,1,0.010115942917764187
-1,-1,-1,1,1,1,-1,1,1,-1,1,1,-1,-1,-1,-1,-1,1,0.009893557988107204
-1,-1,-1,1,1,1,-1,1,1,-1,1,1,-1,-1,-1,1,1,1,0.009228415787220001
-1,-1,-1,1,1,1,-1,1,1,-1,1,1,1,1,-1,1,-1,-1,0.009099294431507587
-1,-1,-1,1,1,1,-1,1,1,1,-1,-1,-1,1,1,1,1,-1,0.008733593858778477
-1,-1,-1,1,1,1,-1,1,1,1,-1,-1,1,-1,1,-1,-1,-1,0.009996981360018253
-1,-1,-1,1,1,1,-1,1,1,1,-1,-1,1,1,1,-1,1,1,0.01010948047041893
-1,-1,-1,1,1,1,-1,1,1,1,-1,1,1,-1,-1,1,1,1,0.008894947357475758
-1,-1,-1,1,1,1,-1,1,1,1,-1,1,1,1,-1,1,-1,1,0.008643994107842445
-1,-1,-1,1,1,1,-1,1,1,1,1,-1,-1,1,1,-1,1,1,0.009695355780422688
-1,-1,-1,1,1,1,-1,1,1,1,1,-1,1,-1,-1,1,1,1,0.009402070194482803
-1,-1,-1,1,1,1,-1,1,1,1,1,-1,1,-1,1,1,-1,-1,0.009280201978981495
-1,-1,-1,1,1,1,-1,1,1,1,1,-1,1,1,-1,1,-1,-1,0.008869761601090431
-1,-1,-1,1,1,1,1,-1,-1,-1,-1,1,1,-1,-1,-1,-1,-1,0.010609383694827557
-1,-1,-1,1,1,1,1,-1,-1,-1,-1,1,1,-1,-1,1,1,1,0.010259306989610195
-1,-1,-1,1,1,1,1,-1,-1,-1,-1,1,1,-1,1,-1,1,1,0.011147519573569298
-1,-1,-1,1,1,1,1,-1,-1,-1,1,-1,-1,-1,-1,1,1,-1,0.010066690854728222
-1,-1,-1,1,1,1,1,-1,-1,-1,1,1,1,-1,1,1,1,-1,0.010143444873392582
-1,-1,-1,1,1,1,1,-1,-1,-1,1,1,1,1,-1,-1,1,1,0.01071426272392273
-1,-1,-1,1,1,1,1,-1,-1,-1,1,1,1,1,-1,1,-1,-1,0.009679730050265789
-1,-1,-1,1,1,1,1,-1,-1,1,-1,-1,-1,1,-1,1,1,-1,0.009110525250434875
-1,-1,-1,1,1,1,1,-1,-1,1,-1,-1,-1,1,1,1,1,-1,0.009314030408859253
-1,-1,-1,1,1,1,1,-1,-1,1,-1,-1,-1,1,1,1,1,1,0.009595386683940887
-1,-1,-1,1,1,1,1,-1,-1,1,-1,-1,1,-1,1,-1,-1,1,0.010858774185180664
-1,-1,-1,1,1,1,1,-1,-1,1,-1,1,-1,1,1,1,-1,1,0.00901811197400093
-1,-1,-1,1,1,1,1,-1,-1,1,-1,1,-1,1,1,1,1,-1,0.00878671184182167
-1,-1,-1,1,1,1,1,-1,-1,1,-1,1,1,-1,1,-1,1,-1,0.010078920982778072
-1,-1,-1,1,1,1,1,-1,-1,1,1,-1,-1,-1,1,-1,1,-1,0.010188796557486057
-1,-1,-1,1,1,1,1,-1,-1,1,1,-1,-1,1,1,1,-1,-1,0.009237941354513168
-1,-1,-1,1,1,1,1,-1,-1,1,1,1,1,-1,1,1,-1,1,0.009614676237106323
-1,-1,-1,1,1,1,1,-1,-1,1,1,1,1,-1,1,1,1,1,0.009652755223214626
-1,-1,-1,1,1,1,1,-1,1,-1,-1,-1,-1,-1,-1,1,-1,-1,0.010112646967172623
-1,-1,-1,1,1,1,1,-1,1,-1,-1,-1,1,-1,1,-1,-1,-1,0.011410682462155819
-1,-1,-1,1,1,1,1,-1,1,-1,-1,1,1,1,-1,1,-1,1,0.010069572366774082
-1,-1,-1,1,1,1,1,-1,1,-1,1,-1,1,-1,1,1,-1,1,0.010981197468936443
-1,-1,-1,1,1,1,1,-1,1,-1,1,1,-1,1,1,1,-1,-1,0.009547204710543156
-1,-1,-1,1,1,1,1,-1,1,-1,1,1,1,-1,-1,-1,-1,1,0.010941717773675919
-1,-1,-1,1,1,1,1,-1,1,-1,1,1,1,-1,1,1,1,-1,0.01021060161292553
-1,-1,-1,1,1,1,1,-1,1,1,-1,-1,-1,1,-1,-1,1,-1,0.009862389415502548
-1,-1,-1,1,1,1,1,-1,1,1,-1,1,1,1,-1,-1,1,-1,0.009735637344419956
-1,-1,-1,1,1,1,1,-1,1,1,-1,1,1,1,-1,-1,1,1,0.010035507380962372
-1,-1,-1,1,1,1,1,-1,1,1,-1,1,1,1,-1,1,1,-1,0.009044991806149483
-1,-1,-1,1,1,1,1,-1,1,1,1,-1,-1,1,-1,1,-1,1,0.009386267513036728
-1,-1,-1,1,1,1,1,-1,1,1,1,-1,-1,1,1,-1,1,-1,0.01004639733582735
-1,-1,-1,1,1,1,1,-1,1,1,1,1,-1,-1,-1,1,-1,1,0.00907514151185751
-1,-1,-1,1,1,1,1,-1,1,1,1,1,-1,-1,1,1,-1,-1,0.008982094936072826
-1,-1,-1,1,1,1,1,-1,1,1,1,1,1,1,-1,1,-1,-1,0.008974840864539146
-1,-1,-1,1,1,1,1,1,-1,-1,-1,-1,1,-1,1,-1,1,-1,0.011439749971032143
-1,-1,-1,1,1,1,1,1,-1,-1,-1,1,-1,-1,-1,-1,-1,-1,0.010261722840368748
-1,-1,-1,1,1,1,1,1,-1,-1,-1,1,-1,1,1,1,1,-1,0.009605026803910732
-1,-1,-1,1,1,1,1,1,-1,-1,-1,1,1,1,-1,-1,1,-1,0.010505308397114277
-1,-1,-1,1,1,1,1,1,-1,-1,1,-1,1,-1,1,-1,-1,1,0.011678725481033325
-1,-1,-1,1,1,1,1,1,-1,-1,1,-1,1,1,-1,-1,1,-1,0.011021689511835575
-1,-1,-1,1,1,1,1,1,-1,1,-1,1,1,1,-1,-1,1,-1,0.00973920151591301
-1,-1,-1,1,1,1,1,1,-1,1,1,-1,-1,-1,1,-1,1,1,0.010544192045927048
-1,-1,-1,1,1,1,1,1,-1,1,1,-1,-1,1,1,-1,1,-1,0.010040704160928726
-1,-1,-1,1,1,1,1,1,-1,1,1,-1,1,-1,-1,1,-1,1,0.009994015097618103
-1,-1,-1,1,1,1,1,1,-1,1,1,-1,1,1,-1,-1,1,-1,0.010243704542517662
-1,-1,-1,1,1,1,1,1,-1,1,1,1,-1,1,-1,-1,-1,-1,0.00926586426794529
-1,-1,-1,1,1,1,1,1,-1,1,1,1,1,-1,-1,-1,1,1,0.010207995772361755
-1,-1,-1,1,1,1,1,1,1,-1,-1,-1,1,-1,-1,-1,1,1,0.01159401424229145
-1,-1,-1,1,1,1,1,1,1,-1,-1,-1,1,1,1,1,1,-1,0.010609325021505356
-1,-1,-1,1,1,1,1,1,1,-1,-1,1,-1,1,-1,-1,-1,-1,0.010114346165210009
-1,-1,-1,1,1,1,1,1,1,-1,-1,1,-1,1,-1,-1,1,1,0.010450635105371475
-1,-1,-1,1,1,1,1,1,1,-1,-1,1,1,1,-1,-1,1,1,0.010853822343051434
-1,-1,-1,1,1,1,1,1,1,-1,1,-1,-1,1,-1,-1,1,1,0.010961076244711876
-1,-1,-1,1,1,1,1,1,1,-1,1,-1,-1,1,1,-1,-1,-1,0.010826634243130684
-1,-1,-1,1,1,1,1,1,1,-1,1,-1,-1,1,1,1,-1,1,0.010423283092677593
-1,-1,-1,1,1,1,1,1,1,-1,1,-1,1,1,1,-1,-1,1,0.011527069844305515
-1,-1,-1,1,1,1,1,1,1,-1,1,1,-1,1,-1,1,-1,-1,0.00938996858894825
-1,-1,-1,1,1,1,1,1,1,-1,1,1,1,-1,1,-1,-1,1,0.011191491968929768
-1,-1,-1,1,1,1,1,1,1,1,1,-1,-1,-1,1,-1,1,1,0.010605409741401672
-1,-1,-1,1,1,1,1,1,1,1,1,-1,-1,1,-1,-1,1,-1,0.009898417629301548
-1,-1,-1,1,1,1,1,1,1,1,1,-1,1,-1,1,-1,1,-1,0.010721302591264248
-1,-1,-1,1,1,1,1,1,1,1,1,-1,1,1,-1,1,1,-1,0.009616897441446781
-1,-1,-1,1,1,1,1,1,1,1,1,-1,1,1,1,1,1,-1,0.009814463555812836
-1,-1,-1,1,1,1,1,1,1,1,1,1,1,-1,1,-1,1,-1,0.01017878856509924
-1,-1,-1,1,1,1,1,1,1,1,1,1,1,-1,1,1,1,-1,0.009484824724495411
-1,-1,1,-1,-1,-1,-1,-1,-1,-1,-1,1,-1,-1,1,-1,1,1,0.00928245484828949
-1,-1,1,-1,-1,-1,-1,-1,-1,-1,-1,1,1,-1,1,-1,1,-1,0.009408914484083652
-1,-1,1,-1,-1,-1,-1,-1,-1,-1,-1,1,1,-1,1,1,-1,-1,0.00866499450057745
-1,-1,1,-1,-1,-1,-1,-1,-1,-1,-1,1,1,1,1,1,1,1,0.008789370767772198
-1,-1,1,-1,-1,-1,-1,-1,-1,-1,1,-1,1,1,-1,1,1,-1,0.008809012360870838
-1,-1,1,-1,-1,-1,-1,-1,-1,-1,1,1,-1,-1,-1,-1,-1,1,0.00901674572378397
-1,-1,1,-1,-1,-1,-1,-1,-1,-1,1,1,-1,-1,1,1,1,-1,0.008276373147964478
-1,-1,1,-1,-1,-1,-1,-1,-1,-1,1,1,-1,1,-1,1,-1,1,0.00811584573239088
-1,-1,1,-1,-1,-1,-1,-1,-1,1,-1,-1,1,1,-1,-1,1,-1,0.008744488470256329
-1,-1,1,-1,-1,-1,-1,-1,-1,1,-1,-1,1,1,-1,1,-1,-1,0.008006507530808449
-1,-1,1,-1,-1,-1,-1,-1,-1,1,-1,1,1,-1,1,-1,-1,-1,0.008592851459980011
-1,-1,1,-1,-1,-1,-1,-1,-1,1,1,-1,-1,1,-1,-1,1,1,0.00861172005534172
-1,-1,1,-1,-1,-1,-1,-1,-1,1,1,1,-1,1,1,-1,1,-1,0.008000612258911133
-1,-1,1,-1,-1,-1,-1,-1,-1,1,1,1,1,1,1,1,-1,-1,0.007663196884095669
-1,-1,1,-1,-1,-1,-1,-1,1,-1,-1,-1,-1,-1,1,-1,-1,1,0.009843479841947556
-1,-1,1,-1,-1,-1,-1,-1,1,-1,-1,1,1,-1,-1,-1,-1,1,0.009498028084635735
-1,-1,1,-1,-1,-1,-1,-1,1,-1,1,-1,1,-1,1,1,-1,-1,0.009227397851645947
-1,-1,1,-1,-1,-1,-1,-1,1,-1,1,1,-1,-1,1,-1,-1,1,0.009281469509005547
-1,-1,1,-1,-1,-1,-1,-1,1,-1,1,1,-1,1,1,-1,-1,-1,0.008774664252996445
-1,-1,1,-1,-1,-1,-1,-1,1,1,-1,-1,-1,1,-1,1,1,-1,0.007705237716436386
-1,-1,1,-1,-1,-1,-1,-1,1,1,-1,-1,-1,1,1,-1,-1,1,0.008858559653162956
-1,-1,1,-1,-1,-1,-1,-1,1,1,-1,-1,1,-1,-1,-1,-1,-1,0.00897788256406784
-1,-1,1,-1,-1,-1,-1,-1,1,1,-1,-1,1,-1,1,1,-1,-1,0.008484105579555035
-1,-1,1,-1,-1,-1,-1,-1,1,1,-1,1,1,-1,-1,1,-1,1,0.008047212846577168
-1,-1,1,-1,-1,-1,-1,-1,1,1,-1,1,1,1,-1,1,-1,-1,0.007543725427240133
-1,-1,1,-1,-1,-1,-1,-1,1,1,-1,1,1,1,-1,1,1,1,0.007869099266827106
-1,-1,1,-1,-1,-1,-1,-1,1,1,-1,1,1,1,1,1,-1,1,0.008043782785534859
-1,-1,1,-1,-1,-1,-1,-1,1,1,1,-1,-1,1,1,-1,-1,-1,0.008535875007510185
-1,-1,1,-1,-1,-1,-1,-1,1,1,1,1,1,-1,-1,1,1,-1,0.007768545299768448
-1,-1,1,-1,-1,-1,-1,-1,1,1,1,1,1,1,1,-1,1,1,0.008749691769480705
-1,-1,1,-1,-1,-1,-1,1,-1,-1,-1,-1,-1,-1,-1,-1,-1,-1,0.009334412403404713
-1,-1,1,-1,-1,-1,-1,1,-1,-1,-1,-1,-1,1,1,1,-1,-1,0.008637018501758575
-1,-1,1,-1,-1,-1,-1,1,-1,-1,-1,-1,1,1,-1,1,1,1,0.00917796604335308
-1,-1,1,-1,-1,-1,-1,1,-1,-1,-1,1,1,1,-1,-1,-1,1,0.009285399690270424
-1,-1,1,-1,-1,-1,-1,1,-1,-1,-1,1,1,1,1,-1,-1,-1,0.009204230271279812
-1,-1,1,-1,-1,-1,-1,1,-1,-1,1,-1,-1,1,-1,-1,1,-1,0.009148678742349148
-1,-1,1,-1,-1,-1,-1,1,-1,-1,1,-1,1,1,1,1,-1,-1,0.009014769457280636
-1,-1,1,-1,-1,-1,-1,1,-1,-1,1,-1,1,1,1,1,1,1,0.009364594705402851
-1,-1,1,-1,-1,-1,-1,1,-1,-1,1,1,-1,-1,1,-1,-1,1,0.009272458963096142
-1,-1,1,-1,-1,-1,-1,1,-1,-1,1,1,-1,1,1,-1,-1,1,0.009068841114640236
-1,-1,1,-1,-1,-1,-1,1,-1,-1,1,1,-1,1,1,-1,1,1,0.009109539911150932
-1,-1,1,-1,-1,-1,-1,1,-1,1,-1,-1,-1,1,1,1,1,-1,0.007908988744020462
-1,-1,1,-1,-1,-1,-1,1,-1,1,-1,-1,-1,1,1,1,1,1,0.008208858780562878
-1,-1,1,-1,-1,-1,-1,1,-1,1,-1,-1,1,1,-1,-1,1,-1,0.008800013922154903
-1,-1,1,-1,-1,-1,-1,1,-1,1,-1,-1,1,1,-1,1,-1,1,0.008367842063307762
-1,-1,1,-1,-1,-1,-1,1,-1,1,-1,1,-1,1,-1,-1,1,-1,0.00787544809281826
-1,-1,1,-1,-1,-1,-1,1,-1,1,1,-1,-1,-1,-1,-1,1,1,0.008868242613971233
-1,-1,1,-1,-1,-1,-1,1,-1,1,1,-1,-1,-1,1,1,1,1,0.008392979390919209
-1,-1,1,-1,-1,-1,-1,1,-1,1,1,1,-1,1,1,1,-1,1,0.007599513046443462
-1,-1,1,-1,-1,-1,-1,1,-1,1,1,1,1,1,1,-1,1,1,0.00874399859458208
-1,-1,1,-1,-1,-1,-1,1,1,-1,-1,-1,-1,-1,1,1,-1,-1,0.008908489719033241
-1,-1,1,-1,-1,-1,-1,1,1,-1,-1,1,-1,-1,1,1,-1,1,0.008662528358399868
-1,-1,1,-1,-1,-1,-1,1,1,-1,-1,1,-1,1,1,-1,-1,1,0.009143617935478687
-1,-1,1,-1,-1,-1,-1,1,1,-1,-1,1,1,1,1,1,-1,-1,0.008571485057473183
-1,-1,1,-1,-1,-1,-1,1,1,-1,1,-1,-1,-1,-1,1,-1,-1,0.008678851649165154
-1,-1,1,-1,-1,-1,-1,1,1,-1,1,-1,1,-1,-1,1,-1,1,0.009385226294398308
-1,-1,1,-1,-1,-1,-1,1,1,-1,1,-1,1,-1,1,1,-1,1,0.009579475037753582
-1,-1,1,-1,-1,-1,-1,1,1,-1,1,-1,1,1,1,-1,-1,-1,0.009785146452486515
-1,-1,1,-1,-1,-1,-1,1,1,-1,1,1,-1,-1,-1,1,-1,1,0.008445464074611664
-1,-1,1,-1,-1,-1,-1,1,1,-1,1,1,-1,1,1,-1,1,1,0.009170757606625557
-1,-1,1,-1,-1,-1,-1,1,1,1,-1,1,-1,-1,-1,-1,1,1,0.008419019170105457
-1,-1,1,-1,-1,-1,-1,1,1,1,-1,1,-1,1,1,1,1,-1,0.007440268527716398
-1,-1,1,-1,-1,-1,-1,1,1,1,-1,1,1,-1,1,-1,-1,-1,0.008703656494617462
-1,-1,1,-1,-1,-1,-1,1,1,1,-1,1,1,1,-1,-1,-1,-1,0.00828395877033472
-1,-1,1,-1,-1,-1,-1,1,1,1,1,-1,-1,-1,1,1,-1,1,0.008404241874814034
-1,-1,1,-1,-1,-1,-1,1,1,1,1,1,1,1,1,-1,-1,-1,0.00846761791035533
-1,-1,1,-1,-1,-1,1,-1,-1,-1,-1,-1,-1,-1,1,1,1,1,0.009820238687098026
-1,-1,1,-1,-1,-1,1,-1,-1,-1,-1,1,-1,-1,-1,-1,1,1,0.009777440689504147
-1,-1,1,-1,-1,-1,1,-1,-1,-1,-1,1,1,1,1,1,-1,-1,0.009157859720289707
-1,-1,1,-1,-1,-1,1,-1,-1,-1,1,-1,-1,-1,1,-1,1,-1,0.010200774297118187
-1,-1,1,-1,-1,-1,1,-1,-1,-1,1,-1,-1,-1,1,1,1,-1,0.009512748569250107
-1,-1,1,-1,-1,-1,1,-1,-1,-1,1,-1,-1,1,-1,1,1,-1,0.009105625562369823
-1,-1,1,-1,-1,-1,1,-1,-1,-1,1,-1,1,-1,1,-1,1,-1,0.010607278905808926
-1,-1,1,-1,-1,-1,1,-1,-1,-1,1,-1,1,1,-1,1,1,1,0.009802743792533875
-1,-1,1,-1,-1,-1,1,-1,-1,-1,1,1,-1,-1,1,1,-1,1,0.009220149368047714
-1,-1,1,-1,-1,-1,1,-1,-1,-1,1,1,1,-1,-1,1,-1,1,0.009423148818314075
-1,-1,1,-1,-1,-1,1,-1,-1,-1,1,1,1,-1,1,1,-1,1,0.009632593020796776
-1,-1,1,-1,-1,-1,1,-1,-1,-1,1,1,1,1,1,-1,-1,1,0.010122939012944698
-1,-1,1,-1,-1,-1,1,-1,-1,1,-1,-1,1,-1,-1,1,-1,-1,0.008931757882237434
-1,-1,1,-1,-1,-1,1,-1,-1,1,-1,1,1,-1,-1,-1,1,-1,0.009121286682784557
-1,-1,1,-1,-1,-1,1,-1,-1,1,1,-1,-1,-1,1,1,-1,1,0.008987298235297203
-1,-1,1,-1,-1,-1,1,-1,-1,1,1,-1,-1,1,-1,1,-1,1,0.00858017522841692
-1,-1,1,-1,-1,-1,1,-1,-1,1,1,-1,-1,1,-1,1,1,1,0.008630131371319294
-1,-1,1,-1,-1,-1,1,-1,-1,1,1,1,-1,-1,1,1,1,1,0.008498058654367924
-1,-1,1,-1,-1,-1,1,-1,-1,1,1,1,-1,1,1,1,-1,1,0.008247105404734612
-1,-1,1,-1,-1,-1,1,-1,-1,1,1,1,1,-1,1,1,1,1,0.008904563263058662
-1,-1,1,-1,-1,-1,1,-1,-1,1,1,1,1,1,-1,-1,1,1,0.00919734314084053
-1,-1,1,-1,-1,-1,1,-1,-1,1,1,1,1,1,1,1,-1,1,0.008662867359817028
-1,-1,1,-1,-1,-1,1,-1,1,-1,-1,-1,-1,-1,-1,1,-1,-1,0.009349260479211807
-1,-1,1,-1,-1,-1,1,-1,1,-1,-1,-1,-1,-1,-1,1,1,-1,0.009402533993124962
-1,-1,1,-1,-1,-1,1,-1,1,-1,-1,-1,-1,-1,1,-1,-1,-1,0.010255985893309116
-1,-1,1,-1,-1,-1,1,-1,1,-1,-1,1,-1,1,1,-1,1,-1,0.009553871117532253
-1,-1,1,-1,-1,-1,1,-1,1,-1,-1,1,-1,1,1,1,1,-1,0.008865846320986748
-1,-1,1,-1,-1,-1,1,-1,1,-1,-1,1,1,1,-1,1,1,-1,0.00906290765851736
-1,-1,1,-1,-1,-1,1,-1,1,-1,1,1,-1,-1,1,-1,1,-1,0.009737991727888584
-1,-1,1,-1,-1,-1,1,-1,1,-1,1,1,-1,-1,1,1,1,1,0.009340579621493816
-1,-1,1,-1,-1,-1,1,-1,1,-1,1,1,1,-1,1,1,1,1,0.009737827815115452
-1,-1,1,-1,-1,-1,1,-1,1,1,-1,-1,-1,-1,1,-1,1,-1,0.009522018022835255
-1,-1,1,-1,-1,-1,1,-1,1,1,-1,-1,-1,1,1,1,1,-1,0.008627057075500488
-1,-1,1,-1,-1,-1,1,-1,1,1,-1,1,-1,-1,-1,-1,1,-1,0.008781937882304192
-1,-1,1,-1,-1,-1,1,-1,1,1,1,-1,1,-1,-1,1,1,-1,0.009008239023387432
-1,-1,1,-1,-1,-1,1,-1,1,1,1,1,-1,-1,-1,-1,1,1,0.009043796919286251
-1,-1,1,-1,-1,-1,1,-1,1,1,1,1,1,-1,-1,1,-1,-1,0.00843096524477005
-1,-1,1,-1,-1,-1,1,-1,1,1,1,1,1,-1,-1,1,-1,1,0.008718259632587433
-1,-1,1,-1,-1,-1,1,1,-1,-1,-1,-1,-1,-1,-1,-1,1,-1,0.010081548243761063
-1,-1,1,-1,-1,-1,1,1,-1,-1,-1,-1,-1,-1,1,-1,1,-1,0.010294310748577118
-1,-1,1,-1,-1,-1,1,1,-1,-1,-1,-1,-1,-1,1,1,-1,-1,0.009541134350001812
-1,-1,1,-1,-1,-1,1,1,-1,-1,-1,1,-1,-1,1,-1,-1,-1,0.00970184151083231
-1,-1,1,-1,-1,-1,1,1,-1,-1,-1,1,1,1,1,1,1,-1,0.00925146322697401
-1,-1,1,-1,-1,-1,1,1,-1,-1,1,-1,-1,-1,1,1,1,-1,0.009568274021148682
-1,-1,1,-1,-1,-1,1,1,-1,-1,1,-1,1,-1,1,1,1,-1,0.009974779561161995
-1,-1,1,-1,-1,-1,1,1,-1,-1,1,-1,1,1,1,1,1,-1,0.009767843410372734
-1,-1,1,-1,-1,-1,1,1,-1,-1,1,1,-1,-1,-1,-1,-1,1,0.009772072546184063
-1,-1,1,-1,-1,-1,1,1,-1,-1,1,1,-1,1,-1,-1,1,1,0.00960321445018053
-1,-1,1,-1,-1,-1,1,1,-1,-1,1,1,1,-1,1,1,1,1,0.009735453873872757
-1,-1,1,-1,-1,-1,1,1,-1,-1,1,1,1,1,1,1,-1,-1,0.009193887934088707
-1,-1,1,-1,-1,-1,1,1,-1,1,-1,-1,1,1,-1,-1,1,1,0.009793746285140514
-1,-1,1,-1,-1,-1,1,1,-1,1,-1,-1,1,1,-1,1,1,1,0.009099782444536686
-1,-1,1,-1,-1,-1,1,1,-1,1,1,-1,-1,1,-1,1,1,1,0.008670461364090443
-1,-1,1,-1,-1,-1,1,1,-1,1,1,1,-1,-1,-1,-1,-1,-1,0.008718670345842838
-1,-1,1,-1,-1,-1,1,1,-1,1,1,1,-1,-1,1,1,1,-1,0.008266289718449116
-1,-1,1,-1,-1,-1,1,1,-1,1,1,1,-1,1,-1,1,-1,-1,0.0078085134737193584
-1,-1,1,-1,-1,-1,1,1,-1,1,1,1,-1,1,1,-1,1,1,0.00904061272740364
-1,-1,1,-1,-1,-1,1,1,-1,1,1,1,1,-1,-1,-1,-1,1,0.009400593116879463
-1,-1,1,-1,-1,-1,1,1,1,-1,-1,-1,-1,-1,-1,1,1,-1,0.009458059445023537
-1,-1,1,-1,-1,-1,1,1,1,-1,-1,-1,-1,1,1,1,1,-1,0.009454628452658653
-1,-1,1,-1,-1,-1,1,1,1,-1,-1,-1,1,-1,1,-1,-1,-1,0.010712077841162682
-1,-1,1,-1,-1,-1,1,1,1,-1,-1,-1,1,-1,1,1,-1,-1,0.01000885758548975
-1,-1,1,-1,-1,-1,1,1,1,-1,-1,-1,1,1,1,-1,1,1,0.010839772410690784
-1,-1,1,-1,-1,-1,1,1,1,-1,1,-1,-1,1,1,1,1,1,0.009716487489640713
-1,-1,1,-1,-1,-1,1,1,1,-1,1,-1,1,-1,-1,-1,-1,1,0.010767113417387009
-1,-1,1,-1,-1,-1,1,1,1,-1,1,-1,1,1,-1,-1,1,1,0.0106193907558918
-1,-1,1,-1,-1,-1,1,1,1,1,-1,-1,-1,1,-1,-1,1,1,0.009463654831051826
-1,-1,1,-1,-1,-1,1,1,1,1,-1,-1,1,1,1,1,1,-1,0.009086118545383215
-1,-1,1,-1,-1,-1,1,1,1,1,1,-1,1,1,-1,-1,-1,-1,0.009503457695245743
-1,-1,1,-1,-1,1,-1,-1,-1,-1,-1,-1,-1,1,-1,1,1,-1,0.008593333885073662
-1,-1,1,-1,-1,1,-1,-1,-1,-1,-1,1,1,-1,-1,1,-1,-1,0.00862950086593628
-1,-1,1,-1,-1,1,-1,-1,-1,-1,-1,1,1,-1,1,1,-1,-1,0.008827067911624908
-1,-1,1,-1,-1,1,-1,-1,-1,-1,-1,1,1,1,-1,1,-1,-1,0.008422565646469593
-1,-1,1,-1,-1,1,-1,-1,-1,-1,1,-1,-1,1,-1,-1,-1,-1,0.009205270558595657
-1,-1,1,-1,-1,1,-1,-1,-1,-1,1,-1,-1,1,1,1,-1,-1,0.00872406829148531
-1,-1,1,-1,-1,1,-1,-1,-1,-1,1,-1,1,1,-1,-1,-1,1,0.009902388788759708
-1,-1,1,-1,-1,1,-1,-1,-1,-1,1,-1,1,1,1,-1,-1,1,0.010105893947184086
-1,-1,1,-1,-1,1,-1,-1,-1,-1,1,1,-1,-1,-1,1,-1,1,0.008490793406963348
-1,-1,1,-1,-1,1,-1,-1,-1,-1,1,1,-1,1,-1,-1,1,1,0.009021838195621967
-1,-1,1,-1,-1,1,-1,-1,-1,-1,1,1,1,-1,-1,-1,1,-1,0.009329471737146378
-1,-1,1,-1,-1,1,-1,-1,-1,-1,1,1,1,1,-1,-1,-1,-1,0.009093713946640491
-1,-1,1,-1,-1,1,-1,-1,-1,1,-1,-1,-1,1,-1,1,-1,1,0.008067883551120758
-1,-1,1,-1,-1,1,-1,-1,-1,1,-1,-1,1,1,1,-1,-1,1,0.009362601675093174
-1,-1,1,-1,-1,1,-1,-1,-1,1,-1,-1,1,1,1,-1,1,1,0.009415875189006329
-1,-1,1,-1,-1,1,-1,-1,-1,1,-1,1,-1,-1,1,-1,-1,1,0.008623836562037468
-1,-1,1,-1,-1,1,-1,-1,-1,1,-1,1,-1,-1,1,1,1,-1,0.007689215242862701
-1,-1,1,-1,-1,1,-1,-1,-1,1,-1,1,-1,1,1,1,1,-1,0.0074855973944067955
-1,-1,1,-1,-1,1,-1,-1,-1,1,-1,1,1,-1,1,1,1,1,0.00838039442896843
-1,-1,1,-1,-1,1,-1,-1,-1,1,-1,1,1,1,-1,1,1,-1,0.007694536354392767
-1,-1,1,-1,-1,1,-1,-1,-1,1,1,-1,-1,-1,1,-1,-1,1,0.009134277701377869
-1,-1,1,-1,-1,1,-1,-1,-1,1,1,-1,1,-1,1,1,-1,1,0.008852758444845676
-1,-1,1,-1,-1,1,-1,-1,-1,1,1,-1,1,1,1,-1,1,1,0.009393059648573399
-1,-1,1,-1,-1,1,-1,-1,-1,1,1,-1,1,1,1,1,1,-1,0.008393287658691406
-1,-1,1,-1,-1,1,-1,-1,-1,1,1,1,-1,-1,-1,-1,-1,1,0.00839751586318016
-1,-1,1,-1,-1,1,-1,-1,-1,1,1,1,1,1,-1,-1,-1,-1,0.008306472562253475
-1,-1,1,-1,-1,1,-1,-1,-1,1,1,1,1,1,-1,-1,-1,1,0.008597085252404213
-1,-1,1,-1,-1,1,-1,-1,1,-1,-1,-1,-1,1,-1,-1,1,1,0.009633190929889679
-1,-1,1,-1,-1,1,-1,-1,1,-1,-1,-1,-1,1,1,1,1,-1,0.008858057670295238
-1,-1,1,-1,-1,1,-1,-1,1,-1,-1,-1,1,-1,-1,-1,-1,-1,0.009917940013110638
-1,-1,1,-1,-1,1,-1,-1,1,-1,-1,1,-1,-1,1,-1,-1,1,0.009463039226830006
-1,-1,1,-1,-1,1,-1,-1,1,-1,1,-1,-1,-1,1,-1,-1,-1,0.009682868607342243
-1,-1,1,-1,-1,1,-1,-1,1,-1,1,-1,-1,1,-1,-1,-1,1,0.009557101875543594
-1,-1,1,-1,-1,1,-1,-1,1,-1,1,-1,1,-1,1,-1,-1,1,0.010374047793447971
-1,-1,1,-1,-1,1,-1,-1,1,1,-1,1,-1,1,-1,-1,1,-1,0.008033957332372665
-1,-1,1,-1,-1,1,-1,-1,1,1,1,-1,-1,1,1,-1,-1,-1,0.008713142946362495
-1,-1,1,-1,-1,1,-1,-1,1,1,1,-1,1,1,-1,-1,-1,-1,0.008916143327951431
-1,-1,1,-1,-1,1,-1,-1,1,1,1,-1,1,1,-1,1,-1,-1,0.008222179487347603
-1,-1,1,-1,-1,1,-1,-1,1,1,1,-1,1,1,-1,1,1,1,0.008550870232284069
-1,-1,1,-1,-1,1,-1,-1,1,1,1,1,-1,1,-1,-1,1,1,0.008305072784423828
-1,-1,1,-1,-1,1,-1,-1,1,1,1,1,-1,1,-1,1,1,-1,0.00732643436640501
-1,-1,1,-1,-1,1,-1,-1,1,1,1,1,1,1,1,1,-1,1,0.008183039724826813
-1,-1,1,-1,-1,1,-1,1,-1,-1,-1,-1,-1,-1,1,1,-1,1,0.009299958124756813
-1,-1,1,-1,-1,1,-1,1,-1,-1,-1,-1,-1,-1,1,1,1,1,0.009334717877209187
-1,-1,1,-1,-1,1,-1,1,-1,-1,-1,-1,-1,1,1,1,1,1,0.009142978116869926
-1,-1,1,-1,-1,1,-1,1,-1,-1,1,-1,-1,1,-1,-1,1,1,0.009601364843547344
-1,-1,1,-1,-1,1,-1,1,-1,-1,1,-1,-1,1,1,-1,1,-1,0.009523513726890087
-1,-1,1,-1,-1,1,-1,1,-1,-1,1,-1,1,-1,-1,1,-1,1,0.009486081078648567
-1,-1,1,-1,-1,1,-1,1,-1,-1,1,-1,1,-1,-1,1,1,-1,0.009230229072272778
-1,-1,1,-1,-1,1,-1,1,-1,-1,1,-1,1,-1,1,1,-1,-1,0.009393034502863884
-1,-1,1,-1,-1,1,-1,1,-1,-1,1,-1,1,-1,1,1,1,1,0.00971840787678957
-1,-1,1,-1,-1,1,-1,1,-1,-1,1,1,-1,-1,1,-1,1,1,0.00948780495673418
-1,-1,1,-1,-1,1,-1,1,-1,1,-1,-1,-1,-1,-1,-1,-1,-1,0.008718500845134258
-1,-1,1,-1,-1,1,-1,1,-1,1,-1,-1,1,-1,-1,1,1,-1,0.008475059643387794
-1,-1,1,-1,-1,1,-1,1,-1,1,-1,1,-1,-1,1,1,-1,1,0.007994654588401318
-1,-1,1,-1,-1,1,-1,1,-1,1,-1,1,-1,1,-1,1,-1,1,0.007574957329779863
-1,-1,1,-1,-1,1,-1,1,-1,1,-1,1,1,-1,-1,-1,1,-1,0.008635765872895718
-1,-1,1,-1,-1,1,-1,1,-1,1,-1,1,1,1,1,1,-1,-1,0.007909550331532955
-1,-1,1,-1,-1,1,-1,1,-1,1,1,-1,-1,1,-1,1,-1,1,0.008094655349850655
-1,-1,1,-1,-1,1,-1,1,-1,1,1,1,-1,1,-1,-1,1,-1,0.007999510504305363
-1,-1,1,-1,-1,1,-1,1,-1,1,1,1,1,-1,1,-1,1,-1,0.008825712837278843
-1,-1,1,-1,-1,1,-1,1,-1,1,1,1,1,1,-1,1,-1,1,0.007967903278768063
-1,-1,1,-1,-1,1,-1,1,-1,1,1,1,1,1,1,1,-1,-1,0.007886734791100025
-1,-1,1,-1,-1,1,-1,1,1,-1,-1,-1,-1,-1,1,-1,-1,1,0.010055139660835266
-1,-1,1,-1,-1,1,-1,1,1,-1,-1,-1,1,1,1,1,-1,-1,0.009270132519304752
-1,-1,1,-1,-1,1,-1,1,1,-1,1,-1,-1,-1,-1,1,1,1,0.009178872220218182
-1,-1,1,-1,-1,1,-1,1,1,-1,1,-1,-1,-1,1,-1,-1,1,0.010038263164460659
-1,-1,1,-1,-1,1,-1,1,1,1,-1,-1,-1,-1,1,1,-1,-1,0.00829851720482111
-1,-1,1,-1,-1,1,-1,1,1,1,1,-1,-1,-1,-1,1,-1,-1,0.008078135550022125
-1,-1,1,-1,-1,1,-1,1,1,1,1,-1,1,-1,-1,-1,-1,-1,0.009172665886580944
-1,-1,1,-1,-1,1,-1,1,1,1,1,1,-1,-1,1,1,-1,-1,0.007739126682281494
-1,-1,1,-1,-1,1,-1,1,1,1,1,1,-1,1,1,1,-1,1,0.007832060568034649
-1,-1,1,-1,-1,1,1,-1,-1,-1,-1,-1,-1,1,-1,-1,-1,-1,0.00994046125560999
-1,-1,1,-1,-1,1,1,-1,-1,-1,-1,-1,-1,1,-1,1,1,1,0.009577808901667595
-1,-1,1,-1,-1,1,1,-1,-1,-1,-1,-1,-1,1,1,-1,-1,-1,0.01014990545809269
-1,-1,1,-1,-1,1,1,-1,-1,-1,-1,-1,1,1,1,1,1,1,0.010187819600105286
-1,-1,1,-1,-1,1,1,-1,-1,-1,-1,1,1,1,-1,1,1,-1,0.00916376244276762
-1,-1,1,-1,-1,1,1,-1,-1,-1,1,-1,-1,1,1,-1,1,-1,0.010171107016503811
-1,-1,1,-1,-1,1,1,-1,-1,-1,1,1,-1,-1,1,-1,1,-1,0.009835529141128063
-1,-1,1,-1,-1,1,1,-1,-1,-1,1,1,1,-1,1,-1,1,-1,0.010242033749818802
-1,-1,1,-1,-1,1,1,-1,-1,1,-1,1,-1,1,1,-1,-1,-1,0.008829406462609768
-1,-1,1,-1,-1,1,1,-1,-1,1,-1,1,-1,1,1,1,1,1,0.008485267870128155
-1,-1,1,-1,-1,1,1,-1,-1,1,-1,1,1,-1,-1,1,-1,-1,0.008545378223061562
-1,-1,1,-1,-1,1,1,-1,-1,1,-1,1,1,-1,-1,1,-1,1,0.008841929957270622
-1,-1,1,-1,-1,1,1,-1,-1,1,-1,1,1,-1,1,1,-1,-1,0.008764078840613365
-1,-1,1,-1,-1,1,1,-1,-1,1,1,-1,-1,1,-1,1,1,1,0.008792204782366753
-1,-1,1,-1,-1,1,1,-1,-1,1,1,-1,1,-1,1,1,-1,1,0.0095558762550354
-1,-1,1,-1,-1,1,1,-1,-1,1,1,1,-1,1,-1,-1,-1,-1,0.008612343110144138
-1,-1,1,-1,-1,1,1,-1,-1,1,1,1,1,-1,-1,-1,1,-1,0.009266482666134834
-1,-1,1,-1,-1,1,1,-1,-1,1,1,1,1,-1,-1,1,-1,-1,0.008528501726686954
-1,-1,1,-1,-1,1,1,-1,-1,1,1,1,1,1,-1,-1,-1,1,0.00930946134030819
-1,-1,1,-1,-1,1,1,-1,-1,1,1,1,1,1,-1,1,-1,-1,0.008315627463161945
-1,-1,1,-1,-1,1,1,-1,1,-1,-1,-1,1,1,-1,-1,-1,1,0.010698797181248665
-1,-1,1,-1,-1,1,1,-1,1,-1,-1,1,1,1,-1,-1,-1,1,0.010162223130464554
-1,-1,1,-1,-1,1,1,-1,1,-1,-1,1,1,1,1,-1,1,1,0.010409744456410408
-1,-1,1,-1,-1,1,1,-1,1,-1,1,-1,-1,1,-1,-1,-1,1,0.010266158729791641
-1,-1,1,-1,-1,1,1,-1,1,-1,1,-1,1,-1,-1,1,-1,-1,0.009904279373586178
-1,-1,1,-1,-1,1,1,-1,1,-1,1,1,-1,-1,-1,1,-1,1,0.009249191731214523
-1,-1,1,-1,-1,1,1,-1,1,-1,1,1,-1,1,-1,1,1,-1,0.008786403574049473
-1,-1,1,-1,-1,1,1,-1,1,1,-1,-1,1,-1,-1,1,-1,1,0.009445661678910255
-1,-1,1,-1,-1,1,1,-1,1,1,-1,1,-1,-1,1,1,-1,1,0.008694209158420563
-1,-1,1,-1,-1,1,1,-1,1,1,-1,1,-1,1,-1,-1,-1,1,0.00898698903620243
-1,-1,1,-1,-1,1,1,-1,1,1,-1,1,1,-1,-1,1,-1,1,0.008903148584067822
-1,-1,1,-1,-1,1,1,-1,1,1,-1,1,1,-1,1,1,1,1,0.00915067084133625
-1,-1,1,-1,-1,1,1,-1,1,1,-1,1,1,1,-1,-1,-1,1,0.009393494576215744
-1,-1,1,-1,-1,1,1,-1,1,1,-1,1,1,1,-1,-1,1,-1,0.009143580682575703
-1,-1,1,-1,-1,1,1,-1,1,1,-1,1,1,1,1,1,1,-1,0.008647182956337929
-1,-1,1,-1,-1,1,1,-1,1,1,1,-1,-1,-1,-1,1,-1,1,0.00900114607065916
-1,-1,1,-1,-1,1,1,-1,1,1,1,-1,1,-1,-1,-1,-1,1,0.01010755356401205
-1,-1,1,-1,-1,1,1,-1,1,1,1,-1,1,1,-1,1,-1,1,0.009206654503941536
-1,-1,1,-1,-1,1,1,-1,1,1,1,1,-1,-1,-1,1,1,-1,0.008221292868256569
-1,-1,1,-1,-1,1,1,1,-1,-1,-1,-1,1,1,1,1,-1,1,0.010202646255493164
-1,-1,1,-1,-1,1,1,1,-1,-1,-1,1,-1,1,1,-1,-1,-1,0.009656978771090508
-1,-1,1,-1,-1,1,1,1,-1,-1,-1,1,1,-1,-1,1,1,-1,0.009416967630386353
-1,-1,1,-1,-1,1,1,1,-1,-1,1,-1,-1,1,-1,-1,1,-1,0.010017188265919685
-1,-1,1,-1,-1,1,1,1,-1,-1,1,1,-1,-1,-1,-1,1,-1,0.00968754943460226
-1,-1,1,-1,-1,1,1,1,-1,-1,1,1,-1,1,-1,-1,-1,-1,0.009436597116291523
-1,-1,1,-1,-1,1,1,1,-1,1,-1,-1,-1,-1,1,-1,-1,1,0.009915738366544247
-1,-1,1,-1,-1,1,1,1,-1,1,-1,-1,-1,1,-1,1,1,-1,0.008573994040489197
-1,-1,1,-1,-1,1,1,1,-1,1,-1,1,1,-1,1,-1,-1,-1,0.009504311718046665
-1,-1,1,-1,-1,1,1,1,-1,1,1,-1,-1,-1,1,-1,1,-1,0.009655583649873734
-1,-1,1,-1,-1,1,1,1,-1,1,1,-1,-1,1,-1,-1,-1,-1,0.009197807870805264
-1,-1,1,-1,-1,1,1,1,-1,1,1,-1,-1,1,1,1,-1,1,0.00899796187877655
-1,-1,1,-1,-1,1,1,1,-1,1,1,-1,1,-1,-1,-1,-1,-1,0.009811248630285263
-1,-1,1,-1,-1,1,1,1,-1,1,1,-1,1,-1,-1,1,-1,-1,0.009111345745623112
-1,-1,1,-1,-1,1,1,1,-1,1,1,-1,1,1,1,-1,1,1,0.010151704773306847
-1,-1,1,-1,-1,1,1,1,-1,1,1,1,-1,1,1,-1,1,1,0.009202685207128525
-1,-1,1,-1,-1,1,1,1,-1,1,1,1,1,1,-1,-1,-1,-1,0.009074374102056026
-1,-1,1,-1,-1,1,1,1,-1,1,1,1,1,1,1,-1,-1,-1,0.009268621914088726
-1,-1,1,-1,-1,1,1,1,1,-1,-1,-1,-1,-1,-1,-1,-1,-1,0.01026082318276167
-1,-1,1,-1,-1,1,1,1,1,-1,-1,-1,-1,-1,-1,1,1,1,0.009910745546221733
-1,-1,1,-1,-1,1,1,1,1,-1,-1,1,-1,1,-1,1,-1,1,0.009120597504079342
-1,-1,1,-1,-1,1,1,1,1,-1,-1,1,-1,1,1,1,-1,-1,0.009030171670019627
-1,-1,1,-1,-1,1,1,1,1,-1,-1,1,-1,1,1,1,1,-1,0.009077506139874458
-1,-1,1,-1,-1,1,1,1,1,-1,1,1,-1,-1,-1,1,-1,1,0.009295460768043995
-1,-1,1,-1,-1,1,1,1,1,-1,1,1,1,-1,1,1,-1,1,0.009920666925609112
-1,-1,1,-1,-1,1,1,1,1,-1,1,1,1,1,-1,-1,1,-1,0.009951654821634293
-1,-1,1,-1,-1,1,1,1,1,-1,1,1,1,1,1,-1,-1,1,0.010398438200354576
-1,-1,1,-1,-1,1,1,1,1,-1,1,1,1,1,1,1,-1,1,0.009707791730761528
-1,-1,1,-1,-1,1,1,1,1,1,-1,1,-1,1,-1,1,1,-1,0.00810195505619049
-1,-1,1,-1,-1,1,1,1,1,1,-1,1,-1,1,1,1,1,-1,0.008302141912281513
-1,-1,1,-1,-1,1,1,1,1,1,1,-1,1,-1,-1,1,1,-1,0.009216580539941788
-1,-1,1,-1,1,-1,-1,-1,-1,-1,-1,-1,-1,1,1,-1,1,1,0.00976360309869051
-1,-1,1,-1,1,-1,-1,-1,-1,-1,-1,-1,1,-1,1,-1,1,1,0.010382982902228832
-1,-1,1,-1,1,-1,-1,-1,-1,-1,-1,1,1,1,1,1,1,-1,0.008667469955980778
-1,-1,1,-1,1,-1,-1,-1,-1,-1,1,-1,1,1,1,1,-1,-1,0.009124637581408024
-1,-1,1,-1,1,-1,-1,-1,-1,-1,1,-1,1,1,1,1,1,1,0.009462585672736168
-1,-1,1,-1,1,-1,-1,-1,-1,-1,1,1,1,-1,1,-1,-1,-1,0.009501537308096886
-1,-1,1,-1,1,-1,-1,-1,-1,1,-1,-1,-1,-1,-1,-1,1,-1,0.008719570003449917
-1,-1,1,-1,1,-1,-1,-1,-1,1,-1,-1,1,1,-1,1,-1,-1,0.00818115845322609
-1,-1,1,-1,1,-1,-1,-1,-1,1,-1,1,-1,1,1,-1,-1,-1,0.008135896176099777
-1,-1,1,-1,1,-1,-1,-1,-1,1,-1,1,1,-1,-1,1,1,1,0.008174271322786808
-1,-1,1,-1,1,-1,-1,-1,-1,1,-1,1,1,-1,1,1,-1,-1,0.0080524031072855
-1,-1,1,-1,1,-1,-1,-1,-1,1,-1,1,1,1,-1,1,1,1,0.007982531562447548
-1,-1,1,-1,1,-1,-1,-1,-1,1,1,-1,-1,-1,-1,-1,1,1,0.008978110738098621
-1,-1,1,-1,1,-1,-1,-1,-1,1,1,-1,1,-1,-1,1,1,-1,0.008403357118368149
-1,-1,1,-1,1,-1,-1,-1,-1,1,1,-1,1,1,-1,-1,1,-1,0.008890384808182716
-1,-1,1,-1,1,-1,-1,-1,-1,1,1,-1,1,1,1,-1,-1,-1,0.009046555496752262
-1,-1,1,-1,1,-1,-1,-1,-1,1,1,1,-1,-1,1,-1,1,-1,0.008351807482540607
-1,-1,1,-1,1,-1,-1,-1,-1,1,1,1,-1,-1,1,1,-1,1,0.007904439233243465
-1,-1,1,-1,1,-1,-1,-1,-1,1,1,1,-1,-1,1,1,1,-1,0.007657843641936779
-1,-1,1,-1,1,-1,-1,-1,-1,1,1,1,-1,1,1,-1,1,1,0.008441423997282982
-1,-1,1,-1,1,-1,-1,-1,-1,1,1,1,1,-1,1,-1,-1,1,0.00901416502892971
-1,-1,1,-1,1,-1,-1,-1,1,-1,-1,-1,-1,-1,-1,-1,1,-1,0.009546895511448383
-1,-1,1,-1,1,-1,-1,-1,1,-1,-1,-1,-1,-1,-1,1,1,1,0.009140226989984512
-1,-1,1,-1,1,-1,-1,-1,1,-1,-1,-1,-1,1,-1,1,1,-1,0.008642678149044514
-1,-1,1,-1,1,-1,-1,-1,1,-1,-1,-1,-1,1,1,-1,1,-1,0.009549403563141823
-1,-1,1,-1,1,-1,-1,-1,1,-1,-1,-1,1,1,1,-1,-1,-1,0.009911892004311085
-1,-1,1,-1,1,-1,-1,-1,1,-1,-1,-1,1,1,1,1,-1,1,0.009493345394730568
-1,-1,1,-1,1,-1,-1,-1,1,-1,-1,1,-1,1,-1,-1,-1,-1,0.008768624626100063
-1,-1,1,-1,1,-1,-1,-1,1,-1,-1,1,1,-1,1,-1,1,-1,0.009614392183721066
-1,-1,1,-1,1,-1,-1,-1,1,-1,-1,1,1,-1,1,1,1,-1,0.00892636738717556
-1,-1,1,-1,1,-1,-1,-1,1,-1,1,-1,-1,1,1,-1,-1,-1,0.009476632811129093
-1,-1,1,-1,1,-1,-1,-1,1,-1,1,-1,1,-1,1,-1,-1,1,0.010371429845690727
-1,-1,1,-1,1,-1,-1,-1,1,-1,1,1,-1,1,1,1,-1,-1,0.008240154944360256
-1,-1,1,-1,1,-1,-1,-1,1,-1,1,1,1,-1,-1,-1,-1,1,0.009634668007493019
-1,-1,1,-1,1,-1,-1,-1,1,-1,1,1,1,1,-1,-1,1,1,0.009486944414675236
-1,-1,1,-1,1,-1,-1,-1,1,-1,1,1,1,1,-1,1,1,-1,0.008491800632327795
-1,-1,1,-1,1,-1,-1,-1,1,1,-1,-1,-1,-1,1,-1,-1,1,0.009224950335919857
-1,-1,1,-1,1,-1,-1,-1,1,1,-1,-1,-1,1,-1,1,1,-1,0.007870631292462349
-1,-1,1,-1,1,-1,-1,-1,1,1,-1,1,-1,-1,-1,-1,1,1,0.0085322055965662
-1,-1,1,-1,1,-1,-1,-1,1,1,-1,1,1,1,-1,1,-1,1,0.007984536699950695
-1,-1,1,-1,1,-1,-1,-1,1,1,1,-1,-1,1,1,-1,1,1,0.009042185731232166
-1,-1,1,-1,1,-1,-1,-1,1,1,1,-1,-1,1,1,1,-1,1,0.008291978389024734
-1,-1,1,-1,1,-1,-1,-1,1,1,1,-1,1,-1,-1,1,1,-1,0.00845531839877367
-1,-1,1,-1,1,-1,-1,-1,1,1,1,-1,1,-1,1,1,-1,-1,0.008614806458353996
-1,-1,1,-1,1,-1,-1,-1,1,1,1,-1,1,1,-1,-1,-1,-1,0.008898329921066761
-1,-1,1,-1,1,-1,-1,-1,1,1,1,1,-1,1,-1,-1,-1,-1,0.00796782411634922
-1,-1,1,-1,1,-1,-1,-1,1,1,1,1,-1,1,-1,-1,-1,1,0.008258437737822533
-1,-1,1,-1,1,-1,-1,-1,1,1,1,1,1,-1,-1,-1,-1,1,0.008877817541360855
-1,-1,1,-1,1,-1,-1,-1,1,1,1,1,1,1,-1,1,-1,-1,0.007671108935028315
-1,-1,1,-1,1,-1,-1,1,-1,-1,-1,-1,-1,-1,1,1,1,1,0.009338038973510265
-1,-1,1,-1,1,-1,-1,1,-1,-1,-1,-1,-1,1,-1,-1,-1,-1,0.009280993603169918
-1,-1,1,-1,1,-1,-1,1,-1,-1,-1,1,-1,-1,-1,1,1,1,0.00861053355038166
-1,-1,1,-1,1,-1,-1,1,-1,-1,-1,1,-1,1,-1,1,-1,1,0.008359581232070923
-1,-1,1,-1,1,-1,-1,1,-1,-1,-1,1,1,-1,1,-1,1,1,0.009905251674354076
-1,-1,1,-1,1,-1,-1,1,-1,-1,1,-1,-1,-1,-1,-1,1,1,0.009814939461648464
-1,-1,1,-1,1,-1,-1,1,-1,-1,1,-1,-1,-1,1,-1,-1,-1,0.00967787578701973
-1,-1,1,-1,1,-1,-1,1,-1,-1,1,-1,-1,-1,1,1,-1,-1,0.00898985005915165
-1,-1,1,-1,1,-1,-1,1,-1,-1,1,1,-1,-1,-1,1,1,1,0.008578461594879627
-1,-1,1,-1,1,-1,-1,1,-1,-1,1,1,1,1,1,-1,-1,1,0.009634801186621189
-1,-1,1,-1,1,-1,-1,1,-1,1,-1,-1,-1,1,-1,-1,1,1,0.008858772926032543
-1,-1,1,-1,1,-1,-1,1,-1,1,-1,-1,-1,1,-1,1,-1,1,0.008111534640192986
-1,-1,1,-1,1,-1,-1,1,-1,1,-1,-1,1,-1,-1,-1,1,1,0.009472213685512543
-1,-1,1,-1,1,-1,-1,1,-1,1,-1,-1,1,1,1,1,1,-1,0.00847826711833477
-1,-1,1,-1,1,-1,-1,1,-1,1,-1,1,-1,-1,1,1,-1,-1,0.007701423950493336
-1,-1,1,-1,1,-1,-1,1,-1,1,-1,1,-1,1,1,-1,1,1,0.008519764989614487
-1,-1,1,-1,1,-1,-1,1,-1,1,-1,1,-1,1,1,1,-1,1,0.007781783118844032
-1,-1,1,-1,1,-1,-1,1,-1,1,-1,1,1,-1,-1,-1,-1,-1,0.008595069870352745
-1,-1,1,-1,1,-1,-1,1,-1,1,-1,1,1,-1,-1,-1,-1,1,0.00889493990689516
-1,-1,1,-1,1,-1,-1,1,-1,1,-1,1,1,-1,-1,1,-1,-1,0.00791036244481802
-1,-1,1,-1,1,-1,-1,1,-1,1,-1,1,1,-1,1,1,-1,1,0.00840448122471571
-1,-1,1,-1,1,-1,-1,1,-1,1,-1,1,1,1,-1,1,-1,1,0.007988100871443748
-1,-1,1,-1,1,-1,-1,1,-1,1,1,-1,-1,-1,1,-1,1,1,0.009240459650754929
-1,-1,1,-1,1,-1,-1,1,-1,1,1,-1,-1,-1,1,1,1,1,0.008537238463759422
-1,-1,1,-1,1,-1,-1,1,-1,1,1,-1,-1,1,1,1,1,-1,0.008045628666877747
-1,-1,1,-1,1,-1,-1,1,-1,1,1,1,-1,-1,1,1,-1,-1,0.007678608410060406
-1,-1,1,-1,1,-1,-1,1,-1,1,1,1,1,-1,-1,1,-1,1,0.00817222148180008
-1,-1,1,-1,1,-1,-1,1,1,-1,-1,-1,-1,-1,-1,1,1,1,0.009189813397824764
-1,-1,1,-1,1,-1,-1,1,1,-1,-1,-1,-1,-1,1,-1,-1,1,0.010049204342067242
-1,-1,1,-1,1,-1,-1,1,1,-1,-1,-1,-1,1,1,-1,-1,-1,0.009554973803460598
-1,-1,1,-1,1,-1,-1,1,1,-1,-1,-1,1,1,-1,1,-1,1,0.009360561147332191
-1,-1,1,-1,1,-1,-1,1,1,-1,-1,1,-1,1,-1,-1,1,1,0.009152841754257679
-1,-1,1,-1,1,-1,-1,1,1,-1,-1,1,1,1,-1,-1,1,-1,0.009259477257728577
-1,-1,1,-1,1,-1,-1,1,1,-1,-1,1,1,1,-1,1,-1,-1,0.0085307527333498
-1,-1,1,-1,1,-1,-1,1,1,-1,-1,1,1,1,-1,1,-1,1,0.008818048052489758
-1,-1,1,-1,1,-1,-1,1,1,-1,1,-1,-1,-1,-1,-1,-1,1,0.009822883643209934
-1,-1,1,-1,1,-1,-1,1,1,-1,1,-1,1,-1,-1,-1,1,1,0.010273406282067299
-1,-1,1,-1,1,-1,-1,1,1,-1,1,-1,1,-1,1,1,-1,1,0.009738930501043797
-1,-1,1,-1,1,-1,-1,1,1,-1,1,-1,1,1,1,-1,1,-1,0.009973423555493355
-1,-1,1,-1,1,-1,-1,1,1,-1,1,1,-1,-1,1,-1,1,-1,0.009255792945623398
-1,-1,1,-1,1,-1,-1,1,1,-1,1,1,-1,1,-1,1,1,1,0.00843606237322092
-1,-1,1,-1,1,-1,-1,1,1,1,-1,-1,-1,1,-1,-1,1,1,0.00891405250877142
-1,-1,1,-1,1,-1,-1,1,1,1,-1,-1,1,-1,1,1,-1,1,0.00899895653128624
-1,-1,1,-1,1,-1,-1,1,1,1,-1,1,-1,-1,-1,-1,-1,1,0.008540396578609943
-1,-1,1,-1,1,-1,-1,1,1,1,1,-1,-1,-1,-1,1,-1,1,0.008360191248357296
-1,-1,1,-1,1,-1,-1,1,1,1,1,-1,-1,-1,1,1,1,-1,0.008307844400405884
-1,-1,1,-1,1,-1,-1,1,1,1,1,-1,-1,1,-1,-1,-1,-1,0.0085566071793437
-1,-1,1,-1,1,-1,-1,1,1,1,1,-1,-1,1,1,1,1,1,0.008397459983825684
-1,-1,1,-1,1,-1,-1,1,1,1,1,-1,1,-1,-1,1,1,-1,0.008510843850672245
-1,-1,1,-1,1,-1,-1,1,1,1,1,-1,1,-1,1,1,1,-1,0.008729544468224049
-1,-1,1,-1,1,-1,-1,1,1,1,1,1,-1,-1,-1,1,1,-1,0.007580338977277279
-1,-1,1,-1,1,-1,1,-1,-1,-1,-1,-1,-1,1,1,1,1,1,0.009782014414668083
-1,-1,1,-1,1,-1,1,-1,-1,-1,1,-1,-1,-1,1,1,1,-1,0.009672204032540321
-1,-1,1,-1,1,-1,1,-1,-1,-1,1,-1,-1,1,1,-1,-1,-1,0.010115215554833412
-1,-1,1,-1,1,-1,1,-1,-1,-1,1,-1,1,-1,-1,1,-1,1,0.010131056420505047
-1,-1,1,-1,1,-1,1,-1,-1,-1,1,-1,1,1,1,-1,-1,1,0.01080639474093914
-1,-1,1,-1,1,-1,1,-1,-1,-1,1,1,-1,1,-1,-1,1,-1,0.00942246988415718
-1,-1,1,-1,1,-1,1,-1,-1,-1,1,1,1,-1,1,-1,-1,1,0.010480073280632496
-1,-1,1,-1,1,-1,1,-1,-1,-1,1,1,1,-1,1,1,1,-1,0.009539513848721981
-1,-1,1,-1,1,-1,1,-1,-1,1,-1,-1,-1,-1,-1,-1,1,-1,0.00940749328583479
-1,-1,1,-1,1,-1,1,-1,-1,1,-1,-1,-1,-1,-1,-1,1,1,0.009707363322377205
-1,-1,1,-1,1,-1,1,-1,-1,1,-1,1,1,1,-1,-1,-1,1,0.009329658932983875
-1,-1,1,-1,1,-1,1,-1,-1,1,-1,1,1,1,-1,1,-1,1,0.008641633205115795
-1,-1,1,-1,1,-1,1,-1,-1,1,1,-1,-1,1,1,1,-1,-1,0.008649204857647419
-1,-1,1,-1,1,-1,1,-1,-1,1,1,1,-1,1,-1,1,1,1,0.008241133764386177
-1,-1,1,-1,1,-1,1,-1,-1,1,1,1,1,-1,-1,-1,1,-1,0.009267183020710945
-1,-1,1,-1,1,-1,1,-1,1,-1,-1,-1,-1,-1,-1,1,1,-1,0.009556050412356853
-1,-1,1,-1,1,-1,1,-1,1,-1,-1,-1,-1,-1,1,-1,-1,1,0.010706054046750069
-1,-1,1,-1,1,-1,1,-1,1,-1,-1,-1,-1,1,-1,-1,1,-1,0.010049017146229744
-1,-1,1,-1,1,-1,1,-1,1,-1,-1,-1,1,-1,1,-1,1,1,0.011156576685607433
-1,-1,1,-1,1,-1,1,-1,1,-1,-1,1,-1,-1,-1,1,-1,-1,0.00898471474647522
-1,-1,1,-1,1,-1,1,-1,1,-1,-1,1,1,1,-1,-1,-1,1,0.01016292255371809
-1,-1,1,-1,1,-1,1,-1,1,-1,-1,1,1,1,1,-1,1,1,0.010416383855044842
-1,-1,1,-1,1,-1,1,-1,1,-1,1,-1,1,1,-1,-1,-1,1,0.01067004632204771
-1,-1,1,-1,1,-1,1,-1,1,-1,1,1,-1,-1,-1,1,-1,-1,0.008955961093306541
-1,-1,1,-1,1,-1,1,-1,1,-1,1,1,-1,-1,1,1,-1,-1,0.009156147949397564
-1,-1,1,-1,1,-1,1,-1,1,-1,1,1,-1,1,-1,1,1,-1,0.008793042041361332
-1,-1,1,-1,1,-1,1,-1,1,-1,1,1,1,-1,1,1,1,1,0.009900601580739021
-1,-1,1,-1,1,-1,1,-1,1,-1,1,1,1,1,1,1,1,-1,0.009403052739799023
-1,-1,1,-1,1,-1,1,-1,1,1,-1,-1,-1,1,1,1,-1,1,0.00903310813009739
-1,-1,1,-1,1,-1,1,-1,1,1,-1,1,-1,-1,1,1,-1,-1,0.008406917564570904
-1,-1,1,-1,1,-1,1,-1,1,1,-1,1,1,-1,-1,1,1,-1,0.008657252416014671
-1,-1,1,-1,1,-1,1,-1,1,1,-1,1,1,-1,1,1,1,-1,0.008857439272105694
-1,-1,1,-1,1,-1,1,-1,1,1,-1,1,1,1,1,-1,1,-1,0.009338528849184513
-1,-1,1,-1,1,-1,1,-1,1,1,1,-1,-1,-1,-1,-1,-1,1,0.009701749309897423
-1,-1,1,-1,1,-1,1,-1,1,1,1,-1,1,1,-1,1,-1,1,0.009198097512125969
-1,-1,1,-1,1,-1,1,-1,1,1,1,-1,1,1,1,-1,1,-1,0.009848970919847488
-1,-1,1,-1,1,-1,1,-1,1,1,1,1,-1,-1,-1,-1,1,1,0.009218447841703892
-1,-1,1,-1,1,-1,1,-1,1,1,1,1,-1,1,-1,-1,-1,-1,0.008661686442792416
-1,-1,1,-1,1,-1,1,-1,1,1,1,1,-1,1,-1,-1,1,-1,0.008720899000763893
-1,-1,1,-1,1,-1,1,1,-1,-1,-1,-1,-1,-1,-1,-1,1,1,0.010540873743593693
-1,-1,1,-1,1,-1,1,1,-1,-1,-1,-1,1,-1,1,-1,1,-1,0.010854331776499748
-1,-1,1,-1,1,-1,1,1,-1,-1,-1,-1,1,1,1,1,-1,1,0.01020002830773592
-1,-1,1,-1,1,-1,1,1,-1,-1,-1,1,-1,-1,1,-1,1,1,0.010211121290922165
-1,-1,1,-1,1,-1,1,1,-1,-1,-1,1,-1,1,1,1,-1,1,0.009266205132007599
-1,-1,1,-1,1,-1,1,1,-1,-1,1,-1,-1,1,1,-1,-1,1,0.01046467199921608
-1,-1,1,-1,1,-1,1,1,-1,-1,1,-1,-1,1,1,1,1,1,0.009805467911064625
-1,-1,1,-1,1,-1,1,1,-1,-1,1,-1,1,-1,-1,-1,1,1,0.01090936828404665
-1,-1,1,-1,1,-1,1,1,-1,-1,1,1,1,-1,-1,-1,-1,-1,0.010041480883955956
-1,-1,1,-1,1,-1,1,1,-1,-1,1,1,1,-1,-1,1,1,-1,0.009397473186254501
-1,-1,1,-1,1,-1,1,1,-1,1,-1,-1,1,-1,1,-1,1,1,0.010378837585449219
-1,-1,1,-1,1,-1,1,1,-1,1,-1,1,-1,1,1,-1,1,-1,0.008932270109653473
-1,-1,1,-1,1,-1,1,1,-1,1,-1,1,1,-1,-1,-1,-1,1,0.009588802233338356
-1,-1,1,-1,1,-1,1,1,-1,1,-1,1,1,-1,1,1,-1,1,0.009092404507100582
-1,-1,1,-1,1,-1,1,1,-1,1,-1,1,1,1,-1,1,1,-1,0.00844130665063858
-1,-1,1,-1,1,-1,1,1,-1,1,1,-1,1,-1,-1,-1,-1,1,0.010093305259943008
-1,-1,1,-1,1,-1,1,1,-1,1,1,-1,1,-1,1,-1,-1,1,0.010302748531103134
-1,-1,1,-1,1,-1,1,1,-1,1,1,-1,1,1,1,-1,-1,1,0.010099130682647228
-1,-1,1,-1,1,-1,1,1,-1,1,1,1,-1,-1,1,-1,-1,-1,0.009075691923499107
-1,-1,1,-1,1,-1,1,1,-1,1,1,1,-1,1,-1,-1,-1,-1,0.008671189658343792
-1,-1,1,-1,1,-1,1,1,1,-1,-1,-1,1,-1,1,1,-1,-1,0.010177569463849068
-1,-1,1,-1,1,-1,1,1,1,-1,-1,-1,1,-1,1,1,1,-1,0.010218268260359764
-1,-1,1,-1,1,-1,1,1,1,-1,-1,1,-1,-1,1,-1,-1,-1,0.009922514669597149
-1,-1,1,-1,1,-1,1,1,1,-1,1,1,-1,1,-1,-1,1,-1,0.009539213962852955
-1,-1,1,-1,1,-1,1,1,1,1,-1,-1,-1,-1,1,-1,1,1,0.010033550672233105
-1,-1,1,-1,1,-1,1,1,1,1,-1,-1,-1,-1,1,1,1,1,0.00932439137250185
-1,-1,1,-1,1,-1,1,1,1,1,-1,-1,1,-1,1,1,1,-1,0.009446222335100174
-1,-1,1,-1,1,-1,1,1,1,1,-1,1,-1,1,1,1,-1,-1,0.00824956875294447
-1,-1,1,-1,1,-1,1,1,1,1,-1,1,1,-1,-1,1,-1,1,0.008950117975473404
-1,-1,1,-1,1,-1,1,1,1,1,-1,1,1,1,-1,1,-1,1,0.008743181824684143
-1,-1,1,-1,1,-1,1,1,1,1,-1,1,1,1,-1,1,1,-1,0.008496586233377457
-1,-1,1,-1,1,-1,1,1,1,1,1,-1,-1,-1,-1,1,-1,-1,0.00877863634377718
-1,-1,1,-1,1,-1,1,1,1,1,1,-1,-1,1,1,-1,1,-1,0.009503929875791073
-1,-1,1,-1,1,-1,1,1,1,1,1,-1,1,-1,1,-1,-1,1,0.010367284528911114
-1,-1,1,-1,1,-1,1,1,1,1,1,-1,1,1,-1,1,1,-1,0.00901628378778696
-1,-1,1,-1,1,-1,1,1,1,1,1,-1,1,1,1,-1,1,1,0.010204366408288479
-1,-1,1,-1,1,-1,1,1,1,1,1,1,-1,-1,1,-1,-1,1,0.00942420493811369
-1,-1,1,-1,1,-1,1,1,1,1,1,1,-1,-1,1,1,-1,-1,0.008442945778369904
-1,-1,1,-1,1,-1,1,1,1,1,1,1,-1,1,-1,1,1,1,0.008357877843081951
-1,-1,1,-1,1,-1,1,1,1,1,1,1,-1,1,1,-1,-1,-1,0.008920717053115368
-1,-1,1,-1,1,-1,1,1,1,1,1,1,1,-1,-1,1,-1,-1,0.008651884272694588
-1,-1,1,-1,1,1,-1,-1,-1,-1,-1,-1,-1,1,1,-1,-1,-1,0.009600303135812283
-1,-1,1,-1,1,1,-1,-1,-1,-1,-1,-1,1,-1,1,-1,1,-1,0.010257760994136333
-1,-1,1,-1,1,1,-1,-1,-1,-1,-1,1,-1,1,-1,1,1,-1,0.00820433720946312
-1,-1,1,-1,1,1,-1,-1,-1,-1,-1,1,1,1,-1,1,-1,-1,0.008576082065701485
-1,-1,1,-1,1,1,-1,-1,-1,-1,-1,1,1,1,1,-1,-1,1,0.009770102798938751
-1,-1,1,-1,1,1,-1,-1,-1,-1,1,-1,1,-1,-1,-1,-1,-1,0.009978166781365871
-1,-1,1,-1,1,1,-1,-1,-1,-1,1,-1,1,1,-1,-1,-1,-1,0.009786426089704037
-1,-1,1,-1,1,1,-1,-1,-1,-1,1,1,-1,-1,-1,1,-1,-1,0.008353697136044502
-1,-1,1,-1,1,1,-1,-1,-1,-1,1,1,-1,1,1,1,-1,-1,0.008356205187737942
-1,-1,1,-1,1,1,-1,-1,-1,-1,1,1,1,-1,-1,-1,-1,1,0.009735522791743279
-1,-1,1,-1,1,1,-1,-1,-1,1,-1,-1,-1,-1,-1,1,-1,1,0.008425017818808556
-1,-1,1,-1,1,1,-1,-1,-1,1,-1,-1,-1,-1,1,-1,-1,-1,0.009031874127686024
-1,-1,1,-1,1,1,-1,-1,-1,1,-1,-1,-1,-1,1,1,-1,-1,0.008347166702151299
-1,-1,1,-1,1,1,-1,-1,-1,1,-1,-1,1,1,-1,1,1,-1,0.008387248031795025
-1,-1,1,-1,1,1,-1,-1,-1,1,-1,1,-1,-1,1,-1,1,1,0.008827309124171734
-1,-1,1,-1,1,1,-1,-1,-1,1,-1,1,1,-1,1,-1,-1,-1,0.008905122987926006
-1,-1,1,-1,1,1,-1,-1,-1,1,1,-1,-1,-1,1,1,-1,-1,0.008315094746649265
-1,-1,1,-1,1,1,-1,-1,-1,1,1,-1,-1,1,-1,-1,1,1,0.008936566300690174
-1,-1,1,-1,1,1,-1,-1,-1,1,1,-1,-1,1,-1,1,-1,1,0.00819526705890894
-1,-1,1,-1,1,1,-1,-1,-1,1,1,-1,-1,1,1,-1,-1,-1,0.008796184323728085
-1,-1,1,-1,1,1,-1,-1,-1,1,1,-1,1,-1,-1,1,-1,-1,0.008527351543307304
-1,-1,1,-1,1,1,-1,-1,-1,1,1,1,1,1,1,1,-1,1,0.008266082033514977
-1,-1,1,-1,1,1,-1,-1,1,-1,-1,-1,-1,1,1,-1,1,-1,0.009711476974189281
-1,-1,1,-1,1,1,-1,-1,1,-1,-1,-1,1,1,-1,-1,1,1,0.010195832699537277
-1,-1,1,-1,1,1,-1,-1,1,-1,-1,-1,1,1,1,1,1,-1,0.009414761327207088
-1,-1,1,-1,1,1,-1,-1,1,-1,-1,1,-1,-1,-1,-1,-1,-1,0.009137633256614208
-1,-1,1,-1,1,1,-1,-1,1,-1,-1,1,-1,1,1,-1,-1,-1,0.009128264151513577
-1,-1,1,-1,1,1,-1,-1,1,-1,-1,1,1,-1,1,1,-1,1,0.009335036389529705
-1,-1,1,-1,1,1,-1,-1,1,-1,-1,1,1,1,-1,1,1,1,0.008962673135101795
-1,-1,1,-1,1,1,-1,-1,1,-1,-1,1,1,1,1,-1,1,1,0.009875337593257427
-1,-1,1,-1,1,1,-1,-1,1,-1,1,1,-1,-1,1,1,-1,1,0.008905715309083462
-1,-1,1,-1,1,1,-1,-1,1,-1,1,1,-1,1,-1,-1,1,1,0.009236573241651058
-1,-1,1,-1,1,1,-1,-1,1,-1,1,1,-1,1,1,-1,1,1,0.009446017444133759
-1,-1,1,-1,1,1,-1,-1,1,-1,1,1,-1,1,1,1,-1,1,0.008708036504685879
-1,-1,1,-1,1,1,-1,-1,1,-1,1,1,-1,1,1,1,1,-1,0.00845550186932087
-1,-1,1,-1,1,1,-1,-1,1,-1,1,1,1,-1,-1,1,-1,-1,0.00881810300052166
-1,-1,1,-1,1,1,-1,-1,1,1,-1,-1,-1,-1,1,-1,1,1,0.009431040845811367
-1,-1,1,-1,1,1,-1,-1,1,1,-1,-1,-1,1,-1,-1,-1,1,0.008982521481812
-1,-1,1,-1,1,1,-1,-1,1,1,-1,-1,1,-1,-1,1,1,1,0.00893675908446312
-1,-1,1,-1,1,1,-1,-1,1,1,-1,1,-1,-1,-1,-1,-1,-1,0.008365587331354618
-1,-1,1,-1,1,1,-1,-1,1,1,-1,1,-1,1,-1,-1,-1,1,0.008440008386969566
-1,-1,1,-1,1,1,-1,-1,1,1,-1,1,1,1,1,-1,1,-1,0.008806739933788776
-1,-1,1,-1,1,1,-1,-1,1,1,1,-1,-1,-1,-1,-1,1,-1,0.008904850110411644
-1,-1,1,-1,1,1,-1,-1,1,1,1,-1,-1,1,-1,-1,1,-1,0.008713110350072384
-1,-1,1,-1,1,1,-1,-1,1,1,1,-1,-1,1,1,-1,1,-1,0.008910676464438438
-1,-1,1,-1,1,1,-1,-1,1,1,1,-1,1,1,-1,-1,1,1,0.009410228580236435
-1,-1,1,-1,1,1,-1,-1,1,1,1,1,1,1,1,-1,1,1,0.009071219712495804
-1,-1,1,-1,1,1,-1,1,-1,-1,-1,-1,-1,-1,-1,1,1,-1,0.009009311906993389
-1,-1,1,-1,1,1,-1,1,-1,-1,-1,-1,-1,-1,1,-1,-1,1,0.010150059126317501
-1,-1,1,-1,1,1,-1,1,-1,-1,-1,-1,-1,-1,1,-1,1,1,0.010203332640230656
-1,-1,1,-1,1,1,-1,1,-1,-1,-1,1,-1,-1,-1,-1,-1,-1,0.009131941013038158
-1,-1,1,-1,1,1,-1,1,-1,-1,-1,1,-1,1,-1,-1,1,-1,0.008969021961092949
-1,-1,1,-1,1,1,-1,1,-1,-1,-1,1,1,-1,1,1,1,1,0.009373360313475132
-1,-1,1,-1,1,1,-1,1,-1,-1,1,-1,-1,1,-1,-1,-1,-1,0.00942950788885355
-1,-1,1,-1,1,1,-1,1,-1,-1,1,-1,1,-1,1,-1,-1,-1,0.010246453806757927
-1,-1,1,-1,1,1,-1,1,-1,-1,1,1,-1,1,1,1,-1,1,0.008702343329787254
-1,-1,1,-1,1,1,-1,1,-1,-1,1,1,1,-1,-1,-1,-1,-1,0.009515631012618542
-1,-1,1,-1,1,1,-1,1,-1,1,-1,-1,-1,-1,-1,1,-1,-1,0.008189930580556393
-1,-1,1,-1,1,1,-1,1,-1,1,-1,1,-1,-1,-1,-1,-1,1,0.008644568733870983
-1,-1,1,-1,1,1,-1,1,-1,1,-1,1,-1,-1,1,1,-1,-1,0.007863497361540794
-1,-1,1,-1,1,1,-1,1,-1,1,-1,1,-1,1,1,1,1,-1,0.007700578309595585
-1,-1,1,-1,1,1,-1,1,-1,1,-1,1,1,-1,-1,1,-1,1,0.008353792130947113
-1,-1,1,-1,1,1,-1,1,-1,1,1,-1,-1,-1,1,1,1,1,0.008705250918865204
-1,-1,1,-1,1,1,-1,1,-1,1,1,-1,-1,1,1,-1,1,1,0.009192278608679771
-1,-1,1,-1,1,1,-1,1,-1,1,1,-1,1,1,-1,1,1,-1,0.008410701528191566
-1,-1,1,-1,1,1,-1,1,-1,1,1,1,-1,1,-1,-1,-1,1,0.008414817973971367
-1,-1,1,-1,1,1,-1,1,1,-1,-1,-1,1,1,1,1,1,1,0.009760899469256401
-1,-1,1,-1,1,1,-1,1,1,-1,-1,1,1,-1,-1,-1,-1,1,0.009890276938676834
-1,-1,1,-1,1,1,-1,1,1,-1,1,-1,-1,1,-1,-1,-1,1,0.009778020903468132
-1,-1,1,-1,1,1,-1,1,1,-1,1,-1,-1,1,-1,-1,1,-1,0.009525486268103123
-1,-1,1,-1,1,1,-1,1,1,-1,1,-1,1,1,1,-1,-1,1,0.010397288016974926
-1,-1,1,-1,1,1,-1,1,1,-1,1,1,-1,-1,-1,1,1,-1,0.00850520096719265
-1,-1,1,-1,1,1,-1,1,1,-1,1,1,-1,-1,1,-1,-1,-1,0.009358653798699379
-1,-1,1,-1,1,1,-1,1,1,-1,1,1,1,-1,-1,1,1,-1,0.008920962922275066
-1,-1,1,-1,1,1,-1,1,1,-1,1,1,1,-1,1,1,-1,1,0.009377002716064453
-1,-1,1,-1,1,1,-1,1,1,1,-1,-1,-1,-1,-1,1,1,1,0.008595036342740059
-1,-1,1,-1,1,1,-1,1,1,1,1,-1,-1,1,1,-1,-1,-1,0.008918867446482182
-1,-1,1,-1,1,1,-1,1,1,1,1,-1,1,-1,1,-1,-1,-1,0.009526369161903858
-1,-1,1,-1,1,1,-1,1,1,1,1,1,1,-1,-1,1,-1,-1,0.008110838942229748
-1,-1,1,-1,1,1,1,-1,-1,-1,-1,-1,-1,1,1,-1,1,1,0.01063805166631937
-1,-1,1,-1,1,1,1,-1,-1,-1,-1,1,-1,-1,-1,-1,1,-1,0.00981761235743761
-1,-1,1,-1,1,1,1,-1,-1,-1,-1,1,-1,-1,1,1,-1,1,0.009570431895554066
-1,-1,1,-1,1,1,1,-1,-1,-1,-1,1,1,-1,-1,1,-1,1,0.009767493233084679
-1,-1,1,-1,1,1,1,-1,-1,-1,1,-1,-1,-1,-1,-1,1,1,0.010624605230987072
-1,-1,1,-1,1,1,1,-1,-1,-1,1,-1,-1,-1,-1,1,1,-1,0.009634089656174183
-1,-1,1,-1,1,1,1,-1,-1,-1,1,-1,-1,1,-1,-1,1,1,0.010408412665128708
-1,-1,1,-1,1,1,1,-1,-1,-1,1,-1,-1,1,1,1,-1,-1,0.009577385149896145
-1,-1,1,-1,1,1,1,-1,-1,-1,1,-1,1,1,-1,-1,-1,1,0.01077090110629797
-1,-1,1,-1,1,1,1,-1,-1,-1,1,1,1,-1,-1,-1,-1,-1,0.01014802884310484
-1,-1,1,-1,1,1,1,-1,-1,-1,1,1,1,-1,-1,1,1,-1,0.009507338516414165
-1,-1,1,-1,1,1,1,-1,-1,-1,1,1,1,1,-1,1,1,-1,0.00929708406329155
-1,-1,1,-1,1,1,1,-1,-1,1,-1,-1,1,-1,1,1,1,1,0.009782164357602596
-1,-1,1,-1,1,1,1,-1,-1,1,-1,1,-1,-1,-1,1,1,-1,0.00835754070430994
-1,-1,1,-1,1,1,1,-1,-1,1,-1,1,-1,1,-1,1,1,1,0.008435279130935669
-1,-1,1,-1,1,1,1,-1,-1,1,-1,1,1,-1,-1,1,-1,-1,0.00871409010142088
-1,-1,1,-1,1,1,1,-1,-1,1,1,-1,1,1,1,1,1,-1,0.009271057322621346
-1,-1,1,-1,1,1,1,-1,-1,1,1,1,-1,-1,-1,1,1,-1,0.008328787051141262
-1,-1,1,-1,1,1,1,-1,-1,1,1,1,-1,-1,-1,1,1,1,0.00861608237028122
-1,-1,1,-1,1,1,1,-1,-1,1,1,1,1,-1,-1,1,1,-1,0.008735291659832
-1,-1,1,-1,1,1,1,-1,-1,1,1,1,1,-1,1,-1,-1,1,0.009879357181489468
-1,-1,1,-1,1,1,1,-1,-1,1,1,1,1,1,-1,1,-1,-1,0.00847508292645216
-1,-1,1,-1,1,1,1,-1,1,-1,-1,-1,-1,-1,1,-1,1,1,0.0109028872102499
-1,-1,1,-1,1,1,1,-1,1,-1,-1,-1,-1,1,-1,1,-1,1,0.009754465892910957
-1,-1,1,-1,1,1,1,-1,1,-1,-1,-1,1,-1,-1,-1,1,1,0.011099948547780514
-1,-1,1,-1,1,1,1,-1,1,-1,-1,1,1,-1,1,-1,-1,1,0.01072617992758751
-1,-1,1,-1,1,1,1,-1,1,-1,-1,1,1,-1,1,1,1,-1,0.009794876910746098
-1,-1,1,-1,1,1,1,-1,1,-1,-1,1,1,1,-1,1,-1,1,0.009636970236897469
-1,-1,1,-1,1,1,1,-1,1,-1,1,-1,-1,1,-1,1,-1,-1,0.00944435503333807
-1,-1,1,-1,1,1,1,-1,1,-1,1,-1,1,-1,-1,1,1,1,0.010383169166743755
-1,-1,1,-1,1,1,1,-1,1,-1,1,-1,1,1,1,1,-1,-1,0.010060303844511509
-1,-1,1,-1,1,1,1,-1,1,-1,1,1,-1,1,-1,-1,-1,-1,0.00961100123822689
-1,-1,1,-1,1,1,1,-1,1,-1,1,1,-1,1,-1,1,1,-1,0.00895511545240879
-1,-1,1,-1,1,1,1,-1,1,-1,1,1,1,-1,1,1,-1,1,0.010024596005678177
-1,-1,1,-1,1,1,1,-1,1,1,-1,-1,-1,-1,1,-1,1,-1,0.009840228594839573
-1,-1,1,-1,1,1,1,-1,1,1,-1,-1,1,1,-1,-1,1,-1,0.009839611127972603
-1,-1,1,-1,1,1,1,-1,1,1,1,-1,1,-1,1,1,-1,1,0.009770611301064491
-1,-1,1,-1,1,1,1,-1,1,1,1,-1,1,1,-1,-1,-1,1,0.010054134763777256
-1,-1,1,-1,1,1,1,-1,1,1,1,-1,1,1,-1,1,-1,1,0.00936942733824253
-1,-1,1,-1,1,1,1,-1,1,1,1,1,1,-1,-1,1,1,1,0.009077866561710835
-1,-1,1,-1,1,1,1,1,-1,-1,-1,-1,-1,-1,-1,-1,-1,1,0.010658929124474525
-1,-1,1,-1,1,1,1,1,-1,-1,-1,-1,-1,-1,-1,-1,1,-1,0.010403077118098736
-1,-1,1,-1,1,1,1,1,-1,-1,-1,-1,-1,-1,1,1,-1,1,0.010162532329559326
-1,-1,1,-1,1,1,1,1,-1,-1,-1,-1,-1,1,1,1,-1,1,0.009955596178770065
-1,-1,1,-1,1,1,1,1,-1,-1,-1,1,1,-1,-1,-1,1,1,0.01057619508355856
-1,-1,1,-1,1,1,1,1,-1,-1,-1,1,1,-1,-1,1,-1,-1,0.009538344107568264
-1,-1,1,-1,1,1,1,1,-1,-1,-1,1,1,-1,1,1,1,1,0.01007647905498743
-1,-1,1,-1,1,1,1,1,-1,-1,1,-1,-1,-1,1,1,-1,1,0.010136398486793041
-1,-1,1,-1,1,1,1,1,-1,-1,1,-1,-1,1,-1,-1,1,1,0.010467256419360638
-1,-1,1,-1,1,1,1,1,-1,-1,1,-1,-1,1,-1,1,1,-1,0.00948861800134182
-1,-1,1,-1,1,1,1,1,-1,-1,1,-1,1,1,1,-1,-1,1,0.0110391890630126
-1,-1,1,-1,1,1,1,1,-1,-1,1,1,-1,1,-1,-1,-1,1,0.009895921684801579
-1,-1,1,-1,1,1,1,1,-1,-1,1,1,1,1,1,-1,1,-1,0.010244140401482582
-1,-1,1,-1,1,1,1,1,-1,1,-1,-1,-1,-1,-1,1,-1,-1,0.008887111209332943
-1,-1,1,-1,1,1,1,1,-1,1,-1,-1,-1,-1,1,-1,-1,1,0.01008113194257021
-1,-1,1,-1,1,1,1,1,-1,1,-1,-1,-1,1,-1,1,-1,1,0.00898598413914442
-1,-1,1,-1,1,1,1,1,-1,1,-1,1,1,-1,-1,1,1,-1,0.008813632652163506
-1,-1,1,-1,1,1,1,1,-1,1,-1,1,1,-1,1,1,1,1,0.009307751432061195
-1,-1,1,-1,1,1,1,1,-1,1,-1,1,1,1,1,-1,-1,-1,0.00945089291781187
-1,-1,1,-1,1,1,1,1,-1,1,1,-1,-1,-1,1,-1,-1,1,0.010052378289401531
-1,-1,1,-1,1,1,1,1,-1,1,1,1,-1,-1,-1,-1,-1,1,0.009324872866272926
-1,-1,1,-1,1,1,1,1,-1,1,1,1,-1,-1,1,1,1,1,0.008878430351614952
-1,-1,1,-1,1,1,1,1,-1,1,1,1,-1,1,-1,-1,-1,1,0.009117936715483665
-1,-1,1,-1,1,1,1,1,-1,1,1,1,-1,1,1,1,1,-1,0.008386820554733276
-1,-1,1,-1,1,1,1,1,-1,1,1,1,1,-1,1,1,-1,1,0.009240918792784214
-1,-1,1,-1,1,1,1,1,1,-1,-1,-1,-1,-1,-1,1,1,-1,0.009764392860233784
-1,-1,1,-1,1,1,1,1,1,-1,-1,-1,-1,-1,1,-1,1,1,0.010952474549412727
-1,-1,1,-1,1,1,1,1,1,-1,-1,-1,-1,1,-1,1,1,-1,0.009566713124513626
-1,-1,1,-1,1,1,1,1,1,-1,-1,-1,1,-1,1,-1,-1,1,0.01131496299058199
-1,-1,1,-1,1,1,1,1,1,-1,-1,1,-1,-1,1,-1,1,1,0.0104284742847085
-1,-1,1,-1,1,1,1,1,1,-1,-1,1,1,-1,1,1,-1,1,0.010102936998009682
-1,-1,1,-1,1,1,1,1,1,-1,1,-1,-1,1,1,1,1,1,0.010028759017586708
-1,-1,1,-1,1,1,1,1,1,-1,1,-1,1,-1,-1,1,-1,1,0.010400616563856602
-1,-1,1,-1,1,1,1,1,1,-1,1,1,1,-1,-1,1,1,1,0.009905437938869
-1,-1,1,-1,1,1,1,1,1,-1,1,1,1,1,-1,-1,-1,1,0.010357705876231194
-1,-1,1,-1,1,1,1,1,1,1,-1,-1,1,-1,-1,-1,-1,-1,0.010063993744552135
-1,-1,1,-1,1,1,1,1,1,1,-1,-1,1,1,1,1,1,-1,0.009410616010427475
-1,-1,1,-1,1,1,1,1,1,1,-1,1,-1,-1,-1,1,-1,-1,0.00842101126909256
-1,-1,1,-1,1,1,1,1,1,1,1,1,-1,-1,-1,1,-1,-1,0.008392257615923882
-1,-1,1,-1,1,1,1,1,1,1,1,1,-1,1,-1,-1,1,1,0.009223171509802341
-1,-1,1,-1,1,1,1,1,1,1,1,1,1,-1,1,-1,-1,1,0.009992782957851887
-1,-1,1,-1,1,1,1,1,1,1,1,1,1,1,1,-1,-1,1,0.00978916510939598
-1,-1,1,1,-1,-1,-1,-1,-1,-1,-1,-1,1,-1,1,1,-1,1,0.009769857861101627
-1,-1,1,1,-1,-1,-1,-1,-1,-1,-1,1,-1,-1,1,-1,-1,1,0.009518121369183064
-1,-1,1,1,-1,-1,-1,-1,-1,-1,-1,1,-1,1,-1,-1,-1,-1,0.008817067369818687
-1,-1,1,1,-1,-1,-1,-1,-1,-1,-1,1,-1,1,-1,-1,-1,1,0.009113619104027748
-1,-1,1,1,-1,-1,-1,-1,-1,-1,-1,1,-1,1,1,1,-1,1,0.008617221377789974
-1,-1,1,1,-1,-1,-1,-1,-1,-1,-1,1,1,1,-1,1,1,1,0.00887017697095871
-1,-1,1,1,-1,-1,-1,-1,-1,-1,1,-1,-1,-1,1,1,1,-1,0.009103198535740376
-1,-1,1,1,-1,-1,-1,-1,-1,-1,1,1,-1,-1,-1,1,1,-1,0.008366436697542667
-1,-1,1,1,-1,-1,-1,-1,-1,1,-1,-1,-1,-1,1,-1,1,-1,0.009038674645125866
-1,-1,1,1,-1,-1,-1,-1,-1,1,-1,-1,1,-1,-1,-1,-1,-1,0.009206915274262428
-1,-1,1,1,-1,-1,-1,-1,-1,1,-1,-1,1,-1,1,1,-1,-1,0.008716455660760403
-1,-1,1,1,-1,-1,-1,-1,-1,1,-1,1,-1,-1,-1,1,-1,-1,0.007563931867480278
-1,-1,1,1,-1,-1,-1,-1,-1,1,-1,1,-1,1,1,-1,-1,1,0.00854839663952589
-1,-1,1,1,-1,-1,-1,-1,-1,1,-1,1,1,-1,1,-1,-1,-1,0.0088771628215909
-1,-1,1,1,-1,-1,-1,-1,-1,1,1,-1,-1,-1,1,1,-1,-1,0.008277878165245056
-1,-1,1,1,-1,-1,-1,-1,-1,1,1,-1,1,1,-1,1,-1,1,0.00855861697345972
-1,-1,1,1,-1,-1,-1,-1,-1,1,1,1,-1,-1,-1,-1,-1,1,0.008519754745066166
-1,-1,1,1,-1,-1,-1,-1,-1,1,1,1,-1,-1,1,1,1,1,0.008073313161730766
-1,-1,1,1,-1,-1,-1,-1,-1,1,1,1,-1,1,-1,-1,-1,-1,0.008031463250517845
-1,-1,1,1,-1,-1,-1,-1,-1,1,1,1,-1,1,-1,-1,1,1,0.008372031152248383
-1,-1,1,1,-1,-1,-1,-1,-1,1,1,1,1,1,1,1,-1,-1,0.00793825276196003
-1,-1,1,1,-1,-1,-1,-1,1,-1,-1,1,-1,1,1,-1,-1,-1,0.00909698661416769
-1,-1,1,1,-1,-1,-1,-1,1,-1,1,-1,-1,-1,1,-1,1,1,0.010143054649233818
-1,-1,1,1,-1,-1,-1,-1,1,-1,1,-1,1,-1,-1,-1,-1,-1,0.010011425241827965
-1,-1,1,1,-1,-1,-1,-1,1,-1,1,-1,1,-1,1,1,-1,1,0.009802322834730148
-1,-1,1,1,-1,-1,-1,-1,1,-1,1,1,1,-1,-1,-1,-1,1,0.00977471936494112
-1,-1,1,1,-1,-1,-1,-1,1,-1,1,1,1,-1,1,-1,-1,1,0.009978224523365498
-1,-1,1,1,-1,-1,-1,-1,1,1,-1,-1,-1,1,-1,1,1,-1,0.008004745468497276
-1,-1,1,1,-1,-1,-1,-1,1,1,-1,-1,1,1,-1,1,-1,1,0.008657846599817276
-1,-1,1,1,-1,-1,-1,-1,1,1,-1,1,1,-1,-1,-1,1,1,0.009069506078958511
-1,-1,1,1,-1,-1,-1,-1,1,1,1,-1,-1,-1,-1,1,1,1,0.008479478769004345
-1,-1,1,1,-1,-1,-1,-1,1,1,1,-1,-1,1,-1,-1,-1,-1,0.008616681210696697
-1,-1,1,1,-1,-1,-1,-1,1,1,1,1,-1,1,-1,1,1,-1,0.007439415901899338
-1,-1,1,1,-1,-1,-1,-1,1,1,1,1,1,-1,1,-1,-1,1,0.009206178598105907
-1,-1,1,1,-1,-1,-1,-1,1,1,1,1,1,1,1,-1,-1,-1,0.008699373342096806
-1,-1,1,1,-1,-1,-1,1,-1,-1,-1,-1,-1,-1,1,-1,-1,-1,0.009822229854762554
-1,-1,1,1,-1,-1,-1,1,-1,-1,-1,1,-1,1,1,1,-1,1,0.008678685873746872
-1,-1,1,1,-1,-1,-1,1,-1,-1,1,-1,-1,-1,-1,1,1,-1,0.008940023370087147
-1,-1,1,1,-1,-1,-1,1,-1,-1,1,-1,1,1,1,1,1,-1,0.00935235433280468
-1,-1,1,1,-1,-1,-1,1,-1,-1,1,1,-1,-1,1,1,-1,1,0.00885686744004488
-1,-1,1,1,-1,-1,-1,1,-1,-1,1,1,1,1,1,1,-1,-1,0.00878101959824562
-1,-1,1,1,-1,-1,-1,1,-1,1,-1,-1,1,-1,1,-1,1,1,0.009791318327188492
-1,-1,1,1,-1,-1,-1,1,-1,1,-1,-1,1,-1,1,1,-1,1,0.009056655690073967
-1,-1,1,1,-1,-1,-1,1,-1,1,-1,-1,1,1,1,-1,-1,1,0.009534426964819431
-1,-1,1,1,-1,-1,-1,1,-1,1,-1,1,-1,1,-1,1,-1,1,0.007703134790062904
-1,-1,1,1,-1,-1,-1,1,-1,1,-1,1,-1,1,1,-1,-1,1,0.008603922091424465
-1,-1,1,1,-1,-1,-1,1,-1,1,-1,1,1,-1,-1,1,-1,-1,0.008020023815333843
-1,-1,1,1,-1,-1,-1,1,-1,1,-1,1,1,1,1,-1,-1,1,0.009016365744173527
-1,-1,1,1,-1,-1,-1,1,-1,1,-1,1,1,1,1,-1,1,1,0.009060382843017578
-1,-1,1,1,-1,-1,-1,1,-1,1,1,-1,-1,1,-1,-1,-1,-1,0.008626184426248074
-1,-1,1,1,-1,-1,-1,1,-1,1,1,-1,-1,1,-1,1,-1,1,0.008222833275794983
-1,-1,1,1,-1,-1,-1,1,-1,1,1,-1,-1,1,1,1,-1,1,0.008420399390161037
-1,-1,1,1,-1,-1,-1,1,-1,1,1,-1,1,-1,1,-1,1,-1,0.009481208398938179
-1,-1,1,1,-1,-1,-1,1,1,-1,-1,-1,-1,1,1,1,1,1,0.00931123923510313
-1,-1,1,1,-1,-1,-1,1,1,-1,-1,-1,1,-1,1,1,1,-1,0.009649262763559818
-1,-1,1,1,-1,-1,-1,1,1,-1,1,-1,-1,-1,-1,-1,1,1,0.00999507587403059
-1,-1,1,1,-1,-1,-1,1,1,-1,1,-1,-1,1,-1,1,1,-1,0.008809501305222511
-1,-1,1,1,-1,-1,-1,1,1,-1,1,-1,1,-1,1,1,1,1,0.009907803498208523
-1,-1,1,1,-1,-1,-1,1,1,-1,1,-1,1,1,1,-1,-1,1,0.010360071435570717
-1,-1,1,1,-1,-1,-1,1,1,-1,1,-1,1,1,1,1,1,-1,0.009404316544532776
-1,-1,1,1,-1,-1,-1,1,1,-1,1,1,-1,-1,-1,-1,1,-1,0.009167887270450592
-1,-1,1,1,-1,-1,-1,1,1,-1,1,1,-1,-1,1,-1,-1,1,0.00962130632251501
-1,-1,1,1,-1,-1,-1,1,1,-1,1,1,-1,-1,1,1,1,-1,0.008680746890604496
-1,-1,1,1,-1,-1,-1,1,1,-1,1,1,-1,1,-1,-1,1,1,0.009254883043467999
-1,-1,1,1,-1,-1,-1,1,1,1,-1,-1,-1,-1,1,-1,1,-1,0.009158737026154995
-1,-1,1,1,-1,-1,-1,1,1,1,-1,-1,-1,-1,1,-1,1,1,0.009449349716305733
-1,-1,1,1,-1,-1,-1,1,1,1,-1,-1,-1,1,-1,-1,1,1,0.009038909338414669
-1,-1,1,1,-1,-1,-1,1,1,1,-1,-1,1,-1,-1,1,-1,-1,0.008623756468296051
-1,-1,1,1,-1,-1,-1,1,1,1,-1,1,-1,-1,-1,-1,1,1,0.00870926957577467
-1,-1,1,1,-1,-1,-1,1,1,1,-1,1,-1,-1,-1,1,1,1,0.008024562150239944
-1,-1,1,1,-1,-1,-1,1,1,1,-1,1,-1,-1,1,1,-1,1,0.008178112097084522
-1,-1,1,1,-1,-1,-1,1,1,1,-1,1,-1,1,-1,1,1,-1,0.0075270142406225204
-1,-1,1,1,-1,-1,-1,1,1,1,-1,1,1,-1,-1,-1,1,1,0.009125031530857086
-1,-1,1,1,-1,-1,-1,1,1,1,-1,1,1,-1,1,1,1,1,0.008619377389550209
-1,-1,1,1,-1,-1,-1,1,1,1,-1,1,1,1,-1,1,1,1,0.008218193426728249
-1,-1,1,1,-1,-1,-1,1,1,1,1,-1,1,1,1,-1,1,1,0.009626103565096855
-1,-1,1,1,-1,-1,-1,1,1,1,1,1,-1,-1,-1,1,1,-1,0.007711133919656277
-1,-1,1,1,-1,-1,-1,1,1,1,1,1,-1,1,1,1,-1,1,0.007948361337184906
-1,-1,1,1,-1,-1,-1,1,1,1,1,1,1,-1,1,1,1,1,0.008602500893175602
-1,-1,1,1,-1,-1,-1,1,1,1,1,1,1,1,-1,-1,-1,-1,0.00856065098196268
-1,-1,1,1,-1,-1,-1,1,1,1,1,1,1,1,-1,1,-1,1,0.008148042485117912
-1,-1,1,1,-1,-1,-1,1,1,1,1,1,1,1,1,-1,-1,-1,0.008758217096328735
-1,-1,1,1,-1,-1,1,-1,-1,-1,-1,1,1,-1,1,1,1,1,0.009983737021684647
-1,-1,1,1,-1,-1,1,-1,-1,-1,1,-1,-1,1,-1,1,-1,-1,0.009351858869194984
-1,-1,1,1,-1,-1,1,-1,-1,-1,1,-1,1,-1,1,1,1,1,0.010494178161025047
-1,-1,1,1,-1,-1,1,-1,-1,-1,1,1,-1,1,-1,1,-1,1,0.009103276766836643
-1,-1,1,1,-1,-1,1,-1,-1,1,-1,-1,-1,-1,1,-1,1,-1,0.009751050733029842
-1,-1,1,1,-1,-1,1,-1,-1,1,-1,-1,1,-1,-1,-1,1,1,0.01022946834564209
-1,-1,1,1,-1,-1,1,-1,-1,1,-1,-1,1,1,-1,-1,1,-1,0.009747114963829517
-1,-1,1,1,-1,-1,1,-1,-1,1,-1,1,-1,-1,-1,-1,1,1,0.009295645169913769
-1,-1,1,1,-1,-1,1,-1,-1,1,-1,1,-1,1,1,-1,1,-1,0.009001601487398148
-1,-1,1,1,-1,-1,1,-1,-1,1,-1,1,-1,1,1,1,-1,1,0.008554233238101006
-1,-1,1,1,-1,-1,1,-1,-1,1,-1,1,1,1,1,-1,1,-1,0.009402167983353138
-1,-1,1,1,-1,-1,1,-1,-1,1,-1,1,1,1,1,1,1,1,0.009004754945635796
-1,-1,1,1,-1,-1,1,-1,-1,1,1,1,-1,-1,-1,1,-1,1,0.008528909645974636
-1,-1,1,1,-1,-1,1,-1,-1,1,1,1,-1,-1,1,1,1,-1,0.008491757325828075
-1,-1,1,1,-1,-1,1,-1,-1,1,1,1,-1,1,1,1,1,1,0.008578753098845482
-1,-1,1,1,-1,-1,1,-1,1,-1,-1,-1,1,1,1,1,-1,-1,0.010039964690804482
-1,-1,1,1,-1,-1,1,-1,1,-1,-1,1,1,-1,-1,1,-1,1,0.009797433391213417
-1,-1,1,1,-1,-1,1,-1,1,-1,-1,1,1,1,1,-1,-1,-1,0.010191415436565876
-1,-1,1,1,-1,-1,1,-1,1,-1,1,-1,-1,1,-1,1,1,-1,0.009451155550777912
-1,-1,1,1,-1,-1,1,-1,1,-1,1,-1,1,-1,-1,1,-1,1,0.010311192832887173
-1,-1,1,1,-1,-1,1,-1,1,-1,1,-1,1,1,1,1,1,-1,0.010067104361951351
-1,-1,1,1,-1,-1,1,-1,1,1,1,-1,-1,1,-1,-1,-1,-1,0.009319799952208996
-1,-1,1,1,-1,-1,1,-1,1,1,1,-1,1,-1,-1,1,-1,-1,0.009239276871085167
-1,-1,1,1,-1,-1,1,-1,1,1,1,1,-1,-1,-1,-1,-1,1,0.009284092113375664
-1,-1,1,1,-1,-1,1,1,-1,-1,-1,-1,-1,-1,1,-1,1,1,0.010859978385269642
-1,-1,1,1,-1,-1,1,1,-1,-1,-1,-1,1,-1,1,1,1,1,0.010575837455689907
-1,-1,1,1,-1,-1,1,1,-1,-1,-1,-1,1,1,-1,-1,1,1,0.010859360918402672
-1,-1,1,1,-1,-1,1,1,-1,-1,-1,1,-1,1,1,-1,1,1,0.01011978555470705
-1,-1,1,1,-1,-1,1,1,-1,-1,-1,1,-1,1,1,1,1,1,0.009435078129172325
-1,-1,1,1,-1,-1,1,1,-1,-1,1,-1,-1,-1,1,-1,1,-1,0.010555807501077652
-1,-1,1,1,-1,-1,1,1,-1,-1,1,-1,1,1,-1,-1,-1,-1,0.010501915588974953
-1,-1,1,1,-1,-1,1,1,-1,-1,1,1,-1,-1,1,-1,1,-1,0.010016610845923424
-1,-1,1,1,-1,-1,1,1,-1,-1,1,1,-1,1,1,1,-1,1,0.00935898907482624
-1,-1,1,1,-1,-1,1,1,-1,-1,1,1,1,1,1,1,-1,-1,0.009478199295699596
-1,-1,1,1,-1,-1,1,1,-1,-1,1,1,1,1,1,1,1,-1,0.009512959979474545
-1,-1,1,1,-1,-1,1,1,-1,1,-1,1,1,1,-1,-1,1,-1,0.009269383735954762
-1,-1,1,1,-1,-1,1,1,-1,1,1,-1,1,-1,-1,1,1,1,0.009583409875631332
-1,-1,1,1,-1,-1,1,1,-1,1,1,-1,1,-1,1,-1,1,1,0.010471622459590435
-1,-1,1,1,-1,-1,1,1,-1,1,1,-1,1,-1,1,1,1,-1,0.009496302343904972
-1,-1,1,1,-1,-1,1,1,-1,1,1,1,1,-1,1,-1,1,1,0.009941683150827885
-1,-1,1,1,-1,-1,1,1,1,-1,-1,-1,-1,-1,-1,-1,-1,1,0.010682931169867516
-1,-1,1,1,-1,-1,1,1,1,-1,-1,1,1,1,-1,-1,1,-1,0.010087452828884125
-1,-1,1,1,-1,-1,1,1,1,-1,-1,1,1,1,-1,1,1,1,0.009690039791166782
-1,-1,1,1,-1,-1,1,1,1,-1,1,1,-1,-1,1,-1,1,1,0.010359185747802258
-1,-1,1,1,-1,-1,1,1,1,-1,1,1,1,-1,1,-1,1,1,0.01076569128781557
-1,-1,1,1,-1,-1,1,1,1,-1,1,1,1,-1,1,1,-1,1,0.01003364846110344
-1,-1,1,1,-1,-1,1,1,1,1,-1,-1,-1,-1,-1,-1,-1,1,0.0098956897854805
-1,-1,1,1,-1,-1,1,1,1,1,-1,1,1,-1,-1,-1,-1,-1,0.00947832502424717
-1,-1,1,1,-1,-1,1,1,1,1,-1,1,1,-1,-1,-1,1,-1,0.00952234212309122
-1,-1,1,1,-1,-1,1,1,1,1,-1,1,1,1,1,1,-1,1,0.00907154381275177
-1,-1,1,1,-1,-1,1,1,1,1,1,-1,-1,-1,-1,-1,-1,-1,0.009597457014024258
-1,-1,1,1,-1,-1,1,1,1,1,1,-1,-1,-1,-1,1,-1,-1,0.008888297714293003
-1,-1,1,1,-1,-1,1,1,1,1,1,-1,-1,-1,-1,1,1,1,0.009238122962415218
-1,-1,1,1,-1,-1,1,1,1,1,1,-1,-1,-1,1,-1,1,-1,0.009835722856223583
-1,-1,1,1,-1,-1,1,1,1,1,1,-1,-1,-1,1,1,1,-1,0.00914175808429718
-1,-1,1,1,-1,-1,1,1,1,1,1,-1,1,1,-1,1,1,-1,0.009131884202361107
-1,-1,1,1,-1,-1,1,1,1,1,1,-1,1,1,1,1,-1,1,0.009594210889190435
-1,-1,1,1,-1,-1,1,1,1,1,1,1,-1,1,-1,-1,1,1,0.009191893972456455
-1,-1,1,1,-1,-1,1,1,1,1,1,1,-1,1,1,-1,-1,-1,0.00905483029782772
-1,-1,1,1,-1,-1,1,1,1,1,1,1,1,-1,-1,1,1,1,0.009111370891332626
-1,-1,1,1,-1,1,-1,-1,-1,-1,-1,-1,-1,-1,-1,-1,1,1,0.010069158859550953
-1,-1,1,1,-1,1,-1,-1,-1,-1,-1,-1,-1,1,-1,-1,-1,1,0.009808949194848537
-1,-1,1,1,-1,1,-1,-1,-1,-1,-1,-1,1,-1,-1,-1,-1,-1,0.0101317772641778
-1,-1,1,1,-1,1,-1,-1,-1,-1,-1,1,-1,1,-1,1,-1,1,0.008585046045482159
-1,-1,1,1,-1,1,-1,-1,-1,-1,-1,1,1,-1,-1,-1,1,-1,0.009636598639190197
-1,-1,1,1,-1,1,-1,-1,-1,-1,-1,1,1,1,1,-1,1,1,0.009938975796103477
-1,-1,1,1,-1,1,-1,-1,-1,-1,1,-1,1,-1,-1,-1,-1,1,0.010408831760287285
-1,-1,1,1,-1,1,-1,-1,-1,-1,1,-1,1,-1,1,-1,1,-1,0.010365740396082401
-1,-1,1,1,-1,1,-1,-1,-1,-1,1,-1,1,1,-1,-1,-1,-1,0.009905343875288963
-1,-1,1,1,-1,1,-1,-1,-1,-1,1,1,1,-1,-1,1,1,1,0.009225627407431602
-1,-1,1,1,-1,1,-1,-1,-1,1,-1,-1,-1,-1,1,-1,1,-1,0.009194809943437576
-1,-1,1,1,-1,1,-1,-1,-1,1,-1,-1,-1,1,1,-1,1,1,0.009287742897868156
-1,-1,1,1,-1,1,-1,-1,-1,1,-1,-1,1,-1,-1,1,1,-1,0.008703845553100109
-1,-1,1,1,-1,1,-1,-1,-1,1,-1,1,-1,-1,1,1,1,1,0.00825820118188858
-1,-1,1,1,-1,1,-1,-1,-1,1,-1,1,1,-1,1,-1,1,-1,0.009077314287424088
-1,-1,1,1,-1,1,-1,-1,-1,1,-1,1,1,-1,1,1,-1,-1,0.008330076932907104
-1,-1,1,1,-1,1,-1,-1,-1,1,-1,1,1,1,1,1,1,1,0.008472966030240059
-1,-1,1,1,-1,1,-1,-1,-1,1,1,-1,1,-1,-1,1,-1,-1,0.00864295195788145
-1,-1,1,1,-1,1,-1,-1,-1,1,1,1,-1,-1,1,1,-1,1,0.008200625889003277
-1,-1,1,1,-1,1,-1,-1,-1,1,1,1,-1,1,-1,1,-1,-1,0.0074903154745697975
-1,-1,1,1,-1,1,-1,-1,1,-1,-1,1,-1,-1,-1,1,1,-1,0.008597347885370255
-1,-1,1,1,-1,1,-1,-1,1,-1,-1,1,-1,1,-1,1,1,1,0.008681024424731731
-1,-1,1,1,-1,1,-1,-1,1,-1,-1,1,1,-1,-1,1,-1,-1,0.008975030854344368
-1,-1,1,1,-1,1,-1,-1,1,-1,-1,1,1,1,-1,-1,-1,1,0.009743415750563145
-1,-1,1,1,-1,1,-1,-1,1,-1,1,-1,-1,-1,1,1,-1,1,0.009573085233569145
-1,-1,1,1,-1,1,-1,-1,1,-1,1,-1,1,-1,-1,-1,1,1,0.010508127510547638
-1,-1,1,1,-1,1,-1,-1,1,-1,1,1,-1,-1,-1,-1,-1,1,0.009515092708170414
-1,-1,1,1,-1,1,-1,-1,1,-1,1,1,-1,1,-1,1,1,-1,0.008376853540539742
-1,-1,1,1,-1,1,-1,-1,1,1,-1,-1,-1,1,-1,1,-1,1,0.008407475426793098
-1,-1,1,1,-1,1,-1,-1,1,1,-1,-1,1,-1,1,-1,-1,-1,0.009624454192817211
-1,-1,1,1,-1,1,-1,-1,1,1,-1,1,-1,1,1,1,-1,-1,0.00777785386890173
-1,-1,1,1,-1,1,-1,-1,1,1,-1,1,1,-1,-1,-1,1,1,0.009216384030878544
-1,-1,1,1,-1,1,-1,-1,1,1,-1,1,1,1,-1,-1,1,1,0.009009447880089283
-1,-1,1,1,-1,1,-1,-1,1,1,-1,1,1,1,1,1,1,1,0.008534184657037258
-1,-1,1,1,-1,1,-1,-1,1,1,1,-1,1,-1,-1,-1,1,1,0.009732764214277267
-1,-1,1,1,-1,1,-1,-1,1,1,1,1,-1,-1,1,1,1,1,0.008302543312311172
-1,-1,1,1,-1,1,-1,-1,1,1,1,1,1,-1,-1,1,-1,1,0.008455587550997734
-1,-1,1,1,-1,1,-1,-1,1,1,1,1,1,1,-1,1,-1,1,0.008254590444266796
-1,-1,1,1,-1,1,-1,1,-1,-1,-1,-1,-1,-1,1,-1,1,-1,0.010037576779723167
-1,-1,1,1,-1,1,-1,1,-1,-1,-1,-1,-1,-1,1,1,1,1,0.009628286585211754
-1,-1,1,1,-1,1,-1,1,-1,-1,-1,1,-1,1,-1,1,-1,1,0.008640571497380733
-1,-1,1,1,-1,1,-1,1,-1,-1,-1,1,1,-1,-1,-1,1,1,0.009988675825297832
-1,-1,1,1,-1,1,-1,1,-1,-1,-1,1,1,-1,1,1,1,-1,0.009210921823978424
-1,-1,1,1,-1,1,-1,1,-1,-1,1,-1,-1,-1,-1,-1,1,-1,0.009805317036807537
-1,-1,1,1,-1,1,-1,1,-1,-1,1,-1,-1,1,-1,-1,1,1,0.009888994507491589
-1,-1,1,1,-1,1,-1,1,-1,-1,1,-1,-1,1,1,1,-1,1,0.009348231367766857
-1,-1,1,1,-1,1,-1,1,-1,-1,1,-1,1,1,1,1,1,1,0.009801723062992096
-1,-1,1,1,-1,1,-1,1,-1,-1,1,1,-1,-1,-1,1,-1,-1,0.008530761115252972
-1,-1,1,1,-1,1,-1,1,-1,-1,1,1,-1,1,1,1,-1,-1,0.008536587469279766
-1,-1,1,1,-1,1,-1,1,-1,-1,1,1,1,1,1,-1,1,-1,0.009675134904682636
-1,-1,1,1,-1,1,-1,1,-1,1,-1,-1,1,-1,1,1,1,-1,0.008962876163423061
-1,-1,1,1,-1,1,-1,1,-1,1,1,-1,-1,-1,-1,-1,1,-1,0.00903921015560627
-1,-1,1,1,-1,1,-1,1,-1,1,1,-1,-1,-1,1,1,1,-1,0.008542812429368496
-1,-1,1,1,-1,1,-1,1,-1,1,1,-1,-1,1,-1,1,1,1,0.008419666439294815
-1,-1,1,1,-1,1,-1,1,-1,1,1,1,1,-1,-1,-1,1,1,0.009203070774674416
-1,-1,1,1,-1,1,-1,1,-1,1,1,1,1,1,-1,1,-1,1,0.008248897269368172
-1,-1,1,1,-1,1,-1,1,1,-1,-1,-1,-1,1,1,-1,-1,1,0.010129198431968689
-1,-1,1,1,-1,1,-1,1,1,-1,-1,-1,1,1,1,-1,1,-1,0.010292425751686096
-1,-1,1,1,-1,1,-1,1,1,-1,-1,1,-1,-1,1,-1,-1,-1,0.00952152069658041
-1,-1,1,1,-1,1,-1,1,1,-1,-1,1,-1,-1,1,-1,1,1,0.009846894070506096
-1,-1,1,1,-1,1,-1,1,1,-1,-1,1,1,-1,-1,1,1,-1,0.009074574336409569
-1,-1,1,1,-1,1,-1,1,1,-1,-1,1,1,-1,1,-1,-1,-1,0.009912830777466297
-1,-1,1,1,-1,1,-1,1,1,-1,1,-1,1,-1,-1,-1,1,1,0.010563653893768787
-1,-1,1,1,-1,1,-1,1,1,-1,1,1,1,1,-1,1,-1,-1,0.008791549131274223
-1,-1,1,1,-1,1,-1,1,1,-1,1,1,1,1,1,1,-1,-1,0.008993743918836117
-1,-1,1,1,-1,1,-1,1,1,1,-1,-1,1,1,-1,1,-1,-1,0.008578892797231674
-1,-1,1,1,-1,1,-1,1,1,1,1,-1,-1,1,-1,1,1,-1,0.008193589746952057
-1,-1,1,1,-1,1,-1,1,1,1,1,-1,1,-1,-1,-1,1,1,0.009797546081244946
-1,-1,1,1,-1,1,-1,1,1,1,1,-1,1,1,-1,-1,-1,1,0.009540654718875885
-1,-1,1,1,-1,1,-1,1,1,1,1,1,-1,1,1,1,-1,1,0.008101177401840687
-1,-1,1,1,-1,1,1,-1,-1,-1,-1,-1,-1,-1,-1,1,-1,1,0.010019101202487946
-1,-1,1,1,-1,1,1,-1,-1,-1,-1,-1,1,-1,-1,-1,1,-1,0.01087891310453415
-1,-1,1,1,-1,1,1,-1,-1,-1,-1,1,-1,-1,-1,-1,-1,1,0.010179808363318443
-1,-1,1,1,-1,1,1,-1,-1,-1,-1,1,-1,-1,-1,-1,1,-1,0.009933212772011757
-1,-1,1,1,-1,1,1,-1,-1,-1,-1,1,-1,-1,1,1,-1,-1,0.00939873605966568
-1,-1,1,1,-1,1,1,-1,-1,-1,-1,1,1,-1,1,1,-1,-1,0.00982043705880642
-1,-1,1,1,-1,1,1,-1,-1,-1,-1,1,1,1,1,-1,-1,-1,0.010307465679943562
-1,-1,1,1,-1,1,1,-1,-1,-1,1,-1,-1,-1,1,-1,-1,-1,0.010603141970932484
-1,-1,1,1,-1,1,1,-1,-1,-1,1,-1,1,-1,-1,-1,-1,1,0.011111950501799583
-1,-1,1,1,-1,1,1,-1,-1,-1,1,-1,1,-1,1,1,1,1,0.010659569874405861
-1,-1,1,1,-1,1,1,-1,-1,-1,1,-1,1,1,1,-1,-1,1,0.011099263094365597
-1,-1,1,1,-1,1,1,-1,-1,-1,1,1,1,-1,1,-1,-1,-1,0.01048564724624157
-1,-1,1,1,-1,1,1,-1,-1,1,-1,-1,-1,-1,1,1,1,-1,0.009219159372150898
-1,-1,1,1,-1,1,1,-1,-1,1,-1,-1,1,-1,1,-1,-1,-1,0.010260416194796562
-1,-1,1,1,-1,1,1,-1,-1,1,-1,1,1,1,-1,-1,1,1,0.009651348926126957
-1,-1,1,1,-1,1,1,-1,-1,1,1,-1,-1,1,-1,1,-1,1,0.009026560932397842
-1,-1,1,1,-1,1,1,-1,-1,1,1,-1,1,1,-1,1,-1,1,0.009433065541088581
-1,-1,1,1,-1,1,1,-1,-1,1,1,1,-1,-1,-1,1,-1,1,0.008696921169757843
-1,-1,1,1,-1,1,1,-1,-1,1,1,1,1,-1,-1,-1,1,-1,0.009554112330079079
-1,-1,1,1,-1,1,1,-1,-1,1,1,1,1,-1,1,1,1,-1,0.00906959269195795
-1,-1,1,1,-1,1,1,-1,1,-1,-1,-1,1,-1,1,-1,1,-1,0.011152893304824829
-1,-1,1,1,-1,1,1,-1,1,-1,1,-1,-1,-1,-1,-1,1,-1,0.010510810650885105
-1,-1,1,1,-1,1,1,-1,1,-1,1,-1,-1,1,-1,1,-1,1,0.009850568138062954
-1,-1,1,1,-1,1,1,-1,1,-1,1,-1,-1,1,1,1,1,1,0.010113285854458809
-1,-1,1,1,-1,1,1,-1,1,-1,1,-1,1,1,1,-1,1,-1,0.01091720350086689
-1,-1,1,1,-1,1,1,-1,1,-1,1,-1,1,1,1,1,-1,-1,0.01017922256141901
-1,-1,1,1,-1,1,1,-1,1,-1,1,1,1,-1,-1,1,-1,-1,0.009646077640354633
-1,-1,1,1,-1,1,1,-1,1,1,-1,-1,-1,-1,1,1,1,-1,0.009274438954889774
-1,-1,1,1,-1,1,1,-1,1,1,-1,-1,1,-1,-1,1,-1,1,0.009720717556774616
-1,-1,1,1,-1,1,1,-1,1,1,-1,-1,1,1,-1,1,-1,-1,0.009217229671776295
-1,-1,1,1,-1,1,1,-1,1,1,-1,1,-1,-1,-1,1,1,-1,0.008534358814358711
-1,-1,1,1,-1,1,1,-1,1,1,-1,1,-1,1,-1,1,1,1,0.00861209724098444
-1,-1,1,1,-1,1,1,-1,1,1,1,-1,-1,-1,-1,1,1,-1,0.009044800885021687
-1,-1,1,1,-1,1,1,-1,1,1,1,-1,1,-1,1,-1,1,-1,0.010342836380004883
-1,-1,1,1,-1,1,1,-1,1,1,1,1,1,-1,1,-1,1,-1,0.0098155178129673
-1,-1,1,1,-1,1,1,1,-1,-1,-1,-1,-1,-1,-1,-1,-1,-1,0.010493173263967037
-1,-1,1,1,-1,1,1,1,-1,-1,-1,1,-1,-1,-1,-1,1,1,0.01027935091406107
-1,-1,1,1,-1,1,1,1,-1,-1,1,-1,-1,-1,-1,-1,-1,1,0.010751713998615742
-1,-1,1,1,-1,1,1,1,-1,-1,1,-1,-1,-1,-1,1,1,-1,0.009811154566705227
-1,-1,1,1,-1,1,1,1,-1,-1,1,-1,-1,-1,1,-1,-1,-1,0.010658667422831059
-1,-1,1,1,-1,1,1,1,-1,-1,1,-1,-1,-1,1,-1,1,1,0.01099923625588417
-1,-1,1,1,-1,1,1,1,-1,-1,1,-1,1,-1,1,-1,-1,1,0.011361724697053432
-1,-1,1,1,-1,1,1,1,-1,-1,1,-1,1,1,1,-1,-1,1,0.011158106848597527
-1,-1,1,1,-1,1,1,1,-1,-1,1,1,-1,1,-1,1,1,-1,0.009065022692084312
-1,-1,1,1,-1,1,1,1,-1,-1,1,1,1,-1,1,-1,1,1,0.010875802487134933
-1,-1,1,1,-1,1,1,1,-1,-1,1,1,1,-1,1,1,1,1,0.010181838646531105
-1,-1,1,1,-1,1,1,1,-1,-1,1,1,1,1,1,-1,-1,-1,0.010334236547350883
-1,-1,1,1,-1,1,1,1,-1,-1,1,1,1,1,1,1,-1,-1,0.0096369544044137
-1,-1,1,1,-1,1,1,1,-1,1,-1,-1,-1,-1,-1,1,1,-1,0.009065241552889347
-1,-1,1,1,-1,1,1,1,-1,1,-1,-1,-1,-1,1,-1,1,-1,0.009959392249584198
-1,-1,1,1,-1,1,1,1,-1,1,-1,-1,1,-1,-1,-1,1,-1,0.010162392631173134
-1,-1,1,1,-1,1,1,1,-1,1,-1,-1,1,1,1,1,-1,1,0.009711594320833683
-1,-1,1,1,-1,1,1,1,-1,1,-1,1,1,-1,-1,-1,1,1,0.009923066943883896
-1,-1,1,1,-1,1,1,1,-1,1,1,-1,-1,-1,-1,-1,1,1,0.010027002543210983
-1,-1,1,1,-1,1,1,1,-1,1,1,-1,-1,-1,1,-1,-1,1,0.010192429646849632
-1,-1,1,1,-1,1,1,1,-1,1,1,-1,-1,1,1,-1,-1,-1,0.009694880805909634
-1,-1,1,1,-1,1,1,1,-1,1,1,-1,-1,1,1,1,1,1,0.009326290339231491
-1,-1,1,1,-1,1,1,1,-1,1,1,-1,1,-1,1,1,1,-1,0.009652436710894108
-1,-1,1,1,-1,1,1,1,-1,1,1,1,-1,-1,-1,1,1,-1,0.008509169332683086
-1,-1,1,1,-1,1,1,1,-1,1,1,1,1,-1,-1,-1,-1,-1,0.009562303312122822
-1,-1,1,1,-1,1,1,1,-1,1,1,1,1,-1,-1,-1,1,-1,0.009609638713300228
-1,-1,1,1,-1,1,1,1,1,-1,-1,-1,-1,1,1,-1,-1,-1,0.01054170448333025
-1,-1,1,1,-1,1,1,1,1,-1,-1,-1,-1,1,1,1,-1,1,0.01014167070388794
-1,-1,1,1,-1,1,1,1,1,-1,-1,-1,1,1,1,1,-1,-1,0.010263501666486263
-1,-1,1,1,-1,1,1,1,1,-1,-1,1,-1,1,1,1,1,1,0.009658370167016983
-1,-1,1,1,-1,1,1,1,1,-1,-1,1,1,1,1,1,-1,-1,0.009715049527585506
-1,-1,1,1,-1,1,1,1,1,-1,1,-1,-1,-1,-1,-1,-1,1,0.010812932625412941
-1,-1,1,1,-1,1,1,1,1,-1,1,-1,-1,-1,-1,1,1,1,0.010172242298722267
-1,-1,1,1,-1,1,1,1,1,-1,1,-1,1,1,1,1,1,1,0.010569377802312374
-1,-1,1,1,-1,1,1,1,1,-1,1,1,-1,1,-1,-1,1,1,0.010110817849636078
-1,-1,1,1,-1,1,1,1,1,-1,1,1,-1,1,1,-1,-1,-1,0.009985632263123989
-1,-1,1,1,-1,1,1,1,1,1,-1,-1,-1,-1,1,1,-1,1,0.00957656092941761
-1,-1,1,1,-1,1,1,1,1,1,-1,-1,-1,1,-1,-1,1,-1,0.009613487869501114
-1,-1,1,1,-1,1,1,1,1,1,-1,-1,1,1,1,-1,-1,1,0.010470094159245491
-1,-1,1,1,-1,1,1,1,1,1,1,-1,1,-1,-1,1,1,1,0.009800762869417667
-1,-1,1,1,-1,1,1,1,1,1,1,1,-1,1,-1,-1,1,-1,0.009057415649294853
-1,-1,1,1,-1,1,1,1,1,1,1,1,-1,1,-1,1,-1,-1,0.008319434709846973
-1,-1,1,1,1,-1,-1,-1,-1,-1,-1,-1,-1,-1,1,1,-1,1,0.009522808715701103
-1,-1,1,1,1,-1,-1,-1,-1,-1,-1,-1,-1,1,-1,-1,-1,1,0.009806331247091293
-1,-1,1,1,1,-1,-1,-1,-1,-1,-1,-1,-1,1,1,-1,1,-1,0.009757301770150661
-1,-1,1,1,1,-1,-1,-1,-1,-1,-1,1,-1,-1,-1,1,-1,1,0.008780107833445072
-1,-1,1,1,1,-1,-1,-1,-1,-1,-1,1,-1,1,1,-1,1,1,0.009520596824586391
-1,-1,1,1,1,-1,-1,-1,-1,-1,-1,1,-1,1,1,1,-1,-1,0.0084920022636652
-1,-1,1,1,1,-1,-1,-1,-1,-1,-1,1,-1,1,1,1,1,1,0.008826632983982563
-1,-1,1,1,1,-1,-1,-1,-1,-1,-1,1,1,-1,-1,1,1,1,0.009239885956048965
-1,-1,1,1,1,-1,-1,-1,-1,-1,-1,1,1,1,-1,-1,1,-1,0.009427045471966267
-1,-1,1,1,1,-1,-1,-1,-1,-1,1,-1,-1,1,1,-1,-1,1,0.009990339167416096
-1,-1,1,1,1,-1,-1,-1,-1,-1,1,1,1,-1,1,-1,1,1,0.010105283930897713
-1,-1,1,1,1,-1,-1,-1,-1,1,-1,-1,-1,1,1,1,1,-1,0.008297231048345566
-1,-1,1,1,1,-1,-1,-1,-1,1,-1,1,-1,-1,-1,-1,1,1,0.008755299262702465
-1,-1,1,1,1,-1,-1,-1,-1,1,-1,1,-1,-1,-1,1,1,-1,0.0077707222662866116
-1,-1,1,1,1,-1,-1,-1,-1,1,1,-1,-1,-1,-1,-1,1,-1,0.008965871296823025
-1,-1,1,1,1,-1,-1,-1,-1,1,1,-1,-1,1,-1,1,-1,1,0.008317505940794945
-1,-1,1,1,1,-1,-1,-1,-1,1,1,-1,-1,1,1,-1,1,-1,0.008977635763585567
-1,-1,1,1,1,-1,-1,-1,-1,1,1,-1,1,-1,1,-1,-1,1,0.009822477586567402
-1,-1,1,1,1,-1,-1,-1,-1,1,1,-1,1,1,-1,1,-1,-1,0.008442655205726624
-1,-1,1,1,1,-1,-1,-1,-1,1,1,1,-1,-1,-1,1,1,-1,0.0077479067258536816
-1,-1,1,1,1,-1,-1,-1,-1,1,1,1,-1,-1,1,1,1,-1,0.007942155003547668
-1,-1,1,1,1,-1,-1,-1,1,-1,-1,-1,-1,-1,-1,-1,-1,1,0.010083742439746857
-1,-1,1,1,1,-1,-1,-1,1,-1,-1,-1,-1,1,-1,-1,1,1,0.009920823387801647
-1,-1,1,1,1,-1,-1,-1,1,-1,-1,-1,1,1,1,-1,1,-1,0.010230964049696922
-1,-1,1,1,1,-1,-1,-1,1,-1,-1,-1,1,1,1,-1,1,1,0.010524895042181015
-1,-1,1,1,1,-1,-1,-1,1,-1,-1,1,1,1,1,-1,1,-1,0.009691768325865269
-1,-1,1,1,1,-1,-1,-1,1,-1,-1,1,1,1,1,1,1,-1,0.009003743529319763
-1,-1,1,1,1,-1,-1,-1,1,-1,1,-1,-1,1,-1,-1,-1,1,0.009848052635788918
-1,-1,1,1,1,-1,-1,-1,1,-1,1,-1,-1,1,-1,1,-1,-1,0.0088694142177701
-1,-1,1,1,1,-1,-1,-1,1,-1,1,-1,-1,1,1,1,-1,1,0.009357593022286892
-1,-1,1,1,1,-1,-1,-1,1,-1,1,-1,1,1,1,-1,1,-1,0.010202210396528244
-1,-1,1,1,1,-1,-1,-1,1,-1,1,1,-1,-1,1,-1,1,-1,0.009469383396208286
-1,-1,1,1,1,-1,-1,-1,1,1,-1,-1,-1,-1,-1,-1,1,1,0.009355712682008743
-1,-1,1,1,1,-1,-1,-1,1,1,-1,-1,1,1,1,1,1,-1,0.008774210698902607
-1,-1,1,1,1,-1,-1,-1,1,1,-1,1,-1,-1,-1,1,-1,-1,0.0077846054919064045
-1,-1,1,1,1,-1,-1,-1,1,1,1,-1,-1,1,-1,-1,1,1,0.009125961922109127
-1,-1,1,1,1,-1,-1,-1,1,1,1,-1,1,-1,1,1,1,1,0.009239687584340572
-1,-1,1,1,1,-1,-1,-1,1,1,1,1,-1,1,1,-1,1,-1,0.008496340364217758
-1,-1,1,1,1,-1,-1,-1,1,1,1,1,1,1,-1,-1,1,-1,0.008708597160875797
-1,-1,1,1,1,-1,-1,1,-1,-1,-1,-1,-1,-1,-1,-1,-1,1,0.010072111152112484
-1,-1,1,1,1,-1,-1,1,-1,-1,-1,-1,-1,1,-1,-1,-1,-1,0.009580501355230808
-1,-1,1,1,1,-1,-1,1,-1,-1,-1,-1,-1,1,-1,1,-1,-1,0.008886536583304405
-1,-1,1,1,1,-1,-1,1,-1,-1,-1,-1,1,-1,-1,1,1,1,0.009834608063101768
-1,-1,1,1,1,-1,-1,1,-1,-1,-1,-1,1,1,-1,1,1,-1,0.009327802807092667
-1,-1,1,1,1,-1,-1,1,-1,-1,-1,1,-1,-1,1,1,-1,-1,0.008748525753617287
-1,-1,1,1,1,-1,-1,1,-1,-1,-1,1,1,1,-1,1,-1,1,0.0090352026745677
-1,-1,1,1,1,-1,-1,1,-1,-1,1,-1,-1,-1,-1,-1,-1,-1,0.009749425575137138
-1,-1,1,1,1,-1,-1,1,-1,-1,1,-1,-1,-1,-1,-1,-1,1,0.010049295611679554
-1,-1,1,1,1,-1,-1,1,-1,-1,1,-1,-1,1,-1,1,-1,1,0.009148395620286465
-1,-1,1,1,1,-1,-1,1,-1,-1,1,-1,-1,1,1,1,1,1,0.009395917877554893
-1,-1,1,1,1,-1,-1,1,-1,-1,1,-1,1,-1,-1,-1,1,1,0.010496499948203564
-1,-1,1,1,1,-1,-1,1,-1,-1,1,-1,1,1,1,1,-1,-1,0.009467792697250843
-1,-1,1,1,1,-1,-1,1,-1,-1,1,1,-1,1,1,-1,-1,1,0.009509289637207985
-1,-1,1,1,1,-1,-1,1,-1,1,-1,-1,-1,1,1,-1,1,-1,0.009055976755917072
-1,-1,1,1,1,-1,-1,1,-1,1,-1,1,-1,1,-1,1,1,1,0.007909925654530525
-1,-1,1,1,1,-1,-1,1,-1,1,-1,1,1,-1,-1,1,-1,-1,0.008194674737751484
-1,-1,1,1,1,-1,-1,1,-1,1,1,-1,-1,-1,-1,-1,-1,1,0.009273931384086609
-1,-1,1,1,1,-1,-1,1,-1,1,1,-1,-1,1,-1,-1,-1,1,0.009076252579689026
-1,-1,1,1,1,-1,-1,1,-1,1,1,-1,-1,1,1,-1,-1,-1,0.008973948657512665
-1,-1,1,1,1,-1,-1,1,-1,1,1,1,1,-1,1,-1,1,-1,0.009107407182455063
-1,-1,1,1,1,-1,-1,1,1,-1,-1,-1,1,-1,-1,-1,1,-1,0.010293238796293736
-1,-1,1,1,1,-1,-1,1,1,-1,-1,1,-1,-1,1,1,1,-1,0.008853760547935963
-1,-1,1,1,1,-1,-1,1,1,-1,-1,1,-1,1,1,-1,1,-1,0.009340789169073105
-1,-1,1,1,1,-1,-1,1,1,-1,1,1,-1,-1,-1,1,1,1,0.008923991583287716
-1,-1,1,1,1,-1,-1,1,1,-1,1,1,-1,1,-1,-1,1,1,0.009420276619493961
-1,-1,1,1,1,-1,-1,1,1,1,1,-1,-1,1,-1,-1,-1,1,0.00913747027516365
-1,-1,1,1,1,-1,-1,1,1,1,1,1,-1,1,-1,-1,1,-1,0.00834836158901453
-1,-1,1,1,1,-1,1,-1,-1,-1,-1,-1,-1,-1,1,1,1,1,0.010279200971126556
-1,-1,1,1,1,-1,1,-1,-1,-1,-1,-1,-1,1,1,-1,-1,1,0.010716273449361324
-1,-1,1,1,1,-1,1,-1,-1,-1,-1,-1,1,-1,1,-1,-1,1,0.011335653252899647
-1,-1,1,1,1,-1,1,-1,-1,-1,-1,1,-1,1,-1,-1,1,1,0.010020210407674313
-1,-1,1,1,1,-1,1,-1,-1,-1,-1,1,-1,1,1,-1,1,-1,0.009942359291017056
-1,-1,1,1,1,-1,1,-1,-1,-1,-1,1,-1,1,1,-1,1,1,0.01022371556609869
-1,-1,1,1,1,-1,1,-1,-1,-1,1,-1,-1,1,-1,-1,1,-1,0.010249295271933079
-1,-1,1,1,1,-1,1,-1,-1,-1,1,-1,-1,1,-1,-1,1,1,0.010530652478337288
-1,-1,1,1,1,-1,1,-1,-1,-1,1,-1,1,-1,1,1,-1,-1,0.010322322137653828
-1,-1,1,1,1,-1,1,-1,-1,-1,1,-1,1,1,1,1,-1,1,0.010411937721073627
-1,-1,1,1,1,-1,1,-1,-1,-1,1,1,-1,1,1,-1,-1,-1,0.009860331192612648
-1,-1,1,1,1,-1,1,-1,-1,-1,1,1,1,1,1,1,-1,-1,0.009588068351149559
-1,-1,1,1,1,-1,1,-1,-1,1,-1,-1,-1,-1,1,1,-1,1,0.009447942487895489
-1,-1,1,1,1,-1,1,-1,-1,1,-1,-1,1,-1,-1,1,1,1,0.00970421638339758
-1,-1,1,1,1,-1,1,-1,-1,1,-1,1,1,1,-1,1,1,1,0.008964023552834988
-1,-1,1,1,1,-1,1,-1,-1,1,1,-1,1,-1,1,1,1,-1,0.009590975008904934
-1,-1,1,1,1,-1,1,-1,-1,1,1,1,-1,-1,-1,-1,1,-1,0.009144989773631096
-1,-1,1,1,1,-1,1,-1,-1,1,1,1,-1,1,-1,-1,1,-1,0.008943992666900158
-1,-1,1,1,1,-1,1,-1,-1,1,1,1,1,-1,-1,-1,-1,-1,0.009504159912467003
-1,-1,1,1,1,-1,1,-1,1,-1,-1,-1,1,1,1,-1,-1,-1,0.010884127579629421
-1,-1,1,1,1,-1,1,-1,1,-1,-1,-1,1,1,1,-1,1,-1,0.010937401093542576
-1,-1,1,1,1,-1,1,-1,1,-1,-1,1,-1,-1,-1,-1,-1,-1,0.009953734464943409
-1,-1,1,1,1,-1,1,-1,1,-1,-1,1,-1,-1,-1,1,-1,-1,0.009263087995350361
-1,-1,1,1,1,-1,1,-1,1,-1,-1,1,-1,1,-1,-1,-1,1,0.01004072930663824
-1,-1,1,1,1,-1,1,-1,1,-1,-1,1,1,-1,-1,1,1,1,0.010000905953347683
-1,-1,1,1,1,-1,1,-1,1,-1,1,-1,-1,-1,1,1,-1,-1,0.009973716922104359
-1,-1,1,1,1,-1,1,-1,1,-1,1,-1,-1,-1,1,1,1,1,0.010311665013432503
-1,-1,1,1,1,-1,1,-1,1,-1,1,1,-1,-1,-1,1,1,-1,0.009280972182750702
-1,-1,1,1,1,-1,1,-1,1,-1,1,1,-1,-1,1,-1,-1,-1,0.010134424082934856
-1,-1,1,1,1,-1,1,-1,1,-1,1,1,1,1,1,-1,-1,-1,0.010343249887228012
-1,-1,1,1,1,-1,1,-1,1,-1,1,1,1,1,1,-1,-1,1,0.010618668049573898
-1,-1,1,1,1,-1,1,-1,1,1,-1,-1,-1,-1,-1,1,1,1,0.009358929470181465
-1,-1,1,1,1,-1,1,-1,1,1,-1,1,-1,-1,1,1,-1,-1,0.008694547228515148
-1,-1,1,1,1,-1,1,-1,1,1,-1,1,-1,1,1,1,1,1,0.008828179910779
-1,-1,1,1,1,-1,1,-1,1,1,-1,1,1,1,1,1,1,1,0.009219489991664886
-1,-1,1,1,1,-1,1,-1,1,1,1,-1,1,-1,-1,-1,-1,-1,0.010101953521370888
-1,-1,1,1,1,-1,1,-1,1,1,1,-1,1,1,1,1,-1,-1,0.009395301342010498
-1,-1,1,1,1,-1,1,-1,1,1,1,1,1,-1,-1,-1,-1,1,0.009850052185356617
-1,-1,1,1,1,-1,1,1,-1,-1,-1,-1,1,-1,-1,-1,1,-1,0.010935138911008835
-1,-1,1,1,1,-1,1,1,-1,-1,-1,1,-1,-1,1,-1,1,-1,0.010204820893704891
-1,-1,1,1,1,-1,1,1,-1,-1,-1,1,-1,-1,1,1,1,-1,0.009501599706709385
-1,-1,1,1,1,-1,1,1,-1,-1,1,-1,-1,-1,1,-1,-1,1,0.010952601209282875
-1,-1,1,1,1,-1,1,1,-1,-1,1,-1,-1,1,-1,-1,1,1,0.010595434345304966
-1,-1,1,1,1,-1,1,1,-1,-1,1,-1,-1,1,-1,1,-1,1,0.009848196990787983
-1,-1,1,1,1,-1,1,1,-1,-1,1,-1,1,-1,1,1,1,-1,0.010418546386063099
-1,-1,1,1,1,-1,1,1,-1,-1,1,-1,1,1,1,-1,-1,-1,0.010870814323425293
-1,-1,1,1,1,-1,1,1,-1,-1,1,1,1,-1,1,-1,-1,1,0.010829167440533638
-1,-1,1,1,1,-1,1,1,-1,-1,1,1,1,1,-1,-1,-1,1,0.010409470647573471
-1,-1,1,1,1,-1,1,1,-1,1,-1,-1,-1,1,1,1,-1,-1,0.009005919098854065
-1,-1,1,1,1,-1,1,1,-1,1,-1,-1,1,-1,1,-1,-1,-1,0.010313324630260468
-1,-1,1,1,1,-1,1,1,-1,1,-1,1,-1,-1,-1,1,-1,-1,0.008491288870573044
-1,-1,1,1,1,-1,1,1,-1,1,-1,1,-1,1,-1,-1,-1,1,0.0092629911378026
-1,-1,1,1,1,-1,1,1,-1,1,-1,1,-1,1,-1,1,-1,-1,0.00827509630471468
-1,-1,1,1,1,-1,1,1,-1,1,-1,1,1,-1,1,1,1,1,0.0094299903139472
-1,-1,1,1,1,-1,1,1,-1,1,1,-1,-1,1,-1,1,-1,1,0.009076150134205818
-1,-1,1,1,1,-1,1,1,-1,1,1,-1,-1,1,-1,1,1,-1,0.008823615498840809
-1,-1,1,1,1,-1,1,1,-1,1,1,-1,-1,1,1,-1,-1,1,0.009973620064556599
-1,-1,1,1,1,-1,1,1,-1,1,1,-1,1,1,1,-1,-1,1,0.010380124673247337
-1,-1,1,1,1,-1,1,1,-1,1,1,1,-1,1,-1,1,1,-1,0.008305554278194904
-1,-1,1,1,1,-1,1,1,-1,1,1,1,-1,1,1,-1,1,-1,0.00920302327722311
-1,-1,1,1,1,-1,1,1,-1,1,1,1,-1,1,1,1,-1,1,0.008740460500121117
-1,-1,1,1,1,-1,1,1,-1,1,1,1,1,-1,1,1,1,1,0.009403856471180916
-1,-1,1,1,1,-1,1,1,1,-1,-1,-1,-1,-1,-1,-1,1,-1,0.01058985199779272
-1,-1,1,1,1,-1,1,1,1,-1,-1,-1,1,-1,-1,-1,-1,1,0.01124295312911272
-1,-1,1,1,1,-1,1,1,1,-1,-1,-1,1,-1,1,-1,1,1,0.011496413499116898
-1,-1,1,1,1,-1,1,1,1,-1,-1,1,-1,-1,1,1,1,-1,0.009566136635839939
-1,-1,1,1,1,-1,1,1,1,-1,-1,1,1,-1,-1,1,-1,-1,0.009731058031320572
-1,-1,1,1,1,-1,1,1,1,-1,-1,1,1,-1,1,-1,-1,1,0.010903945192694664
-1,-1,1,1,1,-1,1,1,1,-1,-1,1,1,1,-1,-1,-1,1,0.010502760298550129
-1,-1,1,1,1,-1,1,1,1,-1,1,1,1,-1,-1,-1,-1,-1,0.01040220633149147
-1,-1,1,1,1,-1,1,1,1,1,-1,1,-1,-1,1,-1,-1,1,0.009734417622288069
-1,-1,1,1,1,-1,1,1,1,1,-1,1,-1,1,-1,1,1,1,0.008670943789184093
-1,-1,1,1,1,-1,1,1,1,1,-1,1,1,-1,-1,-1,-1,-1,0.00965297594666481
-1,-1,1,1,1,-1,1,1,1,1,-1,1,1,1,1,-1,1,-1,0.009678366594016552
-1,-1,1,1,1,-1,1,1,1,1,1,-1,-1,1,1,-1,-1,1,0.010044094175100327
-1,-1,1,1,1,-1,1,1,1,1,1,-1,1,-1,-1,-1,-1,-1,0.010157478973269463
-1,-1,1,1,1,-1,1,1,1,1,1,1,-1,-1,-1,1,1,1,0.008864320814609528
-1,-1,1,1,1,-1,1,1,1,1,1,1,-1,1,1,-1,1,-1,0.009249046444892883
-1,-1,1,1,1,-1,1,1,1,1,1,1,1,-1,1,1,-1,1,0.009424376301467419
-1,-1,1,1,1,1,-1,-1,-1,-1,-1,-1,-1,-1,-1,-1,-1,1,0.010175339877605438
-1,-1,1,1,1,1,-1,-1,-1,-1,-1,-1,-1,-1,1,-1,-1,-1,0.010097488760948181
-1,-1,1,1,1,1,-1,-1,-1,-1,-1,-1,-1,-1,1,-1,1,-1,0.010126310400664806
-1,-1,1,1,1,1,-1,-1,-1,-1,-1,-1,-1,1,-1,-1,1,1,0.010015739127993584
-1,-1,1,1,1,1,-1,-1,-1,-1,-1,1,-1,-1,1,1,-1,-1,0.008864329196512699
-1,-1,1,1,1,1,-1,-1,-1,-1,-1,1,-1,1,-1,-1,1,1,0.009482482448220253
-1,-1,1,1,1,1,-1,-1,-1,-1,-1,1,1,-1,1,-1,-1,-1,0.00996479857712984
-1,-1,1,1,1,1,-1,-1,-1,-1,-1,1,1,1,1,-1,-1,-1,0.0097545450553298
-1,-1,1,1,1,1,-1,-1,-1,-1,1,-1,-1,-1,-1,1,1,1,0.009496639482676983
-1,-1,1,1,1,1,-1,-1,-1,-1,1,-1,-1,-1,1,1,-1,1,0.009665383957326412
-1,-1,1,1,1,1,-1,-1,-1,-1,1,-1,1,-1,1,-1,-1,-1,0.010481178760528564
-1,-1,1,1,1,1,-1,-1,-1,-1,1,-1,1,-1,1,1,-1,-1,0.009781275875866413
-1,-1,1,1,1,1,-1,-1,-1,-1,1,-1,1,-1,1,1,-1,1,0.010062633082270622
-1,-1,1,1,1,1,-1,-1,-1,-1,1,1,1,1,-1,-1,1,1,0.009862854145467281
-1,-1,1,1,1,1,-1,-1,-1,1,-1,1,1,-1,1,1,1,-1,0.008542805910110474
-1,-1,1,1,1,1,-1,-1,-1,1,-1,1,1,1,-1,1,1,-1,0.008129047229886055
-1,-1,1,1,1,1,-1,-1,-1,1,-1,1,1,1,1,-1,-1,-1,0.00898249913007021
-1,-1,1,1,1,1,-1,-1,-1,1,-1,1,1,1,1,1,-1,-1,0.008291852660477161
-1,-1,1,1,1,1,-1,-1,-1,1,1,-1,1,-1,-1,1,1,-1,0.008846423588693142
-1,-1,1,1,1,1,-1,-1,-1,1,1,1,-1,1,1,-1,-1,1,0.008843791671097279
-1,-1,1,1,1,1,-1,-1,-1,1,1,1,1,-1,1,1,-1,1,0.008757329545915127
-1,-1,1,1,1,1,-1,-1,1,-1,-1,-1,1,1,1,-1,1,1,0.010692906565964222
-1,-1,1,1,1,1,-1,-1,1,-1,-1,1,-1,-1,-1,-1,1,1,0.009756575338542461
-1,-1,1,1,1,1,-1,-1,1,-1,-1,1,-1,-1,1,-1,-1,-1,0.009616193361580372
-1,-1,1,1,1,1,-1,-1,1,-1,-1,1,-1,-1,1,1,1,-1,0.008966246619820595
-1,-1,1,1,1,1,-1,-1,1,-1,1,1,-1,1,-1,-1,1,1,0.009526824578642845
-1,-1,1,1,1,1,-1,-1,1,-1,1,1,-1,1,-1,1,-1,1,0.00877364818006754
-1,-1,1,1,1,1,-1,-1,1,-1,1,1,1,1,-1,-1,1,-1,0.009633460082113743
-1,-1,1,1,1,1,-1,-1,1,-1,1,1,1,1,-1,1,-1,-1,0.008895479142665863
-1,-1,1,1,1,1,-1,-1,1,1,-1,-1,-1,1,1,1,1,1,0.008814453147351742
-1,-1,1,1,1,1,-1,-1,1,1,-1,-1,1,-1,-1,1,1,1,0.00921513233333826
-1,-1,1,1,1,1,-1,-1,1,1,-1,-1,1,1,-1,1,-1,1,0.008970118127763271
-1,-1,1,1,1,1,-1,-1,1,1,-1,-1,1,1,1,-1,1,1,0.009914921596646309
-1,-1,1,1,1,1,-1,-1,1,1,-1,1,-1,1,-1,-1,1,-1,0.00847772415727377
-1,-1,1,1,1,1,-1,-1,1,1,-1,1,1,1,-1,1,1,1,0.008474939502775669
-1,-1,1,1,1,1,-1,-1,1,1,1,-1,-1,-1,-1,-1,1,1,0.009485714137554169
-1,-1,1,1,1,1,-1,-1,1,1,1,-1,-1,-1,1,1,1,1,0.008998572826385498
-1,-1,1,1,1,1,-1,-1,1,1,1,-1,-1,1,-1,-1,1,1,0.009282096289098263
-1,-1,1,1,1,1,-1,-1,1,1,1,-1,-1,1,-1,1,-1,1,0.008540797047317028
-1,-1,1,1,1,1,-1,-1,1,1,1,-1,1,-1,1,1,1,-1,0.009120403788983822
-1,-1,1,1,1,1,-1,-1,1,1,1,-1,1,1,-1,-1,-1,-1,0.009350653737783432
-1,-1,1,1,1,1,-1,-1,1,1,1,-1,1,1,-1,1,-1,1,0.008947302587330341
-1,-1,1,1,1,1,-1,-1,1,1,1,-1,1,1,1,1,1,1,0.009188885800540447
-1,-1,1,1,1,1,-1,1,-1,-1,-1,-1,-1,-1,-1,-1,-1,1,0.010230866260826588
-1,-1,1,1,1,1,-1,1,-1,-1,-1,-1,-1,-1,1,-1,1,-1,0.010181836783885956
-1,-1,1,1,1,1,-1,1,-1,-1,-1,1,-1,-1,-1,-1,-1,-1,0.009416253305971622
-1,-1,1,1,1,1,-1,1,-1,-1,-1,1,-1,-1,-1,-1,-1,1,0.009691670536994934
-1,-1,1,1,1,1,-1,1,-1,-1,-1,1,-1,1,1,-1,-1,-1,0.009403565898537636
-1,-1,1,1,1,1,-1,1,-1,-1,-1,1,1,1,1,1,1,-1,0.009160123765468597
-1,-1,1,1,1,1,-1,1,-1,-1,1,-1,-1,-1,1,-1,-1,1,0.010405616834759712
-1,-1,1,1,1,1,-1,1,-1,-1,1,1,-1,-1,1,-1,1,-1,0.009625764563679695
-1,-1,1,1,1,1,-1,1,-1,-1,1,1,-1,1,-1,1,-1,1,0.008767955005168915
-1,-1,1,1,1,1,-1,1,-1,-1,1,1,-1,1,-1,1,1,1,0.008817911148071289
-1,-1,1,1,1,1,-1,1,-1,-1,1,1,1,1,1,-1,1,-1,0.009831272065639496
-1,-1,1,1,1,1,-1,1,-1,1,-1,1,-1,-1,1,1,1,-1,0.008197764866054058
-1,-1,1,1,1,1,-1,1,-1,1,-1,1,-1,1,1,1,-1,1,0.008237425237894058
-1,-1,1,1,1,1,-1,1,-1,1,-1,1,1,-1,-1,-1,1,1,0.009379402734339237
-1,-1,1,1,1,1,-1,1,-1,1,-1,1,1,1,-1,-1,-1,1,0.009119194000959396
-1,-1,1,1,1,1,-1,1,-1,1,-1,1,1,1,-1,1,-1,-1,0.008140555582940578
-1,-1,1,1,1,1,-1,1,-1,1,-1,1,1,1,1,1,1,1,0.008678690530359745
-1,-1,1,1,1,1,-1,1,-1,1,1,-1,1,-1,-1,-1,-1,1,0.009851766750216484
-1,-1,1,1,1,1,-1,1,-1,1,1,-1,1,1,-1,1,1,-1,0.008689075708389282
-1,-1,1,1,1,1,-1,1,-1,1,1,1,-1,-1,-1,1,1,1,0.008262056857347488
-1,-1,1,1,1,1,-1,1,-1,1,1,1,-1,-1,1,-1,1,1,0.009153587743639946
-1,-1,1,1,1,1,-1,1,-1,1,1,1,1,1,-1,-1,1,-1,0.008849781937897205
-1,-1,1,1,1,1,-1,1,-1,1,1,1,1,1,1,1,-1,1,0.008621115237474442
-1,-1,1,1,1,1,-1,1,1,-1,-1,-1,-1,-1,1,-1,-1,-1,0.010204976424574852
-1,-1,1,1,1,1,-1,1,1,-1,-1,-1,1,-1,1,-1,1,-1,0.010655499063432217
-1,-1,1,1,1,1,-1,1,1,-1,-1,-1,1,-1,1,1,-1,-1,0.009911579079926014
-1,-1,1,1,1,1,-1,1,1,-1,-1,-1,1,1,-1,-1,-1,-1,0.010201040655374527
-1,-1,1,1,1,1,-1,1,1,-1,-1,-1,1,1,-1,-1,1,1,0.010535670444369316
-1,-1,1,1,1,1,-1,1,1,-1,-1,-1,1,1,-1,1,-1,1,0.009801007807254791
-1,-1,1,1,1,1,-1,1,1,-1,-1,1,1,1,-1,1,-1,1,0.009258493781089783
-1,-1,1,1,1,1,-1,1,1,-1,1,-1,-1,1,-1,-1,-1,-1,0.009771720506250858
-1,-1,1,1,1,1,-1,1,1,-1,1,-1,-1,1,1,1,-1,-1,0.009284579195082188
-1,-1,1,1,1,1,-1,1,1,-1,1,-1,1,1,-1,-1,-1,-1,0.010181543417274952
-1,-1,1,1,1,1,-1,1,1,-1,1,1,1,-1,-1,1,1,1,0.009486631490290165
-1,-1,1,1,1,1,-1,1,1,-1,1,1,1,-1,1,-1,1,1,0.010390039533376694
-1,-1,1,1,1,1,-1,1,1,1,-1,-1,-1,-1,1,1,1,-1,0.008792240172624588
-1,-1,1,1,1,1,-1,1,1,1,-1,-1,1,-1,-1,1,1,1,0.009285853244364262
-1,-1,1,1,1,1,-1,1,1,1,-1,1,-1,-1,1,1,-1,1,0.008505579084157944
-1,-1,1,1,1,1,-1,1,1,1,-1,1,1,-1,-1,1,-1,1,0.008699322119355202
-1,-1,1,1,1,1,-1,1,1,1,-1,1,1,-1,1,1,-1,-1,0.008612214587628841
-1,-1,1,1,1,1,1,-1,-1,-1,-1,1,-1,1,-1,-1,-1,1,0.010147523134946823
-1,-1,1,1,1,1,1,-1,-1,-1,-1,1,-1,1,-1,1,-1,-1,0.009153689257800579
-1,-1,1,1,1,1,1,-1,-1,-1,-1,1,-1,1,1,1,1,-1,0.009401211515069008
-1,-1,1,1,1,1,1,-1,-1,-1,-1,1,1,-1,1,-1,-1,-1,0.010658660903573036
-1,-1,1,1,1,1,1,-1,-1,-1,-1,1,1,-1,1,-1,-1,1,0.010949273593723774
-1,-1,1,1,1,1,1,-1,-1,-1,-1,1,1,-1,1,1,1,1,0.010299326851963997
-1,-1,1,1,1,1,1,-1,-1,-1,1,1,1,-1,-1,-1,1,1,0.01077290903776884
-1,-1,1,1,1,1,1,-1,-1,1,-1,-1,1,-1,-1,1,-1,1,0.009818954393267632
-1,-1,1,1,1,1,1,-1,-1,1,-1,-1,1,-1,1,-1,-1,1,0.010716423392295837
-1,-1,1,1,1,1,1,-1,-1,1,-1,-1,1,-1,1,1,-1,-1,0.009725907817482948
-1,-1,1,1,1,1,1,-1,-1,1,-1,-1,1,1,-1,-1,-1,1,0.010315239429473877
-1,-1,1,1,1,1,1,-1,-1,1,-1,-1,1,1,1,1,-1,-1,0.00952491071075201
-1,-1,1,1,1,1,1,-1,-1,1,-1,1,-1,1,1,1,1,-1,0.008632483892142773
-1,-1,1,1,1,1,1,-1,-1,1,-1,1,1,-1,1,-1,-1,1,0.010177227668464184
-1,-1,1,1,1,1,1,-1,-1,1,1,-1,-1,1,1,-1,-1,1,0.010083485394716263
-1,-1,1,1,1,1,1,-1,-1,1,1,-1,1,-1,1,1,1,1,0.010052917525172234
-1,-1,1,1,1,1,1,-1,-1,1,1,-1,1,1,1,-1,-1,-1,0.010205316357314587
-1,-1,1,1,1,1,1,-1,-1,1,1,1,1,-1,1,-1,-1,1,0.010163669474422932
-1,-1,1,1,1,1,1,-1,-1,1,1,1,1,1,1,1,-1,-1,0.008972156792879105
-1,-1,1,1,1,1,1,-1,1,-1,-1,-1,-1,1,1,1,-1,1,0.01024560071527958
-1,-1,1,1,1,1,1,-1,1,-1,-1,-1,1,-1,1,1,-1,-1,0.01057436689734459
-1,-1,1,1,1,1,1,-1,1,-1,-1,1,1,-1,1,-1,1,1,0.011054509319365025
-1,-1,1,1,1,1,1,-1,1,-1,1,-1,1,-1,-1,-1,1,-1,0.011076770722866058
-1,-1,1,1,1,1,1,-1,1,-1,1,1,1,1,-1,-1,1,1,0.01062719151377678
-1,-1,1,1,1,1,1,-1,1,-1,1,1,1,1,1,1,-1,-1,0.009802103042602539
-1,-1,1,1,1,1,1,-1,1,1,-1,-1,-1,-1,-1,-1,-1,1,0.010167631320655346
-1,-1,1,1,1,1,1,-1,1,1,-1,-1,1,1,-1,-1,1,-1,0.010120605118572712
-1,-1,1,1,1,1,1,-1,1,1,-1,1,1,-1,1,1,-1,-1,0.009259807877242565
-1,-1,1,1,1,1,1,-1,1,1,-1,1,1,1,1,1,1,-1,0.009090950712561607
-1,-1,1,1,1,1,1,-1,1,1,1,-1,-1,-1,1,1,1,-1,0.009407761506736279
-1,-1,1,1,1,1,1,-1,1,1,1,-1,-1,1,-1,-1,1,-1,0.009697571862488985
-1,-1,1,1,1,1,1,-1,1,1,1,-1,1,-1,1,-1,-1,1,0.010758143849670887
-1,-1,1,1,1,1,1,-1,1,1,1,-1,1,1,-1,-1,-1,1,0.010353641584515572
-1,-1,1,1,1,1,1,-1,1,1,1,-1,1,1,-1,1,1,1,0.009688499383628368
-1,-1,1,1,1,1,1,-1,1,1,1,1,-1,-1,-1,-1,1,1,0.009649637155234814
-1,-1,1,1,1,1,1,1,-1,-1,-1,1,-1,-1,1,1,-1,-1,0.009622974321246147
-1,-1,1,1,1,1,1,1,-1,-1,-1,1,1,-1,1,-1,1,-1,0.010758203454315662
-1,-1,1,1,1,1,1,1,-1,-1,-1,1,1,1,-1,1,-1,-1,0.009619038552045822
-1,-1,1,1,1,1,1,1,-1,-1,-1,1,1,1,1,-1,1,-1,0.01056052464991808
-1,-1,1,1,1,1,1,1,-1,-1,1,-1,1,-1,-1,1,-1,1,0.010632967576384544
-1,-1,1,1,1,1,1,1,-1,-1,1,1,-1,-1,-1,-1,1,-1,0.010131316259503365
-1,-1,1,1,1,1,1,1,-1,-1,1,1,1,-1,-1,-1,1,1,0.010822496376931667
-1,-1,1,1,1,1,1,1,-1,1,-1,-1,-1,-1,-1,-1,1,1,0.01021521259099245
-1,-1,1,1,1,1,1,1,-1,1,-1,-1,-1,1,1,-1,1,-1,0.009915229864418507
-1,-1,1,1,1,1,1,1,-1,1,-1,-1,1,1,1,-1,-1,-1,0.010283657349646091
-1,-1,1,1,1,1,1,1,-1,1,-1,1,-1,-1,-1,-1,1,1,0.009676016867160797
-1,-1,1,1,1,1,1,1,-1,1,-1,1,1,1,1,-1,1,1,0.010079091414809227
-1,-1,1,1,1,1,1,1,-1,1,1,-1,-1,1,-1,-1,-1,-1,0.00965083111077547
-1,-1,1,1,1,1,1,1,-1,1,1,-1,1,-1,-1,1,1,1,0.009889742359519005
-1,-1,1,1,1,1,1,1,-1,1,1,-1,1,-1,1,-1,1,-1,0.01050585601478815
-1,-1,1,1,1,1,1,1,-1,1,1,-1,1,1,-1,1,1,1,0.009698002599179745
-1,-1,1,1,1,1,1,1,-1,1,1,1,-1,1,1,1,-1,1,0.008911789394915104
-1,-1,1,1,1,1,1,1,-1,1,1,1,1,-1,-1,1,1,-1,0.009065872989594936
-1,-1,1,1,1,1,1,1,1,-1,-1,-1,1,-1,-1,1,-1,1,0.010717000812292099
-1,-1,1,1,1,1,1,1,1,-1,-1,-1,1,-1,1,1,1,1,0.010949327610433102
-1,-1,1,1,1,1,1,1,1,-1,-1,1,-1,1,1,-1,1,1,0.010502532124519348
-1,-1,1,1,1,1,1,1,1,-1,-1,1,1,-1,-1,1,-1,1,0.010174487717449665
-1,-1,1,1,1,1,1,1,1,-1,-1,1,1,1,1,-1,-1,1,0.010868338868021965
-1,-1,1,1,1,1,1,1,1,-1,1,-1,-1,1,1,1,-1,1,0.010284249670803547
-1,-1,1,1,1,1,1,1,1,-1,1,-1,1,-1,1,-1,-1,-1,0.011295102536678314
-1,-1,1,1,1,1,1,1,1,-1,1,1,1,-1,1,1,-1,-1,0.010067882016301155
-1,-1,1,1,1,1,1,1,1,1,-1,-1,-1,-1,-1,-1,1,1,0.010276430286467075
-1,-1,1,1,1,1,1,1,1,1,-1,-1,-1,1,-1,-1,1,1,0.010069495067000389
-1,-1,1,1,1,1,1,1,1,1,-1,-1,-1,1,-1,1,1,1,0.009369592182338238
-1,-1,1,1,1,1,1,1,1,1,-1,-1,-1,1,1,-1,1,-1,0.009967192076146603
-1,-1,1,1,1,1,1,1,1,1,-1,-1,1,-1,-1,-1,-1,-1,0.0103483060374856
-1,-1,1,1,1,1,1,1,1,1,-1,-1,1,-1,1,-1,-1,1,0.010833167470991611
-1,-1,1,1,1,1,1,1,1,1,-1,-1,1,1,1,-1,1,1,0.01067950576543808
-1,-1,1,1,1,1,1,1,1,1,1,-1,-1,-1,1,-1,-1,-1,0.010122490115463734
-1,-1,1,1,1,1,1,1,1,1,1,1,-1,-1,1,1,-1,1,0.009179944172501564
-1,-1,1,1,1,1,1,1,1,1,1,1,-1,-1,1,1,1,1,0.009229899384081364
-1,-1,1,1,1,1,1,1,1,1,1,1,-1,1,-1,1,-1,-1,0.008478890173137188
-1,1,-1,-1,-1,-1,-1,-1,-1,-1,-1,-1,1,-1,-1,-1,-1,1,0.010783390142023563
-1,1,-1,-1,-1,-1,-1,-1,-1,-1,-1,-1,1,-1,1,1,-1,1,0.010292931459844112
-1,1,-1,-1,-1,-1,-1,-1,-1,-1,-1,-1,1,1,-1,1,1,-1,0.00962663721293211
-1,1,-1,-1,-1,-1,-1,-1,-1,-1,-1,1,-1,-1,1,1,-1,1,0.009353169240057468
-1,1,-1,-1,-1,-1,-1,-1,-1,-1,-1,1,1,1,1,1,1,-1,0.009296885691583157
-1,1,-1,-1,-1,-1,-1,-1,-1,-1,1,-1,-1,-1,1,1,-1,-1,0.009563741274178028
-1,1,-1,-1,-1,-1,-1,-1,-1,-1,1,-1,1,-1,-1,-1,1,1,0.010795335285365582
-1,1,-1,-1,-1,-1,-1,-1,-1,-1,1,-1,1,-1,1,1,-1,1,0.010266797617077827
-1,1,-1,-1,-1,-1,-1,-1,-1,-1,1,1,-1,1,1,-1,-1,1,0.009811094496399164
-1,1,-1,-1,-1,-1,-1,-1,-1,-1,1,1,1,1,1,-1,1,-1,0.00996803492307663
-1,1,-1,-1,-1,-1,-1,-1,-1,1,-1,-1,-1,-1,1,-1,1,-1,0.009558429941534996
-1,1,-1,-1,-1,-1,-1,-1,-1,1,-1,-1,1,-1,-1,-1,1,-1,0.009755491279065609
-1,1,-1,-1,-1,-1,-1,-1,-1,1,-1,1,-1,1,1,1,1,1,0.008424143306910992
-1,1,-1,-1,-1,-1,-1,-1,-1,1,-1,1,1,-1,-1,-1,-1,1,0.009478087536990643
-1,1,-1,-1,-1,-1,-1,-1,-1,1,-1,1,1,1,-1,-1,-1,-1,0.008971281349658966
-1,1,-1,-1,-1,-1,-1,-1,-1,1,1,-1,-1,1,1,-1,1,-1,0.009337935596704483
-1,1,-1,-1,-1,-1,-1,-1,-1,1,1,-1,1,-1,1,-1,-1,1,0.01019203383475542
-1,1,-1,-1,-1,-1,-1,-1,-1,1,1,-1,1,1,-1,-1,-1,1,0.009787531569600105
-1,1,-1,-1,-1,-1,-1,-1,-1,1,1,-1,1,1,-1,1,-1,1,0.009087628684937954
-1,1,-1,-1,-1,-1,-1,-1,-1,1,1,-1,1,1,1,1,-1,-1,0.009006459265947342
-1,1,-1,-1,-1,-1,-1,-1,1,-1,-1,-1,-1,-1,1,-1,1,-1,0.010391694493591785
-1,1,-1,-1,-1,-1,-1,-1,1,-1,-1,-1,-1,1,1,-1,1,-1,0.010178820230066776
-1,1,-1,-1,-1,-1,-1,-1,1,-1,-1,-1,1,-1,-1,1,1,1,0.010200600139796734
-1,1,-1,-1,-1,-1,-1,-1,1,-1,-1,-1,1,-1,1,-1,-1,-1,0.010754182934761047
-1,1,-1,-1,-1,-1,-1,-1,1,-1,-1,1,-1,-1,1,1,-1,1,0.009420325979590416
-1,1,-1,-1,-1,-1,-1,-1,1,-1,-1,1,1,1,-1,-1,-1,1,0.010104415938258171
-1,1,-1,-1,-1,-1,-1,-1,1,-1,-1,1,1,1,-1,-1,1,1,0.010148433037102222
-1,1,-1,-1,-1,-1,-1,-1,1,-1,1,-1,-1,1,-1,-1,1,1,0.010258307680487633
-1,1,-1,-1,-1,-1,-1,-1,1,-1,1,-1,1,-1,1,-1,-1,1,0.01102529838681221
-1,1,-1,-1,-1,-1,-1,-1,1,-1,1,-1,1,1,1,-1,1,-1,0.010562509298324585
-1,1,-1,-1,-1,-1,-1,-1,1,-1,1,1,-1,-1,-1,-1,-1,1,0.009878712706267834
-1,1,-1,-1,-1,-1,-1,-1,1,-1,1,1,-1,1,-1,1,-1,1,0.008987070061266422
-1,1,-1,-1,-1,-1,-1,-1,1,1,-1,-1,-1,-1,-1,-1,1,1,0.00971007440239191
-1,1,-1,-1,-1,-1,-1,-1,1,1,-1,-1,-1,1,-1,-1,1,-1,0.009203269146382809
-1,1,-1,-1,-1,-1,-1,-1,1,1,-1,-1,1,-1,1,1,-1,1,0.009582103230059147
-1,1,-1,-1,-1,-1,-1,-1,1,1,-1,1,1,-1,1,1,-1,-1,0.0087489765137434
-1,1,-1,-1,-1,-1,-1,-1,1,1,1,-1,-1,1,1,1,1,1,0.008980607613921165
-1,1,-1,-1,-1,-1,-1,-1,1,1,1,-1,1,-1,-1,1,1,-1,0.00909993052482605
-1,1,-1,-1,-1,-1,-1,-1,1,1,1,-1,1,1,-1,-1,-1,-1,0.009542941115796566
-1,1,-1,-1,-1,-1,-1,1,-1,-1,-1,-1,-1,-1,1,-1,1,-1,0.010380063205957413
-1,1,-1,-1,-1,-1,-1,1,-1,-1,-1,1,-1,1,-1,1,1,1,0.00904820952564478
-1,1,-1,-1,-1,-1,-1,1,-1,-1,-1,1,-1,1,1,-1,1,-1,0.009645809419453144
-1,1,-1,-1,-1,-1,-1,1,-1,-1,1,1,-1,-1,-1,1,-1,1,0.009188313037157059
-1,1,-1,-1,-1,-1,-1,1,-1,-1,1,1,-1,1,-1,1,1,-1,0.008728842251002789
-1,1,-1,-1,-1,-1,-1,1,-1,1,-1,-1,-1,1,-1,1,-1,1,0.008756146766245365
-1,1,-1,-1,-1,-1,-1,1,-1,1,-1,-1,-1,1,1,-1,-1,-1,0.009366321377456188
-1,1,-1,-1,-1,-1,-1,1,-1,1,-1,1,-1,-1,1,-1,-1,-1,0.009036681614816189
-1,1,-1,-1,-1,-1,-1,1,-1,1,-1,1,-1,-1,1,-1,-1,1,0.009321356192231178
-1,1,-1,-1,-1,-1,-1,1,-1,1,1,-1,1,-1,1,1,-1,1,0.009553595446050167
-1,1,-1,-1,-1,-1,-1,1,-1,1,1,1,-1,-1,1,1,-1,-1,0.00831990223377943
-1,1,-1,-1,-1,-1,-1,1,-1,1,1,1,-1,1,-1,-1,-1,1,0.008894038386642933
-1,1,-1,-1,-1,-1,-1,1,-1,1,1,1,-1,1,1,-1,-1,1,0.009106799960136414
-1,1,-1,-1,-1,-1,-1,1,1,-1,-1,-1,-1,-1,-1,-1,1,1,0.010537645779550076
-1,1,-1,-1,-1,-1,-1,1,1,-1,-1,-1,-1,1,1,-1,-1,1,0.01049019768834114
-1,1,-1,-1,-1,-1,-1,1,1,-1,-1,1,-1,-1,-1,-1,1,-1,0.009710458107292652
-1,1,-1,-1,-1,-1,-1,1,1,-1,1,-1,-1,1,1,-1,-1,-1,0.01016751304268837
-1,1,-1,-1,-1,-1,-1,1,1,-1,1,1,1,-1,1,1,1,-1,0.009607006795704365
-1,1,-1,-1,-1,-1,-1,1,1,1,-1,1,1,-1,-1,-1,-1,1,0.009585574269294739
-1,1,-1,-1,-1,-1,-1,1,1,1,-1,1,1,-1,-1,1,-1,-1,0.008608595468103886
-1,1,-1,-1,-1,-1,-1,1,1,1,-1,1,1,1,1,-1,1,-1,0.009341486729681492
-1,1,-1,-1,-1,-1,-1,1,1,1,1,-1,-1,-1,-1,-1,-1,-1,0.00941409356892109
-1,1,-1,-1,-1,-1,-1,1,1,1,1,-1,1,-1,-1,-1,1,1,0.010145971551537514
-1,1,-1,-1,-1,-1,-1,1,1,1,1,-1,1,-1,1,-1,-1,-1,0.010014846920967102
-1,1,-1,-1,-1,-1,1,-1,-1,-1,-1,-1,-1,-1,1,-1,-1,-1,0.010989578440785408
-1,1,-1,-1,-1,-1,1,-1,-1,-1,-1,1,1,-1,-1,-1,-1,-1,0.010668577626347542
-1,1,-1,-1,-1,-1,1,-1,-1,-1,1,-1,1,-1,-1,-1,-1,1,0.011460375040769577
-1,1,-1,-1,-1,-1,1,-1,-1,-1,1,-1,1,-1,-1,1,1,1,0.010804489254951477
-1,1,-1,-1,-1,-1,1,-1,-1,-1,1,1,-1,-1,-1,1,1,-1,0.009589309804141521
-1,1,-1,-1,-1,-1,1,-1,-1,-1,1,1,-1,1,-1,-1,-1,-1,0.010023064911365509
-1,1,-1,-1,-1,-1,1,-1,-1,-1,1,1,1,-1,1,-1,1,-1,0.010878088884055614
-1,1,-1,-1,-1,-1,1,-1,-1,-1,1,1,1,1,-1,-1,-1,-1,0.0104236314073205
-1,1,-1,-1,-1,-1,1,-1,-1,-1,1,1,1,1,1,-1,1,-1,0.010686349123716354
-1,1,-1,-1,-1,-1,1,-1,-1,1,-1,-1,-1,1,-1,-1,-1,-1,0.00980709120631218
-1,1,-1,-1,-1,-1,1,-1,-1,1,-1,-1,-1,1,-1,1,1,1,0.009457013569772243
-1,1,-1,-1,-1,-1,1,-1,-1,1,1,-1,-1,-1,1,1,-1,-1,0.009510009549558163
-1,1,-1,-1,-1,-1,1,-1,-1,1,1,-1,-1,-1,1,1,-1,1,0.009794683195650578
-1,1,-1,-1,-1,-1,1,-1,-1,1,1,-1,-1,1,-1,1,1,-1,0.009138957131654024
-1,1,-1,-1,-1,-1,1,-1,-1,1,1,-1,1,-1,1,1,-1,1,0.01020118873566389
-1,1,-1,-1,-1,-1,1,-1,1,-1,-1,-1,-1,1,-1,-1,-1,-1,0.010640355758368969
-1,1,-1,-1,-1,-1,1,-1,1,-1,-1,-1,1,1,1,-1,-1,1,0.011540979146957397
-1,1,-1,-1,-1,-1,1,-1,1,-1,-1,1,-1,1,1,-1,-1,-1,0.010304665192961693
-1,1,-1,-1,-1,-1,1,-1,1,-1,-1,1,1,-1,-1,1,1,1,0.010361204855144024
-1,1,-1,-1,-1,-1,1,-1,1,-1,-1,1,1,-1,1,-1,-1,-1,0.010927362367510796
-1,1,-1,-1,-1,-1,1,-1,1,-1,-1,1,1,1,-1,-1,1,-1,0.010551681742072105
-1,1,-1,-1,-1,-1,1,-1,1,-1,-1,1,1,1,1,1,-1,-1,0.010023145005106926
-1,1,-1,-1,-1,-1,1,-1,1,-1,1,-1,-1,1,-1,1,1,1,0.010258206166327
-1,1,-1,-1,-1,-1,1,-1,1,-1,1,1,-1,-1,1,1,-1,1,0.010093031451106071
-1,1,-1,-1,-1,-1,1,-1,1,-1,1,1,-1,1,-1,-1,-1,1,0.010368957184255123
-1,1,-1,-1,-1,-1,1,-1,1,-1,1,1,-1,1,-1,1,-1,1,0.009674993343651295
-1,1,-1,-1,-1,-1,1,-1,1,-1,1,1,1,1,-1,-1,-1,-1,0.010490788146853447
-1,1,-1,-1,-1,-1,1,-1,1,-1,1,1,1,1,-1,1,-1,-1,0.009790885262191296
-1,1,-1,-1,-1,-1,1,-1,1,-1,1,1,1,1,1,1,1,-1,0.01005360297858715
-1,1,-1,-1,-1,-1,1,-1,1,1,-1,-1,-1,-1,-1,1,-1,-1,0.009375342167913914
-1,1,-1,-1,-1,-1,1,-1,1,1,-1,-1,1,-1,-1,-1,-1,-1,0.010481750592589378
-1,1,-1,-1,-1,-1,1,-1,1,1,-1,1,-1,1,-1,-1,-1,1,0.009619726799428463
-1,1,-1,-1,-1,-1,1,-1,1,1,-1,1,1,-1,-1,1,-1,-1,0.009263785555958748
-1,1,-1,-1,-1,-1,1,-1,1,1,-1,1,1,-1,-1,1,-1,1,0.00955439917743206
-1,1,-1,-1,-1,-1,1,-1,1,1,1,-1,1,-1,-1,1,-1,1,0.010064840316772461
-1,1,-1,-1,-1,-1,1,-1,1,1,1,-1,1,1,-1,-1,-1,1,0.010551868937909603
-1,1,-1,-1,-1,-1,1,-1,1,1,1,1,1,1,1,1,1,-1,0.009266361594200134
-1,1,-1,-1,-1,-1,1,1,-1,-1,-1,1,-1,-1,-1,-1,-1,1,0.010608211159706116
-1,1,-1,-1,-1,-1,1,1,-1,-1,-1,1,1,-1,-1,-1,1,-1,0.010752924717962742
-1,1,-1,-1,-1,-1,1,1,-1,-1,-1,1,1,-1,1,-1,1,1,0.011256299912929535
-1,1,-1,-1,-1,-1,1,1,-1,-1,-1,1,1,1,-1,-1,-1,1,0.010798524133861065
-1,1,-1,-1,-1,-1,1,1,-1,-1,1,-1,-1,-1,1,1,1,-1,0.010375658981502056
-1,1,-1,-1,-1,-1,1,1,-1,-1,1,-1,-1,1,1,1,1,-1,0.010162435937672853
-1,1,-1,-1,-1,-1,1,1,-1,-1,1,1,-1,-1,1,-1,-1,1,0.010788900777697563
-1,1,-1,-1,-1,-1,1,1,-1,-1,1,1,-1,1,-1,1,-1,-1,0.009387943893671036
-1,1,-1,-1,-1,-1,1,1,-1,1,-1,-1,1,-1,-1,-1,1,-1,0.01052339281886816
-1,1,-1,-1,-1,-1,1,1,-1,1,-1,-1,1,1,-1,1,-1,1,0.009859832003712654
-1,1,-1,-1,-1,-1,1,1,-1,1,-1,-1,1,1,1,1,-1,-1,0.009778662584722042
-1,1,-1,-1,-1,-1,1,1,-1,1,-1,-1,1,1,1,1,1,-1,0.009816741570830345
-1,1,-1,-1,-1,-1,1,1,-1,1,-1,1,-1,-1,-1,-1,1,-1,0.009574374184012413
-1,1,-1,-1,-1,-1,1,1,-1,1,-1,1,-1,-1,1,1,1,-1,0.00908985361456871
-1,1,-1,-1,-1,-1,1,1,-1,1,-1,1,-1,1,1,1,-1,-1,0.008840559981763363
-1,1,-1,-1,-1,-1,1,1,-1,1,-1,1,1,-1,-1,1,-1,1,0.009539449587464333
-1,1,-1,-1,-1,-1,1,1,-1,1,1,-1,-1,-1,-1,1,-1,-1,0.009346834383904934
-1,1,-1,-1,-1,-1,1,1,-1,1,1,-1,-1,-1,1,-1,-1,1,0.010534916073083878
-1,1,-1,-1,-1,-1,1,1,-1,1,1,-1,-1,-1,1,1,1,-1,0.009600294753909111
-1,1,-1,-1,-1,-1,1,1,-1,1,1,1,-1,-1,1,-1,-1,1,0.010016854852437973
-1,1,-1,-1,-1,-1,1,1,-1,1,1,1,-1,1,-1,-1,1,1,0.009650430642068386
-1,1,-1,-1,-1,-1,1,1,-1,1,1,1,1,-1,-1,1,-1,1,0.009525890462100506
-1,1,-1,-1,-1,-1,1,1,-1,1,1,1,1,1,1,-1,-1,-1,0.009925811551511288
-1,1,-1,-1,-1,-1,1,1,1,-1,1,-1,-1,-1,-1,1,1,-1,0.010233372449874878
-1,1,-1,-1,-1,-1,1,1,1,-1,1,-1,-1,-1,1,-1,1,1,0.011427393183112144
-1,1,-1,-1,-1,-1,1,1,1,-1,1,-1,-1,-1,1,1,1,-1,0.010442816652357578
-1,1,-1,-1,-1,-1,1,1,1,-1,1,-1,1,-1,1,-1,1,-1,0.011543285101652145
-1,1,-1,-1,-1,-1,1,1,1,-1,1,-1,1,1,1,-1,-1,-1,0.011292332783341408
-1,1,-1,-1,-1,-1,1,1,1,-1,1,1,1,-1,-1,1,1,1,0.01038797665387392
-1,1,-1,-1,-1,-1,1,1,1,-1,1,1,1,1,-1,-1,1,-1,0.010593648999929428
-1,1,-1,-1,-1,-1,1,1,1,1,-1,-1,-1,1,1,-1,1,1,0.010456031188368797
-1,1,-1,-1,-1,-1,1,1,1,1,-1,-1,-1,1,1,1,1,1,0.009771323762834072
-1,1,-1,-1,-1,-1,1,1,1,1,-1,-1,1,1,-1,1,1,1,0.009974324144423008
-1,1,-1,-1,-1,-1,1,1,1,1,1,-1,-1,-1,1,-1,1,-1,0.010355477221310139
-1,1,-1,-1,-1,-1,1,1,1,1,1,-1,1,1,1,1,1,1,0.010155013762414455
-1,1,-1,-1,-1,1,-1,-1,-1,-1,-1,-1,-1,-1,1,1,-1,1,0.010039242915809155
-1,1,-1,-1,-1,1,-1,-1,-1,-1,-1,-1,1,-1,1,-1,-1,1,0.011145650409162045
-1,1,-1,-1,-1,1,-1,-1,-1,-1,-1,-1,1,1,1,1,-1,1,0.010238811373710632
-1,1,-1,-1,-1,1,-1,-1,-1,-1,-1,1,1,-1,-1,-1,1,1,0.010446966625750065
-1,1,-1,-1,-1,1,-1,-1,-1,-1,-1,1,1,-1,1,-1,-1,-1,0.010315841995179653
-1,1,-1,-1,-1,1,-1,-1,-1,-1,-1,1,1,-1,1,-1,1,-1,0.010365797206759453
-1,1,-1,-1,-1,1,-1,-1,-1,1,-1,-1,1,-1,1,1,1,-1,0.009433044120669365
-1,1,-1,-1,-1,1,-1,-1,-1,1,-1,-1,1,-1,1,1,1,1,0.009723656810820103
-1,1,-1,-1,-1,1,-1,-1,-1,1,-1,1,-1,1,1,-1,-1,1,0.009220968000590801
-1,1,-1,-1,-1,1,-1,-1,-1,1,-1,1,1,-1,1,1,1,1,0.009196687489748001
-1,1,-1,-1,-1,1,-1,-1,-1,1,-1,1,1,1,-1,-1,-1,1,0.009429906494915485
-1,1,-1,-1,-1,1,-1,-1,-1,1,-1,1,1,1,1,1,1,-1,0.008696169592440128
-1,1,-1,-1,-1,1,-1,-1,-1,1,1,-1,-1,1,-1,1,-1,-1,0.008558522909879684
-1,1,-1,-1,-1,1,-1,-1,-1,1,1,1,-1,1,-1,-1,-1,1,0.009000586345791817
-1,1,-1,-1,-1,1,-1,-1,-1,1,1,1,1,-1,1,-1,-1,-1,0.009530236944556236
-1,1,-1,-1,-1,1,-1,-1,-1,1,1,1,1,-1,1,1,-1,1,0.009126885794103146
-1,1,-1,-1,-1,1,-1,-1,-1,1,1,1,1,1,-1,-1,1,1,0.009454426355659962
-1,1,-1,-1,-1,1,-1,-1,1,-1,-1,-1,-1,1,-1,-1,1,1,0.010443195700645447
-1,1,-1,-1,-1,1,-1,-1,1,-1,-1,-1,-1,1,-1,1,-1,1,0.009705214761197567
-1,1,-1,-1,-1,1,-1,-1,1,-1,-1,-1,1,-1,-1,1,-1,1,0.010318656452000141
-1,1,-1,-1,-1,1,-1,-1,1,-1,-1,1,-1,1,-1,-1,-1,-1,0.009566052816808224
-1,1,-1,-1,-1,1,-1,-1,1,-1,-1,1,-1,1,-1,1,1,1,0.009200779721140862
-1,1,-1,-1,-1,1,-1,-1,1,-1,-1,1,1,-1,-1,1,1,1,0.009820159524679184
-1,1,-1,-1,-1,1,-1,-1,1,-1,-1,1,1,1,-1,-1,-1,-1,0.009975875727832317
-1,1,-1,-1,-1,1,-1,-1,1,-1,1,-1,1,1,1,-1,1,-1,0.010730521753430367
-1,1,-1,-1,-1,1,-1,-1,1,-1,1,1,-1,-1,-1,-1,-1,1,0.010050042532384396
-1,1,-1,-1,-1,1,-1,-1,1,-1,1,1,-1,-1,-1,1,1,1,0.009400095790624619
-1,1,-1,-1,-1,1,-1,-1,1,-1,1,1,-1,1,-1,-1,-1,-1,0.009543237276375294
-1,1,-1,-1,-1,1,-1,-1,1,-1,1,1,-1,1,1,-1,1,1,0.010090628638863564
-1,1,-1,-1,-1,1,-1,-1,1,-1,1,1,1,-1,1,1,-1,-1,0.009675475768744946
-1,1,-1,-1,-1,1,-1,-1,1,1,-1,-1,-1,-1,-1,1,1,-1,0.008893508464097977
-1,1,-1,-1,-1,1,-1,-1,1,1,-1,-1,-1,1,-1,-1,1,1,0.00965595431625843
-1,1,-1,-1,-1,1,-1,-1,1,1,-1,-1,1,-1,-1,-1,1,-1,0.009993977844715118
-1,1,-1,-1,-1,1,-1,-1,1,1,-1,1,-1,1,-1,-1,-1,1,0.009078680537641048
-1,1,-1,-1,-1,1,-1,-1,1,1,-1,1,-1,1,-1,1,-1,-1,0.008094104006886482
-1,1,-1,-1,-1,1,-1,-1,1,1,-1,1,-1,1,1,1,1,1,0.008641495369374752
-1,1,-1,-1,-1,1,-1,-1,1,1,1,-1,-1,1,1,-1,1,1,0.009836644865572453
-1,1,-1,-1,-1,1,-1,-1,1,1,1,1,-1,1,-1,-1,-1,-1,0.008771191351115704
-1,1,-1,-1,-1,1,-1,1,-1,-1,-1,-1,1,1,1,1,-1,-1,0.010009663179516792
-1,1,-1,-1,-1,1,-1,1,-1,-1,-1,1,-1,1,1,1,-1,-1,0.009069900959730148
-1,1,-1,-1,-1,1,-1,1,-1,-1,-1,1,1,-1,-1,-1,-1,-1,0.01016786228865385
-1,1,-1,-1,-1,1,-1,1,-1,-1,-1,1,1,1,1,1,-1,-1,0.009479724802076817
-1,1,-1,-1,-1,1,-1,1,-1,-1,1,-1,-1,1,1,-1,1,-1,0.010318323969841003
-1,1,-1,-1,-1,1,-1,1,-1,-1,1,-1,1,-1,-1,1,1,1,0.010318969376385212
-1,1,-1,-1,-1,1,-1,1,-1,-1,1,-1,1,-1,1,1,1,1,0.01052247453480959
-1,1,-1,-1,-1,1,-1,1,-1,-1,1,-1,1,1,1,-1,1,-1,0.010718890465795994
-1,1,-1,-1,-1,1,-1,1,-1,1,-1,-1,-1,-1,-1,-1,-1,-1,0.009522568434476852
-1,1,-1,-1,-1,1,-1,1,-1,1,-1,-1,-1,-1,1,1,-1,-1,0.00903804786503315
-1,1,-1,-1,-1,1,-1,1,-1,1,-1,-1,-1,1,1,1,1,1,0.009165741503238678
-1,1,-1,-1,-1,1,-1,1,-1,1,-1,1,-1,-1,1,-1,-1,1,0.009498624131083488
-1,1,-1,-1,-1,1,-1,1,-1,1,-1,1,1,-1,-1,-1,1,1,0.009739702567458153
-1,1,-1,-1,-1,1,-1,1,-1,1,-1,1,1,1,1,-1,1,1,0.009732954204082489
-1,1,-1,-1,-1,1,-1,1,-1,1,1,-1,-1,-1,-1,-1,1,-1,0.009551367722451687
-1,1,-1,-1,-1,1,-1,1,-1,1,1,-1,-1,-1,-1,1,-1,1,0.00910233985632658
-1,1,-1,-1,-1,1,-1,1,-1,1,1,-1,-1,1,1,-1,1,1,0.009840209037065506
-1,1,-1,-1,-1,1,-1,1,-1,1,1,-1,1,-1,-1,1,-1,1,0.009512163698673248
-1,1,-1,-1,-1,1,-1,1,-1,1,1,1,-1,-1,-1,-1,1,1,0.00930706411600113
-1,1,-1,-1,-1,1,-1,1,-1,1,1,1,-1,-1,-1,1,1,1,0.008622356690466404
-1,1,-1,-1,-1,1,-1,1,-1,1,1,1,-1,-1,1,-1,1,-1,0.009214017540216446
-1,1,-1,-1,-1,1,-1,1,-1,1,1,1,-1,1,-1,-1,1,-1,0.008812833577394485
-1,1,-1,-1,-1,1,-1,1,-1,1,1,1,1,1,1,1,-1,1,0.008975476026535034
-1,1,-1,-1,-1,1,-1,1,1,-1,-1,-1,-1,-1,-1,-1,-1,1,0.010661640204489231
-1,1,-1,-1,-1,1,-1,1,1,-1,-1,-1,-1,-1,-1,1,-1,-1,0.009677063673734665
-1,1,-1,-1,-1,1,-1,1,1,-1,-1,-1,1,1,-1,-1,1,-1,0.010608675889670849
-1,1,-1,-1,-1,1,-1,1,1,-1,-1,1,1,-1,1,1,1,1,0.010082508437335491
-1,1,-1,-1,-1,1,-1,1,1,-1,1,-1,1,1,1,1,1,1,0.010376757010817528
-1,1,-1,-1,-1,1,-1,1,1,-1,1,1,-1,-1,1,-1,-1,-1,0.01001846045255661
-1,1,-1,-1,-1,1,-1,1,1,-1,1,1,-1,1,-1,-1,-1,-1,0.00959282461553812
-1,1,-1,-1,-1,1,-1,1,1,-1,1,1,1,-1,-1,-1,-1,-1,0.01020626537501812
-1,1,-1,-1,-1,1,-1,1,1,-1,1,1,1,1,1,-1,-1,1,0.010493448004126549
-1,1,-1,-1,-1,1,-1,1,1,-1,1,1,1,1,1,1,-1,-1,0.00951480958610773
-1,1,-1,-1,-1,1,-1,1,1,-1,1,1,1,1,1,1,1,1,0.009843500331044197
-1,1,-1,-1,-1,1,-1,1,1,1,-1,-1,1,-1,1,1,-1,-1,0.009499832056462765
-1,1,-1,-1,-1,1,-1,1,1,1,-1,-1,1,1,-1,1,-1,1,0.009389260783791542
-1,1,-1,-1,-1,1,-1,1,1,1,-1,1,-1,1,-1,-1,1,-1,0.008902805857360363
-1,1,-1,-1,-1,1,-1,1,1,1,-1,1,1,-1,-1,-1,1,1,0.009791664779186249
-1,1,-1,-1,-1,1,-1,1,1,1,1,-1,1,1,-1,-1,-1,-1,0.009775735437870026
-1,1,-1,-1,-1,1,-1,1,1,1,1,-1,1,1,1,-1,-1,-1,0.009973302483558655
-1,1,-1,-1,-1,1,-1,1,1,1,1,-1,1,1,1,-1,1,-1,0.010017318651080132
-1,1,-1,-1,-1,1,-1,1,1,1,1,1,-1,-1,-1,1,1,-1,0.008383706212043762
-1,1,-1,-1,-1,1,-1,1,1,1,1,1,-1,1,1,-1,-1,-1,0.009030221961438656
-1,1,-1,-1,-1,1,-1,1,1,1,1,1,1,1,1,-1,-1,-1,0.009445983916521072
-1,1,-1,-1,-1,1,1,-1,-1,-1,-1,-1,-1,-1,-1,1,-1,-1,0.010257500223815441
-1,1,-1,-1,-1,1,1,-1,-1,-1,-1,-1,1,-1,1,-1,-1,-1,0.011567412875592709
-1,1,-1,-1,-1,1,1,-1,-1,-1,-1,1,-1,-1,-1,1,-1,1,0.010011537931859493
-1,1,-1,-1,-1,1,1,-1,-1,-1,-1,1,1,-1,-1,-1,-1,-1,0.010821394622325897
-1,1,-1,-1,-1,1,1,-1,-1,-1,-1,1,1,-1,1,-1,1,-1,0.011062977835536003
-1,1,-1,-1,-1,1,1,-1,-1,-1,1,-1,1,-1,1,-1,-1,1,0.011825953610241413
-1,1,-1,-1,-1,1,1,-1,-1,-1,1,-1,1,1,-1,-1,1,1,0.0114595303311944
-1,1,-1,-1,-1,1,1,-1,-1,-1,1,-1,1,1,1,1,-1,-1,0.010634440928697586
-1,1,-1,-1,-1,1,1,-1,-1,-1,1,1,-1,1,1,1,1,-1,0.009747953154146671
-1,1,-1,-1,-1,1,1,-1,-1,1,-1,-1,-1,-1,1,-1,1,1,0.010708296671509743
-1,1,-1,-1,-1,1,1,-1,-1,1,-1,-1,-1,-1,1,1,1,1,0.010026558302342892
-1,1,-1,-1,-1,1,1,-1,-1,1,-1,-1,1,-1,-1,1,-1,1,0.010182571597397327
-1,1,-1,-1,-1,1,1,-1,-1,1,-1,-1,1,1,-1,-1,1,1,0.010713617317378521
-1,1,-1,-1,-1,1,1,-1,-1,1,-1,-1,1,1,1,-1,-1,-1,0.010573235340416431
-1,1,-1,-1,-1,1,1,-1,-1,1,-1,1,-1,-1,1,1,-1,1,0.009452253580093384
-1,1,-1,-1,-1,1,1,-1,-1,1,-1,1,-1,1,1,1,-1,1,0.009245317429304123
-1,1,-1,-1,-1,1,1,-1,-1,1,-1,1,1,1,-1,-1,-1,-1,0.009845729917287827
-1,1,-1,-1,-1,1,1,-1,-1,1,-1,1,1,1,-1,-1,1,1,0.010186298750340939
-1,1,-1,-1,-1,1,1,-1,-1,1,1,-1,-1,-1,-1,-1,-1,-1,0.010147346183657646
-1,1,-1,-1,-1,1,1,-1,-1,1,1,-1,-1,-1,1,1,1,1,0.009997455403208733
-1,1,-1,-1,-1,1,1,-1,-1,1,1,-1,1,1,-1,-1,-1,1,0.010643466375768185
-1,1,-1,-1,-1,1,1,-1,-1,1,1,1,-1,-1,-1,1,-1,-1,0.008935320191085339
-1,1,-1,-1,-1,1,1,-1,-1,1,1,1,1,-1,-1,1,1,-1,0.009375275578349829
-1,1,-1,-1,-1,1,1,-1,1,-1,-1,-1,1,-1,-1,-1,1,1,0.011753817088901997
-1,1,-1,-1,-1,1,1,-1,1,-1,-1,1,-1,-1,-1,1,-1,1,0.010072756558656693
-1,1,-1,-1,-1,1,1,-1,1,-1,-1,1,1,-1,-1,1,1,1,0.010532534681260586
-1,1,-1,-1,-1,1,1,-1,1,-1,-1,1,1,-1,1,-1,-1,-1,0.0110861174762249
-1,1,-1,-1,-1,1,1,-1,1,-1,1,-1,-1,-1,-1,-1,1,-1,0.011024626903235912
-1,1,-1,-1,-1,1,1,-1,1,-1,1,-1,-1,-1,-1,1,1,-1,0.010339919477701187
-1,1,-1,-1,-1,1,1,-1,1,-1,1,-1,-1,-1,1,1,-1,1,0.010795959271490574
-1,1,-1,-1,-1,1,1,-1,1,-1,1,-1,1,-1,-1,-1,1,1,0.011731002479791641
-1,1,-1,-1,-1,1,1,-1,1,-1,1,-1,1,-1,1,1,-1,1,0.011193208396434784
-1,1,-1,-1,-1,1,1,-1,1,-1,1,1,1,-1,1,1,1,-1,0.010413355194032192
-1,1,-1,-1,-1,1,1,-1,1,-1,1,1,1,1,-1,1,1,-1,0.010002914816141129
-1,1,-1,-1,-1,1,1,-1,1,-1,1,1,1,1,1,1,1,1,0.01049109362065792
-1,1,-1,-1,-1,1,1,-1,1,1,-1,1,-1,-1,-1,1,-1,-1,0.009004158899188042
-1,1,-1,-1,-1,1,1,-1,1,1,1,-1,-1,-1,1,1,-1,1,0.01001797430217266
-1,1,-1,-1,-1,1,1,-1,1,1,1,-1,1,1,1,-1,1,1,0.01094626821577549
-1,1,-1,-1,-1,1,1,-1,1,1,1,1,-1,-1,-1,1,1,-1,0.009025360457599163
-1,1,-1,-1,-1,1,1,-1,1,1,1,1,1,-1,1,-1,-1,1,0.010575930587947369
-1,1,-1,-1,-1,1,1,-1,1,1,1,1,1,1,-1,1,-1,-1,0.009180912747979164
-1,1,-1,-1,-1,1,1,1,-1,-1,-1,-1,-1,-1,1,-1,1,1,0.011545124463737011
-1,1,-1,-1,-1,1,1,1,-1,-1,-1,-1,1,1,-1,1,1,-1,0.01055661216378212
-1,1,-1,-1,-1,1,1,1,-1,-1,-1,-1,1,1,1,-1,1,-1,0.011444823816418648
-1,1,-1,-1,-1,1,1,1,-1,-1,-1,1,-1,-1,1,-1,1,1,0.011008549481630325
-1,1,-1,-1,-1,1,1,1,-1,-1,-1,1,1,-1,-1,1,-1,1,0.010473568923771381
-1,1,-1,-1,-1,1,1,1,-1,-1,-1,1,1,1,1,-1,-1,-1,0.010882746428251266
-1,1,-1,-1,-1,1,1,1,-1,-1,1,-1,-1,1,1,1,1,1,0.010627347975969315
-1,1,-1,-1,-1,1,1,1,-1,-1,1,1,-1,-1,-1,-1,1,-1,0.010500873439013958
-1,1,-1,-1,-1,1,1,1,-1,-1,1,1,-1,-1,1,1,1,-1,0.010001157410442829
-1,1,-1,-1,-1,1,1,1,-1,-1,1,1,1,-1,-1,1,1,-1,0.010213414207100868
-1,1,-1,-1,-1,1,1,1,-1,-1,1,1,1,-1,1,1,-1,1,0.010648319497704506
-1,1,-1,-1,-1,1,1,1,-1,-1,1,1,1,1,-1,-1,1,1,0.010981799103319645
-1,1,-1,-1,-1,1,1,1,-1,1,-1,1,-1,-1,1,1,1,-1,0.009245987981557846
-1,1,-1,-1,-1,1,1,1,-1,1,-1,1,1,1,1,1,1,-1,0.009445557370781898
-1,1,-1,-1,-1,1,1,1,-1,1,-1,1,1,1,1,1,1,1,0.009736170060932636
-1,1,-1,-1,-1,1,1,1,-1,1,1,-1,1,1,1,1,-1,1,0.01020259503275156
-1,1,-1,-1,-1,1,1,1,-1,1,1,1,-1,-1,1,1,1,1,0.009523042477667332
-1,1,-1,-1,-1,1,1,1,-1,1,1,1,1,-1,-1,-1,1,1,0.010410749353468418
-1,1,-1,-1,-1,1,1,1,-1,1,1,1,1,-1,1,-1,-1,-1,0.01028888113796711
-1,1,-1,-1,-1,1,1,1,-1,1,1,1,1,1,-1,-1,-1,1,0.010169053450226784
-1,1,-1,-1,-1,1,1,1,-1,1,1,1,1,1,1,-1,-1,1,0.010378497652709484
-1,1,-1,-1,-1,1,1,1,-1,1,1,1,1,1,1,1,-1,-1,0.00938466377556324
-1,1,-1,-1,-1,1,1,1,1,-1,-1,-1,-1,-1,-1,-1,-1,1,0.01135419262573123
-1,1,-1,-1,-1,1,1,1,1,-1,-1,-1,-1,-1,-1,1,1,1,0.010699616745114326
-1,1,-1,-1,-1,1,1,1,1,-1,-1,1,1,-1,1,1,1,-1,0.010485757142305374
-1,1,-1,-1,-1,1,1,1,1,-1,-1,1,1,1,-1,-1,1,-1,0.010778537020087242
-1,1,-1,-1,-1,1,1,1,1,-1,1,-1,-1,-1,1,-1,-1,-1,0.011248897761106491
-1,1,-1,-1,-1,1,1,1,1,-1,1,1,-1,1,-1,-1,1,-1,0.010349216870963573
-1,1,-1,-1,-1,1,1,1,1,1,-1,1,-1,-1,1,-1,1,1,0.010297722183167934
-1,1,-1,-1,-1,1,1,1,1,1,-1,1,-1,1,1,-1,-1,-1,0.009765412658452988
-1,1,-1,-1,-1,1,1,1,1,1,1,-1,-1,-1,-1,-1,1,-1,0.010308106429874897
-1,1,-1,-1,-1,1,1,1,1,1,1,-1,-1,1,1,1,1,-1,0.009616650640964508
-1,1,-1,-1,-1,1,1,1,1,1,1,-1,1,-1,1,-1,-1,-1,0.01088335644453764
-1,1,-1,-1,1,-1,-1,-1,-1,-1,-1,-1,-1,-1,-1,-1,-1,-1,0.01025166641920805
-1,1,-1,-1,1,-1,-1,-1,-1,-1,-1,-1,-1,-1,-1,-1,1,1,0.010577039793133736
-1,1,-1,-1,1,-1,-1,-1,-1,-1,-1,-1,1,1,-1,-1,-1,1,0.010732591152191162
-1,1,-1,-1,1,-1,-1,-1,-1,-1,-1,-1,1,1,1,1,1,-1,0.010004793293774128
-1,1,-1,-1,1,-1,-1,-1,-1,-1,-1,1,-1,-1,-1,-1,-1,1,0.010003083385527134
-1,1,-1,-1,1,-1,-1,-1,-1,-1,-1,1,-1,-1,-1,1,1,-1,0.009059205651283264
-1,1,-1,-1,1,-1,-1,-1,-1,-1,-1,1,-1,-1,1,-1,1,-1,0.009959992952644825
-1,1,-1,-1,1,-1,-1,-1,-1,-1,-1,1,-1,1,1,-1,1,-1,0.009743800386786461
-1,1,-1,-1,1,-1,-1,-1,-1,-1,-1,1,1,-1,-1,1,-1,1,0.009712306782603264
-1,1,-1,-1,1,-1,-1,-1,-1,-1,1,-1,-1,-1,1,-1,-1,1,0.010722968727350235
-1,1,-1,-1,1,-1,-1,-1,-1,-1,1,-1,-1,1,-1,1,1,-1,0.009366028942167759
-1,1,-1,-1,1,-1,-1,-1,-1,-1,1,-1,-1,1,1,1,1,1,0.009860146790742874
-1,1,-1,-1,1,-1,-1,-1,-1,-1,1,-1,1,-1,-1,1,-1,-1,0.009935452602803707
-1,1,-1,-1,1,-1,-1,-1,-1,-1,1,-1,1,1,1,-1,1,1,0.010966555215418339
-1,1,-1,-1,1,-1,-1,-1,-1,-1,1,1,-1,-1,-1,-1,-1,1,0.009980267845094204
-1,1,-1,-1,1,-1,-1,-1,-1,-1,1,1,-1,-1,1,-1,1,1,0.010233729146420956
-1,1,-1,-1,1,-1,-1,-1,-1,-1,1,1,-1,-1,1,1,-1,1,0.00948055274784565
-1,1,-1,-1,1,-1,-1,-1,-1,-1,1,1,1,-1,-1,1,1,1,0.009727569296956062
-1,1,-1,-1,1,-1,-1,-1,-1,-1,1,1,1,-1,1,-1,1,1,0.010625038295984268
-1,1,-1,-1,1,-1,-1,-1,-1,1,-1,-1,-1,-1,1,1,1,-1,0.009023921564221382
-1,1,-1,-1,1,-1,-1,-1,-1,1,-1,1,-1,-1,1,-1,-1,1,0.009425286203622818
-1,1,-1,-1,1,-1,-1,-1,-1,1,-1,1,1,-1,-1,-1,-1,-1,0.009352868422865868
-1,1,-1,-1,1,-1,-1,-1,-1,1,-1,1,1,-1,-1,-1,1,-1,0.009381690062582493
-1,1,-1,-1,1,-1,-1,-1,-1,1,-1,1,1,-1,-1,-1,1,1,0.009687498211860657
-1,1,-1,-1,1,-1,-1,-1,-1,1,-1,1,1,1,1,-1,-1,1,0.00962485559284687
-1,1,-1,-1,1,-1,-1,-1,-1,1,1,-1,1,-1,-1,1,1,1,0.009488780051469803
-1,1,-1,-1,1,-1,-1,-1,-1,1,1,-1,1,1,-1,1,-1,-1,0.008947214111685753
-1,1,-1,-1,1,-1,-1,-1,-1,1,1,1,-1,-1,1,1,1,1,0.008767718449234962
-1,1,-1,-1,1,-1,-1,-1,-1,1,1,1,-1,1,1,-1,-1,1,0.009206101763993502
-1,1,-1,-1,1,-1,-1,-1,-1,1,1,1,-1,1,1,1,1,-1,0.00826091319322586
-1,1,-1,-1,1,-1,-1,-1,-1,1,1,1,1,-1,1,-1,-1,-1,0.009527618996798992
-1,1,-1,-1,1,-1,-1,-1,1,-1,-1,-1,-1,-1,-1,-1,-1,1,0.010594240389764309
-1,1,-1,-1,1,-1,-1,-1,1,-1,-1,-1,-1,1,1,1,-1,1,0.009898505173623562
-1,1,-1,-1,1,-1,-1,-1,1,-1,-1,-1,1,1,-1,1,1,1,0.010143863037228584
-1,1,-1,-1,1,-1,-1,-1,1,-1,-1,1,-1,-1,1,-1,1,1,0.01031776238232851
-1,1,-1,-1,1,-1,-1,-1,1,-1,-1,1,-1,1,1,1,-1,-1,0.009072976186871529
-1,1,-1,-1,1,-1,-1,-1,1,-1,-1,1,1,1,-1,-1,-1,-1,0.009969940409064293
-1,1,-1,-1,1,-1,-1,-1,1,-1,-1,1,1,1,-1,-1,1,1,0.010304570198059082
-1,1,-1,-1,1,-1,-1,-1,1,-1,1,-1,-1,1,-1,1,1,-1,0.009417991153895855
-1,1,-1,-1,1,-1,-1,-1,1,-1,1,-1,-1,1,1,-1,1,-1,0.01031546015292406
-1,1,-1,-1,1,-1,-1,-1,1,-1,1,-1,1,1,-1,-1,-1,-1,0.01047444250434637
-1,1,-1,-1,1,-1,-1,-1,1,-1,1,-1,1,1,1,1,-1,1,0.010289791971445084
-1,1,-1,-1,1,-1,-1,-1,1,-1,1,1,1,1,-1,1,-1,1,0.009553030133247375
-1,1,-1,-1,1,-1,-1,-1,1,-1,1,1,1,1,1,-1,-1,1,0.010441242717206478
-1,1,-1,-1,1,-1,-1,-1,1,1,-1,-1,-1,-1,-1,1,1,1,0.009181504137814045
-1,1,-1,-1,1,-1,-1,-1,1,1,-1,-1,-1,1,1,-1,1,-1,0.009581424295902252
-1,1,-1,-1,1,-1,-1,-1,1,1,-1,-1,1,-1,-1,-1,-1,-1,0.009941404685378075
-1,1,-1,-1,1,-1,-1,-1,1,1,-1,-1,1,1,1,-1,1,1,0.01027260348200798
-1,1,-1,-1,1,-1,-1,-1,1,1,1,1,-1,-1,-1,-1,-1,1,0.009275378659367561
-1,1,-1,-1,1,-1,-1,-1,1,1,1,1,-1,-1,-1,-1,1,1,0.00931013934314251
-1,1,-1,-1,1,-1,-1,-1,1,1,1,1,-1,1,-1,-1,-1,1,0.009068443439900875
-1,1,-1,-1,1,-1,-1,-1,1,1,1,1,-1,1,-1,1,1,-1,0.008121944032609463
-1,1,-1,-1,1,-1,-1,-1,1,1,1,1,1,1,-1,-1,-1,-1,0.009178396314382553
-1,1,-1,-1,1,-1,-1,-1,1,1,1,1,1,1,-1,1,-1,-1,0.008481115102767944
-1,1,-1,-1,1,-1,-1,1,-1,-1,-1,-1,-1,-1,1,-1,-1,-1,0.010495501570403576
-1,1,-1,-1,1,-1,-1,1,-1,-1,-1,-1,-1,-1,1,-1,-1,1,0.010795370675623417
-1,1,-1,-1,1,-1,-1,1,-1,-1,-1,-1,1,-1,-1,-1,1,-1,0.010757713578641415
-1,1,-1,-1,1,-1,-1,1,-1,-1,-1,1,-1,-1,1,-1,-1,1,0.010268053039908409
-1,1,-1,-1,1,-1,-1,1,-1,-1,-1,1,-1,1,-1,1,-1,1,0.00915439147502184
-1,1,-1,-1,1,-1,-1,1,-1,-1,-1,1,1,-1,-1,-1,-1,1,0.010471053421497345
-1,1,-1,-1,1,-1,-1,1,-1,-1,1,-1,-1,-1,-1,1,1,1,0.009919103235006332
-1,1,-1,-1,1,-1,-1,1,-1,-1,1,-1,-1,-1,1,-1,1,1,0.010813254863023758
-1,1,-1,-1,1,-1,-1,1,-1,-1,1,-1,-1,1,-1,1,-1,1,0.009674089029431343
-1,1,-1,-1,1,-1,-1,1,-1,-1,1,-1,-1,1,1,-1,-1,-1,0.010271688923239708
-1,1,-1,-1,1,-1,-1,1,-1,-1,1,1,-1,-1,-1,1,-1,-1,0.009051216766238213
-1,1,-1,-1,1,-1,-1,1,-1,-1,1,1,-1,1,-1,-1,-1,-1,0.009544183500111103
-1,1,-1,-1,1,-1,-1,1,-1,-1,1,1,1,1,-1,-1,1,1,0.01027012336999178
-1,1,-1,-1,1,-1,-1,1,-1,-1,1,1,1,1,1,1,1,-1,0.009498308412730694
-1,1,-1,-1,1,-1,-1,1,-1,1,-1,-1,-1,-1,-1,-1,-1,-1,0.009525888599455357
-1,1,-1,-1,1,-1,-1,1,-1,1,-1,-1,-1,1,-1,1,1,-1,0.008672324009239674
-1,1,-1,-1,1,-1,-1,1,-1,1,-1,1,-1,-1,1,1,-1,1,0.008802042342722416
-1,1,-1,-1,1,-1,-1,1,-1,1,-1,1,-1,1,-1,1,-1,-1,0.008091731928288937
-1,1,-1,-1,1,-1,-1,1,-1,1,1,-1,-1,1,-1,1,-1,-1,0.008596234954893589
-1,1,-1,-1,1,-1,-1,1,-1,1,1,-1,1,-1,-1,1,1,-1,0.009268888272345066
-1,1,-1,-1,1,-1,-1,1,-1,1,1,1,-1,-1,-1,1,1,-1,0.008319869637489319
-1,1,-1,-1,1,-1,-1,1,1,-1,-1,-1,-1,-1,1,1,1,-1,0.009912711568176746
-1,1,-1,-1,1,-1,-1,1,1,-1,-1,-1,-1,1,-1,1,1,1,0.009799170773476362
-1,1,-1,-1,1,-1,-1,1,1,-1,-1,-1,1,-1,1,-1,1,1,0.011297854594886303
-1,1,-1,-1,1,-1,-1,1,1,-1,-1,-1,1,1,1,-1,1,-1,0.010806244798004627
-1,1,-1,-1,1,-1,-1,1,1,-1,-1,1,-1,1,1,1,-1,-1,0.009128501638770103
-1,1,-1,-1,1,-1,-1,1,1,-1,-1,1,1,1,-1,-1,1,1,0.010360095649957657
-1,1,-1,-1,1,-1,-1,1,1,-1,1,-1,-1,-1,1,1,1,-1,0.009889896027743816
-1,1,-1,-1,1,-1,-1,1,1,-1,1,-1,-1,1,1,-1,1,1,0.010661598294973373
-1,1,-1,-1,1,-1,-1,1,1,-1,1,-1,-1,1,1,1,-1,1,0.009929556399583817
-1,1,-1,-1,1,-1,-1,1,1,-1,1,-1,1,-1,1,1,-1,-1,0.010261640883982182
-1,1,-1,-1,1,-1,-1,1,1,1,-1,-1,-1,-1,1,1,1,1,0.009425339289009571
-1,1,-1,-1,1,-1,-1,1,1,1,-1,-1,-1,1,1,1,-1,1,0.009180325083434582
-1,1,-1,-1,1,-1,-1,1,1,1,-1,-1,1,-1,-1,1,-1,-1,0.009302966296672821
-1,1,-1,-1,1,-1,-1,1,1,1,-1,-1,1,-1,1,1,1,1,0.00984704028815031
-1,1,-1,-1,1,-1,-1,1,1,1,-1,1,-1,-1,-1,1,-1,1,0.008644560351967812
-1,1,-1,-1,1,-1,-1,1,1,1,-1,1,-1,-1,1,1,-1,-1,0.008572648279368877
-1,1,-1,-1,1,-1,-1,1,1,1,-1,1,1,-1,1,1,1,-1,0.009007974527776241
-1,1,-1,-1,1,-1,-1,1,1,1,1,-1,-1,-1,1,1,1,-1,0.00912710651755333
-1,1,-1,-1,1,-1,-1,1,1,1,1,-1,1,-1,-1,1,1,-1,0.009324167855083942
-1,1,-1,-1,1,-1,-1,1,1,1,1,-1,1,1,-1,-1,1,1,0.010092552751302719
-1,1,-1,-1,1,-1,1,-1,-1,-1,-1,-1,-1,1,1,-1,-1,1,0.0112327104434371
-1,1,-1,-1,1,-1,1,-1,-1,-1,-1,-1,1,1,1,-1,-1,-1,0.011342664249241352
-1,1,-1,-1,1,-1,1,-1,-1,-1,1,-1,1,-1,1,-1,-1,1,0.011832593008875847
-1,1,-1,-1,1,-1,1,-1,-1,-1,1,1,-1,1,-1,1,1,1,0.009826503694057465
-1,1,-1,-1,1,-1,1,-1,-1,-1,1,1,-1,1,1,-1,-1,-1,0.010386025533080101
-1,1,-1,-1,1,-1,1,-1,-1,-1,1,1,-1,1,1,-1,1,-1,0.010430042631924152
-1,1,-1,-1,1,-1,1,-1,-1,-1,1,1,1,-1,1,-1,-1,-1,0.011002783663570881
-1,1,-1,-1,1,-1,1,-1,-1,1,-1,-1,-1,-1,-1,-1,1,1,0.01050811167806387
-1,1,-1,-1,1,-1,1,-1,-1,1,-1,-1,-1,1,1,1,-1,-1,0.009485344402492046
-1,1,-1,-1,1,-1,1,-1,-1,1,-1,-1,1,-1,-1,1,-1,-1,0.009886023588478565
-1,1,-1,-1,1,-1,1,-1,-1,1,-1,1,-1,1,1,1,-1,1,0.009242700412869453
-1,1,-1,-1,1,-1,1,-1,-1,1,-1,1,1,1,1,1,1,-1,0.009393353015184402
-1,1,-1,-1,1,-1,1,-1,-1,1,1,-1,-1,-1,-1,1,1,-1,0.009504037909209728
-1,1,-1,-1,1,-1,1,-1,-1,1,1,-1,-1,1,1,-1,1,-1,0.01018531434237957
-1,1,-1,-1,1,-1,1,-1,-1,1,1,-1,-1,1,1,1,1,1,0.009787902235984802
-1,1,-1,-1,1,-1,1,-1,-1,1,1,-1,1,-1,-1,-1,1,1,0.010885863564908504
-1,1,-1,-1,1,-1,1,-1,1,-1,-1,-1,-1,-1,1,-1,1,-1,0.011263525113463402
-1,1,-1,-1,1,-1,1,-1,1,-1,-1,-1,1,-1,1,-1,-1,-1,0.01162007451057434
-1,1,-1,-1,1,-1,1,-1,1,-1,-1,-1,1,1,-1,1,1,1,0.010846981778740883
-1,1,-1,-1,1,-1,1,-1,1,-1,-1,-1,1,1,1,1,-1,1,0.011006469838321209
-1,1,-1,-1,1,-1,1,-1,1,-1,-1,-1,1,1,1,1,1,-1,0.010759874247014523
-1,1,-1,-1,1,-1,1,-1,1,-1,-1,1,1,-1,1,-1,1,-1,0.011130834929645061
-1,1,-1,-1,1,-1,1,-1,1,-1,1,-1,-1,-1,-1,-1,-1,-1,0.010993188247084618
-1,1,-1,-1,1,-1,1,-1,1,-1,1,-1,-1,-1,1,-1,1,1,0.011522065848112106
-1,1,-1,-1,1,-1,1,-1,1,-1,1,-1,1,1,-1,-1,-1,1,0.011483370326459408
-1,1,-1,-1,1,-1,1,-1,1,-1,1,1,-1,1,-1,-1,1,-1,0.010291073471307755
-1,1,-1,-1,1,-1,1,-1,1,-1,1,1,-1,1,-1,-1,1,1,0.010572429746389389
-1,1,-1,-1,1,-1,1,-1,1,1,-1,-1,-1,1,1,-1,1,1,0.010565899312496185
-1,1,-1,-1,1,-1,1,-1,1,1,-1,1,-1,-1,-1,-1,1,-1,0.009754717350006104
-1,1,-1,-1,1,-1,1,-1,1,1,-1,1,1,-1,1,1,-1,1,0.009902164340019226
-1,1,-1,-1,1,-1,1,-1,1,1,-1,1,1,1,-1,1,-1,1,0.009506918489933014
-1,1,-1,-1,1,-1,1,-1,1,1,1,-1,-1,1,-1,1,-1,-1,0.009305046871304512
-1,1,-1,-1,1,-1,1,-1,1,1,1,-1,-1,1,1,-1,1,-1,0.010252471081912518
-1,1,-1,-1,1,-1,1,-1,1,1,1,-1,1,1,-1,-1,1,1,0.010746084153652191
-1,1,-1,-1,1,-1,1,-1,1,1,1,1,1,1,-1,1,-1,-1,0.00917829480022192
-1,1,-1,-1,1,-1,1,1,-1,-1,-1,-1,-1,1,-1,1,1,1,0.01043644268065691
-1,1,-1,-1,1,-1,1,1,-1,-1,-1,-1,1,-1,1,1,-1,-1,0.010917100124061108
-1,1,-1,-1,1,-1,1,1,-1,-1,-1,1,-1,-1,1,1,-1,-1,0.009980656206607819
-1,1,-1,-1,1,-1,1,1,-1,-1,-1,1,-1,1,-1,-1,1,1,0.01060474757105112
-1,1,-1,-1,1,-1,1,1,-1,-1,-1,1,-1,1,1,1,-1,-1,0.009773720055818558
-1,1,-1,-1,1,-1,1,1,-1,-1,-1,1,1,1,-1,1,-1,-1,0.009976720437407494
-1,1,-1,-1,1,-1,1,1,-1,-1,-1,1,1,1,1,-1,1,1,0.011205501854419708
-1,1,-1,-1,1,-1,1,1,-1,-1,1,-1,1,-1,1,-1,-1,1,0.011872923001646996
-1,1,-1,-1,1,-1,1,1,-1,-1,1,1,-1,-1,-1,-1,-1,1,0.010729655623435974
-1,1,-1,-1,1,-1,1,1,-1,-1,1,1,-1,-1,1,1,1,-1,0.009992601349949837
-1,1,-1,-1,1,-1,1,1,-1,-1,1,1,1,-1,-1,-1,-1,-1,0.010854804888367653
-1,1,-1,-1,1,-1,1,1,-1,-1,1,1,1,-1,-1,1,-1,1,0.010442196391522884
-1,1,-1,-1,1,-1,1,1,-1,1,-1,-1,-1,-1,-1,-1,1,1,0.010572894476354122
-1,1,-1,-1,1,-1,1,1,-1,1,-1,-1,-1,1,1,-1,-1,-1,0.01023483369499445
-1,1,-1,-1,1,-1,1,1,-1,1,-1,-1,1,1,-1,-1,-1,-1,0.010428577661514282
-1,1,-1,-1,1,-1,1,1,-1,1,-1,-1,1,1,-1,1,1,1,0.010072560980916023
-1,1,-1,-1,1,-1,1,1,-1,1,-1,1,-1,1,1,-1,-1,-1,0.009692320600152016
-1,1,-1,-1,1,-1,1,1,-1,1,-1,1,1,-1,1,-1,-1,1,0.010599692352116108
-1,1,-1,-1,1,-1,1,1,-1,1,1,-1,-1,-1,-1,1,-1,1,0.00980284158140421
-1,1,-1,-1,1,-1,1,1,-1,1,1,-1,-1,-1,1,1,-1,-1,0.009709795005619526
-1,1,-1,-1,1,-1,1,1,-1,1,1,-1,-1,1,-1,-1,-1,-1,0.010002574883401394
-1,1,-1,-1,1,-1,1,1,-1,1,1,-1,-1,1,1,-1,-1,-1,0.010196822695434093
-1,1,-1,-1,1,-1,1,1,-1,1,1,-1,1,-1,-1,-1,1,1,0.01094138901680708
-1,1,-1,-1,1,-1,1,1,-1,1,1,1,1,-1,1,1,-1,1,0.009873655624687672
-1,1,-1,-1,1,-1,1,1,1,-1,-1,-1,-1,-1,-1,1,1,1,0.010712195187807083
-1,1,-1,-1,1,-1,1,1,1,-1,-1,-1,-1,-1,1,1,1,-1,0.010625086724758148
-1,1,-1,-1,1,-1,1,1,1,-1,-1,-1,-1,1,-1,-1,1,-1,0.010908610187470913
-1,1,-1,-1,1,-1,1,1,1,-1,-1,-1,1,-1,1,1,-1,-1,0.010978318750858307
-1,1,-1,-1,1,-1,1,1,1,-1,-1,-1,1,1,-1,1,-1,-1,0.010561938397586346
-1,1,-1,-1,1,-1,1,1,1,-1,-1,1,-1,-1,-1,1,1,-1,0.009882385842502117
-1,1,-1,-1,1,-1,1,1,1,-1,-1,1,1,-1,-1,1,-1,-1,0.010235617868602276
-1,1,-1,-1,1,-1,1,1,1,-1,1,1,-1,-1,1,-1,1,1,0.011053591966629028
-1,1,-1,-1,1,-1,1,1,1,-1,1,1,1,-1,-1,-1,1,-1,0.010960039682686329
-1,1,-1,-1,1,-1,1,1,1,-1,1,1,1,1,-1,-1,1,-1,0.010743847116827965
-1,1,-1,-1,1,-1,1,1,1,1,-1,-1,-1,-1,1,-1,-1,-1,0.010493731126189232
-1,1,-1,-1,1,-1,1,1,1,1,-1,-1,-1,-1,1,1,-1,1,0.010093698278069496
-1,1,-1,-1,1,-1,1,1,1,1,-1,1,-1,-1,-1,-1,-1,-1,0.009756969287991524
-1,1,-1,-1,1,-1,1,1,1,1,-1,1,-1,-1,1,1,-1,-1,0.009269827976822853
-1,1,-1,-1,1,-1,1,1,1,1,-1,1,1,-1,-1,1,1,1,0.009798201732337475
-1,1,-1,-1,1,-1,1,1,1,1,1,-1,1,1,1,-1,-1,1,0.010961097665131092
-1,1,-1,-1,1,-1,1,1,1,1,1,1,1,-1,1,-1,1,1,0.010682111606001854
-1,1,-1,-1,1,-1,1,1,1,1,1,1,1,1,-1,-1,-1,-1,0.00994297955185175
-1,1,-1,-1,1,1,-1,-1,-1,-1,-1,-1,-1,-1,1,-1,-1,-1,0.010602048598229885
-1,1,-1,-1,1,1,-1,-1,-1,-1,-1,-1,-1,-1,1,1,-1,-1,0.009923280216753483
-1,1,-1,-1,1,1,-1,-1,-1,-1,-1,-1,-1,1,-1,1,-1,1,0.009794195182621479
-1,1,-1,-1,1,1,-1,-1,-1,-1,-1,1,-1,-1,-1,1,1,1,0.009521148167550564
-1,1,-1,-1,1,1,-1,-1,-1,-1,-1,1,1,-1,-1,-1,-1,-1,0.010277730412781239
-1,1,-1,-1,1,1,-1,-1,-1,-1,-1,1,1,-1,-1,1,-1,-1,0.00958376657217741
-1,1,-1,-1,1,1,-1,-1,-1,-1,1,-1,-1,-1,1,-1,1,-1,0.010632507503032684
-1,1,-1,-1,1,1,-1,-1,-1,-1,1,-1,1,1,1,1,1,-1,0.010144051164388657
-1,1,-1,-1,1,1,-1,-1,-1,-1,1,1,-1,-1,1,1,-1,-1,0.0093612689524889
-1,1,-1,-1,1,1,-1,-1,-1,-1,1,1,-1,1,-1,-1,1,1,0.009979422204196453
-1,1,-1,-1,1,1,-1,-1,-1,-1,1,1,1,-1,-1,1,-1,-1,0.00956095103174448
-1,1,-1,-1,1,1,-1,-1,-1,-1,1,1,1,1,-1,1,1,-1,0.009401350282132626
-1,1,-1,-1,1,1,-1,-1,-1,-1,1,1,1,1,1,1,1,1,0.00989215075969696
-1,1,-1,-1,1,1,-1,-1,-1,1,-1,-1,-1,1,-1,1,1,-1,0.008784810081124306
-1,1,-1,-1,1,1,-1,-1,-1,1,-1,-1,1,-1,1,-1,-1,1,0.010533059015870094
-1,1,-1,-1,1,1,-1,-1,-1,1,-1,1,1,1,-1,1,-1,1,0.008889459073543549
-1,1,-1,-1,1,1,-1,-1,-1,1,1,-1,-1,1,-1,1,-1,1,0.008999333716928959
-1,1,-1,-1,1,1,-1,-1,-1,1,1,-1,1,-1,-1,-1,-1,1,0.010306739248335361
-1,1,-1,-1,1,1,-1,-1,-1,1,1,-1,1,-1,-1,1,1,-1,0.009375435300171375
-1,1,-1,-1,1,1,-1,-1,-1,1,1,-1,1,-1,1,-1,1,-1,0.01025770977139473
-1,1,-1,-1,1,1,-1,-1,-1,1,1,1,-1,-1,-1,-1,1,-1,0.009123698808252811
-1,1,-1,-1,1,1,-1,-1,-1,1,1,1,-1,1,-1,1,1,-1,0.008213542401790619
-1,1,-1,-1,1,1,-1,-1,1,-1,-1,-1,-1,1,1,-1,-1,1,0.010756201110780239
-1,1,-1,-1,1,1,-1,-1,1,-1,-1,1,1,-1,-1,1,-1,1,0.009935597889125347
-1,1,-1,-1,1,1,-1,-1,1,-1,-1,1,1,1,1,-1,1,-1,0.01038285344839096
-1,1,-1,-1,1,1,-1,-1,1,-1,1,-1,-1,-1,1,-1,-1,-1,0.010649708099663258
-1,1,-1,-1,1,1,-1,-1,1,-1,1,-1,1,1,1,-1,-1,-1,0.01084596011787653
-1,1,-1,-1,1,1,-1,-1,1,-1,1,1,-1,1,1,1,-1,1,0.009512103162705898
-1,1,-1,-1,1,1,-1,-1,1,-1,1,1,1,-1,-1,1,1,1,0.009956799447536469
-1,1,-1,-1,1,1,-1,-1,1,1,-1,-1,-1,-1,-1,-1,1,-1,0.00974692776799202
-1,1,-1,-1,1,1,-1,-1,1,1,-1,-1,-1,-1,1,-1,-1,-1,0.009900477714836597
-1,1,-1,-1,1,1,-1,-1,1,1,-1,-1,-1,1,1,1,1,-1,0.009034338407218456
-1,1,-1,-1,1,1,-1,-1,1,1,-1,-1,1,-1,-1,-1,1,1,0.010434789583086967
-1,1,-1,-1,1,1,-1,-1,1,1,-1,-1,1,1,1,1,-1,-1,0.00941202137619257
-1,1,-1,-1,1,1,-1,-1,1,1,-1,1,-1,1,-1,-1,1,-1,0.008997478522360325
-1,1,-1,-1,1,1,-1,-1,1,1,-1,1,1,-1,-1,1,-1,1,0.009163551963865757
-1,1,-1,-1,1,1,-1,-1,1,1,1,-1,-1,-1,1,-1,-1,-1,0.00988360121846199
-1,1,-1,-1,1,1,-1,-1,1,1,1,-1,1,1,1,1,-1,1,0.009679819457232952
-1,1,-1,-1,1,1,-1,-1,1,1,1,1,-1,-1,-1,-1,-1,-1,0.009137582033872604
-1,1,-1,-1,1,1,-1,-1,1,1,1,1,-1,-1,1,-1,-1,1,0.009635018184781075
-1,1,-1,-1,1,1,-1,-1,1,1,1,1,-1,1,1,-1,-1,-1,0.009134151972830296
-1,1,-1,-1,1,1,-1,-1,1,1,1,1,1,1,-1,-1,1,-1,0.009381168521940708
-1,1,-1,-1,1,1,-1,1,-1,-1,-1,-1,-1,-1,-1,-1,-1,1,0.010753938928246498
-1,1,-1,-1,1,1,-1,1,-1,-1,-1,-1,1,-1,-1,1,-1,-1,0.01017586700618267
-1,1,-1,-1,1,1,-1,1,-1,-1,-1,-1,1,1,1,1,-1,-1,0.01017837505787611
-1,1,-1,-1,1,1,-1,1,-1,-1,-1,1,-1,1,1,-1,1,-1,0.009961399249732494
-1,1,-1,-1,1,1,-1,1,-1,-1,-1,1,1,-1,-1,1,1,-1,0.009683309122920036
-1,1,-1,-1,1,1,-1,1,-1,-1,1,-1,1,-1,1,-1,1,1,0.011391089297831059
-1,1,-1,-1,1,1,-1,1,-1,-1,1,1,-1,-1,-1,-1,1,-1,0.009951271116733551
-1,1,-1,-1,1,1,-1,1,-1,-1,1,1,-1,-1,1,-1,1,1,0.010445388965308666
-1,1,-1,-1,1,1,-1,1,-1,-1,1,1,-1,-1,1,1,1,1,0.009748106822371483
-1,1,-1,-1,1,1,-1,1,-1,-1,1,1,-1,1,1,1,-1,1,0.009506410919129848
-1,1,-1,-1,1,1,-1,1,-1,-1,1,1,1,-1,1,-1,1,-1,0.010557963512837887
-1,1,-1,-1,1,1,-1,1,-1,-1,1,1,1,1,-1,1,-1,1,0.009703472256660461
-1,1,-1,-1,1,1,-1,1,-1,-1,1,1,1,1,1,1,1,1,0.009956932626664639
-1,1,-1,-1,1,1,-1,1,-1,1,-1,-1,-1,-1,1,1,-1,-1,0.009191564284265041
-1,1,-1,-1,1,1,-1,1,-1,1,-1,-1,-1,1,-1,1,1,-1,0.008831079117953777
-1,1,-1,-1,1,1,-1,1,-1,1,-1,-1,-1,1,-1,1,1,1,0.009115753695368767
-1,1,-1,-1,1,1,-1,1,-1,1,-1,-1,-1,1,1,-1,-1,1,0.009975144639611244
-1,1,-1,-1,1,1,-1,1,-1,1,-1,1,-1,-1,1,1,-1,-1,0.008667564019560814
-1,1,-1,-1,1,1,-1,1,-1,1,-1,1,-1,1,-1,-1,-1,1,0.00924763921648264
-1,1,-1,-1,1,1,-1,1,-1,1,-1,1,-1,1,-1,-1,1,1,0.009285717271268368
-1,1,-1,-1,1,1,-1,1,-1,1,-1,1,1,-1,1,1,-1,-1,0.009074069559574127
-1,1,-1,-1,1,1,-1,1,-1,1,-1,1,1,1,1,1,-1,-1,0.008867133408784866
-1,1,-1,-1,1,1,-1,1,-1,1,1,-1,-1,-1,-1,1,-1,1,0.00926511362195015
-1,1,-1,-1,1,1,-1,1,-1,1,1,-1,1,1,-1,1,-1,-1,0.00917075201869011
-1,1,-1,-1,1,1,-1,1,-1,1,1,1,-1,-1,-1,-1,-1,-1,0.009125950746238232
-1,1,-1,-1,1,1,-1,1,-1,1,1,1,-1,1,-1,-1,1,1,0.009262901730835438
-1,1,-1,-1,1,1,-1,1,-1,1,1,1,1,-1,1,-1,1,-1,0.009789234958589077
-1,1,-1,-1,1,1,-1,1,-1,1,1,1,1,1,-1,-1,1,1,0.009669407270848751
-1,1,-1,-1,1,1,-1,1,1,-1,-1,-1,-1,-1,-1,-1,1,-1,0.010568561032414436
-1,1,-1,-1,1,1,-1,1,1,-1,-1,-1,-1,1,1,-1,1,-1,0.010565130971372128
-1,1,-1,-1,1,1,-1,1,1,-1,-1,1,-1,-1,1,1,1,-1,0.009550783783197403
-1,1,-1,-1,1,1,-1,1,1,-1,1,-1,-1,-1,-1,1,-1,1,0.010098378174006939
-1,1,-1,-1,1,1,-1,1,1,-1,1,-1,-1,1,-1,1,1,1,0.00993545912206173
-1,1,-1,-1,1,1,-1,1,1,-1,1,-1,-1,1,1,1,1,-1,0.009854289703071117
-1,1,-1,-1,1,1,-1,1,1,-1,1,-1,1,-1,-1,1,-1,1,0.010495626367628574
-1,1,-1,-1,1,1,-1,1,1,-1,1,-1,1,1,-1,1,1,1,0.010332707315683365
-1,1,-1,-1,1,1,-1,1,1,-1,1,-1,1,1,1,-1,1,-1,0.010954759083688259
-1,1,-1,-1,1,1,-1,1,1,-1,1,-1,1,1,1,-1,1,1,0.011245371773838997
-1,1,-1,-1,1,1,-1,1,1,-1,1,1,-1,-1,1,1,1,1,0.009818581864237785
-1,1,-1,-1,1,1,-1,1,1,1,-1,-1,-1,1,-1,-1,-1,-1,0.009551500901579857
-1,1,-1,-1,1,1,-1,1,1,1,-1,-1,1,1,1,1,-1,1,0.009748904034495354
-1,1,-1,-1,1,1,-1,1,1,1,-1,1,1,1,-1,1,-1,1,0.009021398611366749
-1,1,-1,-1,1,1,-1,1,1,1,1,-1,-1,-1,1,1,1,1,0.009573853574693203
-1,1,-1,-1,1,1,-1,1,1,1,1,-1,1,1,-1,1,-1,1,0.009522583335638046
-1,1,-1,-1,1,1,-1,1,1,1,1,1,1,1,1,1,1,1,0.009230909869074821
-1,1,-1,-1,1,1,1,-1,-1,-1,-1,-1,-1,1,-1,-1,-1,-1,0.010909922420978546
-1,1,-1,-1,1,1,1,-1,-1,-1,-1,-1,1,-1,1,-1,1,-1,0.011764946393668652
-1,1,-1,-1,1,1,1,-1,-1,-1,-1,-1,1,1,1,-1,-1,1,0.011804606765508652
-1,1,-1,-1,1,1,1,-1,-1,-1,-1,1,-1,-1,1,-1,-1,1,0.011071780696511269
-1,1,-1,-1,1,1,1,-1,-1,-1,-1,1,-1,1,-1,-1,1,-1,0.010414743795990944
-1,1,-1,-1,1,1,1,-1,-1,-1,-1,1,-1,1,-1,1,-1,1,0.009964057244360447
-1,1,-1,-1,1,1,1,-1,-1,-1,-1,1,1,-1,-1,-1,1,1,0.011318797245621681
-1,1,-1,-1,1,1,1,-1,-1,-1,1,-1,-1,1,1,1,1,-1,0.010434726253151894
-1,1,-1,-1,1,1,1,-1,-1,-1,1,1,1,1,-1,-1,-1,-1,0.010751098394393921
-1,1,-1,-1,1,1,1,-1,-1,1,-1,-1,-1,-1,-1,1,-1,-1,0.00964159145951271
-1,1,-1,-1,1,1,1,-1,-1,1,-1,1,-1,-1,1,1,1,-1,0.009365113452076912
-1,1,-1,-1,1,1,1,-1,-1,1,-1,1,-1,1,-1,-1,1,1,0.009933310560882092
-1,1,-1,-1,1,1,1,-1,-1,1,1,-1,-1,1,-1,-1,-1,1,0.010390478186309338
-1,1,-1,-1,1,1,1,-1,-1,1,1,-1,1,-1,1,-1,1,1,0.011266636662185192
-1,1,-1,-1,1,1,1,-1,-1,1,1,1,1,-1,-1,1,-1,-1,0.009495342150330544
-1,1,-1,-1,1,1,1,-1,1,-1,-1,-1,1,1,-1,1,-1,1,0.01096835546195507
-1,1,-1,-1,1,1,1,-1,1,-1,-1,1,1,-1,-1,1,1,1,0.010676794685423374
-1,1,-1,-1,1,1,1,-1,1,-1,-1,1,1,1,1,-1,-1,1,0.011332567781209946
-1,1,-1,-1,1,1,1,-1,1,-1,1,-1,-1,-1,-1,1,-1,1,0.010742653161287308
-1,1,-1,-1,1,1,1,-1,1,-1,1,-1,-1,1,-1,1,1,-1,0.010298377834260464
-1,1,-1,-1,1,1,1,-1,1,-1,1,-1,-1,1,1,1,-1,-1,0.01045786589384079
-1,1,-1,-1,1,1,1,-1,1,-1,1,-1,1,1,1,-1,-1,-1,0.011549078859388828
-1,1,-1,-1,1,1,1,-1,1,-1,1,-1,1,1,1,1,1,-1,0.010902449488639832
-1,1,-1,-1,1,1,1,-1,1,-1,1,1,-1,-1,-1,1,1,1,0.010253413580358028
-1,1,-1,-1,1,1,1,-1,1,-1,1,1,-1,1,1,1,1,-1,0.009962687268853188
-1,1,-1,-1,1,1,1,-1,1,-1,1,1,1,-1,-1,1,-1,-1,0.010328605771064758
-1,1,-1,-1,1,1,1,-1,1,-1,1,1,1,1,1,-1,-1,1,0.011315691284835339
-1,1,-1,-1,1,1,1,-1,1,1,-1,-1,1,-1,-1,1,1,-1,0.0101533317938447
-1,1,-1,-1,1,1,1,-1,1,1,-1,-1,1,1,1,1,-1,-1,0.01010920200496912
-1,1,-1,-1,1,1,1,-1,1,1,-1,1,-1,-1,-1,1,1,-1,0.009207630529999733
-1,1,-1,-1,1,1,1,-1,1,1,-1,1,-1,-1,1,-1,1,-1,0.010111038573086262
-1,1,-1,-1,1,1,1,-1,1,1,-1,1,-1,1,-1,1,1,1,0.009297247044742107
-1,1,-1,-1,1,1,1,-1,1,1,-1,1,-1,1,1,-1,1,1,0.010198033414781094
-1,1,-1,-1,1,1,1,-1,1,1,1,-1,1,-1,-1,1,-1,1,0.010377111844718456
-1,1,-1,-1,1,1,1,-1,1,1,1,-1,1,1,1,-1,-1,1,0.011076902039349079
-1,1,-1,-1,1,1,1,-1,1,1,1,1,-1,1,1,1,1,-1,0.009188982658088207
-1,1,-1,-1,1,1,1,-1,1,1,1,1,1,-1,-1,-1,1,-1,0.010285284370183945
-1,1,-1,-1,1,1,1,-1,1,1,1,1,1,-1,1,1,1,-1,0.009800764732062817
-1,1,-1,-1,1,1,1,1,-1,-1,-1,-1,-1,-1,-1,-1,-1,-1,0.011157188564538956
-1,1,-1,-1,1,1,1,1,-1,-1,-1,1,-1,-1,-1,1,-1,-1,0.009939223527908325
-1,1,-1,-1,1,1,1,1,-1,-1,-1,1,1,-1,1,-1,1,-1,0.011287215165793896
-1,1,-1,-1,1,1,1,1,-1,-1,-1,1,1,1,1,-1,1,1,0.011367574334144592
-1,1,-1,-1,1,1,1,1,-1,-1,1,1,1,-1,-1,1,-1,-1,0.010322913527488708
-1,1,-1,-1,1,1,1,1,-1,-1,1,1,1,-1,1,1,1,-1,0.01057637482881546
-1,1,-1,-1,1,1,1,1,-1,1,-1,-1,-1,-1,-1,-1,1,1,0.010719772428274155
-1,1,-1,-1,1,1,1,1,-1,1,-1,-1,-1,1,1,-1,1,1,0.010716341435909271
-1,1,-1,-1,1,1,1,1,-1,1,-1,1,-1,-1,-1,-1,1,1,0.010195772163569927
-1,1,-1,-1,1,1,1,1,-1,1,-1,1,-1,-1,1,1,-1,-1,0.00936142634600401
-1,1,-1,-1,1,1,1,1,-1,1,-1,1,-1,-1,1,1,1,-1,0.009411382488906384
-1,1,-1,-1,1,1,1,1,-1,1,-1,1,-1,-1,1,1,1,1,0.009705312550067902
-1,1,-1,-1,1,1,1,1,-1,1,1,-1,-1,-1,-1,1,1,-1,0.009721636772155762
-1,1,-1,-1,1,1,1,1,-1,1,1,-1,-1,1,1,1,-1,1,0.009961484000086784
-1,1,-1,-1,1,1,1,1,-1,1,1,-1,1,-1,-1,-1,1,-1,0.010812848806381226
-1,1,-1,-1,1,1,1,1,-1,1,1,-1,1,-1,-1,1,1,1,0.010424693115055561
-1,1,-1,-1,1,1,1,1,-1,1,1,-1,1,1,1,-1,-1,-1,0.010765401646494865
-1,1,-1,-1,1,1,1,1,-1,1,1,1,-1,1,-1,-1,-1,-1,0.009628072381019592
-1,1,-1,-1,1,1,1,1,-1,1,1,1,-1,1,-1,1,1,-1,0.008972186595201492
-1,1,-1,-1,1,1,1,1,-1,1,1,1,1,-1,-1,-1,-1,-1,0.010244831442832947
-1,1,-1,-1,1,1,1,1,-1,1,1,1,1,1,-1,1,-1,-1,0.009343932382762432
-1,1,-1,-1,1,1,1,1,1,-1,-1,-1,1,-1,1,-1,-1,1,0.012134225107729435
-1,1,-1,-1,1,1,1,1,1,-1,-1,-1,1,1,-1,-1,1,-1,0.01147718820720911
-1,1,-1,-1,1,1,1,1,1,-1,-1,1,1,1,1,-1,1,1,0.011428792960941792
-1,1,-1,-1,1,1,1,1,1,-1,1,-1,-1,-1,1,1,1,-1,0.010764344595372677
-1,1,-1,-1,1,1,1,1,1,1,-1,-1,-1,1,-1,-1,-1,-1,0.010245363228023052
-1,1,-1,-1,1,1,1,1,1,1,-1,-1,-1,1,1,1,-1,1,0.010048835538327694
-1,1,-1,-1,1,1,1,1,1,1,1,-1,-1,-1,-1,1,1,-1,0.009782854467630386
-1,1,-1,-1,1,1,1,1,1,1,1,-1,-1,1,-1,-1,1,-1,0.01026062574237585
-1,1,-1,-1,1,1,1,1,1,1,1,-1,1,-1,-1,-1,1,-1,0.010889261960983276
-1,1,-1,-1,1,1,1,1,1,1,1,-1,1,1,1,1,-1,1,0.0104232681915164
-1,1,-1,-1,1,1,1,1,1,1,1,1,-1,-1,1,1,-1,-1,0.009409085847437382
-1,1,-1,-1,1,1,1,1,1,1,1,1,-1,1,-1,-1,1,-1,0.00972736906260252
-1,1,-1,-1,1,1,1,1,1,1,1,1,1,1,1,1,-1,1,0.009905206970870495
-1,1,-1,1,-1,-1,-1,-1,-1,-1,-1,-1,-1,-1,-1,-1,1,1,0.010711152106523514
-1,1,-1,1,-1,-1,-1,-1,-1,-1,-1,-1,-1,1,1,-1,-1,1,0.01065776590257883
-1,1,-1,1,-1,-1,-1,-1,-1,-1,-1,-1,1,-1,-1,-1,-1,-1,0.010783027857542038
-1,1,-1,1,-1,-1,-1,-1,-1,-1,-1,1,1,-1,-1,-1,1,-1,0.010287849232554436
-1,1,-1,1,-1,-1,-1,-1,-1,-1,-1,1,1,1,-1,-1,-1,-1,0.010042835026979446
-1,1,-1,1,-1,-1,-1,-1,-1,-1,1,-1,-1,1,-1,1,1,1,0.009781498461961746
-1,1,-1,1,-1,-1,-1,-1,-1,-1,1,-1,-1,1,1,1,1,1,0.009990942664444447
-1,1,-1,1,-1,-1,-1,-1,-1,-1,1,-1,1,1,-1,1,1,1,0.010178747586905956
-1,1,-1,1,-1,-1,-1,-1,-1,-1,1,-1,1,1,1,1,1,-1,0.010091639123857021
-1,1,-1,1,-1,-1,-1,-1,-1,-1,1,1,-1,1,-1,1,-1,1,0.009210163727402687
-1,1,-1,1,-1,-1,-1,-1,-1,-1,1,1,1,-1,-1,1,-1,-1,0.009527052752673626
-1,1,-1,1,-1,-1,-1,-1,-1,-1,1,1,1,1,-1,-1,-1,-1,0.010010763071477413
-1,1,-1,1,-1,-1,-1,-1,-1,1,-1,-1,-1,-1,-1,-1,-1,-1,0.009595219977200031
-1,1,-1,1,-1,-1,-1,-1,-1,1,-1,-1,-1,-1,-1,-1,1,-1,0.009642554447054863
-1,1,-1,1,-1,-1,-1,-1,-1,1,-1,-1,-1,1,-1,-1,1,1,0.00972291361540556
-1,1,-1,1,-1,-1,-1,-1,-1,1,-1,1,1,-1,-1,1,1,-1,0.008821839466691017
-1,1,-1,1,-1,-1,-1,-1,-1,1,1,-1,-1,-1,-1,-1,1,1,0.009916290640830994
-1,1,-1,1,-1,-1,-1,-1,-1,1,1,-1,1,-1,1,-1,1,-1,0.010226431302726269
-1,1,-1,1,-1,-1,-1,-1,-1,1,1,-1,1,-1,1,1,-1,-1,0.00948251225054264
-1,1,-1,1,-1,-1,-1,-1,-1,1,1,-1,1,1,-1,-1,-1,-1,0.009775292128324509
-1,1,-1,1,-1,-1,-1,-1,-1,1,1,1,-1,1,-1,-1,1,-1,0.008879547007381916
-1,1,-1,1,-1,-1,-1,-1,1,-1,-1,-1,-1,1,-1,-1,-1,-1,0.010215609334409237
-1,1,-1,1,-1,-1,-1,-1,1,-1,-1,-1,1,-1,1,1,1,-1,0.010397803969681263
-1,1,-1,1,-1,-1,-1,-1,1,-1,-1,1,-1,1,-1,-1,1,-1,0.009726369753479958
-1,1,-1,1,-1,-1,-1,-1,1,-1,1,-1,1,1,-1,-1,1,1,0.010949124582111835
-1,1,-1,1,-1,-1,-1,-1,1,-1,1,1,1,-1,-1,1,1,-1,0.009638226591050625
-1,1,-1,1,-1,-1,-1,-1,1,1,-1,-1,-1,1,-1,-1,1,1,0.009778193198144436
-1,1,-1,1,-1,-1,-1,-1,1,1,-1,-1,1,1,1,-1,1,1,0.010403399355709553
-1,1,-1,1,-1,-1,-1,-1,1,1,-1,1,-1,1,-1,1,-1,1,0.008522151038050652
-1,1,-1,1,-1,-1,-1,-1,1,1,1,-1,-1,1,1,1,-1,-1,0.008936228230595589
-1,1,-1,1,-1,-1,-1,-1,1,1,1,-1,1,1,-1,1,-1,-1,0.009133289568126202
-1,1,-1,1,-1,-1,-1,-1,1,1,1,1,-1,-1,-1,1,-1,1,0.008697014302015305
-1,1,-1,1,-1,-1,-1,-1,1,1,1,1,-1,-1,1,-1,1,-1,0.009341949597001076
-1,1,-1,1,-1,-1,-1,-1,1,1,1,1,1,-1,-1,-1,1,-1,0.00955088809132576
-1,1,-1,1,-1,-1,-1,-1,1,1,1,1,1,1,-1,1,-1,1,0.008899901993572712
-1,1,-1,1,-1,-1,-1,1,-1,-1,-1,-1,-1,1,-1,-1,1,1,0.010544546879827976
-1,1,-1,1,-1,-1,-1,1,-1,-1,-1,-1,-1,1,1,-1,1,1,0.01076324749737978
-1,1,-1,1,-1,-1,-1,1,-1,-1,-1,-1,1,-1,-1,-1,1,1,0.011157987639307976
-1,1,-1,1,-1,-1,-1,1,-1,-1,-1,-1,1,-1,-1,1,1,-1,0.010188606567680836
-1,1,-1,1,-1,-1,-1,1,-1,-1,1,-1,-1,1,-1,1,1,-1,0.00953715480864048
-1,1,-1,1,-1,-1,-1,1,-1,-1,1,1,-1,-1,-1,-1,1,-1,0.009910736232995987
-1,1,-1,1,-1,-1,-1,1,-1,-1,1,1,-1,-1,1,1,-1,1,0.009670191444456577
-1,1,-1,1,-1,-1,-1,1,-1,-1,1,1,-1,1,-1,1,1,1,0.00930044986307621
-1,1,-1,1,-1,-1,-1,1,-1,1,-1,-1,-1,-1,1,1,-1,1,0.009460155852138996
-1,1,-1,1,-1,-1,-1,1,-1,1,-1,-1,-1,-1,1,1,1,-1,0.00921356026083231
-1,1,-1,1,-1,-1,-1,1,-1,1,-1,1,-1,1,-1,1,-1,1,0.008516458794474602
-1,1,-1,1,-1,-1,-1,1,-1,1,1,-1,-1,1,-1,-1,1,-1,0.009459072723984718
-1,1,-1,1,-1,-1,-1,1,-1,1,1,-1,-1,1,-1,-1,1,1,0.00975894182920456
-1,1,-1,1,-1,-1,-1,1,-1,1,1,-1,1,1,-1,-1,1,-1,0.00987151637673378
-1,1,-1,1,-1,-1,-1,1,1,-1,-1,1,-1,1,-1,-1,-1,-1,0.009737878106534481
-1,1,-1,1,-1,-1,-1,1,1,-1,-1,1,-1,1,1,1,-1,1,0.00954397115856409
-1,1,-1,1,-1,-1,-1,1,1,-1,-1,1,1,1,-1,-1,-1,-1,0.010144383646547794
-1,1,-1,1,-1,-1,-1,1,1,-1,1,1,-1,-1,-1,-1,-1,1,0.010227806866168976
-1,1,-1,1,-1,-1,-1,1,1,-1,1,1,-1,-1,1,-1,1,-1,0.01016952097415924
-1,1,-1,1,-1,-1,-1,1,1,-1,1,1,-1,1,-1,1,1,1,0.009361667558550835
-1,1,-1,1,-1,-1,-1,1,1,-1,1,1,1,-1,-1,-1,-1,1,0.010619116947054863
-1,1,-1,1,-1,-1,-1,1,1,1,-1,-1,-1,-1,-1,-1,1,-1,0.009750042110681534
-1,1,-1,1,-1,-1,-1,1,1,1,-1,-1,-1,1,1,-1,-1,-1,0.009708533063530922
-1,1,-1,1,-1,-1,-1,1,1,1,-1,-1,1,-1,-1,1,-1,-1,0.009424504823982716
-1,1,-1,1,-1,-1,-1,1,1,1,-1,1,-1,-1,1,-1,-1,-1,0.009382211603224277
-1,1,-1,1,-1,-1,-1,1,1,1,-1,1,-1,1,-1,-1,-1,1,0.009265702217817307
-1,1,-1,1,-1,-1,-1,1,1,1,-1,1,1,-1,-1,1,1,-1,0.00894452165812254
-1,1,-1,1,-1,-1,-1,1,1,1,1,-1,1,-1,1,-1,1,-1,0.010346493683755398
-1,1,-1,1,-1,-1,-1,1,1,1,1,1,-1,-1,-1,-1,1,1,0.009493838995695114
-1,1,-1,1,-1,-1,-1,1,1,1,1,1,-1,1,-1,1,-1,1,0.00853966549038887
-1,1,-1,1,-1,-1,-1,1,1,1,1,1,-1,1,1,-1,-1,1,0.009452330879867077
-1,1,-1,1,-1,-1,-1,1,1,1,1,1,1,1,1,1,1,-1,0.0089106778614223
-1,1,-1,1,-1,-1,1,-1,-1,-1,-1,-1,-1,1,1,-1,-1,1,0.011351628229022026
-1,1,-1,1,-1,-1,1,-1,-1,-1,-1,-1,1,-1,1,-1,1,-1,0.01173366792500019
-1,1,-1,1,-1,-1,1,-1,-1,-1,1,-1,-1,1,-1,-1,-1,1,0.011125307530164719
-1,1,-1,1,-1,-1,1,-1,-1,-1,1,-1,-1,1,1,1,1,1,0.010678865946829319
-1,1,-1,1,-1,-1,1,-1,-1,-1,1,-1,1,1,1,1,1,1,0.011100566945970058
-1,1,-1,1,-1,-1,1,-1,-1,-1,1,1,1,-1,-1,-1,1,1,0.011258765123784542
-1,1,-1,1,-1,-1,1,-1,-1,1,-1,-1,-1,-1,-1,-1,-1,-1,0.010307595133781433
-1,1,-1,1,-1,-1,1,-1,-1,1,-1,-1,-1,-1,-1,-1,-1,1,0.010598208755254745
-1,1,-1,1,-1,-1,1,-1,-1,1,-1,-1,1,1,-1,-1,-1,1,0.010782582685351372
-1,1,-1,1,-1,-1,1,-1,-1,1,-1,-1,1,1,1,1,-1,-1,0.010016705840826035
-1,1,-1,1,-1,-1,1,-1,-1,1,-1,1,-1,-1,-1,-1,1,1,0.010093772783875465
-1,1,-1,1,-1,-1,1,-1,-1,1,-1,1,1,1,-1,-1,1,-1,0.010008668527007103
-1,1,-1,1,-1,-1,1,-1,-1,1,-1,1,1,1,1,-1,-1,-1,0.010177413001656532
-1,1,-1,1,-1,-1,1,-1,-1,1,1,-1,-1,-1,-1,1,1,-1,0.009634832851588726
-1,1,-1,1,-1,-1,1,-1,-1,1,1,-1,1,1,1,-1,-1,-1,0.01067859772592783
-1,1,-1,1,-1,-1,1,-1,-1,1,1,1,-1,-1,1,-1,-1,1,0.010236384347081184
-1,1,-1,1,-1,-1,1,-1,1,-1,-1,-1,-1,-1,1,-1,1,-1,0.011379125528037548
-1,1,-1,1,-1,-1,1,-1,1,-1,-1,-1,-1,1,1,1,-1,1,0.010718882083892822
-1,1,-1,1,-1,-1,1,-1,1,-1,-1,-1,1,-1,1,1,1,-1,0.011091666296124458
-1,1,-1,1,-1,-1,1,-1,1,-1,-1,-1,1,1,1,1,1,1,0.011169404722750187
-1,1,-1,1,-1,-1,1,-1,1,-1,-1,1,-1,1,-1,-1,-1,-1,0.010385471396148205
-1,1,-1,1,-1,-1,1,-1,1,-1,-1,1,-1,1,-1,1,-1,-1,0.00970076397061348
-1,1,-1,1,-1,-1,1,-1,1,-1,-1,1,1,1,1,1,-1,-1,0.010316712781786919
-1,1,-1,1,-1,-1,1,-1,1,-1,1,-1,-1,-1,1,1,-1,1,0.01091819815337658
-1,1,-1,1,-1,-1,1,-1,1,-1,1,-1,1,-1,1,1,1,-1,0.01106291264295578
-1,1,-1,1,-1,-1,1,-1,1,-1,1,-1,1,1,-1,-1,1,-1,0.011361630633473396
-1,1,-1,1,-1,-1,1,-1,1,-1,1,-1,1,1,-1,1,1,1,0.010949023067951202
-1,1,-1,1,-1,-1,1,-1,1,-1,1,1,-1,1,-1,1,-1,-1,0.009683887474238873
-1,1,-1,1,-1,-1,1,-1,1,1,-1,-1,-1,-1,-1,1,1,-1,0.009712927974760532
-1,1,-1,1,-1,-1,1,-1,1,1,-1,-1,-1,-1,1,1,1,1,0.010207045823335648
-1,1,-1,1,-1,-1,1,-1,1,1,-1,-1,-1,1,-1,1,-1,-1,0.00945865735411644
-1,1,-1,1,-1,-1,1,-1,1,1,-1,-1,-1,1,1,1,1,-1,0.009700240567326546
-1,1,-1,1,-1,-1,1,-1,1,1,-1,1,-1,-1,-1,1,1,-1,0.009170413948595524
-1,1,-1,1,-1,-1,1,-1,1,1,-1,1,-1,-1,-1,1,1,1,0.009476222097873688
-1,1,-1,1,-1,-1,1,-1,1,1,-1,1,-1,1,1,-1,-1,1,0.010116800665855408
-1,1,-1,1,-1,-1,1,-1,1,1,1,-1,1,-1,-1,1,-1,1,0.01034915167838335
-1,1,-1,1,-1,-1,1,-1,1,1,1,-1,1,1,-1,-1,1,1,0.010874258354306221
-1,1,-1,1,-1,-1,1,-1,1,1,1,1,1,-1,-1,-1,1,1,0.0105538759380579
-1,1,-1,1,-1,-1,1,-1,1,1,1,1,1,-1,-1,1,-1,-1,0.009519343264400959
-1,1,-1,1,-1,-1,1,-1,1,1,1,1,1,-1,1,1,-1,1,0.010019400157034397
-1,1,-1,1,-1,-1,1,-1,1,1,1,1,1,1,-1,-1,-1,1,0.010302923619747162
-1,1,-1,1,-1,-1,1,1,-1,-1,-1,-1,-1,-1,1,-1,1,-1,0.011376750655472279
-1,1,-1,1,-1,-1,1,1,-1,-1,-1,-1,-1,-1,1,1,-1,1,0.010929382406175137
-1,1,-1,1,-1,-1,1,1,-1,-1,-1,-1,-1,1,-1,-1,-1,1,0.01121884398162365
-1,1,-1,1,-1,-1,1,1,-1,-1,-1,-1,1,-1,1,-1,-1,1,0.012020595371723175
-1,1,-1,1,-1,-1,1,1,-1,-1,-1,-1,1,1,-1,1,-1,1,0.010922128334641457
-1,1,-1,1,-1,-1,1,1,-1,-1,-1,-1,1,1,1,-1,-1,1,0.01182885468006134
-1,1,-1,1,-1,-1,1,1,-1,-1,-1,1,-1,-1,-1,-1,1,1,0.010930601507425308
-1,1,-1,1,-1,-1,1,1,-1,-1,-1,1,-1,-1,1,-1,1,-1,0.01084943301975727
-1,1,-1,1,-1,-1,1,1,-1,-1,-1,1,-1,1,-1,-1,-1,1,0.010676330886781216
-1,1,-1,1,-1,-1,1,1,-1,-1,1,-1,-1,1,-1,1,-1,1,0.010486869141459465
-1,1,-1,1,-1,-1,1,1,-1,-1,1,1,-1,1,1,-1,1,1,0.010895098559558392
-1,1,-1,1,-1,-1,1,1,-1,-1,1,1,1,-1,-1,1,-1,1,0.01058224868029356
-1,1,-1,1,-1,-1,1,1,-1,1,-1,-1,1,-1,1,-1,-1,-1,0.010963874869048595
-1,1,-1,1,-1,-1,1,1,-1,1,-1,1,1,-1,-1,1,-1,1,0.009827079251408577
-1,1,-1,1,-1,-1,1,1,-1,1,-1,1,1,-1,1,1,-1,1,0.010021327994763851
-1,1,-1,1,-1,-1,1,1,-1,1,1,-1,-1,-1,-1,-1,-1,1,0.01063091866672039
-1,1,-1,1,-1,-1,1,1,-1,1,1,-1,-1,1,-1,-1,-1,1,0.010414726100862026
-1,1,-1,1,-1,-1,1,1,-1,1,1,1,-1,-1,1,-1,-1,-1,0.009995358064770699
-1,1,-1,1,-1,-1,1,1,-1,1,1,1,1,-1,1,-1,-1,-1,0.010407802648842335
-1,1,-1,1,-1,-1,1,1,-1,1,1,1,1,-1,1,1,1,-1,0.009761173278093338
-1,1,-1,1,-1,-1,1,1,-1,1,1,1,1,1,1,1,1,-1,0.009550919756293297
-1,1,-1,1,-1,-1,1,1,1,-1,-1,-1,-1,-1,-1,1,-1,-1,0.010493164882063866
-1,1,-1,1,-1,-1,1,1,1,-1,-1,1,-1,1,-1,-1,-1,1,0.010740866884589195
-1,1,-1,1,-1,-1,1,1,1,-1,-1,1,-1,1,1,-1,1,-1,0.010694458149373531
-1,1,-1,1,-1,-1,1,1,1,-1,-1,1,-1,1,1,-1,1,1,0.010985070839524269
-1,1,-1,1,-1,-1,1,1,1,-1,-1,1,1,-1,1,1,-1,-1,0.010579174384474754
-1,1,-1,1,-1,-1,1,1,1,-1,-1,1,1,1,-1,1,1,1,0.010497424751520157
-1,1,-1,1,-1,-1,1,1,1,-1,-1,1,1,1,1,1,1,1,0.010700929909944534
-1,1,-1,1,-1,-1,1,1,1,-1,1,-1,1,-1,1,1,-1,-1,0.01108961645513773
-1,1,-1,1,-1,-1,1,1,1,-1,1,1,-1,-1,1,1,-1,-1,0.010149854235351086
-1,1,-1,1,-1,-1,1,1,1,-1,1,1,-1,-1,1,1,1,-1,0.010184614919126034
-1,1,-1,1,-1,-1,1,1,1,1,-1,-1,-1,1,-1,1,-1,1,0.009804795496165752
-1,1,-1,1,-1,-1,1,1,1,1,-1,-1,1,-1,-1,-1,-1,1,0.011121457442641258
-1,1,-1,1,-1,-1,1,1,1,1,-1,1,-1,-1,1,-1,1,-1,0.010138604789972305
-1,1,-1,1,-1,-1,1,1,1,1,-1,1,-1,1,1,1,-1,1,0.0094750439748168
-1,1,-1,1,-1,-1,1,1,1,1,1,-1,-1,1,-1,-1,-1,-1,0.010194588452577591
-1,1,-1,1,-1,-1,1,1,1,1,1,-1,1,1,1,-1,-1,-1,0.010795341804623604
-1,1,-1,1,-1,-1,1,1,1,1,1,1,-1,-1,1,-1,1,-1,0.01010059379041195
-1,1,-1,1,-1,-1,1,1,1,1,1,1,1,-1,-1,-1,-1,-1,0.010265515185892582
-1,1,-1,1,-1,1,-1,-1,-1,-1,-1,-1,-1,-1,-1,1,-1,-1,0.009844631887972355
-1,1,-1,1,-1,1,-1,-1,-1,-1,-1,-1,-1,1,1,-1,1,-1,0.010579181835055351
-1,1,-1,1,-1,1,-1,-1,-1,-1,-1,-1,1,-1,1,-1,-1,-1,0.0111486054956913
-1,1,-1,1,-1,1,-1,-1,-1,-1,-1,1,-1,-1,-1,1,-1,-1,0.009311375208199024
-1,1,-1,1,-1,1,-1,-1,-1,-1,-1,1,-1,1,1,1,-1,1,0.009583361446857452
-1,1,-1,1,-1,1,-1,-1,-1,-1,-1,1,1,-1,-1,1,1,1,0.010043253190815449
-1,1,-1,1,-1,1,-1,-1,-1,-1,-1,1,1,1,1,-1,-1,-1,0.01040247455239296
-1,1,-1,1,-1,1,-1,-1,-1,-1,-1,1,1,1,1,1,1,1,0.010033884085714817
-1,1,-1,1,-1,1,-1,-1,-1,-1,1,-1,-1,-1,-1,-1,1,1,0.010844471864402294
-1,1,-1,1,-1,1,-1,-1,-1,-1,1,-1,1,-1,1,-1,-1,-1,0.011119851842522621
-1,1,-1,1,-1,1,-1,-1,-1,-1,1,-1,1,-1,1,-1,1,-1,0.011162210255861282
-1,1,-1,1,-1,1,-1,-1,-1,-1,1,1,1,-1,1,-1,1,-1,0.010627293959259987
-1,1,-1,1,-1,1,-1,-1,-1,-1,1,1,1,-1,1,1,-1,1,0.010173987597227097
-1,1,-1,1,-1,1,-1,-1,-1,1,-1,-1,1,-1,1,-1,-1,1,0.010667173191905022
-1,1,-1,1,-1,1,-1,-1,-1,1,-1,1,-1,1,-1,1,1,1,0.008657766506075859
-1,1,-1,1,-1,1,-1,-1,-1,1,-1,1,-1,1,1,-1,-1,-1,0.009223923087120056
-1,1,-1,1,-1,1,-1,-1,-1,1,-1,1,1,-1,1,-1,-1,-1,0.009843302890658379
-1,1,-1,1,-1,1,-1,-1,-1,1,1,-1,-1,-1,-1,1,1,-1,0.00907859206199646
-1,1,-1,1,-1,1,-1,-1,-1,1,1,-1,-1,-1,1,1,1,1,0.009587905369699001
-1,1,-1,1,-1,1,-1,-1,-1,1,1,-1,-1,1,-1,1,1,1,0.009177464060485363
-1,1,-1,1,-1,1,-1,-1,-1,1,1,-1,1,-1,-1,-1,1,1,0.010484869591891766
-1,1,-1,1,-1,1,-1,-1,-1,1,1,1,-1,-1,-1,-1,1,1,0.009539168328046799
-1,1,-1,1,-1,1,-1,-1,-1,1,1,1,-1,-1,1,1,1,-1,0.00875809695571661
-1,1,-1,1,-1,1,-1,-1,-1,1,1,1,-1,1,-1,1,-1,1,0.008584994822740555
-1,1,-1,1,-1,1,-1,-1,-1,1,1,1,1,1,-1,-1,-1,1,0.00969140324741602
-1,1,-1,1,-1,1,-1,-1,-1,1,1,1,1,1,-1,-1,1,-1,0.009454064071178436
-1,1,-1,1,-1,1,-1,-1,-1,1,1,1,1,1,-1,1,-1,-1,0.008716083131730556
-1,1,-1,1,-1,1,-1,-1,1,-1,-1,-1,1,-1,-1,-1,-1,-1,0.010991123504936695
-1,1,-1,1,-1,1,-1,-1,1,-1,-1,-1,1,-1,1,1,1,1,0.010844551026821136
-1,1,-1,1,-1,1,-1,-1,1,-1,-1,1,-1,1,-1,1,1,-1,0.00920967385172844
-1,1,-1,1,-1,1,-1,-1,1,-1,-1,1,1,1,1,-1,1,-1,0.010513648390769958
-1,1,-1,1,-1,1,-1,-1,1,-1,1,-1,-1,-1,-1,-1,1,-1,0.010615076869726181
-1,1,-1,1,-1,1,-1,-1,1,-1,1,-1,-1,-1,-1,1,1,-1,0.009911855682730675
-1,1,-1,1,-1,1,-1,-1,1,-1,1,-1,-1,1,1,-1,-1,-1,0.010564311407506466
-1,1,-1,1,-1,1,-1,-1,1,-1,1,-1,1,-1,1,-1,1,-1,0.011215830221772194
-1,1,-1,1,-1,1,-1,-1,1,-1,1,-1,1,-1,1,1,1,1,0.010821735486388206
-1,1,-1,1,-1,1,-1,-1,1,-1,1,1,-1,1,-1,-1,1,1,0.010165496729314327
-1,1,-1,1,-1,1,-1,-1,1,-1,1,1,-1,1,1,1,1,1,0.009671719744801521
-1,1,-1,1,-1,1,-1,-1,1,-1,1,1,1,-1,1,-1,-1,-1,0.010638556443154812
-1,1,-1,1,-1,1,-1,-1,1,1,-1,-1,-1,1,-1,-1,-1,1,0.00991144496947527
-1,1,-1,1,-1,1,-1,-1,1,1,-1,-1,-1,1,-1,1,-1,1,0.009202285669744015
-1,1,-1,1,-1,1,-1,-1,1,1,-1,-1,1,1,1,1,1,1,0.009862251579761505
-1,1,-1,1,-1,1,-1,-1,1,1,-1,1,-1,-1,1,-1,1,-1,0.00952683761715889
-1,1,-1,1,-1,1,-1,-1,1,1,-1,1,1,-1,-1,-1,-1,1,0.009985690005123615
-1,1,-1,1,-1,1,-1,-1,1,1,1,-1,-1,1,1,-1,1,-1,0.009836282581090927
-1,1,-1,1,-1,1,-1,-1,1,1,1,-1,1,-1,-1,-1,-1,-1,0.010211457498371601
-1,1,-1,1,-1,1,-1,-1,1,1,1,-1,1,-1,1,1,-1,-1,0.009715059772133827
-1,1,-1,1,-1,1,-1,-1,1,1,1,-1,1,1,1,-1,1,-1,0.010252043604850769
-1,1,-1,1,-1,1,-1,1,-1,-1,-1,-1,1,1,1,1,-1,-1,0.010293975472450256
-1,1,-1,1,-1,1,-1,1,-1,-1,-1,1,1,-1,1,1,-1,-1,0.009961714968085289
-1,1,-1,1,-1,1,-1,1,-1,-1,-1,1,1,1,-1,-1,-1,-1,0.010251177474856377
-1,1,-1,1,-1,1,-1,1,-1,-1,1,-1,-1,-1,-1,1,-1,-1,0.009871403686702251
-1,1,-1,1,-1,1,-1,1,-1,-1,1,-1,1,1,1,-1,-1,1,0.011259054765105247
-1,1,-1,1,-1,1,-1,1,-1,1,-1,-1,-1,-1,1,1,-1,-1,0.00931642111390829
-1,1,-1,1,-1,1,-1,1,-1,1,-1,-1,-1,1,1,1,-1,1,0.009409354999661446
-1,1,-1,1,-1,1,-1,1,-1,1,-1,-1,1,-1,-1,1,1,1,0.009854051284492016
-1,1,-1,1,-1,1,-1,1,-1,1,1,-1,-1,1,1,-1,-1,1,0.01007124688476324
-1,1,-1,1,-1,1,-1,1,-1,1,1,-1,-1,1,1,1,1,1,0.009427238255739212
-1,1,-1,1,-1,1,-1,1,-1,1,1,-1,1,-1,-1,-1,1,-1,0.010249782353639603
-1,1,-1,1,-1,1,-1,1,-1,1,1,-1,1,1,1,-1,-1,-1,0.010193077847361565
-1,1,-1,1,-1,1,-1,1,-1,1,1,1,-1,-1,-1,-1,1,-1,0.009310020133852959
-1,1,-1,1,-1,1,-1,1,-1,1,1,1,-1,-1,-1,1,-1,1,0.00884745642542839
-1,1,-1,1,-1,1,-1,1,-1,1,1,1,-1,-1,1,-1,-1,-1,0.009460251778364182
-1,1,-1,1,-1,1,-1,1,-1,1,1,1,-1,1,-1,1,1,1,0.008699732832610607
-1,1,-1,1,-1,1,-1,1,-1,1,1,1,1,1,1,1,1,-1,0.00901913084089756
-1,1,-1,1,-1,1,-1,1,1,-1,-1,-1,-1,1,-1,-1,1,1,0.010783033445477486
-1,1,-1,1,-1,1,-1,1,1,-1,-1,-1,1,-1,-1,-1,-1,-1,0.011055906303226948
-1,1,-1,1,-1,1,-1,1,1,-1,-1,1,-1,1,1,1,-1,-1,0.009415430948138237
-1,1,-1,1,-1,1,-1,1,1,-1,-1,1,1,-1,-1,-1,1,-1,0.010572604835033417
-1,1,-1,1,-1,1,-1,1,1,-1,-1,1,1,1,-1,1,1,1,0.009959348477423191
-1,1,-1,1,-1,1,-1,1,1,-1,1,-1,-1,1,1,-1,-1,1,0.010913767851889133
-1,1,-1,1,-1,1,-1,1,1,-1,1,-1,1,1,1,1,-1,-1,0.010335695929825306
-1,1,-1,1,-1,1,-1,1,1,-1,1,1,-1,-1,1,-1,-1,-1,0.010293515399098396
-1,1,-1,1,-1,1,-1,1,1,1,-1,-1,-1,1,-1,-1,-1,1,0.009966970421373844
-1,1,-1,1,-1,1,-1,1,1,1,-1,-1,1,-1,1,1,1,-1,0.009843356907367706
-1,1,-1,1,-1,1,-1,1,1,1,-1,1,-1,1,1,-1,-1,1,0.009627962484955788
-1,1,-1,1,-1,1,-1,1,1,1,-1,1,1,-1,-1,-1,1,1,0.010081915184855461
-1,1,-1,1,-1,1,-1,1,1,1,-1,1,1,1,-1,-1,-1,1,0.0098250238224864
-1,1,-1,1,-1,1,-1,1,1,1,-1,1,1,1,1,1,-1,-1,0.00905320793390274
-1,1,-1,1,-1,1,-1,1,1,1,1,-1,1,1,1,1,-1,1,0.009854262694716454
-1,1,-1,1,-1,1,-1,1,1,1,1,1,1,-1,-1,1,1,-1,0.009074523113667965
-1,1,-1,1,-1,1,1,-1,-1,-1,-1,-1,-1,-1,1,1,-1,1,0.011026673018932343
-1,1,-1,1,-1,1,1,-1,-1,-1,-1,-1,1,1,1,-1,-1,1,0.01193540170788765
-1,1,-1,1,-1,1,1,-1,-1,-1,-1,-1,1,1,1,-1,1,1,0.011979419738054276
-1,1,-1,1,-1,1,1,-1,-1,-1,-1,1,-1,-1,-1,-1,-1,1,0.010983875021338463
-1,1,-1,1,-1,1,1,-1,-1,-1,-1,1,1,1,-1,1,-1,1,0.01049873698502779
-1,1,-1,1,-1,1,1,-1,-1,-1,1,1,1,-1,1,-1,1,1,0.011624343693256378
-1,1,-1,1,-1,1,1,-1,-1,-1,1,1,1,-1,1,1,-1,1,0.010892301797866821
-1,1,-1,1,-1,1,1,-1,-1,-1,1,1,1,1,-1,1,-1,-1,0.010185308754444122
-1,1,-1,1,-1,1,1,-1,-1,1,-1,-1,-1,1,-1,-1,-1,1,0.01054740697145462
-1,1,-1,1,-1,1,1,-1,-1,1,-1,-1,1,-1,1,1,-1,-1,0.01038571447134018
-1,1,-1,1,-1,1,1,-1,-1,1,-1,1,1,-1,-1,-1,1,-1,0.010386933572590351
-1,1,-1,1,-1,1,1,-1,-1,1,-1,1,1,-1,-1,1,-1,-1,0.009639696218073368
-1,1,-1,1,-1,1,1,-1,-1,1,1,-1,-1,-1,1,1,-1,-1,0.009947137907147408
-1,1,-1,1,-1,1,1,-1,-1,1,1,-1,-1,1,-1,-1,-1,-1,0.010230660438537598
-1,1,-1,1,-1,1,1,-1,-1,1,1,-1,1,-1,-1,-1,-1,-1,0.0108533576130867
-1,1,-1,1,-1,1,1,-1,-1,1,1,-1,1,-1,-1,1,1,1,0.010494023561477661
-1,1,-1,1,-1,1,1,-1,-1,1,1,-1,1,-1,1,-1,1,1,0.011382237076759338
-1,1,-1,1,-1,1,1,-1,-1,1,1,1,1,-1,-1,1,-1,-1,0.009616880677640438
-1,1,-1,1,-1,1,1,-1,1,-1,-1,-1,-1,1,-1,1,-1,-1,0.010396094061434269
-1,1,-1,1,-1,1,1,-1,1,-1,-1,1,-1,-1,-1,-1,-1,-1,0.010769675485789776
-1,1,-1,1,-1,1,1,-1,1,-1,-1,1,-1,-1,-1,-1,1,1,0.01110430620610714
-1,1,-1,1,-1,1,1,-1,1,-1,1,-1,-1,-1,-1,1,1,-1,0.010630170814692974
-1,1,-1,1,-1,1,1,-1,1,-1,1,-1,1,-1,1,1,1,-1,0.011224985122680664
-1,1,-1,1,-1,1,1,-1,1,-1,1,-1,1,1,-1,-1,-1,-1,0.011464491486549377
-1,1,-1,1,-1,1,1,-1,1,-1,1,1,-1,-1,-1,1,-1,-1,0.010037700645625591
-1,1,-1,1,-1,1,1,-1,1,1,-1,-1,-1,-1,1,-1,1,-1,0.010763213038444519
-1,1,-1,1,-1,1,1,-1,1,1,-1,1,-1,-1,-1,-1,1,-1,0.010041646659374237
-1,1,-1,1,-1,1,1,-1,1,1,-1,1,1,1,-1,1,1,1,0.009828608483076096
-1,1,-1,1,-1,1,1,-1,1,1,-1,1,1,1,1,-1,1,1,0.010735333897173405
-1,1,-1,1,-1,1,1,-1,1,1,-1,1,1,1,1,1,-1,-1,0.009697483852505684
-1,1,-1,1,-1,1,1,-1,1,1,1,-1,-1,1,-1,-1,1,1,0.01063576526939869
-1,1,-1,1,-1,1,1,-1,1,1,1,-1,1,-1,-1,1,-1,1,0.010511225089430809
-1,1,-1,1,-1,1,1,-1,1,1,1,-1,1,1,1,-1,-1,1,0.011201758868992329
-1,1,-1,1,-1,1,1,-1,1,1,1,1,-1,-1,-1,-1,-1,1,0.010250232182443142
-1,1,-1,1,-1,1,1,1,-1,-1,-1,-1,-1,-1,1,-1,1,1,0.011829436756670475
-1,1,-1,1,-1,1,1,1,-1,-1,-1,-1,-1,1,-1,1,-1,-1,0.010381145402789116
-1,1,-1,1,-1,1,1,1,-1,-1,-1,1,-1,-1,-1,-1,1,-1,0.010808000341057777
-1,1,-1,1,-1,1,1,1,-1,-1,1,-1,-1,1,-1,-1,1,1,0.01140211895108223
-1,1,-1,1,-1,1,1,1,-1,-1,1,1,1,1,1,-1,1,-1,0.011182321235537529
-1,1,-1,1,-1,1,1,1,-1,-1,1,1,1,1,1,1,1,1,0.01076971273869276
-1,1,-1,1,-1,1,1,1,-1,1,-1,-1,1,-1,-1,-1,-1,-1,0.010922442190349102
-1,1,-1,1,-1,1,1,1,-1,1,-1,-1,1,-1,-1,-1,1,1,0.011260390281677246
-1,1,-1,1,-1,1,1,1,-1,1,-1,1,-1,-1,-1,-1,1,1,0.010317310690879822
-1,1,-1,1,-1,1,1,1,-1,1,-1,1,-1,1,1,1,1,1,0.009629172272980213
-1,1,-1,1,-1,1,1,1,-1,1,-1,1,1,1,1,1,-1,1,0.009976465255022049
-1,1,-1,1,-1,1,1,1,-1,1,1,-1,-1,-1,1,-1,1,1,0.011040514335036278
-1,1,-1,1,-1,1,1,1,-1,1,1,-1,1,-1,-1,-1,-1,1,0.011193557642400265
-1,1,-1,1,-1,1,1,1,-1,1,1,1,-1,1,1,-1,-1,1,0.010256304405629635
-1,1,-1,1,-1,1,1,1,-1,1,1,1,1,-1,1,-1,-1,1,0.010863806121051311
-1,1,-1,1,-1,1,1,1,1,-1,-1,-1,-1,-1,1,1,1,1,0.011196690611541271
-1,1,-1,1,-1,1,1,1,1,-1,-1,-1,1,-1,1,-1,-1,-1,0.011968469247221947
-1,1,-1,1,-1,1,1,1,1,-1,-1,1,-1,-1,-1,-1,1,1,0.011144636198878288
-1,1,-1,1,-1,1,1,1,1,-1,-1,1,-1,1,-1,-1,1,-1,0.01064708735793829
-1,1,-1,1,-1,1,1,1,1,-1,-1,1,1,-1,1,-1,-1,-1,0.011435211636126041
-1,1,-1,1,-1,1,1,1,1,-1,1,-1,-1,-1,-1,1,1,1,0.010970369912683964
-1,1,-1,1,-1,1,1,1,1,-1,1,-1,-1,-1,1,-1,-1,-1,0.011533210054039955
-1,1,-1,1,-1,1,1,1,1,-1,1,-1,1,-1,1,-1,-1,1,0.012236266396939754
-1,1,-1,1,-1,1,1,1,1,-1,1,-1,1,-1,1,1,-1,-1,0.011245750822126865
-1,1,-1,1,-1,1,1,1,1,-1,1,1,1,-1,1,1,-1,-1,0.010718432255089283
-1,1,-1,1,-1,1,1,1,1,-1,1,1,1,1,1,-1,-1,-1,0.011190265417098999
-1,1,-1,1,-1,1,1,1,1,1,-1,-1,1,1,-1,-1,1,1,0.011111355386674404
-1,1,-1,1,-1,1,1,1,1,1,-1,1,1,1,-1,1,1,1,0.009878194890916348
-1,1,-1,1,-1,1,1,1,1,1,-1,1,1,1,1,1,1,-1,0.00979702640324831
-1,1,-1,1,-1,1,1,1,1,1,1,1,-1,1,-1,-1,1,-1,0.00985222589224577
-1,1,-1,1,1,-1,-1,-1,-1,-1,-1,-1,-1,-1,-1,1,1,-1,0.009876774623990059
-1,1,-1,1,1,-1,-1,-1,-1,-1,-1,-1,-1,-1,1,1,-1,-1,0.010036262683570385
-1,1,-1,1,1,-1,-1,-1,-1,-1,-1,1,1,1,1,-1,1,-1,0.010443873703479767
-1,1,-1,1,1,-1,-1,-1,-1,-1,1,-1,-1,1,-1,1,1,-1,0.009656279347836971
-1,1,-1,1,1,-1,-1,-1,-1,-1,1,1,-1,-1,1,-1,1,1,0.010512102395296097
-1,1,-1,1,1,-1,-1,-1,-1,-1,1,1,1,1,-1,-1,-1,-1,0.010179474949836731
-1,1,-1,1,1,-1,-1,-1,-1,1,-1,-1,-1,1,-1,-1,-1,-1,0.009541801176965237
-1,1,-1,1,1,-1,-1,-1,-1,1,-1,-1,1,1,1,1,-1,1,0.009757716208696365
-1,1,-1,1,1,-1,-1,-1,-1,1,-1,1,-1,1,-1,1,-1,-1,0.008314579725265503
-1,1,-1,1,1,-1,-1,-1,-1,1,-1,1,1,-1,-1,1,1,-1,0.008972037583589554
-1,1,-1,1,1,-1,-1,-1,-1,1,1,-1,-1,-1,1,1,1,1,0.009570091962814331
-1,1,-1,1,1,-1,-1,-1,-1,1,1,-1,1,-1,-1,1,-1,-1,0.009444400668144226
-1,1,-1,1,1,-1,-1,-1,-1,1,1,-1,1,-1,1,-1,-1,-1,0.010341869667172432
-1,1,-1,1,1,-1,-1,-1,-1,1,1,-1,1,1,-1,1,1,1,0.009575413540005684
-1,1,-1,1,1,-1,-1,-1,-1,1,1,1,1,1,-1,-1,-1,-1,0.009392233565449715
-1,1,-1,1,1,-1,-1,-1,-1,1,1,1,1,1,1,1,1,1,0.009236404672265053
-1,1,-1,1,1,-1,-1,-1,1,-1,-1,-1,1,-1,-1,-1,1,1,0.011329074390232563
-1,1,-1,1,1,-1,-1,-1,1,-1,-1,-1,1,1,-1,-1,-1,1,0.011072183027863503
-1,1,-1,1,1,-1,-1,-1,1,-1,-1,-1,1,1,1,-1,-1,-1,0.010991014540195465
-1,1,-1,1,1,-1,-1,-1,1,-1,-1,1,-1,1,1,-1,1,1,0.010379943065345287
-1,1,-1,1,1,-1,-1,-1,1,-1,-1,1,1,1,-1,1,-1,1,0.00986015796661377
-1,1,-1,1,1,-1,-1,-1,1,-1,1,-1,1,1,1,1,1,1,0.010602925904095173
-1,1,-1,1,1,-1,-1,-1,1,-1,1,1,-1,-1,1,-1,1,-1,0.010288645513355732
-1,1,-1,1,1,-1,-1,-1,1,-1,1,1,-1,1,-1,-1,1,-1,0.009868948720395565
-1,1,-1,1,1,-1,-1,-1,1,-1,1,1,-1,1,1,1,1,-1,0.009381807409226894
-1,1,-1,1,1,-1,-1,-1,1,-1,1,1,1,1,1,1,-1,1,0.010040847584605217
-1,1,-1,1,1,-1,-1,-1,1,-1,1,1,1,1,1,1,1,1,0.010078925639390945
-1,1,-1,1,1,-1,-1,-1,1,1,-1,-1,1,-1,1,-1,1,-1,0.010473238304257393
-1,1,-1,1,1,-1,-1,-1,1,1,-1,1,-1,-1,1,-1,1,-1,0.009524219669401646
-1,1,-1,1,1,-1,-1,-1,1,1,-1,1,-1,-1,1,1,-1,1,0.009086108766496181
-1,1,-1,1,1,-1,-1,-1,1,1,1,-1,-1,-1,1,-1,-1,-1,0.010005840100347996
-1,1,-1,1,1,-1,-1,-1,1,1,1,-1,-1,1,1,1,1,1,0.009433630853891373
-1,1,-1,1,1,-1,-1,-1,1,1,1,-1,1,-1,1,1,1,-1,0.009756458923220634
-1,1,-1,1,1,-1,-1,-1,1,1,1,1,-1,-1,1,1,1,1,0.009113248437643051
-1,1,-1,1,1,-1,-1,1,-1,-1,-1,-1,1,1,-1,-1,1,1,0.011110507883131504
-1,1,-1,1,1,-1,-1,1,-1,-1,-1,-1,1,1,1,-1,1,1,0.011329208500683308
-1,1,-1,1,1,-1,-1,1,-1,-1,-1,-1,1,1,1,1,-1,-1,0.010294675827026367
-1,1,-1,1,1,-1,-1,1,-1,-1,-1,1,-1,1,-1,-1,1,1,0.010185941122472286
-1,1,-1,1,1,-1,-1,1,-1,-1,-1,1,-1,1,-1,1,1,1,0.009491977281868458
-1,1,-1,1,1,-1,-1,1,-1,-1,-1,1,1,1,-1,1,1,1,0.009889225475490093
-1,1,-1,1,1,-1,-1,1,-1,-1,1,-1,-1,-1,-1,1,1,-1,0.00990354549139738
-1,1,-1,1,1,-1,-1,1,-1,-1,1,-1,-1,-1,1,-1,-1,1,0.011056867428123951
-1,1,-1,1,1,-1,-1,1,-1,-1,1,-1,-1,1,1,-1,1,-1,0.010609274730086327
-1,1,-1,1,1,-1,-1,1,-1,-1,1,-1,1,-1,1,-1,1,1,0.011507390066981316
-1,1,-1,1,1,-1,-1,1,-1,-1,1,-1,1,-1,1,1,1,1,0.010819364339113235
-1,1,-1,1,1,-1,-1,1,-1,-1,1,-1,1,1,1,-1,-1,1,0.0112471804022789
-1,1,-1,1,1,-1,-1,1,-1,-1,1,1,1,-1,-1,-1,-1,-1,0.010441936552524567
-1,1,-1,1,1,-1,-1,1,-1,1,-1,-1,-1,-1,-1,-1,1,-1,0.009863474406301975
-1,1,-1,1,1,-1,-1,1,-1,1,-1,-1,-1,-1,1,1,-1,1,0.00961961131542921
-1,1,-1,1,1,-1,-1,1,-1,1,-1,-1,-1,1,1,1,1,1,0.009447435848414898
-1,1,-1,1,1,-1,-1,1,-1,1,-1,1,1,-1,1,-1,1,-1,0.009930971078574657
-1,1,-1,1,1,-1,-1,1,-1,1,-1,1,1,-1,1,1,1,1,0.009536877274513245
-1,1,-1,1,1,-1,-1,1,-1,1,1,-1,-1,1,1,-1,1,-1,0.00982203334569931
-1,1,-1,1,1,-1,-1,1,-1,1,1,1,-1,-1,1,1,-1,-1,0.008763669990003109
-1,1,-1,1,1,-1,-1,1,-1,1,1,1,-1,1,1,-1,-1,-1,0.009250697679817677
-1,1,-1,1,1,-1,-1,1,-1,1,1,1,-1,1,1,1,-1,1,0.00885066483169794
-1,1,-1,1,1,-1,-1,1,1,-1,-1,-1,-1,-1,-1,-1,-1,1,0.010937396436929703
-1,1,-1,1,1,-1,-1,1,1,-1,-1,-1,1,-1,-1,1,-1,1,0.010649937205016613
-1,1,-1,1,1,-1,-1,1,1,-1,-1,-1,1,1,-1,1,-1,-1,0.010152388364076614
-1,1,-1,1,1,-1,-1,1,1,-1,1,-1,-1,1,1,1,-1,-1,0.009926573373377323
-1,1,-1,1,1,-1,-1,1,1,-1,1,-1,-1,1,1,1,-1,1,0.010223125107586384
-1,1,-1,1,1,-1,-1,1,1,-1,1,-1,1,1,1,-1,1,-1,0.011076997965574265
-1,1,-1,1,1,-1,-1,1,1,-1,1,1,-1,-1,-1,1,1,1,0.009737315587699413
-1,1,-1,1,1,-1,-1,1,1,-1,1,1,-1,1,-1,-1,1,1,0.01020914874970913
-1,1,-1,1,1,-1,-1,1,1,-1,1,1,1,-1,-1,1,-1,1,0.010090546682476997
-1,1,-1,1,1,-1,-1,1,1,1,-1,-1,-1,1,1,1,-1,1,0.009464637376368046
-1,1,-1,1,1,-1,-1,1,1,1,-1,-1,1,-1,1,1,1,1,0.010116157121956348
-1,1,-1,1,1,-1,-1,1,1,1,-1,1,1,1,1,1,-1,1,0.009337885305285454
-1,1,-1,1,1,-1,-1,1,1,1,1,-1,1,-1,1,-1,1,-1,0.010496692731976509
-1,1,-1,1,1,-1,-1,1,1,1,1,1,1,1,-1,-1,-1,1,0.00980884674936533
-1,1,-1,1,1,-1,-1,1,1,1,1,1,1,1,-1,-1,1,-1,0.009562251158058643
-1,1,-1,1,1,-1,-1,1,1,1,1,1,1,1,-1,1,1,1,0.00914964359253645
-1,1,-1,1,1,-1,1,-1,-1,-1,-1,-1,-1,-1,-1,1,-1,1,0.010829807259142399
-1,1,-1,1,1,-1,1,-1,-1,-1,-1,-1,1,-1,-1,1,1,-1,0.010980459861457348
-1,1,-1,1,1,-1,1,-1,-1,-1,-1,-1,1,-1,1,-1,1,1,0.012168541550636292
-1,1,-1,1,1,-1,1,-1,-1,-1,-1,1,-1,1,-1,-1,1,-1,0.010533664375543594
-1,1,-1,1,1,-1,1,-1,-1,-1,-1,1,1,-1,-1,1,-1,-1,0.010412442497909069
-1,1,-1,1,1,-1,1,-1,-1,-1,-1,1,1,-1,1,1,-1,1,0.010912499390542507
-1,1,-1,1,1,-1,1,-1,-1,-1,1,-1,1,-1,1,-1,1,1,0.012145726010203362
-1,1,-1,1,1,-1,1,-1,-1,-1,1,-1,1,1,-1,-1,1,-1,0.01144467294216156
-1,1,-1,1,1,-1,1,-1,-1,-1,1,1,1,-1,-1,-1,1,1,0.011414903216063976
-1,1,-1,1,1,-1,1,-1,-1,-1,1,1,1,-1,1,-1,1,1,0.011618408374488354
-1,1,-1,1,1,-1,1,-1,-1,-1,1,1,1,1,1,-1,-1,-1,0.011080160737037659
-1,1,-1,1,1,-1,1,-1,-1,1,-1,-1,-1,-1,-1,-1,1,1,0.010801680386066437
-1,1,-1,1,1,-1,1,-1,-1,1,-1,-1,-1,-1,1,1,-1,-1,0.009970652870833874
-1,1,-1,1,1,-1,1,-1,-1,1,-1,-1,1,1,1,1,-1,1,0.010466773994266987
-1,1,-1,1,1,-1,1,-1,-1,1,-1,1,-1,-1,1,-1,1,1,0.010471928864717484
-1,1,-1,1,1,-1,1,-1,-1,1,-1,1,-1,1,-1,1,1,-1,0.009067654609680176
-1,1,-1,1,1,-1,1,-1,-1,1,-1,1,1,-1,1,-1,1,-1,0.010581882670521736
-1,1,-1,1,1,-1,1,-1,-1,1,1,-1,-1,-1,1,-1,1,1,0.010967175476253033
-1,1,-1,1,1,-1,1,-1,-1,1,1,-1,1,1,1,1,1,-1,0.01019736286252737
-1,1,-1,1,1,-1,1,-1,-1,1,1,1,-1,1,-1,-1,1,-1,0.009738802909851074
-1,1,-1,1,1,-1,1,-1,1,-1,-1,-1,-1,-1,1,1,-1,1,0.011094530113041401
-1,1,-1,1,1,-1,1,-1,1,-1,-1,-1,-1,1,1,1,1,-1,0.010646937415003777
-1,1,-1,1,1,-1,1,-1,1,-1,-1,-1,1,1,-1,1,-1,1,0.011096533387899399
-1,1,-1,1,1,-1,1,-1,1,-1,-1,1,1,1,1,1,-1,-1,0.01046691183000803
-1,1,-1,1,1,-1,1,-1,1,-1,1,-1,-1,-1,-1,1,-1,1,0.01085895299911499
-1,1,-1,1,1,-1,1,-1,1,-1,1,-1,-1,1,-1,-1,-1,1,0.011345981620252132
-1,1,-1,1,1,-1,1,-1,1,-1,1,-1,1,-1,1,-1,-1,1,0.012178122997283936
-1,1,-1,1,1,-1,1,-1,1,-1,1,1,-1,-1,1,1,1,-1,0.01028260588645935
-1,1,-1,1,1,-1,1,-1,1,-1,1,1,-1,1,1,1,1,1,0.01037553884088993
-1,1,-1,1,1,-1,1,-1,1,-1,1,1,1,-1,-1,1,-1,-1,0.010450844652950764
-1,1,-1,1,1,-1,1,-1,1,1,-1,-1,-1,1,-1,1,-1,-1,0.009618112817406654
-1,1,-1,1,1,-1,1,-1,1,1,-1,-1,1,-1,-1,1,1,1,0.01056024432182312
-1,1,-1,1,1,-1,1,-1,1,1,-1,1,1,-1,1,-1,-1,-1,0.01059908326715231
-1,1,-1,1,1,-1,1,-1,1,1,-1,1,1,1,-1,1,-1,1,0.0097819734364748
-1,1,-1,1,1,-1,1,-1,1,1,1,-1,-1,-1,1,-1,1,1,0.011043588630855083
-1,1,-1,1,1,-1,1,-1,1,1,1,-1,1,-1,-1,1,-1,1,0.010508607141673565
-1,1,-1,1,1,-1,1,-1,1,1,1,-1,1,1,-1,-1,1,-1,0.010739782825112343
-1,1,-1,1,1,-1,1,-1,1,1,1,1,-1,-1,-1,-1,-1,1,0.010247614234685898
-1,1,-1,1,1,-1,1,-1,1,1,1,1,-1,-1,-1,-1,1,-1,0.01000695675611496
-1,1,-1,1,1,-1,1,-1,1,1,1,1,1,-1,1,-1,1,1,0.010907580144703388
-1,1,-1,1,1,-1,1,-1,1,1,1,1,1,1,-1,1,-1,1,0.009768415242433548
-1,1,-1,1,1,-1,1,1,-1,-1,-1,-1,-1,1,-1,1,-1,-1,0.010387783870100975
-1,1,-1,1,1,-1,1,1,-1,-1,-1,-1,1,1,-1,1,1,-1,0.010829050093889236
-1,1,-1,1,1,-1,1,1,-1,-1,-1,1,-1,-1,1,-1,-1,1,0.011255484074354172
-1,1,-1,1,1,-1,1,1,-1,-1,1,1,-1,1,-1,-1,1,1,0.010856987908482552
-1,1,-1,1,1,-1,1,1,-1,-1,1,1,1,1,-1,1,1,-1,0.010278915986418724
-1,1,-1,1,1,-1,1,1,-1,1,-1,-1,1,-1,1,-1,1,1,0.011461278423666954
-1,1,-1,1,1,-1,1,1,-1,1,-1,-1,1,1,-1,-1,-1,1,0.01100350171327591
-1,1,-1,1,1,-1,1,1,-1,1,-1,1,-1,-1,1,-1,1,1,0.01052151620388031
-1,1,-1,1,1,-1,1,1,-1,1,-1,1,1,1,-1,-1,1,1,0.010517580434679985
-1,1,-1,1,1,-1,1,1,-1,1,1,-1,-1,-1,-1,1,1,1,0.010134488344192505
-1,1,-1,1,1,-1,1,1,-1,1,1,-1,-1,1,-1,-1,-1,1,0.01057418156415224
-1,1,-1,1,1,-1,1,1,-1,1,1,1,-1,-1,1,1,1,-1,0.009520062245428562
-1,1,-1,1,1,-1,1,1,-1,1,1,1,1,-1,1,1,1,-1,0.009920628741383553
-1,1,-1,1,1,-1,1,1,1,-1,1,-1,-1,-1,1,1,1,1,0.011167939752340317
-1,1,-1,1,1,-1,1,1,1,-1,1,-1,-1,1,-1,1,-1,-1,0.010426186956465244
-1,1,-1,1,1,-1,1,1,1,-1,1,-1,1,1,-1,1,-1,1,0.011123305186629295
-1,1,-1,1,1,-1,1,1,1,-1,1,-1,1,1,1,1,-1,-1,0.01103287935256958
-1,1,-1,1,1,-1,1,1,1,-1,1,1,-1,1,-1,1,-1,1,0.010183542966842651
-1,1,-1,1,1,-1,1,1,1,-1,1,1,1,1,-1,-1,1,1,0.011328029446303844
-1,1,-1,1,1,-1,1,1,1,1,-1,-1,-1,-1,-1,1,-1,-1,0.00988389179110527
-1,1,-1,1,1,-1,1,1,1,1,-1,-1,1,-1,-1,-1,1,-1,0.011028378270566463
-1,1,-1,1,1,-1,1,1,1,1,-1,-1,1,1,-1,-1,-1,-1,0.010783364064991474
-1,1,-1,1,1,-1,1,1,1,1,-1,1,1,-1,-1,1,-1,-1,0.009757139720022678
-1,1,-1,1,1,-1,1,1,1,1,-1,1,1,-1,-1,1,1,-1,0.009807095862925053
-1,1,-1,1,1,-1,1,1,1,1,-1,1,1,-1,1,1,-1,-1,0.009960644878447056
-1,1,-1,1,1,-1,1,1,1,1,-1,1,1,1,-1,1,-1,1,0.009831560775637627
-1,1,-1,1,1,-1,1,1,1,1,1,-1,-1,1,-1,1,1,-1,0.009688900783658028
-1,1,-1,1,1,-1,1,1,1,1,1,-1,1,1,-1,-1,-1,-1,0.010751292109489441
-1,1,-1,1,1,-1,1,1,1,1,1,-1,1,1,1,-1,-1,1,0.01125466637313366
-1,1,-1,1,1,-1,1,1,1,1,1,1,-1,-1,-1,1,-1,-1,0.009318563155829906
-1,1,-1,1,1,-1,1,1,1,1,1,1,-1,1,-1,1,1,1,0.009452195838093758
-1,1,-1,1,1,-1,1,1,1,1,1,1,1,1,1,1,1,1,0.010062206536531448
-1,1,-1,1,1,1,-1,-1,-1,-1,-1,-1,-1,-1,-1,1,-1,-1,0.009998148307204247
-1,1,-1,1,1,1,-1,-1,-1,-1,-1,-1,1,-1,1,1,-1,1,0.010889514349400997
-1,1,-1,1,1,1,-1,-1,-1,-1,-1,-1,1,1,-1,-1,-1,1,0.011188233271241188
-1,1,-1,1,1,1,-1,-1,-1,-1,-1,-1,1,1,1,1,1,-1,0.010441921651363373
-1,1,-1,1,1,1,-1,-1,-1,-1,-1,1,-1,-1,-1,-1,-1,-1,0.01015553716570139
-1,1,-1,1,1,1,-1,-1,-1,-1,-1,1,-1,-1,-1,1,1,1,0.009805460460484028
-1,1,-1,1,1,1,-1,-1,-1,-1,-1,1,-1,1,-1,1,-1,-1,0.009257955476641655
-1,1,-1,1,1,1,-1,-1,-1,-1,-1,1,-1,1,1,1,1,1,0.009796090424060822
-1,1,-1,1,1,1,-1,-1,-1,-1,1,-1,1,-1,1,-1,1,1,0.011613937094807625
-1,1,-1,1,1,1,-1,-1,-1,-1,1,1,-1,1,-1,1,-1,-1,0.009235139936208725
-1,1,-1,1,1,1,-1,-1,-1,-1,1,1,-1,1,1,-1,-1,1,0.010413965210318565
-1,1,-1,1,1,1,-1,-1,-1,1,-1,1,-1,1,-1,-1,-1,1,0.009476425126194954
-1,1,-1,1,1,1,-1,-1,-1,1,1,-1,-1,1,1,-1,1,-1,0.009937836788594723
-1,1,-1,1,1,1,-1,-1,-1,1,1,1,-1,-1,1,1,-1,-1,0.008864277973771095
-1,1,-1,1,1,1,-1,-1,-1,1,1,1,-1,1,1,-1,1,-1,0.009395323693752289
-1,1,-1,1,1,1,-1,-1,1,-1,-1,-1,-1,-1,-1,-1,-1,-1,0.01075001247227192
-1,1,-1,1,1,1,-1,-1,1,-1,-1,-1,1,1,-1,1,1,-1,0.010308891534805298
-1,1,-1,1,1,1,-1,-1,1,-1,-1,-1,1,1,1,-1,1,-1,0.011206360533833504
-1,1,-1,1,1,1,-1,-1,1,-1,-1,-1,1,1,1,1,1,-1,0.010506458580493927
-1,1,-1,1,1,1,-1,-1,1,-1,-1,1,-1,-1,1,1,-1,1,0.01002022810280323
-1,1,-1,1,1,1,-1,-1,1,-1,-1,1,-1,1,-1,1,1,-1,0.009353933855891228
-1,1,-1,1,1,1,-1,-1,1,-1,-1,1,1,1,-1,1,1,1,0.010051052086055279
-1,1,-1,1,1,1,-1,-1,1,-1,-1,1,1,1,1,1,1,-1,0.009973200969398022
-1,1,-1,1,1,1,-1,-1,1,-1,1,-1,-1,1,-1,-1,1,-1,0.010573535226285458
-1,1,-1,1,1,1,-1,-1,1,-1,1,-1,1,-1,1,-1,-1,1,0.011621881276369095
-1,1,-1,1,1,1,-1,-1,1,-1,1,-1,1,1,1,1,1,1,0.01077093742787838
-1,1,-1,1,1,1,-1,-1,1,-1,1,1,-1,1,1,-1,-1,1,0.010484440252184868
-1,1,-1,1,1,1,-1,-1,1,-1,1,1,1,-1,-1,1,-1,1,0.010197094641625881
-1,1,-1,1,1,1,-1,-1,1,1,-1,-1,-1,1,-1,-1,1,1,0.010114917531609535
-1,1,-1,1,1,1,-1,-1,1,1,-1,1,-1,-1,-1,-1,1,-1,0.00949204433709383
-1,1,-1,1,1,1,-1,-1,1,1,-1,1,-1,-1,-1,1,1,1,0.00908869318664074
-1,1,-1,1,1,1,-1,-1,1,1,-1,1,-1,1,-1,-1,1,-1,0.009275851771235466
-1,1,-1,1,1,1,-1,-1,1,1,-1,1,-1,1,1,-1,-1,-1,0.009435339830815792
-1,1,-1,1,1,1,-1,-1,1,1,1,-1,1,-1,-1,-1,-1,-1,0.010361656546592712
-1,1,-1,1,1,1,-1,-1,1,1,1,-1,1,-1,-1,-1,1,1,0.010705542750656605
-1,1,-1,1,1,1,-1,-1,1,1,1,-1,1,1,-1,-1,1,1,0.010492668487131596
-1,1,-1,1,1,1,-1,-1,1,1,1,-1,1,1,1,-1,-1,1,0.010652156546711922
-1,1,-1,1,1,1,-1,-1,1,1,1,1,-1,-1,1,1,1,1,0.009260126389563084
-1,1,-1,1,1,1,-1,-1,1,1,1,1,1,-1,-1,-1,1,-1,0.009872416034340858
-1,1,-1,1,1,1,-1,-1,1,1,1,1,1,-1,1,1,-1,-1,0.009347197599709034
-1,1,-1,1,1,1,-1,-1,1,1,1,1,1,1,1,1,1,-1,0.009184278547763824
-1,1,-1,1,1,1,-1,1,-1,-1,-1,-1,-1,-1,-1,1,-1,-1,0.010050356388092041
-1,1,-1,1,1,1,-1,1,-1,-1,-1,1,-1,-1,1,1,1,-1,0.009773878380656242
-1,1,-1,1,1,1,-1,1,-1,-1,1,-1,-1,1,1,1,1,-1,0.010062187910079956
-1,1,-1,1,1,1,-1,1,-1,-1,1,1,-1,-1,-1,1,1,1,0.00983223132789135
-1,1,-1,1,1,1,-1,1,-1,-1,1,1,-1,1,-1,-1,-1,-1,0.009981311857700348
-1,1,-1,1,1,1,-1,1,-1,-1,1,1,1,1,-1,-1,-1,-1,0.010391134768724442
-1,1,-1,1,1,1,-1,1,-1,-1,1,1,1,1,-1,1,1,1,0.010028483346104622
-1,1,-1,1,1,1,-1,1,-1,-1,1,1,1,1,1,-1,1,-1,0.010644596070051193
-1,1,-1,1,1,1,-1,1,-1,1,-1,-1,-1,-1,-1,-1,-1,1,0.010262886993587017
-1,1,-1,1,1,1,-1,1,-1,1,-1,-1,-1,1,-1,1,-1,-1,0.00907137431204319
-1,1,-1,1,1,1,-1,1,-1,1,-1,-1,-1,1,1,1,-1,1,0.009565492160618305
-1,1,-1,1,1,1,-1,1,-1,1,-1,-1,1,-1,1,-1,1,1,0.01092023216187954
-1,1,-1,1,1,1,-1,1,-1,1,-1,1,-1,1,1,-1,-1,1,0.009735455736517906
-1,1,-1,1,1,1,-1,1,-1,1,-1,1,-1,1,1,1,-1,1,0.009032235480844975
-1,1,-1,1,1,1,-1,1,-1,1,-1,1,1,1,1,-1,-1,1,0.010136022232472897
-1,1,-1,1,1,1,-1,1,-1,1,1,-1,-1,1,-1,1,1,-1,0.009092575870454311
-1,1,-1,1,1,1,-1,1,-1,1,1,1,-1,-1,1,1,-1,1,0.009219673462212086
-1,1,-1,1,1,1,-1,1,-1,1,1,1,1,-1,1,1,1,1,0.009666877798736095
-1,1,-1,1,1,1,-1,1,-1,1,1,1,1,1,1,-1,1,1,0.010153906419873238
-1,1,-1,1,1,1,-1,1,1,-1,-1,-1,1,-1,1,-1,1,1,0.011744240298867226
-1,1,-1,1,1,1,-1,1,1,-1,-1,-1,1,-1,1,1,1,1,0.011059531942009926
-1,1,-1,1,1,1,-1,1,1,-1,-1,1,-1,-1,-1,-1,1,1,0.010600972920656204
-1,1,-1,1,1,1,-1,1,1,-1,-1,1,-1,-1,1,-1,-1,-1,0.010485043749213219
-1,1,-1,1,1,1,-1,1,1,-1,-1,1,1,1,1,-1,-1,1,0.010969286784529686
-1,1,-1,1,1,1,-1,1,1,-1,1,-1,-1,1,-1,1,1,1,0.010219771414995193
-1,1,-1,1,1,1,-1,1,1,-1,1,1,-1,1,1,-1,1,-1,0.010284113697707653
-1,1,-1,1,1,1,-1,1,1,-1,1,1,1,-1,-1,1,-1,1,0.01026187650859356
-1,1,-1,1,1,1,-1,1,1,-1,1,1,1,1,1,-1,-1,1,0.010937214829027653
-1,1,-1,1,1,1,-1,1,1,1,-1,-1,-1,-1,1,-1,1,1,0.010580884292721748
-1,1,-1,1,1,1,-1,1,1,1,-1,-1,-1,1,-1,-1,-1,1,0.010111230425536633
-1,1,-1,1,1,1,-1,1,1,1,-1,-1,-1,1,-1,1,-1,-1,0.009141849353909492
-1,1,-1,1,1,1,-1,1,1,1,-1,1,-1,1,1,-1,1,1,0.009831434115767479
-1,1,-1,1,1,1,-1,1,1,1,-1,1,1,-1,1,-1,1,-1,0.010157580487430096
-1,1,-1,1,1,1,-1,1,1,1,1,-1,-1,1,1,-1,1,1,0.010351132601499557
-1,1,-1,1,1,1,-1,1,1,1,1,-1,1,1,-1,-1,1,-1,0.010257581248879433
-1,1,-1,1,1,1,-1,1,1,1,1,1,1,1,-1,1,1,1,0.009317655116319656
-1,1,-1,1,1,1,-1,1,1,1,1,1,1,1,1,1,1,-1,0.009224608540534973
-1,1,-1,1,1,1,1,-1,-1,-1,-1,-1,-1,1,1,-1,1,-1,0.011441756039857864
-1,1,-1,1,1,1,1,-1,-1,-1,-1,-1,-1,1,1,1,1,-1,0.01073259674012661
-1,1,-1,1,1,1,1,-1,-1,-1,-1,-1,1,-1,1,1,1,1,0.011642590165138245
-1,1,-1,1,1,1,1,-1,-1,-1,-1,1,1,-1,1,-1,1,1,0.011797357350587845
-1,1,-1,1,1,1,1,-1,-1,-1,1,-1,-1,-1,-1,-1,-1,1,0.011668967083096504
-1,1,-1,1,1,1,1,-1,-1,-1,1,-1,-1,1,-1,-1,1,-1,0.011209497228264809
-1,1,-1,1,1,1,1,-1,-1,-1,1,1,-1,-1,1,-1,-1,1,0.011324020102620125
-1,1,-1,1,1,1,1,-1,-1,-1,1,1,1,1,1,1,-1,1,0.010829625651240349
-1,1,-1,1,1,1,1,-1,-1,1,-1,-1,-1,1,1,1,-1,1,0.010207146406173706
-1,1,-1,1,1,1,1,-1,-1,1,-1,-1,-1,1,1,1,1,-1,0.009969807229936123
-1,1,-1,1,1,1,1,-1,-1,1,-1,1,-1,-1,1,-1,1,1,0.010634002275764942
-1,1,-1,1,1,1,1,-1,-1,1,-1,1,-1,-1,1,1,1,1,0.009940038435161114
-1,1,-1,1,1,1,1,-1,-1,1,-1,1,1,1,1,1,-1,1,0.010080395266413689
-1,1,-1,1,1,1,1,-1,-1,1,1,-1,-1,-1,-1,1,-1,-1,0.00990308728069067
-1,1,-1,1,1,1,1,-1,-1,1,1,-1,1,1,-1,1,-1,-1,0.010096718557178974
-1,1,-1,1,1,1,1,-1,-1,1,1,-1,1,1,-1,1,1,-1,0.010149992071092129
-1,1,-1,1,1,1,1,-1,-1,1,1,-1,1,1,-1,1,1,1,0.010440604761242867
-1,1,-1,1,1,1,1,-1,-1,1,1,1,-1,-1,-1,1,-1,-1,0.009379087947309017
-1,1,-1,1,1,1,1,-1,-1,1,1,1,-1,1,-1,-1,1,1,0.010185549966990948
-1,1,-1,1,1,1,1,-1,-1,1,1,1,1,-1,-1,1,-1,1,0.010076206177473068
-1,1,-1,1,1,1,1,-1,1,-1,-1,-1,-1,-1,-1,1,1,1,0.011093797162175179
-1,1,-1,1,1,1,1,-1,1,-1,-1,-1,-1,1,1,1,-1,-1,0.010749798268079758
-1,1,-1,1,1,1,1,-1,1,-1,-1,-1,1,-1,1,1,1,1,0.01170380786061287
-1,1,-1,1,1,1,1,-1,1,-1,-1,-1,1,1,-1,1,-1,1,0.011258605867624283
-1,1,-1,1,1,1,1,-1,1,-1,-1,1,-1,-1,1,1,-1,1,0.010729284957051277
-1,1,-1,1,1,1,1,-1,1,-1,-1,1,1,-1,-1,-1,1,-1,0.011373714543879032
-1,1,-1,1,1,1,1,-1,1,-1,-1,1,1,-1,1,-1,1,1,0.01187377143651247
-1,1,-1,1,1,1,1,-1,1,-1,-1,1,1,1,-1,1,1,1,0.0107601098716259
-1,1,-1,1,1,1,1,-1,1,-1,1,-1,-1,1,-1,-1,-1,1,0.01151399314403534
-1,1,-1,1,1,1,1,-1,1,-1,1,-1,1,1,-1,-1,-1,1,0.011929755099117756
-1,1,-1,1,1,1,1,-1,1,-1,1,1,-1,-1,-1,1,-1,1,0.010497026145458221
-1,1,-1,1,1,1,1,-1,1,-1,1,1,-1,1,-1,-1,1,-1,0.010737458243966103
-1,1,-1,1,1,1,1,-1,1,-1,1,1,1,1,1,-1,-1,1,0.01159406453371048
-1,1,-1,1,1,1,1,-1,1,1,-1,-1,1,-1,1,1,-1,1,0.010881805792450905
-1,1,-1,1,1,1,1,-1,1,1,-1,1,-1,-1,1,1,1,1,0.009986060671508312
-1,1,-1,1,1,1,1,-1,1,1,-1,1,-1,1,-1,-1,1,-1,0.009984909556806087
-1,1,-1,1,1,1,1,-1,1,1,-1,1,-1,1,1,1,-1,-1,0.009444494731724262
-1,1,-1,1,1,1,1,-1,1,1,-1,1,1,-1,1,-1,-1,-1,0.010751900263130665
-1,1,-1,1,1,1,1,-1,1,1,-1,1,1,1,-1,1,-1,-1,0.009662690572440624
-1,1,-1,1,1,1,1,-1,1,1,1,-1,-1,1,1,1,1,-1,0.010008210316300392
-1,1,-1,1,1,1,1,-1,1,1,1,-1,1,-1,1,1,1,-1,0.010618332773447037
-1,1,-1,1,1,1,1,-1,1,1,1,-1,1,1,-1,-1,-1,-1,0.010851901024580002
-1,1,-1,1,1,1,1,-1,1,1,1,-1,1,1,-1,1,-1,1,0.010457806289196014
-1,1,-1,1,1,1,1,-1,1,1,1,-1,1,1,1,-1,1,1,0.011399292387068272
-1,1,-1,1,1,1,1,-1,1,1,1,1,-1,-1,-1,-1,1,-1,0.010172348469495773
-1,1,-1,1,1,1,1,-1,1,1,1,1,-1,-1,-1,1,1,1,0.009774935431778431
-1,1,-1,1,1,1,1,-1,1,1,1,1,-1,-1,1,-1,1,1,0.010657209903001785
-1,1,-1,1,1,1,1,1,-1,-1,-1,-1,-1,-1,-1,-1,1,-1,0.01149145606905222
-1,1,-1,1,1,1,1,1,-1,-1,-1,-1,-1,-1,-1,1,1,1,0.011088104918599129
-1,1,-1,1,1,1,1,1,-1,-1,-1,-1,-1,1,-1,-1,1,1,0.011569194495677948
-1,1,-1,1,1,1,1,1,-1,-1,-1,-1,1,-1,1,-1,-1,1,0.012348061427474022
-1,1,-1,1,1,1,1,1,-1,-1,-1,-1,1,-1,1,1,-1,1,0.011663354933261871
-1,1,-1,1,1,1,1,1,-1,-1,-1,-1,1,1,-1,-1,-1,1,0.011937621049582958
-1,1,-1,1,1,1,1,1,-1,-1,-1,-1,1,1,1,1,1,-1,0.011203884147107601
-1,1,-1,1,1,1,1,1,-1,-1,-1,1,-1,-1,1,1,-1,-1,0.010427040979266167
-1,1,-1,1,1,1,1,1,-1,-1,-1,1,-1,1,-1,-1,-1,-1,0.010710564441978931
-1,1,-1,1,1,1,1,1,-1,-1,-1,1,1,-1,-1,1,-1,1,0.010917335748672485
-1,1,-1,1,1,1,1,1,-1,-1,-1,1,1,-1,1,-1,1,-1,0.011568209156394005
-1,1,-1,1,1,1,1,1,-1,-1,1,-1,1,-1,-1,1,-1,1,0.011431096121668816
-1,1,-1,1,1,1,1,1,-1,-1,1,1,-1,1,1,1,-1,-1,0.01019729021936655
-1,1,-1,1,1,1,1,1,-1,1,-1,-1,-1,-1,1,1,-1,-1,0.010178995318710804
-1,1,-1,1,1,1,1,1,-1,1,-1,-1,-1,1,1,-1,1,-1,0.010715979151427746
-1,1,-1,1,1,1,1,1,-1,1,-1,-1,1,-1,-1,1,1,-1,0.01043195091187954
-1,1,-1,1,1,1,1,1,-1,1,-1,-1,1,1,1,-1,1,-1,0.011131741106510162
-1,1,-1,1,1,1,1,1,-1,1,-1,1,-1,-1,1,-1,1,1,0.010689527727663517
-1,1,-1,1,1,1,1,1,-1,1,-1,1,1,1,-1,1,1,-1,0.0096858199685812
-1,1,-1,1,1,1,1,1,-1,1,1,-1,-1,-1,-1,-1,1,-1,0.010690655559301376
-1,1,-1,1,1,1,1,1,-1,1,1,-1,1,-1,-1,-1,-1,-1,0.011068339459598064
-1,1,-1,1,1,1,1,1,-1,1,1,1,1,-1,1,1,-1,-1,0.010029427707195282
-1,1,-1,1,1,1,1,1,1,-1,-1,-1,-1,-1,-1,-1,1,-1,0.011555992066860199
-1,1,-1,1,1,1,1,1,1,-1,-1,-1,-1,1,-1,1,1,1,0.010945705696940422
-1,1,-1,1,1,1,1,1,1,-1,-1,1,-1,-1,-1,1,-1,-1,0.010284754447638988
-1,1,-1,1,1,1,1,1,1,-1,-1,1,-1,-1,1,-1,1,1,0.011522792279720306
-1,1,-1,1,1,1,1,1,1,-1,1,-1,1,1,1,-1,-1,-1,0.011882977560162544
-1,1,-1,1,1,1,1,1,1,1,-1,-1,-1,1,-1,1,1,1,0.010164402425289154
-1,1,-1,1,1,1,1,1,1,1,-1,-1,1,-1,-1,-1,1,1,0.011477746069431305
-1,1,-1,1,1,1,1,1,1,1,-1,-1,1,-1,-1,1,1,1,0.010777843184769154
-1,1,-1,1,1,1,1,1,1,1,-1,-1,1,1,-1,1,1,-1,0.010295489802956581
-1,1,-1,1,1,1,1,1,1,1,-1,-1,1,1,1,1,1,-1,0.01049305684864521
-1,1,-1,1,1,1,1,1,1,1,-1,1,-1,-1,1,-1,-1,1,0.010700790211558342
-1,1,-1,1,1,1,1,1,1,1,-1,1,-1,1,-1,1,1,1,0.009634114801883698
-1,1,-1,1,1,1,1,1,1,1,1,1,-1,1,-1,1,1,1,0.009614269249141216
-1,1,-1,1,1,1,1,1,1,1,1,1,1,-1,-1,1,-1,-1,0.009893080219626427
-1,1,1,-1,-1,-1,-1,-1,-1,-1,1,-1,-1,1,1,-1,1,1,0.010252305306494236
-1,1,1,-1,-1,-1,-1,-1,-1,-1,1,1,1,-1,1,1,1,-1,0.009332716464996338
-1,1,1,-1,-1,-1,-1,-1,-1,-1,1,1,1,1,-1,1,-1,1,0.009178128093481064
-1,1,1,-1,-1,-1,-1,-1,-1,1,-1,-1,-1,1,1,-1,1,1,0.009497135877609253
-1,1,1,-1,-1,-1,-1,-1,-1,1,-1,1,1,-1,1,-1,-1,-1,0.009242689236998558
-1,1,1,-1,-1,-1,-1,-1,-1,1,-1,1,1,1,-1,-1,-1,1,0.009122861549258232
-1,1,1,-1,-1,-1,-1,-1,-1,1,1,-1,1,1,-1,-1,-1,1,0.009628674946725368
-1,1,1,-1,-1,-1,-1,-1,-1,1,1,1,-1,-1,-1,-1,-1,1,0.00889715924859047
-1,1,1,-1,-1,-1,-1,-1,-1,1,1,1,-1,1,-1,-1,1,-1,0.0084376884624362
-1,1,1,-1,-1,-1,-1,-1,-1,1,1,1,1,-1,1,1,-1,1,0.008807266131043434
-1,1,1,-1,-1,-1,-1,-1,-1,1,1,1,1,1,-1,1,-1,1,0.008412021212279797
-1,1,1,-1,-1,-1,-1,-1,1,-1,-1,-1,-1,-1,-1,-1,1,-1,0.01004452770575881
-1,1,1,-1,-1,-1,-1,-1,1,-1,-1,-1,-1,-1,1,1,1,-1,0.009549440816044807
-1,1,1,-1,-1,-1,-1,-1,1,-1,-1,-1,-1,1,-1,1,1,-1,0.009148256853222847
-1,1,1,-1,-1,-1,-1,-1,1,-1,-1,-1,1,-1,-1,-1,-1,1,0.010702257044613361
-1,1,1,-1,-1,-1,-1,-1,1,-1,-1,1,1,1,-1,-1,1,1,0.010000143200159073
-1,1,1,-1,-1,-1,-1,-1,1,-1,1,1,-1,-1,-1,-1,1,1,0.009768501855432987
-1,1,1,-1,-1,-1,-1,-1,1,-1,1,1,1,-1,-1,-1,1,-1,0.009893650189042091
-1,1,1,-1,-1,-1,-1,-1,1,1,-1,-1,-1,-1,1,1,1,1,0.009068007580935955
-1,1,1,-1,-1,-1,-1,-1,1,1,-1,-1,-1,1,-1,-1,1,-1,0.009060917422175407
-1,1,1,-1,-1,-1,-1,-1,1,1,-1,-1,-1,1,-1,1,-1,1,0.008607611060142517
-1,1,1,-1,-1,-1,-1,-1,1,1,-1,-1,1,-1,-1,1,-1,1,0.00923030823469162
-1,1,1,-1,-1,-1,-1,-1,1,1,-1,-1,1,-1,1,-1,1,1,0.010168476961553097
-1,1,1,-1,-1,-1,-1,-1,1,1,-1,1,-1,1,-1,1,1,-1,0.007842953316867352
-1,1,1,-1,-1,-1,-1,-1,1,1,-1,1,1,-1,-1,-1,-1,-1,0.0090970853343606
-1,1,1,-1,-1,-1,-1,-1,1,1,-1,1,1,-1,1,-1,1,-1,0.009347924962639809
-1,1,1,-1,-1,-1,-1,-1,1,1,-1,1,1,-1,1,1,1,-1,0.008659899234771729
-1,1,1,-1,-1,-1,-1,-1,1,1,-1,1,1,1,1,-1,-1,-1,0.009096972644329071
-1,1,1,-1,-1,-1,-1,-1,1,1,-1,1,1,1,1,-1,-1,1,0.009378328919410706
-1,1,1,-1,-1,-1,-1,-1,1,1,1,-1,1,-1,1,-1,1,-1,0.009855048730969429
-1,1,1,-1,-1,-1,-1,-1,1,1,1,-1,1,1,-1,1,1,1,0.0090412562713027
-1,1,1,-1,-1,-1,-1,-1,1,1,1,1,-1,1,1,-1,1,-1,0.008717607706785202
-1,1,1,-1,-1,-1,-1,-1,1,1,1,1,1,1,1,-1,-1,-1,0.009064899757504463
-1,1,1,-1,-1,-1,-1,1,-1,-1,-1,-1,-1,-1,-1,1,1,1,0.009640112519264221
-1,1,1,-1,-1,-1,-1,1,-1,-1,-1,-1,-1,-1,1,-1,-1,1,0.010478369891643524
-1,1,1,-1,-1,-1,-1,1,-1,-1,-1,1,-1,-1,-1,1,-1,1,0.009053582325577736
-1,1,1,-1,-1,-1,-1,1,-1,-1,-1,1,1,-1,-1,-1,1,1,0.010207325220108032
-1,1,1,-1,-1,-1,-1,1,-1,-1,1,-1,-1,1,-1,-1,-1,-1,0.009760439395904541
-1,1,1,-1,-1,-1,-1,1,-1,-1,1,-1,1,1,-1,1,-1,1,0.009763592854142189
-1,1,1,-1,-1,-1,-1,1,-1,-1,1,1,1,1,1,-1,-1,1,0.010127805173397064
-1,1,1,-1,-1,-1,-1,1,-1,1,-1,-1,1,-1,1,1,-1,-1,0.009143446572124958
-1,1,1,-1,-1,-1,-1,1,-1,1,-1,-1,1,1,1,1,-1,1,0.009211928583681583
-1,1,1,-1,-1,-1,-1,1,-1,1,-1,1,-1,-1,-1,-1,1,-1,0.008732222020626068
-1,1,1,-1,-1,-1,-1,1,-1,1,-1,1,1,1,-1,-1,1,-1,0.008928473107516766
-1,1,1,-1,-1,-1,-1,1,-1,1,1,-1,-1,-1,-1,1,1,1,0.008839312009513378
-1,1,1,-1,-1,-1,-1,1,-1,1,1,1,-1,-1,-1,-1,-1,1,0.008946745656430721
-1,1,1,-1,-1,-1,-1,1,-1,1,1,1,-1,-1,-1,1,1,-1,0.00801212526857853
-1,1,1,-1,-1,-1,-1,1,1,-1,-1,-1,1,1,-1,-1,-1,-1,0.01025429554283619
-1,1,1,-1,-1,-1,-1,1,1,-1,-1,1,-1,-1,-1,-1,1,1,0.009856099262833595
-1,1,1,-1,-1,-1,-1,1,1,-1,-1,1,-1,1,1,1,-1,-1,0.008827044162899256
-1,1,1,-1,-1,-1,-1,1,1,-1,1,-1,-1,-1,-1,1,-1,-1,0.009337946772575378
-1,1,1,-1,-1,-1,-1,1,1,-1,1,-1,1,1,-1,1,1,1,0.009878084994852543
-1,1,1,-1,-1,-1,-1,1,1,-1,1,1,-1,1,1,1,-1,1,0.009091872721910477
-1,1,1,-1,-1,-1,-1,1,1,1,-1,-1,-1,1,-1,-1,1,-1,0.00912570022046566
-1,1,1,-1,-1,-1,-1,1,1,1,-1,-1,-1,1,1,1,1,1,0.008919915184378624
-1,1,1,-1,-1,-1,-1,1,1,1,-1,-1,1,1,-1,1,1,-1,0.008832302875816822
-1,1,1,-1,-1,-1,-1,1,1,1,1,-1,-1,-1,-1,-1,-1,-1,0.009256547316908836
-1,1,1,-1,-1,-1,-1,1,1,1,1,-1,-1,1,1,1,1,-1,0.008603169582784176
-1,1,1,-1,-1,-1,-1,1,1,1,1,-1,1,-1,-1,-1,1,1,0.009991743601858616
-1,1,1,-1,-1,-1,-1,1,1,1,1,-1,1,1,1,-1,-1,-1,0.009653682820498943
-1,1,1,-1,-1,-1,-1,1,1,1,1,-1,1,1,1,-1,1,-1,0.009703638032078743
-1,1,1,-1,-1,-1,-1,1,1,1,1,1,-1,-1,1,1,1,-1,0.008286104537546635
-1,1,1,-1,-1,-1,-1,1,1,1,1,1,1,1,-1,1,-1,-1,0.008238151669502258
-1,1,1,-1,-1,-1,1,-1,-1,-1,-1,1,1,-1,1,1,1,-1,0.010073846206068993
-1,1,1,-1,-1,-1,1,-1,-1,-1,1,-1,-1,1,-1,1,1,-1,0.00975214596837759
-1,1,1,-1,-1,-1,1,-1,-1,-1,1,1,-1,-1,-1,1,1,-1,0.009435081854462624
-1,1,1,-1,-1,-1,1,-1,-1,-1,1,1,-1,-1,1,-1,1,1,0.01062910258769989
-1,1,1,-1,-1,-1,1,-1,-1,-1,1,1,-1,1,-1,-1,1,1,0.010218661278486252
-1,1,1,-1,-1,-1,1,-1,-1,-1,1,1,1,1,1,-1,-1,-1,0.010494042187929153
-1,1,1,-1,-1,-1,1,-1,-1,1,-1,-1,-1,-1,-1,-1,1,-1,0.00990381557494402
-1,1,1,-1,-1,-1,1,-1,-1,1,-1,-1,1,1,-1,1,1,1,0.009715229272842407
-1,1,1,-1,-1,-1,1,-1,-1,1,-1,-1,1,1,1,-1,-1,-1,0.01026881206780672
-1,1,1,-1,-1,-1,1,-1,-1,1,-1,-1,1,1,1,1,1,1,0.009918734431266785
-1,1,1,-1,-1,-1,1,-1,-1,1,-1,1,-1,-1,1,1,-1,-1,0.008851277641952038
-1,1,1,-1,-1,-1,1,-1,-1,1,1,-1,1,-1,1,-1,1,1,0.010781623423099518
-1,1,1,-1,-1,-1,1,-1,-1,1,1,1,-1,1,-1,1,-1,-1,0.008418021723628044
-1,1,1,-1,-1,-1,1,-1,-1,1,1,1,1,-1,-1,-1,-1,-1,0.009719488210976124
-1,1,1,-1,-1,-1,1,-1,1,-1,-1,-1,-1,-1,-1,1,-1,-1,0.010008355602622032
-1,1,1,-1,-1,-1,1,-1,1,-1,-1,-1,1,1,1,1,1,1,0.010736803524196148
-1,1,1,-1,-1,-1,1,-1,1,-1,1,-1,1,-1,-1,1,1,1,0.010732613503932953
-1,1,1,-1,-1,-1,1,-1,1,-1,1,1,-1,-1,-1,-1,-1,-1,0.010152186267077923
-1,1,1,-1,-1,-1,1,-1,1,-1,1,1,1,-1,1,1,-1,1,0.010349588468670845
-1,1,1,-1,-1,-1,1,-1,1,1,-1,-1,-1,-1,-1,-1,-1,1,0.010220886208117008
-1,1,1,-1,-1,-1,1,-1,1,1,1,-1,-1,-1,1,1,1,-1,0.00946101639419794
-1,1,1,-1,-1,-1,1,-1,1,1,1,-1,-1,1,-1,-1,1,-1,0.009750477969646454
-1,1,1,-1,-1,-1,1,-1,1,1,1,-1,-1,1,1,1,-1,1,0.009500675834715366
-1,1,1,-1,-1,-1,1,1,-1,-1,-1,-1,-1,-1,-1,1,1,1,0.010337293148040771
-1,1,1,-1,-1,-1,1,1,-1,-1,-1,-1,-1,-1,1,-1,-1,1,0.011187426745891571
-1,1,1,-1,-1,-1,1,1,-1,-1,-1,1,-1,-1,1,1,-1,1,0.009969462640583515
-1,1,1,-1,-1,-1,1,1,-1,-1,1,-1,-1,-1,1,-1,-1,1,0.011158673092722893
-1,1,1,-1,-1,-1,1,1,-1,-1,1,-1,-1,1,-1,1,1,1,0.010098285041749477
-1,1,1,-1,-1,-1,1,1,-1,-1,1,-1,1,-1,1,-1,-1,-1,0.011274565011262894
-1,1,1,-1,-1,-1,1,1,-1,-1,1,1,-1,-1,-1,1,1,-1,0.009490607306361198
-1,1,1,-1,-1,-1,1,1,-1,-1,1,1,1,1,-1,-1,1,1,0.010671435855329037
-1,1,1,-1,-1,-1,1,1,-1,1,-1,-1,-1,1,1,-1,-1,-1,0.009921150282025337
-1,1,1,-1,-1,-1,1,1,-1,1,-1,-1,1,-1,1,1,-1,1,0.010127922520041466
-1,1,1,-1,-1,-1,1,1,-1,1,-1,-1,1,1,1,-1,1,1,0.01066228561103344
-1,1,1,-1,-1,-1,1,1,-1,1,-1,1,-1,-1,-1,-1,-1,-1,0.009397262707352638
-1,1,1,-1,-1,-1,1,1,-1,1,-1,1,-1,-1,1,-1,-1,1,0.009876185096800327
-1,1,1,-1,-1,-1,1,1,-1,1,-1,1,-1,-1,1,-1,1,-1,0.009644784964621067
-1,1,1,-1,-1,-1,1,1,-1,1,-1,1,-1,1,1,-1,-1,1,0.00967518799006939
-1,1,1,-1,-1,-1,1,1,-1,1,-1,1,1,-1,-1,-1,-1,1,0.010088441893458366
-1,1,1,-1,-1,-1,1,1,-1,1,-1,1,1,-1,-1,1,1,-1,0.0091538205742836
-1,1,1,-1,-1,-1,1,1,-1,1,-1,1,1,1,-1,-1,1,-1,0.009625653736293316
-1,1,1,-1,-1,-1,1,1,-1,1,1,-1,-1,1,1,-1,-1,1,0.010194886475801468
-1,1,1,-1,-1,-1,1,1,-1,1,1,-1,1,1,1,1,1,1,0.009942187927663326
-1,1,1,-1,-1,-1,1,1,-1,1,1,1,-1,1,1,1,1,1,0.009002425707876682
-1,1,1,-1,-1,-1,1,1,-1,1,1,1,1,-1,-1,-1,1,-1,0.009824969805777073
-1,1,1,-1,-1,-1,1,1,1,-1,-1,-1,1,-1,-1,-1,-1,-1,0.011170288547873497
-1,1,1,-1,-1,-1,1,1,1,-1,-1,-1,1,1,-1,-1,1,1,0.011288726702332497
-1,1,1,-1,-1,-1,1,1,1,-1,-1,1,1,1,1,1,-1,1,0.010224311612546444
-1,1,1,-1,-1,-1,1,1,1,-1,1,-1,-1,-1,1,1,-1,1,0.010525926947593689
-1,1,1,-1,-1,-1,1,1,1,-1,1,1,-1,1,1,-1,1,1,0.010532972402870655
-1,1,1,-1,-1,-1,1,1,1,-1,1,1,1,1,1,-1,-1,1,0.010901398956775665
-1,1,1,-1,-1,-1,1,1,1,1,-1,-1,1,-1,1,1,1,1,0.010242413729429245
-1,1,1,-1,-1,-1,1,1,1,1,-1,1,-1,1,-1,1,1,-1,0.008586402982473373
-1,1,1,-1,-1,-1,1,1,1,1,1,-1,-1,-1,1,-1,-1,-1,0.010163171216845512
-1,1,1,-1,-1,-1,1,1,1,1,1,-1,-1,-1,1,-1,1,-1,0.010216444730758667
-1,1,1,-1,-1,-1,1,1,1,1,1,-1,1,1,-1,1,1,1,0.009809157811105251
-1,1,1,-1,-1,-1,1,1,1,1,1,-1,1,1,1,-1,1,-1,0.010400818660855293
-1,1,1,-1,-1,-1,1,1,1,1,1,1,-1,1,1,-1,-1,1,0.009716909378767014
-1,1,1,-1,-1,-1,1,1,1,1,1,1,-1,1,1,-1,1,-1,0.009465684648603201
-1,1,1,-1,-1,1,-1,-1,-1,-1,-1,-1,-1,-1,-1,1,1,-1,0.009440851397812366
-1,1,1,-1,-1,1,-1,-1,-1,-1,-1,-1,1,-1,-1,-1,1,1,0.010837872512638569
-1,1,1,-1,-1,1,-1,-1,-1,-1,-1,-1,1,-1,-1,1,-1,1,0.01010451978072524
-1,1,1,-1,-1,1,-1,-1,-1,-1,-1,-1,1,1,-1,-1,1,-1,0.010349581018090248
-1,1,1,-1,-1,1,-1,-1,-1,-1,-1,1,-1,-1,-1,1,1,1,0.009207464754581451
-1,1,1,-1,-1,1,-1,-1,-1,-1,-1,1,1,-1,-1,1,-1,-1,0.009279339574277401
-1,1,1,-1,-1,1,-1,-1,-1,-1,1,-1,-1,-1,1,-1,-1,-1,0.010277427732944489
-1,1,1,-1,-1,1,-1,-1,-1,-1,1,-1,-1,1,-1,-1,-1,1,0.010160917416214943
-1,1,1,-1,-1,1,-1,-1,-1,-1,1,-1,-1,1,-1,-1,1,1,0.010204934515058994
-1,1,1,-1,-1,1,-1,-1,-1,-1,1,-1,1,-1,-1,1,1,1,0.01012109313160181
-1,1,1,-1,-1,1,-1,-1,-1,-1,1,-1,1,1,1,1,-1,-1,0.009792289696633816
-1,1,1,-1,-1,1,-1,-1,-1,-1,1,1,1,1,1,1,1,1,0.0095936618745327
-1,1,1,-1,-1,1,-1,-1,-1,1,-1,-1,-1,1,-1,1,1,-1,0.008471126668155193
-1,1,1,-1,-1,1,-1,-1,-1,1,-1,1,-1,-1,1,-1,-1,1,0.00928555242717266
-1,1,1,-1,-1,1,-1,-1,-1,1,1,-1,-1,-1,-1,-1,1,1,0.009630567394196987
-1,1,1,-1,-1,1,-1,-1,-1,1,1,-1,1,1,1,1,1,-1,0.009049064479768276
-1,1,1,-1,-1,1,-1,-1,-1,1,1,1,1,-1,-1,1,-1,-1,0.008475221693515778
-1,1,1,-1,-1,1,-1,-1,1,-1,-1,-1,-1,1,-1,1,-1,1,0.009547668509185314
-1,1,1,-1,-1,1,-1,-1,1,-1,-1,-1,-1,1,1,-1,-1,1,0.010439199395477772
-1,1,1,-1,-1,1,-1,-1,1,-1,-1,1,-1,1,1,-1,-1,-1,0.009630524553358555
-1,1,1,-1,-1,1,-1,-1,1,-1,-1,1,1,-1,-1,-1,-1,-1,0.010040461085736752
-1,1,1,-1,-1,1,-1,-1,1,-1,-1,1,1,-1,-1,1,1,1,0.009671869687736034
-1,1,1,-1,-1,1,-1,-1,1,-1,-1,1,1,1,-1,1,-1,1,0.009424234740436077
-1,1,1,-1,-1,1,-1,-1,1,-1,1,-1,1,-1,1,-1,1,-1,0.010798424482345581
-1,1,1,-1,-1,1,-1,-1,1,-1,1,-1,1,-1,1,1,-1,-1,0.010051186196506023
-1,1,1,-1,-1,1,-1,-1,1,-1,1,-1,1,1,1,-1,-1,1,0.010822889395058155
-1,1,1,-1,-1,1,-1,-1,1,-1,1,1,-1,1,1,-1,-1,1,0.009898322634398937
-1,1,1,-1,-1,1,-1,-1,1,-1,1,1,-1,1,1,-1,1,-1,0.009651726111769676
-1,1,1,-1,-1,1,-1,-1,1,-1,1,1,1,-1,1,1,-1,1,0.009817799553275108
-1,1,1,-1,-1,1,-1,-1,1,1,-1,-1,-1,-1,1,-1,-1,1,0.009883346036076546
-1,1,1,-1,-1,1,-1,-1,1,1,-1,-1,-1,1,-1,1,1,-1,0.008529026992619038
-1,1,1,-1,-1,1,-1,-1,1,1,-1,-1,1,-1,-1,-1,1,1,0.010130362585186958
-1,1,1,-1,-1,1,-1,-1,1,1,-1,1,-1,-1,-1,-1,1,-1,0.008890731260180473
-1,1,1,-1,-1,1,-1,-1,1,1,-1,1,-1,1,-1,-1,-1,-1,0.008645717054605484
-1,1,1,-1,-1,1,-1,-1,1,1,-1,1,-1,1,-1,-1,1,1,0.008989603258669376
-1,1,1,-1,-1,1,-1,-1,1,1,-1,1,1,1,1,1,-1,1,0.008846437558531761
-1,1,1,-1,-1,1,-1,-1,1,1,1,-1,-1,-1,1,1,-1,-1,0.008875953033566475
-1,1,1,-1,-1,1,-1,-1,1,1,1,-1,1,-1,1,1,-1,-1,0.009273202158510685
-1,1,1,-1,-1,1,-1,-1,1,1,1,-1,1,-1,1,1,-1,1,0.009573071263730526
-1,1,1,-1,-1,1,-1,-1,1,1,1,-1,1,-1,1,1,1,1,0.009607831947505474
-1,1,1,-1,-1,1,-1,-1,1,1,1,1,-1,-1,-1,-1,-1,-1,0.008839094080030918
-1,1,1,-1,-1,1,-1,-1,1,1,1,1,-1,1,-1,1,-1,-1,0.007932255044579506
-1,1,1,-1,-1,1,-1,-1,1,1,1,1,-1,1,1,-1,1,-1,0.00886448472738266
-1,1,1,-1,-1,1,-1,-1,1,1,1,1,1,-1,1,1,1,1,0.009083831682801247
-1,1,1,-1,-1,1,-1,-1,1,1,1,1,1,1,-1,-1,-1,-1,0.009023468010127544
-1,1,1,-1,-1,1,-1,1,-1,-1,-1,1,1,-1,1,1,1,1,0.009863743558526039
-1,1,1,-1,-1,1,-1,1,-1,-1,-1,1,1,1,1,-1,1,1,0.01035671029239893
-1,1,1,-1,-1,1,-1,1,-1,-1,1,-1,-1,-1,-1,1,-1,-1,0.009435484185814857
-1,1,1,-1,-1,1,-1,1,-1,-1,1,-1,-1,1,1,-1,-1,-1,0.010129335336387157
-1,1,1,-1,-1,1,-1,1,-1,-1,1,-1,1,1,-1,1,1,-1,0.009679069742560387
-1,1,1,-1,-1,1,-1,1,-1,-1,1,1,-1,-1,1,-1,1,1,0.010143582709133625
-1,1,1,-1,-1,1,-1,1,-1,1,-1,-1,-1,1,-1,1,1,1,0.008817264810204506
-1,1,1,-1,-1,1,-1,1,-1,1,-1,-1,1,1,-1,1,-1,1,0.00918569229543209
-1,1,1,-1,-1,1,-1,1,-1,1,-1,1,-1,1,1,-1,-1,-1,0.008843529969453812
-1,1,1,-1,-1,1,-1,1,-1,1,-1,1,-1,1,1,-1,1,-1,0.008890864439308643
-1,1,1,-1,-1,1,-1,1,-1,1,-1,1,-1,1,1,1,1,1,0.008484195917844772
-1,1,1,-1,-1,1,-1,1,-1,1,-1,1,1,-1,-1,-1,-1,1,0.009538139216601849
-1,1,1,-1,-1,1,-1,1,-1,1,-1,1,1,-1,1,-1,-1,-1,0.009466227144002914
-1,1,1,-1,-1,1,-1,1,-1,1,-1,1,1,-1,1,-1,1,-1,0.009504305198788643
-1,1,1,-1,-1,1,-1,1,-1,1,-1,1,1,1,1,-1,-1,1,0.009543965570628643
-1,1,1,-1,-1,1,-1,1,-1,1,1,1,-1,-1,-1,1,-1,1,0.0084207933396101
-1,1,1,-1,-1,1,-1,1,-1,1,1,1,-1,1,-1,-1,1,-1,0.008670482784509659
-1,1,1,-1,-1,1,-1,1,-1,1,1,1,1,-1,1,-1,1,-1,0.00947223324328661
-1,1,1,-1,-1,1,-1,1,1,-1,-1,1,-1,-1,1,-1,-1,1,0.010183598846197128
-1,1,1,-1,-1,1,-1,1,1,-1,-1,1,1,1,-1,1,-1,-1,0.009189147502183914
-1,1,1,-1,-1,1,-1,1,1,-1,1,-1,-1,1,1,1,1,-1,0.009540606290102005
-1,1,1,-1,-1,1,-1,1,1,1,-1,-1,-1,1,1,1,-1,-1,0.00873810239136219
-1,1,1,-1,-1,1,-1,1,1,1,-1,-1,1,-1,-1,1,1,1,0.009491924196481705
-1,1,1,-1,-1,1,-1,1,1,1,-1,1,1,-1,-1,-1,1,-1,0.009367957711219788
-1,1,1,-1,-1,1,-1,1,1,1,-1,1,1,-1,-1,1,1,1,0.008964606560766697
-1,1,1,-1,-1,1,-1,1,1,1,-1,1,1,1,1,1,1,-1,0.00865536741912365
-1,1,1,-1,-1,1,-1,1,1,1,1,-1,-1,-1,1,1,1,-1,0.00897217821329832
-1,1,1,-1,-1,1,-1,1,1,1,1,-1,1,1,-1,1,1,-1,0.008977498859167099
-1,1,1,-1,-1,1,-1,1,1,1,1,-1,1,1,1,-1,1,-1,0.009869029745459557
-1,1,1,-1,-1,1,-1,1,1,1,1,1,-1,1,1,1,1,1,0.008516659960150719
-1,1,1,-1,-1,1,1,-1,-1,-1,-1,-1,1,-1,-1,1,1,1,0.01085034478455782
-1,1,1,-1,-1,1,1,-1,-1,-1,-1,-1,1,1,-1,1,-1,1,0.010590136051177979
-1,1,1,-1,-1,1,1,-1,-1,-1,-1,1,-1,1,-1,1,1,-1,0.009403778240084648
-1,1,1,-1,-1,1,1,-1,-1,-1,-1,1,1,1,-1,-1,1,-1,0.010519442148506641
-1,1,1,-1,-1,1,1,-1,-1,-1,-1,1,1,1,1,1,1,-1,0.010019727051258087
-1,1,1,-1,-1,1,1,-1,-1,-1,1,-1,-1,-1,-1,1,1,-1,0.010136350989341736
-1,1,1,-1,-1,1,1,-1,-1,-1,1,-1,1,-1,-1,-1,-1,-1,0.011183545924723148
-1,1,1,-1,-1,1,1,-1,-1,-1,1,-1,1,-1,-1,1,1,1,0.010833468288183212
-1,1,1,-1,-1,1,1,-1,-1,-1,1,-1,1,1,1,1,1,1,0.01082409918308258
-1,1,1,-1,-1,1,1,-1,-1,-1,1,1,-1,-1,-1,1,1,-1,0.009593836963176727
-1,1,1,-1,-1,1,1,-1,-1,-1,1,1,-1,-1,1,1,-1,1,0.010037999600172043
-1,1,1,-1,-1,1,1,-1,-1,-1,1,1,-1,1,-1,1,-1,-1,0.00934288464486599
-1,1,1,-1,-1,1,1,-1,-1,1,-1,-1,-1,1,-1,-1,1,1,0.010149565525352955
-1,1,1,-1,-1,1,1,-1,-1,1,-1,-1,-1,1,1,1,1,-1,0.009374432265758514
-1,1,1,-1,-1,1,1,-1,-1,1,-1,-1,1,-1,-1,-1,1,1,0.01077820174396038
-1,1,1,-1,-1,1,1,-1,-1,1,-1,-1,1,-1,-1,1,1,1,0.010074981488287449
-1,1,1,-1,-1,1,1,-1,-1,1,-1,1,-1,-1,1,1,-1,1,0.009298025630414486
-1,1,1,-1,-1,1,1,-1,-1,1,1,-1,1,-1,-1,1,1,-1,0.009764870628714561
-1,1,1,-1,-1,1,1,-1,-1,1,1,1,-1,1,-1,-1,1,-1,0.009308818727731705
-1,1,1,-1,-1,1,1,-1,-1,1,1,1,-1,1,1,-1,-1,-1,0.009471625089645386
-1,1,1,-1,-1,1,1,-1,-1,1,1,1,1,-1,-1,1,-1,1,0.00948414858430624
-1,1,1,-1,-1,1,1,-1,-1,1,1,1,1,-1,-1,1,1,-1,0.00923161394894123
-1,1,1,-1,-1,1,1,-1,1,-1,-1,-1,-1,-1,1,-1,1,-1,0.011117853224277496
-1,1,1,-1,-1,1,1,-1,1,-1,-1,-1,1,1,1,1,-1,1,0.01085485890507698
-1,1,1,-1,-1,1,1,-1,1,-1,1,-1,-1,-1,1,-1,1,-1,0.011085781268775463
-1,1,1,-1,-1,1,1,-1,1,-1,1,1,-1,-1,-1,-1,1,-1,0.010358275845646858
-1,1,1,-1,-1,1,1,-1,1,-1,1,1,1,-1,1,1,1,1,0.010558996349573135
-1,1,1,-1,-1,1,1,-1,1,1,-1,-1,-1,-1,-1,1,-1,1,0.00967973843216896
-1,1,1,-1,-1,1,1,-1,1,1,-1,-1,1,1,-1,-1,1,-1,0.010335932485759258
-1,1,1,-1,-1,1,1,-1,1,1,1,-1,-1,-1,-1,1,1,1,0.009716135449707508
-1,1,1,-1,-1,1,1,-1,1,1,1,-1,-1,1,1,-1,1,1,0.010394443292170763
-1,1,1,-1,-1,1,1,-1,1,1,1,-1,1,1,-1,1,-1,-1,0.009581075049936771
-1,1,1,-1,-1,1,1,-1,1,1,1,1,-1,-1,-1,1,1,-1,0.008886327035725117
-1,1,1,-1,-1,1,1,-1,1,1,1,1,1,-1,-1,1,1,-1,0.00929283257573843
-1,1,1,-1,-1,1,1,-1,1,1,1,1,1,-1,-1,1,1,1,0.009583445265889168
-1,1,1,-1,-1,1,1,1,-1,-1,-1,-1,-1,-1,1,1,1,-1,0.01040893979370594
-1,1,1,-1,-1,1,1,1,-1,-1,-1,-1,-1,1,-1,1,-1,-1,0.009957799687981606
-1,1,1,-1,-1,1,1,1,-1,-1,-1,-1,-1,1,1,-1,-1,1,0.01113662589341402
-1,1,1,-1,-1,1,1,1,-1,-1,-1,1,-1,-1,-1,1,-1,1,0.00991283543407917
-1,1,1,-1,-1,1,1,1,-1,-1,-1,1,1,1,1,-1,-1,1,0.011019130237400532
-1,1,1,-1,-1,1,1,1,-1,-1,1,-1,1,1,1,1,1,1,0.010885563679039478
-1,1,1,-1,-1,1,1,1,-1,-1,1,1,-1,-1,1,-1,-1,-1,0.010512071661651134
-1,1,1,-1,-1,1,1,1,-1,-1,1,1,1,-1,-1,-1,-1,-1,0.01069987565279007
-1,1,1,-1,-1,1,1,1,-1,-1,1,1,1,-1,1,-1,1,1,0.01123801153153181
-1,1,1,-1,-1,1,1,1,-1,1,-1,-1,-1,-1,-1,-1,-1,1,0.010377266444265842
-1,1,1,-1,-1,1,1,1,-1,1,-1,1,1,1,-1,1,1,-1,0.00910301972180605
-1,1,1,-1,-1,1,1,1,-1,1,1,-1,-1,1,-1,-1,1,1,0.010191532783210278
-1,1,1,-1,-1,1,1,1,-1,1,1,-1,1,-1,1,-1,1,1,0.011014417745172977
-1,1,1,-1,-1,1,1,1,-1,1,1,1,-1,1,1,-1,1,-1,0.009567850269377232
-1,1,1,-1,-1,1,1,1,1,-1,-1,-1,-1,-1,-1,-1,1,1,0.011251229792833328
-1,1,1,-1,-1,1,1,1,1,-1,-1,1,-1,-1,1,1,-1,1,0.010192753747105598
-1,1,1,-1,-1,1,1,1,1,-1,-1,1,-1,1,-1,-1,-1,1,0.010476277209818363
-1,1,1,-1,-1,1,1,1,1,-1,1,-1,-1,-1,-1,1,-1,-1,0.01019982062280178
-1,1,1,-1,-1,1,1,1,1,-1,1,-1,-1,1,-1,1,-1,1,0.01027755904942751
-1,1,1,-1,-1,1,1,1,1,-1,1,-1,1,1,1,1,-1,1,0.0108875697478652
-1,1,1,-1,-1,1,1,1,1,1,-1,1,-1,1,-1,-1,-1,-1,0.009407679550349712
-1,1,1,-1,-1,1,1,1,1,1,-1,1,1,-1,1,1,1,-1,0.009565421380102634
-1,1,1,-1,-1,1,1,1,1,1,1,-1,-1,1,1,1,-1,-1,0.009418405592441559
-1,1,1,-1,-1,1,1,1,1,1,1,-1,1,1,1,1,-1,-1,0.00983084924519062
-1,1,1,-1,-1,1,1,1,1,1,1,1,-1,-1,1,-1,-1,1,0.010076661594212055
-1,1,1,-1,-1,1,1,1,1,1,1,1,-1,1,1,1,-1,1,0.009181699715554714
-1,1,1,-1,-1,1,1,1,1,1,1,1,1,1,1,-1,-1,-1,0.010000812821090221
-1,1,1,-1,-1,1,1,1,1,1,1,1,1,1,1,-1,1,-1,0.010044829919934273
-1,1,1,-1,-1,1,1,1,1,1,1,1,1,1,1,1,1,-1,0.009341609664261341
-1,1,1,-1,1,-1,-1,-1,-1,-1,-1,-1,1,1,-1,-1,-1,-1,0.010302945971488953
-1,1,1,-1,1,-1,-1,-1,-1,-1,-1,1,-1,-1,-1,1,-1,1,0.009157511405646801
-1,1,1,-1,1,-1,-1,-1,-1,-1,1,-1,1,-1,-1,-1,-1,-1,0.010477809235453606
-1,1,1,-1,1,-1,-1,-1,-1,-1,1,-1,1,-1,1,1,-1,1,0.010277963243424892
-1,1,1,-1,1,-1,-1,-1,-1,-1,1,-1,1,1,1,-1,-1,1,0.010768309235572815
-1,1,1,-1,1,-1,-1,-1,-1,-1,1,1,-1,1,1,1,-1,-1,0.008834714069962502
-1,1,1,-1,1,-1,-1,-1,-1,-1,1,1,1,-1,1,1,-1,-1,0.009457411244511604
-1,1,1,-1,1,-1,-1,-1,-1,-1,1,1,1,-1,1,1,1,1,0.009788723662495613
-1,1,1,-1,1,-1,-1,-1,-1,-1,1,1,1,1,1,-1,1,1,0.010275752283632755
-1,1,1,-1,1,-1,-1,-1,-1,1,-1,-1,-1,-1,-1,-1,-1,-1,0.009325391612946987
-1,1,1,-1,1,-1,-1,-1,-1,1,-1,-1,1,-1,1,-1,-1,1,0.010226015001535416
-1,1,1,-1,1,-1,-1,-1,-1,1,-1,1,1,-1,1,-1,-1,-1,0.009408083744347095
-1,1,1,-1,1,-1,-1,-1,-1,1,1,-1,-1,1,-1,1,-1,-1,0.008398358710110188
-1,1,1,-1,1,-1,-1,-1,-1,1,1,-1,-1,1,1,-1,1,-1,0.009343162178993225
-1,1,1,-1,1,-1,-1,-1,-1,1,1,1,-1,1,-1,-1,1,-1,0.008603082969784737
-1,1,1,-1,1,-1,-1,-1,-1,1,1,1,-1,1,1,-1,1,-1,0.008806588128209114
-1,1,1,-1,1,-1,-1,-1,-1,1,1,1,-1,1,1,1,-1,-1,0.008077863603830338
-1,1,1,-1,1,-1,-1,-1,-1,1,1,1,1,1,-1,-1,1,-1,0.009006618522107601
-1,1,1,-1,1,-1,-1,-1,-1,1,1,1,1,1,-1,1,1,1,0.008600298315286636
-1,1,1,-1,1,-1,-1,-1,1,-1,-1,1,-1,-1,-1,-1,1,1,0.009950771927833557
-1,1,1,-1,1,-1,-1,-1,1,-1,-1,1,-1,-1,1,1,-1,-1,0.009140878915786743
-1,1,1,-1,1,-1,-1,-1,1,-1,-1,1,-1,1,-1,1,-1,-1,0.008721181191504002
-1,1,1,-1,1,-1,-1,-1,1,-1,-1,1,1,-1,1,-1,-1,1,0.010531960986554623
-1,1,1,-1,1,-1,-1,-1,1,-1,1,-1,-1,-1,-1,1,1,-1,0.009482575580477715
-1,1,1,-1,1,-1,-1,-1,1,-1,1,-1,-1,1,1,-1,-1,-1,0.010129092261195183
-1,1,1,-1,1,-1,-1,-1,1,-1,1,-1,1,-1,-1,1,1,1,0.010183011181652546
-1,1,1,-1,1,-1,-1,-1,1,-1,1,1,-1,-1,1,1,-1,-1,0.009118063375353813
-1,1,1,-1,1,-1,-1,-1,1,-1,1,1,-1,1,1,1,-1,-1,0.008901870809495449
-1,1,1,-1,1,-1,-1,-1,1,-1,1,1,1,-1,1,1,-1,1,0.009805925190448761
-1,1,1,-1,1,-1,-1,-1,1,-1,1,1,1,-1,1,1,1,1,0.009859198704361916
-1,1,1,-1,1,-1,-1,-1,1,-1,1,1,1,1,-1,1,1,1,0.009439500980079174
-1,1,1,-1,1,-1,-1,-1,1,1,-1,-1,-1,1,-1,-1,1,1,0.009520242922008038
-1,1,1,-1,1,-1,-1,-1,1,1,-1,-1,-1,1,-1,1,-1,1,0.008776322938501835
-1,1,1,-1,1,-1,-1,-1,1,1,-1,-1,1,1,-1,-1,1,1,0.009920809417963028
-1,1,1,-1,1,-1,-1,-1,1,1,-1,1,-1,1,1,1,-1,1,0.008437314070761204
-1,1,1,-1,1,-1,-1,-1,1,1,-1,1,1,-1,-1,1,-1,-1,0.008565894328057766
-1,1,1,-1,1,-1,-1,-1,1,1,-1,1,1,1,-1,-1,-1,1,0.009343535639345646
-1,1,1,-1,1,-1,-1,-1,1,1,1,-1,-1,1,-1,1,-1,1,0.008750190027058125
-1,1,1,-1,1,-1,-1,-1,1,1,1,-1,-1,1,1,1,-1,-1,0.008672338910400867
-1,1,1,-1,1,-1,-1,-1,1,1,1,-1,1,1,1,1,1,1,0.009404216893017292
-1,1,1,-1,1,-1,-1,-1,1,1,1,1,-1,-1,-1,1,1,-1,0.008177272975444794
-1,1,1,-1,1,-1,-1,-1,1,1,1,1,-1,-1,1,1,1,1,0.008680647239089012
-1,1,1,-1,1,-1,-1,-1,1,1,1,1,1,-1,1,1,-1,-1,0.008746583946049213
-1,1,1,-1,1,-1,-1,-1,1,1,1,1,1,1,1,1,-1,1,0.00882694311439991
-1,1,1,-1,1,-1,-1,1,-1,-1,-1,-1,-1,-1,-1,-1,1,1,0.010478336364030838
-1,1,1,-1,1,-1,-1,1,-1,-1,-1,-1,-1,1,-1,-1,1,-1,0.00998078752309084
-1,1,1,-1,1,-1,-1,1,-1,-1,-1,-1,1,1,1,-1,1,-1,0.010605993680655956
-1,1,1,-1,1,-1,-1,1,-1,-1,-1,-1,1,1,1,1,1,-1,0.009906090795993805
-1,1,1,-1,1,-1,-1,1,-1,-1,-1,1,-1,-1,-1,-1,1,1,0.009945079684257507
-1,1,1,-1,1,-1,-1,1,-1,-1,-1,1,-1,1,1,-1,1,1,0.00995684415102005
-1,1,1,-1,1,-1,-1,1,-1,-1,-1,1,-1,1,1,1,1,-1,0.008966328576207161
-1,1,1,-1,1,-1,-1,1,-1,-1,-1,1,1,-1,-1,1,-1,1,0.009619542397558689
-1,1,1,-1,1,-1,-1,1,-1,-1,1,-1,-1,1,1,1,-1,1,0.009720047935843468
-1,1,1,-1,1,-1,-1,1,-1,-1,1,-1,1,1,-1,-1,-1,1,0.010611074045300484
-1,1,1,-1,1,-1,-1,1,-1,-1,1,1,1,-1,1,-1,-1,-1,0.010203583166003227
-1,1,1,-1,1,-1,-1,1,-1,-1,1,1,1,-1,1,-1,-1,1,0.01049751415848732
-1,1,1,-1,1,-1,-1,1,-1,1,-1,-1,-1,1,-1,1,1,-1,0.00851477775722742
-1,1,1,-1,1,-1,-1,1,-1,1,-1,-1,1,1,-1,1,1,1,0.009221152402460575
-1,1,1,-1,1,-1,-1,1,-1,1,-1,1,-1,-1,1,-1,1,1,0.00939173437654972
-1,1,1,-1,1,-1,-1,1,-1,1,-1,1,1,1,-1,1,-1,1,0.008643878623843193
-1,1,1,-1,1,-1,-1,1,-1,1,-1,1,1,1,1,-1,1,-1,0.009291433729231358
-1,1,1,-1,1,-1,-1,1,-1,1,-1,1,1,1,1,1,1,-1,0.00859746988862753
-1,1,1,-1,1,-1,-1,1,-1,1,1,-1,-1,-1,-1,-1,-1,-1,0.009354784153401852
-1,1,1,-1,1,-1,-1,1,-1,1,1,-1,-1,-1,1,1,-1,1,0.009158255532383919
-1,1,1,-1,1,-1,-1,1,-1,1,1,1,-1,-1,-1,1,-1,1,0.00842149369418621
-1,1,1,-1,1,-1,-1,1,-1,1,1,1,-1,1,1,-1,-1,-1,0.008812157437205315
-1,1,1,-1,1,-1,-1,1,1,-1,-1,-1,-1,1,1,1,1,-1,0.00955617567524314
-1,1,1,-1,1,-1,-1,1,1,-1,-1,-1,1,-1,1,-1,1,1,0.011155503802001476
-1,1,1,-1,1,-1,-1,1,1,-1,-1,1,1,1,-1,1,1,1,0.009517841972410679
-1,1,1,-1,1,-1,-1,1,1,-1,-1,1,1,1,1,1,-1,-1,0.009390035644173622
-1,1,1,-1,1,-1,-1,1,1,-1,-1,1,1,1,1,1,1,-1,0.009434051811695099
-1,1,1,-1,1,-1,-1,1,1,1,-1,-1,1,1,-1,1,1,1,0.00927905272692442
-1,1,1,-1,1,-1,-1,1,1,1,-1,-1,1,1,1,-1,-1,1,0.010132504627108574
-1,1,1,-1,1,-1,-1,1,1,1,1,-1,-1,-1,-1,1,-1,-1,0.008722038008272648
-1,1,1,-1,1,-1,-1,1,1,1,1,-1,1,-1,1,1,-1,-1,0.009326109662652016
-1,1,1,-1,1,-1,-1,1,1,1,1,1,-1,-1,1,1,-1,-1,0.008401542901992798
-1,1,1,-1,1,-1,1,-1,-1,-1,-1,-1,-1,-1,1,-1,-1,1,0.01129135675728321
-1,1,1,-1,1,-1,1,-1,-1,-1,-1,-1,-1,-1,1,1,-1,-1,0.010310097597539425
-1,1,1,-1,1,-1,1,-1,-1,-1,-1,-1,1,-1,-1,1,1,-1,0.010547857731580734
-1,1,1,-1,1,-1,1,-1,-1,-1,-1,-1,1,1,1,-1,-1,-1,0.011194374412298203
-1,1,1,-1,1,-1,1,-1,-1,-1,-1,1,-1,-1,1,-1,-1,1,0.010767356492578983
-1,1,1,-1,1,-1,1,-1,-1,-1,-1,1,1,-1,1,-1,-1,-1,0.010877309367060661
-1,1,1,-1,1,-1,1,-1,-1,-1,-1,1,1,-1,1,1,1,-1,0.010218106210231781
-1,1,1,-1,1,-1,1,-1,-1,-1,1,-1,-1,-1,1,1,-1,1,0.010574577376246452
-1,1,1,-1,1,-1,1,-1,-1,-1,1,-1,1,-1,-1,1,-1,-1,0.010481025092303753
-1,1,1,-1,1,-1,1,-1,-1,-1,1,-1,1,1,-1,1,-1,1,0.010564702562987804
-1,1,1,-1,1,-1,1,-1,-1,1,-1,-1,-1,1,1,1,1,1,0.00965648889541626
-1,1,1,-1,1,-1,1,-1,-1,1,-1,1,-1,-1,1,1,-1,-1,0.009004794992506504
-1,1,1,-1,1,-1,1,-1,-1,1,-1,1,1,-1,1,-1,-1,-1,0.01010194607079029
-1,1,1,-1,1,-1,1,-1,-1,1,-1,1,1,-1,1,1,1,-1,0.009461255744099617
-1,1,1,-1,1,-1,1,-1,-1,1,1,-1,-1,-1,-1,-1,1,1,0.010331068187952042
-1,1,1,-1,1,-1,1,-1,-1,1,1,-1,-1,-1,-1,1,-1,-1,0.009311730973422527
-1,1,1,-1,1,-1,1,-1,-1,1,1,-1,1,-1,-1,1,1,-1,0.009758935309946537
-1,1,1,-1,1,-1,1,-1,-1,1,1,1,-1,-1,-1,-1,-1,1,0.009768989868462086
-1,1,1,-1,1,-1,1,-1,-1,1,1,1,1,-1,-1,1,-1,-1,0.009184978902339935
-1,1,1,-1,1,-1,1,-1,-1,1,1,1,1,1,-1,1,-1,1,0.009268656373023987
-1,1,1,-1,1,-1,1,-1,1,-1,-1,-1,-1,-1,-1,1,-1,1,0.01045510545372963
-1,1,1,-1,1,-1,1,-1,1,-1,-1,-1,1,1,-1,-1,-1,1,0.011351956985890865
-1,1,1,-1,1,-1,1,-1,1,-1,-1,-1,1,1,-1,1,-1,-1,0.010373318567872047
-1,1,1,-1,1,-1,1,-1,1,-1,-1,1,-1,-1,-1,1,-1,1,0.009921848773956299
-1,1,1,-1,1,-1,1,-1,1,-1,-1,1,-1,-1,1,-1,1,1,0.010857395827770233
-1,1,1,-1,1,-1,1,-1,1,-1,-1,1,1,-1,-1,-1,1,1,0.011069652624428272
-1,1,1,-1,1,-1,1,-1,1,-1,-1,1,1,1,-1,1,1,1,0.010165435262024403
-1,1,1,-1,1,-1,1,-1,1,-1,-1,1,1,1,1,-1,-1,1,0.011022205464541912
-1,1,1,-1,1,-1,1,-1,1,-1,1,-1,-1,1,-1,1,1,1,0.010269371792674065
-1,1,1,-1,1,-1,1,-1,1,-1,1,-1,1,-1,-1,-1,-1,1,0.011542016640305519
-1,1,1,-1,1,-1,1,-1,1,-1,1,-1,1,-1,1,-1,1,-1,0.011489668861031532
-1,1,1,-1,1,-1,1,-1,1,-1,1,1,1,1,-1,-1,-1,1,0.01079256646335125
-1,1,1,-1,1,-1,1,-1,1,1,-1,-1,-1,1,-1,-1,1,1,0.010217422619462013
-1,1,1,-1,1,-1,1,-1,1,1,-1,-1,1,1,1,1,-1,-1,0.009789582341909409
-1,1,1,-1,1,-1,1,-1,1,1,-1,1,-1,-1,1,-1,-1,1,0.01005059015005827
-1,1,1,-1,1,-1,1,-1,1,1,-1,1,-1,1,-1,-1,-1,-1,0.009349536150693893
-1,1,1,-1,1,-1,1,-1,1,1,1,-1,1,1,1,-1,1,-1,0.010510686784982681
-1,1,1,-1,1,-1,1,-1,1,1,1,1,-1,-1,1,-1,1,-1,0.009781178086996078
-1,1,1,-1,1,-1,1,-1,1,1,1,1,-1,1,-1,-1,1,1,0.009659691713750362
-1,1,1,-1,1,-1,1,-1,1,1,1,1,1,1,1,1,-1,1,0.009530061855912209
-1,1,1,-1,1,-1,1,-1,1,1,1,1,1,1,1,1,1,-1,0.009283466264605522
-1,1,1,-1,1,-1,1,1,-1,-1,-1,-1,-1,1,1,1,-1,1,0.010445982217788696
-1,1,1,-1,1,-1,1,1,-1,-1,-1,-1,1,1,1,-1,1,-1,0.011293916963040829
-1,1,1,-1,1,-1,1,1,-1,-1,-1,1,1,-1,1,1,1,-1,0.010288827121257782
-1,1,1,-1,1,-1,1,1,-1,-1,1,-1,-1,-1,1,-1,-1,-1,0.011036772280931473
-1,1,1,-1,1,-1,1,1,-1,-1,1,-1,1,-1,1,-1,-1,1,0.011739828623831272
-1,1,1,-1,1,-1,1,1,-1,-1,1,1,-1,-1,1,1,1,1,0.010140863247215748
-1,1,1,-1,1,-1,1,1,-1,-1,1,1,-1,1,-1,1,-1,-1,0.009399110451340675
-1,1,1,-1,1,-1,1,1,-1,-1,1,1,1,-1,-1,-1,-1,-1,0.010703196749091148
-1,1,1,-1,1,-1,1,1,-1,-1,1,1,1,-1,1,-1,1,1,0.01124464999884367
-1,1,1,-1,1,-1,1,1,-1,1,-1,-1,-1,1,-1,-1,1,1,0.010211730375885963
-1,1,1,-1,1,-1,1,1,-1,1,-1,1,-1,-1,-1,-1,-1,1,0.009841391816735268
-1,1,1,-1,1,-1,1,1,-1,1,-1,1,-1,-1,-1,1,1,-1,0.008900832384824753
-1,1,1,-1,1,-1,1,1,-1,1,-1,1,-1,1,1,-1,-1,1,0.009843899868428707
-1,1,1,-1,1,-1,1,1,-1,1,-1,1,1,-1,1,1,1,-1,0.009501585736870766
-1,1,1,-1,1,-1,1,1,-1,1,1,-1,-1,-1,1,-1,1,1,0.010596037842333317
-1,1,1,-1,1,-1,1,1,-1,1,1,-1,-1,-1,1,1,-1,-1,0.0095674442127347
-1,1,1,-1,1,-1,1,1,-1,1,1,1,-1,-1,1,1,-1,-1,0.009043443948030472
-1,1,1,-1,1,-1,1,1,-1,1,1,1,-1,1,1,-1,-1,1,0.009815146215260029
-1,1,1,-1,1,-1,1,1,-1,1,1,1,1,1,1,-1,-1,-1,0.00993103813380003
-1,1,1,-1,1,-1,1,1,1,-1,-1,-1,-1,-1,1,-1,-1,1,0.011411418206989765
-1,1,1,-1,1,-1,1,1,1,-1,-1,-1,-1,-1,1,1,1,1,0.010758154094219208
-1,1,1,-1,1,-1,1,1,1,-1,-1,-1,1,-1,-1,-1,1,1,0.011655117385089397
-1,1,1,-1,1,-1,1,1,1,-1,-1,-1,1,-1,1,-1,1,-1,0.011568009853363037
-1,1,1,-1,1,-1,1,1,1,-1,-1,-1,1,1,-1,1,-1,1,0.010713518597185612
-1,1,1,-1,1,-1,1,1,1,-1,-1,1,-1,-1,-1,1,1,-1,0.009734096005558968
-1,1,1,-1,1,-1,1,1,1,-1,-1,1,1,1,-1,-1,1,1,0.010924181900918484
-1,1,1,-1,1,-1,1,1,1,-1,1,-1,-1,-1,1,-1,-1,-1,0.011094672605395317
-1,1,1,-1,1,-1,1,1,1,-1,1,-1,-1,-1,1,-1,-1,1,0.011379346251487732
-1,1,1,-1,1,-1,1,1,1,-1,1,-1,1,-1,-1,1,1,-1,0.010656981728971004
-1,1,1,-1,1,-1,1,1,1,-1,1,-1,1,-1,1,1,-1,1,0.011097826063632965
-1,1,1,-1,1,-1,1,1,1,-1,1,-1,1,1,-1,1,1,1,0.010740659199655056
-1,1,1,-1,1,-1,1,1,1,1,-1,-1,1,1,-1,-1,1,1,0.010670197196304798
-1,1,1,-1,1,-1,1,1,1,1,-1,1,-1,-1,-1,1,-1,-1,0.008908776566386223
-1,1,1,-1,1,-1,1,1,1,1,-1,1,-1,1,1,1,-1,1,0.009205215610563755
-1,1,1,-1,1,-1,1,1,1,1,1,-1,-1,1,1,1,-1,-1,0.009425044059753418
-1,1,1,-1,1,-1,1,1,1,1,1,-1,1,-1,1,1,1,1,0.010363858193159103
-1,1,1,-1,1,-1,1,1,1,1,1,1,-1,-1,-1,1,1,1,0.009226529859006405
-1,1,1,-1,1,-1,1,1,1,1,1,1,1,-1,1,-1,1,1,0.010533822700381279
-1,1,1,-1,1,1,-1,-1,-1,-1,-1,-1,-1,-1,1,-1,1,1,0.010794327594339848
-1,1,1,-1,1,1,-1,-1,-1,-1,-1,1,-1,-1,1,-1,1,1,0.010264389216899872
-1,1,1,-1,1,1,-1,-1,-1,-1,-1,1,-1,-1,1,1,1,-1,0.009285750798881054
-1,1,1,-1,1,1,-1,-1,-1,-1,-1,1,1,1,1,1,-1,-1,0.009432046674191952
-1,1,1,-1,1,1,-1,-1,-1,-1,1,-1,-1,-1,-1,1,-1,1,0.009824087843298912
-1,1,1,-1,1,1,-1,-1,-1,-1,1,-1,1,-1,1,1,1,-1,0.010196758434176445
-1,1,1,-1,1,1,-1,-1,-1,-1,1,1,-1,-1,-1,1,1,-1,0.009050173684954643
-1,1,1,-1,1,1,-1,-1,-1,1,-1,-1,1,-1,1,-1,-1,-1,0.010097474791109562
-1,1,1,-1,1,1,-1,-1,-1,1,-1,-1,1,-1,1,1,1,1,0.009744079783558846
-1,1,1,-1,1,1,-1,-1,-1,1,1,-1,-1,-1,-1,1,1,-1,0.008805445395410061
-1,1,1,-1,1,1,-1,-1,-1,1,1,-1,-1,1,1,-1,-1,1,0.009742574766278267
-1,1,1,-1,1,1,-1,-1,-1,1,1,-1,-1,1,1,-1,1,-1,0.009511174634099007
-1,1,1,-1,1,1,-1,-1,-1,1,1,-1,1,1,-1,1,1,-1,0.009005014784634113
-1,1,1,-1,1,1,-1,-1,-1,1,1,1,-1,1,-1,-1,1,-1,0.008759217336773872
-1,1,1,-1,1,1,-1,-1,-1,1,1,1,-1,1,1,1,1,-1,0.008283953182399273
-1,1,1,-1,1,1,-1,-1,-1,1,1,1,1,1,-1,1,1,1,0.008771628141403198
-1,1,1,-1,1,1,-1,-1,-1,1,1,1,1,1,1,-1,1,1,0.00966577883809805
-1,1,1,-1,1,1,-1,-1,1,-1,-1,-1,1,-1,-1,-1,-1,-1,0.01071797776967287
-1,1,1,-1,1,1,-1,-1,1,-1,-1,-1,1,-1,-1,1,-1,1,0.01031462661921978
-1,1,1,-1,1,1,-1,-1,1,-1,-1,1,-1,-1,1,1,1,1,0.009622386656701565
-1,1,1,-1,1,1,-1,-1,1,-1,-1,1,1,-1,-1,1,1,1,0.009834643453359604
-1,1,1,-1,1,1,-1,-1,1,-1,-1,1,1,-1,1,-1,-1,-1,0.010388225317001343
-1,1,1,-1,1,1,-1,-1,1,-1,1,-1,-1,-1,-1,1,1,1,0.009935261681675911
-1,1,1,-1,1,1,-1,-1,1,-1,1,-1,-1,-1,1,-1,1,-1,0.010545436292886734
-1,1,1,-1,1,1,-1,-1,1,-1,1,-1,1,-1,-1,-1,-1,1,0.010985774919390678
-1,1,1,-1,1,1,-1,-1,1,-1,1,-1,1,-1,1,-1,-1,1,0.011204475536942482
-1,1,1,-1,1,1,-1,-1,1,-1,1,-1,1,1,-1,-1,1,-1,0.010547438636422157
-1,1,1,-1,1,1,-1,-1,1,-1,1,1,1,-1,1,-1,1,1,0.010715235956013203
-1,1,1,-1,1,1,-1,-1,1,1,-1,-1,-1,-1,1,1,1,1,0.009392853826284409
-1,1,1,-1,1,1,-1,-1,1,1,-1,-1,1,1,-1,-1,-1,1,0.010029608383774757
-1,1,1,-1,1,1,-1,-1,1,1,-1,1,-1,-1,-1,1,1,-1,0.00835622288286686
-1,1,1,-1,1,1,-1,-1,1,1,-1,1,1,-1,1,-1,-1,1,0.009912731125950813
-1,1,1,-1,1,1,-1,-1,1,1,1,-1,1,-1,-1,-1,1,1,0.010263684205710888
-1,1,1,-1,1,1,-1,-1,1,1,1,1,-1,-1,-1,1,-1,-1,0.00830458477139473
-1,1,1,-1,1,1,-1,-1,1,1,1,1,1,1,-1,-1,1,1,0.009532748721539974
-1,1,1,-1,1,1,-1,-1,1,1,1,1,1,1,-1,1,1,-1,0.008548171259462833
-1,1,1,-1,1,1,-1,1,-1,-1,-1,-1,-1,1,1,1,-1,-1,0.009623580612242222
-1,1,1,-1,1,1,-1,1,-1,-1,-1,-1,-1,1,1,1,1,1,0.009948953986167908
-1,1,1,-1,1,1,-1,1,-1,-1,-1,1,1,-1,-1,-1,1,1,0.010519596748054028
-1,1,1,-1,1,1,-1,1,-1,-1,-1,1,1,-1,1,1,1,-1,0.009738525375723839
-1,1,1,-1,1,1,-1,1,-1,-1,1,-1,1,1,1,1,1,-1,0.01003609225153923
-1,1,1,-1,1,1,-1,1,-1,-1,1,1,-1,-1,-1,1,-1,1,0.00935561303049326
-1,1,1,-1,1,1,-1,1,-1,-1,1,1,1,-1,1,1,1,-1,0.009709770791232586
-1,1,1,-1,1,1,-1,1,-1,1,-1,-1,-1,1,-1,-1,-1,1,0.009623349644243717
-1,1,1,-1,1,1,-1,1,-1,1,-1,-1,-1,1,-1,1,1,-1,0.008681479375809431
-1,1,1,-1,1,1,-1,1,-1,1,-1,-1,1,-1,1,-1,1,-1,0.010197017341852188
-1,1,1,-1,1,1,-1,1,-1,1,-1,-1,1,1,1,-1,1,1,0.010271438397467136
-1,1,1,-1,1,1,-1,1,-1,1,-1,1,-1,1,-1,1,-1,1,0.008396128192543983
-1,1,1,-1,1,1,-1,1,-1,1,-1,1,1,-1,1,-1,-1,-1,0.009616426192224026
-1,1,1,-1,1,1,-1,1,-1,1,1,-1,-1,-1,1,-1,-1,1,0.010014292784035206
-1,1,1,-1,1,1,-1,1,-1,1,1,-1,-1,1,-1,1,1,-1,0.008669231086969376
-1,1,1,-1,1,1,-1,1,-1,1,1,-1,-1,1,1,1,1,-1,0.008863478899002075
-1,1,1,-1,1,1,-1,1,-1,1,1,-1,1,-1,-1,-1,1,-1,0.009970697574317455
-1,1,1,-1,1,1,-1,1,-1,1,1,-1,1,-1,-1,-1,1,1,0.010267248377203941
-1,1,1,-1,1,1,-1,1,-1,1,1,-1,1,1,1,1,-1,-1,0.009229285642504692
-1,1,1,-1,1,1,-1,1,-1,1,1,1,-1,1,-1,1,-1,1,0.008382569998502731
-1,1,1,-1,1,1,-1,1,-1,1,1,1,1,1,-1,-1,-1,-1,0.009183169342577457
-1,1,1,-1,1,1,-1,1,1,-1,-1,-1,-1,1,1,-1,-1,1,0.010663436725735664
-1,1,1,-1,1,1,-1,1,1,-1,-1,-1,1,1,-1,-1,1,-1,0.010610584169626236
-1,1,1,-1,1,1,-1,1,1,-1,-1,-1,1,1,1,-1,-1,1,0.011069942265748978
-1,1,1,-1,1,1,-1,1,1,-1,-1,-1,1,1,1,1,1,-1,0.010129381902515888
-1,1,1,-1,1,1,-1,1,1,-1,-1,1,-1,1,1,1,-1,1,0.00943289790302515
-1,1,1,-1,1,1,-1,1,1,-1,-1,1,1,1,1,1,-1,1,0.009842720814049244
-1,1,1,-1,1,1,-1,1,1,-1,1,-1,-1,-1,1,1,1,-1,0.009912936016917229
-1,1,1,-1,1,1,-1,1,1,-1,1,-1,1,-1,-1,1,1,-1,0.010106679052114487
-1,1,1,-1,1,1,-1,1,1,-1,1,-1,1,-1,1,-1,-1,1,0.011260000988841057
-1,1,1,-1,1,1,-1,1,1,-1,1,-1,1,-1,1,-1,1,1,0.011298079043626785
-1,1,1,-1,1,1,-1,1,1,1,-1,-1,1,-1,-1,-1,-1,-1,0.010016652755439281
-1,1,1,-1,1,1,-1,1,1,1,-1,-1,1,-1,1,-1,1,-1,0.010248979553580284
-1,1,1,-1,1,1,-1,1,1,1,-1,1,-1,1,1,1,-1,1,0.008670108392834663
-1,1,1,-1,1,1,-1,1,1,1,-1,1,1,-1,1,1,-1,1,0.00927429273724556
-1,1,1,-1,1,1,-1,1,1,1,1,-1,-1,-1,-1,1,-1,-1,0.00889336783438921
-1,1,1,-1,1,1,-1,1,1,1,1,-1,-1,1,-1,-1,1,-1,0.009409218095242977
-1,1,1,-1,1,1,-1,1,1,1,1,-1,-1,1,-1,-1,1,1,0.009699830785393715
-1,1,1,-1,1,1,-1,1,1,1,1,1,-1,1,1,-1,-1,-1,0.009050644002854824
-1,1,1,-1,1,1,-1,1,1,1,1,1,1,-1,1,-1,1,1,0.00998945813626051
-1,1,1,-1,1,1,1,-1,-1,-1,-1,-1,1,1,1,-1,1,-1,0.011415659449994564
-1,1,1,-1,1,1,1,-1,-1,-1,-1,1,-1,-1,-1,-1,1,-1,0.010479328222572803
-1,1,1,-1,1,1,1,-1,-1,-1,-1,1,-1,-1,-1,1,1,-1,0.009777766652405262
-1,1,1,-1,1,1,1,-1,-1,-1,-1,1,-1,1,-1,1,1,-1,0.009569171816110611
-1,1,1,-1,1,1,1,-1,-1,-1,-1,1,1,-1,-1,1,-1,1,0.010429209098219872
-1,1,1,-1,1,1,1,-1,-1,-1,1,-1,-1,-1,1,1,1,-1,0.010484116151928902
-1,1,1,-1,1,1,1,-1,-1,-1,1,-1,1,-1,1,-1,1,-1,0.011593841016292572
-1,1,1,-1,1,1,1,-1,-1,-1,1,1,-1,-1,1,1,1,1,0.010247410275042057
-1,1,1,-1,1,1,1,-1,-1,-1,1,1,-1,1,-1,-1,1,-1,0.010249577462673187
-1,1,1,-1,1,1,1,-1,-1,-1,1,1,1,-1,-1,-1,-1,1,0.01110367476940155
-1,1,1,-1,1,1,1,-1,-1,1,-1,-1,-1,-1,-1,-1,1,-1,0.01023128256201744
-1,1,1,-1,1,1,1,-1,-1,1,-1,-1,1,-1,1,-1,-1,1,0.011081949807703495
-1,1,1,-1,1,1,1,-1,-1,1,-1,-1,1,-1,1,1,-1,-1,0.010103311389684677
-1,1,1,-1,1,1,1,-1,-1,1,-1,1,-1,-1,-1,1,-1,1,0.009244718588888645
-1,1,1,-1,1,1,1,-1,-1,1,-1,1,-1,-1,-1,1,1,-1,0.009007379412651062
-1,1,1,-1,1,1,1,-1,-1,1,-1,1,-1,-1,1,-1,-1,1,0.010157383047044277
-1,1,1,-1,1,1,1,-1,-1,1,-1,1,1,-1,1,1,-1,1,0.009854729287326336
-1,1,1,-1,1,1,1,-1,-1,1,1,1,-1,-1,-1,-1,1,-1,0.009669271297752857
-1,1,1,-1,1,1,1,-1,-1,1,1,1,-1,-1,1,-1,1,-1,0.00988797191530466
-1,1,1,-1,1,1,1,-1,-1,1,1,1,-1,1,-1,1,1,-1,0.008768372237682343
-1,1,1,-1,1,1,1,-1,-1,1,1,1,1,-1,1,1,-1,1,0.00984117016196251
-1,1,1,-1,1,1,1,-1,1,-1,-1,-1,-1,1,-1,-1,-1,1,0.01110752485692501
-1,1,1,-1,1,1,1,-1,1,-1,-1,-1,1,-1,1,-1,1,-1,0.011668618768453598
-1,1,1,-1,1,1,1,-1,1,-1,-1,1,-1,1,-1,1,1,-1,0.009639646857976913
-1,1,1,-1,1,1,1,-1,1,-1,-1,1,1,1,1,1,-1,-1,0.010190444998443127
-1,1,1,-1,1,1,1,-1,1,-1,1,-1,-1,-1,1,-1,-1,-1,0.011195280589163303
-1,1,1,-1,1,1,1,-1,1,-1,1,-1,1,1,1,1,-1,-1,0.010716081596910954
-1,1,1,-1,1,1,1,-1,1,-1,1,1,1,1,1,1,-1,1,0.010464181192219257
-1,1,1,-1,1,1,1,-1,1,1,-1,-1,1,-1,1,-1,1,-1,0.010902510955929756
-1,1,1,-1,1,1,1,-1,1,1,-1,1,1,1,-1,-1,-1,1,0.010199470445513725
-1,1,1,-1,1,1,1,-1,1,1,-1,1,1,1,-1,-1,1,-1,0.009968070313334465
-1,1,1,-1,1,1,1,-1,1,1,1,-1,-1,-1,1,-1,-1,-1,0.010429173707962036
-1,1,1,-1,1,1,1,-1,1,1,1,1,-1,-1,-1,1,1,-1,0.009045782499015331
-1,1,1,-1,1,1,1,-1,1,1,1,1,-1,-1,1,-1,-1,1,0.010186529718339443
-1,1,1,-1,1,1,1,1,-1,-1,-1,-1,1,-1,-1,-1,-1,1,0.011721212416887283
-1,1,1,-1,1,1,1,1,-1,-1,-1,-1,1,-1,-1,1,-1,-1,0.010736634954810143
-1,1,1,-1,1,1,1,1,-1,-1,-1,1,-1,1,-1,1,1,1,0.009915310889482498
-1,1,1,-1,1,1,1,1,-1,-1,-1,1,1,-1,1,1,-1,-1,0.010400944389402866
-1,1,1,-1,1,1,1,1,-1,-1,-1,1,1,1,1,-1,-1,-1,0.010884654708206654
-1,1,1,-1,1,1,1,1,-1,-1,1,-1,1,1,-1,-1,1,1,0.011529538780450821
-1,1,1,-1,1,1,1,1,-1,-1,1,-1,1,1,-1,1,-1,-1,0.010500945150852203
-1,1,1,-1,1,1,1,1,-1,-1,1,-1,1,1,-1,1,1,-1,0.010544962249696255
-1,1,1,-1,1,1,1,1,-1,-1,1,1,1,-1,-1,-1,-1,-1,0.010868588462471962
-1,1,1,-1,1,1,1,1,-1,-1,1,1,1,1,-1,-1,-1,-1,0.010652395896613598
-1,1,1,-1,1,1,1,1,-1,1,-1,-1,-1,-1,-1,-1,-1,1,0.010536721907556057
-1,1,1,-1,1,1,1,1,-1,1,-1,-1,-1,-1,1,-1,-1,1,0.010746166110038757
-1,1,1,-1,1,1,1,1,-1,1,-1,-1,1,1,-1,-1,1,-1,0.010489695705473423
-1,1,1,-1,1,1,1,1,-1,1,-1,-1,1,1,1,1,-1,1,0.010236576199531555
-1,1,1,-1,1,1,1,1,-1,1,-1,1,-1,1,-1,1,1,-1,0.00885596964508295
-1,1,1,-1,1,1,1,1,-1,1,-1,1,-1,1,-1,1,1,1,0.009143264964222908
-1,1,1,-1,1,1,1,1,-1,1,-1,1,1,1,-1,1,1,1,0.00955902598798275
-1,1,1,-1,1,1,1,1,-1,1,-1,1,1,1,1,1,-1,-1,0.009427901357412338
-1,1,1,-1,1,1,1,1,-1,1,-1,1,1,1,1,1,-1,1,0.009709257632493973
-1,1,1,-1,1,1,1,1,-1,1,1,-1,1,1,-1,1,1,1,0.010054272599518299
-1,1,1,-1,1,1,1,1,-1,1,1,-1,1,1,1,1,1,1,0.01026703417301178
-1,1,1,-1,1,1,1,1,1,-1,-1,-1,1,-1,1,-1,1,-1,0.011730082333087921
-1,1,1,-1,1,1,1,1,1,-1,1,-1,1,-1,1,1,1,1,0.011313172988593578
-1,1,1,-1,1,1,1,1,1,-1,1,1,-1,-1,-1,1,1,-1,0.009870036505162716
-1,1,1,-1,1,1,1,1,1,-1,1,1,-1,1,-1,1,-1,-1,0.009613145142793655
-1,1,1,-1,1,1,1,1,1,1,-1,-1,-1,-1,1,-1,1,1,0.010845462791621685
-1,1,1,-1,1,1,1,1,1,1,-1,-1,-1,1,1,1,1,-1,0.009659888222813606
-1,1,1,-1,1,1,1,1,1,1,-1,-1,1,1,-1,-1,-1,1,0.010797509923577309
-1,1,1,-1,1,1,1,1,1,1,-1,1,-1,-1,1,-1,1,-1,0.010021592490375042
-1,1,1,-1,1,1,1,1,1,1,-1,1,-1,-1,1,1,-1,-1,0.009283611550927162
-1,1,1,-1,1,1,1,1,1,1,-1,1,1,-1,1,-1,1,-1,0.010428098030388355
-1,1,1,-1,1,1,1,1,1,1,-1,1,1,1,1,-1,-1,-1,0.010183083824813366
-1,1,1,-1,1,1,1,1,1,1,-1,1,1,1,1,-1,1,1,0.010511774569749832
-1,1,1,-1,1,1,1,1,1,1,1,-1,-1,-1,1,1,-1,-1,0.00978479627519846
-1,1,1,-1,1,1,1,1,1,1,1,-1,-1,1,-1,-1,-1,1,0.010374127887189388
-1,1,1,-1,1,1,1,1,1,1,1,-1,1,-1,-1,1,1,-1,0.01004107017070055
-1,1,1,-1,1,1,1,1,1,1,1,-1,1,1,-1,-1,1,-1,0.01053403690457344
-1,1,1,-1,1,1,1,1,1,1,1,-1,1,1,-1,1,1,1,0.010115490294992924
-1,1,1,-1,1,1,1,1,1,1,1,1,-1,-1,-1,1,1,1,0.00938266422599554
-1,1,1,-1,1,1,1,1,1,1,1,1,-1,1,1,-1,1,1,0.01007319800555706
-1,1,1,-1,1,1,1,1,1,1,1,1,1,-1,-1,-1,-1,1,0.010445055551826954
-1,1,1,-1,1,1,1,1,1,1,1,1,1,-1,1,1,1,-1,0.009702062234282494
-1,1,1,1,-1,-1,-1,-1,-1,-1,-1,-1,1,-1,-1,1,-1,-1,0.00994077417999506
-1,1,1,1,-1,-1,-1,-1,-1,-1,-1,-1,1,1,1,1,1,-1,0.009981360286474228
-1,1,1,1,-1,-1,-1,-1,-1,-1,-1,1,1,1,-1,1,1,1,0.009520015679299831
-1,1,1,1,-1,-1,-1,-1,-1,-1,-1,1,1,1,1,-1,-1,-1,0.010098050348460674
-1,1,1,1,-1,-1,-1,-1,-1,-1,1,-1,-1,-1,-1,1,-1,1,0.009786871261894703
-1,1,1,1,-1,-1,-1,-1,-1,-1,1,-1,-1,1,1,1,-1,1,0.009789379313588142
-1,1,1,1,-1,-1,-1,-1,-1,-1,1,1,1,-1,1,-1,-1,-1,0.010276231914758682
-1,1,1,1,-1,-1,-1,-1,-1,1,-1,-1,-1,-1,1,-1,-1,-1,0.00965043529868126
-1,1,1,1,-1,-1,-1,-1,-1,1,-1,-1,1,1,-1,1,1,-1,0.00900580920279026
-1,1,1,1,-1,-1,-1,-1,-1,1,-1,1,-1,-1,-1,1,-1,1,0.008519578725099564
-1,1,1,1,-1,-1,-1,-1,-1,1,1,-1,1,-1,-1,1,1,1,0.009480542503297329
-1,1,1,1,-1,-1,-1,-1,-1,1,1,-1,1,-1,1,1,-1,1,0.009624835103750229
-1,1,1,1,-1,-1,-1,-1,-1,1,1,-1,1,1,-1,-1,-1,1,0.009917614981532097
-1,1,1,1,-1,-1,-1,-1,-1,1,1,-1,1,1,1,1,-1,1,0.009430125821381807
-1,1,1,1,-1,-1,-1,-1,1,-1,-1,-1,1,1,-1,1,-1,-1,0.009785800240933895
-1,1,1,1,-1,-1,-1,-1,1,-1,-1,1,-1,-1,-1,-1,1,1,0.01008488517254591
-1,1,1,1,-1,-1,-1,-1,1,-1,-1,1,1,-1,1,-1,-1,-1,0.010366205126047134
-1,1,1,1,-1,-1,-1,-1,1,-1,-1,1,1,-1,1,-1,1,-1,0.010404283180832863
-1,1,1,1,-1,-1,-1,-1,1,-1,-1,1,1,1,-1,-1,1,1,0.010284454561769962
-1,1,1,1,-1,-1,-1,-1,1,-1,-1,1,1,1,1,-1,-1,-1,0.010144073516130447
-1,1,1,1,-1,-1,-1,-1,1,-1,1,-1,-1,-1,-1,1,1,1,0.009892106056213379
-1,1,1,1,-1,-1,-1,-1,1,-1,1,1,1,-1,1,1,1,1,0.009974798187613487
-1,1,1,1,-1,-1,-1,-1,1,-1,1,1,1,1,1,-1,1,1,0.01046182680875063
-1,1,1,1,-1,-1,-1,-1,1,1,-1,-1,-1,-1,-1,1,-1,1,0.00910479761660099
-1,1,1,1,-1,-1,-1,-1,1,1,-1,-1,-1,1,1,-1,-1,1,0.00979864876717329
-1,1,1,1,-1,-1,-1,-1,1,1,-1,1,-1,-1,1,1,-1,-1,0.008484432473778725
-1,1,1,1,-1,-1,-1,-1,1,1,-1,1,1,-1,-1,-1,-1,1,0.009681266732513905
-1,1,1,1,-1,-1,-1,-1,1,1,1,-1,-1,1,-1,1,-1,1,0.008884303271770477
-1,1,1,1,-1,-1,-1,-1,1,1,1,-1,1,1,1,-1,-1,-1,0.00988840777426958
-1,1,1,1,-1,-1,-1,-1,1,1,1,1,-1,1,-1,1,1,-1,0.00808925461024046
-1,1,1,1,-1,-1,-1,-1,1,1,1,1,1,1,-1,-1,-1,1,0.009451515041291714
-1,1,1,1,-1,-1,-1,-1,1,1,1,1,1,1,1,1,1,-1,0.008714460767805576
-1,1,1,1,-1,-1,-1,1,-1,-1,-1,-1,-1,-1,-1,-1,-1,-1,0.010268563404679298
-1,1,1,1,-1,-1,-1,1,-1,-1,-1,-1,-1,-1,-1,-1,-1,1,0.01056843250989914
-1,1,1,1,-1,-1,-1,1,-1,-1,-1,1,-1,-1,-1,1,1,-1,0.009085359051823616
-1,1,1,1,-1,-1,-1,1,-1,-1,-1,1,1,-1,-1,-1,-1,-1,0.01014775037765503
-1,1,1,1,-1,-1,-1,1,-1,-1,1,-1,-1,-1,-1,-1,-1,1,0.010542299598455429
-1,1,1,1,-1,-1,-1,1,-1,-1,1,-1,-1,1,1,-1,-1,1,0.010532930493354797
-1,1,1,1,-1,-1,-1,1,-1,-1,1,-1,-1,1,1,-1,1,1,0.0105921421200037
-1,1,1,1,-1,-1,-1,1,-1,-1,1,-1,1,-1,-1,-1,-1,-1,0.01065819151699543
-1,1,1,1,-1,-1,-1,1,-1,-1,1,-1,1,-1,-1,-1,1,-1,0.010705526918172836
-1,1,1,1,-1,-1,-1,1,-1,-1,1,-1,1,-1,-1,1,1,-1,0.01000230573117733
-1,1,1,1,-1,-1,-1,1,-1,-1,1,1,-1,-1,-1,1,-1,1,0.009324335493147373
-1,1,1,1,-1,-1,-1,1,-1,-1,1,1,-1,1,1,-1,-1,-1,0.009709060192108154
-1,1,1,1,-1,-1,-1,1,-1,1,-1,-1,-1,1,-1,1,-1,-1,0.008595617488026619
-1,1,1,1,-1,-1,-1,1,-1,1,-1,-1,1,-1,-1,-1,1,-1,0.009952978231012821
-1,1,1,1,-1,-1,-1,1,-1,1,-1,-1,1,1,1,-1,1,-1,0.00994360912591219
-1,1,1,1,-1,-1,-1,1,-1,1,-1,1,-1,-1,-1,-1,1,1,0.009313086047768593
-1,1,1,1,-1,-1,-1,1,-1,1,-1,1,-1,1,-1,-1,1,1,0.009096893481910229
-1,1,1,1,-1,-1,-1,1,-1,1,-1,1,-1,1,-1,1,1,-1,0.008121572434902191
-1,1,1,1,-1,-1,-1,1,-1,1,-1,1,-1,1,-1,1,1,1,0.008412186056375504
-1,1,1,1,-1,-1,-1,1,-1,1,-1,1,1,-1,1,-1,1,1,0.009907900355756283
-1,1,1,1,-1,-1,-1,1,-1,1,-1,1,1,-1,1,1,-1,1,0.009169919416308403
-1,1,1,1,-1,-1,-1,1,-1,1,-1,1,1,-1,1,1,1,1,0.009213936515152454
-1,1,1,1,-1,-1,-1,1,-1,1,1,-1,-1,-1,1,1,1,-1,0.009027260355651379
-1,1,1,1,-1,-1,-1,1,-1,1,1,-1,-1,1,1,1,-1,1,0.009076177142560482
-1,1,1,1,-1,-1,-1,1,-1,1,1,-1,1,-1,-1,1,1,-1,0.009239517152309418
-1,1,1,1,-1,-1,-1,1,-1,1,1,1,-1,1,-1,1,-1,1,0.008330157957971096
-1,1,1,1,-1,-1,-1,1,-1,1,1,1,1,1,1,1,1,-1,0.008699511177837849
-1,1,1,1,-1,-1,-1,1,1,-1,-1,-1,-1,-1,1,1,1,-1,0.009892595931887627
-1,1,1,1,-1,-1,-1,1,1,-1,-1,1,-1,1,-1,-1,-1,-1,0.009589589200913906
-1,1,1,1,-1,-1,-1,1,1,-1,1,-1,-1,-1,-1,1,-1,-1,0.00962819717824459
-1,1,1,1,-1,-1,-1,1,1,-1,1,-1,-1,1,1,-1,-1,1,0.010594148188829422
-1,1,1,1,-1,-1,-1,1,1,-1,1,-1,-1,1,1,1,-1,1,0.009906123392283916
-1,1,1,1,-1,-1,-1,1,1,-1,1,-1,1,-1,1,1,1,1,0.010557642206549644
-1,1,1,1,-1,-1,-1,1,1,-1,1,-1,1,1,1,1,-1,1,0.01031594630330801
-1,1,1,1,-1,-1,-1,1,1,-1,1,1,-1,-1,-1,-1,-1,-1,0.009779647924005985
-1,1,1,1,-1,-1,-1,1,1,-1,1,1,-1,1,-1,1,1,1,0.009207439608871937
-1,1,1,1,-1,-1,-1,1,1,-1,1,1,-1,1,1,-1,1,1,0.010110847651958466
-1,1,1,1,-1,-1,-1,1,1,-1,1,1,1,-1,-1,1,1,-1,0.009530267678201199
-1,1,1,1,-1,-1,-1,1,1,1,-1,-1,-1,-1,1,-1,1,-1,0.009805257432162762
-1,1,1,1,-1,-1,-1,1,1,1,-1,-1,-1,1,1,-1,-1,-1,0.00956950057297945
-1,1,1,1,-1,-1,-1,1,1,1,-1,1,-1,1,-1,-1,1,1,0.009152173064649105
-1,1,1,1,-1,-1,-1,1,1,1,-1,1,1,-1,1,1,1,-1,0.008990480564534664
-1,1,1,1,-1,-1,-1,1,1,1,1,-1,-1,1,-1,-1,1,-1,0.009387196972966194
-1,1,1,1,-1,-1,-1,1,1,1,1,-1,1,-1,-1,1,1,1,0.00959134753793478
-1,1,1,1,-1,-1,-1,1,1,1,1,-1,1,1,1,1,1,-1,0.009297303855419159
-1,1,1,1,-1,-1,-1,1,1,1,1,1,1,-1,1,-1,-1,-1,0.009620930068194866
-1,1,1,1,-1,-1,1,-1,-1,-1,-1,-1,-1,1,1,-1,1,-1,0.010965999215841293
-1,1,1,1,-1,-1,1,-1,-1,-1,-1,-1,-1,1,1,-1,1,1,0.011247355490922928
-1,1,1,1,-1,-1,1,-1,-1,-1,-1,-1,1,-1,-1,1,1,-1,0.010672714561223984
-1,1,1,1,-1,-1,1,-1,-1,-1,-1,1,-1,-1,-1,1,-1,1,0.009994743391871452
-1,1,1,1,-1,-1,1,-1,-1,-1,-1,1,-1,1,-1,-1,-1,1,0.010481772013008595
-1,1,1,1,-1,-1,1,-1,-1,-1,-1,1,-1,1,-1,1,1,-1,0.009526016190648079
-1,1,1,1,-1,-1,1,-1,-1,-1,-1,1,1,-1,1,1,-1,-1,0.010308202356100082
-1,1,1,1,-1,-1,1,-1,-1,-1,1,-1,-1,1,-1,1,1,-1,0.010045714676380157
-1,1,1,1,-1,-1,1,-1,-1,-1,1,-1,1,-1,1,-1,-1,-1,0.011503351852297783
-1,1,1,1,-1,-1,1,-1,-1,-1,1,-1,1,-1,1,1,-1,1,0.011099999770522118
-1,1,1,1,-1,-1,1,-1,-1,-1,1,-1,1,1,-1,1,1,-1,0.010442963801324368
-1,1,1,1,-1,-1,1,-1,-1,-1,1,1,-1,1,1,1,1,1,0.009997319430112839
-1,1,1,1,-1,-1,1,-1,-1,-1,1,1,1,-1,-1,1,-1,1,0.010372494347393513
-1,1,1,1,-1,-1,1,-1,-1,-1,1,1,1,-1,1,-1,-1,-1,0.0109760332852602
-1,1,1,1,-1,-1,1,-1,-1,-1,1,1,1,1,1,-1,-1,1,0.011068967171013355
-1,1,1,1,-1,-1,1,-1,-1,1,-1,-1,-1,-1,-1,1,-1,1,0.009740759618580341
-1,1,1,1,-1,-1,1,-1,-1,1,-1,-1,1,-1,-1,-1,1,1,0.010900440625846386
-1,1,1,1,-1,-1,1,-1,-1,1,-1,-1,1,1,1,-1,1,1,0.0108877532184124
-1,1,1,1,-1,-1,1,-1,-1,1,-1,1,-1,-1,1,-1,-1,-1,0.00982955377548933
-1,1,1,1,-1,-1,1,-1,-1,1,-1,1,-1,1,1,-1,1,1,0.009942052885890007
-1,1,1,1,-1,-1,1,-1,-1,1,1,-1,1,-1,1,-1,1,-1,0.010784579440951347
-1,1,1,1,-1,-1,1,-1,-1,1,1,-1,1,1,-1,-1,1,1,0.01067068986594677
-1,1,1,1,-1,-1,1,-1,-1,1,1,1,-1,-1,-1,1,1,1,0.00923464260995388
-1,1,1,1,-1,-1,1,-1,-1,1,1,1,-1,-1,1,1,1,1,0.009432208724319935
-1,1,1,1,-1,-1,1,-1,-1,1,1,1,1,1,1,1,1,1,0.009646973572671413
-1,1,1,1,-1,-1,1,-1,1,-1,-1,-1,-1,-1,-1,1,1,1,0.010633235797286034
-1,1,1,1,-1,-1,1,-1,1,-1,-1,-1,-1,-1,1,1,1,-1,0.01054018922150135
-1,1,1,1,-1,-1,1,-1,1,-1,-1,-1,-1,1,1,-1,-1,1,0.011279752478003502
-1,1,1,1,-1,-1,1,-1,1,-1,-1,-1,1,1,-1,1,-1,-1,0.010492236353456974
-1,1,1,1,-1,-1,1,-1,1,-1,-1,-1,1,1,1,-1,-1,1,0.011686258018016815
-1,1,1,1,-1,-1,1,-1,1,-1,-1,1,-1,1,-1,-1,1,-1,0.010296394117176533
-1,1,1,1,-1,-1,1,-1,1,-1,1,-1,-1,1,1,1,-1,1,0.01055371668189764
-1,1,1,1,-1,-1,1,-1,1,1,-1,-1,-1,1,1,1,1,-1,0.009561208076775074
-1,1,1,1,-1,-1,1,-1,1,1,-1,-1,1,-1,-1,-1,-1,-1,0.010627029463648796
-1,1,1,1,-1,-1,1,-1,1,1,-1,1,-1,-1,1,-1,1,1,0.010210206732153893
-1,1,1,1,-1,-1,1,-1,1,1,-1,1,-1,1,-1,-1,-1,-1,0.009480331093072891
-1,1,1,1,-1,-1,1,-1,1,1,-1,1,-1,1,1,-1,1,-1,0.009712657891213894
-1,1,1,1,-1,-1,1,-1,1,1,-1,1,-1,1,1,1,-1,1,0.009280485101044178
-1,1,1,1,-1,-1,1,-1,1,1,-1,1,1,-1,-1,-1,1,1,0.010428402572870255
-1,1,1,1,-1,-1,1,-1,1,1,-1,1,1,1,-1,1,-1,-1,0.009186933748424053
-1,1,1,1,-1,-1,1,-1,1,1,-1,1,1,1,1,-1,1,-1,0.010125101543962955
-1,1,1,1,-1,-1,1,-1,1,1,1,-1,-1,-1,1,-1,1,-1,0.010435974225401878
-1,1,1,1,-1,-1,1,-1,1,1,1,-1,-1,1,-1,1,-1,1,0.009587422013282776
-1,1,1,1,-1,-1,1,-1,1,1,1,-1,1,-1,-1,-1,-1,-1,0.010594957508146763
-1,1,1,1,-1,-1,1,-1,1,1,1,-1,1,-1,-1,-1,1,1,0.010932905599474907
-1,1,1,1,-1,-1,1,-1,1,1,1,-1,1,-1,1,-1,-1,1,0.011089075356721878
-1,1,1,1,-1,-1,1,-1,1,1,1,-1,1,1,-1,-1,1,-1,0.010441294871270657
-1,1,1,1,-1,-1,1,-1,1,1,1,-1,1,1,-1,1,-1,1,0.009993926621973515
-1,1,1,1,-1,-1,1,-1,1,1,1,1,-1,-1,-1,1,1,-1,0.009005248546600342
-1,1,1,1,-1,-1,1,-1,1,1,1,1,1,-1,-1,-1,1,-1,0.01009977888315916
-1,1,1,1,-1,-1,1,1,-1,-1,-1,-1,1,-1,1,-1,-1,-1,0.011596888303756714
-1,1,1,1,-1,-1,1,1,-1,-1,-1,1,-1,-1,-1,-1,-1,-1,0.01044768188148737
-1,1,1,1,-1,-1,1,1,-1,-1,-1,1,-1,1,-1,-1,-1,1,0.010522102005779743
-1,1,1,1,-1,-1,1,1,-1,-1,-1,1,1,-1,-1,-1,1,-1,0.010904142633080482
-1,1,1,1,-1,-1,1,1,-1,-1,-1,1,1,-1,1,1,1,-1,0.010398488491773605
-1,1,1,1,-1,-1,1,1,-1,-1,1,-1,-1,-1,-1,-1,1,1,0.011283496394753456
-1,1,1,1,-1,-1,1,1,-1,-1,1,-1,-1,-1,1,-1,1,1,0.01150219701230526
-1,1,1,1,-1,-1,1,1,-1,-1,1,1,-1,-1,1,1,1,-1,0.009969168342649937
-1,1,1,1,-1,-1,1,1,-1,-1,1,1,-1,1,-1,1,-1,1,0.009820518083870411
-1,1,1,1,-1,-1,1,1,-1,-1,1,1,-1,1,1,-1,-1,-1,0.010412178933620453
-1,1,1,1,-1,-1,1,1,-1,-1,1,1,1,-1,-1,-1,1,-1,0.010866131633520126
-1,1,1,1,-1,-1,1,1,-1,-1,1,1,1,-1,1,-1,-1,-1,0.011040815152227879
-1,1,1,1,-1,-1,1,1,-1,-1,1,1,1,1,-1,1,-1,-1,0.009930471889674664
-1,1,1,1,-1,-1,1,1,-1,1,-1,-1,-1,1,-1,1,1,1,0.00963930506259203
-1,1,1,1,-1,-1,1,1,-1,1,-1,-1,-1,1,1,1,1,1,0.009842810221016407
-1,1,1,1,-1,-1,1,1,-1,1,-1,-1,1,1,-1,-1,-1,-1,0.010408462025225163
-1,1,1,1,-1,-1,1,1,-1,1,-1,-1,1,1,1,1,-1,-1,0.009923942387104034
-1,1,1,1,-1,-1,1,1,-1,1,-1,1,1,1,1,1,-1,-1,0.009375489316880703
-1,1,1,1,-1,-1,1,1,-1,1,1,-1,1,1,-1,-1,-1,-1,0.01037639006972313
-1,1,1,1,-1,-1,1,1,-1,1,1,-1,1,1,1,1,1,1,0.01022650022059679
-1,1,1,1,-1,-1,1,1,-1,1,1,1,-1,-1,1,1,-1,1,0.009443718008697033
-1,1,1,1,-1,-1,1,1,-1,1,1,1,1,1,-1,1,-1,-1,0.009164365008473396
-1,1,1,1,-1,-1,1,1,-1,1,1,1,1,1,1,-1,-1,1,0.01035244669765234
-1,1,1,1,-1,-1,1,1,1,-1,-1,-1,-1,-1,1,1,-1,-1,0.010557636618614197
-1,1,1,1,-1,-1,1,1,1,-1,-1,-1,-1,1,1,1,1,-1,0.010385461151599884
-1,1,1,1,-1,-1,1,1,1,-1,-1,1,-1,-1,1,1,1,1,0.010343814268708229
-1,1,1,1,-1,-1,1,1,1,-1,-1,1,1,-1,-1,1,-1,1,0.010502797551453114
-1,1,1,1,-1,-1,1,1,1,-1,1,-1,-1,-1,1,1,1,1,0.010854256339371204
-1,1,1,1,-1,-1,1,1,1,-1,1,-1,1,-1,1,-1,-1,-1,0.011620094999670982
-1,1,1,1,-1,-1,1,1,1,-1,1,-1,1,1,-1,1,1,1,0.010859576985239983
-1,1,1,1,-1,-1,1,1,1,-1,1,1,-1,-1,-1,-1,-1,-1,0.010476827621459961
-1,1,1,1,-1,-1,1,1,1,-1,1,1,-1,-1,-1,-1,1,-1,0.01053010206669569
-1,1,1,1,-1,-1,1,1,1,-1,1,1,-1,1,-1,-1,-1,-1,0.010269892401993275
-1,1,1,1,-1,-1,1,1,1,-1,1,1,-1,1,-1,-1,-1,1,0.010575700551271439
-1,1,1,1,-1,-1,1,1,1,-1,1,1,-1,1,1,-1,-1,-1,0.010482653975486755
-1,1,1,1,-1,-1,1,1,1,1,-1,-1,-1,1,-1,-1,-1,-1,0.010059857740998268
-1,1,1,1,-1,-1,1,1,1,1,-1,-1,-1,1,1,-1,1,-1,0.010310697369277477
-1,1,1,1,-1,-1,1,1,1,1,-1,-1,1,1,-1,1,-1,1,0.01007226761430502
-1,1,1,1,-1,-1,1,1,1,1,-1,1,1,-1,-1,-1,1,1,0.010468732565641403
-1,1,1,1,-1,-1,1,1,1,1,-1,1,1,-1,1,-1,1,-1,0.010396820493042469
-1,1,1,1,-1,-1,1,1,1,1,-1,1,1,1,-1,1,-1,1,0.009523815475404263
-1,1,1,1,-1,-1,1,1,1,1,1,-1,-1,-1,-1,-1,-1,1,0.010537908412516117
-1,1,1,1,-1,-1,1,1,1,1,1,-1,1,-1,1,-1,1,-1,0.010898005217313766
-1,1,1,1,-1,-1,1,1,1,1,1,-1,1,1,1,-1,1,1,0.010975743643939495
-1,1,1,1,-1,-1,1,1,1,1,1,1,1,1,1,1,1,-1,0.00947310496121645
-1,1,1,1,-1,1,-1,-1,-1,-1,-1,-1,1,-1,-1,1,-1,-1,0.010087652131915092
-1,1,1,1,-1,1,-1,-1,-1,-1,-1,1,-1,-1,1,-1,-1,1,0.010341910645365715
-1,1,1,1,-1,1,-1,-1,-1,-1,-1,1,1,-1,-1,-1,-1,1,0.010554167442023754
-1,1,1,1,-1,1,-1,-1,-1,-1,-1,1,1,1,-1,1,1,1,0.009697284549474716
-1,1,1,1,-1,1,-1,-1,-1,-1,1,-1,-1,1,1,-1,-1,-1,0.010358121246099472
-1,1,1,1,-1,1,-1,-1,-1,-1,1,1,1,-1,1,1,-1,-1,0.009744341485202312
-1,1,1,1,-1,1,-1,-1,-1,1,-1,-1,-1,-1,1,-1,-1,-1,0.009806569665670395
-1,1,1,1,-1,1,-1,-1,-1,1,-1,-1,-1,1,-1,-1,1,-1,0.009455340914428234
-1,1,1,1,-1,1,-1,-1,-1,1,-1,-1,-1,1,1,1,-1,-1,0.008905669674277306
-1,1,1,1,-1,1,-1,-1,-1,1,1,-1,-1,1,1,-1,-1,1,0.009867431595921516
-1,1,1,1,-1,1,-1,-1,-1,1,1,1,-1,1,-1,-1,1,1,0.009183943271636963
-1,1,1,1,-1,1,-1,-1,-1,1,1,1,1,1,-1,1,1,1,0.00888722762465477
-1,1,1,1,-1,1,-1,-1,1,-1,-1,-1,-1,-1,-1,1,1,-1,0.009795638732612133
-1,1,1,1,-1,1,-1,-1,1,-1,-1,-1,-1,-1,1,-1,-1,-1,0.010639834217727184
-1,1,1,1,-1,1,-1,-1,1,-1,-1,-1,-1,1,1,1,-1,1,0.010044742375612259
-1,1,1,1,-1,1,-1,-1,1,-1,-1,-1,1,-1,-1,1,-1,-1,0.01015812624245882
-1,1,1,1,-1,1,-1,-1,1,-1,-1,1,-1,-1,-1,-1,-1,1,0.010201282799243927
-1,1,1,1,-1,1,-1,-1,1,-1,-1,1,-1,1,1,1,-1,-1,0.009211615659296513
-1,1,1,1,-1,1,-1,-1,1,-1,1,-1,-1,-1,-1,-1,-1,-1,0.01042276993393898
-1,1,1,1,-1,1,-1,-1,1,-1,1,-1,1,-1,-1,-1,1,1,0.01115464884787798
-1,1,1,1,-1,1,-1,-1,1,-1,1,-1,1,-1,-1,1,1,-1,0.010176010429859161
-1,1,1,1,-1,1,-1,-1,1,-1,1,1,-1,-1,1,-1,1,-1,0.010137035511434078
-1,1,1,1,-1,1,-1,-1,1,-1,1,1,-1,1,-1,1,-1,1,0.009279226884245872
-1,1,1,1,-1,1,-1,-1,1,-1,1,1,1,1,-1,1,1,-1,0.009429879486560822
-1,1,1,1,-1,1,-1,-1,1,1,-1,-1,-1,1,1,-1,-1,-1,0.009666791185736656
-1,1,1,1,-1,1,-1,-1,1,1,-1,1,-1,-1,1,1,1,1,0.008984453976154327
-1,1,1,1,-1,1,-1,-1,1,1,-1,1,-1,1,-1,-1,-1,1,0.009223959408700466
-1,1,1,1,-1,1,-1,-1,1,1,-1,1,-1,1,1,-1,-1,1,0.009424147196114063
-1,1,1,1,-1,1,-1,-1,1,1,-1,1,1,1,1,1,-1,-1,0.008840136229991913
-1,1,1,1,-1,1,-1,-1,1,1,1,-1,1,-1,-1,-1,1,-1,0.010091989301145077
-1,1,1,1,-1,1,-1,-1,1,1,1,-1,1,-1,1,1,1,-1,0.009607469663023949
-1,1,1,1,-1,1,-1,-1,1,1,1,-1,1,1,1,-1,1,1,0.010379171930253506
-1,1,1,1,-1,1,-1,-1,1,1,1,-1,1,1,1,1,1,-1,0.009403851814568043
-1,1,1,1,-1,1,-1,1,-1,-1,-1,-1,1,-1,-1,-1,-1,-1,0.010852336883544922
-1,1,1,1,-1,1,-1,1,-1,-1,-1,-1,1,-1,1,-1,-1,-1,0.0110558420419693
-1,1,1,1,-1,1,-1,1,-1,-1,-1,1,-1,1,1,-1,1,-1,0.009947222657501698
-1,1,1,1,-1,1,-1,1,-1,-1,1,-1,1,1,1,1,1,-1,0.010160948149859905
-1,1,1,1,-1,1,-1,1,-1,-1,1,1,-1,-1,1,-1,1,-1,0.010137281380593777
-1,1,1,1,-1,1,-1,1,-1,-1,1,1,-1,1,1,1,-1,1,0.009473721496760845
-1,1,1,1,-1,1,-1,1,-1,-1,1,1,1,1,-1,1,-1,1,0.009670782834291458
-1,1,1,1,-1,1,-1,1,-1,1,-1,-1,-1,-1,-1,-1,1,-1,0.00971780251711607
-1,1,1,1,-1,1,-1,1,-1,1,-1,-1,-1,1,1,1,-1,1,0.009261065162718296
-1,1,1,1,-1,1,-1,1,-1,1,-1,-1,1,-1,1,-1,-1,1,0.010568469762802124
-1,1,1,1,-1,1,-1,1,-1,1,-1,-1,1,-1,1,1,-1,1,0.009880444966256618
-1,1,1,1,-1,1,-1,1,-1,1,-1,-1,1,1,-1,-1,-1,-1,0.009867416694760323
-1,1,1,1,-1,1,-1,1,-1,1,-1,1,-1,-1,1,-1,-1,1,0.009628708474338055
-1,1,1,1,-1,1,-1,1,-1,1,-1,1,-1,1,-1,-1,1,-1,0.008968353271484375
-1,1,1,1,-1,1,-1,1,-1,1,-1,1,1,-1,1,-1,-1,1,0.010035213083028793
-1,1,1,1,-1,1,-1,1,-1,1,-1,1,1,1,-1,1,1,-1,0.008674955926835537
-1,1,1,1,-1,1,-1,1,-1,1,-1,1,1,1,1,-1,1,1,0.009878233075141907
-1,1,1,1,-1,1,-1,1,-1,1,1,-1,-1,1,1,-1,-1,1,0.009932213462889194
-1,1,1,1,-1,1,-1,1,-1,1,1,-1,-1,1,1,1,-1,-1,0.008938380517065525
-1,1,1,1,-1,1,-1,1,-1,1,1,-1,1,-1,1,-1,1,-1,0.01030499767512083
-1,1,1,1,-1,1,-1,1,-1,1,1,-1,1,1,1,-1,1,1,0.010373479686677456
-1,1,1,1,-1,1,-1,1,-1,1,1,1,-1,-1,1,-1,-1,1,0.009611831046640873
-1,1,1,1,-1,1,-1,1,-1,1,1,1,1,-1,1,-1,1,-1,0.009756545536220074
-1,1,1,1,-1,1,-1,1,1,-1,-1,-1,-1,-1,-1,1,-1,-1,0.009797890670597553
-1,1,1,1,-1,1,-1,1,1,-1,-1,-1,1,1,-1,-1,1,-1,0.010735440999269485
-1,1,1,1,-1,1,-1,1,1,-1,-1,-1,1,1,1,1,-1,1,0.010497516952455044
-1,1,1,1,-1,1,-1,1,1,-1,-1,1,-1,-1,1,-1,1,-1,0.010221315547823906
-1,1,1,1,-1,1,-1,1,1,-1,-1,1,1,1,-1,1,-1,-1,0.009470141492784023
-1,1,1,1,-1,1,-1,1,1,-1,-1,1,1,1,1,-1,-1,1,0.010652285069227219
-1,1,1,1,-1,1,-1,1,1,-1,1,-1,-1,1,-1,-1,-1,-1,0.010268041864037514
-1,1,1,1,-1,1,-1,1,1,-1,1,-1,-1,1,1,1,-1,-1,0.009777583181858063
-1,1,1,1,-1,1,-1,1,1,-1,1,-1,1,1,-1,1,-1,-1,0.009980583563446999
-1,1,1,1,-1,1,-1,1,1,-1,1,1,-1,1,-1,-1,1,1,0.010069414973258972
-1,1,1,1,-1,1,-1,1,1,-1,1,1,1,-1,-1,1,1,1,0.009992210194468498
-1,1,1,1,-1,1,-1,1,1,1,-1,-1,-1,-1,-1,1,-1,1,0.009325713850557804
-1,1,1,1,-1,1,-1,1,1,1,-1,-1,1,-1,-1,-1,-1,1,0.010422864928841591
-1,1,1,1,-1,1,-1,1,1,1,-1,-1,1,-1,-1,1,-1,1,0.00973815843462944
-1,1,1,1,-1,1,-1,1,1,1,-1,-1,1,-1,-1,1,1,1,0.009776236489415169
-1,1,1,1,-1,1,-1,1,1,1,-1,1,1,-1,-1,1,1,-1,0.008949048817157745
-1,1,1,1,-1,1,-1,1,1,1,-1,1,1,-1,1,-1,-1,1,0.01008717529475689
-1,1,1,1,-1,1,-1,1,1,1,-1,1,1,-1,1,1,-1,1,0.009408405981957912
-1,1,1,1,-1,1,-1,1,1,1,-1,1,1,1,1,-1,-1,-1,0.009604821912944317
-1,1,1,1,-1,1,-1,1,1,1,1,-1,-1,1,-1,1,1,-1,0.008849367499351501
-1,1,1,1,-1,1,-1,1,1,1,1,-1,1,1,-1,-1,-1,1,0.010193114168941975
-1,1,1,1,-1,1,-1,1,1,1,1,-1,1,1,1,-1,-1,1,0.010399937629699707
-1,1,1,1,-1,1,-1,1,1,1,1,1,-1,-1,1,-1,1,-1,0.009426454082131386
-1,1,1,1,-1,1,-1,1,1,1,1,1,1,1,1,1,1,1,0.00921341497451067
-1,1,1,1,-1,1,1,-1,-1,-1,-1,-1,-1,1,1,1,-1,-1,0.010390091687440872
-1,1,1,1,-1,1,1,-1,-1,-1,-1,-1,1,-1,1,1,-1,1,0.011284888722002506
-1,1,1,1,-1,1,1,-1,-1,-1,-1,1,1,-1,1,1,1,-1,0.010512633714824915
-1,1,1,1,-1,1,1,-1,-1,-1,-1,1,1,1,-1,1,-1,-1,0.010065773501992226
-1,1,1,1,-1,1,1,-1,-1,-1,1,-1,-1,-1,1,-1,-1,-1,0.01127411425113678
-1,1,1,1,-1,1,1,-1,-1,-1,1,-1,-1,1,-1,1,-1,1,0.010449755471199751
-1,1,1,1,-1,1,1,-1,-1,-1,1,-1,-1,1,-1,1,1,1,0.010504339821636677
-1,1,1,1,-1,1,1,-1,-1,-1,1,1,-1,-1,-1,-1,1,1,0.010856786742806435
-1,1,1,1,-1,1,1,-1,-1,-1,1,1,-1,1,-1,-1,1,-1,0.010365176945924759
-1,1,1,1,-1,1,1,-1,-1,-1,1,1,1,1,-1,-1,1,-1,0.010774999856948853
-1,1,1,1,-1,1,1,-1,-1,1,-1,-1,-1,-1,1,-1,1,1,0.010850257240235806
-1,1,1,1,-1,1,1,-1,-1,1,-1,-1,1,-1,-1,1,-1,-1,0.010027981363236904
-1,1,1,1,-1,1,1,-1,-1,1,-1,-1,1,1,-1,-1,1,1,0.010849639773368835
-1,1,1,1,-1,1,1,-1,-1,1,-1,-1,1,1,1,-1,-1,1,0.011005809530615807
-1,1,1,1,-1,1,1,-1,-1,1,-1,-1,1,1,1,-1,1,-1,0.0107625313103199
-1,1,1,1,-1,1,1,-1,-1,1,-1,-1,1,1,1,1,-1,-1,0.01002123299986124
-1,1,1,1,-1,1,1,-1,-1,1,-1,1,1,-1,-1,-1,1,-1,0.010229387320578098
-1,1,1,1,-1,1,1,-1,-1,1,1,-1,-1,-1,-1,1,-1,-1,0.009604599326848984
-1,1,1,1,-1,1,1,-1,-1,1,1,1,-1,-1,-1,1,-1,-1,0.009056147187948227
-1,1,1,1,-1,1,1,-1,-1,1,1,1,1,-1,1,-1,1,1,0.010694751515984535
-1,1,1,1,-1,1,1,-1,-1,1,1,1,1,-1,1,1,1,1,0.010006725788116455
-1,1,1,1,-1,1,1,-1,1,-1,-1,-1,1,1,-1,-1,1,-1,0.01138303428888321
-1,1,1,1,-1,1,1,-1,1,-1,-1,1,1,-1,1,1,-1,1,0.0108128497377038
-1,1,1,1,-1,1,1,-1,1,-1,1,-1,-1,-1,-1,-1,1,1,0.011460518464446068
-1,1,1,1,-1,1,1,-1,1,-1,1,-1,-1,-1,-1,1,1,-1,0.010475941933691502
-1,1,1,1,-1,1,1,-1,1,-1,1,1,1,1,-1,-1,-1,-1,0.010792201384902
-1,1,1,1,-1,1,1,-1,1,-1,1,1,1,1,-1,1,-1,-1,0.010088981129229069
-1,1,1,1,-1,1,1,-1,1,1,-1,-1,1,-1,1,1,1,-1,0.010336721315979958
-1,1,1,1,-1,1,1,-1,1,1,-1,-1,1,1,1,-1,-1,-1,0.010776414535939693
-1,1,1,1,-1,1,1,-1,1,1,-1,-1,1,1,1,-1,1,1,0.011114362627267838
-1,1,1,1,-1,1,1,-1,1,1,-1,-1,1,1,1,1,-1,1,0.010367125272750854
-1,1,1,1,-1,1,1,-1,1,1,-1,1,1,-1,-1,-1,-1,1,0.010537201538681984
-1,1,1,1,-1,1,1,-1,1,1,1,-1,-1,1,-1,-1,1,1,0.01048747543245554
-1,1,1,1,-1,1,1,-1,1,1,1,-1,1,1,-1,-1,-1,-1,0.010553412139415741
-1,1,1,1,-1,1,1,-1,1,1,1,1,-1,1,1,-1,-1,-1,0.009813837707042694
-1,1,1,1,-1,1,1,1,-1,-1,-1,-1,-1,-1,-1,1,1,-1,0.01049900334328413
-1,1,1,1,-1,1,1,1,-1,-1,-1,-1,-1,1,-1,1,-1,-1,0.010248051024973392
-1,1,1,1,-1,1,1,1,-1,-1,-1,-1,1,1,-1,-1,1,-1,0.01137734204530716
-1,1,1,1,-1,1,1,1,-1,-1,-1,-1,1,1,-1,1,-1,-1,0.010648617520928383
-1,1,1,1,-1,1,1,1,-1,-1,-1,1,-1,-1,1,1,-1,1,0.010409909300506115
-1,1,1,1,-1,1,1,1,-1,-1,-1,1,-1,1,1,1,-1,1,0.010208912193775177
-1,1,1,1,-1,1,1,1,-1,-1,-1,1,1,1,1,1,-1,1,0.010600222274661064
-1,1,1,1,-1,1,1,1,-1,-1,1,-1,-1,1,-1,-1,1,-1,0.010948020964860916
-1,1,1,1,-1,1,1,1,-1,-1,1,-1,-1,1,1,1,-1,1,0.010719353333115578
-1,1,1,1,-1,1,1,1,-1,-1,1,-1,1,1,-1,1,1,-1,0.010660562664270401
-1,1,1,1,-1,1,1,1,-1,-1,1,-1,1,1,1,1,1,-1,0.010870005935430527
-1,1,1,1,-1,1,1,1,-1,-1,1,1,-1,1,1,1,-1,1,0.010180157609283924
-1,1,1,1,-1,1,1,1,-1,-1,1,1,-1,1,1,1,1,-1,0.00993950106203556
-1,1,1,1,-1,1,1,1,-1,-1,1,1,1,1,1,1,1,-1,0.010340067557990551
-1,1,1,1,-1,1,1,1,-1,1,-1,1,-1,-1,1,1,1,1,0.009681879542768002
-1,1,1,1,-1,1,1,1,-1,1,-1,1,-1,1,1,1,-1,1,0.009430927224457264
-1,1,1,1,-1,1,1,1,-1,1,-1,1,1,-1,-1,-1,1,1,0.010578843764960766
-1,1,1,1,-1,1,1,1,-1,1,1,-1,-1,1,1,-1,-1,1,0.01062607578933239
-1,1,1,1,-1,1,1,1,-1,1,1,-1,1,1,1,-1,1,1,0.01109179388731718
-1,1,1,1,-1,1,1,1,-1,1,1,1,1,1,-1,1,-1,-1,0.00932643748819828
-1,1,1,1,-1,1,1,1,-1,1,1,1,1,1,-1,1,1,1,0.009645871818065643
-1,1,1,1,-1,1,1,1,1,-1,-1,-1,-1,-1,1,1,1,-1,0.01074853166937828
-1,1,1,1,-1,1,1,1,1,-1,-1,-1,1,1,1,-1,1,-1,0.01165132224559784
-1,1,1,1,-1,1,1,1,1,-1,-1,1,1,1,1,-1,-1,-1,0.011074047535657883
-1,1,1,1,-1,1,1,1,1,-1,1,-1,-1,-1,-1,-1,1,-1,0.011222113855183125
-1,1,1,1,-1,1,1,1,1,-1,1,-1,1,-1,-1,1,1,1,0.011228585615754128
-1,1,1,1,-1,1,1,1,1,-1,1,-1,1,-1,1,1,1,-1,0.011138159781694412
-1,1,1,1,-1,1,1,1,1,-1,1,-1,1,1,1,1,1,-1,0.01094048097729683
-1,1,1,1,-1,1,1,1,1,-1,1,-1,1,1,1,1,1,1,0.011221837252378464
-1,1,1,1,-1,1,1,1,1,-1,1,1,-1,-1,1,1,1,1,0.01048901118338108
-1,1,1,1,-1,1,1,1,1,-1,1,1,-1,1,1,-1,1,-1,0.010687085334211588
-1,1,1,1,-1,1,1,1,1,1,-1,-1,-1,1,-1,-1,1,-1,0.010269265621900558
-1,1,1,1,-1,1,1,1,1,1,-1,1,-1,-1,-1,-1,1,1,0.010230239480733871
-1,1,1,1,-1,1,1,1,1,1,-1,1,-1,-1,-1,1,-1,-1,0.00920164491981268
-1,1,1,1,-1,1,1,1,1,1,-1,1,-1,1,-1,1,-1,1,0.009294578805565834
-1,1,1,1,-1,1,1,1,1,1,-1,1,1,-1,-1,-1,-1,1,0.010597355663776398
-1,1,1,1,-1,1,1,1,1,1,-1,1,1,-1,-1,1,-1,1,0.009892824105918407
-1,1,1,1,-1,1,1,1,1,1,1,-1,-1,-1,-1,1,-1,1,0.00999676063656807
-1,1,1,1,-1,1,1,1,1,1,1,-1,1,-1,-1,-1,1,-1,0.010865829885005951
-1,1,1,1,-1,1,1,1,1,1,1,-1,1,-1,1,-1,1,-1,0.011063395999372005
-1,1,1,1,-1,1,1,1,1,1,1,1,-1,1,-1,-1,1,-1,0.009719131514430046
-1,1,1,1,-1,1,1,1,1,1,1,1,-1,1,1,-1,-1,1,0.010159975849092007
-1,1,1,1,1,-1,-1,-1,-1,-1,-1,-1,-1,1,-1,-1,1,1,0.010515382513403893
-1,1,1,1,1,-1,-1,-1,-1,-1,-1,-1,-1,1,1,-1,-1,-1,0.01038425788283348
-1,1,1,1,1,-1,-1,-1,-1,-1,-1,-1,1,-1,-1,-1,1,-1,0.010828954167664051
-1,1,1,1,1,-1,-1,-1,-1,-1,-1,-1,1,1,-1,1,1,1,0.0102186668664217
-1,1,1,1,1,-1,-1,-1,-1,-1,-1,-1,1,1,1,-1,-1,1,0.011075437068939209
-1,1,1,1,1,-1,-1,-1,-1,-1,-1,1,-1,1,-1,-1,1,1,0.009976186789572239
-1,1,1,1,1,-1,-1,-1,-1,-1,-1,1,1,1,-1,1,1,1,0.009685410186648369
-1,1,1,1,1,-1,-1,-1,-1,-1,1,-1,-1,-1,-1,-1,-1,1,0.010649546980857849
-1,1,1,1,1,-1,-1,-1,-1,-1,1,1,-1,-1,-1,-1,-1,1,0.010112971998751163
-1,1,1,1,1,-1,-1,-1,-1,-1,1,1,-1,-1,-1,1,1,1,0.009466343559324741
-1,1,1,1,1,-1,-1,-1,-1,-1,1,1,1,-1,1,1,1,1,0.010067096911370754
-1,1,1,1,1,-1,-1,-1,-1,-1,1,1,1,1,-1,1,-1,1,0.00961263943463564
-1,1,1,1,1,-1,-1,-1,-1,1,-1,-1,-1,-1,1,-1,-1,1,0.010109759867191315
-1,1,1,1,1,-1,-1,-1,-1,1,-1,-1,-1,1,-1,-1,-1,-1,0.009408706799149513
-1,1,1,1,1,-1,-1,-1,-1,1,-1,1,1,-1,-1,-1,-1,-1,0.009479633532464504
-1,1,1,1,1,-1,-1,-1,-1,1,-1,1,1,-1,1,1,1,-1,0.009027252905070782
-1,1,1,1,1,-1,-1,-1,-1,1,1,-1,-1,1,1,-1,1,-1,0.009624156169593334
-1,1,1,1,1,-1,-1,-1,1,-1,-1,-1,-1,-1,-1,-1,-1,-1,0.010448906570672989
-1,1,1,1,1,-1,-1,-1,1,-1,-1,-1,-1,1,1,-1,-1,1,0.010720893740653992
-1,1,1,1,1,-1,-1,-1,1,-1,-1,-1,1,1,-1,1,-1,-1,0.00994857307523489
-1,1,1,1,1,-1,-1,-1,1,-1,-1,-1,1,1,1,1,-1,-1,0.010148760862648487
-1,1,1,1,1,-1,-1,-1,1,-1,-1,1,-1,-1,-1,1,1,1,0.009547058492898941
-1,1,1,1,1,-1,-1,-1,1,-1,-1,1,-1,1,-1,1,1,-1,0.009049510583281517
-1,1,1,1,1,-1,-1,-1,1,-1,1,-1,-1,-1,-1,-1,-1,-1,0.010426091030240059
-1,1,1,1,1,-1,-1,-1,1,-1,1,-1,-1,-1,-1,-1,1,-1,0.010454912669956684
-1,1,1,1,1,-1,-1,-1,1,1,-1,-1,1,-1,-1,-1,1,1,0.010412056930363178
-1,1,1,1,1,-1,-1,-1,1,1,-1,-1,1,-1,-1,1,-1,1,0.009680014103651047
-1,1,1,1,1,-1,-1,-1,1,1,-1,-1,1,1,-1,1,-1,1,0.009457883425056934
-1,1,1,1,1,-1,-1,-1,1,1,-1,1,1,1,-1,1,1,-1,0.008683969266712666
-1,1,1,1,1,-1,-1,-1,1,1,-1,1,1,1,1,-1,-1,1,0.009837291203439236
-1,1,1,1,1,-1,-1,-1,1,1,-1,1,1,1,1,1,-1,1,0.009137388318777084
-1,1,1,1,1,-1,-1,-1,1,1,1,1,-1,-1,1,1,-1,1,0.008905746974050999
-1,1,1,1,1,-1,-1,-1,1,1,1,1,-1,1,-1,1,1,1,0.00854858011007309
-1,1,1,1,1,-1,-1,1,-1,-1,-1,-1,1,-1,1,-1,-1,1,0.01133458036929369
-1,1,1,1,1,-1,-1,1,-1,-1,-1,-1,1,-1,1,1,-1,-1,0.010359260253608227
-1,1,1,1,1,-1,-1,1,-1,-1,-1,-1,1,1,-1,1,1,-1,0.009977641515433788
-1,1,1,1,1,-1,-1,1,-1,-1,-1,1,-1,-1,-1,1,1,1,0.009550622664391994
-1,1,1,1,1,-1,-1,1,-1,-1,-1,1,1,-1,1,-1,-1,1,0.010801323689520359
-1,1,1,1,1,-1,-1,1,-1,-1,-1,1,1,1,1,1,1,-1,0.009657146409153938
-1,1,1,1,1,-1,-1,1,-1,-1,1,-1,-1,-1,-1,1,1,-1,0.009755256585776806
-1,1,1,1,1,-1,-1,1,-1,1,-1,-1,1,1,-1,1,1,1,0.009511403739452362
-1,1,1,1,1,-1,-1,1,-1,1,-1,1,-1,1,-1,-1,1,1,0.00925040990114212
-1,1,1,1,1,-1,-1,1,-1,1,-1,1,1,-1,1,-1,1,-1,0.009791938588023186
-1,1,1,1,1,-1,-1,1,-1,1,-1,1,1,-1,1,1,1,1,0.009373391978442669
-1,1,1,1,1,-1,-1,1,-1,1,-1,1,1,1,-1,-1,1,1,0.009662853553891182
-1,1,1,1,1,-1,-1,1,-1,1,1,-1,-1,1,1,1,-1,-1,0.008941701613366604
-1,1,1,1,1,-1,-1,1,-1,1,1,-1,1,1,1,1,-1,-1,0.009348206222057343
-1,1,1,1,1,-1,-1,1,-1,1,1,1,1,-1,1,1,-1,1,0.009321754798293114
-1,1,1,1,1,-1,-1,1,1,-1,-1,-1,-1,-1,-1,1,1,1,0.010129902511835098
-1,1,1,1,1,-1,-1,1,1,-1,-1,-1,-1,1,-1,1,-1,-1,0.009597593918442726
-1,1,1,1,1,-1,-1,1,1,-1,-1,-1,1,-1,1,-1,1,-1,0.01114326436072588
-1,1,1,1,1,-1,-1,1,1,-1,-1,-1,1,1,-1,-1,-1,1,0.010994615033268929
-1,1,1,1,1,-1,-1,1,1,-1,-1,1,-1,1,1,-1,-1,1,0.010249100625514984
-1,1,1,1,1,-1,-1,1,1,-1,-1,1,1,1,1,1,1,-1,0.00970910768955946
-1,1,1,1,1,-1,-1,1,1,-1,1,-1,-1,-1,1,-1,-1,1,0.010960539802908897
-1,1,1,1,1,-1,-1,1,1,-1,1,-1,-1,-1,1,1,-1,1,0.010275832377374172
-1,1,1,1,1,-1,-1,1,1,-1,1,-1,1,-1,-1,1,1,-1,0.010228917934000492
-1,1,1,1,1,-1,-1,1,1,-1,1,-1,1,-1,1,1,1,-1,0.01043242309242487
-1,1,1,1,1,-1,-1,1,1,-1,1,-1,1,1,-1,-1,1,-1,0.01071926485747099
-1,1,1,1,1,-1,-1,1,1,-1,1,-1,1,1,-1,1,-1,-1,0.009987222030758858
-1,1,1,1,1,-1,-1,1,1,1,-1,-1,-1,1,1,1,-1,1,0.009316347539424896
-1,1,1,1,1,-1,-1,1,1,1,-1,1,-1,-1,1,-1,-1,-1,0.009393378160893917
-1,1,1,1,1,-1,-1,1,1,1,-1,1,1,1,-1,1,1,-1,0.00873949471861124
-1,1,1,1,1,-1,-1,1,1,1,-1,1,1,1,1,1,-1,1,0.009189596399664879
-1,1,1,1,1,-1,-1,1,1,1,1,-1,-1,-1,1,1,1,-1,0.009257189929485321
-1,1,1,1,1,-1,-1,1,1,1,1,-1,-1,1,-1,-1,1,1,0.009837265126407146
-1,1,1,1,1,-1,-1,1,1,1,1,-1,1,-1,1,-1,1,1,0.0106482720002532
-1,1,1,1,1,-1,-1,1,1,1,1,1,-1,-1,-1,1,-1,1,0.0087670236825943
-1,1,1,1,1,-1,-1,1,1,1,1,1,-1,-1,1,1,-1,-1,0.008685855194926262
-1,1,1,1,1,-1,-1,1,1,1,1,1,-1,1,-1,-1,1,1,0.009304008446633816
-1,1,1,1,1,-1,-1,1,1,1,1,1,1,-1,1,-1,-1,-1,0.009777067229151726
-1,1,1,1,1,-1,1,-1,-1,-1,-1,-1,-1,1,1,1,-1,1,0.010674769058823586
-1,1,1,1,1,-1,1,-1,-1,-1,-1,-1,1,1,-1,1,1,-1,0.010640429332852364
-1,1,1,1,1,-1,1,-1,-1,-1,-1,1,-1,-1,-1,-1,-1,1,0.010842224583029747
-1,1,1,1,1,-1,1,-1,-1,-1,-1,1,-1,-1,1,-1,-1,-1,0.010745859704911709
-1,1,1,1,1,-1,1,-1,-1,-1,-1,1,-1,-1,1,-1,-1,1,0.011051667854189873
-1,1,1,1,1,-1,1,-1,-1,-1,-1,1,1,1,-1,-1,1,-1,0.010791880078613758
-1,1,1,1,1,-1,1,-1,-1,-1,1,-1,-1,1,1,-1,-1,1,0.011345917358994484
-1,1,1,1,1,-1,1,-1,-1,-1,1,-1,-1,1,1,1,1,1,0.010699288919568062
-1,1,1,1,1,-1,1,-1,-1,-1,1,-1,1,1,-1,-1,1,-1,0.01129638310521841
-1,1,1,1,1,-1,1,-1,-1,-1,1,-1,1,1,1,-1,-1,1,0.0117616793140769
-1,1,1,1,1,-1,1,-1,-1,-1,1,1,-1,-1,-1,-1,-1,1,0.01082534808665514
-1,1,1,1,1,-1,1,-1,-1,1,-1,-1,1,-1,-1,1,-1,-1,0.01002536341547966
-1,1,1,1,1,-1,1,-1,-1,1,-1,-1,1,-1,1,-1,1,-1,0.010963532142341137
-1,1,1,1,1,-1,1,-1,-1,1,-1,-1,1,-1,1,-1,1,1,0.011254144832491875
-1,1,1,1,1,-1,1,-1,-1,1,-1,1,-1,-1,-1,-1,1,-1,0.009820264764130116
-1,1,1,1,1,-1,1,-1,-1,1,-1,1,-1,-1,1,-1,1,-1,0.010033026337623596
-1,1,1,1,1,-1,1,-1,-1,1,-1,1,1,-1,1,1,1,-1,0.009745567105710506
-1,1,1,1,1,-1,1,-1,-1,1,-1,1,1,1,-1,-1,-1,1,0.010275686159729958
-1,1,1,1,1,-1,1,-1,-1,1,1,-1,-1,1,-1,1,1,1,0.009714480489492416
-1,1,1,1,1,-1,1,-1,-1,1,1,-1,-1,1,1,1,-1,1,0.009889164008200169
-1,1,1,1,1,-1,1,-1,-1,1,1,-1,-1,1,1,1,1,-1,0.009633311070501804
-1,1,1,1,1,-1,1,-1,-1,1,1,-1,-1,1,1,1,1,1,0.00993318110704422
-1,1,1,1,1,-1,1,-1,-1,1,1,1,-1,-1,1,1,1,1,0.009597603231668472
-1,1,1,1,1,-1,1,-1,-1,1,1,1,1,1,-1,-1,-1,-1,0.009947062470018864
-1,1,1,1,1,-1,1,-1,-1,1,1,1,1,1,-1,1,-1,1,0.00955296866595745
-1,1,1,1,1,-1,1,-1,1,-1,-1,-1,-1,-1,1,-1,-1,-1,0.011355530470609665
-1,1,1,1,1,-1,1,-1,1,-1,-1,-1,-1,-1,1,1,1,1,0.010990257374942303
-1,1,1,1,1,-1,1,-1,1,-1,-1,1,-1,-1,-1,1,-1,-1,0.009924804791808128
-1,1,1,1,1,-1,1,-1,1,-1,-1,1,1,-1,1,-1,1,-1,0.011257600039243698
-1,1,1,1,1,-1,1,-1,1,-1,-1,1,1,1,1,-1,1,-1,0.011056603863835335
-1,1,1,1,1,-1,1,-1,1,-1,-1,1,1,1,1,1,-1,1,0.01060329657047987
-1,1,1,1,1,-1,1,-1,1,-1,1,-1,-1,-1,-1,-1,1,-1,0.011158031411468983
-1,1,1,1,1,-1,1,-1,1,-1,1,1,-1,1,-1,-1,1,1,0.01072364766150713
-1,1,1,1,1,-1,1,-1,1,-1,1,1,1,-1,-1,1,1,1,0.010633867233991623
-1,1,1,1,1,-1,1,-1,1,-1,1,1,1,-1,1,-1,1,-1,0.011237754486501217
-1,1,1,1,1,-1,1,-1,1,-1,1,1,1,1,-1,-1,-1,-1,0.010786266066133976
-1,1,1,1,1,-1,1,-1,1,-1,1,1,1,1,-1,1,1,-1,0.010136319324374199
-1,1,1,1,1,-1,1,-1,1,-1,1,1,1,1,1,1,-1,-1,0.010305063799023628
-1,1,1,1,1,-1,1,-1,1,1,-1,-1,-1,-1,-1,1,-1,-1,0.009680076502263546
-1,1,1,1,1,-1,1,-1,1,1,-1,-1,-1,-1,-1,1,-1,1,0.009967371821403503
-1,1,1,1,1,-1,1,-1,1,1,-1,-1,-1,1,1,1,-1,-1,0.009682584553956985
-1,1,1,1,1,-1,1,-1,1,1,-1,-1,1,-1,1,-1,1,1,0.0113153625279665
-1,1,1,1,1,-1,1,-1,1,1,-1,1,-1,-1,-1,1,1,1,0.009472193196415901
-1,1,1,1,1,-1,1,-1,1,1,-1,1,-1,1,-1,1,1,1,0.00926525704562664
-1,1,1,1,1,-1,1,-1,1,1,-1,1,1,-1,1,1,-1,-1,0.009756829589605331
-1,1,1,1,1,-1,1,-1,1,1,1,-1,-1,1,-1,1,-1,1,0.009731682017445564
-1,1,1,1,1,-1,1,-1,1,1,1,-1,-1,1,1,-1,-1,1,0.010638407431542873
-1,1,1,1,1,-1,1,-1,1,1,1,1,1,1,1,-1,-1,-1,0.010217725299298763
-1,1,1,1,1,-1,1,1,-1,-1,-1,-1,-1,-1,-1,1,1,1,0.010786999017000198
-1,1,1,1,1,-1,1,1,-1,-1,-1,1,-1,-1,-1,-1,-1,-1,0.010607137344777584
-1,1,1,1,1,-1,1,1,-1,-1,-1,1,-1,-1,1,-1,-1,1,0.011091998778283596
-1,1,1,1,1,-1,1,1,-1,-1,1,-1,-1,-1,-1,1,-1,1,0.010710909962654114
-1,1,1,1,1,-1,1,1,-1,-1,1,-1,-1,1,1,1,1,-1,0.010470139794051647
-1,1,1,1,1,-1,1,1,-1,-1,1,-1,1,-1,1,-1,-1,-1,0.011718332767486572
-1,1,1,1,1,-1,1,1,-1,-1,1,-1,1,-1,1,1,-1,-1,0.011024368926882744
-1,1,1,1,1,-1,1,1,-1,-1,1,-1,1,-1,1,1,1,-1,0.011083580553531647
-1,1,1,1,1,-1,1,1,-1,1,-1,-1,-1,1,-1,1,-1,-1,0.009467448107898235
-1,1,1,1,1,-1,1,1,-1,1,-1,1,1,-1,-1,1,-1,1,0.009834927506744862
-1,1,1,1,1,-1,1,1,-1,1,1,-1,-1,-1,-1,1,1,-1,0.009692267514765263
-1,1,1,1,1,-1,1,1,-1,1,1,-1,-1,1,1,1,-1,1,0.009929494000971317
-1,1,1,1,1,-1,1,1,-1,1,1,-1,1,-1,1,-1,-1,-1,0.010955543257296085
-1,1,1,1,1,-1,1,1,-1,1,1,1,-1,-1,-1,-1,-1,1,0.010102888569235802
-1,1,1,1,1,-1,1,1,-1,1,1,1,-1,1,-1,-1,-1,1,0.009901891462504864
-1,1,1,1,1,-1,1,1,-1,1,1,1,1,-1,-1,-1,1,1,0.010553411208093166
-1,1,1,1,1,-1,1,1,-1,1,1,1,1,-1,1,-1,-1,1,0.01071883738040924
-1,1,1,1,1,-1,1,1,-1,1,1,1,1,1,-1,1,-1,-1,0.009323819540441036
-1,1,1,1,1,-1,1,1,1,-1,-1,1,1,-1,1,1,-1,1,0.010865758173167706
-1,1,1,1,1,-1,1,1,1,-1,1,-1,1,1,-1,1,1,-1,0.010719162411987782
-1,1,1,1,1,-1,1,1,1,-1,1,1,-1,-1,-1,1,1,1,0.010282888077199459
-1,1,1,1,1,-1,1,1,1,-1,1,1,-1,1,-1,1,-1,-1,0.009750579483807087
-1,1,1,1,1,-1,1,1,1,1,-1,-1,1,-1,-1,-1,-1,-1,0.01082681491971016
-1,1,1,1,1,-1,1,1,1,1,-1,1,-1,-1,-1,-1,1,-1,0.00993700884282589
-1,1,1,1,1,-1,1,1,1,1,1,-1,-1,-1,1,-1,1,-1,0.010645016096532345
-1,1,1,1,1,-1,1,1,1,1,1,-1,-1,1,-1,-1,-1,1,0.010481171309947968
-1,1,1,1,1,-1,1,1,1,1,1,-1,1,-1,-1,-1,-1,-1,0.010809937492012978
-1,1,1,1,1,-1,1,1,1,1,1,-1,1,1,-1,-1,1,-1,0.010656275786459446
-1,1,1,1,1,-1,1,1,1,1,1,1,-1,-1,-1,-1,-1,1,0.010154849849641323
-1,1,1,1,1,-1,1,1,1,1,1,1,-1,1,-1,1,-1,-1,0.008978532627224922
-1,1,1,1,1,-1,1,1,1,1,1,1,1,-1,1,1,-1,1,0.010086092166602612
-1,1,1,1,1,-1,1,1,1,1,1,1,1,-1,1,1,1,-1,0.009833557531237602
-1,1,1,1,1,1,-1,-1,-1,-1,-1,-1,-1,-1,1,-1,1,-1,0.010782088153064251
-1,1,1,1,1,1,-1,-1,-1,-1,-1,1,1,-1,1,1,1,1,0.010261242277920246
-1,1,1,1,1,1,-1,-1,-1,-1,1,-1,-1,-1,-1,-1,-1,-1,0.01052100770175457
-1,1,1,1,1,1,-1,-1,-1,-1,1,-1,-1,-1,1,1,1,1,0.010365177877247334
-1,1,1,1,1,1,-1,-1,-1,-1,1,1,1,-1,-1,-1,1,1,0.01073482446372509
-1,1,1,1,1,1,-1,-1,-1,-1,1,1,1,-1,1,-1,-1,-1,0.010588504374027252
-1,1,1,1,1,1,-1,-1,-1,1,-1,-1,1,-1,1,1,-1,1,0.009978435933589935
-1,1,1,1,1,1,-1,-1,-1,1,-1,1,-1,-1,-1,-1,1,1,0.009579088538885117
-1,1,1,1,1,1,-1,-1,-1,1,-1,1,1,-1,-1,1,1,-1,0.008995077572762966
-1,1,1,1,1,1,-1,-1,-1,1,-1,1,1,-1,-1,1,1,1,0.0092764338478446
-1,1,1,1,1,1,-1,-1,-1,1,-1,1,1,1,1,-1,-1,1,0.009922950528562069
-1,1,1,1,1,1,-1,-1,-1,1,1,-1,-1,1,1,-1,1,-1,0.009789547882974148
-1,1,1,1,1,1,-1,-1,-1,1,1,-1,1,-1,1,1,1,-1,0.009705706499516964
-1,1,1,1,1,1,-1,-1,-1,1,1,1,-1,-1,-1,-1,1,-1,0.009256402961909771
-1,1,1,1,1,1,-1,-1,-1,1,1,1,-1,-1,1,-1,1,1,0.009759778156876564
-1,1,1,1,1,1,-1,-1,-1,1,1,1,-1,1,-1,-1,-1,1,0.009296063333749771
-1,1,1,1,1,1,-1,-1,-1,1,1,1,-1,1,1,-1,1,1,0.009546903893351555
-1,1,1,1,1,1,-1,-1,-1,1,1,1,1,1,-1,-1,1,-1,0.009465229697525501
-1,1,1,1,1,1,-1,-1,-1,1,1,1,1,1,1,-1,1,-1,0.009668734855949879
-1,1,1,1,1,1,-1,-1,-1,1,1,1,1,1,1,-1,1,1,0.009950091131031513
-1,1,1,1,1,1,-1,-1,1,-1,-1,-1,1,-1,-1,1,-1,1,0.01059893798083067
-1,1,1,1,1,1,-1,-1,1,-1,-1,-1,1,-1,-1,1,1,-1,0.010352342389523983
-1,1,1,1,1,1,-1,-1,1,-1,-1,-1,1,1,-1,1,1,1,0.010441957972943783
-1,1,1,1,1,1,-1,-1,1,-1,-1,1,-1,-1,1,-1,-1,-1,0.010266033001244068
-1,1,1,1,1,1,-1,-1,1,-1,-1,1,1,-1,1,-1,1,-1,0.010716554708778858
-1,1,1,1,1,1,-1,-1,1,-1,-1,1,1,1,1,1,1,1,0.010121462866663933
-1,1,1,1,1,1,-1,-1,1,-1,1,-1,-1,1,1,-1,-1,-1,0.010578794404864311
-1,1,1,1,1,1,-1,-1,1,-1,1,-1,1,-1,1,1,1,1,0.010829583741724491
-1,1,1,1,1,1,-1,-1,1,-1,1,1,-1,-1,-1,-1,1,-1,0.010098923929035664
-1,1,1,1,1,1,-1,-1,1,-1,1,1,-1,-1,-1,1,1,-1,0.009404960088431835
-1,1,1,1,1,1,-1,-1,1,-1,1,1,-1,-1,1,-1,-1,-1,0.010249155573546886
-1,1,1,1,1,1,-1,-1,1,1,-1,-1,1,-1,1,1,1,-1,0.00978380162268877
-1,1,1,1,1,1,-1,-1,1,1,-1,1,-1,1,1,1,-1,1,0.008883699774742126
-1,1,1,1,1,1,-1,-1,1,1,-1,1,1,-1,-1,1,1,-1,0.00905297789722681
-1,1,1,1,1,1,-1,-1,1,1,-1,1,1,1,-1,1,1,1,0.009136655367910862
-1,1,1,1,1,1,-1,-1,1,1,1,-1,1,-1,-1,-1,-1,-1,0.01020742766559124
-1,1,1,1,1,1,-1,-1,1,1,1,1,-1,1,-1,-1,1,1,0.009401299059391022
-1,1,1,1,1,1,-1,-1,1,1,1,1,1,-1,-1,-1,-1,-1,0.009689366444945335
-1,1,1,1,1,1,-1,-1,1,1,1,1,1,1,-1,1,-1,-1,0.008779210038483143
-1,1,1,1,1,1,-1,-1,1,1,1,1,1,1,-1,1,1,-1,0.008823227137327194
-1,1,1,1,1,1,-1,1,-1,-1,-1,-1,1,-1,-1,-1,1,1,0.011340484023094177
-1,1,1,1,1,1,-1,1,-1,-1,1,1,-1,-1,-1,1,-1,1,0.009636607021093369
-1,1,1,1,1,1,-1,1,-1,-1,1,1,1,1,-1,-1,-1,-1,0.010248783975839615
-1,1,1,1,1,1,-1,1,-1,1,-1,-1,1,-1,1,-1,1,1,0.01077194232493639
-1,1,1,1,1,1,-1,1,-1,1,-1,-1,1,1,-1,-1,-1,-1,0.010023553855717182
-1,1,1,1,1,1,-1,1,-1,1,-1,1,-1,1,-1,-1,1,-1,0.009131127037107944
-1,1,1,1,1,1,-1,1,-1,1,-1,1,1,-1,1,1,-1,-1,0.009210092015564442
-1,1,1,1,1,1,-1,1,-1,1,1,-1,-1,-1,1,-1,1,1,0.01034856028854847
-1,1,1,1,1,1,-1,1,-1,1,1,-1,-1,-1,1,1,1,-1,0.009363983757793903
-1,1,1,1,1,1,-1,1,-1,1,1,-1,-1,1,-1,-1,-1,1,0.009884846396744251
-1,1,1,1,1,1,-1,1,-1,1,1,1,-1,-1,-1,-1,-1,-1,0.009267912246286869
-1,1,1,1,1,1,-1,1,1,-1,-1,-1,-1,1,-1,1,1,-1,0.009794427081942558
-1,1,1,1,1,1,-1,1,1,-1,-1,1,-1,-1,-1,-1,1,-1,0.010168008506298065
-1,1,1,1,1,1,-1,1,1,-1,1,-1,-1,-1,-1,-1,-1,1,0.01093430258333683
-1,1,1,1,1,1,-1,1,1,-1,1,-1,-1,-1,1,1,1,-1,0.010187990963459015
-1,1,1,1,1,1,-1,1,1,-1,1,-1,-1,1,-1,1,1,-1,0.009786807000637054
-1,1,1,1,1,1,-1,1,1,-1,1,-1,-1,1,1,-1,1,1,0.010974889621138573
-1,1,1,1,1,1,-1,1,1,-1,1,-1,-1,1,1,1,1,1,0.010274986736476421
-1,1,1,1,1,1,-1,1,1,-1,1,-1,1,-1,-1,-1,1,-1,0.01108495518565178
-1,1,1,1,1,1,-1,1,1,-1,1,-1,1,-1,-1,-1,1,1,0.011375568807125092
-1,1,1,1,1,1,-1,1,1,-1,1,-1,1,-1,-1,1,1,-1,0.010400247760117054
-1,1,1,1,1,1,-1,1,1,-1,1,1,1,1,-1,1,1,1,0.009944729506969452
-1,1,1,1,1,1,-1,1,1,1,-1,-1,-1,-1,-1,-1,-1,1,0.010169876739382744
-1,1,1,1,1,1,-1,1,1,1,-1,-1,-1,-1,-1,1,1,1,0.009535125456750393
-1,1,1,1,1,1,-1,1,1,1,-1,-1,-1,-1,1,1,-1,-1,0.009398061782121658
-1,1,1,1,1,1,-1,1,1,1,-1,-1,-1,-1,1,1,1,-1,0.009432822465896606
-1,1,1,1,1,1,-1,1,1,1,-1,-1,-1,1,1,1,1,-1,0.009241081774234772
-1,1,1,1,1,1,-1,1,1,1,-1,-1,1,-1,-1,-1,1,-1,0.010339043103158474
-1,1,1,1,1,1,-1,1,1,1,-1,-1,1,1,-1,-1,1,1,0.010428658686578274
-1,1,1,1,1,1,-1,1,1,1,-1,1,-1,-1,1,1,1,-1,0.008914760313928127
-1,1,1,1,1,1,-1,1,1,1,-1,1,-1,1,1,1,1,-1,0.008701886050403118
-1,1,1,1,1,1,-1,1,1,1,-1,1,1,-1,-1,1,1,1,0.009399116970598698
-1,1,1,1,1,1,-1,1,1,1,-1,1,1,-1,1,-1,-1,1,0.01024662982672453
-1,1,1,1,1,1,-1,1,1,1,1,-1,-1,-1,-1,-1,1,1,0.010200334712862968
-1,1,1,1,1,1,-1,1,1,1,1,-1,-1,1,1,-1,1,-1,0.009897034615278244
-1,1,1,1,1,1,-1,1,1,1,1,-1,1,1,1,1,-1,-1,0.00957481563091278
-1,1,1,1,1,1,-1,1,1,1,1,1,-1,1,-1,-1,1,-1,0.009166211821138859
-1,1,1,1,1,1,1,-1,-1,-1,-1,1,1,-1,-1,-1,-1,1,0.011410802602767944
-1,1,1,1,1,1,1,-1,-1,-1,-1,1,1,-1,1,1,1,1,0.010964361019432545
-1,1,1,1,1,1,1,-1,-1,-1,1,-1,-1,1,1,-1,1,-1,0.011264712549746037
-1,1,1,1,1,1,1,-1,-1,-1,1,-1,1,-1,-1,-1,1,-1,0.011665391735732555
-1,1,1,1,1,1,1,-1,-1,-1,1,-1,1,-1,-1,1,-1,-1,0.010937977582216263
-1,1,1,1,1,1,1,-1,-1,-1,1,1,-1,-1,-1,-1,-1,-1,0.010690869763493538
-1,1,1,1,1,1,1,-1,-1,-1,1,1,1,1,1,-1,-1,-1,0.01108468696475029
-1,1,1,1,1,1,1,-1,-1,1,-1,-1,-1,-1,-1,1,1,-1,0.009815691970288754
-1,1,1,1,1,1,1,-1,-1,1,-1,-1,-1,-1,1,-1,1,1,0.011018969118595123
-1,1,1,1,1,1,1,-1,-1,1,-1,-1,-1,-1,1,1,1,1,0.010315748862922192
-1,1,1,1,1,1,1,-1,-1,1,-1,1,-1,-1,-1,1,1,1,0.00957304798066616
-1,1,1,1,1,1,1,-1,-1,1,-1,1,-1,-1,1,1,-1,1,0.00973847508430481
-1,1,1,1,1,1,1,-1,-1,1,1,-1,1,1,-1,-1,-1,-1,0.010642392560839653
-1,1,1,1,1,1,1,-1,-1,1,1,-1,1,1,-1,1,1,-1,0.01000170223414898
-1,1,1,1,1,1,1,-1,-1,1,1,1,-1,1,-1,1,-1,1,0.009314474649727345
-1,1,1,1,1,1,1,-1,-1,1,1,1,-1,1,1,-1,-1,1,0.010196749120950699
-1,1,1,1,1,1,1,-1,-1,1,1,1,1,1,-1,1,-1,-1,0.009424428455531597
-1,1,1,1,1,1,1,-1,-1,1,1,1,1,1,-1,1,1,-1,0.009474384598433971
-1,1,1,1,1,1,1,-1,-1,1,1,1,1,1,-1,1,1,1,0.009759058244526386
-1,1,1,1,1,1,1,-1,1,-1,-1,-1,-1,1,-1,-1,-1,-1,0.011107162572443485
-1,1,1,1,1,1,1,-1,1,-1,-1,-1,-1,1,-1,1,1,-1,0.010451276786625385
-1,1,1,1,1,1,1,-1,1,-1,-1,-1,-1,1,1,1,1,-1,0.01064552552998066
-1,1,1,1,1,1,1,-1,1,-1,-1,-1,1,1,-1,-1,1,-1,0.011548427864909172
-1,1,1,1,1,1,1,-1,1,-1,-1,1,-1,1,-1,-1,-1,1,0.010855262167751789
-1,1,1,1,1,1,1,-1,1,-1,-1,1,1,1,1,-1,-1,-1,0.01118391565978527
-1,1,1,1,1,1,1,-1,1,-1,1,1,-1,-1,-1,-1,-1,-1,0.010748770087957382
-1,1,1,1,1,1,1,-1,1,-1,1,1,-1,-1,1,-1,-1,-1,0.01095559261739254
-1,1,1,1,1,1,1,-1,1,-1,1,1,1,-1,1,1,-1,1,0.010964685119688511
-1,1,1,1,1,1,1,-1,1,-1,1,1,1,1,1,1,-1,1,0.010757749900221825
-1,1,1,1,1,1,1,-1,1,1,-1,-1,1,-1,-1,1,1,1,0.010583284310996532
-1,1,1,1,1,1,1,-1,1,1,-1,-1,1,1,-1,1,-1,1,0.010323075577616692
-1,1,1,1,1,1,1,-1,1,1,-1,-1,1,1,1,-1,-1,-1,0.01092993188649416
-1,1,1,1,1,1,1,-1,1,1,1,-1,-1,-1,1,-1,-1,-1,0.010722742415964603
-1,1,1,1,1,1,1,-1,1,1,1,-1,1,-1,1,1,1,-1,0.010473361238837242
-1,1,1,1,1,1,1,-1,1,1,1,-1,1,1,-1,1,-1,1,0.010309516452252865
-1,1,1,1,1,1,1,1,-1,-1,-1,-1,-1,-1,-1,1,-1,-1,0.010608503594994545
-1,1,1,1,1,1,1,1,-1,-1,-1,1,-1,1,-1,1,-1,1,0.010158923454582691
-1,1,1,1,1,1,1,1,-1,-1,-1,1,-1,1,1,1,-1,1,0.010359111241996288
-1,1,1,1,1,1,1,1,-1,-1,-1,1,-1,1,1,1,1,-1,0.010112514719367027
-1,1,1,1,1,1,1,1,-1,-1,1,-1,-1,-1,1,-1,-1,1,0.011764513328671455
-1,1,1,1,1,1,1,1,-1,-1,1,-1,1,1,1,-1,1,1,0.01200809981673956
-1,1,1,1,1,1,1,1,-1,-1,1,1,1,-1,-1,-1,1,1,0.01148421224206686
-1,1,1,1,1,1,1,1,-1,-1,1,1,1,1,-1,1,1,1,0.010592568665742874
-1,1,1,1,1,1,1,1,-1,1,-1,-1,-1,1,-1,-1,1,-1,0.01035824604332447
-1,1,1,1,1,1,1,1,-1,1,-1,-1,1,1,1,1,1,-1,0.010274291969835758
-1,1,1,1,1,1,1,1,-1,1,-1,1,-1,-1,1,-1,-1,-1,0.010206608101725578
-1,1,1,1,1,1,1,1,-1,1,1,-1,-1,-1,1,1,-1,-1,0.01002308540046215
-1,1,1,1,1,1,1,1,-1,1,1,-1,-1,1,-1,1,1,1,0.009938017465174198
-1,1,1,1,1,1,1,1,-1,1,1,-1,1,-1,-1,1,1,-1,0.010270102880895138
-1,1,1,1,1,1,1,1,-1,1,1,-1,1,1,1,-1,-1,1,0.011201293207705021
-1,1,1,1,1,1,1,1,-1,1,1,1,1,-1,-1,-1,1,1,0.010721422731876373
-1,1,1,1,1,1,1,1,1,-1,-1,-1,-1,1,1,-1,1,-1,0.011410210281610489
-1,1,1,1,1,1,1,1,1,-1,-1,-1,1,1,-1,1,-1,1,0.011150646954774857
-1,1,1,1,1,1,1,1,1,-1,-1,1,-1,1,-1,1,-1,1,0.010226080194115639
-1,1,1,1,1,1,1,1,1,-1,-1,1,1,-1,1,-1,-1,1,0.011736990883946419
-1,1,1,1,1,1,1,1,1,-1,1,-1,-1,-1,-1,-1,1,-1,0.011375630274415016
-1,1,1,1,1,1,1,1,1,-1,1,1,-1,-1,1,-1,-1,-1,0.011007800698280334
-1,1,1,1,1,1,1,1,1,-1,1,1,-1,-1,1,1,1,-1,0.010351914912462234
-1,1,1,1,1,1,1,1,1,-1,1,1,1,-1,-1,-1,-1,-1,0.011210800148546696
-1,1,1,1,1,1,1,1,1,1,-1,-1,-1,1,-1,1,-1,1,0.009981352835893631
-1,1,1,1,1,1,1,1,1,1,-1,-1,-1,1,-1,1,1,-1,0.009740695357322693
-1,1,1,1,1,1,1,1,1,1,-1,-1,-1,1,-1,1,1,1,0.01003130804747343
-1,1,1,1,1,1,1,1,1,1,-1,-1,1,-1,-1,-1,1,1,0.011323518119752407
-1,1,1,1,1,1,1,1,1,1,-1,-1,1,-1,-1,1,1,1,0.010635492391884327
-1,1,1,1,1,1,1,1,1,1,-1,-1,1,-1,1,1,-1,1,0.010804236866533756
-1,1,1,1,1,1,1,1,1,1,-1,-1,1,1,1,1,-1,1,0.010591362603008747
-1,1,1,1,1,1,1,1,1,1,-1,1,-1,-1,-1,-1,-1,-1,0.0100643215700984
-1,1,1,1,1,1,1,1,1,1,-1,1,-1,1,-1,-1,1,1,0.010186076164245605
-1,1,1,1,1,1,1,1,1,1,-1,1,-1,1,-1,1,-1,-1,0.009154165163636208
-1,1,1,1,1,1,1,1,1,1,-1,1,1,1,-1,-1,-1,-1,0.010248695500195026
-1,1,1,1,1,1,1,1,1,1,1,-1,-1,-1,-1,-1,1,1,0.01090939249843359
-1,1,1,1,1,1,1,1,1,1,1,-1,-1,-1,1,-1,-1,1,0.011068880558013916
-1,1,1,1,1,1,1,1,1,1,1,-1,-1,-1,1,1,-1,-1,0.010075046680867672
-1,1,1,1,1,1,1,1,1,1,1,-1,-1,1,1,-1,1,1,0.010905962437391281
-1,1,1,1,1,1,1,1,1,1,1,-1,1,-1,-1,1,-1,1,0.010562721639871597
-1,1,1,1,1,1,1,1,1,1,1,1,1,-1,-1,1,1,-1,0.009798063896596432
-1,1,1,1,1,1,1,1,1,1,1,1,1,1,-1,1,-1,1,0.009831785224378109
-1,1,1,1,1,1,1,1,1,1,1,1,1,1,-1,1,1,1,0.009866545908153057
1,-1,-1,-1,-1,-1,-1,-1,-1,-1,-1,-1,-1,-1,1,-1,-1,1,0.009376868605613708
1,-1,-1,-1,-1,-1,-1,-1,-1,-1,-1,1,1,-1,-1,-1,1,-1,0.008796697482466698
1,-1,-1,-1,-1,-1,-1,-1,-1,-1,-1,1,1,-1,-1,1,-1,-1,0.008058716543018818
1,-1,-1,-1,-1,-1,-1,-1,-1,-1,1,-1,-1,-1,-1,-1,-1,-1,0.008856616914272308
1,-1,-1,-1,-1,-1,-1,-1,-1,-1,1,1,-1,-1,1,-1,-1,1,0.008817478083074093
1,-1,-1,-1,-1,-1,-1,-1,-1,-1,1,1,-1,-1,1,1,1,-1,0.007886175066232681
1,-1,-1,-1,-1,-1,-1,-1,-1,-1,1,1,1,-1,-1,-1,-1,-1,0.008729865774512291
1,-1,-1,-1,-1,-1,-1,-1,-1,1,-1,1,1,1,1,-1,-1,1,0.008277073502540588
1,-1,-1,-1,-1,-1,-1,-1,-1,1,1,-1,-1,-1,-1,1,1,1,0.007719297893345356
1,-1,-1,-1,-1,-1,-1,-1,-1,1,1,-1,1,-1,-1,-1,1,-1,0.008538410998880863
1,-1,-1,-1,-1,-1,-1,-1,-1,1,1,1,-1,1,-1,-1,1,1,0.007682326249778271
1,-1,-1,-1,-1,-1,-1,-1,-1,1,1,1,-1,1,1,1,1,-1,0.006901254411786795
1,-1,-1,-1,-1,-1,-1,-1,-1,1,1,1,1,1,1,-1,1,-1,0.008007662370800972
1,-1,-1,-1,-1,-1,-1,-1,1,-1,-1,-1,1,-1,1,1,1,-1,0.008900714106857777
1,-1,-1,-1,-1,-1,-1,-1,1,-1,-1,-1,1,1,-1,-1,-1,-1,0.00914353784173727
1,-1,-1,-1,-1,-1,-1,-1,1,-1,-1,-1,1,1,-1,-1,1,1,0.009484106674790382
1,-1,-1,-1,-1,-1,-1,-1,1,-1,-1,1,-1,-1,-1,-1,1,1,0.008736085146665573
1,-1,-1,-1,-1,-1,-1,-1,1,-1,1,-1,-1,-1,-1,-1,1,-1,0.008971109054982662
1,-1,-1,-1,-1,-1,-1,-1,1,-1,1,-1,-1,1,-1,-1,-1,1,0.009001512080430984
1,-1,-1,-1,-1,-1,-1,-1,1,-1,1,-1,1,-1,1,-1,-1,-1,0.009521907195448875
1,-1,-1,-1,-1,-1,-1,-1,1,-1,1,-1,1,1,-1,-1,-1,-1,0.00912072230130434
1,-1,-1,-1,-1,-1,-1,-1,1,-1,1,-1,1,1,-1,-1,-1,1,0.009402078576385975
1,-1,-1,-1,-1,-1,-1,-1,1,-1,1,-1,1,1,-1,1,1,-1,0.008476714603602886
1,-1,-1,-1,-1,-1,-1,-1,1,-1,1,1,-1,-1,1,-1,1,-1,0.008632100187242031
1,-1,-1,-1,-1,-1,-1,-1,1,-1,1,1,-1,-1,1,1,1,-1,0.007947392761707306
1,-1,-1,-1,-1,-1,-1,-1,1,-1,1,1,-1,1,1,-1,-1,1,0.008671760559082031
1,-1,-1,-1,-1,-1,-1,-1,1,1,-1,1,-1,1,-1,-1,1,-1,0.007475746795535088
1,-1,-1,-1,-1,-1,-1,-1,1,1,-1,1,1,-1,1,1,-1,-1,0.00756065035238862
1,-1,-1,-1,-1,-1,-1,-1,1,1,1,-1,-1,1,1,-1,-1,1,0.00844222865998745
1,-1,-1,-1,-1,-1,-1,-1,1,1,1,-1,1,-1,-1,-1,-1,-1,0.008555612526834011
1,-1,-1,-1,-1,-1,-1,-1,1,1,1,-1,1,-1,-1,-1,1,1,0.008880984969437122
1,-1,-1,-1,-1,-1,-1,-1,1,1,1,-1,1,-1,-1,1,-1,1,0.00815226137638092
1,-1,-1,-1,-1,-1,-1,-1,1,1,1,1,1,-1,1,-1,-1,1,0.00851315539330244
1,-1,-1,-1,-1,-1,-1,-1,1,1,1,1,1,1,-1,-1,1,1,0.008140793070197105
1,-1,-1,-1,-1,-1,-1,1,-1,-1,-1,-1,-1,1,1,-1,-1,1,0.009225458838045597
1,-1,-1,-1,-1,-1,-1,1,-1,-1,-1,-1,1,1,-1,-1,-1,1,0.009425140917301178
1,-1,-1,-1,-1,-1,-1,1,-1,-1,-1,1,-1,-1,-1,1,-1,1,0.008001668378710747
1,-1,-1,-1,-1,-1,-1,1,-1,-1,-1,1,-1,-1,-1,1,1,1,0.008045685477554798
1,-1,-1,-1,-1,-1,-1,1,-1,-1,-1,1,-1,-1,1,-1,1,1,0.008949092589318752
1,-1,-1,-1,-1,-1,-1,1,-1,-1,-1,1,1,-1,-1,1,1,1,0.008442933671176434
1,-1,-1,-1,-1,-1,-1,1,-1,-1,1,-1,-1,1,-1,-1,1,1,0.009039836935698986
1,-1,-1,-1,-1,-1,-1,1,-1,-1,1,-1,1,-1,-1,1,1,-1,0.00866870116442442
1,-1,-1,-1,-1,-1,-1,1,-1,-1,1,-1,1,-1,1,1,1,-1,0.008875523693859577
1,-1,-1,-1,-1,-1,-1,1,-1,-1,1,-1,1,1,1,-1,-1,1,0.009615086950361729
1,-1,-1,-1,-1,-1,-1,1,-1,-1,1,1,1,1,1,-1,-1,-1,0.008791216649115086
1,-1,-1,-1,-1,-1,-1,1,-1,1,-1,-1,-1,-1,1,1,-1,-1,0.007681709714233875
1,-1,-1,-1,-1,-1,-1,1,-1,1,-1,-1,-1,1,-1,-1,-1,-1,0.007959294132888317
1,-1,-1,-1,-1,-1,-1,1,-1,1,-1,1,-1,-1,-1,-1,-1,-1,0.007629655301570892
1,-1,-1,-1,-1,-1,-1,1,-1,1,-1,1,-1,1,1,1,1,-1,0.0069795954041182995
1,-1,-1,-1,-1,-1,-1,1,-1,1,-1,1,1,1,-1,-1,1,1,0.008173110894858837
1,-1,-1,-1,-1,-1,-1,1,-1,1,1,-1,1,-1,1,-1,-1,-1,0.00874416809529066
1,-1,-1,-1,-1,-1,-1,1,-1,1,1,1,-1,-1,-1,-1,-1,1,0.007906708866357803
1,-1,-1,-1,-1,-1,-1,1,-1,1,1,1,1,-1,-1,1,-1,-1,0.007328637409955263
1,-1,-1,-1,-1,-1,-1,1,-1,1,1,1,1,-1,-1,1,1,-1,0.007366715930402279
1,-1,-1,-1,-1,-1,-1,1,1,-1,-1,-1,-1,1,1,-1,1,-1,0.009030823595821857
1,-1,-1,-1,-1,-1,-1,1,1,-1,-1,-1,-1,1,1,1,1,-1,0.008342798799276352
1,-1,-1,-1,-1,-1,-1,1,1,-1,-1,-1,1,1,-1,1,1,1,0.008830472826957703
1,-1,-1,-1,-1,-1,-1,1,1,-1,-1,1,-1,-1,-1,1,-1,1,0.008053629659116268
1,-1,-1,-1,-1,-1,-1,1,1,-1,-1,1,-1,-1,1,-1,1,-1,0.008713759481906891
1,-1,-1,-1,-1,-1,-1,1,1,-1,1,-1,-1,1,1,-1,-1,1,0.009254604578018188
1,-1,-1,-1,-1,-1,-1,1,1,-1,1,1,-1,-1,-1,-1,-1,1,0.00873071700334549
1,-1,-1,-1,-1,-1,-1,1,1,-1,1,1,1,-1,-1,1,1,1,0.008496532216668129
1,-1,-1,-1,-1,-1,-1,1,1,1,-1,-1,1,-1,1,1,-1,1,0.008424850180745125
1,-1,-1,-1,-1,-1,-1,1,1,1,-1,1,-1,1,-1,1,-1,-1,0.006784034892916679
1,-1,-1,-1,-1,-1,-1,1,1,1,-1,1,1,-1,1,1,-1,1,0.007897532545030117
1,-1,-1,-1,-1,-1,-1,1,1,1,-1,1,1,1,-1,1,1,-1,0.00724381348118186
1,-1,-1,-1,-1,-1,-1,1,1,1,1,1,-1,-1,-1,1,1,-1,0.007021429017186165
1,-1,-1,-1,-1,-1,1,-1,-1,-1,-1,-1,-1,-1,-1,1,1,-1,0.008941860869526863
1,-1,-1,-1,-1,-1,1,-1,-1,-1,-1,-1,-1,-1,1,-1,1,1,0.010120686143636703
1,-1,-1,-1,-1,-1,1,-1,-1,-1,-1,-1,1,-1,1,-1,-1,1,0.010492430999875069
1,-1,-1,-1,-1,-1,1,-1,-1,-1,-1,-1,1,1,1,-1,1,1,0.01032951194792986
1,-1,-1,-1,-1,-1,1,-1,-1,-1,-1,1,-1,-1,1,1,-1,-1,0.008552896790206432
1,-1,-1,-1,-1,-1,1,-1,-1,-1,1,-1,1,1,-1,1,-1,-1,0.009068659506738186
1,-1,-1,-1,-1,-1,1,-1,-1,-1,1,1,-1,-1,-1,1,1,1,0.008661205880343914
1,-1,-1,-1,-1,-1,1,-1,-1,-1,1,1,-1,1,-1,-1,-1,-1,0.008819542825222015
1,-1,-1,-1,-1,-1,1,-1,-1,-1,1,1,1,-1,1,1,-1,-1,0.008945843204855919
1,-1,-1,-1,-1,-1,1,-1,-1,-1,1,1,1,1,-1,1,-1,1,0.008822697214782238
1,-1,-1,-1,-1,-1,1,-1,-1,1,-1,-1,1,-1,1,1,1,-1,0.008764630183577538
1,-1,-1,-1,-1,-1,1,-1,-1,1,-1,-1,1,1,1,1,-1,-1,0.008513676933944225
1,-1,-1,-1,-1,-1,1,-1,-1,1,-1,-1,1,1,1,1,-1,1,0.008810228668153286
1,-1,-1,-1,-1,-1,1,-1,-1,1,1,-1,-1,1,-1,-1,1,1,0.008924640715122223
1,-1,-1,-1,-1,-1,1,-1,-1,1,1,-1,-1,1,1,-1,1,-1,0.008822337724268436
1,-1,-1,-1,-1,-1,1,-1,-1,1,1,-1,1,1,1,-1,-1,1,0.009481376968324184
1,-1,-1,-1,-1,-1,1,-1,-1,1,1,1,-1,1,-1,1,-1,1,0.007638207171112299
1,-1,-1,-1,-1,-1,1,-1,-1,1,1,1,-1,1,-1,1,1,1,0.007691481150686741
1,-1,-1,-1,-1,-1,1,-1,-1,1,1,1,-1,1,1,-1,1,1,0.00859488919377327
1,-1,-1,-1,-1,-1,1,-1,-1,1,1,1,1,-1,-1,1,1,1,0.008310860954225063
1,-1,-1,-1,-1,-1,1,-1,-1,1,1,1,1,1,-1,-1,1,-1,0.00850133690983057
1,-1,-1,-1,-1,-1,1,-1,-1,1,1,1,1,1,1,-1,-1,1,0.008951438590884209
1,-1,-1,-1,-1,-1,1,-1,1,-1,-1,-1,-1,1,-1,-1,-1,-1,0.009436833672225475
1,-1,-1,-1,-1,-1,1,-1,1,-1,-1,-1,-1,1,1,1,-1,1,0.009246244095265865
1,-1,-1,-1,-1,-1,1,-1,1,-1,-1,-1,-1,1,1,1,1,-1,0.008990392088890076
1,-1,-1,-1,-1,-1,1,-1,1,-1,-1,1,-1,-1,1,-1,-1,1,0.009598691947758198
1,-1,-1,-1,-1,-1,1,-1,1,-1,-1,1,-1,-1,1,-1,1,-1,0.009352096356451511
1,-1,-1,-1,-1,-1,1,-1,1,-1,-1,1,1,-1,-1,-1,1,1,0.009860903955996037
1,-1,-1,-1,-1,-1,1,-1,1,-1,-1,1,1,-1,1,1,1,-1,0.009079832583665848
1,-1,-1,-1,-1,-1,1,-1,1,-1,1,-1,-1,-1,-1,1,-1,1,0.009211664088070393
1,-1,-1,-1,-1,-1,1,-1,1,-1,1,-1,-1,1,-1,1,-1,-1,0.008720054291188717
1,-1,-1,-1,-1,-1,1,-1,1,-1,1,-1,1,-1,-1,-1,-1,1,0.010318072512745857
1,-1,-1,-1,-1,-1,1,-1,1,-1,1,-1,1,-1,1,1,-1,1,0.009827612899243832
1,-1,-1,-1,-1,-1,1,-1,1,-1,1,1,1,1,1,1,1,1,0.009131437167525291
1,-1,-1,-1,-1,-1,1,-1,1,1,-1,-1,-1,-1,-1,1,1,1,0.008512388914823532
1,-1,-1,-1,-1,-1,1,-1,1,1,-1,-1,1,-1,-1,1,-1,1,0.008874877355992794
1,-1,-1,-1,-1,-1,1,-1,1,1,-1,-1,1,1,1,-1,-1,-1,0.009278115816414356
1,-1,-1,-1,-1,-1,1,-1,1,1,-1,1,-1,1,-1,1,-1,-1,0.007431628182530403
1,-1,-1,-1,-1,-1,1,-1,1,1,-1,1,-1,1,1,1,1,1,0.007975702174007893
1,-1,-1,-1,-1,-1,1,-1,1,1,-1,1,1,-1,1,-1,-1,-1,0.008957733400166035
1,-1,-1,-1,-1,-1,1,-1,1,1,-1,1,1,1,-1,1,1,-1,0.007888088934123516
1,-1,-1,-1,-1,-1,1,-1,1,1,-1,1,1,1,1,-1,1,-1,0.008788876235485077
1,-1,-1,-1,-1,-1,1,-1,1,1,1,-1,1,1,1,-1,-1,1,0.009551852010190487
1,-1,-1,-1,-1,-1,1,-1,1,1,1,1,1,-1,-1,-1,1,1,0.009066042490303516
1,-1,-1,-1,-1,-1,1,-1,1,1,1,1,1,1,-1,-1,1,1,0.008853168226778507
1,-1,-1,-1,-1,-1,1,1,-1,-1,-1,-1,-1,-1,-1,-1,-1,-1,0.009632138535380363
1,-1,-1,-1,-1,-1,1,1,-1,-1,-1,-1,1,1,-1,-1,1,-1,0.009881663136184216
1,-1,-1,-1,-1,-1,1,1,-1,-1,-1,-1,1,1,-1,1,-1,-1,0.00914700049906969
1,-1,-1,-1,-1,-1,1,1,-1,-1,-1,1,-1,-1,1,-1,1,1,0.009646273218095303
1,-1,-1,-1,-1,-1,1,1,-1,-1,-1,1,-1,1,1,-1,1,-1,0.009154663421213627
1,-1,-1,-1,-1,-1,1,1,-1,-1,1,1,-1,1,-1,-1,-1,-1,0.008869130164384842
1,-1,-1,-1,-1,-1,1,1,-1,-1,1,1,1,1,1,-1,-1,1,0.00976975355297327
1,-1,-1,-1,-1,-1,1,1,-1,1,-1,-1,-1,-1,1,-1,1,-1,0.009122809395194054
1,-1,-1,-1,-1,-1,1,1,-1,1,-1,-1,-1,1,1,-1,1,-1,0.008915874175727367
1,-1,-1,-1,-1,-1,1,1,-1,1,-1,-1,1,-1,-1,1,1,1,0.008916519582271576
1,-1,-1,-1,-1,-1,1,1,-1,1,-1,-1,1,-1,1,1,-1,-1,0.008776138536632061
1,-1,-1,-1,-1,-1,1,1,-1,1,-1,-1,1,1,-1,-1,1,-1,0.009109617210924625
1,-1,-1,-1,-1,-1,1,1,-1,1,-1,1,1,-1,1,1,-1,-1,0.008248819969594479
1,-1,-1,-1,-1,-1,1,1,-1,1,-1,1,1,1,-1,1,1,1,0.008167070336639881
1,-1,-1,-1,-1,-1,1,1,-1,1,1,-1,-1,-1,1,-1,-1,-1,0.00904078222811222
1,-1,-1,-1,-1,-1,1,1,-1,1,1,-1,-1,-1,1,-1,-1,1,0.009346590377390385
1,-1,-1,-1,-1,-1,1,1,-1,1,1,-1,1,-1,-1,-1,1,-1,0.009297055192291737
1,-1,-1,-1,-1,-1,1,1,-1,1,1,-1,1,-1,-1,1,1,-1,0.008593834936618805
1,-1,-1,-1,-1,-1,1,1,-1,1,1,-1,1,-1,1,-1,1,1,0.009791173972189426
1,-1,-1,-1,-1,-1,1,1,-1,1,1,-1,1,-1,1,1,1,-1,0.008803279139101505
1,-1,-1,-1,-1,-1,1,1,-1,1,1,-1,1,1,1,-1,-1,1,0.009530964307487011
1,-1,-1,-1,-1,-1,1,1,-1,1,1,-1,1,1,1,1,1,1,0.008896212093532085
1,-1,-1,-1,-1,-1,1,1,-1,1,1,1,-1,-1,-1,1,-1,-1,0.0076193124987185
1,-1,-1,-1,-1,-1,1,1,-1,1,1,1,-1,-1,1,-1,-1,-1,0.008507524617016315
1,-1,-1,-1,-1,-1,1,1,-1,1,1,1,1,-1,-1,-1,1,1,0.009051093831658363
1,-1,-1,-1,-1,-1,1,1,-1,1,1,1,1,1,-1,1,-1,-1,0.007809625007212162
1,-1,-1,-1,-1,-1,1,1,-1,1,1,1,1,1,-1,1,1,1,0.008153512142598629
1,-1,-1,-1,-1,-1,1,1,1,-1,-1,-1,-1,-1,-1,-1,1,-1,0.009752568788826466
1,-1,-1,-1,-1,-1,1,1,1,-1,-1,-1,-1,-1,1,1,-1,1,0.009493510238826275
1,-1,-1,-1,-1,-1,1,1,1,-1,-1,1,1,-1,-1,1,-1,-1,0.008887835778295994
1,-1,-1,-1,-1,-1,1,1,1,-1,1,-1,-1,-1,-1,1,1,-1,0.009035789407789707
1,-1,-1,-1,-1,-1,1,1,1,-1,1,1,-1,-1,-1,-1,-1,1,0.009433835744857788
1,-1,-1,-1,-1,-1,1,1,1,-1,1,1,-1,-1,-1,1,1,-1,0.008493276312947273
1,-1,-1,-1,-1,-1,1,1,1,-1,1,1,-1,1,1,1,1,1,0.008774518966674805
1,-1,-1,-1,-1,-1,1,1,1,-1,1,1,1,-1,1,-1,-1,1,0.010037907399237156
1,-1,-1,-1,-1,-1,1,1,1,1,-1,-1,-1,-1,-1,-1,-1,1,0.009217862039804459
1,-1,-1,-1,-1,-1,1,1,1,1,-1,-1,1,-1,-1,-1,1,-1,0.009381089359521866
1,-1,-1,-1,-1,-1,1,1,1,1,-1,1,-1,-1,-1,-1,1,-1,0.008432070724666119
1,-1,-1,-1,-1,-1,1,1,1,1,1,-1,-1,-1,-1,1,-1,1,0.008495143614709377
1,-1,-1,-1,-1,-1,1,1,1,1,1,-1,-1,-1,1,-1,-1,1,0.009392612613737583
1,-1,-1,-1,-1,-1,1,1,1,1,1,-1,-1,1,-1,1,-1,1,0.008288208395242691
1,-1,-1,-1,-1,-1,1,1,1,1,1,-1,-1,1,1,1,-1,-1,0.008201099932193756
1,-1,-1,-1,-1,-1,1,1,1,1,1,1,-1,-1,1,-1,-1,1,0.008874551393091679
1,-1,-1,-1,-1,1,-1,-1,-1,-1,-1,-1,-1,1,1,-1,-1,1,0.00933794490993023
1,-1,-1,-1,-1,1,-1,-1,-1,-1,-1,-1,-1,1,1,1,-1,-1,0.008338171988725662
1,-1,-1,-1,-1,1,-1,-1,-1,-1,-1,1,1,-1,-1,1,1,1,0.008555419743061066
1,-1,-1,-1,-1,1,-1,-1,-1,-1,1,-1,1,1,1,1,-1,-1,0.008721861988306046
1,-1,-1,-1,-1,1,-1,-1,-1,-1,1,1,-1,-1,-1,-1,-1,1,0.008776046335697174
1,-1,-1,-1,-1,1,-1,-1,-1,-1,1,1,-1,-1,-1,-1,1,-1,0.008532768115401268
1,-1,-1,-1,-1,1,-1,-1,-1,-1,1,1,1,1,1,-1,1,-1,0.008926586247980595
1,-1,-1,-1,-1,1,-1,-1,-1,1,-1,-1,1,-1,-1,1,1,-1,0.008026017807424068
1,-1,-1,-1,-1,1,-1,-1,-1,1,-1,-1,1,1,1,-1,-1,-1,0.008672533556818962
1,-1,-1,-1,-1,1,-1,-1,-1,1,-1,-1,1,1,1,1,-1,-1,0.007978569716215134
1,-1,-1,-1,-1,1,-1,-1,-1,1,1,-1,-1,-1,-1,1,1,1,0.007881371304392815
1,-1,-1,-1,-1,1,-1,-1,1,-1,-1,-1,-1,-1,-1,-1,1,1,0.009440671652555466
1,-1,-1,-1,-1,1,-1,-1,1,-1,-1,-1,-1,1,-1,1,-1,1,0.008486498147249222
1,-1,-1,-1,-1,1,-1,-1,1,-1,-1,-1,-1,1,1,1,1,-1,0.008443407714366913
1,-1,-1,-1,-1,1,-1,-1,1,-1,-1,-1,1,1,-1,1,-1,-1,0.008602390065789223
1,-1,-1,-1,-1,1,-1,-1,1,-1,-1,1,-1,1,-1,1,-1,1,0.007953241467475891
1,-1,-1,-1,-1,1,-1,-1,1,-1,-1,1,1,-1,1,-1,-1,1,0.0094734076410532
1,-1,-1,-1,-1,1,-1,-1,1,-1,-1,1,1,-1,1,1,-1,1,0.008776126429438591
1,-1,-1,-1,-1,1,-1,-1,1,-1,1,-1,-1,1,1,-1,1,1,0.009414425119757652
1,-1,-1,-1,-1,1,-1,-1,1,-1,1,-1,1,-1,1,1,1,1,0.009330584667623043
1,-1,-1,-1,-1,1,-1,-1,1,-1,1,-1,1,1,1,1,-1,1,0.009082949720323086
1,-1,-1,-1,-1,1,-1,-1,1,-1,1,1,1,-1,-1,1,-1,1,0.00854386668652296
1,-1,-1,-1,-1,1,-1,-1,1,-1,1,1,1,1,1,-1,1,-1,0.008993742987513542
1,-1,-1,-1,-1,1,-1,-1,1,1,-1,-1,-1,1,1,-1,1,-1,0.008365325629711151
1,-1,-1,-1,-1,1,-1,-1,1,1,-1,-1,-1,1,1,1,1,1,0.007971230894327164
1,-1,-1,-1,-1,1,-1,-1,1,1,-1,1,-1,1,-1,1,-1,-1,0.006899838801473379
1,-1,-1,-1,-1,1,-1,-1,1,1,1,-1,-1,-1,-1,1,1,1,0.00794258899986744
1,-1,-1,-1,-1,1,-1,-1,1,1,1,-1,-1,1,1,-1,-1,1,0.008604301139712334
1,-1,-1,-1,-1,1,-1,-1,1,1,1,-1,-1,1,1,-1,1,1,0.008639061823487282
1,-1,-1,-1,-1,1,-1,-1,1,1,1,-1,1,-1,-1,1,1,-1,0.008064420893788338
1,-1,-1,-1,-1,1,-1,-1,1,1,1,-1,1,-1,1,-1,-1,1,0.00920848548412323
1,-1,-1,-1,-1,1,-1,-1,1,1,1,1,-1,1,-1,1,1,-1,0.0069210403598845005
1,-1,-1,-1,-1,1,-1,-1,1,1,1,1,-1,1,1,1,-1,-1,0.0070864674635231495
1,-1,-1,-1,-1,1,-1,1,-1,-1,-1,-1,-1,1,-1,1,-1,1,0.008490062318742275
1,-1,-1,-1,-1,1,-1,1,-1,-1,-1,-1,-1,1,1,1,-1,-1,0.008402954787015915
1,-1,-1,-1,-1,1,-1,1,-1,-1,-1,-1,1,-1,-1,-1,-1,-1,0.009508165065199137
1,-1,-1,-1,-1,1,-1,1,-1,-1,-1,-1,1,-1,-1,-1,1,1,0.009832227602601051
1,-1,-1,-1,-1,1,-1,1,-1,-1,-1,-1,1,-1,1,-1,1,-1,0.009745120070874691
1,-1,-1,-1,-1,1,-1,1,-1,-1,-1,1,-1,-1,1,-1,1,-1,0.008805357851088047
1,-1,-1,-1,-1,1,-1,1,-1,-1,-1,1,-1,1,-1,1,-1,-1,0.007662874646484852
1,-1,-1,-1,-1,1,-1,1,-1,-1,1,-1,-1,-1,1,-1,-1,-1,0.009281039237976074
1,-1,-1,-1,-1,1,-1,1,-1,-1,1,-1,-1,1,1,-1,-1,-1,0.009070784784853458
1,-1,-1,-1,-1,1,-1,1,-1,-1,1,-1,1,-1,-1,1,1,-1,0.008824835531413555
1,-1,-1,-1,-1,1,-1,1,-1,-1,1,-1,1,1,-1,-1,1,-1,0.009317802265286446
1,-1,-1,-1,-1,1,-1,1,-1,-1,1,-1,1,1,1,-1,-1,1,0.009777160361409187
1,-1,-1,-1,-1,1,-1,1,-1,-1,1,1,-1,-1,1,1,-1,1,0.008335174061357975
1,-1,-1,-1,-1,1,-1,1,-1,-1,1,1,-1,1,1,1,1,1,0.008178194053471088
1,-1,-1,-1,-1,1,-1,1,-1,-1,1,1,1,1,-1,-1,-1,1,0.009031141176819801
1,-1,-1,-1,-1,1,-1,1,-1,-1,1,1,1,1,-1,1,-1,-1,0.008040625602006912
1,-1,-1,-1,-1,1,-1,1,-1,1,-1,-1,-1,-1,-1,1,-1,1,0.007930890657007694
1,-1,-1,-1,-1,1,-1,1,-1,1,-1,-1,-1,1,1,-1,-1,1,0.008606228977441788
1,-1,-1,-1,-1,1,-1,1,-1,1,-1,1,-1,-1,-1,1,1,-1,0.007135842461138964
1,-1,-1,-1,-1,1,-1,1,-1,1,-1,1,-1,1,1,-1,-1,1,0.008072971366345882
1,-1,-1,-1,-1,1,-1,1,-1,1,-1,1,1,1,1,-1,-1,1,0.008485415950417519
1,-1,-1,-1,-1,1,-1,1,-1,1,-1,1,1,1,1,-1,1,1,0.00852943304926157
1,-1,-1,-1,-1,1,-1,1,-1,1,-1,1,1,1,1,1,-1,-1,0.0075041563250124454
1,-1,-1,-1,-1,1,-1,1,-1,1,1,-1,-1,-1,1,-1,1,1,0.008834365755319595
1,-1,-1,-1,-1,1,-1,1,-1,1,1,-1,1,-1,1,-1,1,1,0.009256066754460335
1,-1,-1,-1,-1,1,-1,1,-1,1,1,1,-1,1,-1,-1,-1,1,0.007861847057938576
1,-1,-1,-1,-1,1,-1,1,-1,1,1,1,-1,1,-1,1,-1,1,0.007152687292546034
1,-1,-1,-1,-1,1,-1,1,-1,1,1,1,1,-1,1,-1,1,-1,0.008432196453213692
1,-1,-1,-1,-1,1,-1,1,1,-1,-1,-1,-1,-1,-1,-1,-1,1,0.009442923590540886
1,-1,-1,-1,-1,1,-1,1,1,-1,-1,-1,1,-1,1,-1,1,1,0.01011214591562748
1,-1,-1,-1,-1,1,-1,1,1,-1,-1,-1,1,1,1,1,1,-1,0.00891137681901455
1,-1,-1,-1,-1,1,-1,1,1,-1,-1,1,-1,1,1,1,-1,-1,0.007930915802717209
1,-1,-1,-1,-1,1,-1,1,1,-1,-1,1,-1,1,1,1,1,1,0.008262228220701218
1,-1,-1,-1,-1,1,-1,1,1,-1,1,-1,-1,1,1,-1,-1,-1,0.009126064367592335
1,-1,-1,-1,-1,1,-1,1,1,-1,1,1,-1,-1,-1,1,1,1,0.008236904628574848
1,-1,-1,-1,-1,1,-1,1,1,-1,1,1,-1,-1,1,-1,-1,-1,0.008809000253677368
1,-1,-1,-1,-1,1,-1,1,1,-1,1,1,1,-1,-1,-1,-1,1,0.00930855143815279
1,-1,-1,-1,-1,1,-1,1,1,1,-1,-1,-1,1,-1,-1,1,-1,0.008223284967243671
1,-1,-1,-1,-1,1,-1,1,1,1,-1,-1,1,-1,1,-1,-1,-1,0.008999531157314777
1,-1,-1,-1,-1,1,-1,1,1,1,-1,-1,1,-1,1,-1,-1,1,0.00929014477878809
1,-1,-1,-1,-1,1,-1,1,1,1,-1,1,-1,-1,-1,-1,-1,1,0.008146877400577068
1,-1,-1,-1,-1,1,-1,1,1,1,-1,1,-1,-1,1,1,1,-1,0.007406504824757576
1,-1,-1,-1,-1,1,-1,1,1,1,-1,1,-1,1,-1,1,-1,1,0.007245977409183979
1,-1,-1,-1,-1,1,-1,1,1,1,-1,1,-1,1,1,1,1,1,0.007484243251383305
1,-1,-1,-1,-1,1,-1,1,1,1,-1,1,1,-1,-1,-1,1,1,0.008597399108111858
1,-1,-1,-1,-1,1,-1,1,1,1,-1,1,1,-1,-1,1,1,-1,0.007618761155754328
1,-1,-1,-1,-1,1,-1,1,1,1,-1,1,1,1,-1,-1,-1,1,0.008337190374732018
1,-1,-1,-1,-1,1,-1,1,1,1,1,-1,1,-1,-1,-1,-1,1,0.009054567664861679
1,-1,-1,-1,-1,1,-1,1,1,1,1,-1,1,1,1,-1,-1,-1,0.00876646302640438
1,-1,-1,-1,-1,1,-1,1,1,1,1,1,1,-1,1,1,-1,-1,0.007755434140563011
1,-1,-1,-1,-1,1,1,-1,-1,-1,-1,-1,-1,1,-1,-1,-1,1,0.009828301146626472
1,-1,-1,-1,-1,1,1,-1,-1,-1,-1,-1,1,-1,-1,1,-1,1,0.009741839952766895
1,-1,-1,-1,-1,1,1,-1,-1,-1,-1,-1,1,-1,1,-1,-1,1,0.010654504410922527
1,-1,-1,-1,-1,1,1,-1,-1,-1,-1,-1,1,-1,1,-1,1,1,0.0106892641633749
1,-1,-1,-1,-1,1,1,-1,-1,-1,-1,1,-1,1,1,-1,1,-1,0.009251954033970833
1,-1,-1,-1,-1,1,1,-1,-1,-1,-1,1,1,-1,-1,-1,1,-1,0.00966520793735981
1,-1,-1,-1,-1,1,1,-1,-1,-1,1,-1,1,1,-1,-1,-1,-1,0.009930634871125221
1,-1,-1,-1,-1,1,1,-1,-1,-1,1,1,-1,-1,-1,-1,1,-1,0.009235886856913567
1,-1,-1,-1,-1,1,1,-1,-1,-1,1,1,1,-1,1,-1,-1,1,0.010089174844324589
1,-1,-1,-1,-1,1,1,-1,-1,1,-1,-1,-1,-1,-1,-1,-1,-1,0.008975896053016186
1,-1,-1,-1,-1,1,1,-1,-1,1,-1,-1,1,-1,1,1,-1,-1,0.008888624608516693
1,-1,-1,-1,-1,1,1,-1,-1,1,-1,-1,1,1,1,-1,-1,-1,0.009384909644722939
1,-1,-1,-1,-1,1,1,-1,-1,1,-1,-1,1,1,1,1,-1,1,0.008981558494269848
1,-1,-1,-1,-1,1,1,-1,-1,1,-1,1,-1,1,-1,1,1,-1,0.0075824386440217495
1,-1,-1,-1,-1,1,1,-1,-1,1,-1,1,-1,1,1,1,-1,-1,0.007751183584332466
1,-1,-1,-1,-1,1,1,-1,-1,1,-1,1,1,-1,1,1,-1,1,0.008649298921227455
1,-1,-1,-1,-1,1,1,-1,-1,1,1,1,-1,-1,-1,-1,-1,-1,0.008419823832809925
1,-1,-1,-1,-1,1,1,-1,1,-1,-1,-1,-1,1,-1,1,1,-1,0.008948959410190582
1,-1,-1,-1,-1,1,1,-1,1,-1,-1,-1,-1,1,1,1,-1,1,0.009393122047185898
1,-1,-1,-1,-1,1,1,-1,1,-1,-1,-1,1,1,1,-1,-1,-1,0.01020891685038805
1,-1,-1,-1,-1,1,1,-1,1,-1,1,-1,-1,-1,-1,-1,-1,-1,0.009786345064640045
1,-1,-1,-1,-1,1,1,-1,1,-1,1,-1,-1,-1,1,1,1,-1,0.00933658517897129
1,-1,-1,-1,-1,1,1,-1,1,-1,1,-1,1,-1,-1,-1,1,1,0.010533418506383896
1,-1,-1,-1,-1,1,1,-1,1,-1,1,-1,1,1,1,-1,1,1,0.010524049401283264
1,-1,-1,-1,-1,1,1,-1,1,-1,1,1,1,1,-1,-1,1,-1,0.009493356570601463
1,-1,-1,-1,-1,1,1,-1,1,-1,1,1,1,1,-1,1,1,-1,0.008802710101008415
1,-1,-1,-1,-1,1,1,-1,1,-1,1,1,1,1,1,1,1,-1,0.00899695884436369
1,-1,-1,-1,-1,1,1,-1,1,1,-1,-1,-1,-1,1,-1,1,-1,0.009275379590690136
1,-1,-1,-1,-1,1,1,-1,1,1,-1,-1,-1,1,-1,-1,1,-1,0.008864939212799072
1,-1,-1,-1,-1,1,1,-1,1,1,-1,-1,-1,1,1,-1,-1,1,0.009315039962530136
1,-1,-1,-1,-1,1,1,-1,1,1,-1,-1,-1,1,1,1,1,1,0.008665093220770359
1,-1,-1,-1,-1,1,1,-1,1,1,-1,1,1,-1,-1,1,-1,-1,0.008222337812185287
1,-1,-1,-1,-1,1,1,-1,1,1,1,-1,-1,1,1,1,-1,1,0.008598260581493378
1,-1,-1,-1,-1,1,1,-1,1,1,1,-1,1,-1,1,1,1,1,0.009270913898944855
1,-1,-1,-1,-1,1,1,-1,1,1,1,-1,1,1,-1,-1,-1,1,0.009510420262813568
1,-1,-1,-1,-1,1,1,-1,1,1,1,1,-1,-1,-1,-1,1,-1,0.00852174125611782
1,-1,-1,-1,-1,1,1,-1,1,1,1,1,-1,1,-1,1,-1,1,0.00786149874329567
1,-1,-1,-1,-1,1,1,1,-1,-1,-1,-1,-1,-1,-1,-1,-1,1,0.010094081051647663
1,-1,-1,-1,-1,1,1,1,-1,-1,-1,-1,-1,1,1,1,1,1,0.009437385015189648
1,-1,-1,-1,-1,1,1,1,-1,-1,-1,-1,1,-1,1,-1,-1,-1,0.010413478128612041
1,-1,-1,-1,-1,1,1,1,-1,-1,-1,-1,1,1,1,1,-1,-1,0.009509260766208172
1,-1,-1,-1,-1,1,1,1,-1,-1,-1,1,1,1,1,-1,-1,-1,0.00966996792703867
1,-1,-1,-1,-1,1,1,1,-1,-1,1,-1,1,-1,1,-1,-1,-1,0.010396601632237434
1,-1,-1,-1,-1,1,1,1,-1,-1,1,1,-1,1,-1,-1,-1,-1,0.009046399034559727
1,-1,-1,-1,-1,1,1,1,-1,1,-1,-1,1,1,-1,-1,-1,1,0.00951828621327877
1,-1,-1,-1,-1,1,1,1,-1,1,-1,-1,1,1,-1,1,1,1,0.00886240042746067
1,-1,-1,-1,-1,1,1,1,-1,1,1,-1,-1,-1,1,-1,-1,1,0.009493468329310417
1,-1,-1,-1,-1,1,1,1,-1,1,1,-1,-1,-1,1,1,1,1,0.008843520656228065
1,-1,-1,-1,-1,1,1,1,-1,1,1,-1,-1,1,-1,-1,-1,1,0.009083027020096779
1,-1,-1,-1,-1,1,1,1,-1,1,1,-1,-1,1,1,-1,1,1,0.009345744736492634
1,-1,-1,-1,-1,1,1,1,-1,1,1,-1,1,-1,-1,1,1,-1,0.008761846460402012
1,-1,-1,-1,-1,1,1,1,-1,1,1,1,1,1,-1,-1,-1,-1,0.008671601302921772
1,-1,-1,-1,-1,1,1,1,1,-1,-1,-1,-1,1,-1,-1,1,-1,0.00969844963401556
1,-1,-1,-1,-1,1,1,1,1,-1,-1,-1,-1,1,1,1,1,-1,0.00921130832284689
1,-1,-1,-1,-1,1,1,1,1,-1,-1,-1,1,-1,1,-1,1,-1,0.010509456507861614
1,-1,-1,-1,-1,1,1,1,1,-1,-1,-1,1,-1,1,1,-1,-1,0.009771475568413734
1,-1,-1,-1,-1,1,1,1,1,-1,-1,-1,1,-1,1,1,-1,1,0.010062089189887047
1,-1,-1,-1,-1,1,1,1,1,-1,-1,1,1,-1,-1,-1,1,1,0.010069246403872967
1,-1,-1,-1,-1,1,1,1,1,-1,-1,1,1,1,1,1,1,-1,0.009084557183086872
1,-1,-1,-1,-1,1,1,1,1,-1,1,-1,1,-1,-1,-1,-1,-1,0.01023911964148283
1,-1,-1,-1,-1,1,1,1,1,-1,1,1,-1,-1,-1,1,1,-1,0.008658667095005512
1,-1,-1,-1,-1,1,1,1,1,-1,1,1,1,-1,-1,1,-1,-1,0.0090211546048522
1,-1,-1,-1,-1,1,1,1,1,1,-1,-1,1,1,-1,-1,1,-1,0.009336226619780064
1,-1,-1,-1,-1,1,1,1,1,1,-1,1,-1,1,-1,1,-1,-1,0.007655165158212185
1,-1,-1,-1,-1,1,1,1,1,1,-1,1,1,-1,1,1,1,1,0.008815998211503029
1,-1,-1,-1,-1,1,1,1,1,1,-1,1,1,1,-1,-1,1,-1,0.008799651637673378
1,-1,-1,-1,-1,1,1,1,1,1,1,-1,-1,1,1,-1,-1,1,0.009362945333123207
1,-1,-1,-1,-1,1,1,1,1,1,1,1,-1,-1,-1,1,1,1,0.008173915557563305
1,-1,-1,-1,-1,1,1,1,1,1,1,1,-1,-1,1,1,1,-1,0.008096064440906048
1,-1,-1,-1,-1,1,1,1,1,1,1,1,1,1,1,-1,-1,1,0.009226936846971512
1,-1,-1,-1,1,-1,-1,-1,-1,-1,-1,1,1,1,1,1,1,-1,0.008262076415121555
1,-1,-1,-1,1,-1,-1,-1,-1,-1,1,-1,1,-1,-1,1,-1,1,0.009022544138133526
1,-1,-1,-1,1,-1,-1,-1,-1,-1,1,1,-1,1,-1,1,-1,1,0.00787252839654684
1,-1,-1,-1,1,-1,-1,-1,-1,-1,1,1,-1,1,1,1,1,-1,0.007832756265997887
1,-1,-1,-1,1,-1,-1,-1,-1,-1,1,1,1,-1,1,1,-1,-1,0.008402179926633835
1,-1,-1,-1,1,-1,-1,-1,-1,-1,1,1,1,1,1,1,-1,1,0.008482539094984531
1,-1,-1,-1,1,-1,-1,-1,-1,1,-1,-1,-1,1,-1,1,1,-1,0.007419215515255928
1,-1,-1,-1,1,-1,-1,-1,-1,1,-1,-1,1,1,-1,1,1,1,0.008107077330350876
1,-1,-1,-1,1,-1,-1,-1,-1,1,-1,1,1,-1,-1,1,1,-1,0.007484204135835171
1,-1,-1,-1,1,-1,-1,-1,-1,1,-1,1,1,-1,1,1,-1,1,0.007943561300635338
1,-1,-1,-1,1,-1,-1,-1,-1,1,-1,1,1,1,1,1,1,-1,0.007495969068259001
1,-1,-1,-1,1,-1,-1,-1,-1,1,1,-1,-1,-1,1,1,1,1,0.008088197559118271
1,-1,-1,-1,1,-1,-1,-1,-1,1,1,-1,1,-1,1,1,1,1,0.008494703099131584
1,-1,-1,-1,1,-1,-1,-1,-1,1,1,-1,1,1,-1,1,-1,-1,0.007743692956864834
1,-1,-1,-1,1,-1,-1,-1,-1,1,1,1,-1,1,-1,-1,1,-1,0.00754191167652607
1,-1,-1,-1,1,-1,-1,-1,-1,1,1,1,1,1,-1,1,1,1,0.007560261525213718
1,-1,-1,-1,1,-1,-1,-1,-1,1,1,1,1,1,1,1,-1,-1,0.007413940969854593
1,-1,-1,-1,1,-1,-1,-1,1,-1,-1,-1,-1,1,1,-1,1,-1,0.009134753607213497
1,-1,-1,-1,1,-1,-1,-1,1,-1,-1,1,-1,-1,1,1,1,-1,0.008119096979498863
1,-1,-1,-1,1,-1,-1,-1,1,-1,-1,1,-1,1,-1,1,1,1,0.007994640618562698
1,-1,-1,-1,1,-1,-1,-1,1,-1,-1,1,-1,1,1,-1,1,-1,0.008616692386567593
1,-1,-1,-1,1,-1,-1,-1,1,-1,1,-1,1,-1,-1,1,1,1,0.009133717976510525
1,-1,-1,-1,1,-1,-1,-1,1,-1,1,1,-1,-1,-1,-1,1,-1,0.00858211237937212
1,-1,-1,-1,1,-1,-1,-1,1,-1,1,1,-1,-1,-1,1,1,-1,0.007897404953837395
1,-1,-1,-1,1,-1,-1,-1,1,-1,1,1,-1,1,1,1,1,1,0.008184586651623249
1,-1,-1,-1,1,-1,-1,-1,1,-1,1,1,1,1,-1,-1,1,-1,0.00878761988133192
1,-1,-1,-1,1,-1,-1,-1,1,1,-1,-1,1,1,-1,-1,-1,-1,0.008536885492503643
1,-1,-1,-1,1,-1,-1,-1,1,1,-1,-1,1,1,-1,1,-1,-1,0.007833665236830711
1,-1,-1,-1,1,-1,-1,-1,1,1,-1,1,1,1,1,1,-1,-1,0.007497974671423435
1,-1,-1,-1,1,-1,-1,-1,1,1,1,-1,-1,-1,-1,1,1,-1,0.007664554286748171
1,-1,-1,-1,1,-1,-1,-1,1,1,1,-1,-1,1,1,1,-1,1,0.007892523892223835
1,-1,-1,-1,1,-1,-1,-1,1,1,1,-1,1,1,-1,1,-1,1,0.00810146238654852
1,-1,-1,-1,1,-1,-1,-1,1,1,1,1,-1,1,-1,1,-1,1,0.007155762054026127
1,-1,-1,-1,1,-1,-1,-1,1,1,1,1,1,-1,1,1,1,1,0.008016725070774555
1,-1,-1,-1,1,-1,-1,1,-1,-1,-1,-1,1,-1,-1,1,-1,-1,0.00880101602524519
1,-1,-1,-1,1,-1,-1,1,-1,-1,-1,-1,1,1,1,-1,1,-1,0.009535565972328186
1,-1,-1,-1,1,-1,-1,1,-1,-1,1,1,-1,1,-1,-1,1,1,0.008660096675157547
1,-1,-1,-1,1,-1,-1,1,-1,-1,1,1,-1,1,1,-1,-1,-1,0.008528972044587135
1,-1,-1,-1,1,-1,-1,1,-1,-1,1,1,1,-1,1,-1,-1,-1,0.009151669219136238
1,-1,-1,-1,1,-1,-1,1,-1,1,-1,-1,-1,-1,1,1,1,-1,0.007869986817240715
1,-1,-1,-1,1,-1,-1,1,-1,1,-1,-1,-1,1,1,1,1,-1,0.007678246591240168
1,-1,-1,-1,1,-1,-1,1,-1,1,-1,-1,1,-1,-1,1,1,-1,0.0080789253115654
1,-1,-1,-1,1,-1,-1,1,-1,1,-1,-1,1,1,-1,-1,-1,-1,0.00852525420486927
1,-1,-1,-1,1,-1,-1,1,-1,1,-1,-1,1,1,1,-1,1,1,0.009060071781277657
1,-1,-1,-1,1,-1,-1,1,-1,1,-1,-1,1,1,1,1,-1,-1,0.00803479552268982
1,-1,-1,-1,1,-1,-1,1,-1,1,-1,1,1,1,1,-1,1,1,0.008530132472515106
1,-1,-1,-1,1,-1,-1,1,-1,1,-1,1,1,1,1,1,1,-1,0.007551494520157576
1,-1,-1,-1,1,-1,-1,1,-1,1,1,-1,-1,1,1,-1,1,1,0.008634069003164768
1,-1,-1,-1,1,-1,-1,1,-1,1,1,-1,-1,1,1,1,1,1,0.007930848747491837
1,-1,-1,-1,1,-1,-1,1,-1,1,1,1,-1,1,-1,-1,1,-1,0.007612633053213358
1,-1,-1,-1,1,-1,-1,1,-1,1,1,1,-1,1,-1,1,-1,1,0.00715006934478879
1,-1,-1,-1,1,-1,-1,1,-1,1,1,1,-1,1,-1,1,1,1,0.007209281902760267
1,-1,-1,-1,1,-1,-1,1,-1,1,1,1,-1,1,1,-1,1,1,0.008097494021058083
1,-1,-1,-1,1,-1,-1,1,-1,1,1,1,1,-1,-1,-1,-1,-1,0.008166861720383167
1,-1,-1,-1,1,-1,-1,1,-1,1,1,1,1,-1,1,1,1,-1,0.00772041967138648
1,-1,-1,-1,1,-1,-1,1,-1,1,1,1,1,1,-1,1,1,1,0.007600591517984867
1,-1,-1,-1,1,-1,-1,1,1,-1,-1,-1,-1,-1,1,1,-1,-1,0.008659234270453453
1,-1,-1,-1,1,-1,-1,1,1,-1,-1,-1,-1,-1,1,1,-1,1,0.008955786004662514
1,-1,-1,-1,1,-1,-1,1,1,-1,-1,-1,-1,1,1,1,1,1,0.00879618525505066
1,-1,-1,-1,1,-1,-1,1,1,-1,-1,-1,1,-1,-1,-1,-1,1,0.009862006641924381
1,-1,-1,-1,1,-1,-1,1,1,-1,-1,-1,1,1,1,1,1,-1,0.008908758871257305
1,-1,-1,-1,1,-1,-1,1,1,-1,-1,1,-1,1,1,1,1,1,0.008262928575277328
1,-1,-1,-1,1,-1,-1,1,1,-1,-1,1,1,-1,1,-1,-1,1,0.00952299777418375
1,-1,-1,-1,1,-1,-1,1,1,-1,-1,1,1,1,-1,1,1,-1,0.008175315335392952
1,-1,-1,-1,1,-1,-1,1,1,-1,1,-1,-1,1,-1,1,1,1,0.008566546253859997
1,-1,-1,-1,1,-1,-1,1,1,-1,1,-1,-1,1,1,-1,-1,-1,0.009129385463893414
1,-1,-1,-1,1,-1,-1,1,1,-1,1,1,-1,1,1,1,-1,1,0.008196095936000347
1,-1,-1,-1,1,-1,-1,1,1,-1,1,1,1,1,1,1,-1,1,0.008602600544691086
1,-1,-1,-1,1,-1,-1,1,1,1,-1,-1,-1,1,-1,-1,-1,1,0.008470580913126469
1,-1,-1,-1,1,-1,-1,1,1,1,-1,-1,1,1,-1,-1,-1,-1,0.008592411875724792
1,-1,-1,-1,1,-1,-1,1,1,1,-1,1,1,-1,-1,1,1,-1,0.007616143673658371
1,-1,-1,-1,1,-1,-1,1,1,1,1,-1,-1,-1,-1,-1,1,1,0.008695400319993496
1,-1,-1,-1,1,-1,-1,1,1,1,1,-1,-1,-1,1,1,-1,1,0.00815498549491167
1,-1,-1,-1,1,-1,-1,1,1,1,1,-1,-1,1,1,1,1,-1,0.00771664921194315
1,-1,-1,-1,1,-1,1,-1,-1,-1,-1,-1,-1,1,-1,1,-1,-1,0.008850363083183765
1,-1,-1,-1,1,-1,1,-1,-1,-1,-1,-1,1,-1,1,-1,1,1,0.010686647146940231
1,-1,-1,-1,1,-1,1,-1,-1,-1,-1,-1,1,-1,1,1,-1,-1,0.00965211447328329
1,-1,-1,-1,1,-1,1,-1,-1,-1,-1,-1,1,1,-1,1,1,-1,0.009285690262913704
1,-1,-1,-1,1,-1,1,-1,-1,-1,-1,-1,1,1,1,-1,-1,-1,0.010145081207156181
1,-1,-1,-1,1,-1,1,-1,-1,-1,-1,1,-1,1,1,-1,-1,1,0.009505189023911953
1,-1,-1,-1,1,-1,1,-1,-1,-1,-1,1,-1,1,1,1,-1,1,0.00881122425198555
1,-1,-1,-1,1,-1,1,-1,-1,-1,-1,1,1,1,1,-1,-1,-1,0.009605885483324528
1,-1,-1,-1,1,-1,1,-1,-1,-1,1,-1,-1,-1,1,1,-1,-1,0.009237988851964474
1,-1,-1,-1,1,-1,1,-1,-1,-1,1,-1,-1,-1,1,1,-1,1,0.00951340701431036
1,-1,-1,-1,1,-1,1,-1,-1,-1,1,-1,-1,1,1,1,1,1,0.00935048796236515
1,-1,-1,-1,1,-1,1,-1,-1,-1,1,-1,1,-1,-1,1,1,1,0.009769679978489876
1,-1,-1,-1,1,-1,1,-1,-1,-1,1,-1,1,-1,1,-1,1,1,0.010663831606507301
1,-1,-1,-1,1,-1,1,-1,-1,-1,1,1,-1,1,1,1,-1,1,0.008779152296483517
1,-1,-1,-1,1,-1,1,-1,-1,-1,1,1,1,1,-1,1,-1,-1,0.008685600943863392
1,-1,-1,-1,1,-1,1,-1,-1,-1,1,1,1,1,1,-1,1,-1,0.009627087041735649
1,-1,-1,-1,1,-1,1,-1,-1,1,-1,-1,1,-1,1,1,-1,-1,0.008895263075828552
1,-1,-1,-1,1,-1,1,-1,-1,1,-1,-1,1,1,-1,1,-1,-1,0.008475566282868385
1,-1,-1,-1,1,-1,1,-1,-1,1,-1,1,-1,-1,-1,-1,1,-1,0.008489977568387985
1,-1,-1,-1,1,-1,1,-1,-1,1,-1,1,-1,-1,-1,1,-1,1,0.008027413859963417
1,-1,-1,-1,1,-1,1,-1,-1,1,-1,1,-1,1,-1,-1,1,-1,0.008273785002529621
1,-1,-1,-1,1,-1,1,-1,-1,1,-1,1,1,-1,1,-1,1,-1,0.009090730920433998
1,-1,-1,-1,1,-1,1,-1,-1,1,1,-1,-1,1,-1,1,1,-1,0.008090262301266193
1,-1,-1,-1,1,-1,1,-1,-1,1,1,-1,1,1,-1,1,1,1,0.008781441487371922
1,-1,-1,-1,1,-1,1,-1,-1,1,1,-1,1,1,1,-1,-1,-1,0.009344280697405338
1,-1,-1,-1,1,-1,1,-1,-1,1,1,1,-1,-1,-1,-1,1,-1,0.008457904681563377
1,-1,-1,-1,1,-1,1,-1,-1,1,1,1,1,1,-1,1,-1,1,0.00820416770875454
1,-1,-1,-1,1,-1,1,-1,1,-1,-1,-1,-1,1,-1,-1,-1,1,0.009886901825666428
1,-1,-1,-1,1,-1,1,-1,1,-1,-1,-1,1,-1,-1,-1,-1,-1,0.010218986310064793
1,-1,-1,-1,1,-1,1,-1,1,-1,-1,-1,1,-1,1,-1,1,-1,0.010457252152264118
1,-1,-1,-1,1,-1,1,-1,1,-1,-1,-1,1,-1,1,1,1,-1,0.009757349267601967
1,-1,-1,-1,1,-1,1,-1,1,-1,-1,1,-1,-1,1,-1,-1,1,0.009773342870175838
1,-1,-1,-1,1,-1,1,-1,1,-1,-1,1,1,-1,-1,1,-1,-1,0.00898250937461853
1,-1,-1,-1,1,-1,1,-1,1,-1,-1,1,1,1,1,-1,1,-1,0.00972631573677063
1,-1,-1,-1,1,-1,1,-1,1,-1,1,-1,-1,1,1,1,-1,-1,0.009092271327972412
1,-1,-1,-1,1,-1,1,-1,1,-1,1,-1,1,-1,1,1,-1,1,0.009996325708925724
1,-1,-1,-1,1,-1,1,-1,1,-1,1,1,-1,-1,1,-1,1,-1,0.009488736279308796
1,-1,-1,-1,1,-1,1,-1,1,-1,1,1,-1,1,1,-1,1,-1,0.009287739172577858
1,-1,-1,-1,1,-1,1,-1,1,1,-1,-1,-1,-1,1,1,-1,1,0.008831332437694073
1,-1,-1,-1,1,-1,1,-1,1,1,-1,-1,-1,1,-1,1,1,-1,0.008175955154001713
1,-1,-1,-1,1,-1,1,-1,1,1,-1,1,1,-1,1,1,1,-1,0.008467242121696472
1,-1,-1,-1,1,-1,1,-1,1,1,-1,1,1,1,-1,-1,1,1,0.009026182815432549
1,-1,-1,-1,1,-1,1,-1,1,1,-1,1,1,1,-1,1,-1,-1,0.007997588254511356
1,-1,-1,-1,1,-1,1,-1,1,1,-1,1,1,1,-1,1,-1,1,0.00830339640378952
1,-1,-1,-1,1,-1,1,-1,1,1,1,-1,-1,-1,1,1,1,-1,0.008565239608287811
1,-1,-1,-1,1,-1,1,-1,1,1,1,-1,-1,1,1,-1,-1,-1,0.009008250199258327
1,-1,-1,-1,1,-1,1,-1,1,1,1,-1,1,-1,-1,1,1,1,0.009058852680027485
1,-1,-1,-1,1,-1,1,-1,1,1,1,-1,1,-1,1,-1,-1,1,0.00991230458021164
1,-1,-1,-1,1,-1,1,-1,1,1,1,-1,1,1,-1,-1,1,1,0.009542562998831272
1,-1,-1,-1,1,-1,1,-1,1,1,1,1,-1,-1,1,-1,1,1,0.009016559459269047
1,-1,-1,-1,1,-1,1,-1,1,1,1,1,-1,1,-1,-1,-1,-1,0.00827148836106062
1,-1,-1,-1,1,-1,1,-1,1,1,1,1,-1,1,-1,1,1,1,0.0079088369384408
1,-1,-1,-1,1,-1,1,1,-1,-1,-1,-1,-1,-1,1,-1,-1,-1,0.010010293684899807
1,-1,-1,-1,1,-1,1,1,-1,-1,-1,-1,1,1,-1,-1,1,1,0.010331731289625168
1,-1,-1,-1,1,-1,1,1,-1,-1,-1,-1,1,1,-1,1,-1,1,0.009603007696568966
1,-1,-1,-1,1,-1,1,1,-1,-1,-1,1,1,-1,1,-1,1,1,0.010202976875007153
1,-1,-1,-1,1,-1,1,1,-1,-1,-1,1,1,1,1,-1,-1,-1,0.009676606394350529
1,-1,-1,-1,1,-1,1,1,-1,-1,1,-1,1,-1,1,1,1,-1,0.00973809789866209
1,-1,-1,-1,1,-1,1,1,-1,-1,1,-1,1,1,-1,-1,-1,-1,0.009974285960197449
1,-1,-1,-1,1,-1,1,1,-1,-1,1,1,-1,-1,1,-1,1,-1,0.009498238563537598
1,-1,-1,-1,1,-1,1,1,-1,-1,1,1,1,-1,-1,1,1,1,0.009282692335546017
1,-1,-1,-1,1,-1,1,1,-1,1,-1,-1,1,-1,-1,-1,1,-1,0.009470069780945778
1,-1,-1,-1,1,-1,1,1,-1,1,1,-1,-1,-1,1,-1,-1,-1,0.009200237691402435
1,-1,-1,-1,1,-1,1,1,-1,1,1,-1,-1,1,-1,1,1,-1,0.008155044168233871
1,-1,-1,-1,1,-1,1,1,-1,1,1,-1,-1,1,1,1,1,-1,0.0083526112139225
1,-1,-1,-1,1,-1,1,1,-1,1,1,1,-1,-1,-1,-1,-1,-1,0.008478670381009579
1,-1,-1,-1,1,-1,1,1,-1,1,1,1,1,-1,1,-1,1,-1,0.009117502719163895
1,-1,-1,-1,1,-1,1,1,1,-1,-1,1,-1,-1,1,-1,1,-1,0.0095670772716403
1,-1,-1,-1,1,-1,1,1,1,-1,-1,1,1,-1,-1,1,-1,1,0.009328647516667843
1,-1,-1,-1,1,-1,1,1,1,-1,1,1,1,1,1,1,1,1,0.009340479969978333
1,-1,-1,-1,1,-1,1,1,1,1,-1,-1,-1,-1,1,1,1,-1,0.008643580600619316
1,-1,-1,-1,1,-1,1,1,1,1,-1,-1,1,1,1,-1,-1,1,0.009789648465812206
1,-1,-1,-1,1,-1,1,1,1,1,-1,1,-1,-1,1,-1,-1,-1,0.008760270662605762
1,-1,-1,-1,1,-1,1,1,1,1,-1,1,-1,1,-1,-1,1,-1,0.008399785496294498
1,-1,-1,-1,1,-1,1,1,1,1,-1,1,-1,1,1,1,-1,-1,0.00785011425614357
1,-1,-1,-1,1,-1,1,1,1,1,-1,1,1,-1,1,-1,1,-1,0.009207474999129772
1,-1,-1,-1,1,-1,1,1,1,1,-1,1,1,1,1,1,-1,-1,0.008256619796156883
1,-1,-1,-1,1,-1,1,1,1,1,1,-1,-1,-1,-1,-1,-1,1,0.009357820264995098
1,-1,-1,-1,1,-1,1,1,1,1,1,-1,1,1,-1,-1,-1,1,0.00955738965421915
1,-1,-1,-1,1,-1,1,1,1,1,1,-1,1,1,-1,-1,1,-1,0.00930747576057911
1,-1,-1,-1,1,-1,1,1,1,1,1,1,-1,1,1,1,-1,1,0.0081238504499197
1,-1,-1,-1,1,-1,1,1,1,1,1,1,-1,1,1,1,1,1,0.008177123963832855
1,-1,-1,-1,1,1,-1,-1,-1,-1,-1,-1,-1,-1,-1,-1,-1,-1,0.009200960397720337
1,-1,-1,-1,1,1,-1,-1,-1,-1,-1,-1,-1,-1,-1,1,1,-1,0.008554331958293915
1,-1,-1,-1,1,1,-1,-1,-1,-1,-1,-1,-1,1,-1,-1,1,1,0.009337911382317543
1,-1,-1,-1,1,1,-1,-1,-1,-1,1,-1,-1,1,1,1,-1,-1,0.008490007370710373
1,-1,-1,-1,1,1,-1,-1,-1,-1,1,-1,1,-1,1,1,-1,-1,0.009088252671062946
1,-1,-1,-1,1,1,-1,-1,-1,-1,1,-1,1,-1,1,1,-1,1,0.009384804405272007
1,-1,-1,-1,1,1,-1,-1,-1,1,-1,-1,-1,-1,1,1,-1,-1,0.007932516746222973
1,-1,-1,-1,1,1,-1,-1,-1,1,-1,-1,1,1,1,-1,1,-1,0.008879324421286583
1,-1,-1,-1,1,1,-1,-1,-1,1,-1,1,-1,-1,-1,-1,1,-1,0.00794893130660057
1,-1,-1,-1,1,1,-1,-1,-1,1,-1,1,-1,-1,-1,1,-1,-1,0.007210950367152691
1,-1,-1,-1,1,1,-1,-1,-1,1,-1,1,-1,-1,-1,1,-1,1,0.007495624478906393
1,-1,-1,-1,1,1,-1,-1,-1,1,-1,1,1,-1,1,-1,-1,1,0.008796281181275845
1,-1,-1,-1,1,1,-1,-1,-1,1,1,-1,-1,-1,-1,-1,-1,1,0.008705968968570232
1,-1,-1,-1,1,1,-1,-1,-1,1,1,-1,1,-1,-1,1,1,1,0.008456588722765446
1,-1,-1,-1,1,1,-1,-1,-1,1,1,-1,1,-1,1,1,1,-1,0.008360223844647408
1,-1,-1,-1,1,1,-1,-1,-1,1,1,-1,1,1,-1,1,1,1,0.00824633426964283
1,-1,-1,-1,1,1,-1,-1,-1,1,1,1,-1,-1,1,1,1,-1,0.00742805958725512
1,-1,-1,-1,1,1,-1,-1,-1,1,1,1,-1,1,-1,-1,-1,1,0.00796577613800764
1,-1,-1,-1,1,1,-1,-1,-1,1,1,1,-1,1,1,-1,-1,1,0.008160024881362915
1,-1,-1,-1,1,1,-1,-1,-1,1,1,1,-1,1,1,-1,1,-1,0.007913429290056229
1,-1,-1,-1,1,1,-1,-1,-1,1,1,1,1,1,-1,-1,1,-1,0.00811642874032259
1,-1,-1,-1,1,1,-1,-1,-1,1,1,1,1,1,-1,1,1,-1,0.007425782736390829
1,-1,-1,-1,1,1,-1,-1,-1,1,1,1,1,1,-1,1,1,1,0.00772233447059989
1,-1,-1,-1,1,1,-1,-1,1,-1,-1,-1,-1,-1,-1,1,-1,1,0.008858827874064445
1,-1,-1,-1,1,1,-1,-1,1,-1,1,-1,-1,-1,-1,1,1,-1,0.008589416742324829
1,-1,-1,-1,1,1,-1,-1,1,-1,1,-1,-1,1,-1,-1,1,-1,0.009076444432139397
1,-1,-1,-1,1,1,-1,-1,1,-1,1,1,-1,-1,1,1,-1,-1,0.008215648122131824
1,-1,-1,-1,1,1,-1,-1,1,-1,1,1,1,-1,1,1,-1,-1,0.008616214618086815
1,-1,-1,-1,1,1,-1,-1,1,-1,1,1,1,1,-1,1,1,-1,0.008264985866844654
1,-1,-1,-1,1,1,-1,-1,1,-1,1,1,1,1,1,-1,1,-1,0.009147259406745434
1,-1,-1,-1,1,1,-1,-1,1,1,-1,-1,1,-1,-1,-1,-1,-1,0.00889995601028204
1,-1,-1,-1,1,1,-1,-1,1,1,-1,1,-1,-1,-1,1,1,-1,0.007310247048735619
1,-1,-1,-1,1,1,-1,-1,1,1,-1,1,-1,1,-1,-1,-1,1,0.008034614846110344
1,-1,-1,-1,1,1,-1,-1,1,1,-1,1,-1,1,-1,1,1,-1,0.0070940544828772545
1,-1,-1,-1,1,1,-1,-1,1,1,1,-1,1,1,1,-1,-1,-1,0.008870392106473446
1,-1,-1,-1,1,1,-1,-1,1,1,1,1,-1,-1,1,-1,-1,1,0.0084281787276268
1,-1,-1,-1,1,1,-1,-1,1,1,1,1,1,-1,-1,-1,-1,-1,0.008340565487742424
1,-1,-1,-1,1,1,-1,-1,1,1,1,1,1,-1,-1,-1,1,-1,0.008393839001655579
1,-1,-1,-1,1,1,-1,1,-1,-1,-1,-1,-1,1,1,-1,-1,-1,0.009253055788576603
1,-1,-1,-1,1,1,-1,1,-1,-1,-1,-1,-1,1,1,-1,-1,1,0.009537730365991592
1,-1,-1,-1,1,1,-1,1,-1,-1,-1,1,-1,-1,-1,-1,1,-1,0.008770564571022987
1,-1,-1,-1,1,1,-1,1,-1,-1,-1,1,1,-1,1,-1,1,-1,0.009371317923069
1,-1,-1,-1,1,1,-1,1,-1,-1,1,-1,1,1,-1,-1,1,1,0.009771188721060753
1,-1,-1,-1,1,1,-1,1,-1,1,-1,-1,1,-1,-1,-1,1,-1,0.008934962563216686
1,-1,-1,-1,1,1,-1,1,-1,1,-1,1,-1,-1,1,1,1,1,0.0077894157730042934
1,-1,-1,-1,1,1,-1,1,-1,1,1,-1,-1,-1,-1,-1,1,-1,0.00851489882916212
1,-1,-1,-1,1,1,-1,1,-1,1,1,-1,1,1,1,-1,1,1,0.009208586066961288
1,-1,-1,-1,1,1,-1,1,-1,1,1,-1,1,1,1,1,-1,-1,0.008179992437362671
1,-1,-1,-1,1,1,-1,1,-1,1,1,1,-1,-1,1,1,1,1,0.007781796157360077
1,-1,-1,-1,1,1,-1,1,-1,1,1,1,1,-1,-1,1,-1,-1,0.007644226774573326
1,-1,-1,-1,1,1,-1,1,1,-1,-1,-1,-1,-1,1,-1,1,-1,0.009559287689626217
1,-1,-1,-1,1,1,-1,1,1,-1,-1,-1,-1,-1,1,1,1,-1,0.008874580264091492
1,-1,-1,-1,1,1,-1,1,1,-1,-1,-1,-1,1,-1,1,-1,1,0.008701479062438011
1,-1,-1,-1,1,1,-1,1,1,-1,-1,1,1,1,1,1,1,1,0.008828188292682171
1,-1,-1,-1,1,1,-1,1,1,-1,1,-1,-1,1,-1,-1,-1,-1,0.009097210131585598
1,-1,-1,-1,1,1,-1,1,1,-1,1,-1,1,-1,-1,-1,1,-1,0.009754667989909649
1,-1,-1,-1,1,1,-1,1,1,-1,1,-1,1,-1,1,1,-1,-1,0.009220192208886147
1,-1,-1,-1,1,1,-1,1,1,-1,1,-1,1,1,-1,1,-1,1,0.009091108106076717
1,-1,-1,-1,1,1,-1,1,1,-1,1,1,-1,1,1,1,-1,-1,0.00805829931050539
1,-1,-1,-1,1,1,-1,1,1,-1,1,1,1,1,-1,-1,1,1,0.009299149736762047
1,-1,-1,-1,1,1,-1,1,1,-1,1,1,1,1,1,1,-1,1,0.008770612999796867
1,-1,-1,-1,1,1,-1,1,1,1,-1,-1,-1,1,-1,1,1,1,0.007982706651091576
1,-1,-1,-1,1,1,-1,1,1,1,-1,1,-1,1,-1,-1,1,1,0.008143413811922073
1,-1,-1,-1,1,1,-1,1,1,1,-1,1,-1,1,1,1,-1,1,0.007608938030898571
1,-1,-1,-1,1,1,-1,1,1,1,1,-1,1,-1,-1,-1,-1,1,0.009223279543220997
1,-1,-1,-1,1,1,-1,1,1,1,1,-1,1,1,1,1,1,-1,0.008279289118945599
1,-1,-1,-1,1,1,-1,1,1,1,1,1,-1,1,1,-1,1,1,0.00832410342991352
1,-1,-1,-1,1,1,-1,1,1,1,1,1,1,1,-1,1,1,-1,0.007542526815086603
1,-1,-1,-1,1,1,1,-1,-1,-1,-1,-1,-1,-1,1,1,1,1,0.009748250246047974
1,-1,-1,-1,1,1,1,-1,-1,-1,-1,-1,1,-1,1,-1,-1,-1,0.010508151724934578
1,-1,-1,-1,1,1,1,-1,-1,-1,-1,-1,1,1,-1,-1,-1,1,0.01039757952094078
1,-1,-1,-1,1,1,1,-1,-1,-1,-1,1,-1,1,-1,-1,1,-1,0.009201965294778347
1,-1,-1,-1,1,1,1,-1,-1,-1,-1,1,1,1,-1,-1,-1,1,0.009870261885225773
1,-1,-1,-1,1,1,1,-1,-1,-1,1,-1,-1,-1,-1,1,1,-1,0.00922537874430418
1,-1,-1,-1,1,1,1,-1,-1,-1,1,-1,1,-1,-1,-1,1,-1,0.010335104539990425
1,-1,-1,-1,1,1,1,-1,-1,1,-1,-1,-1,-1,1,1,-1,1,0.00894144456833601
1,-1,-1,-1,1,1,1,-1,-1,1,-1,-1,1,-1,1,1,-1,1,0.009347949177026749
1,-1,-1,-1,1,1,1,-1,-1,1,-1,-1,1,1,-1,-1,-1,-1,0.009334920905530453
1,-1,-1,-1,1,1,1,-1,-1,1,-1,1,1,-1,-1,-1,-1,-1,0.009014538489282131
1,-1,-1,-1,1,1,1,-1,-1,1,-1,1,1,1,-1,1,-1,1,0.008389055728912354
1,-1,-1,-1,1,1,1,-1,-1,1,1,1,-1,-1,-1,-1,-1,-1,0.008570022881031036
1,-1,-1,-1,1,1,1,-1,-1,1,1,1,-1,1,1,-1,1,-1,0.008616548031568527
1,-1,-1,-1,1,1,1,-1,-1,1,1,1,1,-1,1,1,1,1,0.00883589405566454
1,-1,-1,-1,1,1,1,-1,-1,1,1,1,1,1,1,-1,1,-1,0.009017114527523518
1,-1,-1,-1,1,1,1,-1,1,-1,-1,-1,-1,-1,-1,1,-1,1,0.009556008502840996
1,-1,-1,-1,1,1,1,-1,1,-1,-1,-1,-1,1,1,-1,1,-1,0.01001514121890068
1,-1,-1,-1,1,1,1,-1,1,-1,-1,-1,1,-1,-1,1,-1,-1,0.009671900421380997
1,-1,-1,-1,1,1,1,-1,1,-1,-1,-1,1,-1,1,-1,1,-1,0.010619325563311577
1,-1,-1,-1,1,1,1,-1,1,-1,-1,1,-1,-1,-1,-1,1,-1,0.009479375556111336
1,-1,-1,-1,1,1,1,-1,1,-1,-1,1,1,1,1,-1,1,-1,0.009888389147818089
1,-1,-1,-1,1,1,1,-1,1,-1,1,-1,-1,-1,-1,1,1,-1,0.009295853786170483
1,-1,-1,-1,1,1,1,-1,1,-1,1,-1,1,1,-1,-1,-1,-1,0.010142051614820957
1,-1,-1,-1,1,1,1,-1,1,-1,1,-1,1,1,-1,-1,-1,1,0.010441921651363373
1,-1,-1,-1,1,1,1,-1,1,-1,1,1,1,-1,1,-1,-1,-1,0.010013297200202942
1,-1,-1,-1,1,1,1,-1,1,-1,1,1,1,1,1,-1,1,-1,0.009850378148257732
1,-1,-1,-1,1,1,1,-1,1,1,-1,-1,-1,1,1,1,1,1,0.008833805099129677
1,-1,-1,-1,1,1,1,-1,1,1,-1,-1,1,-1,-1,-1,-1,1,0.009890370070934296
1,-1,-1,-1,1,1,1,-1,1,1,-1,-1,1,-1,1,1,-1,-1,0.009109297767281532
1,-1,-1,-1,1,1,1,-1,1,1,-1,-1,1,-1,1,1,-1,1,0.009393972344696522
1,-1,-1,-1,1,1,1,-1,1,1,-1,1,1,-1,1,1,1,1,0.00891067087650299
1,-1,-1,-1,1,1,1,-1,1,1,-1,1,1,1,-1,1,1,1,0.008497260976582766
1,-1,-1,-1,1,1,1,-1,1,1,-1,1,1,1,1,-1,1,-1,0.009101147763431072
1,-1,-1,-1,1,1,1,-1,1,1,1,-1,-1,-1,-1,1,1,1,0.00881442055106163
1,-1,-1,-1,1,1,1,-1,1,1,1,1,-1,-1,1,1,1,-1,0.008199994452297688
1,-1,-1,-1,1,1,1,-1,1,1,1,1,-1,1,1,-1,-1,1,0.00891842320561409
1,-1,-1,-1,1,1,1,-1,1,1,1,1,1,1,-1,-1,1,-1,0.008874827064573765
1,-1,-1,-1,1,1,1,-1,1,1,1,1,1,1,-1,1,1,-1,0.00818680226802826
1,-1,-1,-1,1,1,1,1,-1,-1,-1,-1,1,1,1,-1,1,-1,0.010406697168946266
1,-1,-1,-1,1,1,1,1,-1,-1,-1,-1,1,1,1,1,1,-1,0.009716050699353218
1,-1,-1,-1,1,1,1,1,-1,-1,1,-1,-1,-1,-1,-1,-1,1,0.010230720974504948
1,-1,-1,-1,1,1,1,1,-1,-1,1,-1,1,1,1,-1,1,1,0.010677812620997429
1,-1,-1,-1,1,1,1,1,-1,-1,1,1,-1,1,-1,1,-1,1,0.008793246001005173
1,-1,-1,-1,1,1,1,1,-1,-1,1,1,1,-1,-1,1,1,1,0.009454022161662579
1,-1,-1,-1,1,1,1,1,-1,-1,1,1,1,-1,1,1,1,1,0.009663466364145279
1,-1,-1,-1,1,1,1,1,-1,1,-1,-1,-1,-1,-1,-1,-1,-1,0.009187559597194195
1,-1,-1,-1,1,1,1,1,-1,1,-1,-1,-1,-1,1,1,-1,-1,0.008700418286025524
1,-1,-1,-1,1,1,1,1,-1,1,-1,-1,1,1,1,-1,1,-1,0.009628712199628353
1,-1,-1,-1,1,1,1,1,-1,1,-1,-1,1,1,1,-1,1,1,0.009934520348906517
1,-1,-1,-1,1,1,1,1,-1,1,-1,1,-1,1,1,1,-1,1,0.00824752077460289
1,-1,-1,-1,1,1,1,1,-1,1,1,-1,1,1,1,1,-1,1,0.009164467453956604
1,-1,-1,-1,1,1,1,1,-1,1,1,1,-1,-1,-1,1,-1,1,0.008228136226534843
1,-1,-1,-1,1,1,1,1,-1,1,1,1,-1,-1,-1,1,1,-1,0.007981539703905582
1,-1,-1,-1,1,1,1,1,-1,1,1,1,-1,1,-1,1,1,1,0.008068535476922989
1,-1,-1,-1,1,1,1,1,-1,1,1,1,-1,1,1,1,-1,-1,0.007934092544019222
1,-1,-1,-1,1,1,1,1,-1,1,1,1,1,-1,1,-1,-1,-1,0.009250753559172153
1,-1,-1,-1,1,1,1,1,-1,1,1,1,1,1,-1,1,1,1,0.008465783670544624
1,-1,-1,-1,1,1,1,1,1,-1,-1,-1,-1,-1,-1,-1,-1,1,0.010305497795343399
1,-1,-1,-1,1,1,1,1,1,-1,-1,-1,-1,-1,1,-1,1,1,0.01055895909667015
1,-1,-1,-1,1,1,1,1,1,-1,-1,-1,1,-1,-1,1,-1,1,0.010033234022557735
1,-1,-1,-1,1,1,1,1,1,-1,-1,-1,1,-1,1,1,1,1,0.010280756279826164
1,-1,-1,-1,1,1,1,1,1,-1,-1,1,1,-1,1,-1,1,-1,0.010150850750505924
1,-1,-1,-1,1,1,1,1,1,-1,1,-1,-1,1,-1,1,1,1,0.009440994821488857
1,-1,-1,-1,1,1,1,1,1,-1,1,-1,1,-1,1,-1,1,-1,0.010652035474777222
1,-1,-1,-1,1,1,1,1,1,-1,1,-1,1,-1,1,1,1,-1,0.009967328049242496
1,-1,-1,-1,1,1,1,1,1,-1,1,1,-1,1,1,1,-1,1,0.009052030742168427
1,-1,-1,-1,1,1,1,1,1,-1,1,1,-1,1,1,1,1,-1,0.008811373263597488
1,-1,-1,-1,1,1,1,1,1,1,-1,-1,-1,-1,1,-1,-1,1,0.00974621344357729
1,-1,-1,-1,1,1,1,1,1,1,-1,1,-1,1,1,-1,1,-1,0.008759425021708012
1,-1,-1,-1,1,1,1,1,1,1,1,-1,-1,1,1,1,1,1,0.008857258595526218
1,-1,-1,-1,1,1,1,1,1,1,1,-1,1,-1,-1,-1,1,1,0.009961158037185669
1,-1,-1,-1,1,1,1,1,1,1,1,-1,1,1,1,-1,-1,-1,0.00962903629988432
1,-1,-1,-1,1,1,1,1,1,1,1,1,-1,-1,-1,1,-1,1,0.008292672224342823
1,-1,-1,-1,1,1,1,1,1,1,1,1,-1,1,1,1,-1,-1,0.007998628541827202
1,-1,-1,-1,1,1,1,1,1,1,1,1,1,1,-1,-1,1,-1,0.00893035251647234
1,-1,-1,-1,1,1,1,1,1,1,1,1,1,1,1,-1,-1,1,0.009395649656653404
1,-1,-1,1,-1,-1,-1,-1,-1,-1,-1,-1,-1,-1,-1,1,-1,-1,0.008463841862976551
1,-1,-1,1,-1,-1,-1,-1,-1,-1,-1,-1,1,1,-1,-1,1,-1,0.009410648606717587
1,-1,-1,1,-1,-1,-1,-1,-1,-1,-1,1,1,-1,-1,1,-1,1,0.00863364152610302
1,-1,-1,1,-1,-1,-1,-1,-1,-1,-1,1,1,-1,-1,1,1,-1,0.008396302349865437
1,-1,-1,1,-1,-1,-1,-1,-1,-1,-1,1,1,1,-1,-1,1,1,0.009168004617094994
1,-1,-1,1,-1,-1,-1,-1,-1,-1,1,-1,-1,1,1,1,-1,1,0.008743403479456902
1,-1,-1,1,-1,-1,-1,-1,-1,-1,1,-1,1,-1,-1,-1,-1,-1,0.009547433815896511
1,-1,-1,1,-1,-1,-1,-1,-1,-1,1,-1,1,1,1,1,1,-1,0.008897374384105206
1,-1,-1,1,-1,-1,-1,-1,-1,-1,1,1,-1,-1,-1,-1,-1,1,0.008892346173524857
1,-1,-1,1,-1,-1,-1,-1,-1,-1,1,1,-1,-1,-1,1,-1,-1,0.007917026057839394
1,-1,-1,1,-1,-1,-1,-1,-1,-1,1,1,1,1,-1,-1,-1,1,0.009097854606807232
1,-1,-1,1,-1,-1,-1,-1,-1,1,-1,-1,1,-1,-1,-1,-1,1,0.009098073467612267
1,-1,-1,1,-1,-1,-1,-1,-1,1,-1,1,-1,1,-1,1,-1,-1,0.0069667985662817955
1,-1,-1,1,-1,-1,-1,-1,-1,1,-1,1,1,1,-1,-1,-1,1,0.008348623290657997
1,-1,-1,1,-1,-1,-1,-1,-1,1,-1,1,1,1,1,1,1,1,0.007905500009655952
1,-1,-1,1,-1,-1,-1,-1,-1,1,1,-1,1,-1,1,1,-1,-1,0.008294185623526573
1,-1,-1,1,-1,-1,-1,-1,-1,1,1,1,-1,-1,-1,-1,-1,1,0.008135495707392693
1,-1,-1,1,-1,-1,-1,-1,-1,1,1,1,-1,1,-1,1,1,1,0.007263417821377516
1,-1,-1,1,-1,-1,-1,-1,-1,1,1,1,-1,1,1,-1,1,1,0.008170143701136112
1,-1,-1,1,-1,-1,-1,-1,-1,1,1,1,-1,1,1,1,1,-1,0.007185566239058971
1,-1,-1,1,-1,-1,-1,-1,1,-1,-1,-1,-1,-1,1,-1,-1,1,0.009719080291688442
1,-1,-1,1,-1,-1,-1,-1,1,-1,-1,-1,-1,-1,1,-1,1,1,0.009766415692865849
1,-1,-1,1,-1,-1,-1,-1,1,-1,-1,-1,1,-1,-1,-1,-1,1,0.009916141629219055
1,-1,-1,1,-1,-1,-1,-1,1,-1,-1,-1,1,1,1,1,1,-1,0.00897809024900198
1,-1,-1,1,-1,-1,-1,-1,1,-1,-1,1,-1,-1,1,1,-1,1,0.00848592072725296
1,-1,-1,1,-1,-1,-1,-1,1,-1,-1,1,-1,-1,1,1,1,-1,0.008239325135946274
1,-1,-1,1,-1,-1,-1,-1,1,-1,-1,1,-1,1,1,-1,-1,1,0.008972949348390102
1,-1,-1,1,-1,-1,-1,-1,1,-1,-1,1,-1,1,1,1,-1,1,0.008278985507786274
1,-1,-1,1,-1,-1,-1,-1,1,-1,-1,1,1,-1,1,1,-1,-1,0.008607751689851284
1,-1,-1,1,-1,-1,-1,-1,1,-1,-1,1,1,1,-1,-1,-1,-1,0.008885336108505726
1,-1,-1,1,-1,-1,-1,-1,1,-1,-1,1,1,1,-1,-1,1,-1,0.008929353207349777
1,-1,-1,1,-1,-1,-1,-1,1,-1,1,-1,-1,-1,-1,-1,1,1,0.009540094994008541
1,-1,-1,1,-1,-1,-1,-1,1,-1,1,-1,1,1,-1,-1,-1,-1,0.009405034594237804
1,-1,-1,1,-1,-1,-1,-1,1,-1,1,1,-1,-1,1,-1,1,1,0.009216281585395336
1,-1,-1,1,-1,-1,-1,-1,1,-1,1,1,-1,-1,1,1,-1,-1,0.008187687955796719
1,-1,-1,1,-1,-1,-1,-1,1,-1,1,1,1,1,-1,-1,1,1,0.009206407703459263
1,-1,-1,1,-1,-1,-1,-1,1,1,-1,1,1,-1,1,1,-1,1,0.00813557580113411
1,-1,-1,1,-1,-1,-1,-1,1,1,1,-1,-1,-1,1,1,-1,-1,0.007942959666252136
1,-1,-1,1,-1,-1,-1,-1,1,1,1,-1,1,-1,-1,-1,-1,1,0.009136475622653961
1,-1,-1,1,-1,-1,-1,1,-1,-1,-1,-1,-1,1,1,1,1,-1,0.008565892465412617
1,-1,-1,1,-1,-1,-1,1,-1,-1,-1,1,-1,-1,-1,-1,-1,-1,0.008689330890774727
1,-1,-1,1,-1,-1,-1,1,-1,-1,-1,1,1,-1,1,-1,-1,1,0.009595893323421478
1,-1,-1,1,-1,-1,-1,1,-1,-1,1,1,-1,1,1,-1,1,1,0.008988458663225174
1,-1,-1,1,-1,-1,-1,1,-1,-1,1,1,-1,1,1,1,1,-1,0.00801907666027546
1,-1,-1,1,-1,-1,-1,1,-1,1,-1,-1,-1,1,-1,1,-1,1,0.007835626602172852
1,-1,-1,1,-1,-1,-1,1,-1,1,-1,-1,1,-1,-1,1,1,-1,0.008213038556277752
1,-1,-1,1,-1,-1,-1,1,-1,1,-1,-1,1,1,1,1,1,-1,0.00820366945117712
1,-1,-1,1,-1,-1,-1,1,-1,1,1,-1,-1,1,1,-1,-1,-1,0.008424296043813229
1,-1,-1,1,-1,-1,-1,1,-1,1,1,-1,1,-1,-1,-1,1,1,0.009159605018794537
1,-1,-1,1,-1,-1,-1,1,-1,1,1,-1,1,-1,1,1,-1,1,0.008634385652840137
1,-1,-1,1,-1,-1,-1,1,-1,1,1,-1,1,1,-1,1,-1,-1,0.007924075238406658
1,-1,-1,1,-1,-1,-1,1,-1,1,1,1,-1,-1,-1,1,1,-1,0.00724452268332243
1,-1,-1,1,-1,-1,-1,1,-1,1,1,1,1,-1,-1,-1,1,-1,0.00835093017667532
1,-1,-1,1,-1,-1,-1,1,-1,1,1,1,1,-1,1,1,-1,1,0.008091871626675129
1,-1,-1,1,-1,-1,-1,1,-1,1,1,1,1,1,1,-1,1,-1,0.008338243700563908
1,-1,-1,1,-1,-1,-1,1,1,-1,-1,-1,1,1,1,-1,-1,1,0.009974176064133644
1,-1,-1,1,-1,-1,-1,1,1,-1,-1,-1,1,1,1,-1,1,-1,0.009727579541504383
1,-1,-1,1,-1,-1,-1,1,1,-1,-1,1,-1,1,-1,-1,-1,1,0.0088249696418643
1,-1,-1,1,-1,-1,-1,1,1,-1,-1,1,-1,1,1,-1,-1,-1,0.008753057569265366
1,-1,-1,1,-1,-1,-1,1,1,-1,-1,1,1,1,1,-1,1,-1,0.009203579276800156
1,-1,-1,1,-1,-1,-1,1,1,-1,1,-1,-1,-1,1,-1,-1,-1,0.009470434859395027
1,-1,-1,1,-1,-1,-1,1,1,-1,1,-1,1,1,-1,-1,-1,-1,0.009457242675125599
1,-1,-1,1,-1,-1,-1,1,1,-1,1,-1,1,1,-1,1,1,-1,0.008810613304376602
1,-1,-1,1,-1,-1,-1,1,1,-1,1,-1,1,1,1,-1,-1,-1,0.00967000424861908
1,-1,-1,1,-1,-1,-1,1,1,-1,1,1,1,-1,1,1,-1,1,0.008925136178731918
1,-1,-1,1,-1,-1,-1,1,1,-1,1,1,1,1,1,-1,-1,-1,0.009130808524787426
1,-1,-1,1,-1,-1,-1,1,1,1,-1,-1,-1,-1,-1,1,-1,-1,0.007817795500159264
1,-1,-1,1,-1,-1,-1,1,1,1,-1,-1,1,-1,1,1,1,-1,0.008462566882371902
1,-1,-1,1,-1,-1,-1,1,1,1,-1,-1,1,1,1,1,-1,1,0.008517421782016754
1,-1,-1,1,-1,-1,-1,1,1,1,-1,1,-1,1,1,-1,1,1,0.008315641433000565
1,-1,-1,1,-1,-1,-1,1,1,1,-1,1,1,1,-1,-1,-1,-1,0.00816881563514471
1,-1,-1,1,-1,-1,-1,1,1,1,-1,1,1,1,1,1,-1,-1,0.0076842959970235825
1,-1,-1,1,-1,-1,-1,1,1,1,1,-1,-1,1,-1,-1,1,-1,0.008322708308696747
1,-1,-1,1,-1,-1,-1,1,1,1,1,-1,1,-1,1,1,-1,-1,0.008404990658164024
1,-1,-1,1,-1,-1,-1,1,1,1,1,1,-1,1,-1,1,-1,-1,0.007054788060486317
1,-1,-1,1,-1,-1,-1,1,1,1,1,1,1,1,1,1,-1,-1,0.00766479829326272
1,-1,-1,1,-1,-1,1,-1,-1,-1,-1,-1,1,-1,-1,-1,-1,-1,0.010282625444233418
1,-1,-1,1,-1,-1,1,-1,-1,-1,-1,-1,1,-1,1,-1,-1,-1,0.010480191558599472
1,-1,-1,1,-1,-1,1,-1,-1,-1,-1,-1,1,1,-1,-1,-1,-1,0.010075689293444157
1,-1,-1,1,-1,-1,1,-1,-1,-1,-1,1,-1,-1,-1,1,1,1,0.008974271826446056
1,-1,-1,1,-1,-1,1,-1,-1,-1,-1,1,-1,-1,1,-1,1,1,0.009865802712738514
1,-1,-1,1,-1,-1,1,-1,-1,-1,-1,1,1,-1,-1,-1,1,-1,0.009787446819245815
1,-1,-1,1,-1,-1,1,-1,-1,-1,1,-1,-1,1,-1,1,-1,-1,0.008946466259658337
1,-1,-1,1,-1,-1,1,-1,-1,-1,1,-1,1,1,-1,1,-1,-1,0.009352970868349075
1,-1,-1,1,-1,-1,1,-1,-1,-1,1,-1,1,1,1,-1,-1,1,0.010546991601586342
1,-1,-1,1,-1,-1,1,-1,-1,-1,1,1,-1,1,1,-1,1,-1,0.009345438331365585
1,-1,-1,1,-1,-1,1,-1,-1,-1,1,1,1,-1,-1,-1,-1,-1,0.009717295877635479
1,-1,-1,1,-1,-1,1,-1,-1,-1,1,1,1,1,-1,-1,1,-1,0.009554377757012844
1,-1,-1,1,-1,-1,1,-1,-1,1,-1,-1,-1,-1,1,1,-1,1,0.008898288942873478
1,-1,-1,1,-1,-1,1,-1,-1,1,-1,-1,1,1,-1,-1,-1,1,0.009579060599207878
1,-1,-1,1,-1,-1,1,-1,-1,1,-1,-1,1,1,1,1,1,1,0.00913724722340703
1,-1,-1,1,-1,-1,1,-1,-1,1,-1,1,-1,1,-1,-1,1,-1,0.008392702788114548
1,-1,-1,1,-1,-1,1,-1,-1,1,-1,1,-1,1,-1,1,-1,-1,0.007654721848666668
1,-1,-1,1,-1,-1,1,-1,-1,1,-1,1,1,1,-1,1,1,1,0.008401795290410519
1,-1,-1,1,-1,-1,1,-1,-1,1,-1,1,1,1,1,1,1,-1,0.008323944173753262
1,-1,-1,1,-1,-1,1,-1,-1,1,1,-1,-1,-1,1,1,1,-1,0.008625559508800507
1,-1,-1,1,-1,-1,1,-1,-1,1,1,-1,-1,1,1,-1,1,1,0.00941245723515749
1,-1,-1,1,-1,-1,1,-1,-1,1,1,-1,1,-1,1,-1,-1,1,0.00997594278305769
1,-1,-1,1,-1,-1,1,-1,-1,1,1,-1,1,1,-1,1,-1,1,0.00886228121817112
1,-1,-1,1,-1,-1,1,-1,-1,1,1,-1,1,1,1,-1,-1,-1,0.009481363464146852
1,-1,-1,1,-1,-1,1,-1,-1,1,1,1,-1,-1,1,-1,-1,-1,0.008745567873120308
1,-1,-1,1,-1,-1,1,-1,1,-1,-1,-1,-1,-1,1,1,-1,1,0.009728235192596912
1,-1,-1,1,-1,-1,1,-1,1,-1,-1,-1,1,-1,1,1,-1,1,0.010134740732610226
1,-1,-1,1,-1,-1,1,-1,1,-1,-1,-1,1,1,1,-1,-1,1,0.010615830309689045
1,-1,-1,1,-1,-1,1,-1,1,-1,-1,1,-1,-1,-1,1,-1,1,0.00899479165673256
1,-1,-1,1,-1,-1,1,-1,1,-1,-1,1,-1,-1,-1,1,1,-1,0.008748195134103298
1,-1,-1,1,-1,-1,1,-1,1,-1,-1,1,-1,1,1,-1,1,-1,0.00944466795772314
1,-1,-1,1,-1,-1,1,-1,1,-1,-1,1,1,-1,1,-1,-1,1,0.010295447893440723
1,-1,-1,1,-1,-1,1,-1,1,-1,1,-1,1,-1,-1,-1,1,-1,0.010365044698119164
1,-1,-1,1,-1,-1,1,-1,1,-1,1,-1,1,-1,1,1,1,1,0.01016519870609045
1,-1,-1,1,-1,-1,1,-1,1,-1,1,1,-1,1,1,-1,1,-1,0.009415913373231888
1,-1,-1,1,-1,-1,1,-1,1,-1,1,1,1,-1,-1,1,1,1,0.009413241408765316
1,-1,-1,1,-1,-1,1,-1,1,-1,1,1,1,-1,1,-1,1,1,0.010316649451851845
1,-1,-1,1,-1,-1,1,-1,1,-1,1,1,1,1,-1,1,-1,1,0.009177484549582005
1,-1,-1,1,-1,-1,1,-1,1,-1,1,1,1,1,1,-1,1,-1,0.00982835702598095
1,-1,-1,1,-1,-1,1,-1,1,1,-1,-1,-1,-1,-1,1,1,1,0.008790762163698673
1,-1,-1,1,-1,-1,1,-1,1,1,-1,1,-1,-1,-1,1,1,1,0.008272700943052769
1,-1,-1,1,-1,-1,1,-1,1,1,-1,1,-1,1,1,1,1,-1,0.007969400845468044
1,-1,-1,1,-1,-1,1,-1,1,1,-1,1,1,-1,1,-1,1,1,0.009567419067025185
1,-1,-1,1,-1,-1,1,-1,1,1,-1,1,1,1,1,-1,-1,-1,0.009019914083182812
1,-1,-1,1,-1,-1,1,-1,1,1,1,-1,-1,-1,-1,-1,-1,1,0.009427150711417198
1,-1,-1,1,-1,-1,1,-1,1,1,1,-1,-1,-1,-1,1,1,-1,0.008492529392242432
1,-1,-1,1,-1,-1,1,-1,1,1,1,-1,-1,-1,1,1,-1,-1,0.00864607933908701
1,-1,-1,1,-1,-1,1,-1,1,1,1,1,1,-1,1,1,-1,-1,0.008510070852935314
1,-1,-1,1,-1,-1,1,-1,1,1,1,1,1,1,-1,-1,1,1,0.009137480519711971
1,-1,-1,1,-1,-1,1,-1,1,1,1,1,1,1,1,1,1,1,0.008648331742733717
1,-1,-1,1,-1,-1,1,1,-1,-1,-1,1,-1,-1,-1,1,1,-1,0.008733246475458145
1,-1,-1,1,-1,-1,1,1,-1,-1,-1,1,1,-1,-1,1,-1,1,0.009401543065905571
1,-1,-1,1,-1,-1,1,1,-1,-1,-1,1,1,-1,1,-1,-1,1,0.010289754718542099
1,-1,-1,1,-1,-1,1,1,-1,-1,-1,1,1,-1,1,1,-1,-1,0.009314434602856636
1,-1,-1,1,-1,-1,1,1,-1,-1,-1,1,1,1,-1,-1,1,-1,0.00963603612035513
1,-1,-1,1,-1,-1,1,1,-1,-1,1,-1,-1,1,-1,1,1,-1,0.009046008810400963
1,-1,-1,1,-1,-1,1,1,-1,-1,1,-1,1,-1,-1,1,-1,-1,0.009606176055967808
1,-1,-1,1,-1,-1,1,1,-1,-1,1,-1,1,-1,1,1,-1,1,0.010106232948601246
1,-1,-1,1,-1,-1,1,1,-1,-1,1,1,1,-1,1,-1,1,1,0.010310957208275795
1,-1,-1,1,-1,-1,1,1,-1,1,-1,-1,-1,-1,1,-1,-1,-1,0.00934790913015604
1,-1,-1,1,-1,-1,1,1,-1,1,-1,-1,1,1,-1,1,-1,1,0.008949879556894302
1,-1,-1,1,-1,-1,1,1,-1,1,-1,1,-1,-1,1,-1,-1,1,0.009105265140533447
1,-1,-1,1,-1,-1,1,1,-1,1,1,-1,-1,1,-1,1,-1,-1,0.008226627483963966
1,-1,-1,1,-1,-1,1,1,-1,1,1,-1,1,-1,-1,-1,1,1,0.009862723760306835
1,-1,-1,1,-1,-1,1,1,1,-1,-1,-1,-1,-1,1,-1,-1,1,0.01048104278743267
1,-1,-1,1,-1,-1,1,1,1,-1,-1,-1,-1,-1,1,1,-1,-1,0.009496466256678104
1,-1,-1,1,-1,-1,1,1,1,-1,-1,-1,-1,-1,1,1,-1,1,0.009777822531759739
1,-1,-1,1,-1,-1,1,1,1,-1,-1,-1,-1,1,1,-1,-1,-1,0.009989432990550995
1,-1,-1,1,-1,-1,1,1,1,-1,-1,-1,1,-1,1,-1,1,-1,0.010637634433805943
1,-1,-1,1,-1,-1,1,1,1,-1,-1,1,-1,-1,1,1,-1,-1,0.008963209576904774
1,-1,-1,1,-1,-1,1,1,1,-1,1,-1,-1,-1,-1,-1,-1,-1,0.009954852983355522
1,-1,-1,1,-1,-1,1,1,1,-1,1,1,-1,-1,-1,1,1,-1,0.008780905976891518
1,-1,-1,1,-1,-1,1,1,1,-1,1,1,1,1,1,-1,-1,1,0.010130479000508785
1,-1,-1,1,-1,-1,1,1,1,1,-1,-1,-1,1,1,1,-1,1,0.008798840455710888
1,-1,-1,1,-1,-1,1,1,1,1,-1,-1,1,-1,-1,-1,-1,-1,0.0096121272072196
1,-1,-1,1,-1,-1,1,1,1,1,-1,1,-1,-1,1,-1,-1,1,0.009166483767330647
1,-1,-1,1,-1,-1,1,1,1,1,-1,1,-1,1,1,-1,1,1,0.00901282113045454
1,-1,-1,1,-1,-1,1,1,1,1,-1,1,-1,1,1,1,1,1,0.008315538987517357
1,-1,-1,1,-1,-1,1,1,1,1,-1,1,1,-1,-1,1,1,1,0.008725475519895554
1,-1,-1,1,-1,-1,1,1,1,1,-1,1,1,1,-1,1,1,1,0.008512601256370544
1,-1,-1,1,-1,-1,1,1,1,1,1,1,-1,1,-1,1,1,-1,0.007792667485773563
1,-1,-1,1,-1,1,-1,-1,-1,-1,-1,-1,-1,1,-1,-1,1,1,0.009447572752833366
1,-1,-1,1,-1,1,-1,-1,-1,-1,-1,-1,-1,1,-1,1,1,1,0.008768804371356964
1,-1,-1,1,-1,1,-1,-1,-1,-1,-1,-1,-1,1,1,-1,1,1,0.009651077911257744
1,-1,-1,1,-1,1,-1,-1,-1,-1,-1,-1,1,-1,1,-1,1,1,0.010264518670737743
1,-1,-1,1,-1,1,-1,-1,-1,-1,-1,-1,1,1,-1,-1,1,1,0.009869273751974106
1,-1,-1,1,-1,1,-1,-1,-1,-1,-1,-1,1,1,-1,1,-1,1,0.0091160973533988
1,-1,-1,1,-1,1,-1,-1,-1,-1,-1,1,-1,1,-1,-1,-1,1,0.008876238018274307
1,-1,-1,1,-1,1,-1,-1,-1,-1,-1,1,1,-1,-1,1,1,-1,0.008549118414521217
1,-1,-1,1,-1,1,-1,-1,-1,-1,-1,1,1,1,-1,-1,1,1,0.009326759725809097
1,-1,-1,1,-1,1,-1,-1,-1,-1,-1,1,1,1,1,-1,1,-1,0.009233713150024414
1,-1,-1,1,-1,1,-1,-1,-1,-1,1,-1,-1,1,-1,-1,-1,-1,0.00909606646746397
1,-1,-1,1,-1,1,-1,-1,-1,-1,1,-1,1,1,-1,1,1,1,0.00914323702454567
1,-1,-1,1,-1,1,-1,-1,-1,-1,1,1,-1,-1,-1,1,-1,-1,0.008075781166553497
1,-1,-1,1,-1,1,-1,-1,-1,-1,1,1,-1,-1,-1,1,-1,1,0.008366393856704235
1,-1,-1,1,-1,1,-1,-1,-1,-1,1,1,1,-1,-1,-1,-1,1,0.009470181539654732
1,-1,-1,1,-1,1,-1,-1,-1,1,-1,-1,-1,-1,-1,1,1,1,0.008194437250494957
1,-1,-1,1,-1,1,-1,-1,-1,1,-1,-1,-1,-1,1,-1,1,1,0.009091906249523163
1,-1,-1,1,-1,1,-1,-1,-1,1,-1,-1,-1,-1,1,1,-1,1,0.00834798626601696
1,-1,-1,1,-1,1,-1,-1,-1,1,-1,-1,-1,1,1,1,1,-1,0.007894454523921013
1,-1,-1,1,-1,1,-1,-1,-1,1,-1,-1,1,-1,1,-1,1,1,0.009498411789536476
1,-1,-1,1,-1,1,-1,-1,-1,1,-1,-1,1,1,1,1,1,1,0.008591572754085064
1,-1,-1,1,-1,1,-1,-1,-1,1,1,-1,-1,-1,-1,1,1,1,0.008171621710062027
1,-1,-1,1,-1,1,-1,-1,-1,1,1,-1,1,1,-1,1,-1,-1,0.00803656131029129
1,-1,-1,1,-1,1,-1,-1,1,-1,-1,-1,-1,1,-1,-1,-1,1,0.009464774280786514
1,-1,-1,1,-1,1,-1,-1,1,-1,-1,-1,1,-1,-1,-1,1,1,0.010122232139110565
1,-1,-1,1,-1,1,-1,-1,1,-1,-1,1,-1,-1,-1,1,-1,1,0.008450428023934364
1,-1,-1,1,-1,1,-1,-1,1,-1,-1,1,-1,1,1,-1,-1,-1,0.008844409137964249
1,-1,-1,1,-1,1,-1,-1,1,-1,1,-1,-1,1,1,1,-1,-1,0.008670143783092499
1,-1,-1,1,-1,1,-1,-1,1,-1,1,1,-1,-1,-1,1,1,-1,0.008190273307263851
1,-1,-1,1,-1,1,-1,-1,1,-1,1,1,-1,1,-1,-1,-1,1,0.008914640173316002
1,-1,-1,1,-1,1,-1,-1,1,-1,1,1,1,-1,-1,1,1,-1,0.008581582456827164
1,-1,-1,1,-1,1,-1,-1,1,1,-1,-1,-1,-1,1,1,1,1,0.00845322199165821
1,-1,-1,1,-1,1,-1,-1,1,1,-1,-1,-1,1,1,-1,1,1,0.008940250612795353
1,-1,-1,1,-1,1,-1,-1,1,1,-1,1,-1,-1,-1,1,-1,-1,0.0073910863138735294
1,-1,-1,1,-1,1,-1,-1,1,1,-1,1,-1,1,1,-1,1,-1,0.008131575770676136
1,-1,-1,1,-1,1,-1,-1,1,1,-1,1,1,-1,1,1,1,-1,0.008035857230424881
1,-1,-1,1,-1,1,-1,-1,1,1,1,-1,-1,-1,1,1,1,1,0.00843040645122528
1,-1,-1,1,-1,1,-1,-1,1,1,1,-1,1,-1,-1,1,1,-1,0.008342793211340904
1,-1,-1,1,-1,1,-1,-1,1,1,1,1,-1,-1,-1,1,-1,1,0.0076588839292526245
1,-1,-1,1,-1,1,-1,-1,1,1,1,1,-1,-1,1,1,-1,-1,0.0075777149759233
1,-1,-1,1,-1,1,-1,1,-1,-1,-1,-1,-1,-1,-1,1,1,1,0.009019039571285248
1,-1,-1,1,-1,1,-1,1,-1,-1,-1,-1,-1,1,1,-1,-1,1,0.00966852530837059
1,-1,-1,1,-1,1,-1,1,-1,-1,-1,-1,1,-1,-1,1,-1,1,0.009387815371155739
1,-1,-1,1,-1,1,-1,1,-1,-1,-1,-1,1,-1,1,-1,1,-1,0.010044626891613007
1,-1,-1,1,-1,1,-1,1,-1,-1,-1,-1,1,1,1,-1,1,-1,0.009828434325754642
1,-1,-1,1,-1,1,-1,1,-1,-1,-1,1,-1,-1,-1,-1,-1,1,0.009147956036031246
1,-1,-1,1,-1,1,-1,1,-1,-1,-1,1,-1,-1,-1,-1,1,-1,0.008892103098332882
1,-1,-1,1,-1,1,-1,1,-1,-1,-1,1,1,-1,-1,-1,-1,1,0.009548522531986237
1,-1,-1,1,-1,1,-1,1,-1,-1,-1,1,1,-1,1,1,-1,-1,0.008773389272391796
1,-1,-1,1,-1,1,-1,1,-1,-1,-1,1,1,1,-1,-1,1,-1,0.009091672487556934
1,-1,-1,1,-1,1,-1,1,-1,-1,1,-1,-1,-1,-1,-1,-1,1,0.00964320171624422
1,-1,-1,1,-1,1,-1,1,-1,-1,1,-1,-1,-1,1,-1,-1,1,0.009852645918726921
1,-1,-1,1,-1,1,-1,1,-1,-1,1,-1,-1,1,-1,-1,1,-1,0.009201896376907825
1,-1,-1,1,-1,1,-1,1,-1,-1,1,-1,-1,1,1,-1,1,1,0.009683787822723389
1,-1,-1,1,-1,1,-1,1,-1,-1,1,-1,1,1,-1,1,1,1,0.0092020807787776
1,-1,-1,1,-1,1,-1,1,-1,-1,1,1,1,1,1,1,-1,-1,0.008528443053364754
1,-1,-1,1,-1,1,-1,1,-1,1,-1,-1,-1,1,-1,1,-1,1,0.007993071340024471
1,-1,-1,1,-1,1,-1,1,-1,1,-1,-1,-1,1,1,1,1,-1,0.007949980907142162
1,-1,-1,1,-1,1,-1,1,-1,1,-1,-1,1,1,1,-1,-1,-1,0.009021628648042679
1,-1,-1,1,-1,1,-1,1,-1,1,-1,1,-1,-1,1,1,1,-1,0.007623659446835518
1,-1,-1,1,-1,1,-1,1,-1,1,-1,1,-1,1,1,-1,-1,1,0.00836322270333767
1,-1,-1,1,-1,1,-1,1,-1,1,1,-1,-1,-1,-1,-1,1,1,0.008930368348956108
1,-1,-1,1,-1,1,-1,1,-1,1,1,-1,-1,-1,1,-1,1,-1,0.008843260817229748
1,-1,-1,1,-1,1,-1,1,-1,1,1,-1,-1,1,1,-1,-1,1,0.008876982145011425
1,-1,-1,1,-1,1,-1,1,-1,1,1,-1,1,-1,-1,-1,1,1,0.009336873888969421
1,-1,-1,1,-1,1,-1,1,-1,1,1,-1,1,-1,-1,1,1,1,0.008633652701973915
1,-1,-1,1,-1,1,-1,1,1,-1,-1,-1,-1,-1,-1,-1,-1,-1,0.009436622262001038
1,-1,-1,1,-1,1,-1,1,1,-1,-1,-1,-1,-1,-1,1,-1,-1,0.008757853880524635
1,-1,-1,1,-1,1,-1,1,1,-1,-1,-1,-1,-1,-1,1,1,1,0.009077288210391998
1,-1,-1,1,-1,1,-1,1,1,-1,-1,-1,-1,-1,1,-1,-1,-1,0.009646066464483738
1,-1,-1,1,-1,1,-1,1,1,-1,-1,-1,-1,-1,1,1,-1,-1,0.00895541999489069
1,-1,-1,1,-1,1,-1,1,1,-1,-1,-1,1,-1,1,-1,-1,1,0.010337245650589466
1,-1,-1,1,-1,1,-1,1,1,-1,-1,1,1,-1,-1,1,1,1,0.008959793485701084
1,-1,-1,1,-1,1,-1,1,1,-1,-1,1,1,-1,1,-1,1,-1,0.009566649794578552
1,-1,-1,1,-1,1,-1,1,1,-1,1,-1,-1,-1,-1,-1,-1,1,0.009710358455777168
1,-1,-1,1,-1,1,-1,1,1,-1,1,-1,1,-1,-1,1,-1,-1,0.009141543880105019
1,-1,-1,1,-1,1,-1,1,1,-1,1,1,-1,1,-1,-1,-1,1,0.008979422971606255
1,-1,-1,1,-1,1,-1,1,1,-1,1,1,1,-1,1,-1,1,-1,0.009549773298203945
1,-1,-1,1,-1,1,-1,1,1,-1,1,1,1,1,-1,1,1,-1,0.008430172689259052
1,-1,-1,1,-1,1,-1,1,1,1,-1,-1,1,-1,-1,-1,1,1,0.009414968080818653
1,-1,-1,1,-1,1,-1,1,1,1,-1,-1,1,-1,1,1,-1,1,0.00887717492878437
1,-1,-1,1,-1,1,-1,1,1,1,-1,1,-1,1,1,1,1,1,0.007774493657052517
1,-1,-1,1,-1,1,-1,1,1,1,-1,1,1,-1,1,-1,1,1,0.009091155603528023
1,-1,-1,1,-1,1,-1,1,1,1,-1,1,1,1,-1,1,-1,-1,0.007641553180292249
1,-1,-1,1,-1,1,-1,1,1,1,1,-1,-1,1,-1,1,-1,1,0.00803147442638874
1,-1,-1,1,-1,1,-1,1,1,1,1,-1,1,-1,-1,-1,1,1,0.009388835169374943
1,-1,-1,1,-1,1,-1,1,1,1,1,-1,1,-1,1,1,1,1,0.008898376487195492
1,-1,-1,1,-1,1,-1,1,1,1,1,-1,1,1,1,-1,-1,1,0.009341387078166008
1,-1,-1,1,-1,1,-1,1,1,1,1,1,-1,-1,-1,1,-1,1,0.007705152966082096
1,-1,-1,1,-1,1,-1,1,1,1,1,1,-1,1,-1,-1,-1,-1,0.007907507009804249
1,-1,-1,1,-1,1,-1,1,1,1,1,1,-1,1,-1,1,1,-1,0.007257560268044472
1,-1,-1,1,-1,1,1,-1,-1,-1,-1,-1,1,-1,-1,-1,1,-1,0.010473519563674927
1,-1,-1,1,-1,1,1,-1,-1,-1,-1,-1,1,1,-1,-1,1,1,0.010572392493486404
1,-1,-1,1,-1,1,1,-1,-1,-1,-1,-1,1,1,-1,1,1,1,0.009878427721560001
1,-1,-1,1,-1,1,1,-1,-1,-1,-1,1,-1,-1,-1,1,-1,1,0.009095646440982819
1,-1,-1,1,-1,1,1,-1,-1,-1,1,-1,-1,-1,1,-1,-1,1,0.010498928371816874
1,-1,-1,1,-1,1,1,-1,-1,-1,1,-1,-1,1,1,1,1,1,0.00965261273086071
1,-1,-1,1,-1,1,1,-1,-1,-1,1,-1,1,-1,-1,1,1,1,0.01004735380411148
1,-1,-1,1,-1,1,1,-1,-1,-1,1,1,-1,-1,-1,-1,-1,1,0.009763477370142937
1,-1,-1,1,-1,1,1,-1,-1,-1,1,1,-1,-1,1,1,1,-1,0.00902974046766758
1,-1,-1,1,-1,1,1,-1,-1,-1,1,1,1,-1,-1,-1,-1,-1,0.009873430244624615
1,-1,-1,1,-1,1,1,-1,-1,-1,1,1,1,-1,1,-1,1,-1,0.010126891545951366
1,-1,-1,1,-1,1,1,-1,-1,1,-1,-1,-1,-1,1,-1,-1,1,0.009760265238583088
1,-1,-1,1,-1,1,1,-1,-1,1,-1,-1,-1,-1,1,1,-1,-1,0.008775687776505947
1,-1,-1,1,-1,1,1,-1,-1,1,-1,-1,-1,1,-1,1,1,-1,0.00840926356613636
1,-1,-1,1,-1,1,1,-1,-1,1,-1,-1,-1,1,1,1,-1,1,0.008850108832120895
1,-1,-1,1,-1,1,1,-1,-1,1,-1,-1,1,1,1,-1,-1,1,0.00995983462780714
1,-1,-1,1,-1,1,1,-1,-1,1,-1,-1,1,1,1,-1,1,1,0.009988656267523766
1,-1,-1,1,-1,1,1,-1,-1,1,-1,1,1,1,1,1,1,1,0.008767373859882355
1,-1,-1,1,-1,1,1,-1,-1,1,1,-1,-1,-1,1,-1,1,1,0.009775527752935886
1,-1,-1,1,-1,1,1,-1,-1,1,1,-1,-1,1,1,-1,1,-1,0.009268722496926785
1,-1,-1,1,-1,1,1,-1,-1,1,1,-1,-1,1,1,1,1,-1,0.00858401507139206
1,-1,-1,1,-1,1,1,-1,-1,1,1,1,-1,-1,-1,1,1,-1,0.008050871081650257
1,-1,-1,1,-1,1,1,-1,-1,1,1,1,1,-1,1,-1,-1,1,0.009610697627067566
1,-1,-1,1,-1,1,1,-1,1,-1,-1,-1,1,-1,1,-1,1,1,0.011028856039047241
1,-1,-1,1,-1,1,1,-1,1,-1,-1,1,-1,1,-1,1,-1,-1,0.00865931622684002
1,-1,-1,1,-1,1,1,-1,1,-1,1,1,-1,-1,1,-1,1,-1,0.00977566558867693
1,-1,-1,1,-1,1,1,-1,1,-1,1,1,1,1,1,1,1,-1,0.009287210181355476
1,-1,-1,1,-1,1,1,-1,1,1,-1,-1,-1,1,1,1,-1,1,0.008920582942664623
1,-1,-1,1,-1,1,1,-1,1,1,-1,-1,1,-1,-1,1,-1,-1,0.009039905853569508
1,-1,-1,1,-1,1,1,-1,1,1,1,1,-1,1,-1,-1,-1,-1,0.008564356714487076
1,-1,-1,1,-1,1,1,-1,1,1,1,1,1,-1,-1,1,1,1,0.008818463422358036
1,-1,-1,1,-1,1,1,-1,1,1,1,1,1,-1,1,1,-1,1,0.008972013369202614
1,-1,-1,1,-1,1,1,-1,1,1,1,1,1,1,1,-1,-1,1,0.009449784643948078
1,-1,-1,1,-1,1,1,1,-1,-1,-1,-1,-1,-1,-1,-1,-1,1,0.010375075042247772
1,-1,-1,1,-1,1,1,1,-1,-1,-1,-1,-1,-1,1,1,-1,-1,0.009594002738595009
1,-1,-1,1,-1,1,1,1,-1,-1,-1,-1,-1,1,-1,1,1,1,0.009527448564767838
1,-1,-1,1,-1,1,1,1,-1,-1,-1,1,1,-1,-1,-1,1,1,0.010301596485078335
1,-1,-1,1,-1,1,1,1,-1,-1,-1,1,1,-1,1,1,-1,-1,0.009461312554776669
1,-1,-1,1,-1,1,1,1,-1,-1,-1,1,1,-1,1,1,-1,1,0.009751925244927406
1,-1,-1,1,-1,1,1,1,-1,-1,-1,1,1,1,1,1,-1,-1,0.009269571863114834
1,-1,-1,1,-1,1,1,1,-1,-1,1,-1,-1,-1,1,1,-1,-1,0.009580444544553757
1,-1,-1,1,-1,1,1,1,-1,-1,1,1,-1,1,-1,-1,1,1,0.009665340185165405
1,-1,-1,1,-1,1,1,1,-1,-1,1,1,1,-1,1,1,1,1,0.009788322262465954
1,-1,-1,1,-1,1,1,1,-1,-1,1,1,1,1,1,-1,-1,1,0.010231333784759045
1,-1,-1,1,-1,1,1,1,-1,1,-1,-1,-1,-1,1,1,-1,-1,0.008831213228404522
1,-1,-1,1,-1,1,1,1,-1,1,-1,-1,-1,1,1,1,1,1,0.008949651382863522
1,-1,-1,1,-1,1,1,1,-1,1,-1,1,1,-1,-1,1,1,-1,0.0085357166826725
1,-1,-1,1,-1,1,1,1,-1,1,-1,1,1,1,-1,-1,1,1,0.009322615340352058
1,-1,-1,1,-1,1,1,1,-1,1,-1,1,1,1,-1,1,1,-1,0.008338037878274918
1,-1,-1,1,-1,1,1,1,-1,1,-1,1,1,1,1,1,1,1,0.008816960267722607
1,-1,-1,1,-1,1,1,1,-1,1,1,-1,-1,-1,1,-1,-1,1,0.009777779690921307
1,-1,-1,1,-1,1,1,1,-1,1,1,-1,-1,1,1,-1,1,-1,0.009339443407952785
1,-1,-1,1,-1,1,1,1,-1,1,1,-1,1,-1,-1,-1,-1,1,0.009988377802073956
1,-1,-1,1,-1,1,1,1,-1,1,1,-1,1,1,-1,-1,-1,-1,0.009492487646639347
1,-1,-1,1,-1,1,1,1,-1,1,1,-1,1,1,1,-1,-1,1,0.009986605495214462
1,-1,-1,1,-1,1,1,1,-1,1,1,1,-1,-1,1,-1,1,1,0.009288540109992027
1,-1,-1,1,-1,1,1,1,-1,1,1,1,1,1,-1,-1,1,1,0.009299799799919128
1,-1,-1,1,-1,1,1,1,-1,1,1,1,1,1,-1,1,1,-1,0.008305965922772884
1,-1,-1,1,-1,1,1,1,-1,1,1,1,1,1,1,-1,-1,-1,0.00915347971022129
1,-1,-1,1,-1,1,1,1,1,-1,-1,-1,1,-1,1,-1,-1,1,0.011049621738493443
1,-1,-1,1,-1,1,1,1,1,-1,-1,-1,1,-1,1,-1,1,1,0.011084381490945816
1,-1,-1,1,-1,1,1,1,1,-1,-1,-1,1,1,1,1,-1,1,0.010154659859836102
1,-1,-1,1,-1,1,1,1,1,-1,-1,1,-1,-1,-1,1,-1,-1,0.00892177689820528
1,-1,-1,1,-1,1,1,1,1,-1,-1,1,1,-1,-1,-1,-1,-1,0.010012989863753319
1,-1,-1,1,-1,1,1,1,1,-1,1,-1,-1,1,-1,-1,1,-1,0.009954007342457771
1,-1,-1,1,-1,1,1,1,1,-1,1,-1,1,-1,1,-1,-1,-1,0.010736193507909775
1,-1,-1,1,-1,1,1,1,1,-1,1,1,-1,-1,-1,-1,-1,-1,0.009583668783307076
1,-1,-1,1,-1,1,1,1,1,-1,1,1,-1,-1,1,1,-1,-1,0.009099149145185947
1,-1,-1,1,-1,1,1,1,1,-1,1,1,-1,1,-1,-1,-1,-1,0.009385989978909492
1,-1,-1,1,-1,1,1,1,1,-1,1,1,1,-1,1,-1,-1,1,0.010493548586964607
1,-1,-1,1,-1,1,1,1,1,-1,1,1,1,1,1,-1,-1,1,0.010292552411556244
1,-1,-1,1,-1,1,1,1,1,1,-1,1,-1,1,1,1,-1,1,0.008433595299720764
1,-1,-1,1,-1,1,1,1,1,1,-1,1,1,-1,1,1,1,-1,0.008803758770227432
1,-1,-1,1,-1,1,1,1,1,1,1,-1,1,1,1,-1,1,-1,0.009807166643440723
1,-1,-1,1,-1,1,1,1,1,1,1,1,-1,-1,-1,-1,1,1,0.0091614481061697
1,-1,-1,1,-1,1,1,1,1,1,1,1,-1,1,-1,-1,-1,1,0.00890123937278986
1,-1,-1,1,-1,1,1,1,1,1,1,1,-1,1,-1,-1,1,1,0.008948573842644691
1,-1,-1,1,-1,1,1,1,1,1,1,1,1,-1,-1,-1,-1,1,0.009523936547338963
1,-1,-1,1,-1,1,1,1,1,1,1,1,1,1,-1,1,1,-1,0.008367184549570084
1,-1,-1,1,1,-1,-1,-1,-1,-1,-1,-1,-1,-1,1,-1,1,1,0.009860024321824312
1,-1,-1,1,1,-1,-1,-1,-1,-1,-1,-1,-1,1,1,1,1,-1,0.008663883432745934
1,-1,-1,1,1,-1,-1,-1,-1,-1,-1,1,-1,-1,1,-1,-1,1,0.009287378750741482
1,-1,-1,1,1,-1,-1,-1,-1,-1,-1,1,-1,1,-1,1,-1,-1,0.007889042608439922
1,-1,-1,1,1,-1,-1,-1,-1,-1,-1,1,1,-1,1,1,1,-1,0.008753323927521706
1,-1,-1,1,1,-1,-1,-1,-1,-1,-1,1,1,1,-1,1,-1,-1,0.008304804563522339
1,-1,-1,1,1,-1,-1,-1,-1,-1,1,-1,-1,-1,1,-1,-1,-1,0.009507207199931145
1,-1,-1,1,1,-1,-1,-1,-1,-1,1,-1,1,-1,-1,-1,-1,1,0.009997501969337463
1,-1,-1,1,1,-1,-1,-1,-1,-1,1,1,1,1,1,1,1,1,0.008820123970508575
1,-1,-1,1,1,-1,-1,-1,-1,1,-1,-1,-1,1,1,-1,-1,1,0.008838335983455181
1,-1,-1,1,1,-1,-1,-1,-1,1,-1,-1,1,-1,1,-1,-1,1,0.00945177674293518
1,-1,-1,1,1,-1,-1,-1,-1,1,1,-1,-1,-1,-1,1,1,1,0.008169004693627357
1,-1,-1,1,1,-1,-1,-1,-1,1,1,-1,-1,-1,1,-1,-1,-1,0.008741100318729877
1,-1,-1,1,1,-1,-1,-1,-1,1,1,-1,1,1,-1,1,-1,1,0.008327874355018139
1,-1,-1,1,1,-1,-1,-1,-1,1,1,-1,1,1,-1,1,1,-1,0.00807202234864235
1,-1,-1,1,1,-1,-1,-1,-1,1,1,1,-1,-1,1,1,1,-1,0.0075519573874771595
1,-1,-1,1,1,-1,-1,-1,-1,1,1,1,-1,1,-1,1,-1,-1,0.00710343848913908
1,-1,-1,1,1,-1,-1,-1,1,-1,-1,-1,-1,-1,-1,-1,1,-1,0.00942249596118927
1,-1,-1,1,1,-1,-1,-1,1,-1,-1,-1,-1,1,-1,-1,1,-1,0.009224817156791687
1,-1,-1,1,1,-1,-1,-1,1,-1,-1,-1,-1,1,1,1,1,1,0.009021652862429619
1,-1,-1,1,1,-1,-1,-1,1,-1,-1,-1,1,1,1,1,1,-1,0.009140863083302975
1,-1,-1,1,1,-1,-1,-1,1,-1,-1,1,-1,-1,-1,1,-1,-1,0.008160514757037163
1,-1,-1,1,1,-1,-1,-1,1,-1,-1,1,-1,-1,1,1,-1,-1,0.00836401991546154
1,-1,-1,1,1,-1,-1,-1,1,-1,-1,1,1,-1,-1,1,-1,-1,0.008567020297050476
1,-1,-1,1,1,-1,-1,-1,1,-1,-1,1,1,-1,1,1,-1,1,0.009061138145625591
1,-1,-1,1,1,-1,-1,-1,1,-1,-1,1,1,1,-1,1,-1,1,0.00864144042134285
1,-1,-1,1,1,-1,-1,-1,1,-1,-1,1,1,1,1,-1,1,1,0.00958886556327343
1,-1,-1,1,1,-1,-1,-1,1,-1,1,-1,-1,-1,-1,-1,-1,1,0.009646276943385601
1,-1,-1,1,1,-1,-1,-1,1,-1,1,1,1,-1,1,1,-1,1,0.009038322605192661
1,-1,-1,1,1,-1,-1,-1,1,1,-1,-1,-1,-1,1,1,1,1,0.00845986045897007
1,-1,-1,1,1,-1,-1,-1,1,1,-1,-1,-1,1,1,1,-1,1,0.008214847184717655
1,-1,-1,1,1,-1,-1,-1,1,1,-1,-1,1,1,-1,-1,-1,1,0.009102554060518742
1,-1,-1,1,1,-1,-1,-1,1,1,-1,1,1,-1,1,-1,-1,-1,0.00869838148355484
1,-1,-1,1,1,-1,-1,-1,1,1,-1,1,1,1,1,-1,-1,-1,0.00848384853452444
1,-1,-1,1,1,-1,-1,-1,1,1,1,-1,-1,1,1,1,1,1,0.008230109699070454
1,-1,-1,1,1,-1,-1,-1,1,1,1,-1,1,-1,-1,-1,1,1,0.009339948184788227
1,-1,-1,1,1,-1,-1,-1,1,1,1,-1,1,-1,-1,1,-1,1,0.008601967245340347
1,-1,-1,1,1,-1,-1,-1,1,1,1,-1,1,1,1,1,1,-1,0.008336745202541351
1,-1,-1,1,1,-1,-1,-1,1,1,1,1,-1,1,-1,1,-1,-1,0.007149461191147566
1,-1,-1,1,1,-1,-1,-1,1,1,1,1,-1,1,1,-1,-1,-1,0.008052868768572807
1,-1,-1,1,1,-1,-1,-1,1,1,1,1,1,-1,1,-1,-1,-1,0.008660371415317059
1,-1,-1,1,1,-1,-1,-1,1,1,1,1,1,1,1,-1,1,-1,0.008503391407430172
1,-1,-1,1,1,-1,-1,1,-1,-1,-1,-1,-1,1,-1,1,1,1,0.008806516416370869
1,-1,-1,1,1,-1,-1,1,-1,-1,-1,-1,-1,1,1,1,-1,1,0.008975261822342873
1,-1,-1,1,1,-1,-1,1,-1,-1,-1,-1,1,-1,1,-1,1,-1,0.010026813484728336
1,-1,-1,1,1,-1,-1,1,-1,-1,-1,-1,1,1,1,-1,1,1,0.01011642999947071
1,-1,-1,1,1,-1,-1,1,-1,-1,-1,1,1,1,1,-1,1,-1,0.009301817044615746
1,-1,-1,1,1,-1,-1,1,-1,-1,1,-1,-1,-1,1,-1,1,-1,0.009597493335604668
1,-1,-1,1,1,-1,-1,1,-1,-1,1,-1,-1,1,-1,-1,-1,-1,0.009148973971605301
1,-1,-1,1,1,-1,-1,1,-1,-1,1,1,-1,-1,1,1,-1,1,0.008616868406534195
1,-1,-1,1,1,-1,-1,1,-1,-1,1,1,1,1,-1,-1,1,-1,0.00906623899936676
1,-1,-1,1,1,-1,-1,1,-1,-1,1,1,1,1,-1,1,-1,1,0.008623499888926744
1,-1,-1,1,1,-1,-1,1,-1,1,-1,-1,-1,1,-1,1,1,-1,0.007743857800960541
1,-1,-1,1,1,-1,-1,1,-1,1,-1,-1,1,1,-1,-1,1,1,0.009150135330855846
1,-1,-1,1,1,-1,-1,1,-1,1,-1,1,-1,-1,1,-1,-1,1,0.008570858277380466
1,-1,-1,1,1,-1,-1,1,-1,1,1,-1,1,-1,-1,1,1,1,0.008631034754216671
1,-1,-1,1,1,-1,-1,1,-1,1,1,1,-1,-1,1,1,1,1,0.00789809599518776
1,-1,-1,1,1,-1,-1,1,-1,1,1,1,-1,1,-1,1,-1,-1,0.007149707525968552
1,-1,-1,1,1,-1,-1,1,-1,1,1,1,1,-1,-1,-1,-1,-1,0.008460430428385735
1,-1,-1,1,1,-1,-1,1,1,-1,-1,-1,-1,-1,-1,-1,1,1,0.009783830493688583
1,-1,-1,1,1,-1,-1,1,1,-1,-1,-1,1,1,1,-1,1,-1,0.0098962914198637
1,-1,-1,1,1,-1,-1,1,1,-1,-1,1,-1,-1,-1,1,1,-1,0.008256739936769009
1,-1,-1,1,1,-1,-1,1,1,-1,-1,1,-1,1,1,1,1,1,0.008547239936888218
1,-1,-1,1,1,-1,-1,1,1,-1,-1,1,1,-1,-1,1,1,1,0.008963114582002163
1,-1,-1,1,1,-1,-1,1,1,-1,-1,1,1,1,-1,-1,1,1,0.00945014227181673
1,-1,-1,1,1,-1,-1,1,1,-1,-1,1,1,1,-1,1,-1,-1,0.00841560959815979
1,-1,-1,1,1,-1,-1,1,1,-1,-1,1,1,1,-1,1,1,1,0.008750240318477154
1,-1,-1,1,1,-1,-1,1,1,-1,1,-1,-1,-1,1,-1,-1,-1,0.009614694863557816
1,-1,-1,1,1,-1,-1,1,1,-1,1,-1,-1,1,-1,1,-1,1,0.008810159750282764
1,-1,-1,1,1,-1,-1,1,1,-1,1,-1,1,-1,1,-1,-1,-1,0.01003639493137598
1,-1,-1,1,1,-1,-1,1,1,-1,1,-1,1,1,-1,-1,-1,1,0.009907310828566551
1,-1,-1,1,1,-1,-1,1,1,-1,1,-1,1,1,1,1,1,1,0.009454930201172829
1,-1,-1,1,1,-1,-1,1,1,-1,1,1,1,1,-1,1,-1,1,0.008689346723258495
1,-1,-1,1,1,-1,-1,1,1,1,-1,1,-1,1,-1,-1,-1,1,0.00822757463902235
1,-1,-1,1,1,-1,-1,1,1,1,-1,1,-1,1,-1,-1,1,-1,0.007980979047715664
1,-1,-1,1,1,-1,-1,1,1,1,-1,1,1,-1,-1,1,-1,1,0.008141112513840199
1,-1,-1,1,1,-1,-1,1,1,1,1,-1,-1,-1,-1,-1,1,-1,0.008692417293787003
1,-1,-1,1,1,-1,-1,1,1,1,1,-1,-1,1,1,-1,-1,-1,0.008635712787508965
1,-1,-1,1,1,-1,-1,1,1,1,1,-1,1,-1,-1,-1,-1,1,0.009342200122773647
1,-1,-1,1,1,-1,-1,1,1,1,1,-1,1,-1,1,1,1,-1,0.00860846322029829
1,-1,-1,1,1,-1,-1,1,1,1,1,-1,1,1,1,-1,1,1,0.009376848116517067
1,-1,-1,1,1,-1,-1,1,1,1,1,1,-1,1,1,-1,1,-1,0.008161668665707111
1,-1,-1,1,1,-1,-1,1,1,1,1,1,-1,1,1,1,-1,1,0.007705043535679579
1,-1,-1,1,1,-1,-1,1,1,1,1,1,1,1,1,-1,-1,-1,0.008514899760484695
1,-1,-1,1,1,-1,-1,1,1,1,1,1,1,1,1,-1,1,1,0.008843591436743736
1,-1,-1,1,1,-1,1,-1,-1,-1,-1,-1,-1,-1,1,-1,-1,-1,0.010229823179543018
1,-1,-1,1,1,-1,1,-1,-1,-1,-1,-1,-1,1,-1,1,1,-1,0.00917869247496128
1,-1,-1,1,1,-1,1,-1,-1,-1,-1,-1,-1,1,1,-1,-1,1,0.010307562537491322
1,-1,-1,1,1,-1,1,-1,-1,-1,-1,-1,-1,1,1,1,-1,1,0.009628793224692345
1,-1,-1,1,1,-1,1,-1,-1,-1,-1,-1,1,1,1,-1,-1,-1,0.010423454456031322
1,-1,-1,1,1,-1,1,-1,-1,-1,-1,-1,1,1,1,-1,-1,1,0.010723323561251163
1,-1,-1,1,1,-1,1,-1,-1,-1,-1,1,-1,-1,-1,-1,1,-1,0.009537078440189362
1,-1,-1,1,1,-1,1,-1,-1,-1,-1,1,-1,-1,-1,1,1,1,0.009142983704805374
1,-1,-1,1,1,-1,1,-1,-1,-1,-1,1,-1,1,-1,-1,1,-1,0.009339399635791779
1,-1,-1,1,1,-1,1,-1,-1,-1,-1,1,1,-1,1,1,1,1,0.009743737988173962
1,-1,-1,1,1,-1,1,-1,-1,-1,1,-1,-1,-1,-1,1,1,-1,0.009353555738925934
1,-1,-1,1,1,-1,1,-1,-1,-1,1,-1,-1,1,-1,1,1,1,0.00944055151194334
1,-1,-1,1,1,-1,1,-1,-1,-1,1,1,1,-1,-1,-1,1,-1,0.0099240867421031
1,-1,-1,1,1,-1,1,-1,-1,-1,1,1,1,-1,-1,-1,1,1,0.010205443017184734
1,-1,-1,1,1,-1,1,-1,-1,-1,1,1,1,-1,1,-1,-1,1,0.010374187491834164
1,-1,-1,1,1,-1,1,-1,-1,-1,1,1,1,-1,1,1,-1,-1,0.009386292658746243
1,-1,-1,1,1,-1,1,-1,-1,-1,1,1,1,1,1,-1,-1,1,0.010173190385103226
1,-1,-1,1,1,-1,1,-1,-1,1,-1,-1,1,1,-1,-1,1,1,0.009782533161342144
1,-1,-1,1,1,-1,1,-1,-1,1,-1,1,-1,-1,-1,1,-1,-1,0.008030368946492672
1,-1,-1,1,1,-1,1,-1,-1,1,-1,1,1,-1,1,1,-1,1,0.008936931379139423
1,-1,-1,1,1,-1,1,-1,-1,1,1,-1,-1,-1,1,-1,1,-1,0.009482297115027905
1,-1,-1,1,1,-1,1,-1,-1,1,1,-1,-1,-1,1,1,1,1,0.009075627662241459
1,-1,-1,1,1,-1,1,-1,-1,1,1,-1,-1,1,1,-1,1,-1,0.009281300008296967
1,-1,-1,1,1,-1,1,-1,-1,1,1,1,1,-1,1,-1,-1,1,0.009598823264241219
1,-1,-1,1,1,-1,1,-1,-1,1,1,1,1,-1,1,1,-1,1,0.00890485942363739
1,-1,-1,1,1,-1,1,-1,1,-1,-1,-1,-1,-1,-1,1,1,-1,0.009446846321225166
1,-1,-1,1,1,-1,1,-1,1,-1,-1,-1,-1,1,1,-1,-1,1,0.010383975692093372
1,-1,-1,1,1,-1,1,-1,1,-1,-1,-1,1,-1,-1,1,-1,1,0.010090691037476063
1,-1,-1,1,1,-1,1,-1,1,-1,-1,-1,1,-1,-1,1,1,-1,0.009847412817180157
1,-1,-1,1,1,-1,1,-1,1,-1,-1,-1,1,1,1,1,1,-1,0.009840664453804493
1,-1,-1,1,1,-1,1,-1,1,-1,-1,1,-1,-1,1,1,-1,1,0.009354433976113796
1,-1,-1,1,1,-1,1,-1,1,-1,-1,1,-1,-1,1,1,1,1,0.009401768445968628
1,-1,-1,1,1,-1,1,-1,1,-1,-1,1,1,-1,-1,1,1,1,0.009604768827557564
1,-1,-1,1,1,-1,1,-1,1,-1,1,-1,-1,-1,-1,-1,-1,-1,0.010073978453874588
1,-1,-1,1,1,-1,1,-1,1,-1,1,-1,-1,-1,-1,-1,-1,1,0.010358652099967003
1,-1,-1,1,1,-1,1,-1,1,-1,1,-1,1,-1,-1,-1,-1,-1,0.010480483062565327
1,-1,-1,1,1,-1,1,-1,1,-1,1,-1,1,-1,-1,1,1,1,0.010111892595887184
1,-1,-1,1,1,-1,1,-1,1,-1,1,-1,1,-1,1,1,1,1,0.010315397754311562
1,-1,-1,1,1,-1,1,-1,1,-1,1,-1,1,1,-1,1,-1,-1,0.009573644958436489
1,-1,-1,1,1,-1,1,-1,1,-1,1,1,-1,-1,-1,-1,-1,1,0.009816139005124569
1,-1,-1,1,1,-1,1,-1,1,-1,1,1,-1,1,-1,-1,1,1,0.009662476368248463
1,-1,-1,1,1,-1,1,-1,1,-1,1,1,-1,1,-1,1,1,1,0.00896519422531128
1,-1,-1,1,1,-1,1,-1,1,-1,1,1,1,-1,-1,-1,1,1,0.010281856171786785
1,-1,-1,1,1,-1,1,-1,1,-1,1,1,1,-1,1,1,1,-1,0.009491527453064919
1,-1,-1,1,1,-1,1,-1,1,1,-1,-1,-1,-1,-1,-1,-1,-1,0.00931549072265625
1,-1,-1,1,1,-1,1,-1,1,1,-1,1,-1,-1,1,1,1,-1,0.008329853415489197
1,-1,-1,1,1,-1,1,-1,1,1,-1,1,-1,1,1,1,1,-1,0.00813217367976904
1,-1,-1,1,1,-1,1,-1,1,1,-1,1,1,-1,1,1,1,1,0.0090421661734581
1,-1,-1,1,1,-1,1,-1,1,1,-1,1,1,1,-1,1,1,1,0.00861653033643961
1,-1,-1,1,1,-1,1,-1,1,1,-1,1,1,1,1,-1,-1,-1,0.00918862596154213
1,-1,-1,1,1,-1,1,-1,1,1,1,-1,-1,-1,-1,-1,-1,-1,0.00929267518222332
1,-1,-1,1,1,-1,1,-1,1,1,1,-1,-1,1,1,1,-1,-1,0.008604537695646286
1,-1,-1,1,1,-1,1,-1,1,1,1,-1,1,-1,-1,-1,-1,1,0.009993111714720726
1,-1,-1,1,1,-1,1,-1,1,1,1,-1,1,-1,1,1,-1,-1,0.00920278299599886
1,-1,-1,1,1,-1,1,-1,1,1,1,1,-1,-1,1,1,-1,1,0.008559572510421276
1,-1,-1,1,1,-1,1,-1,1,1,1,1,1,1,-1,1,1,-1,0.008312358520925045
1,-1,-1,1,1,-1,1,-1,1,1,1,1,1,1,1,1,-1,1,0.008762460201978683
1,-1,-1,1,1,-1,1,1,-1,-1,-1,-1,-1,1,1,1,-1,1,0.009681349620223045
1,-1,-1,1,1,-1,1,1,-1,-1,-1,-1,1,-1,-1,1,-1,1,0.010094255208969116
1,-1,-1,1,1,-1,1,1,-1,-1,-1,-1,1,-1,1,-1,-1,1,0.010991724207997322
1,-1,-1,1,1,-1,1,1,-1,-1,-1,1,-1,1,-1,-1,1,-1,0.009379729628562927
1,-1,-1,1,1,-1,1,1,-1,-1,-1,1,1,-1,1,1,-1,1,0.00975856464356184
1,-1,-1,1,1,-1,1,1,-1,-1,-1,1,1,1,-1,-1,1,1,0.010086104273796082
1,-1,-1,1,1,-1,1,1,-1,-1,1,-1,1,-1,1,1,1,-1,0.010020751040428877
1,-1,-1,1,1,-1,1,1,-1,-1,1,-1,1,-1,1,1,1,1,0.010303766466677189
1,-1,-1,1,1,-1,1,1,-1,-1,1,-1,1,1,1,-1,1,1,0.010805989615619183
1,-1,-1,1,1,-1,1,1,-1,-1,1,1,-1,-1,-1,-1,-1,-1,0.009535028599202633
1,-1,-1,1,1,-1,1,1,-1,-1,1,1,1,1,1,-1,-1,-1,0.009938103146851063
1,-1,-1,1,1,-1,1,1,-1,1,-1,-1,-1,-1,-1,-1,-1,1,0.009594472125172615
1,-1,-1,1,1,-1,1,1,-1,1,-1,1,-1,-1,-1,-1,1,1,0.009114488959312439
1,-1,-1,1,1,-1,1,1,-1,1,-1,1,-1,-1,-1,1,1,1,0.008426464162766933
1,-1,-1,1,1,-1,1,1,-1,1,-1,1,1,-1,1,-1,-1,-1,0.009386551566421986
1,-1,-1,1,1,-1,1,1,-1,1,1,-1,-1,-1,-1,-1,-1,1,0.009577595628798008
1,-1,-1,1,1,-1,1,1,-1,1,1,-1,-1,-1,-1,1,-1,1,0.00888363178819418
1,-1,-1,1,1,-1,1,1,-1,1,1,1,-1,1,1,1,-1,1,0.00835026241838932
1,-1,-1,1,1,-1,1,1,1,-1,-1,-1,-1,1,1,-1,-1,-1,0.01014888845384121
1,-1,-1,1,1,-1,1,1,1,-1,-1,-1,1,1,-1,1,-1,1,0.009948537684977055
1,-1,-1,1,1,-1,1,1,1,-1,-1,-1,1,1,1,1,-1,-1,0.009846234694123268
1,-1,-1,1,1,-1,1,1,1,-1,-1,1,-1,-1,-1,1,-1,-1,0.008925097994506359
1,-1,-1,1,1,-1,1,1,1,-1,-1,1,-1,1,1,-1,-1,1,0.009906244464218616
1,-1,-1,1,1,-1,1,1,1,-1,-1,1,1,1,1,1,-1,1,0.009603590704500675
1,-1,-1,1,1,-1,1,1,1,-1,1,-1,-1,1,-1,-1,-1,-1,0.009922567754983902
1,-1,-1,1,1,-1,1,1,1,-1,1,1,-1,-1,1,-1,-1,-1,0.009784556925296783
1,-1,-1,1,1,-1,1,1,1,-1,1,1,1,1,-1,-1,-1,1,0.010071233846247196
1,-1,-1,1,1,-1,1,1,1,1,-1,-1,1,-1,1,1,1,1,0.009615753777325153
1,-1,-1,1,1,-1,1,1,1,1,-1,1,-1,-1,-1,1,-1,-1,0.008143795654177666
1,-1,-1,1,1,-1,1,1,1,1,-1,1,-1,1,1,-1,1,-1,0.00887240655720234
1,-1,-1,1,1,-1,1,1,1,1,-1,1,-1,1,1,-1,1,1,0.0091689582914114
1,-1,-1,1,1,-1,1,1,1,1,1,-1,-1,-1,1,1,1,-1,0.008901759050786495
1,-1,-1,1,1,-1,1,1,1,1,1,-1,-1,1,-1,-1,1,1,0.009479213505983353
1,-1,-1,1,1,-1,1,1,1,1,1,-1,1,1,1,1,-1,-1,0.009060629643499851
1,-1,-1,1,1,-1,1,1,1,1,1,1,-1,1,-1,1,1,1,0.008242735639214516
1,-1,-1,1,1,-1,1,1,1,1,1,1,-1,1,1,1,-1,1,0.008408162742853165
1,-1,-1,1,1,-1,1,1,1,1,1,1,1,1,-1,-1,1,-1,0.009058530442416668
1,-1,-1,1,1,1,-1,-1,-1,-1,-1,-1,-1,-1,1,-1,1,-1,0.00973279494792223
1,-1,-1,1,1,1,-1,-1,-1,-1,-1,-1,-1,1,1,-1,-1,-1,0.009491099044680595
1,-1,-1,1,1,1,-1,-1,-1,-1,-1,-1,-1,1,1,1,-1,1,0.009078490547835827
1,-1,-1,1,1,1,-1,-1,-1,-1,-1,-1,1,-1,-1,1,1,1,0.009541700594127178
1,-1,-1,1,1,1,-1,-1,-1,-1,-1,-1,1,1,1,1,1,1,0.009529013186693192
1,-1,-1,1,1,1,-1,-1,-1,-1,-1,1,-1,-1,-1,1,1,-1,0.00829613022506237
1,-1,-1,1,1,1,-1,-1,-1,-1,-1,1,-1,-1,-1,1,1,1,0.008601938374340534
1,-1,-1,1,1,1,-1,-1,-1,-1,-1,1,1,1,-1,-1,-1,1,0.009451454505324364
1,-1,-1,1,1,1,-1,-1,-1,-1,-1,1,1,1,1,1,-1,-1,0.008670383132994175
1,-1,-1,1,1,1,-1,-1,-1,-1,1,-1,-1,-1,-1,1,1,-1,0.008812510408461094
1,-1,-1,1,1,1,-1,-1,-1,-1,1,-1,-1,-1,1,1,-1,1,0.009265929460525513
1,-1,-1,1,1,1,-1,-1,-1,-1,1,-1,1,1,1,-1,-1,1,0.010159462690353394
1,-1,-1,1,1,1,-1,-1,-1,-1,1,1,1,-1,1,1,-1,-1,0.008848564699292183
1,-1,-1,1,1,1,-1,-1,-1,-1,1,1,1,1,-1,1,1,-1,0.008478823117911816
1,-1,-1,1,1,1,-1,-1,-1,1,-1,-1,-1,1,1,1,1,-1,0.008053909987211227
1,-1,-1,1,1,1,-1,-1,-1,1,-1,1,-1,-1,-1,1,-1,-1,0.007495262194424868
1,-1,-1,1,1,1,-1,-1,-1,1,-1,1,-1,-1,-1,1,-1,1,0.007785875350236893
1,-1,-1,1,1,1,-1,-1,-1,1,-1,1,-1,-1,1,1,-1,-1,0.007689510937780142
1,-1,-1,1,1,1,-1,-1,-1,1,-1,1,1,-1,1,1,1,1,0.008424706757068634
1,-1,-1,1,1,1,-1,-1,-1,1,1,-1,-1,1,-1,1,-1,-1,0.0077895112335681915
1,-1,-1,1,1,1,-1,-1,-1,1,1,-1,1,-1,-1,-1,-1,1,0.009396785870194435
1,-1,-1,1,1,1,-1,-1,-1,1,1,1,1,-1,-1,-1,-1,1,0.008848333731293678
1,-1,-1,1,1,1,-1,-1,-1,1,1,1,1,1,-1,1,-1,1,0.007962629199028015
1,-1,-1,1,1,1,-1,-1,1,-1,-1,-1,-1,1,1,1,1,-1,0.008902369998395443
1,-1,-1,1,1,1,-1,-1,1,-1,-1,-1,1,-1,1,-1,-1,-1,0.010159819386899471
1,-1,-1,1,1,1,-1,-1,1,-1,-1,-1,1,1,-1,1,-1,1,0.009346026927232742
1,-1,-1,1,1,1,-1,-1,1,-1,-1,-1,1,1,1,1,-1,1,0.009540275670588017
1,-1,-1,1,1,1,-1,-1,1,-1,-1,1,-1,-1,-1,-1,-1,-1,0.00901655200868845
1,-1,-1,1,1,1,-1,-1,1,-1,1,-1,1,1,-1,-1,1,1,0.010061193257570267
1,-1,-1,1,1,1,-1,-1,1,-1,1,1,-1,-1,1,-1,1,1,0.009528554044663906
1,-1,-1,1,1,1,-1,-1,1,-1,1,1,-1,-1,1,1,1,1,0.008828651160001755
1,-1,-1,1,1,1,-1,-1,1,-1,1,1,1,-1,-1,1,1,-1,0.008741037920117378
1,-1,-1,1,1,1,-1,-1,1,-1,1,1,1,1,-1,1,1,-1,0.00854004081338644
1,-1,-1,1,1,1,-1,-1,1,1,-1,-1,-1,-1,1,-1,-1,-1,0.008972011506557465
1,-1,-1,1,1,1,-1,-1,1,1,-1,-1,-1,-1,1,-1,-1,1,0.009277819655835629
1,-1,-1,1,1,1,-1,-1,1,1,-1,-1,-1,-1,1,-1,1,1,0.009315897710621357
1,-1,-1,1,1,1,-1,-1,1,1,-1,-1,-1,1,1,-1,-1,-1,0.008765075355768204
1,-1,-1,1,1,1,-1,-1,1,1,-1,1,-1,-1,-1,-1,-1,-1,0.008235249668359756
1,-1,-1,1,1,1,-1,-1,1,1,-1,1,-1,-1,-1,-1,1,-1,0.008279266767203808
1,-1,-1,1,1,1,-1,-1,1,1,-1,1,1,1,-1,1,-1,-1,0.007750111166387796
1,-1,-1,1,1,1,-1,-1,1,1,-1,1,1,1,-1,1,1,-1,0.00779081042855978
1,-1,-1,1,1,1,-1,-1,1,1,1,-1,-1,-1,1,-1,1,1,0.00929902121424675
1,-1,-1,1,1,1,-1,-1,1,1,1,1,-1,-1,-1,1,-1,1,0.007824278436601162
1,-1,-1,1,1,1,-1,-1,1,1,1,1,1,-1,-1,1,1,1,0.008259604685008526
1,-1,-1,1,1,1,-1,1,-1,-1,-1,-1,-1,-1,-1,-1,1,1,0.009869489818811417
1,-1,-1,1,1,1,-1,1,-1,-1,-1,-1,-1,1,1,1,-1,-1,0.008843403309583664
1,-1,-1,1,1,1,-1,1,-1,-1,-1,-1,1,1,-1,-1,1,-1,0.009787702932953835
1,-1,-1,1,1,1,-1,1,-1,-1,-1,-1,1,1,1,1,-1,1,0.009549778886139393
1,-1,-1,1,1,1,-1,1,-1,-1,-1,1,-1,-1,-1,-1,1,1,0.009336233139038086
1,-1,-1,1,1,1,-1,1,-1,-1,-1,1,-1,1,-1,-1,1,-1,0.008844622410833836
1,-1,-1,1,1,1,-1,1,-1,-1,-1,1,-1,1,-1,-1,1,1,0.009138553403317928
1,-1,-1,1,1,1,-1,1,-1,-1,-1,1,-1,1,1,1,-1,1,0.008594821207225323
1,-1,-1,1,1,1,-1,1,-1,-1,1,-1,1,-1,1,1,1,-1,0.00948136392980814
1,-1,-1,1,1,1,-1,1,-1,-1,1,1,-1,-1,-1,1,-1,-1,0.008294080384075642
1,-1,-1,1,1,1,-1,1,-1,-1,1,1,-1,-1,1,-1,-1,-1,0.009191549383103848
1,-1,-1,1,1,1,-1,1,-1,-1,1,1,-1,1,-1,-1,-1,1,0.00907765980809927
1,-1,-1,1,1,1,-1,1,-1,1,-1,-1,-1,-1,1,1,-1,1,0.008578162640333176
1,-1,-1,1,1,1,-1,1,-1,1,-1,-1,1,-1,1,-1,1,1,0.009713392704725266
1,-1,-1,1,1,1,-1,1,-1,1,-1,1,-1,1,1,1,-1,-1,0.007547357585281134
1,-1,-1,1,1,1,-1,1,-1,1,1,-1,-1,1,-1,1,-1,1,0.008138967677950859
1,-1,-1,1,1,1,-1,1,-1,1,1,-1,-1,1,1,1,-1,-1,0.008042603731155396
1,-1,-1,1,1,1,-1,1,-1,1,1,-1,1,-1,-1,-1,1,1,0.009490390308201313
1,-1,-1,1,1,1,-1,1,-1,1,1,-1,1,1,-1,1,-1,-1,0.00825154222548008
1,-1,-1,1,1,1,-1,1,-1,1,1,-1,1,1,1,-1,1,-1,0.009193028323352337
1,-1,-1,1,1,1,-1,1,-1,1,1,1,-1,-1,1,1,1,-1,0.007775494828820229
1,-1,-1,1,1,1,-1,1,-1,1,1,1,-1,1,1,1,-1,-1,0.007524542044848204
1,-1,-1,1,1,1,-1,1,-1,1,1,1,1,-1,-1,1,1,-1,0.007963299751281738
1,-1,-1,1,1,1,-1,1,-1,1,1,1,1,-1,1,-1,-1,-1,0.008831947110593319
1,-1,-1,1,1,1,-1,1,-1,1,1,1,1,-1,1,-1,1,-1,0.008860768750309944
1,-1,-1,1,1,1,-1,1,-1,1,1,1,1,-1,1,1,-1,-1,0.008128726854920387
1,-1,-1,1,1,1,-1,1,-1,1,1,1,1,1,1,1,-1,-1,0.007925108075141907
1,-1,-1,1,1,1,-1,1,1,-1,-1,-1,1,1,1,1,-1,1,0.009595801122486591
1,-1,-1,1,1,1,-1,1,1,-1,-1,1,-1,1,-1,-1,-1,1,0.009155754931271076
1,-1,-1,1,1,1,-1,1,1,-1,1,-1,-1,1,-1,1,-1,-1,0.008678301237523556
1,-1,-1,1,1,1,-1,1,1,-1,1,-1,1,1,-1,1,-1,1,0.009375419467687607
1,-1,-1,1,1,1,-1,1,1,-1,1,-1,1,1,1,-1,1,1,0.010320223867893219
1,-1,-1,1,1,1,-1,1,1,-1,1,1,-1,-1,-1,1,1,-1,0.008390058763325214
1,-1,-1,1,1,1,-1,1,1,-1,1,1,1,1,-1,1,1,1,0.008886179886758327
1,-1,-1,1,1,1,-1,1,1,1,-1,-1,-1,-1,-1,-1,-1,-1,0.008833288215100765
1,-1,-1,1,1,1,-1,1,1,1,-1,-1,-1,1,-1,1,-1,-1,0.007938327267765999
1,-1,-1,1,1,1,-1,1,1,1,-1,-1,1,1,-1,-1,-1,1,0.009329409338533878
1,-1,-1,1,1,1,-1,1,1,1,-1,1,-1,-1,-1,1,-1,-1,0.007612006273120642
1,-1,-1,1,1,1,-1,1,1,1,-1,1,-1,1,-1,1,-1,-1,0.0073991320095956326
1,-1,-1,1,1,1,-1,1,1,1,-1,1,1,-1,1,1,-1,1,0.00850337278097868
1,-1,-1,1,1,1,-1,1,1,1,1,-1,-1,-1,1,1,-1,-1,0.008320013992488384
1,-1,-1,1,1,1,-1,1,1,1,1,-1,1,1,1,1,-1,-1,0.008510326966643333
1,-1,-1,1,1,1,-1,1,1,1,1,-1,1,1,1,1,1,1,0.008844956755638123
1,-1,-1,1,1,1,-1,1,1,1,1,1,-1,-1,1,-1,-1,1,0.00876801647245884
1,-1,-1,1,1,1,-1,1,1,1,1,1,-1,1,-1,1,-1,-1,0.007382255047559738
1,-1,-1,1,1,1,-1,1,1,1,1,1,1,-1,1,1,-1,1,0.008474619127810001
1,-1,-1,1,1,1,-1,1,1,1,1,1,1,1,-1,1,-1,1,0.008064177818596363
1,-1,-1,1,1,1,1,-1,-1,-1,-1,-1,1,1,1,-1,-1,1,0.010885396972298622
1,-1,-1,1,1,1,1,-1,-1,-1,-1,1,-1,-1,1,-1,1,1,0.01019658800214529
1,-1,-1,1,1,1,1,-1,-1,-1,-1,1,-1,1,1,-1,1,1,0.00998965185135603
1,-1,-1,1,1,1,1,-1,-1,-1,1,-1,-1,1,-1,1,1,1,0.009599306620657444
1,-1,-1,1,1,1,1,-1,-1,-1,1,-1,1,1,-1,-1,1,1,0.010699775069952011
1,-1,-1,1,1,1,1,-1,-1,-1,1,1,1,1,1,-1,1,-1,0.01007941085845232
1,-1,-1,1,1,1,1,-1,-1,1,-1,1,-1,1,-1,-1,-1,1,0.008960827253758907
1,-1,-1,1,1,1,1,-1,-1,1,-1,1,-1,1,-1,1,-1,1,0.008272801525890827
1,-1,-1,1,1,1,1,-1,-1,1,-1,1,-1,1,1,-1,1,1,0.00921760592609644
1,-1,-1,1,1,1,1,-1,-1,1,-1,1,1,1,-1,-1,-1,-1,0.009091914631426334
1,-1,-1,1,1,1,1,-1,-1,1,1,-1,-1,1,-1,-1,-1,1,0.009486463852226734
1,-1,-1,1,1,1,1,-1,-1,1,1,1,-1,-1,1,1,-1,1,0.00866374559700489
1,-1,-1,1,1,1,1,-1,1,-1,-1,-1,-1,-1,-1,-1,-1,-1,0.010243671014904976
1,-1,-1,1,1,1,1,-1,1,-1,-1,-1,-1,-1,-1,1,1,1,0.009899532422423363
1,-1,-1,1,1,1,1,-1,1,-1,-1,-1,-1,-1,1,1,1,-1,0.00980648584663868
1,-1,-1,1,1,1,1,-1,1,-1,-1,-1,-1,1,-1,1,-1,1,0.009640982374548912
1,-1,-1,1,1,1,1,-1,1,-1,-1,-1,1,-1,1,1,1,1,0.010509543120861053
1,-1,-1,1,1,1,1,-1,1,-1,-1,1,-1,-1,1,1,-1,1,0.009525763802230358
1,-1,-1,1,1,1,1,-1,1,-1,-1,1,-1,1,-1,-1,1,1,0.009844047017395496
1,-1,-1,1,1,1,1,-1,1,-1,-1,1,1,1,-1,1,1,-1,0.009265975095331669
1,-1,-1,1,1,1,1,-1,1,-1,1,-1,1,-1,1,-1,-1,1,0.011127417907118797
1,-1,-1,1,1,1,1,-1,1,-1,1,-1,1,1,-1,1,1,-1,0.009785673581063747
1,-1,-1,1,1,1,1,-1,1,-1,1,1,-1,-1,-1,-1,-1,1,0.009978211484849453
1,-1,-1,1,1,1,1,-1,1,-1,1,1,1,-1,-1,1,1,1,0.00973477028310299
1,-1,-1,1,1,1,1,-1,1,-1,1,1,1,-1,1,-1,1,-1,0.010347564704716206
1,-1,-1,1,1,1,1,-1,1,1,-1,-1,-1,-1,-1,1,-1,1,0.009083469398319721
1,-1,-1,1,1,1,1,-1,1,1,-1,-1,1,-1,-1,-1,-1,-1,0.009878130629658699
1,-1,-1,1,1,1,1,-1,1,1,-1,-1,1,1,-1,-1,-1,1,0.00997106358408928
1,-1,-1,1,1,1,1,-1,1,1,-1,1,1,-1,1,-1,-1,1,0.009844929911196232
1,-1,-1,1,1,1,1,-1,1,1,-1,1,1,1,-1,1,1,-1,0.008503185585141182
1,-1,-1,1,1,1,1,-1,1,1,1,-1,-1,-1,-1,1,-1,1,0.009060653857886791
1,-1,-1,1,1,1,1,-1,1,1,1,-1,-1,-1,1,-1,-1,1,0.009948866441845894
1,-1,-1,1,1,1,1,-1,1,1,1,-1,-1,1,-1,-1,-1,-1,0.009247812442481518
1,-1,-1,1,1,1,1,-1,1,1,1,-1,-1,1,-1,1,1,-1,0.008591926656663418
1,-1,-1,1,1,1,1,-1,1,1,1,1,-1,-1,1,-1,-1,1,0.00940967071801424
1,-1,-1,1,1,1,1,-1,1,1,1,1,-1,1,-1,1,1,-1,0.008058669976890087
1,-1,-1,1,1,1,1,1,-1,-1,-1,-1,-1,-1,-1,-1,-1,-1,0.010243916884064674
1,-1,-1,1,1,1,1,1,-1,-1,-1,-1,-1,-1,-1,1,-1,1,0.009849823080003262
1,-1,-1,1,1,1,1,1,-1,-1,-1,-1,1,-1,-1,-1,1,-1,0.010703695937991142
1,-1,-1,1,1,1,1,1,-1,-1,-1,-1,1,1,-1,1,-1,1,0.010034197010099888
1,-1,-1,1,1,1,1,1,-1,-1,-1,1,-1,-1,1,-1,-1,-1,0.009923421777784824
1,-1,-1,1,1,1,1,1,-1,-1,-1,1,-1,-1,1,-1,-1,1,0.01019883994013071
1,-1,-1,1,1,1,1,1,-1,-1,-1,1,1,1,-1,1,-1,-1,0.009219584055244923
1,-1,-1,1,1,1,1,1,-1,-1,1,1,1,1,-1,1,-1,1,0.009478124789893627
1,-1,-1,1,1,1,1,1,-1,1,-1,-1,-1,-1,1,1,1,1,0.009316042065620422
1,-1,-1,1,1,1,1,1,-1,1,-1,1,1,1,-1,1,1,-1,0.008497493341565132
1,-1,-1,1,1,1,1,1,-1,1,1,-1,1,-1,-1,1,-1,-1,0.009155658073723316
1,-1,-1,1,1,1,1,1,-1,1,1,-1,1,-1,1,1,-1,1,0.00965903326869011
1,-1,-1,1,1,1,1,1,-1,1,1,-1,1,1,-1,1,-1,1,0.00924527458846569
1,-1,-1,1,1,1,1,1,1,-1,-1,-1,1,-1,-1,1,1,-1,0.010061693377792835
1,-1,-1,1,1,1,1,1,1,-1,-1,-1,1,1,-1,1,1,1,0.010139431804418564
1,-1,-1,1,1,1,1,1,1,-1,-1,1,-1,-1,-1,-1,1,-1,0.009809956885874271
1,-1,-1,1,1,1,1,1,1,-1,-1,1,-1,-1,-1,1,-1,-1,0.009077914990484715
1,-1,-1,1,1,1,1,1,1,-1,-1,1,-1,-1,-1,1,1,-1,0.009121932089328766
1,-1,-1,1,1,1,1,1,1,-1,1,-1,1,-1,-1,-1,1,-1,0.010736159980297089
1,-1,-1,1,1,1,1,1,1,-1,1,-1,1,1,-1,-1,1,1,0.010813550092279911
1,-1,-1,1,1,1,1,1,1,-1,1,1,-1,1,-1,-1,1,1,0.009876756928861141
1,-1,-1,1,1,1,1,1,1,-1,1,1,1,-1,-1,-1,-1,-1,0.010158886201679707
1,-1,-1,1,1,1,1,1,1,-1,1,1,1,-1,1,-1,1,-1,0.010403091087937355
1,-1,-1,1,1,1,1,1,1,-1,1,1,1,1,-1,1,-1,-1,0.00926392525434494
1,-1,-1,1,1,1,1,1,1,-1,1,1,1,1,1,1,-1,1,0.009752104990184307
1,-1,-1,1,1,1,1,1,1,1,-1,-1,-1,-1,-1,1,1,1,0.009167816489934921
1,-1,-1,1,1,1,1,1,1,1,-1,-1,-1,1,-1,-1,-1,1,0.009610828012228012
1,-1,-1,1,1,1,1,1,1,1,-1,1,1,1,1,-1,1,-1,0.009450241923332214
1,-1,-1,1,1,1,1,1,1,1,1,-1,-1,-1,1,-1,1,-1,0.009761113673448563
1,-1,-1,1,1,1,1,1,1,1,1,-1,-1,1,-1,-1,1,1,0.009637968614697456
1,-1,-1,1,1,1,1,1,1,1,1,-1,-1,1,1,-1,-1,1,0.00979151763021946
1,-1,-1,1,1,1,1,1,1,1,1,-1,-1,1,1,1,1,1,0.009141570888459682
1,-1,-1,1,1,1,1,1,1,1,1,1,-1,-1,-1,-1,-1,1,0.00926763005554676
1,-1,-1,1,1,1,1,1,1,1,1,1,-1,1,-1,-1,1,-1,0.008823354728519917
1,-1,-1,1,1,1,1,1,1,1,1,1,-1,1,1,1,-1,-1,0.008288878947496414
1,-1,-1,1,1,1,1,1,1,1,1,1,-1,1,1,1,-1,1,0.008570235222578049
1,-1,-1,1,1,1,1,1,1,1,1,1,1,-1,1,-1,-1,1,0.009886897169053555
1,-1,1,-1,-1,-1,-1,-1,-1,-1,-1,-1,1,-1,1,-1,-1,1,0.009625826962292194
1,-1,1,-1,-1,-1,-1,-1,-1,-1,-1,-1,1,-1,1,1,-1,-1,0.008656445890665054
1,-1,1,-1,-1,-1,-1,-1,-1,-1,-1,1,-1,1,-1,1,-1,1,0.0075909169390797615
1,-1,1,-1,-1,-1,-1,-1,-1,-1,-1,1,1,1,-1,1,1,-1,0.0077415695413947105
1,-1,1,-1,-1,-1,-1,-1,-1,-1,-1,1,1,1,-1,1,1,1,0.008047377690672874
1,-1,1,-1,-1,-1,-1,-1,-1,-1,1,-1,-1,-1,1,1,-1,1,0.008508481085300446
1,-1,1,-1,-1,-1,-1,-1,-1,-1,1,-1,-1,1,1,-1,-1,-1,0.008698957972228527
1,-1,1,-1,-1,-1,-1,-1,-1,1,-1,-1,1,1,1,1,1,-1,0.007713883183896542
1,-1,1,-1,-1,-1,-1,-1,-1,1,-1,1,-1,-1,-1,-1,1,-1,0.007463918067514896
1,-1,1,-1,-1,-1,-1,-1,-1,1,-1,1,-1,-1,1,1,-1,1,0.007220054976642132
1,-1,1,-1,-1,-1,-1,-1,-1,1,-1,1,-1,1,1,1,-1,-1,0.006731763016432524
1,-1,1,-1,-1,-1,-1,-1,-1,1,-1,1,-1,1,1,1,-1,1,0.007019057869911194
1,-1,1,-1,-1,-1,-1,-1,-1,1,-1,1,1,-1,-1,1,-1,1,0.007428993470966816
1,-1,1,-1,-1,-1,-1,-1,-1,1,-1,1,1,-1,1,-1,1,1,0.008370479568839073
1,-1,1,-1,-1,-1,-1,-1,-1,1,1,-1,-1,-1,1,-1,-1,-1,0.00814904272556305
1,-1,1,-1,-1,-1,-1,-1,-1,1,1,-1,1,1,-1,-1,-1,-1,0.008135850541293621
1,-1,1,-1,-1,-1,-1,-1,-1,1,1,1,-1,1,1,-1,-1,-1,0.007393654901534319
1,-1,1,-1,-1,-1,-1,-1,1,-1,-1,-1,-1,-1,-1,-1,1,-1,0.008845634758472443
1,-1,1,-1,-1,-1,-1,-1,1,-1,-1,-1,-1,1,-1,1,1,1,0.008229409344494343
1,-1,1,-1,-1,-1,-1,-1,1,-1,-1,1,1,1,1,-1,-1,-1,0.008656240068376064
1,-1,1,-1,-1,-1,-1,-1,1,-1,-1,1,1,1,1,1,-1,-1,0.007962275296449661
1,-1,1,-1,-1,-1,-1,-1,1,-1,1,-1,-1,1,-1,-1,1,1,0.008891301229596138
1,-1,1,-1,-1,-1,-1,-1,1,-1,1,-1,-1,1,1,1,1,1,0.008416038006544113
1,-1,1,-1,-1,-1,-1,-1,1,-1,1,-1,1,-1,-1,-1,1,1,0.009519937448203564
1,-1,1,-1,-1,-1,-1,-1,1,-1,1,1,-1,-1,1,-1,-1,-1,0.008433855138719082
1,-1,1,-1,-1,-1,-1,-1,1,-1,1,1,1,-1,1,1,1,1,0.008486964739859104
1,-1,1,-1,-1,-1,-1,-1,1,1,-1,-1,-1,-1,-1,1,-1,1,0.007618622621521354
1,-1,1,-1,-1,-1,-1,-1,1,1,-1,-1,-1,-1,1,1,-1,1,0.007829725742340088
1,-1,1,-1,-1,-1,-1,-1,1,1,-1,-1,-1,1,1,1,-1,1,0.007622790057212114
1,-1,1,-1,-1,-1,-1,-1,1,1,-1,-1,1,1,1,-1,1,-1,0.008476663380861282
1,-1,1,-1,-1,-1,-1,-1,1,1,-1,1,-1,1,-1,1,-1,-1,0.006589476019144058
1,-1,1,-1,-1,-1,-1,-1,1,1,-1,1,1,-1,-1,1,1,1,0.007534228730946779
1,-1,1,-1,-1,-1,-1,-1,1,1,-1,1,1,1,-1,-1,-1,1,0.007980558089911938
1,-1,1,-1,-1,-1,-1,-1,1,1,-1,1,1,1,-1,1,1,-1,0.0070459372363984585
1,-1,1,-1,-1,-1,-1,-1,1,1,1,-1,1,-1,-1,1,-1,-1,0.007704101502895355
1,-1,1,-1,-1,-1,-1,-1,1,1,1,-1,1,-1,1,-1,-1,-1,0.008601570501923561
1,-1,1,-1,-1,-1,-1,-1,1,1,1,1,-1,1,1,-1,1,-1,0.007508147042244673
1,-1,1,-1,-1,-1,-1,-1,1,1,1,1,1,-1,-1,1,1,1,0.0075114136561751366
1,-1,1,-1,-1,-1,-1,1,-1,-1,-1,-1,-1,1,-1,1,-1,-1,0.00788908638060093
1,-1,1,-1,-1,-1,-1,1,-1,-1,-1,-1,1,-1,-1,1,-1,1,0.008793140761554241
1,-1,1,-1,-1,-1,-1,1,-1,-1,-1,1,1,1,-1,1,-1,1,0.008043691515922546
1,-1,1,-1,-1,-1,-1,1,-1,-1,-1,1,1,1,1,1,1,-1,0.00800985749810934
1,-1,1,-1,-1,-1,-1,1,-1,-1,1,-1,1,1,-1,-1,1,-1,0.009010757319629192
1,-1,1,-1,-1,-1,-1,1,-1,-1,1,1,1,-1,-1,-1,-1,1,0.008931032381951809
1,-1,1,-1,-1,-1,-1,1,-1,1,-1,-1,-1,1,1,-1,1,-1,0.008055209182202816
1,-1,1,-1,-1,-1,-1,1,-1,1,-1,-1,1,1,1,1,-1,-1,0.0077270506881177425
1,-1,1,-1,-1,-1,-1,1,-1,1,-1,1,-1,-1,-1,1,-1,1,0.007072075270116329
1,-1,1,-1,-1,-1,-1,1,-1,1,-1,1,-1,1,-1,1,-1,1,0.006880335509777069
1,-1,1,-1,-1,-1,-1,1,-1,1,-1,1,1,1,1,1,-1,-1,0.007190476171672344
1,-1,1,-1,-1,-1,-1,1,-1,1,1,1,-1,1,1,-1,1,1,0.007793067488819361
1,-1,1,-1,-1,-1,-1,1,1,-1,-1,-1,1,-1,-1,1,1,-1,0.008604444563388824
1,-1,1,-1,-1,-1,-1,1,1,-1,-1,1,-1,1,1,1,-1,-1,0.00761723518371582
1,-1,1,-1,-1,-1,-1,1,1,-1,1,-1,-1,1,1,1,1,-1,0.008180949836969376
1,-1,1,-1,-1,-1,-1,1,1,-1,1,-1,1,-1,1,1,1,-1,0.008779196068644524
1,-1,1,-1,-1,-1,-1,1,1,1,-1,1,-1,1,-1,-1,-1,-1,0.007335647474974394
1,-1,1,-1,-1,-1,-1,1,1,1,-1,1,-1,1,-1,1,-1,-1,0.00663574505597353
1,-1,1,-1,-1,-1,-1,1,1,1,-1,1,1,-1,1,1,1,-1,0.007505964487791061
1,-1,1,-1,-1,-1,-1,1,1,1,1,-1,-1,1,-1,1,1,1,0.00749601237475872
1,-1,1,-1,-1,-1,-1,1,1,1,1,-1,-1,1,1,-1,-1,1,0.008349464274942875
1,-1,1,-1,-1,-1,-1,1,1,1,1,-1,1,-1,-1,1,-1,1,0.008059496991336346
1,-1,1,-1,-1,-1,-1,1,1,1,1,-1,1,1,-1,1,-1,-1,0.00756788719445467
1,-1,1,-1,-1,-1,-1,1,1,1,1,1,-1,-1,-1,1,-1,1,0.007119735237210989
1,-1,1,-1,-1,-1,-1,1,1,1,1,1,-1,1,-1,1,1,-1,0.006656946614384651
1,-1,1,-1,-1,-1,-1,1,1,1,1,1,1,-1,-1,-1,1,1,0.00826090294867754
1,-1,1,-1,-1,-1,-1,1,1,1,1,1,1,-1,1,1,-1,1,0.007729745469987392
1,-1,1,-1,-1,-1,-1,1,1,1,1,1,1,1,-1,-1,-1,1,0.008019207045435905
1,-1,1,-1,-1,-1,-1,1,1,1,1,1,1,1,-1,-1,1,1,0.008057285100221634
1,-1,1,-1,-1,-1,-1,1,1,1,1,1,1,1,1,1,-1,1,0.007519491482526064
1,-1,1,-1,-1,-1,-1,1,1,1,1,1,1,1,1,1,1,-1,0.007266956847161055
1,-1,1,-1,-1,-1,1,-1,-1,-1,-1,-1,-1,-1,-1,1,1,1,0.009078245609998703
1,-1,1,-1,-1,-1,1,-1,-1,-1,-1,-1,1,-1,1,-1,1,1,0.01038815826177597
1,-1,1,-1,-1,-1,1,-1,-1,-1,-1,1,-1,1,-1,-1,-1,-1,0.008694068528711796
1,-1,1,-1,-1,-1,1,-1,-1,-1,-1,1,-1,1,-1,-1,-1,1,0.008978743106126785
1,-1,1,-1,-1,-1,1,-1,-1,-1,-1,1,-1,1,1,1,-1,-1,0.008197670802474022
1,-1,1,-1,-1,-1,1,-1,-1,-1,1,-1,-1,1,1,1,1,-1,0.008761386387050152
1,-1,1,-1,-1,-1,1,-1,-1,-1,1,-1,1,-1,-1,-1,-1,1,0.01010262593626976
1,-1,1,-1,-1,-1,1,-1,-1,-1,1,1,-1,1,-1,-1,1,1,0.009015140123665333
1,-1,1,-1,-1,-1,1,-1,-1,-1,1,1,1,1,1,1,-1,1,0.008887169882655144
1,-1,1,-1,-1,-1,1,-1,-1,1,-1,-1,-1,-1,1,-1,1,1,0.009209607727825642
1,-1,1,-1,-1,-1,1,-1,-1,1,-1,-1,1,-1,1,-1,1,-1,0.00931956060230732
1,-1,1,-1,-1,-1,1,-1,-1,1,-1,-1,1,1,-1,-1,-1,-1,0.00886178482323885
1,-1,1,-1,-1,-1,1,-1,-1,1,-1,-1,1,1,1,-1,-1,-1,0.00907454639673233
1,-1,1,-1,-1,-1,1,-1,-1,1,-1,1,-1,-1,1,-1,-1,-1,0.008326524868607521
1,-1,1,-1,-1,-1,1,-1,-1,1,-1,1,-1,1,-1,-1,1,-1,0.007975297048687935
1,-1,1,-1,-1,-1,1,-1,-1,1,1,-1,-1,-1,-1,-1,1,-1,0.00867747887969017
1,-1,1,-1,-1,-1,1,-1,-1,1,1,-1,1,-1,-1,1,-1,-1,0.008361198008060455
1,-1,1,-1,-1,-1,1,-1,-1,1,1,1,1,1,1,1,1,-1,0.00786258839070797
1,-1,1,-1,-1,-1,1,-1,1,-1,-1,-1,-1,-1,1,1,1,1,0.009342968463897705
1,-1,1,-1,-1,-1,1,-1,1,-1,-1,-1,-1,1,1,1,-1,-1,0.008792146109044552
1,-1,1,-1,-1,-1,1,-1,1,-1,-1,1,-1,1,1,-1,1,1,0.009287483058869839
1,-1,1,-1,-1,-1,1,-1,1,-1,-1,1,1,-1,1,1,-1,-1,0.008878269232809544
1,-1,1,-1,-1,-1,1,-1,1,-1,1,-1,-1,1,1,1,1,-1,0.008813347667455673
1,-1,1,-1,-1,-1,1,-1,1,-1,1,-1,1,-1,-1,1,-1,1,0.009469879791140556
1,-1,1,-1,-1,-1,1,-1,1,-1,1,-1,1,1,1,1,1,-1,0.009219853207468987
1,-1,1,-1,-1,-1,1,-1,1,-1,1,1,-1,-1,-1,-1,-1,1,0.00922408141195774
1,-1,1,-1,-1,-1,1,-1,1,1,-1,-1,1,-1,-1,-1,-1,1,0.00942980870604515
1,-1,1,-1,-1,-1,1,-1,1,1,-1,-1,1,-1,-1,1,1,1,0.008779861964285374
1,-1,1,-1,-1,-1,1,-1,1,1,-1,-1,1,1,1,1,1,1,0.008770491927862167
1,-1,1,-1,-1,-1,1,-1,1,1,-1,1,-1,-1,1,-1,-1,1,0.008693551644682884
1,-1,1,-1,-1,-1,1,-1,1,1,-1,1,1,-1,-1,-1,1,1,0.008940569125115871
1,-1,1,-1,-1,-1,1,-1,1,1,-1,1,1,-1,-1,1,-1,-1,0.007902718149125576
1,-1,1,-1,-1,-1,1,-1,1,1,-1,1,1,-1,1,-1,-1,-1,0.008809443563222885
1,-1,1,-1,-1,-1,1,-1,1,1,1,-1,-1,-1,1,-1,-1,-1,0.008907441049814224
1,-1,1,-1,-1,-1,1,-1,1,1,1,-1,1,1,-1,1,1,1,0.008550110273063183
1,-1,1,-1,-1,-1,1,-1,1,1,1,1,-1,-1,-1,-1,-1,-1,0.008176618255674839
1,-1,1,-1,-1,-1,1,-1,1,1,1,1,-1,-1,-1,-1,-1,1,0.008467230945825577
1,-1,1,-1,-1,-1,1,-1,1,1,1,1,-1,1,-1,1,-1,1,0.007551135960966349
1,-1,1,-1,-1,-1,1,-1,1,1,1,1,1,-1,-1,-1,1,1,0.008908496238291264
1,-1,1,-1,-1,-1,1,-1,1,1,1,1,1,-1,-1,1,-1,1,0.008179772645235062
1,-1,1,-1,-1,-1,1,1,-1,-1,-1,-1,-1,1,1,-1,1,-1,0.009524434804916382
1,-1,1,-1,-1,-1,1,1,-1,-1,-1,-1,1,-1,1,-1,-1,1,0.010393728502094746
1,-1,1,-1,-1,-1,1,1,-1,-1,-1,-1,1,1,1,-1,-1,1,0.010192731395363808
1,-1,1,-1,-1,-1,1,1,-1,-1,-1,1,-1,-1,1,-1,-1,-1,0.00915409717708826
1,-1,1,-1,-1,-1,1,1,-1,-1,-1,1,-1,-1,1,-1,1,1,0.009503922425210476
1,-1,1,-1,-1,-1,1,1,-1,-1,-1,1,-1,1,-1,-1,1,-1,0.008796929381787777
1,-1,1,-1,-1,-1,1,1,-1,-1,-1,1,1,-1,-1,-1,1,-1,0.009401113726198673
1,-1,1,-1,-1,-1,1,1,-1,-1,-1,1,1,-1,-1,1,1,-1,0.008716406300663948
1,-1,1,-1,-1,-1,1,1,-1,-1,1,-1,-1,-1,1,-1,-1,1,0.009970346465706825
1,-1,1,-1,-1,-1,1,1,-1,-1,1,-1,1,-1,-1,1,1,1,0.009523400105535984
1,-1,1,-1,-1,-1,1,1,-1,-1,1,-1,1,1,1,1,-1,-1,0.009185339324176311
1,-1,1,-1,-1,-1,1,1,-1,-1,1,1,1,1,-1,1,-1,1,0.008723994717001915
1,-1,1,-1,-1,-1,1,1,-1,1,-1,-1,1,-1,-1,-1,-1,1,0.009418177418410778
1,-1,1,-1,-1,-1,1,1,-1,1,-1,-1,1,-1,1,-1,1,-1,0.009381025098264217
1,-1,1,-1,-1,-1,1,1,-1,1,-1,-1,1,1,-1,-1,1,1,0.009246001951396465
1,-1,1,-1,-1,-1,1,1,-1,1,-1,1,-1,-1,1,1,1,-1,0.007732103578746319
1,-1,1,-1,-1,-1,1,1,-1,1,-1,1,-1,1,1,1,1,-1,0.007525167893618345
1,-1,1,-1,-1,-1,1,1,-1,1,-1,1,1,-1,-1,1,-1,1,0.008190955966711044
1,-1,1,-1,-1,-1,1,1,-1,1,-1,1,1,-1,1,1,1,1,0.00842922180891037
1,-1,1,-1,-1,-1,1,1,-1,1,-1,1,1,1,1,-1,-1,-1,0.008596815168857574
1,-1,1,-1,-1,-1,1,1,-1,1,1,-1,-1,-1,1,-1,1,-1,0.00894244760274887
1,-1,1,-1,-1,-1,1,1,-1,1,1,-1,-1,1,-1,-1,-1,1,0.008778602816164494
1,-1,1,-1,-1,-1,1,1,-1,1,1,-1,1,-1,1,-1,1,-1,0.009358209557831287
1,-1,1,-1,-1,-1,1,1,-1,1,1,-1,1,1,-1,-1,-1,-1,0.008903752081096172
1,-1,1,-1,-1,-1,1,1,-1,1,1,-1,1,1,-1,1,-1,1,0.008491143584251404
1,-1,1,-1,-1,-1,1,1,-1,1,1,1,-1,-1,1,1,-1,1,0.00795588456094265
1,-1,1,-1,-1,-1,1,1,-1,1,1,1,-1,1,-1,1,-1,1,0.0075513822957873344
1,-1,1,-1,-1,-1,1,1,1,-1,-1,-1,1,-1,-1,1,1,-1,0.009316820651292801
1,-1,1,-1,-1,-1,1,1,1,-1,-1,1,-1,1,1,-1,-1,1,0.009314187802374363
1,-1,1,-1,-1,-1,1,1,1,-1,-1,1,1,-1,-1,-1,1,-1,0.009471588768064976
1,-1,1,-1,-1,-1,1,1,1,-1,1,-1,-1,-1,1,-1,1,-1,0.009784968569874763
1,-1,1,-1,-1,-1,1,1,1,-1,1,-1,-1,1,1,1,-1,-1,0.008824856951832771
1,-1,1,-1,-1,-1,1,1,1,-1,1,-1,1,-1,1,-1,1,1,0.010472830384969711
1,-1,1,-1,-1,-1,1,1,1,-1,1,-1,1,-1,1,1,-1,-1,0.009453493170440197
1,-1,1,-1,-1,-1,1,1,1,-1,1,1,-1,-1,1,1,1,-1,0.008542552590370178
1,-1,1,-1,-1,-1,1,1,1,-1,1,1,1,1,-1,1,-1,-1,0.00850385706871748
1,-1,1,-1,-1,-1,1,1,1,1,-1,-1,-1,-1,-1,1,1,-1,0.008138269186019897
1,-1,1,-1,-1,-1,1,1,1,1,-1,-1,-1,-1,1,-1,1,-1,0.009020542725920677
1,-1,1,-1,-1,-1,1,1,1,1,-1,-1,-1,-1,1,1,-1,1,0.008573174476623535
1,-1,1,-1,-1,-1,1,1,1,1,-1,-1,1,-1,1,-1,-1,-1,0.009388969279825687
1,-1,1,-1,-1,-1,1,1,1,1,-1,-1,1,1,-1,-1,1,1,0.009322415105998516
1,-1,1,-1,-1,-1,1,1,1,1,-1,-1,1,1,-1,1,-1,1,0.008575177751481533
1,-1,1,-1,-1,-1,1,1,1,1,-1,1,-1,-1,-1,1,-1,-1,0.007545799948275089
1,-1,1,-1,-1,-1,1,1,1,1,-1,1,-1,1,-1,1,1,1,0.007673494052141905
1,-1,1,-1,-1,-1,1,1,1,1,1,-1,-1,-1,-1,-1,-1,1,0.009056014008820057
1,-1,1,-1,-1,-1,1,1,1,1,1,-1,1,-1,1,-1,1,1,0.009694845415651798
1,-1,1,-1,-1,-1,1,1,1,1,1,1,-1,-1,-1,-1,1,1,0.008560835383832455
1,-1,1,-1,-1,-1,1,1,1,1,1,1,1,-1,1,1,1,-1,0.008192207664251328
1,-1,1,-1,-1,-1,1,1,1,1,1,1,1,1,1,-1,-1,-1,0.008620022796094418
1,-1,1,-1,-1,1,-1,-1,-1,-1,-1,-1,-1,-1,-1,-1,-1,1,0.00918714702129364
1,-1,1,-1,-1,1,-1,-1,-1,-1,-1,-1,-1,1,1,-1,-1,-1,0.008899042382836342
1,-1,1,-1,-1,1,-1,-1,-1,-1,-1,-1,1,-1,-1,1,1,-1,0.008649773895740509
1,-1,1,-1,-1,1,-1,-1,-1,-1,-1,1,-1,1,1,-1,-1,-1,0.008365785703063011
1,-1,1,-1,-1,1,-1,-1,-1,-1,1,-1,-1,-1,1,-1,1,-1,0.009121241047978401
1,-1,1,-1,-1,1,-1,-1,-1,-1,1,-1,-1,1,1,1,-1,-1,0.008173005655407906
1,-1,1,-1,-1,1,-1,-1,-1,-1,1,-1,1,-1,1,-1,-1,1,0.009765084832906723
1,-1,1,-1,-1,1,-1,-1,-1,-1,1,1,-1,1,-1,1,1,1,0.007764935027807951
1,-1,1,-1,-1,1,-1,-1,-1,-1,1,1,1,-1,1,1,1,1,0.008581881411373615
1,-1,1,-1,-1,1,-1,-1,-1,-1,1,1,1,1,1,-1,1,1,0.009068909101188183
1,-1,1,-1,-1,1,-1,-1,-1,1,-1,-1,-1,-1,1,1,1,1,0.007968658581376076
1,-1,1,-1,-1,1,-1,-1,-1,1,-1,-1,-1,1,1,1,1,-1,0.007471110206097364
1,-1,1,-1,-1,1,-1,-1,-1,1,-1,-1,1,-1,1,-1,1,-1,0.00877851527184248
1,-1,1,-1,-1,1,-1,-1,-1,1,-1,1,-1,1,-1,-1,-1,-1,0.007390233688056469
1,-1,1,-1,-1,1,-1,-1,-1,1,1,-1,1,1,1,-1,1,1,0.008830119855701923
1,-1,1,-1,-1,1,-1,-1,-1,1,1,1,-1,-1,-1,1,-1,-1,0.006865194533020258
1,-1,1,-1,-1,1,-1,-1,-1,1,1,1,-1,1,1,-1,-1,-1,0.00755572784692049
1,-1,1,-1,-1,1,-1,-1,1,-1,-1,-1,1,-1,1,1,-1,1,0.009170349687337875
1,-1,1,-1,-1,1,-1,-1,1,-1,-1,1,-1,1,1,-1,1,1,0.008761633187532425
1,-1,1,-1,-1,1,-1,-1,1,-1,1,-1,-1,-1,-1,1,-1,-1,0.008240972645580769
1,-1,1,-1,-1,1,-1,-1,1,-1,1,-1,-1,-1,-1,1,1,1,0.008566346019506454
1,-1,1,-1,-1,1,-1,-1,1,-1,1,-1,1,-1,1,1,1,1,0.009191551245748997
1,-1,1,-1,-1,1,-1,-1,1,-1,1,1,-1,-1,-1,1,-1,1,0.007989072240889072
1,-1,1,-1,-1,1,-1,-1,1,-1,1,1,1,-1,1,1,1,-1,0.008367681875824928
1,-1,1,-1,-1,1,-1,-1,1,1,-1,-1,-1,1,1,1,1,1,0.007828880101442337
1,-1,1,-1,-1,1,-1,-1,1,1,-1,-1,1,-1,1,1,1,1,0.008436381816864014
1,-1,1,-1,-1,1,-1,-1,1,1,-1,-1,1,1,1,-1,1,1,0.008929349482059479
1,-1,1,-1,-1,1,-1,-1,1,1,-1,1,-1,-1,-1,-1,1,-1,0.00768720917403698
1,-1,1,-1,-1,1,-1,-1,1,1,1,-1,-1,-1,1,-1,-1,-1,0.008366395719349384
1,-1,1,-1,-1,1,-1,-1,1,1,1,-1,1,-1,-1,-1,1,-1,0.00861935131251812
1,-1,1,-1,-1,1,-1,1,-1,-1,-1,-1,1,-1,-1,1,1,-1,0.008714556694030762
1,-1,1,-1,-1,1,-1,1,-1,-1,-1,-1,1,1,1,-1,-1,-1,0.009345877915620804
1,-1,1,-1,-1,1,-1,1,-1,-1,-1,-1,1,1,1,1,1,-1,0.008695930242538452
1,-1,1,-1,-1,1,-1,1,-1,-1,-1,1,-1,1,1,-1,-1,-1,0.00840611569583416
1,-1,1,-1,-1,1,-1,1,-1,-1,-1,1,1,1,-1,-1,1,1,0.00894374493509531
1,-1,1,-1,-1,1,-1,1,-1,-1,-1,1,1,1,-1,1,1,1,0.008249781094491482
1,-1,1,-1,-1,1,-1,1,-1,-1,1,-1,-1,-1,1,1,1,-1,0.008478173986077309
1,-1,1,-1,-1,1,-1,1,-1,-1,1,-1,-1,-1,1,1,1,1,0.008779353462159634
1,-1,1,-1,-1,1,-1,1,-1,-1,1,-1,-1,1,1,1,-1,-1,0.008222592994570732
1,-1,1,-1,-1,1,-1,1,-1,-1,1,-1,1,1,-1,-1,1,1,0.009460125118494034
1,-1,1,-1,-1,1,-1,1,-1,-1,1,-1,1,1,-1,1,-1,1,0.008731401525437832
1,-1,1,-1,-1,1,-1,1,-1,-1,1,1,-1,-1,1,-1,-1,-1,0.008605430833995342
1,-1,1,-1,-1,1,-1,1,-1,-1,1,1,-1,1,1,-1,-1,-1,0.008398495614528656
1,-1,1,-1,-1,1,-1,1,-1,-1,1,1,1,-1,1,-1,-1,1,0.009296610951423645
1,-1,1,-1,-1,1,-1,1,-1,1,-1,-1,-1,-1,-1,1,1,1,0.00781142245978117
1,-1,1,-1,-1,1,-1,1,-1,1,-1,-1,-1,1,-1,1,1,-1,0.007319812662899494
1,-1,1,-1,-1,1,-1,1,-1,1,-1,1,-1,1,-1,-1,1,1,0.00778038939461112
1,-1,1,-1,-1,1,-1,1,-1,1,-1,1,1,-1,1,1,1,1,0.007903371006250381
1,-1,1,-1,-1,1,-1,1,-1,1,1,-1,-1,-1,-1,-1,-1,-1,0.008163136430084705
1,-1,1,-1,-1,1,-1,1,-1,1,1,-1,1,1,-1,1,-1,1,0.007959354668855667
1,-1,1,-1,-1,1,-1,1,-1,1,1,-1,1,1,-1,1,1,-1,0.0077035026624798775
1,-1,1,-1,-1,1,-1,1,-1,1,1,1,-1,-1,-1,1,-1,-1,0.006926659028977156
1,-1,1,-1,-1,1,-1,1,-1,1,1,1,1,1,1,-1,1,-1,0.00806177593767643
1,-1,1,-1,-1,1,-1,1,1,-1,-1,-1,-1,-1,1,-1,-1,-1,0.009222721680998802
1,-1,1,-1,-1,1,-1,1,1,-1,-1,-1,-1,-1,1,1,1,-1,0.008563517592847347
1,-1,1,-1,-1,1,-1,1,1,-1,-1,-1,-1,1,-1,-1,1,-1,0.008841102011501789
1,-1,1,-1,-1,1,-1,1,1,-1,-1,1,-1,-1,-1,-1,-1,1,0.008761377073824406
1,-1,1,-1,-1,1,-1,1,1,-1,-1,1,-1,-1,-1,-1,1,-1,0.008529976941645145
1,-1,1,-1,-1,1,-1,1,1,-1,-1,1,-1,1,1,-1,-1,-1,0.008473272435367107
1,-1,1,-1,-1,1,-1,1,1,-1,-1,1,1,-1,1,-1,-1,1,0.009377325884997845
1,-1,1,-1,-1,1,-1,1,1,-1,1,-1,-1,1,-1,-1,-1,1,0.009070821106433868
1,-1,1,-1,-1,1,-1,1,1,-1,1,-1,-1,1,1,1,-1,-1,0.008299006149172783
1,-1,1,-1,-1,1,-1,1,1,-1,1,-1,1,1,1,1,-1,1,0.00898686796426773
1,-1,1,-1,-1,1,-1,1,1,-1,1,1,-1,-1,1,-1,-1,-1,0.008657393045723438
1,-1,1,-1,-1,1,-1,1,1,-1,1,1,-1,1,1,-1,-1,-1,0.00845971331000328
1,-1,1,-1,-1,1,-1,1,1,-1,1,1,1,1,1,-1,1,-1,0.00889504048973322
1,-1,1,-1,-1,1,-1,1,1,-1,1,1,1,1,1,1,-1,-1,0.008172255009412766
1,-1,1,-1,-1,1,-1,1,1,-1,1,1,1,1,1,1,1,1,0.008497627452015877
1,-1,1,-1,-1,1,-1,1,1,1,-1,-1,1,1,-1,1,-1,-1,0.007743518799543381
1,-1,1,-1,-1,1,-1,1,1,1,-1,1,1,-1,-1,1,-1,-1,0.007426454219967127
1,-1,1,-1,-1,1,-1,1,1,1,1,-1,-1,1,-1,1,1,-1,0.0073522767052054405
1,-1,1,-1,-1,1,-1,1,1,1,1,1,-1,-1,1,-1,1,-1,0.007923424243927002
1,-1,1,-1,-1,1,-1,1,1,1,1,1,1,1,-1,1,1,-1,0.007225525099784136
1,-1,1,-1,-1,1,-1,1,1,1,1,1,1,1,1,-1,-1,-1,0.008094172924757004
1,-1,1,-1,-1,1,1,-1,-1,-1,-1,-1,-1,1,1,1,1,-1,0.00894627533853054
1,-1,1,-1,-1,1,1,-1,-1,-1,-1,1,-1,-1,-1,-1,1,-1,0.00911635160446167
1,-1,1,-1,-1,1,1,-1,-1,-1,1,-1,-1,-1,-1,-1,-1,1,0.009864131920039654
1,-1,1,-1,-1,1,1,-1,-1,-1,1,-1,-1,1,1,-1,-1,1,0.009854762814939022
1,-1,1,-1,-1,1,1,-1,-1,-1,1,-1,1,-1,-1,-1,-1,1,0.010273955762386322
1,-1,1,-1,-1,1,1,-1,-1,-1,1,-1,1,1,1,1,1,-1,0.00932996440678835
1,-1,1,-1,-1,1,1,-1,-1,1,-1,1,1,-1,-1,-1,1,-1,0.008750810287892818
1,-1,1,-1,-1,1,1,-1,-1,1,-1,1,1,-1,-1,-1,1,1,0.009035484865307808
1,-1,1,-1,-1,1,1,-1,-1,1,-1,1,1,-1,-1,1,-1,-1,0.00800689123570919
1,-1,1,-1,-1,1,1,-1,-1,1,1,-1,-1,-1,-1,1,1,1,0.00845139566808939
1,-1,1,-1,-1,1,1,-1,-1,1,1,-1,-1,1,-1,1,1,-1,0.007938651368021965
1,-1,1,-1,-1,1,1,-1,-1,1,1,-1,1,-1,-1,-1,-1,-1,0.009217235259711742
1,-1,1,-1,-1,1,1,-1,-1,1,1,-1,1,1,-1,-1,1,1,0.009338990785181522
1,-1,1,-1,-1,1,1,-1,-1,1,1,-1,1,1,1,-1,-1,-1,0.009213804267346859
1,-1,1,-1,-1,1,1,-1,-1,1,1,-1,1,1,1,-1,1,1,0.0095424959436059
1,-1,1,-1,-1,1,1,-1,-1,1,1,1,1,-1,-1,-1,1,-1,0.008727994747459888
1,-1,1,-1,-1,1,1,-1,-1,1,1,1,1,1,-1,1,-1,1,0.00807369127869606
1,-1,1,-1,-1,1,1,-1,1,-1,-1,-1,-1,-1,-1,-1,1,-1,0.0097108269110322
1,-1,1,-1,-1,1,1,-1,1,-1,-1,-1,-1,-1,1,-1,1,1,0.010189749300479889
1,-1,1,-1,-1,1,1,-1,1,-1,-1,-1,-1,1,-1,-1,1,1,0.009785247035324574
1,-1,1,-1,-1,1,1,-1,1,-1,-1,-1,-1,1,1,-1,1,-1,0.009698139503598213
1,-1,1,-1,-1,1,1,-1,1,-1,-1,-1,1,1,1,-1,-1,-1,0.0100606270134449
1,-1,1,-1,-1,1,1,-1,1,-1,-1,1,1,1,1,-1,-1,1,0.009817983955144882
1,-1,1,-1,-1,1,1,-1,1,-1,1,-1,1,-1,-1,-1,1,1,0.010375872254371643
1,-1,1,-1,-1,1,1,-1,1,-1,1,-1,1,-1,1,-1,-1,-1,0.01025400497019291
1,-1,1,-1,-1,1,1,-1,1,1,-1,-1,-1,-1,-1,-1,-1,-1,0.008879568427801132
1,-1,1,-1,-1,1,1,-1,1,1,-1,-1,-1,-1,1,1,-1,-1,0.008404305204749107
1,-1,1,-1,-1,1,1,-1,1,1,-1,-1,-1,1,1,1,-1,1,0.008482042700052261
1,-1,1,-1,-1,1,1,-1,1,1,-1,-1,1,-1,-1,-1,1,-1,0.009336029179394245
1,-1,1,-1,-1,1,1,-1,1,1,-1,-1,1,-1,1,1,-1,1,0.009095484390854836
1,-1,1,-1,-1,1,1,-1,1,1,-1,1,-1,-1,-1,1,-1,1,0.00794889871031046
1,-1,1,-1,-1,1,1,-1,1,1,1,-1,-1,-1,-1,1,-1,-1,0.0081779845058918
1,-1,1,-1,-1,1,1,-1,1,1,1,1,-1,-1,1,-1,-1,1,0.00882355310022831
1,-1,1,-1,-1,1,1,-1,1,1,1,1,-1,1,-1,1,1,1,0.007763165049254894
1,-1,1,-1,-1,1,1,-1,1,1,1,1,1,1,1,-1,-1,-1,0.008726570755243301
1,-1,1,-1,-1,1,1,1,-1,-1,-1,1,1,1,1,-1,-1,-1,0.00952167809009552
1,-1,1,-1,-1,1,1,1,-1,-1,1,-1,-1,1,-1,-1,1,-1,0.009466126561164856
1,-1,1,-1,-1,1,1,1,-1,-1,1,1,-1,1,1,1,-1,-1,0.008401711471378803
1,-1,1,-1,-1,1,1,1,-1,-1,1,1,1,1,1,-1,1,-1,0.009542879648506641
1,-1,1,-1,-1,1,1,1,-1,1,-1,-1,-1,-1,-1,1,-1,-1,0.008189167827367783
1,-1,1,-1,-1,1,1,1,-1,1,-1,-1,-1,1,-1,1,1,-1,0.00801699236035347
1,-1,1,-1,-1,1,1,1,-1,1,-1,-1,1,-1,1,1,-1,-1,0.008795860223472118
1,-1,1,-1,-1,1,1,1,-1,1,-1,1,-1,-1,1,-1,-1,1,0.00884399376809597
1,-1,1,-1,-1,1,1,1,-1,1,-1,1,1,-1,-1,1,-1,1,0.008358968421816826
1,-1,1,-1,-1,1,1,1,-1,1,1,-1,-1,-1,-1,-1,-1,1,0.00914167333394289
1,-1,1,-1,-1,1,1,1,-1,1,1,-1,-1,1,-1,-1,-1,1,0.008943993598222733
1,-1,1,-1,-1,1,1,1,-1,1,1,-1,1,-1,-1,-1,-1,-1,0.009272760711610317
1,-1,1,-1,-1,1,1,1,-1,1,1,-1,1,-1,-1,1,1,-1,0.008613556623458862
1,-1,1,-1,-1,1,1,1,-1,1,1,-1,1,1,-1,-1,1,-1,0.009109841659665108
1,-1,1,-1,-1,1,1,1,-1,1,1,1,-1,-1,-1,1,1,1,0.007958468981087208
1,-1,1,-1,-1,1,1,1,-1,1,1,1,-1,1,-1,-1,1,-1,0.008164141327142715
1,-1,1,-1,-1,1,1,1,-1,1,1,1,1,-1,1,-1,-1,-1,0.008943009190261364
1,-1,1,-1,-1,1,1,1,1,-1,-1,-1,-1,-1,-1,-1,1,-1,0.009766352362930775
1,-1,1,-1,-1,1,1,1,1,-1,-1,-1,-1,1,-1,1,-1,1,0.00909685343503952
1,-1,1,-1,-1,1,1,1,1,-1,-1,-1,1,1,1,1,1,-1,0.00946026761084795
1,-1,1,-1,-1,1,1,1,1,-1,-1,1,-1,1,1,1,-1,1,0.00877635832875967
1,-1,1,-1,-1,1,1,1,1,-1,-1,1,1,-1,1,1,-1,-1,0.009095868095755577
1,-1,1,-1,-1,1,1,1,1,-1,-1,1,1,1,1,1,-1,-1,0.008898189291357994
1,-1,1,-1,-1,1,1,1,1,1,-1,-1,-1,1,-1,-1,-1,-1,0.008737415075302124
1,-1,1,-1,-1,1,1,1,1,1,-1,1,-1,-1,1,-1,-1,1,0.008905211463570595
1,-1,1,-1,-1,1,1,1,1,1,-1,1,1,-1,-1,1,-1,-1,0.008129573427140713
1,-1,1,-1,-1,1,1,1,1,1,-1,1,1,-1,1,-1,1,1,0.009352415800094604
1,-1,1,-1,-1,1,1,1,1,1,1,-1,-1,-1,1,1,-1,-1,0.008437015116214752
1,-1,1,-1,-1,1,1,1,1,1,1,-1,-1,1,-1,-1,1,-1,0.008758616633713245
1,-1,1,-1,-1,1,1,1,1,1,1,-1,-1,1,1,1,-1,1,0.008505497127771378
1,-1,1,-1,-1,1,1,1,1,1,1,-1,1,1,1,-1,1,-1,0.009368626400828362
1,-1,1,-1,-1,1,1,1,1,1,1,1,-1,1,-1,1,-1,-1,0.007478121668100357
1,-1,1,-1,1,-1,-1,-1,-1,-1,-1,-1,-1,-1,1,-1,1,-1,0.009147376753389835
1,-1,1,-1,1,-1,-1,-1,-1,-1,-1,-1,1,-1,-1,1,-1,-1,0.008603139780461788
1,-1,1,-1,1,-1,-1,-1,-1,-1,-1,-1,1,1,1,-1,1,1,0.009622364304959774
1,-1,1,-1,1,-1,-1,-1,-1,-1,-1,-1,1,1,1,1,1,1,0.008934338577091694
1,-1,1,-1,1,-1,-1,-1,-1,-1,-1,1,-1,-1,1,-1,-1,-1,0.00856084655970335
1,-1,1,-1,1,-1,-1,-1,-1,-1,-1,1,-1,1,1,-1,-1,-1,0.008357228711247444
1,-1,1,-1,1,-1,-1,-1,-1,-1,-1,1,1,1,-1,-1,1,1,0.008891540579497814
1,-1,1,-1,1,-1,-1,-1,-1,-1,1,-1,-1,-1,1,-1,1,-1,0.009124561212956905
1,-1,1,-1,1,-1,-1,-1,-1,-1,1,-1,-1,1,1,-1,-1,1,0.009164221584796906
1,-1,1,-1,1,-1,-1,-1,-1,-1,1,1,-1,-1,-1,1,-1,-1,0.007634622976183891
1,-1,1,-1,1,-1,-1,-1,-1,-1,1,1,-1,-1,1,1,1,1,0.008172757923603058
1,-1,1,-1,1,-1,-1,-1,-1,-1,1,1,-1,1,-1,1,-1,-1,0.007442882750183344
1,-1,1,-1,1,-1,-1,-1,-1,-1,1,1,1,-1,-1,1,-1,-1,0.008047066628932953
1,-1,1,-1,1,-1,-1,-1,-1,1,-1,-1,1,1,1,1,-1,-1,0.007830980233848095
1,-1,1,-1,1,-1,-1,-1,-1,1,-1,1,1,1,1,-1,-1,1,0.00827898271381855
1,-1,1,-1,1,-1,-1,-1,-1,1,-1,1,1,1,1,1,1,1,0.00762309692800045
1,-1,1,-1,1,-1,-1,-1,-1,1,1,-1,1,1,-1,-1,1,1,0.00863325409591198
1,-1,1,-1,1,-1,-1,-1,-1,1,1,1,1,1,1,-1,1,1,0.008303502574563026
1,-1,1,-1,1,-1,-1,-1,1,-1,-1,-1,1,-1,1,-1,-1,1,0.009861696511507034
1,-1,1,-1,1,-1,-1,-1,1,-1,-1,-1,1,1,1,1,-1,-1,0.00866092648357153
1,-1,1,-1,1,-1,-1,-1,1,-1,-1,1,-1,-1,1,1,-1,-1,0.007928100414574146
1,-1,1,-1,1,-1,-1,-1,1,-1,-1,1,-1,1,-1,-1,-1,1,0.008511492982506752
1,-1,1,-1,1,-1,-1,-1,1,-1,-1,1,1,-1,-1,-1,1,-1,0.008872399106621742
1,-1,1,-1,1,-1,-1,-1,1,-1,1,-1,-1,1,1,-1,-1,-1,0.00892557017505169
1,-1,1,-1,1,-1,-1,-1,1,-1,1,1,-1,-1,1,1,1,-1,0.007958559319376945
1,-1,1,-1,1,-1,-1,-1,1,1,-1,-1,-1,1,-1,-1,1,1,0.00830746442079544
1,-1,1,-1,1,-1,-1,-1,1,1,-1,-1,-1,1,1,-1,1,1,0.008505030535161495
1,-1,1,-1,1,-1,-1,-1,1,1,-1,-1,-1,1,1,1,1,-1,0.007520454004406929
1,-1,1,-1,1,-1,-1,-1,1,1,-1,-1,1,1,-1,-1,-1,1,0.00866401381790638
1,-1,1,-1,1,-1,-1,-1,1,1,-1,-1,1,1,1,-1,-1,-1,0.008582844398915768
1,-1,1,-1,1,-1,-1,-1,1,1,-1,1,-1,-1,-1,-1,-1,-1,0.007640574127435684
1,-1,1,-1,1,-1,-1,-1,1,1,-1,1,-1,1,1,1,-1,-1,0.00695243664085865
1,-1,1,-1,1,-1,-1,-1,1,1,1,-1,1,-1,-1,1,1,-1,0.007913513109087944
1,-1,1,-1,1,-1,-1,-1,1,1,1,-1,1,-1,-1,1,1,1,0.008207444101572037
1,-1,1,-1,1,-1,-1,-1,1,1,1,-1,1,1,-1,1,1,1,0.007997190579771996
1,-1,1,-1,1,-1,-1,-1,1,1,1,1,-1,-1,-1,-1,-1,1,0.00791762862354517
1,-1,1,-1,1,-1,-1,-1,1,1,1,1,-1,-1,1,-1,-1,1,0.008117815479636192
1,-1,1,-1,1,-1,-1,-1,1,1,1,1,-1,-1,1,1,1,-1,0.007180573884397745
1,-1,1,-1,1,-1,-1,-1,1,1,1,1,-1,1,1,1,-1,-1,0.006926303263753653
1,-1,1,-1,1,-1,-1,1,-1,-1,-1,-1,1,-1,-1,-1,1,1,0.00968725886195898
1,-1,1,-1,1,-1,-1,1,-1,-1,-1,-1,1,-1,1,-1,-1,-1,0.009556134231388569
1,-1,1,-1,1,-1,-1,1,-1,-1,-1,-1,1,-1,1,1,1,-1,0.008909504860639572
1,-1,1,-1,1,-1,-1,1,-1,-1,-1,-1,1,1,-1,1,-1,-1,0.008445790968835354
1,-1,1,-1,1,-1,-1,1,-1,-1,-1,-1,1,1,1,1,1,-1,0.008702569641172886
1,-1,1,-1,1,-1,-1,1,-1,-1,-1,1,-1,1,1,1,1,1,0.0080501027405262
1,-1,1,-1,1,-1,-1,1,-1,-1,1,-1,-1,-1,1,1,-1,1,0.008732719346880913
1,-1,1,-1,1,-1,-1,1,-1,-1,1,-1,-1,-1,1,1,1,-1,0.008480184711515903
1,-1,1,-1,1,-1,-1,1,-1,-1,1,-1,-1,1,-1,-1,1,1,0.009045063517987728
1,-1,1,-1,1,-1,-1,1,-1,-1,1,-1,1,-1,-1,-1,-1,-1,0.009339069947600365
1,-1,1,-1,1,-1,-1,1,-1,-1,1,1,-1,-1,-1,1,1,1,0.008030717261135578
1,-1,1,-1,1,-1,-1,1,-1,-1,1,1,-1,-1,1,-1,-1,1,0.008884170092642307
1,-1,1,-1,1,-1,-1,1,-1,-1,1,1,-1,1,1,1,1,1,0.008036543615162373
1,-1,1,-1,1,-1,-1,1,-1,-1,1,1,1,-1,1,1,1,1,0.008634788915514946
1,-1,1,-1,1,-1,-1,1,-1,1,-1,-1,1,1,1,-1,1,1,0.008911781944334507
1,-1,1,-1,1,-1,-1,1,-1,1,-1,1,-1,-1,-1,1,1,-1,0.006984935142099857
1,-1,1,-1,1,-1,-1,1,-1,1,-1,1,-1,-1,1,-1,-1,-1,0.007838387042284012
1,-1,1,-1,1,-1,-1,1,-1,1,-1,1,-1,1,1,1,-1,-1,0.006946743931621313
1,-1,1,-1,1,-1,-1,1,-1,1,1,-1,1,-1,-1,-1,-1,1,0.008857636712491512
1,-1,1,-1,1,-1,-1,1,-1,1,1,-1,1,1,-1,-1,-1,-1,0.00835083145648241
1,-1,1,-1,1,-1,-1,1,-1,1,1,1,1,1,-1,-1,-1,1,0.008117444813251495
1,-1,1,-1,1,-1,-1,1,-1,1,1,1,1,1,-1,-1,1,1,0.008161461912095547
1,-1,1,-1,1,-1,-1,1,1,-1,-1,-1,-1,-1,1,1,-1,-1,0.008516883477568626
1,-1,1,-1,1,-1,-1,1,1,-1,-1,-1,-1,1,-1,1,1,-1,0.00815045926719904
1,-1,1,-1,1,-1,-1,1,1,-1,-1,-1,-1,1,1,-1,-1,1,0.009288585744798183
1,-1,1,-1,1,-1,-1,1,1,-1,-1,-1,1,-1,-1,-1,1,1,0.00974847748875618
1,-1,1,-1,1,-1,-1,1,1,-1,-1,-1,1,1,1,1,1,1,0.009051082655787468
1,-1,1,-1,1,-1,-1,1,1,-1,-1,1,-1,1,1,-1,-1,-1,0.008473972789943218
1,-1,1,-1,1,-1,-1,1,1,-1,1,-1,-1,-1,-1,1,-1,1,0.008584493771195412
1,-1,1,-1,1,-1,-1,1,1,-1,1,-1,-1,-1,1,-1,1,-1,0.009226109832525253
1,-1,1,-1,1,-1,-1,1,1,-1,1,-1,-1,1,1,1,-1,1,0.008581062778830528
1,-1,1,-1,1,-1,-1,1,1,-1,1,-1,1,-1,-1,-1,-1,-1,0.009385093115270138
1,-1,1,-1,1,-1,-1,1,1,-1,1,-1,1,1,-1,-1,-1,1,0.009474708698689938
1,-1,1,-1,1,-1,-1,1,1,-1,1,-1,1,1,1,-1,1,1,0.00973148737102747
1,-1,1,-1,1,-1,-1,1,1,-1,1,1,-1,-1,1,1,-1,-1,0.007960811257362366
1,-1,1,-1,1,-1,-1,1,1,-1,1,1,1,-1,-1,-1,-1,-1,0.008857774548232555
1,-1,1,-1,1,-1,-1,1,1,1,-1,-1,-1,1,-1,1,-1,1,0.007625008933246136
1,-1,1,-1,1,-1,-1,1,1,1,-1,-1,1,-1,1,1,-1,-1,0.00815466046333313
1,-1,1,-1,1,-1,-1,1,1,1,-1,-1,1,-1,1,1,1,1,0.008485971949994564
1,-1,1,-1,1,-1,-1,1,1,1,-1,-1,1,1,-1,-1,-1,-1,0.00843486562371254
1,-1,1,-1,1,-1,-1,1,1,1,-1,1,-1,-1,-1,-1,-1,-1,0.007702038623392582
1,-1,1,-1,1,-1,-1,1,1,1,-1,1,-1,-1,-1,1,1,1,0.007336765993386507
1,-1,1,-1,1,-1,-1,1,1,1,-1,1,1,1,-1,-1,1,-1,0.00794894341379404
1,-1,1,-1,1,-1,-1,1,1,1,1,-1,1,-1,1,-1,1,-1,0.00886982586234808
1,-1,1,-1,1,-1,1,-1,-1,-1,-1,-1,-1,-1,1,1,1,1,0.009431948885321617
1,-1,1,-1,1,-1,1,-1,-1,-1,-1,-1,-1,1,-1,-1,-1,-1,0.009380842559039593
1,-1,1,-1,1,-1,1,-1,-1,-1,-1,-1,1,-1,-1,1,-1,-1,0.009309575892984867
1,-1,1,-1,1,-1,1,-1,-1,-1,-1,1,1,-1,-1,1,1,1,0.009110949002206326
1,-1,1,-1,1,-1,1,-1,-1,-1,1,1,-1,1,1,-1,-1,-1,0.00902827549725771
1,-1,1,-1,1,-1,1,-1,-1,-1,1,1,1,-1,1,-1,1,1,0.009985602460801601
1,-1,1,-1,1,-1,1,-1,-1,-1,1,1,1,1,-1,-1,-1,1,0.009521888568997383
1,-1,1,-1,1,-1,1,-1,-1,-1,1,1,1,1,1,1,1,-1,0.008784833364188671
1,-1,1,-1,1,-1,1,-1,-1,-1,1,1,1,1,1,1,1,1,0.009090641513466835
1,-1,1,-1,1,-1,1,-1,-1,1,-1,-1,-1,-1,1,1,1,1,0.008675098419189453
1,-1,1,-1,1,-1,1,-1,-1,1,-1,-1,1,-1,1,-1,-1,-1,0.00942574255168438
1,-1,1,-1,1,-1,1,-1,-1,1,-1,-1,1,-1,1,1,-1,-1,0.008731778711080551
1,-1,1,-1,1,-1,1,-1,-1,1,-1,1,-1,-1,1,1,1,-1,0.007836033590137959
1,-1,1,-1,1,-1,1,-1,-1,1,-1,1,-1,1,1,1,1,-1,0.007632067194208503
1,-1,1,-1,1,-1,1,-1,-1,1,-1,1,1,-1,-1,-1,-1,1,0.008985532447695732
1,-1,1,-1,1,-1,1,-1,-1,1,-1,1,1,-1,1,-1,-1,1,0.00918903760612011
1,-1,1,-1,1,-1,1,-1,-1,1,-1,1,1,1,-1,-1,1,-1,0.008535318076610565
1,-1,1,-1,1,-1,1,-1,-1,1,1,-1,-1,-1,1,1,1,-1,0.008352413773536682
1,-1,1,-1,1,-1,1,-1,-1,1,1,-1,1,1,-1,1,-1,1,0.008595073595643044
1,-1,1,-1,1,-1,1,-1,-1,1,1,1,-1,-1,1,1,1,1,0.00810976978391409
1,-1,1,-1,1,-1,1,-1,-1,1,1,1,1,1,1,-1,1,-1,0.008721946738660336
1,-1,1,-1,1,-1,1,-1,1,-1,-1,1,1,-1,-1,1,-1,-1,0.008837537840008736
1,-1,1,-1,1,-1,1,-1,1,-1,1,1,1,1,-1,-1,1,1,0.009636379778385162
1,-1,1,-1,1,-1,1,-1,1,1,-1,-1,1,1,-1,1,-1,-1,0.008388495072722435
1,-1,1,-1,1,-1,1,-1,1,1,-1,1,-1,1,-1,-1,-1,1,0.008427370339632034
1,-1,1,-1,1,-1,1,-1,1,1,-1,1,1,-1,1,-1,-1,-1,0.008959642611443996
1,-1,1,-1,1,-1,1,-1,1,1,1,-1,-1,-1,1,1,1,1,0.008713501505553722
1,-1,1,-1,1,-1,1,-1,1,1,1,-1,-1,1,1,-1,-1,-1,0.008859961293637753
1,-1,1,-1,1,-1,1,-1,1,1,1,1,-1,-1,-1,1,-1,1,0.007917527109384537
1,-1,1,-1,1,-1,1,-1,1,1,1,1,1,1,1,1,-1,-1,0.008039245381951332
1,-1,1,-1,1,-1,1,1,-1,-1,-1,-1,1,-1,1,-1,1,-1,0.010297331027686596
1,-1,1,-1,1,-1,1,1,-1,-1,-1,1,-1,-1,-1,-1,1,-1,0.009163320995867252
1,-1,1,-1,1,-1,1,1,-1,-1,-1,1,1,-1,-1,-1,1,1,0.009866377338767052
1,-1,1,-1,1,-1,1,1,-1,-1,-1,1,1,1,-1,1,-1,-1,0.00862159114331007
1,-1,1,-1,1,-1,1,1,-1,-1,1,-1,-1,-1,-1,1,1,1,0.009276350028812885
1,-1,1,-1,1,-1,1,1,-1,-1,1,-1,1,-1,1,-1,1,-1,0.010283772833645344
1,-1,1,-1,1,-1,1,1,-1,-1,1,1,-1,-1,-1,-1,-1,-1,0.009096488356590271
1,-1,1,-1,1,-1,1,1,-1,-1,1,1,1,1,1,1,-1,1,0.00909621175378561
1,-1,1,-1,1,-1,1,1,-1,1,-1,-1,-1,-1,1,-1,-1,-1,0.009089958854019642
1,-1,1,-1,1,-1,1,1,-1,1,-1,-1,-1,1,-1,-1,-1,-1,0.008664322085678577
1,-1,1,-1,1,-1,1,1,-1,1,-1,-1,1,1,1,-1,1,1,0.009614900685846806
1,-1,1,-1,1,-1,1,1,-1,1,-1,-1,1,1,1,1,-1,1,0.008886177092790604
1,-1,1,-1,1,-1,1,1,-1,1,-1,1,1,-1,-1,1,1,1,0.00839111115783453
1,-1,1,-1,1,-1,1,1,-1,1,-1,1,1,1,-1,1,1,1,0.008187493309378624
1,-1,1,-1,1,-1,1,1,-1,1,1,-1,-1,-1,-1,1,1,-1,0.008207752369344234
1,-1,1,-1,1,-1,1,1,-1,1,1,-1,-1,1,1,1,1,1,0.008491616696119308
1,-1,1,-1,1,-1,1,1,-1,1,1,-1,1,-1,-1,-1,1,-1,0.009304903447628021
1,-1,1,-1,1,-1,1,1,-1,1,1,-1,1,1,1,-1,-1,1,0.009542129933834076
1,-1,1,-1,1,-1,1,1,-1,1,1,1,-1,-1,1,-1,1,-1,0.008562707342207432
1,-1,1,-1,1,-1,1,1,-1,1,1,1,1,1,1,1,1,1,0.008358925580978394
1,-1,1,-1,1,-1,1,1,1,-1,-1,1,-1,-1,-1,-1,1,1,0.009505894966423512
1,-1,1,-1,1,-1,1,1,1,-1,-1,1,1,-1,1,-1,1,1,0.010115905664861202
1,-1,1,-1,1,-1,1,1,1,-1,-1,1,1,1,1,-1,-1,1,0.00986495241522789
1,-1,1,-1,1,-1,1,1,1,-1,1,-1,-1,-1,-1,1,1,-1,0.009046955034136772
1,-1,1,-1,1,-1,1,1,1,-1,1,-1,-1,-1,1,1,1,-1,0.009244521148502827
1,-1,1,-1,1,-1,1,1,1,-1,1,-1,-1,1,1,-1,-1,1,0.009968888945877552
1,-1,1,-1,1,-1,1,1,1,-1,1,-1,-1,1,1,1,1,-1,0.009034267626702785
1,-1,1,-1,1,-1,1,1,1,-1,1,-1,-1,1,1,1,1,1,0.009334137663245201
1,-1,1,-1,1,-1,1,1,1,-1,1,1,-1,-1,-1,-1,1,-1,0.009192466735839844
1,-1,1,-1,1,-1,1,1,1,-1,1,1,1,1,1,1,1,-1,0.008901577442884445
1,-1,1,-1,1,-1,1,1,1,1,-1,-1,-1,1,-1,1,1,1,0.008381402119994164
1,-1,1,-1,1,-1,1,1,1,1,-1,-1,-1,1,1,1,1,-1,0.008294293656945229
1,-1,1,-1,1,-1,1,1,1,1,-1,-1,1,1,1,-1,1,-1,0.009379567578434944
1,-1,1,-1,1,-1,1,1,1,1,-1,-1,1,1,1,1,1,1,0.00899141188710928
1,-1,1,-1,1,-1,1,1,1,1,-1,1,-1,1,-1,-1,1,-1,0.008236300200223923
1,-1,1,-1,1,-1,1,1,1,1,-1,1,-1,1,1,1,-1,-1,0.00770182441920042
1,-1,1,-1,1,-1,1,1,1,1,-1,1,1,-1,-1,-1,-1,1,0.009096337482333183
1,-1,1,-1,1,-1,1,1,1,1,1,-1,-1,1,1,-1,1,1,0.009250116534531116
1,-1,1,-1,1,-1,1,1,1,1,1,-1,1,-1,-1,1,-1,1,0.008912814781069756
1,-1,1,-1,1,-1,1,1,1,1,1,-1,1,1,1,-1,1,-1,0.009356752038002014
1,-1,1,-1,1,-1,1,1,1,1,1,-1,1,1,1,1,-1,-1,0.008624710142612457
1,-1,1,-1,1,-1,1,1,1,1,1,1,-1,-1,-1,-1,1,-1,0.00843561626970768
1,-1,1,-1,1,1,-1,-1,-1,-1,-1,-1,-1,-1,-1,-1,-1,-1,0.009061927907168865
1,-1,1,-1,1,1,-1,-1,-1,-1,-1,-1,-1,-1,-1,1,-1,-1,0.008362025022506714
1,-1,1,-1,1,1,-1,-1,-1,-1,-1,-1,1,-1,1,-1,1,-1,0.009715954773128033
1,-1,1,-1,1,1,-1,-1,-1,-1,-1,1,-1,1,-1,-1,1,1,0.008641170337796211
1,-1,1,-1,1,1,-1,-1,-1,-1,1,-1,1,-1,-1,-1,1,1,0.009770991280674934
1,-1,1,-1,1,1,-1,-1,-1,-1,1,-1,1,-1,-1,1,-1,1,0.009042266756296158
1,-1,1,-1,1,1,-1,-1,-1,-1,1,-1,1,-1,1,1,1,-1,0.008989918977022171
1,-1,1,-1,1,1,-1,-1,-1,-1,1,1,1,-1,-1,1,-1,1,0.00849975273013115
1,-1,1,-1,1,1,-1,-1,-1,1,-1,-1,-1,-1,-1,1,1,-1,0.00763067789375782
1,-1,1,-1,1,1,-1,-1,-1,1,-1,-1,-1,1,-1,-1,1,-1,0.008121024817228317
1,-1,1,-1,1,1,-1,-1,-1,1,-1,-1,1,-1,1,-1,1,1,0.009234522469341755
1,-1,1,-1,1,1,-1,-1,-1,1,-1,1,1,1,1,1,-1,-1,0.007450539618730545
1,-1,1,-1,1,1,-1,-1,-1,1,1,-1,1,1,-1,-1,-1,1,0.008742053061723709
1,-1,1,-1,1,1,-1,-1,-1,1,1,-1,1,1,1,1,1,-1,0.008004998788237572
1,-1,1,-1,1,1,-1,-1,-1,1,1,1,-1,-1,1,1,1,1,0.00757204182446003
1,-1,1,-1,1,1,-1,-1,-1,1,1,1,-1,1,-1,1,1,1,0.007161600980907679
1,-1,1,-1,1,1,-1,-1,-1,1,1,1,-1,1,1,1,-1,1,0.0073118326254189014
1,-1,1,-1,1,1,-1,-1,1,-1,-1,-1,1,-1,-1,1,-1,1,0.009120361879467964
1,-1,1,-1,1,1,-1,-1,1,-1,-1,-1,1,-1,1,-1,1,1,0.010061847977340221
1,-1,1,-1,1,1,-1,-1,1,-1,-1,-1,1,-1,1,1,1,1,0.009358626790344715
1,-1,1,-1,1,1,-1,-1,1,-1,-1,-1,1,1,-1,1,1,1,0.0089541245251894
1,-1,1,-1,1,1,-1,-1,1,-1,-1,1,-1,-1,-1,-1,-1,1,0.008871245197951794
1,-1,1,-1,1,1,-1,-1,1,-1,-1,1,1,1,-1,1,-1,1,0.008370911702513695
1,-1,1,-1,1,1,-1,-1,1,-1,-1,1,1,1,-1,1,1,-1,0.008133572526276112
1,-1,1,-1,1,1,-1,-1,1,-1,1,1,1,-1,1,1,-1,-1,0.008483120240271091
1,-1,1,-1,1,1,-1,-1,1,1,-1,-1,-1,-1,1,-1,1,-1,0.008589365519583225
1,-1,1,-1,1,1,-1,-1,1,1,-1,-1,-1,1,-1,1,-1,-1,0.007450200151652098
1,-1,1,-1,1,1,-1,-1,1,1,-1,-1,-1,1,-1,1,1,-1,0.0074849603697657585
1,-1,1,-1,1,1,-1,-1,1,1,1,-1,-1,-1,1,-1,1,1,0.008851224556565285
1,-1,1,-1,1,1,-1,-1,1,1,1,-1,-1,1,1,1,-1,-1,0.0076308902353048325
1,-1,1,-1,1,1,-1,-1,1,1,1,-1,1,1,1,-1,1,1,0.009050793945789337
1,-1,1,-1,1,1,-1,-1,1,1,1,1,-1,-1,1,1,1,-1,0.007342647295445204
1,-1,1,-1,1,1,-1,-1,1,1,1,1,1,1,1,1,1,-1,0.007542216219007969
1,-1,1,-1,1,1,-1,1,-1,-1,-1,-1,-1,-1,-1,-1,-1,1,0.009398809634149075
1,-1,1,-1,1,1,-1,1,-1,-1,-1,-1,1,-1,-1,1,-1,-1,0.008829995058476925
1,-1,1,-1,1,1,-1,1,-1,-1,-1,1,1,-1,1,1,-1,-1,0.008490986190736294
1,-1,1,-1,1,1,-1,1,-1,-1,-1,1,1,1,1,-1,-1,1,0.009268627502024174
1,-1,1,-1,1,1,-1,1,-1,-1,1,-1,1,-1,-1,1,-1,1,0.009082596749067307
1,-1,1,-1,1,1,-1,1,-1,-1,1,-1,1,1,-1,-1,1,-1,0.009332286193966866
1,-1,1,-1,1,1,-1,1,-1,-1,1,1,-1,1,1,-1,1,1,0.008886641822755337
1,-1,1,-1,1,1,-1,1,-1,-1,1,1,1,-1,1,1,-1,-1,0.008468170650303364
1,-1,1,-1,1,1,-1,1,-1,-1,1,1,1,-1,1,1,1,-1,0.008521444164216518
1,-1,1,-1,1,1,-1,1,-1,1,-1,-1,-1,-1,-1,1,-1,1,0.007936117239296436
1,-1,1,-1,1,1,-1,1,-1,1,-1,-1,1,-1,1,1,-1,-1,0.008246257901191711
1,-1,1,-1,1,1,-1,1,-1,1,-1,1,-1,-1,-1,1,1,1,0.007446877658367157
1,-1,1,-1,1,1,-1,1,-1,1,-1,1,1,1,1,-1,-1,-1,0.008215225301682949
1,-1,1,-1,1,1,-1,1,-1,1,1,-1,1,-1,1,1,-1,1,0.008519995026290417
1,-1,1,-1,1,1,-1,1,-1,1,1,1,1,1,1,1,-1,-1,0.007492506876587868
1,-1,1,-1,1,1,-1,1,1,-1,-1,-1,-1,1,-1,1,-1,-1,0.00827777199447155
1,-1,1,-1,1,1,-1,1,1,-1,-1,-1,1,-1,1,-1,1,-1,0.009823442436754704
1,-1,1,-1,1,1,-1,1,1,-1,-1,-1,1,1,-1,-1,-1,1,0.009653658606112003
1,-1,1,-1,1,1,-1,1,1,-1,-1,-1,1,1,1,-1,1,1,0.009916376322507858
1,-1,1,-1,1,1,-1,1,1,-1,-1,1,-1,-1,-1,1,1,-1,0.007986211217939854
1,-1,1,-1,1,1,-1,1,1,-1,-1,1,1,-1,-1,1,1,1,0.008677390404045582
1,-1,1,-1,1,1,-1,1,1,-1,-1,1,1,-1,1,1,1,-1,0.008605478331446648
1,-1,1,-1,1,1,-1,1,1,-1,1,-1,1,1,-1,1,1,1,0.008996091783046722
1,-1,1,-1,1,1,-1,1,1,-1,1,1,-1,-1,-1,1,1,-1,0.007966713979840279
1,-1,1,-1,1,1,-1,1,1,-1,1,1,-1,1,1,-1,1,-1,0.00864799041301012
1,-1,1,-1,1,1,-1,1,1,1,-1,-1,1,-1,-1,-1,1,1,0.009138504043221474
1,-1,1,-1,1,1,-1,1,1,1,-1,1,-1,-1,-1,1,1,1,0.007498839404433966
1,-1,1,-1,1,1,-1,1,1,1,-1,1,-1,-1,1,1,1,-1,0.007426926866173744
1,-1,1,-1,1,1,-1,1,1,1,-1,1,-1,1,-1,1,1,1,0.007297842763364315
1,-1,1,-1,1,1,-1,1,1,1,-1,1,1,-1,-1,-1,-1,-1,0.008273934945464134
1,-1,1,-1,1,1,-1,1,1,1,-1,1,1,-1,1,-1,1,-1,0.00851220078766346
1,-1,1,-1,1,1,-1,1,1,1,1,1,-1,-1,-1,-1,-1,1,0.008135227486491203
1,-1,1,-1,1,1,-1,1,1,1,1,1,1,-1,1,1,1,-1,0.007804677821695805
1,-1,1,-1,1,1,1,-1,-1,-1,-1,-1,1,-1,-1,-1,1,-1,0.010209630243480206
1,-1,1,-1,1,1,1,-1,-1,-1,-1,-1,1,-1,1,1,1,1,0.010000527836382389
1,-1,1,-1,1,1,1,-1,-1,-1,-1,1,-1,1,1,-1,1,1,0.009562988765537739
1,-1,1,-1,1,1,1,-1,-1,-1,-1,1,1,1,-1,-1,-1,-1,0.009422102943062782
1,-1,1,-1,1,1,1,-1,-1,-1,-1,1,1,1,1,-1,-1,1,0.009910281747579575
1,-1,1,-1,1,1,1,-1,-1,-1,1,-1,-1,1,1,-1,-1,1,0.01002015732228756
1,-1,1,-1,1,1,1,-1,-1,-1,1,-1,1,-1,-1,-1,-1,1,0.010424153879284859
1,-1,1,-1,1,1,1,-1,-1,-1,1,-1,1,1,-1,1,1,-1,0.009282597340643406
1,-1,1,-1,1,1,1,-1,-1,-1,1,1,-1,-1,-1,1,-1,-1,0.008505754172801971
1,-1,1,-1,1,1,1,-1,-1,-1,1,1,1,1,-1,1,-1,-1,0.008699384517967701
1,-1,1,-1,1,1,1,-1,-1,1,-1,-1,-1,-1,-1,-1,1,-1,0.009037017822265625
1,-1,1,-1,1,1,1,-1,-1,1,-1,-1,1,1,-1,-1,-1,1,0.009483182802796364
1,-1,1,-1,1,1,1,-1,-1,1,-1,-1,1,1,-1,1,1,1,0.00881804060190916
1,-1,1,-1,1,1,1,-1,-1,1,-1,1,-1,1,-1,1,-1,-1,0.007558844052255154
1,-1,1,-1,1,1,1,-1,-1,1,1,-1,-1,1,-1,-1,1,-1,0.008807266131043434
1,-1,1,-1,1,1,1,-1,-1,1,1,-1,1,-1,1,-1,-1,-1,0.009570938535034657
1,-1,1,-1,1,1,1,-1,-1,1,1,-1,1,-1,1,1,-1,-1,0.008880292996764183
1,-1,1,-1,1,1,1,-1,-1,1,1,1,1,1,1,1,-1,-1,0.00814603827893734
1,-1,1,-1,1,1,1,-1,1,-1,-1,-1,-1,-1,-1,-1,-1,-1,0.00982032623142004
1,-1,1,-1,1,1,1,-1,1,-1,-1,-1,-1,-1,-1,1,1,1,0.009451735764741898
1,-1,1,-1,1,1,1,-1,1,-1,-1,-1,-1,1,1,-1,-1,1,0.010113446973264217
1,-1,1,-1,1,1,1,-1,1,-1,-1,-1,1,-1,-1,1,-1,-1,0.00953286699950695
1,-1,1,-1,1,1,1,-1,1,-1,-1,1,-1,1,1,1,1,-1,0.008624435402452946
1,-1,1,-1,1,1,1,-1,1,-1,1,-1,1,-1,1,1,1,1,0.010044869035482407
1,-1,1,-1,1,1,1,-1,1,-1,1,1,1,-1,-1,-1,-1,1,0.009952115826308727
1,-1,1,-1,1,1,1,-1,1,-1,1,1,1,1,1,1,1,1,0.009298738092184067
1,-1,1,-1,1,1,1,-1,1,1,-1,-1,-1,-1,-1,-1,1,-1,0.009083040058612823
1,-1,1,-1,1,1,1,-1,1,1,-1,-1,-1,-1,1,1,1,1,0.008892451412975788
1,-1,1,-1,1,1,1,-1,1,1,-1,-1,1,-1,1,-1,1,-1,0.009693050757050514
1,-1,1,-1,1,1,1,-1,1,1,-1,1,-1,-1,-1,-1,1,-1,0.008564978837966919
1,-1,1,-1,1,1,1,-1,1,1,-1,1,-1,-1,1,1,-1,-1,0.008030503056943417
1,-1,1,-1,1,1,1,-1,1,1,-1,1,1,-1,-1,1,-1,1,0.008514859713613987
1,-1,1,-1,1,1,1,-1,1,1,1,1,1,-1,1,1,-1,-1,0.0084141930565238
1,-1,1,-1,1,1,1,-1,1,1,1,1,1,1,-1,1,1,1,0.008329125121235847
1,-1,1,-1,1,1,1,1,-1,-1,-1,-1,-1,-1,-1,1,1,1,0.009455299936234951
1,-1,1,-1,1,1,1,1,-1,-1,-1,-1,1,1,-1,1,-1,-1,0.009310982190072536
1,-1,1,-1,1,1,1,1,-1,-1,-1,1,-1,-1,1,1,1,1,0.00911629106849432
1,-1,1,-1,1,1,1,1,-1,-1,-1,1,-1,1,-1,-1,-1,1,0.009355797432363033
1,-1,1,-1,1,1,1,1,-1,-1,-1,1,-1,1,1,1,1,-1,0.008633937686681747
1,-1,1,-1,1,1,1,1,-1,-1,-1,1,1,1,1,1,-1,-1,0.00899642612785101
1,-1,1,-1,1,1,1,1,-1,-1,1,-1,-1,-1,1,1,1,-1,0.009351314976811409
1,-1,1,-1,1,1,1,1,-1,-1,1,1,1,-1,-1,-1,-1,-1,0.009671005420386791
1,-1,1,-1,1,1,1,1,-1,1,-1,-1,-1,-1,-1,-1,1,-1,0.009083286859095097
1,-1,1,-1,1,1,1,1,-1,1,-1,-1,1,1,1,-1,1,1,0.009776974096894264
1,-1,1,-1,1,1,1,1,-1,1,-1,1,-1,-1,1,-1,1,1,0.009038208983838558
1,-1,1,-1,1,1,1,1,-1,1,-1,1,1,1,-1,1,-1,1,0.00831148773431778
1,-1,1,-1,1,1,1,1,-1,1,1,-1,-1,-1,-1,-1,1,1,0.009351084008812904
1,-1,1,-1,1,1,1,1,-1,1,1,-1,-1,-1,-1,1,1,-1,0.008369824849069118
1,-1,1,-1,1,1,1,1,-1,1,1,-1,1,-1,-1,1,1,1,0.00906825391575694
1,-1,1,-1,1,1,1,1,-1,1,1,-1,1,1,1,1,1,1,0.009060194715857506
1,-1,1,-1,1,1,1,1,-1,1,1,1,1,-1,1,1,-1,1,0.00868985615670681
1,-1,1,-1,1,1,1,1,-1,1,1,1,1,1,-1,1,1,-1,0.008032819256186485
1,-1,1,-1,1,1,1,1,-1,1,1,1,1,1,1,-1,-1,1,0.009180203080177307
1,-1,1,-1,1,1,1,1,1,-1,-1,-1,-1,-1,1,1,1,-1,0.009420153684914112
1,-1,1,-1,1,1,1,1,1,-1,-1,-1,-1,1,-1,1,1,1,0.00930958241224289
1,-1,1,-1,1,1,1,1,1,-1,-1,-1,1,1,-1,-1,-1,1,0.010362716391682625
1,-1,1,-1,1,1,1,1,1,-1,-1,1,1,-1,-1,1,-1,1,0.009342431090772152
1,-1,1,-1,1,1,1,1,1,-1,1,-1,-1,-1,-1,-1,-1,1,0.010149587877094746
1,-1,1,-1,1,1,1,1,1,-1,1,-1,-1,1,1,-1,-1,1,0.01013096235692501
1,-1,1,-1,1,1,1,1,1,1,-1,-1,-1,1,-1,-1,1,1,0.009229840710759163
1,-1,1,-1,1,1,1,1,1,1,-1,-1,1,-1,-1,-1,-1,1,0.009806863032281399
1,-1,1,-1,1,1,1,1,1,1,-1,-1,1,-1,1,1,-1,-1,0.009025790728628635
1,-1,1,-1,1,1,1,1,1,1,-1,1,-1,-1,-1,-1,-1,1,0.008857843466103077
1,-1,1,-1,1,1,1,1,1,1,-1,1,-1,-1,-1,1,-1,-1,0.00787326693534851
1,-1,1,-1,1,1,1,1,1,1,-1,1,-1,1,-1,1,1,-1,0.007713666185736656
1,-1,1,-1,1,1,1,1,1,1,-1,1,-1,1,1,-1,1,-1,0.008611135184764862
1,-1,1,-1,1,1,1,1,1,1,-1,1,1,-1,1,-1,-1,1,0.009477110579609871
1,-1,1,-1,1,1,1,1,1,1,1,-1,-1,-1,1,-1,-1,1,0.00957179069519043
1,-1,1,-1,1,1,1,1,1,1,1,-1,-1,1,1,1,1,-1,0.008418356068432331
1,-1,1,-1,1,1,1,1,1,1,1,1,-1,-1,1,-1,-1,-1,0.008741982281208038
1,-1,1,-1,1,1,1,1,1,1,1,1,1,-1,1,1,-1,-1,0.008463779464364052
1,-1,1,-1,1,1,1,1,1,1,1,1,1,1,-1,1,1,-1,0.00809735618531704
1,-1,1,1,-1,-1,-1,-1,-1,-1,-1,-1,-1,-1,1,1,-1,-1,0.008534252643585205
1,-1,1,1,-1,-1,-1,-1,-1,-1,-1,-1,1,-1,-1,-1,-1,-1,0.009421960450708866
1,-1,1,1,-1,-1,-1,-1,-1,-1,-1,1,-1,-1,-1,1,-1,-1,0.007782295346260071
1,-1,1,1,-1,-1,-1,-1,-1,-1,-1,1,-1,-1,-1,1,1,1,0.008132120594382286
1,-1,1,1,-1,-1,-1,-1,-1,-1,-1,1,1,-1,-1,-1,1,-1,0.008941976353526115
1,-1,1,1,-1,-1,-1,-1,-1,-1,1,-1,-1,-1,1,1,-1,-1,0.008511437103152275
1,-1,1,1,-1,-1,-1,-1,-1,-1,1,-1,-1,1,-1,-1,1,1,0.009120333939790726
1,-1,1,1,-1,-1,-1,-1,-1,-1,1,-1,-1,1,1,1,1,1,0.0086298743262887
1,-1,1,1,-1,-1,-1,-1,-1,-1,1,1,1,1,-1,1,1,1,0.008305904921144247
1,-1,1,1,-1,-1,-1,-1,-1,-1,1,1,1,1,1,1,-1,1,0.008468362502753735
1,-1,1,1,-1,-1,-1,-1,-1,1,1,-1,-1,1,1,-1,-1,1,0.008511093445122242
1,-1,1,1,-1,-1,-1,-1,-1,1,1,-1,1,1,1,-1,-1,1,0.008917598985135555
1,-1,1,1,-1,-1,-1,-1,-1,1,1,-1,1,1,1,1,-1,1,0.008220316842198372
1,-1,1,1,-1,-1,-1,-1,-1,1,1,1,-1,-1,1,-1,1,1,0.008228789083659649
1,-1,1,1,-1,-1,-1,-1,-1,1,1,1,-1,1,-1,-1,1,1,0.007809091825038195
1,-1,1,1,-1,-1,-1,-1,-1,1,1,1,1,-1,-1,-1,-1,1,0.008384454064071178
1,-1,1,1,-1,-1,-1,-1,-1,1,1,1,1,1,-1,-1,-1,1,0.00817157980054617
1,-1,1,1,-1,-1,-1,-1,1,-1,-1,1,-1,1,-1,-1,-1,-1,0.00833648070693016
1,-1,1,1,-1,-1,-1,-1,1,-1,-1,1,1,1,1,-1,1,-1,0.008984568528831005
1,-1,1,1,-1,-1,-1,-1,1,-1,-1,1,1,1,1,1,1,-1,0.008305800147354603
1,-1,1,1,-1,-1,-1,-1,1,-1,1,-1,-1,-1,1,-1,-1,1,0.009551293216645718
1,-1,1,1,-1,-1,-1,-1,1,-1,1,-1,-1,1,-1,1,-1,1,0.008437631651759148
1,-1,1,1,-1,-1,-1,-1,1,-1,1,-1,-1,1,1,-1,-1,1,0.00935029610991478
1,-1,1,1,-1,-1,-1,-1,1,-1,1,1,-1,-1,-1,1,1,1,0.008161266334354877
1,-1,1,1,-1,-1,-1,-1,1,-1,1,1,1,-1,-1,1,-1,1,0.008533011190593243
1,-1,1,1,-1,-1,-1,-1,1,-1,1,1,1,1,1,1,1,1,0.008567659184336662
1,-1,1,1,-1,-1,-1,-1,1,1,-1,-1,-1,1,1,-1,-1,1,0.008591809310019016
1,-1,1,1,-1,-1,-1,-1,1,1,-1,-1,-1,1,1,-1,1,1,0.008645082823932171
1,-1,1,1,-1,-1,-1,-1,1,1,-1,-1,1,1,-1,1,-1,-1,0.007813549600541592
1,-1,1,1,-1,-1,-1,-1,1,1,-1,-1,1,1,1,1,-1,1,0.00831360649317503
1,-1,1,1,-1,-1,-1,-1,1,1,-1,1,1,1,-1,1,-1,-1,0.007283262442797422
1,-1,1,1,-1,-1,-1,-1,1,1,1,-1,-1,-1,1,1,-1,-1,0.007800609339028597
1,-1,1,1,-1,-1,-1,-1,1,1,1,-1,-1,-1,1,1,1,-1,0.007838687859475613
1,-1,1,1,-1,-1,-1,-1,1,1,1,-1,-1,1,-1,1,1,-1,0.007418990135192871
1,-1,1,1,-1,-1,-1,-1,1,1,1,-1,1,-1,1,1,-1,-1,0.008191918954253197
1,-1,1,1,-1,-1,-1,-1,1,1,1,1,-1,-1,-1,-1,1,1,0.00808650255203247
1,-1,1,1,-1,-1,-1,-1,1,1,1,1,1,1,1,1,1,-1,0.0074957432225346565
1,-1,1,1,-1,-1,-1,1,-1,-1,-1,-1,-1,-1,-1,-1,1,-1,0.009118315763771534
1,-1,1,1,-1,-1,-1,1,-1,-1,-1,-1,-1,-1,-1,1,-1,1,0.008667629212141037
1,-1,1,1,-1,-1,-1,1,-1,-1,-1,-1,-1,-1,1,-1,-1,1,0.009568416513502598
1,-1,1,1,-1,-1,-1,1,-1,-1,-1,-1,1,-1,1,1,-1,-1,0.008996283635497093
1,-1,1,1,-1,-1,-1,1,-1,-1,-1,1,-1,1,1,1,-1,-1,0.00784364715218544
1,-1,1,1,-1,-1,-1,1,-1,-1,-1,1,1,-1,1,-1,-1,1,0.009441664442420006
1,-1,1,1,-1,-1,-1,1,-1,-1,-1,1,1,1,-1,1,1,-1,0.008090663701295853
1,-1,1,1,-1,-1,-1,1,-1,-1,1,-1,1,-1,-1,-1,-1,1,0.009745283052325249
1,-1,1,1,-1,-1,-1,1,-1,-1,1,1,-1,-1,1,1,1,-1,0.008071783930063248
1,-1,1,1,-1,-1,-1,1,-1,-1,1,1,1,-1,-1,1,-1,1,0.008527318947017193
1,-1,1,1,-1,-1,-1,1,-1,-1,1,1,1,-1,1,1,1,1,0.008768902160227299
1,-1,1,1,-1,-1,-1,1,-1,1,-1,-1,1,-1,1,1,-1,1,0.008508911356329918
1,-1,1,1,-1,-1,-1,1,-1,1,-1,-1,1,1,-1,-1,1,-1,0.008551777340471745
1,-1,1,1,-1,-1,-1,1,-1,1,-1,1,1,-1,-1,-1,-1,-1,0.008181438781321049
1,-1,1,1,-1,-1,-1,1,-1,1,-1,1,1,1,1,1,-1,1,0.007774657569825649
1,-1,1,1,-1,-1,-1,1,-1,1,1,-1,-1,-1,-1,1,1,1,0.007910845801234245
1,-1,1,1,-1,-1,-1,1,-1,1,1,-1,1,1,1,1,-1,1,0.008269903250038624
1,-1,1,1,-1,-1,-1,1,-1,1,1,1,-1,1,-1,-1,-1,1,0.007826538756489754
1,-1,1,1,-1,-1,-1,1,-1,1,1,1,1,-1,-1,-1,1,-1,0.00819207401946187
1,-1,1,1,-1,-1,-1,1,1,-1,-1,1,1,-1,1,-1,1,-1,0.00924703013151884
1,-1,1,1,-1,-1,-1,1,1,-1,1,-1,-1,-1,-1,1,1,-1,0.008459435775876045
1,-1,1,1,-1,-1,-1,1,1,-1,1,-1,-1,-1,1,1,-1,-1,0.008618924766778946
1,-1,1,1,-1,-1,-1,1,1,-1,1,-1,1,1,1,-1,-1,1,0.009803070686757565
1,-1,1,1,-1,-1,-1,1,1,-1,1,1,-1,-1,1,-1,-1,1,0.009073561988770962
1,-1,1,1,-1,-1,-1,1,1,-1,1,1,-1,-1,1,1,-1,-1,0.008094924502074718
1,-1,1,1,-1,-1,-1,1,1,-1,1,1,-1,1,-1,-1,1,1,0.00870713870972395
1,-1,1,1,-1,-1,-1,1,1,-1,1,1,1,1,1,-1,-1,-1,0.008979201316833496
1,-1,1,1,-1,-1,-1,1,1,1,-1,-1,-1,-1,1,-1,1,-1,0.008607674390077591
1,-1,1,1,-1,-1,-1,1,1,1,-1,-1,-1,1,-1,-1,-1,1,0.008443829603493214
1,-1,1,1,-1,-1,-1,1,1,1,-1,1,-1,-1,-1,-1,-1,1,0.00811750814318657
1,-1,1,1,-1,-1,-1,1,1,1,-1,1,-1,-1,-1,-1,1,-1,0.007870912551879883
1,-1,1,1,-1,-1,-1,1,1,1,-1,1,-1,1,1,1,-1,-1,0.00713875750079751
1,-1,1,1,-1,-1,-1,1,1,1,-1,1,1,1,-1,1,1,-1,0.0073798359371721745
1,-1,1,1,-1,-1,-1,1,1,1,1,-1,-1,-1,-1,1,1,1,0.00798725988715887
1,-1,1,1,-1,-1,-1,1,1,1,1,-1,-1,1,1,1,1,1,0.007974572479724884
1,-1,1,1,-1,-1,-1,1,1,1,1,1,-1,-1,-1,1,-1,-1,0.007110116071999073
1,-1,1,1,-1,-1,-1,1,1,1,1,1,-1,-1,1,1,-1,1,0.007613490801304579
1,-1,1,1,-1,-1,-1,1,1,1,1,1,1,-1,1,-1,-1,1,0.00870470330119133
1,-1,1,1,-1,-1,-1,1,1,1,1,1,1,-1,1,-1,1,1,0.008752038702368736
1,-1,1,1,-1,-1,1,-1,-1,-1,-1,-1,-1,-1,-1,-1,-1,1,0.010018443688750267
1,-1,1,1,-1,-1,1,-1,-1,-1,-1,-1,1,-1,1,-1,-1,1,0.01061919704079628
1,-1,1,1,-1,-1,1,-1,-1,-1,-1,-1,1,-1,1,1,-1,-1,0.009634619578719139
1,-1,1,1,-1,-1,1,-1,-1,-1,-1,1,-1,1,-1,1,-1,-1,0.008293673396110535
1,-1,1,1,-1,-1,1,-1,-1,-1,-1,1,-1,1,1,-1,1,1,0.009510577656328678
1,-1,1,1,-1,-1,1,-1,-1,-1,1,-1,-1,-1,1,-1,1,1,0.010237211361527443
1,-1,1,1,-1,-1,1,-1,-1,-1,1,-1,-1,1,-1,-1,1,-1,0.00954209640622139
1,-1,1,1,-1,-1,1,-1,-1,-1,1,-1,-1,1,-1,1,1,-1,0.008842193521559238
1,-1,1,1,-1,-1,1,-1,-1,-1,1,-1,-1,1,1,1,-1,-1,0.008992425166070461
1,-1,1,1,-1,-1,1,-1,-1,-1,1,1,-1,-1,1,1,1,1,0.009015928953886032
1,-1,1,1,-1,-1,1,-1,-1,-1,1,1,-1,1,-1,1,-1,-1,0.008261601440608501
1,-1,1,1,-1,-1,1,-1,-1,-1,1,1,1,-1,-1,-1,1,1,0.009906954132020473
1,-1,1,1,-1,-1,1,-1,-1,1,-1,-1,1,-1,1,1,-1,1,0.009156504645943642
1,-1,1,1,-1,-1,1,-1,-1,1,-1,-1,1,1,-1,1,-1,-1,0.008455450646579266
1,-1,1,1,-1,-1,1,-1,-1,1,-1,-1,1,1,1,-1,-1,1,0.009634275920689106
1,-1,1,1,-1,-1,1,-1,-1,1,-1,1,1,-1,-1,1,-1,-1,0.008119872771203518
1,-1,1,1,-1,-1,1,-1,-1,1,-1,1,1,-1,-1,1,1,-1,0.008169828914105892
1,-1,1,1,-1,-1,1,-1,-1,1,-1,1,1,1,-1,1,-1,1,0.008218745701014996
1,-1,1,1,-1,-1,1,-1,-1,1,1,-1,-1,1,1,-1,1,-1,0.008967616595327854
1,-1,1,1,-1,-1,1,-1,-1,1,1,-1,1,-1,1,-1,-1,-1,0.009527783840894699
1,-1,1,1,-1,-1,1,-1,-1,1,1,1,1,1,-1,-1,-1,-1,0.008590024895966053
1,-1,1,1,-1,-1,1,-1,-1,1,1,1,1,1,-1,-1,-1,1,0.008874698542058468
1,-1,1,1,-1,-1,1,-1,1,-1,-1,-1,-1,-1,1,-1,-1,1,0.010273910127580166
1,-1,1,1,-1,-1,1,-1,1,-1,-1,1,1,-1,1,1,-1,1,0.009447255171835423
1,-1,1,1,-1,-1,1,-1,1,-1,1,-1,-1,-1,1,1,1,1,0.009601147845387459
1,-1,1,1,-1,-1,1,-1,1,-1,1,1,-1,-1,1,1,-1,-1,0.008733260445296764
1,-1,1,1,-1,-1,1,-1,1,-1,1,1,1,-1,1,1,1,1,0.009474395774304867
1,-1,1,1,-1,-1,1,-1,1,-1,1,1,1,1,1,1,-1,-1,0.008926891721785069
1,-1,1,1,-1,-1,1,-1,1,1,-1,-1,1,-1,-1,-1,1,-1,0.009467524476349354
1,-1,1,1,-1,-1,1,-1,1,1,-1,-1,1,1,1,-1,-1,-1,0.009420077316462994
1,-1,1,1,-1,-1,1,-1,1,1,-1,1,-1,-1,-1,-1,1,1,0.008809118531644344
1,-1,1,1,-1,-1,1,-1,1,1,-1,1,-1,-1,1,-1,-1,-1,0.008672055788338184
1,-1,1,1,-1,-1,1,-1,1,1,-1,1,-1,1,1,-1,-1,-1,0.00848031509667635
1,-1,1,1,-1,-1,1,-1,1,1,1,-1,-1,-1,1,-1,1,1,0.0095323221758008
1,-1,1,1,-1,-1,1,-1,1,1,1,-1,-1,1,1,1,-1,1,0.008572209626436234
1,-1,1,1,-1,-1,1,-1,1,1,1,-1,1,-1,-1,-1,-1,1,0.009691305458545685
1,-1,1,1,-1,-1,1,-1,1,1,1,-1,1,-1,-1,-1,1,-1,0.009444708935916424
1,-1,1,1,-1,-1,1,-1,1,1,1,1,-1,-1,-1,-1,-1,-1,0.008460929617285728
1,-1,1,1,-1,-1,1,-1,1,1,1,1,-1,-1,1,1,-1,-1,0.007955275475978851
1,-1,1,1,-1,-1,1,-1,1,1,1,1,-1,1,1,1,-1,-1,0.007757596671581268
1,-1,1,1,-1,-1,1,-1,1,1,1,1,1,-1,1,-1,-1,-1,0.00907094031572342
1,-1,1,1,-1,-1,1,-1,1,1,1,1,1,-1,1,1,-1,-1,0.00837697647511959
1,-1,1,1,-1,-1,1,-1,1,1,1,1,1,1,1,1,-1,1,0.00845471490174532
1,-1,1,1,-1,-1,1,1,-1,-1,-1,-1,-1,-1,-1,1,-1,1,0.009380005300045013
1,-1,1,1,-1,-1,1,1,-1,-1,-1,-1,-1,-1,1,1,-1,-1,0.009277701377868652
1,-1,1,1,-1,-1,1,1,-1,-1,-1,-1,1,1,1,1,1,1,0.009817839600145817
1,-1,1,1,-1,-1,1,1,-1,-1,-1,1,1,-1,-1,1,1,-1,0.009000718593597412
1,-1,1,1,-1,-1,1,1,-1,-1,1,-1,-1,-1,-1,-1,1,-1,0.0097893625497818
1,-1,1,1,-1,-1,1,1,-1,-1,1,-1,-1,1,1,1,-1,-1,0.009053889662027359
1,-1,1,1,-1,-1,1,1,-1,1,-1,-1,-1,1,-1,1,-1,-1,0.008104471489787102
1,-1,1,1,-1,-1,1,1,-1,1,-1,-1,-1,1,1,1,1,-1,0.00835199374705553
1,-1,1,1,-1,-1,1,1,-1,1,-1,-1,1,-1,-1,-1,1,1,0.009746505878865719
1,-1,1,1,-1,-1,1,1,-1,1,-1,-1,1,-1,1,-1,-1,1,0.009905993938446045
1,-1,1,1,-1,-1,1,1,-1,1,-1,1,-1,-1,-1,-1,1,-1,0.008506874553859234
1,-1,1,1,-1,-1,1,1,-1,1,-1,1,1,-1,1,-1,1,1,0.009413436986505985
1,-1,1,1,-1,-1,1,1,-1,1,-1,1,1,1,-1,1,-1,1,0.008268332108855247
1,-1,1,1,-1,-1,1,1,-1,1,1,-1,1,-1,-1,-1,-1,-1,0.009389060549438
1,-1,1,1,-1,-1,1,1,-1,1,1,-1,1,1,1,1,1,-1,0.00873568281531334
1,-1,1,1,-1,-1,1,1,-1,1,1,1,-1,1,-1,-1,1,1,0.008582931943237782
1,-1,1,1,-1,-1,1,1,-1,1,1,1,1,1,-1,1,1,-1,0.007989664562046528
1,-1,1,1,-1,-1,1,1,1,-1,-1,-1,-1,-1,-1,1,-1,-1,0.009144671261310577
1,-1,1,1,-1,-1,1,1,1,-1,-1,-1,1,1,-1,-1,1,-1,0.010072965174913406
1,-1,1,1,-1,-1,1,1,1,-1,-1,1,-1,-1,1,-1,1,1,0.009840195998549461
1,-1,1,1,-1,-1,1,1,1,-1,-1,1,1,-1,1,-1,1,-1,0.009956087917089462
1,-1,1,1,-1,-1,1,1,1,-1,1,-1,1,1,1,-1,-1,1,0.010506189428269863
1,-1,1,1,-1,-1,1,1,1,-1,1,1,-1,1,1,-1,-1,-1,0.009285070933401585
1,-1,1,1,-1,-1,1,1,1,1,-1,-1,-1,-1,1,1,1,1,0.008910760283470154
1,-1,1,1,-1,-1,1,1,1,1,-1,-1,-1,1,-1,-1,-1,1,0.009146948345005512
1,-1,1,1,-1,-1,1,1,1,1,-1,-1,-1,1,-1,1,1,-1,0.0082156453281641
1,-1,1,1,-1,-1,1,1,1,1,-1,1,-1,-1,-1,-1,-1,-1,0.008524076081812382
1,-1,1,1,-1,-1,1,1,1,1,-1,1,-1,1,-1,-1,-1,1,0.008613691665232182
1,-1,1,1,-1,-1,1,1,1,1,-1,1,1,1,1,-1,1,1,0.0092617804184556
1,-1,1,1,-1,-1,1,1,1,1,1,-1,-1,-1,-1,-1,-1,-1,0.009040456265211105
1,-1,1,1,-1,-1,1,1,1,1,1,-1,-1,1,-1,1,-1,-1,0.00814881268888712
1,-1,1,1,-1,-1,1,1,1,1,1,1,1,-1,-1,1,-1,1,0.008513671346008778
1,-1,1,1,-1,-1,1,1,1,1,1,1,1,-1,1,-1,-1,-1,0.00911720935255289
1,-1,1,1,-1,-1,1,1,1,1,1,1,1,-1,1,-1,1,-1,0.009170482866466045
1,-1,1,1,-1,1,-1,-1,-1,-1,-1,-1,1,-1,-1,1,-1,1,0.009184000082314014
1,-1,1,1,-1,1,-1,-1,-1,-1,-1,-1,1,-1,1,1,1,1,0.009431522339582443
1,-1,1,1,-1,1,-1,-1,-1,-1,-1,1,-1,-1,-1,-1,-1,1,0.008928945288062096
1,-1,1,1,-1,1,-1,-1,-1,-1,1,-1,-1,-1,1,-1,1,1,0.009686908684670925
1,-1,1,1,-1,1,-1,-1,-1,-1,1,-1,-1,1,-1,-1,1,-1,0.008991793729364872
1,-1,1,1,-1,1,-1,-1,-1,-1,1,-1,-1,1,1,-1,1,1,0.009479972533881664
1,-1,1,1,-1,1,-1,-1,-1,-1,1,-1,1,-1,-1,-1,-1,-1,0.009570473805069923
1,-1,1,1,-1,1,-1,-1,-1,-1,1,-1,1,-1,1,-1,1,-1,0.009802800603210926
1,-1,1,1,-1,1,-1,-1,-1,-1,1,1,-1,1,-1,1,1,1,0.008058503270149231
1,-1,1,1,-1,1,-1,-1,-1,-1,1,1,-1,1,1,-1,1,-1,0.008662042208015919
1,-1,1,1,-1,1,-1,-1,-1,-1,1,1,1,1,1,1,1,1,0.008668513968586922
1,-1,1,1,-1,1,-1,-1,-1,1,-1,-1,-1,-1,1,-1,1,1,0.008946934714913368
1,-1,1,1,-1,1,-1,-1,-1,1,-1,-1,-1,1,-1,-1,1,1,0.008527236990630627
1,-1,1,1,-1,1,-1,-1,-1,1,-1,1,1,-1,-1,1,1,1,0.007919395342469215
1,-1,1,1,-1,1,-1,-1,-1,1,-1,1,1,-1,1,1,1,-1,0.007826348766684532
1,-1,1,1,-1,1,-1,-1,-1,1,-1,1,1,1,-1,1,-1,-1,0.00738114770501852
1,-1,1,1,-1,1,-1,-1,-1,1,1,-1,-1,1,1,1,1,1,0.008029158227145672
1,-1,1,1,-1,1,-1,-1,-1,1,1,-1,1,1,-1,-1,1,1,0.008926122449338436
1,-1,1,1,-1,1,-1,-1,-1,1,1,-1,1,1,-1,1,-1,1,0.00817294605076313
1,-1,1,1,-1,1,-1,-1,-1,1,1,-1,1,1,1,-1,1,1,0.009129627607762814
1,-1,1,1,-1,1,-1,-1,-1,1,1,1,-1,1,1,1,1,1,0.007480706088244915
1,-1,1,1,-1,1,-1,-1,-1,1,1,1,1,1,1,-1,1,1,0.00858711451292038
1,-1,1,1,-1,1,-1,-1,-1,1,1,1,1,1,1,1,1,-1,0.007602537050843239
1,-1,1,1,-1,1,-1,-1,1,-1,-1,-1,1,-1,-1,1,-1,-1,0.008960544131696224
1,-1,1,1,-1,1,-1,-1,1,-1,-1,1,-1,-1,1,1,-1,-1,0.008224287070333958
1,-1,1,1,-1,1,-1,-1,1,-1,-1,1,1,-1,1,-1,-1,-1,0.0093247564509511
1,-1,1,1,-1,1,-1,-1,1,-1,-1,1,1,1,1,-1,1,-1,0.009146641939878464
1,-1,1,1,-1,1,-1,-1,1,-1,1,-1,-1,1,-1,1,1,1,0.008649660274386406
1,-1,1,1,-1,1,-1,-1,1,-1,1,-1,-1,1,1,-1,-1,-1,0.0092217568308115
1,-1,1,1,-1,1,-1,-1,1,-1,1,-1,-1,1,1,-1,-1,1,0.009506430476903915
1,-1,1,1,-1,1,-1,-1,1,-1,1,-1,-1,1,1,-1,1,-1,0.009259834885597229
1,-1,1,1,-1,1,-1,-1,1,-1,1,-1,1,1,-1,1,1,-1,0.008774809539318085
1,-1,1,1,-1,1,-1,-1,1,-1,1,-1,1,1,1,1,1,1,0.009259670972824097
1,-1,1,1,-1,1,-1,-1,1,-1,1,1,-1,-1,-1,1,-1,-1,0.007992027327418327
1,-1,1,1,-1,1,-1,-1,1,-1,1,1,-1,-1,1,-1,-1,1,0.009170853532850742
1,-1,1,1,-1,1,-1,-1,1,-1,1,1,-1,1,-1,-1,1,1,0.008804429322481155
1,-1,1,1,-1,1,-1,-1,1,-1,1,1,1,-1,-1,1,-1,1,0.008689145557582378
1,-1,1,1,-1,1,-1,-1,1,1,-1,-1,-1,-1,-1,-1,1,1,0.008795390836894512
1,-1,1,1,-1,1,-1,-1,1,1,-1,-1,1,-1,1,-1,-1,-1,0.009076710790395737
1,-1,1,1,-1,1,-1,-1,1,1,-1,-1,1,1,-1,-1,1,1,0.009000899270176888
1,-1,1,1,-1,1,-1,-1,1,1,-1,1,-1,-1,-1,-1,-1,-1,0.007933443412184715
1,-1,1,1,-1,1,-1,-1,1,1,-1,1,-1,-1,-1,-1,-1,1,0.008233312517404556
1,-1,1,1,-1,1,-1,-1,1,1,-1,1,-1,-1,-1,1,-1,-1,0.007233540061861277
1,-1,1,1,-1,1,-1,-1,1,1,-1,1,1,-1,1,-1,1,-1,0.008596726693212986
1,-1,1,1,-1,1,-1,-1,1,1,-1,1,1,1,-1,-1,-1,1,0.008423625491559505
1,-1,1,1,-1,1,-1,-1,1,1,1,-1,-1,-1,1,-1,-1,-1,0.008650708012282848
1,-1,1,1,-1,1,-1,-1,1,1,1,-1,1,-1,-1,1,1,1,0.00849105603992939
1,-1,1,1,-1,1,-1,-1,1,1,1,-1,1,1,-1,-1,1,-1,0.008696727454662323
1,-1,1,1,-1,1,-1,-1,1,1,1,-1,1,1,-1,1,1,1,0.008293376304209232
1,-1,1,1,-1,1,-1,-1,1,1,1,1,-1,-1,-1,-1,1,-1,0.00796390138566494
1,-1,1,1,-1,1,-1,-1,1,1,1,1,-1,1,-1,1,-1,1,0.007300341036170721
1,-1,1,1,-1,1,-1,-1,1,1,1,1,-1,1,1,1,1,-1,0.007260567974299192
1,-1,1,1,-1,1,-1,1,-1,-1,-1,-1,-1,-1,1,1,-1,1,0.009033207781612873
1,-1,1,1,-1,1,-1,1,-1,-1,-1,-1,-1,1,-1,-1,-1,1,0.009310792200267315
1,-1,1,1,-1,1,-1,1,-1,-1,-1,-1,1,-1,1,-1,1,-1,0.009887080639600754
1,-1,1,1,-1,1,-1,1,-1,-1,-1,1,-1,1,-1,1,1,-1,0.007836975157260895
1,-1,1,1,-1,1,-1,1,-1,-1,1,-1,-1,-1,1,-1,-1,-1,0.009422999806702137
1,-1,1,1,-1,1,-1,1,-1,-1,1,-1,-1,1,1,1,-1,-1,0.008512843400239944
1,-1,1,1,-1,1,-1,1,-1,-1,1,-1,1,-1,-1,1,1,-1,0.008970114402472973
1,-1,1,1,-1,1,-1,1,-1,-1,1,1,1,-1,1,-1,-1,-1,0.009296247735619545
1,-1,1,1,-1,1,-1,1,-1,-1,1,1,1,-1,1,-1,-1,1,0.009571665897965431
1,-1,1,1,-1,1,-1,1,-1,1,-1,-1,1,1,-1,1,-1,-1,0.007966612465679646
1,-1,1,1,-1,1,-1,1,-1,1,-1,1,-1,-1,-1,-1,-1,1,0.008221681229770184
1,-1,1,1,-1,1,-1,1,-1,1,-1,1,-1,-1,1,-1,-1,1,0.008421868085861206
1,-1,1,1,-1,1,-1,1,-1,1,-1,1,-1,1,-1,-1,1,-1,0.007774088531732559
1,-1,1,1,-1,1,-1,1,-1,1,-1,1,1,-1,-1,-1,-1,1,0.008628185838460922
1,-1,1,1,-1,1,-1,1,-1,1,-1,1,1,-1,1,-1,1,-1,0.008581778034567833
1,-1,1,1,-1,1,-1,1,-1,1,1,-1,1,-1,-1,1,-1,-1,0.008150733076035976
1,-1,1,1,-1,1,-1,1,-1,1,1,-1,1,-1,1,1,1,-1,0.008398255333304405
1,-1,1,1,-1,1,-1,1,-1,1,1,-1,1,1,-1,-1,-1,-1,0.008637761697173119
1,-1,1,1,-1,1,-1,1,-1,1,1,1,-1,1,-1,1,-1,1,0.007297966163605452
1,-1,1,1,-1,1,-1,1,1,-1,-1,1,-1,1,-1,-1,-1,1,0.008844692260026932
1,-1,1,1,-1,1,-1,1,1,-1,1,-1,-1,1,1,-1,-1,1,0.009552699513733387
1,-1,1,1,-1,1,-1,1,1,-1,1,-1,1,1,-1,-1,1,-1,0.009509104304015636
1,-1,1,1,-1,1,-1,1,1,-1,1,1,-1,-1,1,1,-1,1,0.00854760967195034
1,-1,1,1,-1,1,-1,1,1,-1,1,1,-1,1,-1,-1,1,1,0.00885995477437973
1,-1,1,1,-1,1,-1,1,1,-1,1,1,1,-1,-1,1,-1,-1,0.008450740948319435
1,-1,1,1,-1,1,-1,1,1,-1,1,1,1,1,-1,1,1,1,0.008581752888858318
1,-1,1,1,-1,1,-1,1,1,1,-1,-1,-1,-1,1,1,-1,-1,0.00803176686167717
1,-1,1,1,-1,1,-1,1,1,1,-1,-1,1,1,1,-1,1,1,0.00925992988049984
1,-1,1,1,-1,1,-1,1,1,1,-1,1,-1,-1,-1,-1,1,1,0.008317659609019756
1,-1,1,1,-1,1,-1,1,1,1,-1,1,-1,1,-1,-1,1,1,0.008119980804622173
1,-1,1,1,-1,1,-1,1,1,1,-1,1,1,1,1,-1,1,1,0.008720734156668186
1,-1,1,1,-1,1,-1,1,1,1,1,-1,-1,1,-1,-1,-1,-1,0.008292474783957005
1,-1,1,1,-1,1,-1,1,1,1,1,-1,-1,1,1,1,-1,1,0.008092628791928291
1,-1,1,1,-1,1,-1,1,1,1,1,1,-1,-1,1,1,1,1,0.007819580845534801
1,-1,1,1,-1,1,-1,1,1,1,1,1,1,-1,-1,-1,1,1,0.008707288652658463
1,-1,1,1,-1,1,-1,1,1,1,1,1,1,-1,1,1,-1,-1,0.0078762611374259
1,-1,1,1,-1,1,-1,1,1,1,1,1,1,1,1,1,-1,-1,0.007684520445764065
1,-1,1,1,-1,1,1,-1,-1,-1,-1,-1,-1,-1,1,-1,1,-1,0.010128168389201164
1,-1,1,1,-1,1,1,-1,-1,-1,-1,1,-1,1,-1,1,-1,1,0.008731164038181305
1,-1,1,1,-1,1,1,-1,-1,-1,-1,1,1,-1,-1,-1,1,-1,0.00979791209101677
1,-1,1,1,-1,1,1,-1,-1,-1,-1,1,1,1,-1,-1,1,1,0.009884906932711601
1,-1,1,1,-1,1,1,-1,-1,-1,-1,1,1,1,1,1,1,1,0.00939444825053215
1,-1,1,1,-1,1,1,-1,-1,-1,1,1,-1,-1,-1,1,1,1,0.008965239860117435
1,-1,1,1,-1,1,1,-1,-1,-1,1,1,1,-1,-1,1,1,-1,0.009081132709980011
1,-1,1,1,-1,1,1,-1,-1,-1,1,1,1,-1,1,1,-1,-1,0.009234681725502014
1,-1,1,1,-1,1,1,-1,-1,-1,1,1,1,1,1,-1,1,1,0.010062279179692268
1,-1,1,1,-1,1,1,-1,-1,1,-1,-1,1,1,-1,-1,1,-1,0.0093462485820055
1,-1,1,1,-1,1,1,-1,-1,1,-1,-1,1,1,1,-1,1,1,0.00984962284564972
1,-1,1,1,-1,1,1,-1,-1,1,-1,1,-1,-1,1,1,-1,1,0.008369559422135353
1,-1,1,1,-1,1,1,-1,-1,1,1,-1,-1,1,-1,-1,1,-1,0.008919897023588419
1,-1,1,1,-1,1,1,-1,-1,1,1,1,-1,-1,1,1,1,-1,0.008106086403131485
1,-1,1,1,-1,1,1,-1,-1,1,1,1,1,1,-1,-1,1,1,0.009090045467019081
1,-1,1,1,-1,1,1,-1,-1,1,1,1,1,1,-1,1,-1,1,0.008350405842065811
1,-1,1,1,-1,1,1,-1,1,-1,-1,1,-1,-1,1,1,1,1,0.00924684014171362
1,-1,1,1,-1,1,1,-1,1,-1,-1,1,-1,1,-1,1,-1,-1,0.008507708087563515
1,-1,1,1,-1,1,1,-1,1,-1,-1,1,-1,1,1,1,-1,1,0.009011083282530308
1,-1,1,1,-1,1,1,-1,1,-1,-1,1,1,-1,1,1,1,1,0.009653345681726933
1,-1,1,1,-1,1,1,-1,1,-1,1,1,-1,-1,1,1,-1,-1,0.008904590271413326
1,-1,1,1,-1,1,1,-1,1,1,-1,-1,-1,-1,1,-1,-1,-1,0.009367384947836399
1,-1,1,1,-1,1,1,-1,1,1,-1,-1,1,-1,-1,-1,1,1,0.009914271533489227
1,-1,1,1,-1,1,1,-1,1,1,-1,-1,1,-1,-1,1,-1,1,0.009167034178972244
1,-1,1,1,-1,1,1,-1,1,1,-1,-1,1,-1,-1,1,1,1,0.009216990321874619
1,-1,1,1,-1,1,1,-1,1,1,-1,-1,1,1,-1,-1,-1,1,0.009660000912845135
1,-1,1,1,-1,1,1,-1,1,1,-1,1,-1,-1,-1,-1,1,-1,0.008689835667610168
1,-1,1,1,-1,1,1,-1,1,1,-1,1,-1,-1,-1,1,1,-1,0.007986614480614662
1,-1,1,1,-1,1,1,-1,1,1,-1,1,-1,1,1,-1,1,-1,0.008671209216117859
1,-1,1,1,-1,1,1,-1,1,1,-1,1,1,-1,-1,1,1,-1,0.008387181907892227
1,-1,1,1,-1,1,1,-1,1,1,1,-1,-1,-1,-1,-1,1,-1,0.009191020391881466
1,-1,1,1,-1,1,1,-1,1,1,1,-1,-1,-1,1,1,-1,-1,0.00865060556679964
1,-1,1,1,-1,1,1,-1,1,1,1,-1,-1,1,-1,-1,1,-1,0.00898740254342556
1,-1,1,1,-1,1,1,-1,1,1,1,-1,-1,1,1,1,-1,-1,0.008449608460068703
1,-1,1,1,-1,1,1,-1,1,1,1,-1,1,-1,-1,1,1,-1,0.008906879462301731
1,-1,1,1,-1,1,1,-1,1,1,1,-1,1,1,1,-1,-1,-1,0.009559334255754948
1,-1,1,1,-1,1,1,-1,1,1,1,1,1,-1,-1,-1,-1,-1,0.0090295085683465
1,-1,1,1,-1,1,1,-1,1,1,1,1,1,1,-1,1,1,1,0.008453981950879097
1,-1,1,1,-1,1,1,1,-1,-1,-1,-1,-1,1,-1,1,-1,1,0.009335142560303211
1,-1,1,1,-1,1,1,1,-1,-1,-1,-1,1,-1,-1,1,-1,1,0.009939325973391533
1,-1,1,1,-1,1,1,1,-1,-1,-1,1,-1,-1,1,1,-1,1,0.009206387214362621
1,-1,1,1,-1,1,1,1,-1,-1,1,-1,-1,-1,-1,1,-1,1,0.00951332412660122
1,-1,1,1,-1,1,1,1,-1,-1,1,-1,-1,-1,1,1,1,-1,0.009460976347327232
1,-1,1,1,-1,1,1,1,-1,-1,1,-1,-1,1,-1,-1,-1,-1,0.009715678170323372
1,-1,1,1,-1,1,1,1,-1,-1,1,1,-1,-1,-1,-1,1,1,0.009723986499011517
1,-1,1,1,-1,1,1,1,-1,-1,1,1,-1,1,-1,1,1,-1,0.00853247381746769
1,-1,1,1,-1,1,1,1,-1,-1,1,1,1,1,-1,-1,1,-1,0.009632943198084831
1,-1,1,1,-1,1,1,1,-1,1,-1,-1,-1,1,1,-1,1,1,0.009504581801593304
1,-1,1,1,-1,1,1,1,-1,1,1,-1,-1,1,-1,-1,-1,1,0.009228305891156197
1,-1,1,1,-1,1,1,1,-1,1,1,-1,1,-1,1,-1,-1,1,0.01003599539399147
1,-1,1,1,-1,1,1,1,-1,1,1,-1,1,1,-1,1,-1,-1,0.008646916598081589
1,-1,1,1,-1,1,1,1,-1,1,1,1,1,-1,1,1,-1,1,0.008818031288683414
1,-1,1,1,-1,1,1,1,-1,1,1,1,1,-1,1,1,1,-1,0.008568117395043373
1,-1,1,1,-1,1,1,1,-1,1,1,1,1,1,-1,-1,-1,-1,0.008801684714853764
1,-1,1,1,-1,1,1,1,1,-1,-1,-1,1,-1,-1,-1,-1,-1,0.010407214052975178
1,-1,1,1,-1,1,1,1,1,-1,-1,-1,1,1,-1,-1,-1,-1,0.010200277902185917
1,-1,1,1,-1,1,1,1,1,-1,-1,1,-1,-1,-1,1,-1,-1,0.00877016969025135
1,-1,1,1,-1,1,1,1,1,-1,-1,1,-1,-1,-1,1,1,-1,0.008817504160106182
1,-1,1,1,-1,1,1,1,1,-1,-1,1,1,1,-1,-1,-1,-1,0.009672959335148335
1,-1,1,1,-1,1,1,1,1,-1,-1,1,1,1,-1,1,1,-1,0.009017073549330235
1,-1,1,1,-1,1,1,1,1,-1,1,-1,-1,1,-1,1,-1,-1,0.009067736566066742
1,-1,1,1,-1,1,1,1,1,-1,1,-1,1,-1,-1,1,-1,-1,0.009681177325546741
1,-1,1,1,-1,1,1,1,1,-1,1,-1,1,1,-1,1,1,1,0.009808871895074844
1,-1,1,1,-1,1,1,1,1,-1,1,1,-1,1,-1,-1,-1,1,0.009519056417047977
1,-1,1,1,-1,1,1,1,1,-1,1,1,1,-1,1,-1,-1,-1,0.010060585103929043
1,-1,1,1,-1,1,1,1,1,-1,1,1,1,1,-1,-1,-1,-1,0.009634949266910553
1,-1,1,1,-1,1,1,1,1,-1,1,1,1,1,-1,-1,1,1,0.00997551716864109
1,-1,1,1,-1,1,1,1,1,1,-1,-1,-1,-1,-1,-1,1,1,0.009559974074363708
1,-1,1,1,-1,1,1,1,1,1,-1,1,1,1,-1,1,1,-1,0.008235771209001541
1,-1,1,1,-1,1,1,1,1,1,-1,1,1,1,1,-1,-1,1,0.009385774843394756
1,-1,1,1,-1,1,1,1,1,1,-1,1,1,1,1,-1,1,-1,0.009148435667157173
1,-1,1,1,-1,1,1,1,1,1,1,-1,-1,-1,-1,-1,-1,1,0.009502398781478405
1,-1,1,1,-1,1,1,1,1,1,1,-1,1,1,-1,1,-1,1,0.008998746983706951
1,-1,1,1,-1,1,1,1,1,1,1,-1,1,1,1,1,1,1,0.009240331128239632
1,-1,1,1,-1,1,1,1,1,1,1,1,-1,-1,-1,1,-1,-1,0.007984564639627934
1,-1,1,1,-1,1,1,1,1,1,1,1,-1,1,-1,1,1,1,0.008112259209156036
1,-1,1,1,-1,1,1,1,1,1,1,1,-1,1,1,-1,-1,-1,0.008675098419189453
1,-1,1,1,1,-1,-1,-1,-1,-1,-1,-1,-1,-1,1,1,1,1,0.009022398851811886
1,-1,1,1,1,-1,-1,-1,-1,-1,-1,-1,-1,1,-1,-1,-1,1,0.009267844259738922
1,-1,1,1,1,-1,-1,-1,-1,-1,-1,-1,1,1,1,-1,-1,-1,0.009577984921634197
1,-1,1,1,1,-1,-1,-1,-1,-1,1,-1,-1,-1,1,-1,1,-1,0.009399617090821266
1,-1,1,1,1,-1,-1,-1,-1,-1,1,-1,1,1,-1,1,-1,1,0.0089483130723238
1,-1,1,1,1,-1,-1,-1,-1,1,-1,-1,-1,-1,-1,-1,1,-1,0.008446880616247654
1,-1,1,1,1,-1,-1,-1,-1,1,-1,-1,-1,-1,1,-1,1,-1,0.00865964312106371
1,-1,1,1,1,-1,-1,-1,-1,1,-1,-1,1,1,-1,1,-1,1,0.008199081756174564
1,-1,1,1,1,-1,-1,-1,-1,1,-1,1,-1,-1,1,1,1,1,0.0077078393660485744
1,-1,1,1,1,-1,-1,-1,-1,1,1,-1,-1,-1,1,1,-1,-1,0.007889589294791222
1,-1,1,1,1,-1,-1,-1,-1,1,1,-1,-1,1,-1,1,-1,1,0.007773079443722963
1,-1,1,1,1,-1,-1,-1,-1,1,1,-1,-1,1,1,-1,-1,-1,0.008385874330997467
1,-1,1,1,1,-1,-1,-1,-1,1,1,-1,-1,1,1,1,1,-1,0.007726671174168587
1,-1,1,1,1,-1,-1,-1,-1,1,1,-1,1,-1,-1,-1,-1,-1,0.008786553516983986
1,-1,1,1,1,-1,-1,-1,-1,1,1,-1,1,-1,-1,1,-1,-1,0.00810184609144926
1,-1,1,1,1,-1,-1,-1,-1,1,1,-1,1,-1,1,1,1,-1,0.008334172889590263
1,-1,1,1,1,-1,-1,-1,-1,1,1,1,-1,-1,1,-1,1,-1,0.008097631856799126
1,-1,1,1,1,-1,-1,-1,-1,1,1,1,1,-1,-1,-1,1,-1,0.008291374891996384
1,-1,1,1,1,-1,-1,-1,1,-1,-1,-1,1,1,-1,1,-1,-1,0.008741733618080616
1,-1,1,1,1,-1,-1,-1,1,-1,-1,-1,1,1,-1,1,-1,1,0.009041603654623032
1,-1,1,1,1,-1,-1,-1,1,-1,-1,1,-1,1,-1,-1,1,1,0.008830565959215164
1,-1,1,1,1,-1,-1,-1,1,-1,-1,1,1,-1,-1,-1,1,-1,0.009153394028544426
1,-1,1,1,1,-1,-1,-1,1,-1,-1,1,1,1,-1,1,-1,-1,0.008208476938307285
1,-1,1,1,1,-1,-1,-1,1,-1,-1,1,1,1,1,1,-1,1,0.0087025947868824
1,-1,1,1,1,-1,-1,-1,1,-1,1,-1,-1,-1,1,-1,1,1,0.009754765778779984
1,-1,1,1,1,-1,-1,-1,1,-1,1,-1,-1,1,-1,-1,-1,1,0.00929105095565319
1,-1,1,1,1,-1,-1,-1,1,-1,1,-1,-1,1,1,1,-1,-1,0.008509979583323002
1,-1,1,1,1,-1,-1,-1,1,-1,1,1,-1,1,1,-1,-1,1,0.008976494893431664
1,-1,1,1,1,-1,-1,-1,1,1,-1,-1,1,1,1,-1,-1,-1,0.008861217647790909
1,-1,1,1,1,-1,-1,-1,1,1,1,-1,1,-1,1,1,1,1,0.008691943250596523
1,-1,1,1,1,-1,-1,-1,1,1,1,-1,1,1,1,-1,1,-1,0.008888358250260353
1,-1,1,1,1,-1,-1,-1,1,1,1,1,1,-1,-1,1,1,-1,0.007673824671655893
1,-1,1,1,1,-1,-1,-1,1,1,1,1,1,-1,1,-1,1,1,0.008861906826496124
1,-1,1,1,1,-1,-1,1,-1,-1,-1,1,-1,1,-1,-1,1,1,0.008834129199385643
1,-1,1,1,1,-1,-1,1,-1,-1,-1,1,1,-1,1,-1,1,1,0.009645137004554272
1,-1,1,1,1,-1,-1,1,-1,-1,-1,1,1,1,1,-1,-1,1,0.009384927339851856
1,-1,1,1,1,-1,-1,1,-1,-1,-1,1,1,1,1,-1,1,-1,0.00913833174854517
1,-1,1,1,1,-1,-1,1,-1,-1,-1,1,1,1,1,1,1,-1,0.00845030602067709
1,-1,1,1,1,-1,-1,1,-1,-1,1,-1,-1,-1,1,1,1,1,0.009061047807335854
1,-1,1,1,1,-1,-1,1,-1,-1,1,-1,-1,1,1,-1,1,1,0.009548076428472996
1,-1,1,1,1,-1,-1,1,-1,-1,1,1,1,-1,-1,-1,1,1,0.009424755349755287
1,-1,1,1,1,-1,-1,1,-1,-1,1,1,1,-1,1,1,1,-1,0.008637744933366776
1,-1,1,1,1,-1,-1,1,-1,1,-1,-1,1,-1,-1,1,1,1,0.00851481780409813
1,-1,1,1,1,-1,-1,1,-1,1,-1,-1,1,1,-1,-1,-1,-1,0.008652020245790482
1,-1,1,1,1,-1,-1,1,-1,1,1,-1,-1,-1,1,-1,1,-1,0.008692353032529354
1,-1,1,1,1,-1,-1,1,-1,1,1,1,-1,1,-1,1,-1,-1,0.00700473552569747
1,-1,1,1,1,-1,-1,1,-1,1,1,1,1,-1,-1,-1,1,1,0.008652709424495697
1,-1,1,1,1,-1,-1,1,-1,1,1,1,1,-1,-1,1,-1,1,0.00790547113865614
1,-1,1,1,1,-1,-1,1,1,-1,-1,-1,-1,-1,-1,-1,1,-1,0.009335670620203018
1,-1,1,1,1,-1,-1,1,1,-1,-1,-1,-1,-1,1,-1,1,-1,0.009539175778627396
1,-1,1,1,1,-1,-1,1,1,-1,-1,-1,-1,1,-1,1,-1,-1,0.008390754461288452
1,-1,1,1,1,-1,-1,1,1,-1,-1,-1,1,-1,1,-1,-1,1,0.010192276909947395
1,-1,1,1,1,-1,-1,1,1,-1,-1,1,-1,-1,-1,-1,-1,1,0.009058266878128052
1,-1,1,1,1,-1,-1,1,1,-1,-1,1,-1,-1,1,-1,-1,1,0.00926177203655243
1,-1,1,1,1,-1,-1,1,1,-1,-1,1,-1,1,-1,1,-1,1,0.008142171427607536
1,-1,1,1,1,-1,-1,1,1,-1,1,-1,-1,-1,-1,-1,1,-1,0.009316173382103443
1,-1,1,1,1,-1,-1,1,1,-1,1,-1,-1,1,-1,-1,-1,1,0.009355833753943443
1,-1,1,1,1,-1,-1,1,1,-1,1,-1,1,-1,1,1,1,-1,0.009232220239937305
1,-1,1,1,1,-1,-1,1,1,-1,1,-1,1,1,-1,1,1,-1,0.008821778930723667
1,-1,1,1,1,-1,-1,1,1,-1,1,1,-1,1,1,-1,1,1,0.009060841985046864
1,-1,1,1,1,-1,-1,1,1,-1,1,1,1,-1,1,1,-1,1,0.008942240849137306
1,-1,1,1,1,-1,-1,1,1,1,-1,-1,-1,-1,1,1,1,1,0.008363778702914715
1,-1,1,1,1,-1,-1,1,1,1,-1,-1,-1,1,-1,1,1,-1,0.007662725169211626
1,-1,1,1,1,-1,-1,1,1,1,1,-1,-1,1,1,1,-1,1,0.008090010844171047
1,-1,1,1,1,-1,-1,1,1,1,1,1,-1,-1,-1,-1,-1,1,0.008254148066043854
1,-1,1,1,1,-1,-1,1,1,1,1,1,-1,1,-1,1,1,1,0.0073972661048173904
1,-1,1,1,1,-1,-1,1,1,1,1,1,1,-1,1,1,1,-1,0.007917660288512707
1,-1,1,1,1,-1,-1,1,1,1,1,1,1,1,1,-1,-1,-1,0.008360670879483223
1,-1,1,1,1,-1,1,-1,-1,-1,-1,-1,-1,1,-1,-1,-1,1,0.009965023957192898
1,-1,1,1,1,-1,1,-1,-1,-1,-1,-1,-1,1,1,-1,1,-1,0.009918615221977234
1,-1,1,1,1,-1,1,-1,-1,-1,-1,-1,1,-1,1,-1,-1,1,0.010778652504086494
1,-1,1,1,1,-1,1,-1,-1,-1,-1,-1,1,1,1,1,1,-1,0.009634474292397499
1,-1,1,1,1,-1,1,-1,-1,-1,-1,1,1,-1,1,-1,-1,-1,0.009958100505173206
1,-1,1,1,1,-1,1,-1,-1,-1,1,-1,-1,1,-1,-1,1,1,0.00998622551560402
1,-1,1,1,1,-1,1,-1,-1,-1,1,-1,1,-1,-1,1,-1,1,0.009852428920567036
1,-1,1,1,1,-1,1,-1,-1,-1,1,-1,1,1,-1,-1,1,1,0.010389412753283978
1,-1,1,1,1,-1,1,-1,-1,-1,1,1,-1,1,1,-1,-1,1,0.009612456895411015
1,-1,1,1,1,-1,1,-1,-1,1,-1,-1,1,-1,1,1,-1,-1,0.009022029116749763
1,-1,1,1,1,-1,1,-1,-1,1,-1,1,-1,-1,1,-1,-1,-1,0.008785488083958626
1,-1,1,1,1,-1,1,-1,-1,1,-1,1,1,1,-1,-1,1,1,0.00911618210375309
1,-1,1,1,1,-1,1,-1,-1,1,1,-1,-1,-1,1,1,1,-1,0.008640043437480927
1,-1,1,1,1,-1,1,-1,-1,1,1,1,-1,-1,-1,-1,1,-1,0.008597245439887047
1,-1,1,1,1,-1,1,-1,-1,1,1,1,-1,-1,-1,1,1,-1,0.007909219712018967
1,-1,1,1,1,-1,1,-1,-1,1,1,1,-1,1,-1,1,-1,-1,0.0076490105129778385
1,-1,1,1,1,-1,1,-1,-1,1,1,1,-1,1,1,-1,1,1,0.00888110976666212
1,-1,1,1,1,-1,1,-1,-1,1,1,1,1,1,1,-1,-1,1,0.009243598207831383
1,-1,1,1,1,-1,1,-1,1,-1,-1,-1,-1,1,-1,-1,-1,1,0.01001698523759842
1,-1,1,1,1,-1,1,-1,1,-1,-1,-1,1,1,1,-1,-1,1,0.010642191395163536
1,-1,1,1,1,-1,1,-1,1,-1,-1,1,-1,-1,-1,-1,1,1,0.009749876335263252
1,-1,1,1,1,-1,1,-1,1,-1,-1,1,-1,-1,1,-1,1,1,0.009947443380951881
1,-1,1,1,1,-1,1,-1,1,-1,-1,1,1,1,-1,1,-1,1,0.009202208369970322
1,-1,1,1,1,-1,1,-1,1,-1,1,-1,-1,1,1,1,1,-1,0.009257115423679352
1,-1,1,1,1,-1,1,-1,1,-1,1,-1,-1,1,1,1,1,1,0.009556984528899193
1,-1,1,1,1,-1,1,-1,1,-1,1,-1,1,-1,-1,-1,1,-1,0.010361014865338802
1,-1,1,1,1,-1,1,-1,1,-1,1,-1,1,1,-1,-1,-1,-1,0.010125258006155491
1,-1,1,1,1,-1,1,-1,1,-1,1,-1,1,1,-1,-1,1,-1,0.010160017758607864
1,-1,1,1,1,-1,1,-1,1,-1,1,1,-1,1,1,1,1,-1,0.008739054203033447
1,-1,1,1,1,-1,1,-1,1,-1,1,1,1,1,1,1,-1,-1,0.009086346253752708
1,-1,1,1,1,-1,1,-1,1,1,-1,-1,-1,-1,-1,-1,1,1,0.009511088021099567
1,-1,1,1,1,-1,1,-1,1,1,-1,-1,1,-1,-1,-1,-1,1,0.009864319115877151
1,-1,1,1,1,-1,1,-1,1,1,-1,-1,1,-1,-1,-1,1,-1,0.009617723524570465
1,-1,1,1,1,-1,1,-1,1,1,-1,-1,1,1,-1,1,-1,-1,0.00867612473666668
1,-1,1,1,1,-1,1,-1,1,1,-1,1,-1,-1,1,-1,-1,-1,0.008837449364364147
1,-1,1,1,1,-1,1,-1,1,1,-1,1,-1,-1,1,1,-1,-1,0.008137546479701996
1,-1,1,1,1,-1,1,-1,1,1,-1,1,1,-1,1,1,1,-1,0.008594007231295109
1,-1,1,1,1,-1,1,-1,1,1,1,-1,-1,-1,-1,1,1,-1,0.008497755974531174
1,-1,1,1,1,-1,1,-1,1,1,1,-1,1,-1,-1,-1,1,1,0.009894777089357376
1,-1,1,1,1,-1,1,-1,1,1,1,-1,1,1,-1,1,-1,-1,0.00865330919623375
1,-1,1,1,1,-1,1,-1,1,1,1,-1,1,1,1,1,-1,-1,0.008856814354658127
1,-1,1,1,1,-1,1,-1,1,1,1,1,-1,1,1,1,-1,1,0.00820766482502222
1,-1,1,1,1,-1,1,1,-1,-1,-1,-1,-1,1,-1,1,1,1,0.009370602667331696
1,-1,1,1,1,-1,1,1,-1,-1,-1,-1,1,-1,-1,1,1,1,0.009974787011742592
1,-1,1,1,1,-1,1,1,-1,-1,-1,1,-1,-1,-1,-1,-1,1,0.009694228880107403
1,-1,1,1,1,-1,1,1,-1,-1,-1,1,-1,-1,1,-1,-1,-1,0.00961305946111679
1,-1,1,1,1,-1,1,1,-1,-1,-1,1,-1,1,1,1,-1,1,0.00900277215987444
1,-1,1,1,1,-1,1,1,-1,-1,-1,1,1,-1,-1,-1,-1,-1,0.009810120798647404
1,-1,1,1,1,-1,1,1,-1,-1,1,-1,1,-1,-1,-1,-1,1,0.010607857257127762
1,-1,1,1,1,-1,1,1,-1,-1,1,1,-1,-1,1,-1,1,1,0.00992487370967865
1,-1,1,1,1,-1,1,1,-1,-1,1,1,1,1,-1,-1,1,-1,0.009624386206269264
1,-1,1,1,1,-1,1,1,-1,1,-1,-1,-1,-1,-1,-1,-1,1,0.009446182288229465
1,-1,1,1,1,-1,1,1,-1,1,-1,-1,-1,-1,-1,1,-1,1,0.008761475794017315
1,-1,1,1,1,-1,1,1,-1,1,-1,1,-1,-1,1,1,-1,-1,0.00814111065119505
1,-1,1,1,1,-1,1,1,-1,1,-1,1,-1,1,-1,-1,1,-1,0.00846533291041851
1,-1,1,1,1,-1,1,1,-1,1,-1,1,-1,1,1,1,-1,1,0.008230726234614849
1,-1,1,1,1,-1,1,1,-1,1,1,-1,-1,-1,-1,-1,1,-1,0.009176771156489849
1,-1,1,1,1,-1,1,1,-1,1,1,-1,-1,1,-1,-1,1,-1,0.008979092352092266
1,-1,1,1,1,-1,1,1,-1,1,1,1,-1,-1,1,1,-1,1,0.008405590429902077
1,-1,1,1,1,-1,1,1,-1,1,1,1,-1,-1,1,1,1,-1,0.00815899483859539
1,-1,1,1,1,-1,1,1,-1,1,1,1,-1,1,-1,1,1,-1,0.00775187136605382
1,-1,1,1,1,-1,1,1,-1,1,1,1,-1,1,1,1,-1,-1,0.007911359891295433
1,-1,1,1,1,-1,1,1,-1,1,1,1,1,-1,-1,-1,1,1,0.009346570819616318
1,-1,1,1,1,-1,1,1,-1,1,1,1,1,-1,-1,1,1,1,0.00865260697901249
1,-1,1,1,1,-1,1,1,1,-1,-1,-1,-1,-1,1,1,-1,1,0.00980418361723423
1,-1,1,1,1,-1,1,1,1,-1,-1,-1,-1,-1,1,1,1,1,0.009848200716078281
1,-1,1,1,1,-1,1,1,1,-1,-1,-1,-1,1,1,1,-1,-1,0.009291439317166805
1,-1,1,1,1,-1,1,1,1,-1,1,-1,-1,-1,-1,-1,-1,1,0.010271826758980751
1,-1,1,1,1,-1,1,1,1,-1,1,-1,-1,-1,1,1,-1,-1,0.009475559927523136
1,-1,1,1,1,-1,1,1,1,-1,1,1,1,-1,1,1,1,-1,0.009392824955284595
1,-1,1,1,1,-1,1,1,1,-1,1,1,1,1,1,1,1,-1,0.00920108426362276
1,-1,1,1,1,-1,1,1,1,1,-1,-1,-1,-1,-1,-1,1,-1,0.009260805323719978
1,-1,1,1,1,-1,1,1,1,1,-1,-1,-1,1,-1,-1,-1,-1,0.009009852074086666
1,-1,1,1,1,-1,1,1,1,1,-1,-1,-1,1,1,1,1,-1,0.00857266690582037
1,-1,1,1,1,-1,1,1,1,1,-1,1,-1,1,1,1,1,1,0.008330022916197777
1,-1,1,1,1,-1,1,1,1,1,-1,1,1,-1,1,1,1,1,0.008934207260608673
1,-1,1,1,1,-1,1,1,1,1,1,-1,-1,1,-1,-1,1,1,0.009330923669040203
1,-1,1,1,1,-1,1,1,1,1,1,-1,1,1,-1,-1,-1,1,0.009684154763817787
1,-1,1,1,1,-1,1,1,1,1,1,1,-1,-1,-1,1,-1,1,0.008272560313344002
1,-1,1,1,1,-1,1,1,1,1,1,1,-1,1,1,-1,1,-1,0.00871649757027626
1,-1,1,1,1,-1,1,1,1,1,1,1,1,-1,-1,1,1,-1,0.008426530286669731
1,-1,1,1,1,-1,1,1,1,1,1,1,1,1,1,-1,-1,1,0.009354403242468834
1,-1,1,1,1,1,-1,-1,-1,-1,-1,-1,-1,-1,-1,1,-1,1,0.0089382603764534
1,-1,1,1,1,1,-1,-1,-1,-1,-1,1,-1,-1,1,-1,1,1,0.00935111753642559
1,-1,1,1,1,1,-1,-1,-1,-1,-1,1,-1,1,1,-1,1,1,0.009128986857831478
1,-1,1,1,1,1,-1,-1,-1,-1,-1,1,1,-1,-1,-1,-1,-1,0.009219488129019737
1,-1,1,1,1,1,-1,-1,-1,-1,-1,1,1,1,1,1,1,1,0.008841527625918388
1,-1,1,1,1,1,-1,-1,-1,-1,1,-1,-1,-1,1,1,1,-1,0.008867725729942322
1,-1,1,1,1,1,-1,-1,-1,-1,1,-1,-1,1,-1,-1,1,-1,0.00916050560772419
1,-1,1,1,1,1,-1,-1,-1,-1,1,-1,1,1,-1,-1,1,1,0.009851684793829918
1,-1,1,1,1,1,-1,-1,-1,-1,1,-1,1,1,1,-1,-1,1,0.010011172853410244
1,-1,1,1,1,1,-1,-1,-1,-1,1,1,1,-1,1,-1,-1,1,0.009690790437161922
1,-1,1,1,1,1,-1,-1,-1,1,-1,-1,-1,-1,-1,-1,-1,1,0.00884961150586605
1,-1,1,1,1,1,-1,-1,-1,1,-1,-1,-1,-1,1,1,-1,-1,0.008083734661340714
1,-1,1,1,1,1,-1,-1,-1,1,-1,1,-1,-1,-1,1,-1,-1,0.0073410337790846825
1,-1,1,1,1,1,-1,-1,-1,1,-1,1,1,-1,-1,1,1,-1,0.007797494996339083
1,-1,1,1,1,1,-1,-1,-1,1,-1,1,1,-1,1,-1,1,-1,0.008687366731464863
1,-1,1,1,1,1,-1,-1,1,-1,-1,-1,-1,-1,-1,1,1,-1,0.008748254738748074
1,-1,1,1,1,1,-1,-1,1,-1,-1,-1,1,1,-1,1,-1,1,0.009203676134347916
1,-1,1,1,1,1,-1,-1,1,-1,-1,1,1,-1,-1,-1,1,-1,0.00931546650826931
1,-1,1,1,1,1,-1,-1,1,-1,-1,1,1,-1,1,1,1,1,0.0091248769313097
1,-1,1,1,1,1,-1,-1,1,-1,-1,1,1,1,1,-1,-1,-1,0.00927133671939373
1,-1,1,1,1,1,-1,-1,1,-1,-1,1,1,1,1,1,-1,-1,0.008568116463720798
1,-1,1,1,1,1,-1,-1,1,-1,1,-1,-1,-1,-1,-1,1,1,0.009704077616333961
1,-1,1,1,1,1,-1,-1,1,-1,1,-1,1,-1,-1,1,1,1,0.009422557428479195
1,-1,1,1,1,1,-1,-1,1,-1,1,-1,1,1,-1,-1,1,1,0.009903647005558014
1,-1,1,1,1,1,-1,-1,1,-1,1,-1,1,1,1,1,-1,-1,0.0090785576030612
1,-1,1,1,1,1,-1,-1,1,-1,1,1,-1,-1,-1,1,1,-1,0.008192182518541813
1,-1,1,1,1,1,-1,-1,1,-1,1,1,1,-1,-1,-1,-1,1,0.009548503905534744
1,-1,1,1,1,1,-1,-1,1,-1,1,1,1,-1,1,-1,-1,1,0.009736813604831696
1,-1,1,1,1,1,-1,-1,1,-1,1,1,1,1,1,-1,-1,-1,0.009254460223019123
1,-1,1,1,1,1,-1,-1,1,-1,1,1,1,1,1,-1,-1,1,0.00954507291316986
1,-1,1,1,1,1,-1,-1,1,1,-1,-1,-1,-1,1,1,-1,1,0.008426309563219547
1,-1,1,1,1,1,-1,-1,1,1,-1,-1,1,1,1,1,-1,-1,0.008344522677361965
1,-1,1,1,1,1,-1,-1,1,1,-1,1,1,-1,-1,1,1,1,0.008134130388498306
1,-1,1,1,1,1,-1,-1,1,1,1,-1,-1,-1,1,1,-1,-1,0.008106942288577557
1,-1,1,1,1,1,-1,-1,1,1,1,-1,1,-1,1,-1,1,1,0.009557236917316914
1,-1,1,1,1,1,-1,-1,1,1,1,1,-1,-1,-1,1,1,1,0.007720005698502064
1,-1,1,1,1,1,-1,-1,1,1,1,1,-1,1,1,1,-1,1,0.00765736261382699
1,-1,1,1,1,1,-1,-1,1,1,1,1,1,-1,1,1,-1,1,0.008285999298095703
1,-1,1,1,1,1,-1,-1,1,1,1,1,1,1,1,1,1,1,0.00811714120209217
1,-1,1,1,1,1,-1,1,-1,-1,-1,-1,-1,-1,-1,-1,-1,1,0.009683121927082539
1,-1,1,1,1,1,-1,1,-1,-1,-1,-1,1,-1,1,1,-1,1,0.009599167853593826
1,-1,1,1,1,1,-1,1,-1,-1,-1,1,-1,-1,-1,1,-1,1,0.008449962362647057
1,-1,1,1,1,1,-1,1,-1,-1,-1,1,1,-1,-1,-1,1,-1,0.00930977426469326
1,-1,1,1,1,1,-1,1,-1,-1,1,-1,-1,-1,1,1,-1,-1,0.008873295970261097
1,-1,1,1,1,1,-1,1,-1,1,-1,-1,-1,-1,1,1,-1,-1,0.00813332200050354
1,-1,1,1,1,1,-1,1,-1,1,-1,-1,1,-1,-1,-1,1,1,0.009364916011691093
1,-1,1,1,1,1,-1,1,-1,1,-1,1,-1,1,1,-1,-1,1,0.008374388329684734
1,-1,1,1,1,1,-1,1,-1,1,-1,1,1,-1,-1,-1,1,-1,0.00854104571044445
1,-1,1,1,1,1,-1,1,-1,1,-1,1,1,1,-1,1,-1,-1,0.007596129085868597
1,-1,1,1,1,1,-1,1,-1,1,1,-1,1,-1,-1,-1,1,1,0.009348039515316486
1,-1,1,1,1,1,-1,1,-1,1,1,-1,1,1,-1,1,1,1,0.008447139523923397
1,-1,1,1,1,1,-1,1,-1,1,1,1,-1,-1,1,1,1,-1,0.007627205457538366
1,-1,1,1,1,1,-1,1,-1,1,1,1,-1,1,-1,-1,1,1,0.008201341144740582
1,-1,1,1,1,1,-1,1,-1,1,1,1,1,-1,1,-1,1,1,0.009009030647575855
1,-1,1,1,1,1,-1,1,-1,1,1,1,1,1,1,1,1,1,0.008117388002574444
1,-1,1,1,1,1,-1,1,1,-1,-1,1,-1,-1,-1,1,1,1,0.008564453572034836
1,-1,1,1,1,1,-1,1,1,-1,-1,1,-1,-1,1,-1,1,1,0.009458605200052261
1,-1,1,1,1,1,-1,1,1,-1,-1,1,-1,-1,1,1,1,1,0.008767958730459213
1,-1,1,1,1,1,-1,1,1,-1,-1,1,-1,1,1,1,1,-1,0.008276348933577538
1,-1,1,1,1,1,-1,1,1,-1,-1,1,1,1,1,1,1,1,0.008958271704614162
1,-1,1,1,1,1,-1,1,1,-1,1,-1,-1,1,1,-1,-1,1,0.009712154977023602
1,-1,1,1,1,1,-1,1,1,-1,1,1,-1,-1,1,-1,1,1,0.009429851546883583
1,-1,1,1,1,1,-1,1,1,-1,1,1,-1,1,1,-1,-1,-1,0.00890348106622696
1,-1,1,1,1,1,-1,1,1,-1,1,1,-1,1,1,-1,-1,1,0.00917889829725027
1,-1,1,1,1,1,-1,1,1,-1,1,1,1,-1,-1,1,-1,1,0.008904126472771168
1,-1,1,1,1,1,-1,1,1,-1,1,1,1,1,-1,-1,1,-1,0.009135302156209946
1,-1,1,1,1,1,-1,1,1,1,-1,-1,-1,-1,1,1,1,1,0.00851991306990385
1,-1,1,1,1,1,-1,1,1,1,-1,-1,1,1,-1,1,-1,-1,0.00819060392677784
1,-1,1,1,1,1,-1,1,1,1,-1,-1,1,1,1,1,-1,1,0.008681404404342175
1,-1,1,1,1,1,-1,1,1,1,-1,1,-1,-1,-1,-1,1,-1,0.00820169784128666
1,-1,1,1,1,1,-1,1,1,1,-1,1,-1,1,1,1,1,-1,0.007489107549190521
1,-1,1,1,1,1,-1,1,1,1,-1,1,1,1,-1,-1,-1,1,0.008638606406748295
1,-1,1,1,1,1,-1,1,1,1,1,-1,-1,-1,-1,-1,-1,1,0.008952796459197998
1,-1,1,1,1,1,-1,1,1,1,1,-1,-1,-1,-1,-1,1,-1,0.008706200867891312
1,-1,1,1,1,1,-1,1,1,1,1,-1,1,1,-1,1,-1,1,0.00846434012055397
1,-1,1,1,1,1,-1,1,1,1,1,1,-1,-1,-1,-1,-1,-1,0.008125608786940575
1,-1,1,1,1,1,-1,1,1,1,1,1,1,-1,-1,-1,-1,-1,0.008535431697964668
1,-1,1,1,1,1,-1,1,1,1,1,1,1,-1,1,1,-1,-1,0.008044973015785217
1,-1,1,1,1,1,1,-1,-1,-1,-1,1,-1,-1,-1,-1,1,-1,0.009544922970235348
1,-1,1,1,1,1,1,-1,-1,-1,-1,1,-1,-1,-1,1,1,1,0.00914751086384058
1,-1,1,1,1,1,1,-1,-1,-1,-1,1,-1,-1,1,-1,1,-1,0.009748428128659725
1,-1,1,1,1,1,1,-1,-1,-1,-1,1,1,-1,-1,-1,-1,1,0.010198024101555347
1,-1,1,1,1,1,1,-1,-1,-1,1,-1,-1,-1,-1,1,1,1,0.009661270305514336
1,-1,1,1,1,1,1,-1,-1,-1,1,-1,-1,-1,1,1,-1,-1,0.009530145674943924
1,-1,1,1,1,1,1,-1,-1,-1,1,1,-1,-1,1,1,-1,1,0.009287501685321331
1,-1,1,1,1,1,1,-1,-1,-1,1,1,-1,1,-1,1,-1,-1,0.008586447685956955
1,-1,1,1,1,1,1,-1,-1,-1,1,1,-1,1,1,1,1,-1,0.008830651640892029
1,-1,1,1,1,1,1,-1,-1,1,-1,-1,-1,1,-1,-1,1,-1,0.009114393964409828
1,-1,1,1,1,1,1,-1,-1,1,-1,-1,1,-1,-1,1,-1,-1,0.008983914740383625
1,-1,1,1,1,1,1,-1,-1,1,-1,-1,1,-1,1,-1,-1,1,0.010168679058551788
1,-1,1,1,1,1,1,-1,-1,1,-1,1,-1,-1,-1,1,1,1,0.008384721353650093
1,-1,1,1,1,1,1,-1,-1,1,-1,1,1,-1,1,-1,1,-1,0.009392144158482552
1,-1,1,1,1,1,1,-1,-1,1,1,-1,1,-1,-1,-1,1,1,0.009986375458538532
1,-1,1,1,1,1,1,-1,-1,1,1,-1,1,-1,1,1,1,-1,0.009208621457219124
1,-1,1,1,1,1,1,-1,-1,1,1,-1,1,1,-1,-1,1,-1,0.009498083963990211
1,-1,1,1,1,1,1,-1,-1,1,1,1,-1,-1,-1,-1,-1,-1,0.008715301752090454
1,-1,1,1,1,1,1,-1,-1,1,1,1,-1,-1,1,-1,-1,1,0.009200163185596466
1,-1,1,1,1,1,1,-1,-1,1,1,1,1,-1,-1,1,-1,1,0.008724394254386425
1,-1,1,1,1,1,1,-1,-1,1,1,1,1,-1,1,-1,-1,-1,0.009331250563263893
1,-1,1,1,1,1,1,-1,-1,1,1,1,1,-1,1,-1,1,1,0.009665880352258682
1,-1,1,1,1,1,1,-1,-1,1,1,1,1,-1,1,1,-1,-1,0.008637286722660065
1,-1,1,1,1,1,1,-1,-1,1,1,1,1,1,-1,-1,1,-1,0.00894963089376688
1,-1,1,1,1,1,1,-1,-1,1,1,1,1,1,-1,1,-1,1,0.008511519990861416
1,-1,1,1,1,1,1,-1,1,-1,-1,-1,-1,-1,-1,-1,-1,1,0.010385994799435139
1,-1,1,1,1,1,1,-1,1,-1,-1,-1,-1,1,-1,1,-1,-1,0.009209676645696163
1,-1,1,1,1,1,1,-1,1,-1,-1,-1,1,-1,-1,1,-1,-1,0.009807922877371311
1,-1,1,1,1,1,1,-1,1,-1,-1,-1,1,1,-1,-1,1,1,0.01063551940023899
1,-1,1,1,1,1,1,-1,1,-1,-1,1,1,-1,-1,1,-1,1,0.009580474346876144
1,-1,1,1,1,1,1,-1,1,-1,-1,1,1,-1,1,1,-1,1,0.009774722158908844
1,-1,1,1,1,1,1,-1,1,-1,1,-1,-1,-1,1,-1,-1,1,0.01057594083249569
1,-1,1,1,1,1,1,-1,1,-1,1,-1,-1,1,1,1,1,-1,0.009434383362531662
1,-1,1,1,1,1,1,-1,1,-1,1,-1,1,-1,1,-1,1,1,0.011032401584088802
1,-1,1,1,1,1,1,-1,1,-1,1,-1,1,1,-1,1,1,1,0.00991280097514391
1,-1,1,1,1,1,1,-1,1,-1,1,1,-1,1,-1,-1,-1,1,0.00963224284350872
1,-1,1,1,1,1,1,-1,1,-1,1,1,-1,1,1,-1,1,1,0.009870508685708046
1,-1,1,1,1,1,1,-1,1,1,-1,-1,-1,-1,1,1,1,-1,0.008889119606465101
1,-1,1,1,1,1,1,-1,1,1,-1,-1,-1,1,1,-1,1,-1,0.00937911681830883
1,-1,1,1,1,1,1,-1,1,1,-1,-1,-1,1,1,-1,1,1,0.00966379139572382
1,-1,1,1,1,1,1,-1,1,1,-1,1,-1,-1,-1,-1,-1,1,0.00909588672220707
1,-1,1,1,1,1,1,-1,1,1,-1,1,-1,1,-1,-1,-1,-1,0.008592399768531322
1,-1,1,1,1,1,1,-1,1,1,-1,1,1,-1,-1,-1,1,1,0.009531213901937008
1,-1,1,1,1,1,1,-1,1,1,-1,1,1,-1,1,-1,-1,1,0.009690701961517334
1,-1,1,1,1,1,1,-1,1,1,-1,1,1,1,-1,1,1,1,0.008630313910543919
1,-1,1,1,1,1,1,-1,1,1,1,-1,-1,-1,-1,-1,1,1,0.009644406847655773
1,-1,1,1,1,1,1,-1,1,1,1,-1,-1,-1,-1,1,1,1,0.008950443007051945
1,-1,1,1,1,1,1,-1,1,1,1,-1,-1,1,-1,1,1,1,0.008743506856262684
1,-1,1,1,1,1,1,-1,1,1,1,1,-1,1,-1,-1,-1,-1,0.00857552234083414
1,-1,1,1,1,1,1,-1,1,1,1,1,-1,1,-1,-1,1,1,0.008904214017093182
1,-1,1,1,1,1,1,1,-1,-1,-1,-1,-1,1,-1,-1,1,1,0.010226639918982983
1,-1,1,1,1,1,1,1,-1,-1,-1,1,-1,-1,1,1,-1,-1,0.009081168100237846
1,-1,1,1,1,1,1,1,-1,-1,1,-1,-1,-1,1,-1,-1,-1,0.01028557401150465
1,-1,1,1,1,1,1,1,-1,-1,1,1,1,-1,1,-1,1,1,0.010493451729416847
1,-1,1,1,1,1,1,1,-1,-1,1,1,1,-1,1,1,-1,1,0.009740276262164116
1,-1,1,1,1,1,1,1,-1,-1,1,1,1,1,-1,-1,-1,1,0.010023798793554306
1,-1,1,1,1,1,1,1,-1,-1,1,1,1,1,-1,-1,1,1,0.010083011351525784
1,-1,1,1,1,1,1,1,-1,-1,1,1,1,1,1,-1,-1,-1,0.009936691261827946
1,-1,1,1,1,1,1,1,-1,-1,1,1,1,1,1,1,-1,-1,0.00925198383629322
1,-1,1,1,1,1,1,1,-1,1,-1,-1,-1,-1,1,-1,-1,-1,0.009527086280286312
1,-1,1,1,1,1,1,1,-1,1,-1,-1,-1,-1,1,-1,1,1,0.009865034371614456
1,-1,1,1,1,1,1,1,-1,1,-1,-1,1,-1,1,1,1,-1,0.009277706034481525
1,-1,1,1,1,1,1,1,-1,1,1,-1,-1,-1,1,-1,1,-1,0.009542349725961685
1,-1,1,1,1,1,1,1,-1,1,1,-1,1,-1,-1,-1,-1,-1,0.00970133300870657
1,-1,1,1,1,1,1,1,-1,1,1,1,1,-1,-1,-1,1,-1,0.009212092496454716
1,-1,1,1,1,1,1,1,-1,1,1,1,1,-1,-1,1,1,1,0.008808741346001625
1,-1,1,1,1,1,1,1,1,-1,-1,-1,-1,-1,-1,1,1,1,0.009803798981010914
1,-1,1,1,1,1,1,1,1,-1,-1,-1,-1,1,1,-1,1,-1,0.01020668912678957
1,-1,1,1,1,1,1,1,1,-1,-1,-1,1,1,-1,1,1,1,0.010006338357925415
1,-1,1,1,1,1,1,1,1,-1,-1,1,-1,1,-1,-1,1,-1,0.009454731829464436
1,-1,1,1,1,1,1,1,1,-1,1,-1,-1,-1,1,1,-1,1,0.009943441487848759
1,-1,1,1,1,1,1,1,1,-1,1,-1,-1,1,-1,1,1,1,0.009567760862410069
1,-1,1,1,1,1,1,1,1,-1,1,-1,-1,1,1,1,-1,1,0.009736505337059498
1,-1,1,1,1,1,1,1,1,-1,1,1,-1,-1,1,1,1,-1,0.009154331870377064
1,-1,1,1,1,1,1,1,1,-1,1,1,-1,1,1,1,-1,-1,0.008897440508008003
1,-1,1,1,1,1,1,1,1,-1,1,1,1,-1,-1,-1,1,1,0.010335969738662243
1,-1,1,1,1,1,1,1,1,-1,1,1,1,-1,-1,1,1,1,0.00965720135718584
1,-1,1,1,1,1,1,1,1,-1,1,1,1,1,-1,-1,-1,-1,0.009809599258005619
1,-1,1,1,1,1,1,1,1,-1,1,1,1,1,1,-1,-1,-1,0.010003848001360893
1,-1,1,1,1,1,1,1,1,1,-1,-1,-1,-1,-1,-1,-1,1,0.00968466978520155
1,-1,1,1,1,1,1,1,1,1,-1,-1,-1,1,-1,-1,1,1,0.009512494318187237
1,-1,1,1,1,1,1,1,1,1,-1,-1,-1,1,-1,1,1,1,0.008812591433525085
1,-1,1,1,1,1,1,1,1,1,-1,-1,1,-1,1,1,1,-1,0.009348181076347828
1,-1,1,1,1,1,1,1,1,1,-1,1,-1,-1,1,-1,1,1,0.009383738972246647
1,-1,1,1,1,1,1,1,1,1,-1,1,1,-1,-1,-1,-1,-1,0.009258047677576542
1,-1,1,1,1,1,1,1,1,1,-1,1,1,-1,-1,1,-1,-1,0.008558145724236965
1,-1,1,1,1,1,1,1,1,1,1,-1,-1,-1,-1,-1,1,-1,0.009406001307070255
1,-1,1,1,1,1,1,1,1,1,1,-1,-1,-1,-1,1,1,-1,0.008706098422408104
1,-1,1,1,1,1,1,1,1,1,1,-1,-1,-1,1,-1,1,-1,0.009618762880563736
1,-1,1,1,1,1,1,1,1,1,1,-1,-1,-1,1,1,1,-1,0.008909603580832481
1,-1,1,1,1,1,1,1,1,1,1,-1,1,-1,1,1,-1,-1,0.009278031066060066
1,-1,1,1,1,1,1,1,1,1,1,-1,1,-1,1,1,1,1,0.009615978226065636
1,-1,1,1,1,1,1,1,1,1,1,-1,1,1,-1,-1,-1,-1,0.009564871899783611
1,-1,1,1,1,1,1,1,1,1,1,-1,1,1,-1,-1,1,1,0.009905440732836723
1,-1,1,1,1,1,1,1,1,1,1,-1,1,1,1,1,-1,-1,0.009065155871212482
1,1,-1,-1,-1,-1,-1,-1,-1,-1,-1,-1,-1,-1,1,-1,1,1,0.010079632047563791
1,1,-1,-1,-1,-1,-1,-1,-1,-1,-1,-1,-1,1,1,1,-1,1,0.009122489020228386
1,1,-1,-1,-1,-1,-1,-1,-1,-1,-1,-1,1,1,-1,1,1,-1,0.009084831923246384
1,1,-1,-1,-1,-1,-1,-1,-1,-1,-1,-1,1,1,1,1,-1,-1,0.009238381870090961
1,1,-1,-1,-1,-1,-1,-1,-1,-1,-1,1,-1,-1,-1,1,-1,1,0.008595632389187813
1,1,-1,-1,-1,-1,-1,-1,-1,-1,-1,1,-1,-1,1,-1,-1,-1,0.009199519641697407
1,1,-1,-1,-1,-1,-1,-1,-1,-1,-1,1,-1,-1,1,1,-1,-1,0.008514812216162682
1,1,-1,-1,-1,-1,-1,-1,-1,-1,1,-1,-1,-1,1,-1,1,1,0.010044590570032597
1,1,-1,-1,-1,-1,-1,-1,-1,-1,1,-1,-1,-1,1,1,-1,1,0.009321805089712143
1,1,-1,-1,-1,-1,-1,-1,-1,-1,1,-1,-1,1,-1,-1,1,1,0.009634150192141533
1,1,-1,-1,-1,-1,-1,-1,-1,-1,1,-1,1,1,1,1,1,1,0.009559452533721924
1,1,-1,-1,-1,-1,-1,-1,-1,-1,1,1,-1,-1,-1,-1,1,1,0.009307828731834888
1,1,-1,-1,-1,-1,-1,-1,-1,-1,1,1,-1,1,-1,1,-1,-1,0.008087494410574436
1,1,-1,-1,-1,-1,-1,-1,-1,-1,1,1,1,1,1,-1,-1,-1,0.009391468949615955
1,1,-1,-1,-1,-1,-1,-1,-1,1,-1,-1,-1,-1,1,1,-1,1,0.008557379245758057
1,1,-1,-1,-1,-1,-1,-1,-1,1,-1,-1,-1,1,-1,-1,1,1,0.008900114335119724
1,1,-1,-1,-1,-1,-1,-1,-1,1,-1,-1,1,-1,-1,-1,1,1,0.009513555094599724
1,1,-1,-1,-1,-1,-1,-1,-1,1,-1,-1,1,1,1,1,1,1,0.00880096573382616
1,1,-1,-1,-1,-1,-1,-1,-1,1,-1,1,1,1,-1,1,-1,1,0.008029443211853504
1,1,-1,-1,-1,-1,-1,-1,-1,1,1,-1,-1,-1,-1,1,1,-1,0.008090401068329811
1,1,-1,-1,-1,-1,-1,-1,-1,1,1,-1,-1,-1,1,-1,1,-1,0.008987870067358017
1,1,-1,-1,-1,-1,-1,-1,-1,1,1,-1,-1,1,-1,-1,-1,1,0.008833282627165318
1,1,-1,-1,-1,-1,-1,-1,-1,1,1,-1,1,-1,-1,-1,-1,-1,0.009156109765172005
1,1,-1,-1,-1,-1,-1,-1,-1,1,1,-1,1,-1,-1,-1,1,-1,0.009192529134452343
1,1,-1,-1,-1,-1,-1,-1,-1,1,1,1,1,1,1,1,-1,1,0.008206814527511597
1,1,-1,-1,-1,-1,-1,-1,1,-1,-1,-1,1,-1,-1,-1,1,1,0.010331624187529087
1,1,-1,-1,-1,-1,-1,-1,1,-1,-1,-1,1,1,-1,-1,1,1,0.0101246889680624
1,1,-1,-1,-1,-1,-1,-1,1,-1,-1,-1,1,1,1,-1,-1,-1,0.009993563406169415
1,1,-1,-1,-1,-1,-1,-1,1,-1,-1,-1,1,1,1,1,1,1,0.009649424813687801
1,1,-1,-1,-1,-1,-1,-1,1,-1,1,-1,-1,1,1,-1,-1,1,0.009854855947196484
1,1,-1,-1,-1,-1,-1,-1,1,-1,1,-1,1,-1,-1,-1,-1,-1,0.009989374317228794
1,1,-1,-1,-1,-1,-1,-1,1,-1,1,1,-1,1,1,1,-1,1,0.00864283088594675
1,1,-1,-1,-1,-1,-1,-1,1,-1,1,1,1,1,-1,-1,-1,-1,0.009243243373930454
1,1,-1,-1,-1,-1,-1,-1,1,-1,1,1,1,1,-1,-1,-1,1,0.009533856064081192
1,1,-1,-1,-1,-1,-1,-1,1,-1,1,1,1,1,1,1,1,-1,0.008802739903330803
1,1,-1,-1,-1,-1,-1,-1,1,1,-1,-1,-1,-1,-1,-1,1,-1,0.008871717378497124
1,1,-1,-1,-1,-1,-1,-1,1,1,-1,-1,-1,-1,1,1,-1,-1,0.008333923295140266
1,1,-1,-1,-1,-1,-1,-1,1,1,-1,-1,1,-1,1,1,-1,-1,0.00874374620616436
1,1,-1,-1,-1,-1,-1,-1,1,1,-1,-1,1,1,1,-1,1,1,0.009562086313962936
1,1,-1,-1,-1,-1,-1,-1,1,1,-1,1,-1,-1,-1,1,-1,-1,0.007600478827953339
1,1,-1,-1,-1,-1,-1,-1,1,1,-1,1,-1,-1,1,-1,-1,1,0.008779304102063179
1,1,-1,-1,-1,-1,-1,-1,1,1,-1,1,-1,-1,1,1,1,-1,0.007838744670152664
1,1,-1,-1,-1,-1,-1,-1,1,1,1,1,-1,-1,-1,-1,-1,1,0.008552983403205872
1,1,-1,-1,-1,-1,-1,-1,1,1,1,1,-1,1,-1,1,1,1,0.007696100976318121
1,1,-1,-1,-1,-1,-1,-1,1,1,1,1,1,-1,1,-1,1,1,0.009207011200487614
1,1,-1,-1,-1,-1,-1,-1,1,1,1,1,1,1,1,1,-1,1,0.008271351456642151
1,1,-1,-1,-1,-1,-1,1,-1,-1,-1,-1,-1,-1,-1,1,1,-1,0.008944106288254261
1,1,-1,-1,-1,-1,-1,1,-1,-1,-1,-1,1,-1,-1,-1,-1,1,0.010287853889167309
1,1,-1,-1,-1,-1,-1,1,-1,-1,-1,-1,1,1,-1,1,-1,-1,0.009099658578634262
1,1,-1,-1,-1,-1,-1,1,-1,-1,-1,1,-1,-1,-1,1,1,-1,0.008401593193411827
1,1,-1,-1,-1,-1,-1,1,-1,-1,-1,1,-1,-1,1,1,1,1,0.008895711041986942
1,1,-1,-1,-1,-1,-1,1,-1,-1,-1,1,-1,1,-1,-1,-1,-1,0.008844603784382343
1,1,-1,-1,-1,-1,-1,1,-1,-1,-1,1,-1,1,1,1,-1,1,0.008655325043946505
1,1,-1,-1,-1,-1,-1,1,-1,-1,-1,1,1,-1,1,1,-1,-1,0.008967585861682892
1,1,-1,-1,-1,-1,-1,1,-1,-1,1,-1,1,-1,-1,-1,-1,1,0.010259099304676056
1,1,-1,-1,-1,-1,-1,1,-1,-1,1,-1,1,-1,1,1,-1,-1,0.009478027932345867
1,1,-1,-1,-1,-1,-1,1,-1,-1,1,1,-1,-1,1,1,1,1,0.008878834545612335
1,1,-1,-1,-1,-1,-1,1,-1,1,-1,1,-1,1,-1,1,1,1,0.00772841926664114
1,1,-1,-1,-1,-1,-1,1,-1,1,-1,1,1,-1,-1,-1,-1,1,0.008976612240076065
1,1,-1,-1,-1,-1,-1,1,-1,1,1,-1,-1,-1,1,1,-1,-1,0.00831467192620039
1,1,-1,-1,-1,-1,-1,1,-1,1,1,-1,-1,1,1,-1,-1,-1,0.00879576150327921
1,1,-1,-1,-1,-1,-1,1,-1,1,1,-1,1,-1,1,1,-1,1,0.008996594697237015
1,1,-1,-1,-1,-1,-1,1,-1,1,1,-1,1,-1,1,1,1,-1,0.008749998174607754
1,1,-1,-1,-1,-1,-1,1,-1,1,1,-1,1,1,-1,-1,1,1,0.009339329786598682
1,1,-1,-1,-1,-1,-1,1,-1,1,1,1,-1,-1,1,1,-1,1,0.008062770590186119
1,1,-1,-1,-1,-1,-1,1,-1,1,1,1,-1,1,1,1,-1,1,0.007855835370719433
1,1,-1,-1,-1,-1,-1,1,-1,1,1,1,-1,1,1,1,1,-1,0.00761849619448185
1,1,-1,-1,-1,-1,-1,1,1,-1,-1,-1,-1,1,1,1,-1,1,0.00923923309892416
1,1,-1,-1,-1,-1,-1,1,1,-1,-1,-1,1,1,-1,-1,-1,1,0.010142136365175247
1,1,-1,-1,-1,-1,-1,1,1,-1,-1,-1,1,1,1,-1,1,1,0.010392975993454456
1,1,-1,-1,-1,-1,-1,1,1,-1,-1,1,-1,1,-1,-1,-1,1,0.00919643510133028
1,1,-1,-1,-1,-1,-1,1,1,-1,-1,1,-1,1,1,-1,1,1,0.009443957358598709
1,1,-1,-1,-1,-1,-1,1,1,-1,1,-1,-1,-1,-1,1,-1,1,0.009219848550856113
1,1,-1,-1,-1,-1,-1,1,1,-1,1,-1,-1,1,-1,1,1,1,0.009056929498910904
1,1,-1,-1,-1,-1,-1,1,1,-1,1,-1,-1,1,1,1,1,-1,0.008969821967184544
1,1,-1,-1,-1,-1,-1,1,1,-1,1,-1,-1,1,1,1,1,1,0.009266373701393604
1,1,-1,-1,-1,-1,-1,1,1,-1,1,-1,1,-1,1,-1,1,-1,0.01028648391366005
1,1,-1,-1,-1,-1,-1,1,1,-1,1,1,-1,1,-1,-1,1,-1,0.008936280384659767
1,1,-1,-1,-1,-1,-1,1,1,-1,1,1,1,1,-1,1,1,-1,0.008654760196805
1,1,-1,-1,-1,-1,-1,1,1,1,-1,-1,-1,-1,-1,1,-1,1,0.008485812693834305
1,1,-1,-1,-1,-1,-1,1,1,1,-1,1,-1,1,-1,1,-1,1,0.007739681750535965
1,1,-1,-1,-1,-1,-1,1,1,1,-1,1,-1,1,1,1,-1,-1,0.00765851279720664
1,1,-1,-1,-1,-1,-1,1,1,1,-1,1,1,1,-1,1,-1,-1,0.007861512713134289
1,1,-1,-1,-1,-1,-1,1,1,1,1,-1,-1,-1,-1,1,1,-1,0.008216401562094688
1,1,-1,-1,-1,-1,-1,1,1,1,1,-1,1,-1,1,-1,-1,1,0.009761033579707146
1,1,-1,-1,-1,-1,-1,1,1,1,1,-1,1,-1,1,1,-1,-1,0.008776456117630005
1,1,-1,-1,-1,-1,-1,1,1,1,1,1,-1,-1,-1,-1,-1,-1,0.008323835209012032
1,1,-1,-1,-1,-1,-1,1,1,1,1,1,1,-1,-1,-1,1,-1,0.0087836142629385
1,1,-1,-1,-1,-1,-1,1,1,1,1,1,1,1,-1,-1,-1,-1,0.008526722900569439
1,1,-1,-1,-1,-1,1,-1,-1,-1,-1,-1,1,-1,1,1,-1,1,0.010444987565279007
1,1,-1,-1,-1,-1,1,-1,-1,-1,-1,-1,1,-1,1,1,1,1,0.010489004664123058
1,1,-1,-1,-1,-1,1,-1,-1,-1,-1,-1,1,1,-1,1,1,-1,0.009782012552022934
1,1,-1,-1,-1,-1,1,-1,-1,-1,-1,-1,1,1,1,1,-1,1,0.010241369716823101
1,1,-1,-1,-1,-1,1,-1,-1,-1,-1,1,-1,1,-1,1,-1,-1,0.008807489648461342
1,1,-1,-1,-1,-1,1,-1,-1,-1,-1,1,1,-1,-1,1,1,-1,0.009464947506785393
1,1,-1,-1,-1,-1,1,-1,-1,-1,-1,1,1,1,1,1,-1,1,0.009698856621980667
1,1,-1,-1,-1,-1,1,-1,-1,-1,1,-1,-1,-1,1,1,-1,1,0.010018985718488693
1,1,-1,-1,-1,-1,1,-1,-1,-1,1,1,-1,1,1,1,1,-1,0.009038135409355164
1,1,-1,-1,-1,-1,1,-1,-1,-1,1,1,1,-1,1,-1,-1,1,0.010582879185676575
1,1,-1,-1,-1,-1,1,-1,-1,-1,1,1,1,1,1,1,-1,1,0.00968529749661684
1,1,-1,-1,-1,-1,1,-1,-1,1,-1,-1,1,-1,1,1,-1,-1,0.009391585364937782
1,1,-1,-1,-1,-1,1,-1,-1,1,-1,-1,1,1,-1,1,1,1,0.009315774776041508
1,1,-1,-1,-1,-1,1,-1,-1,1,-1,1,-1,-1,-1,1,-1,1,0.008523736149072647
1,1,-1,-1,-1,-1,1,-1,-1,1,-1,1,1,-1,1,1,-1,1,0.009143002331256866
1,1,-1,-1,-1,-1,1,-1,-1,1,-1,1,1,1,1,1,-1,1,0.00893606711179018
1,1,-1,-1,-1,-1,1,-1,-1,1,1,-1,-1,1,-1,-1,-1,1,0.00952120590955019
1,1,-1,-1,-1,-1,1,-1,-1,1,1,-1,-1,1,-1,1,1,1,0.008886453695595264
1,1,-1,-1,-1,-1,1,-1,-1,1,1,-1,1,-1,-1,-1,1,1,0.010193859227001667
1,1,-1,-1,-1,-1,1,-1,-1,1,1,-1,1,1,-1,1,1,1,0.009292959235608578
1,1,-1,-1,-1,-1,1,-1,-1,1,1,1,-1,-1,1,-1,-1,-1,0.009113715030252934
1,1,-1,-1,-1,-1,1,-1,-1,1,1,1,-1,1,1,1,-1,1,0.00851268507540226
1,1,-1,-1,-1,-1,1,-1,-1,1,1,1,1,-1,1,1,-1,1,0.009120187722146511
1,1,-1,-1,-1,-1,1,-1,1,-1,-1,-1,-1,-1,-1,1,1,1,0.009934274479746819
1,1,-1,-1,-1,-1,1,-1,1,-1,-1,-1,1,1,-1,1,1,1,0.010133843868970871
1,1,-1,-1,-1,-1,1,-1,1,-1,-1,1,1,-1,1,-1,1,1,0.010714247822761536
1,1,-1,-1,-1,-1,1,-1,1,-1,1,-1,1,-1,-1,1,-1,-1,0.009983333759009838
1,1,-1,-1,-1,-1,1,-1,1,-1,1,-1,1,1,1,-1,1,1,0.011014435440301895
1,1,-1,-1,-1,-1,1,-1,1,-1,1,1,-1,1,-1,-1,-1,1,0.0098364083096385
1,1,-1,-1,-1,-1,1,-1,1,-1,1,1,-1,1,1,-1,1,1,0.010077991522848606
1,1,-1,-1,-1,-1,1,-1,1,-1,1,1,-1,1,1,1,1,-1,0.00909341499209404
1,1,-1,-1,-1,-1,1,-1,1,1,-1,-1,-1,1,1,1,1,1,0.009158797562122345
1,1,-1,-1,-1,-1,1,-1,1,1,-1,-1,1,-1,1,-1,-1,-1,0.010137511417269707
1,1,-1,-1,-1,-1,1,-1,1,1,-1,-1,1,-1,1,-1,-1,1,0.010431441478431225
1,1,-1,-1,-1,-1,1,-1,1,1,-1,-1,1,1,-1,1,-1,1,0.009327037259936333
1,1,-1,-1,-1,-1,1,-1,1,1,-1,1,-1,-1,1,-1,-1,-1,0.009197749197483063
1,1,-1,-1,-1,-1,1,-1,1,1,-1,1,-1,1,1,-1,1,-1,0.009034830145537853
1,1,-1,-1,-1,-1,1,-1,1,1,-1,1,1,1,-1,-1,1,-1,0.00924114789813757
1,1,-1,-1,-1,-1,1,-1,1,1,-1,1,1,1,-1,1,-1,-1,0.00849984958767891
1,1,-1,-1,-1,-1,1,-1,1,1,-1,1,1,1,1,-1,1,-1,0.009441335685551167
1,1,-1,-1,-1,-1,1,-1,1,1,1,-1,-1,-1,-1,-1,1,-1,0.00955795869231224
1,1,-1,-1,-1,-1,1,1,-1,-1,-1,-1,-1,-1,-1,-1,-1,1,0.010593723505735397
1,1,-1,-1,-1,-1,1,1,-1,-1,-1,-1,1,1,1,-1,-1,1,0.010996798053383827
1,1,-1,-1,-1,-1,1,1,-1,-1,-1,1,-1,1,-1,-1,1,-1,0.00960693508386612
1,1,-1,-1,-1,-1,1,1,-1,-1,-1,1,-1,1,1,1,1,-1,0.009110537357628345
1,1,-1,-1,-1,-1,1,1,-1,-1,-1,1,1,-1,1,-1,-1,1,0.010655282065272331
1,1,-1,-1,-1,-1,1,1,-1,-1,-1,1,1,1,1,-1,-1,1,0.010454284958541393
1,1,-1,-1,-1,-1,1,1,-1,-1,1,1,-1,-1,-1,-1,1,-1,0.009775860235095024
1,1,-1,-1,-1,-1,1,1,-1,-1,1,1,-1,-1,-1,-1,1,1,0.010072411969304085
1,1,-1,-1,-1,-1,1,1,-1,-1,1,1,1,-1,-1,1,1,-1,0.00950359646230936
1,1,-1,-1,-1,-1,1,1,-1,1,-1,-1,-1,1,-1,-1,-1,1,0.009605485014617443
1,1,-1,-1,-1,-1,1,1,-1,1,-1,-1,-1,1,-1,1,1,1,0.008958856575191021
1,1,-1,-1,-1,-1,1,1,-1,1,-1,-1,1,-1,1,-1,-1,-1,0.01014107558876276
1,1,-1,-1,-1,-1,1,1,-1,1,-1,-1,1,1,-1,-1,-1,-1,0.009730634279549122
1,1,-1,-1,-1,-1,1,1,-1,1,-1,-1,1,1,-1,1,1,-1,0.009074748493731022
1,1,-1,-1,-1,-1,1,1,-1,1,-1,1,-1,-1,-1,-1,1,1,0.009326498955488205
1,1,-1,-1,-1,-1,1,1,-1,1,1,-1,-1,1,1,-1,-1,-1,0.009495561942458153
1,1,-1,-1,-1,-1,1,1,-1,1,1,-1,-1,1,1,-1,1,-1,0.009542897343635559
1,1,-1,-1,-1,-1,1,1,-1,1,1,1,-1,-1,-1,1,1,-1,0.008319106884300709
1,1,-1,-1,-1,-1,1,1,-1,1,1,1,-1,-1,1,-1,-1,1,0.009453915059566498
1,1,-1,-1,-1,-1,1,1,-1,1,1,1,1,-1,-1,1,1,1,0.009022163227200508
1,1,-1,-1,-1,-1,1,1,-1,1,1,1,1,1,1,-1,-1,-1,0.009378067217767239
1,1,-1,-1,-1,-1,1,1,1,-1,-1,-1,-1,-1,1,1,-1,1,0.010155227035284042
1,1,-1,-1,-1,-1,1,1,1,-1,-1,-1,-1,1,1,-1,1,1,0.010687930509448051
1,1,-1,-1,-1,-1,1,1,1,-1,-1,-1,1,-1,1,-1,1,1,0.011308969929814339
1,1,-1,-1,-1,-1,1,1,1,-1,-1,1,-1,-1,1,-1,-1,1,0.010309995152056217
1,1,-1,-1,-1,-1,1,1,1,-1,-1,1,-1,1,1,-1,-1,-1,0.009812446311116219
1,1,-1,-1,-1,-1,1,1,1,-1,-1,1,-1,1,1,-1,1,-1,0.009871658869087696
1,1,-1,-1,-1,-1,1,1,1,-1,-1,1,1,1,1,1,1,-1,0.009574943222105503
1,1,-1,-1,-1,-1,1,1,1,-1,1,-1,-1,-1,-1,-1,-1,1,0.010632126592099667
1,1,-1,-1,-1,-1,1,1,1,-1,1,-1,-1,1,-1,-1,-1,1,0.01042519137263298
1,1,-1,-1,-1,-1,1,1,1,-1,1,-1,-1,1,1,1,1,-1,0.009672940708696842
1,1,-1,-1,-1,-1,1,1,1,-1,1,1,-1,1,-1,1,-1,-1,0.008901418186724186
1,1,-1,-1,-1,-1,1,1,1,-1,1,1,1,-1,-1,-1,1,-1,0.010258778929710388
1,1,-1,-1,-1,-1,1,1,1,1,-1,-1,-1,-1,-1,-1,1,-1,0.009630361571907997
1,1,-1,-1,-1,-1,1,1,1,1,-1,-1,1,-1,1,-1,-1,1,0.010492905974388123
1,1,-1,-1,-1,-1,1,1,1,1,-1,-1,1,-1,1,-1,1,-1,0.01023111492395401
1,1,-1,-1,-1,-1,1,1,1,1,-1,-1,1,1,-1,-1,1,1,0.01012648269534111
1,1,-1,-1,-1,-1,1,1,1,1,1,-1,-1,-1,1,-1,1,1,0.010092407464981079
1,1,-1,-1,-1,-1,1,1,1,1,1,-1,-1,-1,1,1,-1,1,0.009360364638268948
1,1,-1,-1,-1,-1,1,1,1,1,1,-1,1,-1,1,-1,-1,1,0.01046083401888609
1,1,-1,-1,-1,-1,1,1,1,1,1,-1,1,1,1,1,-1,1,0.009563252329826355
1,1,-1,-1,-1,-1,1,1,1,1,1,1,1,-1,-1,-1,1,-1,0.009477476589381695
1,1,-1,-1,-1,-1,1,1,1,1,1,1,1,1,1,-1,-1,-1,0.009424090385437012
1,1,-1,-1,-1,1,-1,-1,-1,-1,-1,-1,-1,-1,-1,1,-1,-1,0.008997379802167416
1,1,-1,-1,-1,1,-1,-1,-1,-1,-1,-1,-1,-1,1,-1,1,1,0.010235417634248734
1,1,-1,-1,-1,1,-1,-1,-1,-1,-1,-1,-1,1,-1,1,-1,1,0.009081057272851467
1,1,-1,-1,-1,1,-1,-1,-1,-1,-1,-1,1,-1,1,1,-1,1,0.009898003190755844
1,1,-1,-1,-1,1,-1,-1,-1,-1,-1,-1,1,1,-1,-1,1,-1,0.009944187477231026
1,1,-1,-1,-1,1,-1,-1,-1,-1,-1,-1,1,1,1,1,-1,1,0.009697006084024906
1,1,-1,-1,-1,1,-1,-1,-1,-1,-1,1,-1,-1,-1,1,1,1,0.008804691955447197
1,1,-1,-1,-1,1,-1,-1,-1,-1,-1,1,-1,1,-1,-1,1,-1,0.00901036337018013
1,1,-1,-1,-1,1,-1,-1,-1,-1,-1,1,1,-1,1,1,-1,1,0.009364746510982513
1,1,-1,-1,-1,1,-1,-1,-1,-1,1,-1,1,-1,-1,-1,1,1,0.010418920777738094
1,1,-1,-1,-1,1,-1,-1,-1,-1,1,-1,1,1,1,-1,1,-1,0.010121558792889118
1,1,-1,-1,-1,1,-1,-1,-1,-1,1,1,1,-1,1,1,-1,-1,0.009051318280398846
1,1,-1,-1,-1,1,-1,-1,-1,-1,1,1,1,1,1,1,1,-1,0.008894338272511959
1,1,-1,-1,-1,1,-1,-1,-1,1,-1,-1,-1,1,-1,-1,1,-1,0.008762317709624767
1,1,-1,-1,-1,1,-1,-1,-1,1,-1,-1,1,-1,-1,1,1,-1,0.008685112930834293
1,1,-1,-1,-1,1,-1,-1,-1,1,-1,-1,1,1,-1,-1,-1,-1,0.009128124453127384
1,1,-1,-1,-1,1,-1,-1,-1,1,-1,-1,1,1,1,-1,1,-1,0.009375646710395813
1,1,-1,-1,-1,1,-1,-1,-1,1,-1,1,-1,-1,1,1,-1,1,0.008195451460778713
1,1,-1,-1,-1,1,-1,-1,-1,1,1,-1,1,-1,-1,-1,-1,-1,0.009318183176219463
1,1,-1,-1,-1,1,-1,-1,-1,1,1,-1,1,-1,1,-1,1,1,0.009841122664511204
1,1,-1,-1,-1,1,-1,-1,-1,1,1,-1,1,1,-1,1,1,1,0.008745974861085415
1,1,-1,-1,-1,1,-1,-1,-1,1,1,1,-1,-1,-1,1,1,1,0.008009830489754677
1,1,-1,-1,-1,1,-1,-1,1,-1,-1,-1,-1,-1,-1,-1,1,-1,0.009805835783481598
1,1,-1,-1,-1,1,-1,-1,1,-1,-1,-1,1,-1,-1,1,1,-1,0.009524315595626831
1,1,-1,-1,-1,1,-1,-1,1,-1,-1,1,-1,1,-1,-1,-1,-1,0.009018308483064175
1,1,-1,-1,-1,1,-1,-1,1,-1,1,-1,-1,-1,-1,1,1,-1,0.00908573903143406
1,1,-1,-1,-1,1,-1,-1,1,-1,1,-1,-1,-1,1,1,-1,1,0.0095299007371068
1,1,-1,-1,-1,1,-1,-1,1,-1,1,-1,-1,1,1,1,-1,-1,0.009047547355294228
1,1,-1,-1,-1,1,-1,-1,1,-1,1,1,-1,-1,1,1,1,1,0.009049917571246624
1,1,-1,-1,-1,1,-1,-1,1,-1,1,1,-1,1,1,-1,-1,-1,0.009202316403388977
1,1,-1,-1,-1,1,-1,-1,1,-1,1,1,1,-1,-1,1,-1,-1,0.00891828816384077
1,1,-1,-1,-1,1,-1,-1,1,-1,1,1,1,1,1,-1,1,-1,0.009643581695854664
1,1,-1,-1,-1,1,-1,-1,1,-1,1,1,1,1,1,1,1,-1,0.008949617855250835
1,1,-1,-1,-1,1,-1,-1,1,1,-1,-1,-1,-1,1,-1,1,1,0.009533846750855446
1,1,-1,-1,-1,1,-1,-1,1,1,-1,-1,-1,1,1,-1,1,1,0.009320972487330437
1,1,-1,-1,-1,1,-1,-1,1,1,-1,1,1,-1,-1,-1,1,-1,0.008907037787139416
1,1,-1,-1,-1,1,-1,-1,1,1,-1,1,1,1,1,-1,1,1,0.009194220416247845
1,1,-1,-1,-1,1,-1,-1,1,1,1,-1,-1,1,1,-1,-1,1,0.0092508215457201
1,1,-1,-1,-1,1,-1,-1,1,1,1,-1,-1,1,1,1,-1,1,0.008560176007449627
1,1,-1,-1,-1,1,-1,-1,1,1,1,-1,1,-1,1,-1,-1,-1,0.009573649615049362
1,1,-1,-1,-1,1,-1,-1,1,1,1,-1,1,-1,1,-1,1,-1,0.009626923128962517
1,1,-1,-1,-1,1,-1,-1,1,1,1,1,-1,-1,-1,-1,-1,-1,0.00843038223683834
1,1,-1,-1,-1,1,-1,-1,1,1,1,1,1,-1,-1,-1,1,1,0.009180773980915546
1,1,-1,-1,-1,1,-1,1,-1,-1,-1,-1,1,-1,1,-1,-1,1,0.010647493414580822
1,1,-1,-1,-1,1,-1,1,-1,-1,-1,1,-1,-1,1,1,1,-1,0.008767170831561089
1,1,-1,-1,-1,1,-1,1,-1,-1,-1,1,1,-1,-1,1,-1,1,0.00921676680445671
1,1,-1,-1,-1,1,-1,1,-1,-1,-1,1,1,-1,1,-1,1,1,0.010167509317398071
1,1,-1,-1,-1,1,-1,1,-1,-1,-1,1,1,1,-1,1,-1,-1,0.008725157007575035
1,1,-1,-1,-1,1,-1,1,-1,-1,-1,1,1,1,-1,1,-1,1,0.009019088000059128
1,1,-1,-1,-1,1,-1,1,-1,-1,1,-1,-1,-1,-1,1,-1,-1,0.009045286104083061
1,1,-1,-1,-1,1,-1,1,-1,-1,1,-1,-1,-1,-1,1,1,1,0.009364720433950424
1,1,-1,-1,-1,1,-1,1,-1,-1,1,-1,-1,1,-1,-1,-1,-1,0.009517118334770203
1,1,-1,-1,-1,1,-1,1,-1,-1,1,-1,-1,1,-1,1,-1,1,0.009119706228375435
1,1,-1,-1,-1,1,-1,1,-1,-1,1,-1,-1,1,1,1,-1,-1,0.009041855111718178
1,1,-1,-1,-1,1,-1,1,-1,-1,1,1,-1,1,1,-1,1,1,0.009537192061543465
1,1,-1,-1,-1,1,-1,1,-1,-1,1,1,-1,1,1,1,1,1,0.00882803276181221
1,1,-1,-1,-1,1,-1,1,-1,-1,1,1,1,-1,-1,1,1,1,0.009237968362867832
1,1,-1,-1,-1,1,-1,1,-1,-1,1,1,1,-1,1,-1,-1,-1,0.009816003032028675
1,1,-1,-1,-1,1,-1,1,-1,-1,1,1,1,1,1,-1,-1,1,0.009890424087643623
1,1,-1,-1,-1,1,-1,1,-1,1,-1,-1,1,-1,1,1,-1,1,0.009181482717394829
1,1,-1,-1,-1,1,-1,1,-1,1,-1,-1,1,-1,1,1,1,-1,0.008944143541157246
1,1,-1,-1,-1,1,-1,1,-1,1,-1,-1,1,1,1,1,-1,-1,0.008693191222846508
1,1,-1,-1,-1,1,-1,1,-1,1,-1,1,-1,-1,-1,1,-1,-1,0.00775685952976346
1,1,-1,-1,-1,1,-1,1,-1,1,-1,1,-1,-1,1,1,-1,-1,0.00795704685151577
1,1,-1,-1,-1,1,-1,1,-1,1,-1,1,-1,-1,1,1,1,1,0.008294994942843914
1,1,-1,-1,-1,1,-1,1,-1,1,-1,1,1,-1,1,1,-1,-1,0.008363552391529083
1,1,-1,-1,-1,1,-1,1,-1,1,1,-1,1,1,-1,-1,-1,1,0.009448129683732986
1,1,-1,-1,-1,1,-1,1,-1,1,1,-1,1,1,-1,1,-1,-1,0.008472809568047523
1,1,-1,-1,-1,1,-1,1,-1,1,1,-1,1,1,1,-1,-1,1,0.009654952213168144
1,1,-1,-1,-1,1,-1,1,-1,1,1,1,-1,-1,-1,1,1,1,0.008074612356722355
1,1,-1,-1,-1,1,-1,1,-1,1,1,1,-1,1,1,1,-1,1,0.008021226152777672
1,1,-1,-1,-1,1,-1,1,-1,1,1,1,1,1,1,1,-1,1,0.008427731692790985
1,1,-1,-1,-1,1,-1,1,1,-1,-1,-1,-1,-1,1,-1,1,-1,0.010070805437862873
1,1,-1,-1,-1,1,-1,1,1,-1,-1,-1,-1,1,1,1,1,-1,0.00916064903140068
1,1,-1,-1,-1,1,-1,1,1,-1,-1,-1,1,1,-1,-1,-1,1,0.010304208844900131
1,1,-1,-1,-1,1,-1,1,1,-1,-1,1,-1,-1,1,-1,1,1,0.00982816144824028
1,1,-1,-1,-1,1,-1,1,1,-1,-1,1,-1,1,-1,-1,-1,-1,0.009083090350031853
1,1,-1,-1,-1,1,-1,1,1,-1,-1,1,1,-1,-1,1,-1,1,0.009293180890381336
1,1,-1,-1,-1,1,-1,1,1,-1,1,1,-1,-1,1,-1,-1,1,0.009761328808963299
1,1,-1,-1,-1,1,-1,1,1,-1,1,1,1,-1,-1,1,-1,-1,0.008973813615739346
1,1,-1,-1,-1,1,-1,1,1,-1,1,1,1,-1,1,-1,-1,-1,0.009862026199698448
1,1,-1,-1,-1,1,-1,1,1,-1,1,1,1,-1,1,-1,1,-1,0.009921238757669926
1,1,-1,-1,-1,1,-1,1,1,-1,1,1,1,1,-1,1,1,-1,0.008801638148725033
1,1,-1,-1,-1,1,-1,1,1,-1,1,1,1,1,1,1,1,1,0.009301695041358471
1,1,-1,-1,-1,1,-1,1,1,1,-1,-1,-1,-1,-1,-1,1,-1,0.009089315310120583
1,1,-1,-1,-1,1,-1,1,1,1,-1,-1,-1,1,1,1,1,1,0.008682534098625183
1,1,-1,-1,-1,1,-1,1,1,1,-1,-1,1,-1,1,1,1,1,0.009295974858105183
1,1,-1,-1,-1,1,-1,1,1,1,-1,-1,1,1,-1,-1,-1,1,0.009526223875582218
1,1,-1,-1,-1,1,-1,1,1,1,-1,1,-1,-1,1,-1,1,1,0.009040920063853264
1,1,-1,-1,-1,1,-1,1,1,1,-1,1,1,-1,1,1,1,-1,0.00846878718584776
1,1,-1,-1,-1,1,-1,1,1,1,-1,1,1,1,-1,-1,1,-1,0.008755628019571304
1,1,-1,-1,-1,1,-1,1,1,1,1,-1,-1,-1,1,1,-1,1,0.008813380263745785
1,1,-1,-1,-1,1,-1,1,1,1,1,1,-1,1,1,1,-1,-1,0.007797770202159882
1,1,-1,-1,-1,1,-1,1,1,1,1,1,1,-1,-1,1,-1,-1,0.008201767690479755
1,1,-1,-1,-1,1,1,-1,-1,-1,-1,-1,1,-1,-1,-1,-1,1,0.01110677607357502
1,1,-1,-1,-1,1,1,-1,-1,-1,-1,-1,1,1,-1,-1,-1,-1,0.010599970817565918
1,1,-1,-1,-1,1,1,-1,-1,-1,-1,-1,1,1,-1,-1,-1,1,0.010899840854108334
1,1,-1,-1,-1,1,1,-1,-1,-1,-1,1,-1,-1,1,1,-1,-1,0.009376686066389084
1,1,-1,-1,-1,1,1,-1,-1,-1,-1,1,-1,1,1,1,-1,-1,0.009163811802864075
1,1,-1,-1,-1,1,1,-1,-1,-1,-1,1,1,-1,-1,1,1,-1,0.009617764502763748
1,1,-1,-1,-1,1,1,-1,-1,-1,1,-1,1,1,1,1,-1,1,0.010371371172368526
1,1,-1,-1,-1,1,1,-1,-1,-1,1,1,-1,-1,-1,-1,-1,-1,0.00984764751046896
1,1,-1,-1,-1,1,1,-1,-1,-1,1,1,-1,-1,-1,-1,-1,1,0.010129003785550594
1,1,-1,-1,-1,1,1,-1,-1,-1,1,1,1,1,-1,1,-1,-1,0.009353253059089184
1,1,-1,-1,-1,1,1,-1,-1,1,-1,-1,1,-1,1,1,-1,1,0.009829076007008553
1,1,-1,-1,-1,1,1,-1,-1,1,-1,-1,1,1,1,-1,-1,1,0.010322042740881443
1,1,-1,-1,-1,1,1,-1,-1,1,-1,-1,1,1,1,-1,1,1,0.010360121726989746
1,1,-1,-1,-1,1,1,-1,-1,1,-1,1,-1,-1,-1,1,1,1,0.008729825727641582
1,1,-1,-1,-1,1,1,-1,-1,1,-1,1,-1,-1,1,1,1,-1,0.00864865630865097
1,1,-1,-1,-1,1,1,-1,-1,1,-1,1,-1,1,1,1,1,1,0.008741590194404125
1,1,-1,-1,-1,1,1,-1,-1,1,-1,1,1,-1,-1,1,-1,-1,0.008816896006464958
1,1,-1,-1,-1,1,1,-1,-1,1,-1,1,1,-1,-1,1,1,-1,0.008845718577504158
1,1,-1,-1,-1,1,1,-1,-1,1,1,-1,-1,-1,1,-1,1,1,0.01015293225646019
1,1,-1,-1,-1,1,1,-1,-1,1,1,-1,-1,-1,1,1,-1,1,0.009405693970620632
1,1,-1,-1,-1,1,1,-1,-1,1,1,-1,-1,1,-1,-1,-1,-1,0.009407861158251762
1,1,-1,-1,-1,1,1,-1,-1,1,1,-1,1,-1,-1,-1,-1,-1,0.010006106458604336
1,1,-1,-1,-1,1,1,-1,1,-1,-1,-1,-1,-1,-1,1,-1,1,0.010067525319755077
1,1,-1,-1,-1,1,1,-1,1,-1,-1,-1,-1,-1,-1,1,1,-1,0.009811673313379288
1,1,-1,-1,-1,1,1,-1,1,-1,-1,-1,-1,-1,1,-1,-1,1,0.01095573790371418
1,1,-1,-1,-1,1,1,-1,1,-1,-1,1,1,-1,-1,1,1,1,0.009969595819711685
1,1,-1,-1,-1,1,1,-1,1,-1,-1,1,1,1,-1,1,-1,1,0.009733838029205799
1,1,-1,-1,-1,1,1,-1,1,-1,-1,1,1,1,-1,1,1,-1,0.00948130339384079
1,1,-1,-1,-1,1,1,-1,1,-1,-1,1,1,1,1,1,-1,1,0.00992214772850275
1,1,-1,-1,-1,1,1,-1,1,-1,-1,1,1,1,1,1,1,1,0.009981360286474228
1,1,-1,-1,-1,1,1,-1,1,-1,1,-1,-1,1,1,1,-1,-1,0.009750666096806526
1,1,-1,-1,-1,1,1,-1,1,-1,1,-1,1,-1,-1,-1,1,-1,0.0108893271535635
1,1,-1,-1,-1,1,1,-1,1,-1,1,1,-1,-1,-1,1,-1,-1,0.009205644950270653
1,1,-1,-1,-1,1,1,-1,1,-1,1,1,1,1,-1,-1,-1,1,0.010404986329376698
1,1,-1,-1,-1,1,1,-1,1,1,-1,-1,-1,-1,-1,1,1,1,0.009324301034212112
1,1,-1,-1,-1,1,1,-1,1,1,-1,1,-1,1,-1,-1,1,1,0.009287329390645027
1,1,-1,-1,-1,1,1,-1,1,1,-1,1,1,-1,1,1,1,1,0.009416249580681324
1,1,-1,-1,-1,1,1,-1,1,1,1,-1,-1,-1,-1,-1,1,1,0.010004706680774689
1,1,-1,-1,-1,1,1,-1,1,1,1,-1,1,-1,-1,-1,1,1,0.010401954874396324
1,1,-1,-1,-1,1,1,-1,1,1,1,-1,1,1,-1,-1,1,-1,0.009919601492583752
1,1,-1,-1,-1,1,1,-1,1,1,1,1,-1,-1,-1,-1,-1,-1,0.009142758324742317
1,1,-1,-1,-1,1,1,-1,1,1,1,1,1,-1,-1,-1,-1,-1,0.009540006518363953
1,1,-1,-1,-1,1,1,-1,1,1,1,1,1,-1,-1,1,1,1,0.009174734354019165
1,1,-1,-1,-1,1,1,-1,1,1,1,1,1,1,1,1,-1,1,0.009133225306868553
1,1,-1,-1,-1,1,1,1,-1,-1,-1,-1,-1,1,-1,1,-1,1,0.009845640510320663
1,1,-1,-1,-1,1,1,1,-1,-1,-1,-1,-1,1,1,-1,-1,-1,0.010461753234267235
1,1,-1,-1,-1,1,1,1,-1,-1,-1,-1,1,-1,1,-1,1,-1,0.011113272979855537
1,1,-1,-1,-1,1,1,1,-1,-1,-1,1,-1,1,-1,1,-1,-1,0.009031027555465698
1,1,-1,-1,-1,1,1,1,-1,-1,-1,1,-1,1,-1,1,-1,1,0.009315701201558113
1,1,-1,-1,-1,1,1,1,-1,-1,-1,1,1,1,-1,-1,-1,-1,0.010122239589691162
1,1,-1,-1,-1,1,1,1,-1,-1,-1,1,1,1,1,-1,-1,-1,0.010335002094507217
1,1,-1,-1,-1,1,1,1,-1,-1,1,-1,-1,1,-1,-1,1,-1,0.010264254175126553
1,1,-1,-1,-1,1,1,1,-1,-1,1,-1,-1,1,1,-1,-1,-1,0.010423742234706879
1,1,-1,-1,-1,1,1,1,-1,-1,1,-1,1,-1,-1,1,-1,-1,0.010139713995158672
1,1,-1,-1,-1,1,1,1,-1,-1,1,-1,1,1,1,-1,-1,-1,0.010845443233847618
1,1,-1,-1,-1,1,1,1,-1,-1,1,-1,1,1,1,-1,1,-1,0.010874264873564243
1,1,-1,-1,-1,1,1,1,-1,-1,1,1,-1,1,1,1,1,-1,0.00924647692590952
1,1,-1,-1,-1,1,1,1,-1,1,-1,-1,-1,1,-1,-1,1,1,0.00980563648045063
1,1,-1,-1,-1,1,1,1,-1,1,-1,-1,1,-1,1,1,1,1,0.009937875904142857
1,1,-1,-1,-1,1,1,1,-1,1,-1,-1,1,1,1,1,1,1,0.009730939753353596
1,1,-1,-1,-1,1,1,1,-1,1,-1,1,-1,1,-1,-1,-1,1,0.009228362701833248
1,1,-1,-1,-1,1,1,1,-1,1,-1,1,-1,1,-1,-1,1,1,0.009278318844735622
1,1,-1,-1,-1,1,1,1,-1,1,1,-1,-1,-1,-1,-1,-1,-1,0.009670322760939598
1,1,-1,-1,-1,1,1,1,-1,1,1,-1,-1,-1,1,-1,1,-1,0.009908587671816349
1,1,-1,-1,-1,1,1,1,-1,1,1,-1,-1,1,1,-1,-1,1,0.009942309930920601
1,1,-1,-1,-1,1,1,1,-1,1,1,-1,-1,1,1,1,-1,-1,0.008972927927970886
1,1,-1,-1,-1,1,1,1,-1,1,1,-1,-1,1,1,1,1,-1,0.009007688611745834
1,1,-1,-1,-1,1,1,1,-1,1,1,-1,-1,1,1,1,1,1,0.00929236225783825
1,1,-1,-1,-1,1,1,1,-1,1,1,-1,1,1,1,-1,-1,1,0.01034881453961134
1,1,-1,-1,-1,1,1,1,-1,1,1,-1,1,1,1,1,-1,1,0.009670046158134937
1,1,-1,-1,-1,1,1,1,-1,1,1,1,-1,1,-1,-1,1,-1,0.008964890614151955
1,1,-1,-1,-1,1,1,1,1,-1,-1,-1,-1,1,-1,-1,1,1,0.010654096491634846
1,1,-1,-1,-1,1,1,1,1,-1,-1,-1,-1,1,1,1,1,1,0.010148442350327969
1,1,-1,-1,-1,1,1,1,1,-1,-1,-1,1,-1,1,-1,-1,1,0.011421086266636848
1,1,-1,-1,-1,1,1,1,1,-1,-1,-1,1,1,1,1,-1,1,0.010516868904232979
1,1,-1,-1,-1,1,1,1,1,-1,-1,1,1,-1,1,-1,-1,-1,0.010587960481643677
1,1,-1,-1,-1,1,1,1,1,-1,-1,1,1,1,-1,1,1,1,0.009818185120821
1,1,-1,-1,-1,1,1,1,1,-1,1,-1,1,-1,1,-1,1,1,0.011448226869106293
1,1,-1,-1,-1,1,1,1,1,1,-1,-1,-1,1,1,-1,1,-1,0.009779747575521469
1,1,-1,-1,-1,1,1,1,1,1,-1,-1,1,-1,1,1,1,1,0.010005032643675804
1,1,-1,-1,-1,1,1,1,1,1,-1,1,-1,1,-1,-1,-1,1,0.009304776787757874
1,1,-1,-1,-1,1,1,1,1,1,1,-1,-1,-1,1,-1,1,1,0.010263737291097641
1,1,-1,-1,-1,1,1,1,1,1,1,1,-1,-1,-1,1,-1,-1,0.00849506352096796
1,1,-1,-1,-1,1,1,1,1,1,1,1,1,1,1,-1,-1,-1,0.009601358324289322
1,1,-1,-1,1,-1,-1,-1,-1,-1,-1,-1,-1,1,1,-1,-1,1,0.009975908324122429
1,1,-1,-1,1,-1,-1,-1,-1,-1,-1,-1,1,-1,-1,1,-1,-1,0.009416462853550911
1,1,-1,-1,1,-1,-1,-1,-1,-1,-1,1,1,-1,-1,1,-1,1,0.009158623404800892
1,1,-1,-1,1,-1,-1,-1,-1,-1,-1,1,1,1,-1,-1,-1,1,0.009651590138673782
1,1,-1,-1,1,-1,-1,-1,-1,-1,1,1,-1,-1,-1,-1,1,1,0.009467284195125103
1,1,-1,-1,1,-1,-1,-1,-1,-1,1,1,-1,1,-1,-1,1,1,0.009266287088394165
1,1,-1,-1,1,-1,-1,-1,-1,-1,1,1,1,1,-1,1,1,-1,0.008691533468663692
1,1,-1,-1,1,-1,-1,-1,-1,-1,1,1,1,1,1,1,-1,1,0.009141634218394756
1,1,-1,-1,1,-1,-1,-1,-1,1,-1,-1,-1,1,-1,-1,-1,1,0.009009613655507565
1,1,-1,-1,1,-1,-1,-1,-1,1,-1,-1,-1,1,-1,1,-1,1,0.008312331512570381
1,1,-1,-1,1,-1,-1,-1,-1,1,-1,1,-1,-1,1,-1,1,1,0.008921558037400246
1,1,-1,-1,1,-1,-1,-1,-1,1,-1,1,1,-1,-1,1,-1,-1,0.008095964789390564
1,1,-1,-1,1,-1,-1,-1,-1,1,-1,1,1,1,-1,1,1,1,0.008238853886723518
1,1,-1,-1,1,-1,-1,-1,-1,1,-1,1,1,1,1,1,1,1,0.008433102630078793
1,1,-1,-1,1,-1,-1,-1,-1,1,1,-1,1,-1,1,1,-1,1,0.00910052377730608
1,1,-1,-1,1,-1,-1,-1,-1,1,1,1,1,-1,-1,1,1,-1,0.008132361806929111
1,1,-1,-1,1,-1,-1,-1,1,-1,-1,-1,-1,1,1,1,1,1,0.009397746995091438
1,1,-1,-1,1,-1,-1,-1,1,-1,-1,-1,1,-1,-1,1,-1,-1,0.009468424133956432
1,1,-1,-1,1,-1,-1,-1,1,-1,-1,-1,1,-1,-1,1,1,1,0.009797115810215473
1,1,-1,-1,1,-1,-1,-1,1,-1,-1,-1,1,1,-1,1,1,-1,0.009308823384344578
1,1,-1,-1,1,-1,-1,-1,1,-1,-1,-1,1,1,1,1,-1,1,0.009755606763064861
1,1,-1,-1,1,-1,-1,-1,1,-1,-1,1,-1,-1,-1,1,-1,1,0.008822592906653881
1,1,-1,-1,1,-1,-1,-1,1,-1,-1,1,-1,-1,1,-1,-1,1,0.009720061905682087
1,1,-1,-1,1,-1,-1,-1,1,-1,-1,1,-1,-1,1,1,-1,1,0.009022780694067478
1,1,-1,-1,1,-1,-1,-1,1,-1,-1,1,1,-1,1,-1,1,1,0.010161328129470348
1,1,-1,-1,1,-1,-1,-1,1,-1,1,-1,-1,-1,1,1,-1,1,0.009542478248476982
1,1,-1,-1,1,-1,-1,-1,1,-1,1,-1,-1,1,1,1,1,1,0.00937030278146267
1,1,-1,-1,1,-1,-1,-1,1,-1,1,-1,1,-1,-1,-1,1,1,0.010483459569513798
1,1,-1,-1,1,-1,-1,-1,1,-1,1,-1,1,1,1,-1,-1,1,0.010430073365569115
1,1,-1,-1,1,-1,-1,-1,1,-1,1,1,1,1,-1,1,1,1,0.009043363854289055
1,1,-1,-1,1,-1,-1,-1,1,-1,1,1,1,1,1,-1,1,-1,0.009646902792155743
1,1,-1,-1,1,-1,-1,-1,1,1,-1,-1,-1,-1,1,-1,-1,-1,0.00919065997004509
1,1,-1,-1,1,-1,-1,-1,1,1,-1,-1,-1,1,1,1,-1,-1,0.008289759978652
1,1,-1,-1,1,-1,-1,-1,1,1,-1,1,1,-1,-1,1,-1,-1,0.008166439831256866
1,1,-1,-1,1,-1,-1,-1,1,1,1,-1,1,1,-1,1,1,1,0.008810513652861118
1,1,-1,-1,1,-1,-1,-1,1,1,1,-1,1,1,1,1,-1,1,0.008964063599705696
1,1,-1,-1,1,-1,-1,-1,1,1,1,1,-1,-1,-1,1,1,-1,0.0077811358496546745
1,1,-1,-1,1,-1,-1,-1,1,1,1,1,1,-1,1,-1,1,-1,0.00907585397362709
1,1,-1,-1,1,-1,-1,1,-1,-1,-1,-1,-1,-1,1,1,1,-1,0.009313005954027176
1,1,-1,-1,1,-1,-1,1,-1,-1,-1,-1,-1,1,1,-1,1,1,0.01007545180618763
1,1,-1,-1,1,-1,-1,1,-1,-1,-1,-1,1,-1,1,-1,-1,1,0.010660070925951004
1,1,-1,-1,1,-1,-1,1,-1,-1,-1,-1,1,-1,1,1,1,-1,0.009710254147648811
1,1,-1,-1,1,-1,-1,1,-1,-1,-1,1,-1,-1,-1,-1,-1,1,0.00950754713267088
1,1,-1,-1,1,-1,-1,1,-1,-1,-1,1,-1,-1,-1,1,-1,-1,0.008532226085662842
1,1,-1,-1,1,-1,-1,1,-1,-1,1,-1,-1,1,1,1,-1,-1,0.009039237163960934
1,1,-1,-1,1,-1,-1,1,-1,-1,1,-1,1,1,-1,-1,-1,-1,0.009936201386153698
1,1,-1,-1,1,-1,-1,1,-1,-1,1,1,-1,1,1,-1,1,1,0.00953457411378622
1,1,-1,-1,1,-1,-1,1,-1,1,-1,-1,-1,-1,-1,-1,1,-1,0.00901622325181961
1,1,-1,-1,1,-1,-1,1,-1,1,-1,-1,-1,1,1,-1,-1,-1,0.008968775160610676
1,1,-1,-1,1,-1,-1,1,-1,1,-1,1,-1,1,-1,-1,1,-1,0.008281969465315342
1,1,-1,-1,1,-1,-1,1,-1,1,-1,1,1,-1,-1,-1,1,-1,0.008904666639864445
1,1,-1,-1,1,-1,-1,1,-1,1,-1,1,1,-1,-1,1,1,-1,0.008204763755202293
1,1,-1,-1,1,-1,-1,1,-1,1,-1,1,1,-1,1,-1,1,-1,0.009108171798288822
1,1,-1,-1,1,-1,-1,1,-1,1,-1,1,1,1,1,1,1,1,0.00849788449704647
1,1,-1,-1,1,-1,-1,1,-1,1,1,-1,-1,-1,1,1,-1,1,0.00875880103558302
1,1,-1,-1,1,-1,-1,1,-1,1,1,1,1,-1,1,-1,-1,1,0.009331951849162579
1,1,-1,-1,1,-1,-1,1,-1,1,1,1,1,1,-1,-1,-1,-1,0.008615703321993351
1,1,-1,-1,1,-1,-1,1,-1,1,1,1,1,1,1,1,-1,-1,0.008134501054883003
1,1,-1,-1,1,-1,-1,1,1,-1,-1,-1,-1,-1,-1,1,1,-1,0.009164780378341675
1,1,-1,-1,1,-1,-1,1,1,-1,-1,-1,-1,1,-1,-1,-1,1,0.009898403659462929
1,1,-1,-1,1,-1,-1,1,1,-1,-1,-1,-1,1,-1,1,-1,-1,0.008919766172766685
1,1,-1,-1,1,-1,-1,1,1,-1,-1,-1,-1,1,1,1,1,-1,0.009152092970907688
1,1,-1,-1,1,-1,-1,1,1,-1,-1,-1,1,-1,1,1,-1,-1,0.00972745567560196
1,1,-1,-1,1,-1,-1,1,1,-1,-1,1,-1,-1,-1,-1,1,1,0.009612781926989555
1,1,-1,-1,1,-1,-1,1,1,-1,-1,1,1,-1,1,-1,1,1,0.010216853581368923
1,1,-1,-1,1,-1,-1,1,1,-1,-1,1,1,1,-1,-1,1,1,0.009812351316213608
1,1,-1,-1,1,-1,-1,1,1,-1,1,-1,-1,1,1,1,1,-1,0.009129277430474758
1,1,-1,-1,1,-1,-1,1,1,-1,1,1,-1,-1,-1,1,-1,-1,0.008570629172027111
1,1,-1,-1,1,-1,-1,1,1,1,-1,-1,-1,-1,-1,1,1,1,0.008674089796841145
1,1,-1,-1,1,-1,-1,1,1,1,-1,-1,1,-1,1,-1,-1,-1,0.0096586300060153
1,1,-1,-1,1,-1,-1,1,1,1,-1,1,-1,-1,1,1,-1,-1,0.008009708486497402
1,1,-1,-1,1,-1,-1,1,1,1,-1,1,1,-1,1,-1,1,1,0.009450746700167656
1,1,-1,-1,1,-1,-1,1,1,1,-1,1,1,1,1,1,-1,-1,0.008218534290790558
1,1,-1,-1,1,-1,-1,1,1,1,1,-1,-1,1,1,-1,1,-1,0.009051195345818996
1,1,-1,-1,1,-1,-1,1,1,1,1,-1,1,1,-1,-1,1,1,0.009550746530294418
1,1,-1,-1,1,-1,-1,1,1,1,1,1,-1,-1,-1,-1,1,-1,0.008527307771146297
1,1,-1,-1,1,-1,-1,1,1,1,1,1,-1,1,-1,1,1,-1,0.007626407779753208
1,1,-1,-1,1,-1,-1,1,1,1,1,1,1,-1,1,1,1,-1,0.008437415584921837
1,1,-1,-1,1,-1,1,-1,-1,-1,-1,-1,1,-1,-1,-1,1,-1,0.010842367075383663
1,1,-1,-1,1,-1,1,-1,-1,-1,-1,1,-1,1,1,-1,-1,-1,0.009861096739768982
1,1,-1,-1,1,-1,1,-1,-1,-1,1,-1,-1,-1,-1,-1,-1,-1,0.01038422528654337
1,1,-1,-1,1,-1,1,-1,-1,-1,1,-1,-1,1,-1,-1,-1,-1,0.010168032720685005
1,1,-1,-1,1,-1,1,-1,-1,-1,1,-1,-1,1,1,-1,1,-1,0.010424811393022537
1,1,-1,-1,1,-1,1,-1,-1,-1,1,-1,1,-1,-1,-1,-1,1,0.011066148057579994
1,1,-1,-1,1,-1,1,-1,-1,-1,1,1,-1,1,-1,1,1,-1,0.008988146670162678
1,1,-1,-1,1,-1,1,-1,-1,1,-1,-1,-1,-1,1,1,1,1,0.009479165077209473
1,1,-1,-1,1,-1,1,-1,-1,1,-1,-1,-1,1,1,-1,-1,-1,0.009625624865293503
1,1,-1,-1,1,-1,1,-1,-1,1,-1,1,-1,1,1,-1,-1,1,0.009373724460601807
1,1,-1,-1,1,-1,1,-1,-1,1,1,-1,-1,-1,1,1,1,1,0.009441155008971691
1,1,-1,-1,1,-1,1,-1,-1,1,1,-1,1,-1,1,-1,1,-1,0.01025101076811552
1,1,-1,-1,1,-1,1,-1,-1,1,1,1,-1,-1,-1,-1,-1,1,0.009369535371661186
1,1,-1,-1,1,-1,1,-1,-1,1,1,1,-1,1,-1,-1,1,1,0.009200677275657654
1,1,-1,-1,1,-1,1,-1,-1,1,1,1,1,-1,1,-1,-1,1,0.00997491693124175
1,1,-1,-1,1,-1,1,-1,-1,1,1,1,1,-1,1,-1,1,-1,0.00971775408834219
1,1,-1,-1,1,-1,1,-1,-1,1,1,1,1,1,-1,1,-1,1,0.008859945461153984
1,1,-1,-1,1,-1,1,-1,-1,1,1,1,1,1,-1,1,1,1,0.008909900672733784
1,1,-1,-1,1,-1,1,-1,1,-1,-1,-1,-1,1,-1,-1,-1,-1,0.01025206595659256
1,1,-1,-1,1,-1,1,-1,1,-1,-1,-1,1,-1,1,-1,1,1,0.011397703550755978
1,1,-1,-1,1,-1,1,-1,1,-1,-1,1,-1,1,-1,1,1,-1,0.009078118950128555
1,1,-1,-1,1,-1,1,-1,1,-1,-1,1,1,1,-1,1,-1,1,0.009716024622321129
1,1,-1,-1,1,-1,1,-1,1,-1,-1,1,1,1,1,-1,1,1,0.010672706179320812
1,1,-1,-1,1,-1,1,-1,1,-1,1,-1,-1,-1,1,1,-1,1,0.010240968782454729
1,1,-1,-1,1,-1,1,-1,1,-1,1,-1,-1,1,1,-1,1,-1,0.010486030019819736
1,1,-1,-1,1,-1,1,-1,1,-1,1,-1,1,1,-1,-1,1,-1,0.010673834010958672
1,1,-1,-1,1,-1,1,-1,1,-1,1,-1,1,1,1,1,1,-1,0.01018337532877922
1,1,-1,-1,1,-1,1,-1,1,-1,1,1,-1,-1,-1,1,-1,-1,0.009208966046571732
1,1,-1,-1,1,-1,1,-1,1,-1,1,1,-1,1,-1,-1,1,-1,0.009743329137563705
1,1,-1,-1,1,-1,1,-1,1,1,-1,-1,-1,1,-1,1,-1,1,0.009079987183213234
1,1,-1,-1,1,-1,1,-1,1,1,-1,-1,-1,1,1,-1,-1,-1,0.009677587077021599
1,1,-1,-1,1,-1,1,-1,1,1,-1,1,1,1,-1,-1,-1,1,0.009647199884057045
1,1,-1,-1,1,-1,1,-1,1,1,1,-1,-1,1,1,-1,-1,-1,0.009669966995716095
1,1,-1,-1,1,-1,1,-1,1,1,1,-1,1,-1,-1,1,-1,-1,0.00937668140977621
1,1,-1,-1,1,-1,1,1,-1,-1,-1,-1,1,-1,1,-1,-1,-1,0.011066637933254242
1,1,-1,-1,1,-1,1,1,-1,-1,-1,-1,1,1,1,-1,-1,-1,0.010865640826523304
1,1,-1,-1,1,-1,1,1,-1,-1,-1,1,-1,-1,-1,-1,-1,1,0.010213983245193958
1,1,-1,-1,1,-1,1,1,-1,-1,-1,1,1,1,1,-1,1,1,0.010667013935744762
1,1,-1,-1,1,-1,1,1,-1,-1,1,-1,-1,1,-1,-1,1,-1,0.010276831686496735
1,1,-1,-1,1,-1,1,1,-1,-1,1,-1,1,-1,-1,1,1,1,0.010480983182787895
1,1,-1,-1,1,-1,1,1,-1,-1,1,-1,1,1,1,1,-1,1,0.01043021772056818
1,1,-1,-1,1,-1,1,1,-1,-1,1,1,1,1,1,1,1,-1,0.009659621864557266
1,1,-1,-1,1,-1,1,1,-1,1,-1,-1,-1,1,1,-1,-1,1,0.009968445636332035
1,1,-1,-1,1,-1,1,1,-1,1,-1,-1,1,1,1,1,-1,-1,0.009390373714268208
1,1,-1,-1,1,-1,1,1,-1,1,-1,1,1,-1,-1,-1,-1,-1,0.009548572823405266
1,1,-1,-1,1,-1,1,1,-1,1,-1,1,1,1,-1,-1,1,-1,0.009400849230587482
1,1,-1,-1,1,-1,1,1,-1,1,1,-1,-1,-1,1,1,1,1,0.009502619504928589
1,1,-1,-1,1,-1,1,1,-1,1,1,1,-1,-1,1,1,1,1,0.008972680196166039
1,1,-1,-1,1,-1,1,1,-1,1,1,1,-1,1,1,1,1,-1,0.00847513135522604
1,1,-1,-1,1,-1,1,1,-1,1,1,1,1,-1,1,1,-1,1,0.0093351686373353
1,1,-1,-1,1,-1,1,1,-1,1,1,1,1,1,-1,-1,-1,-1,0.009334017522633076
1,1,-1,-1,1,-1,1,1,1,-1,-1,-1,-1,-1,-1,1,-1,-1,0.009820563718676567
1,1,-1,-1,1,-1,1,1,1,-1,-1,1,-1,-1,-1,-1,-1,-1,0.009975331835448742
1,1,-1,-1,1,-1,1,1,1,-1,-1,1,1,-1,-1,1,1,-1,0.009747086092829704
1,1,-1,-1,1,-1,1,1,1,-1,1,-1,-1,-1,-1,1,1,-1,0.009851021692156792
1,1,-1,-1,1,-1,1,1,1,-1,1,-1,-1,1,-1,-1,-1,-1,0.010294033214449883
1,1,-1,-1,1,-1,1,1,1,-1,1,-1,-1,1,1,-1,1,-1,0.010541555471718311
1,1,-1,-1,1,-1,1,1,1,-1,1,1,-1,1,1,-1,1,-1,0.009999041445553303
1,1,-1,-1,1,-1,1,1,1,1,-1,-1,-1,-1,-1,1,-1,-1,0.00905777420848608
1,1,-1,-1,1,-1,1,1,1,1,-1,-1,-1,1,1,1,1,-1,0.009083165787160397
1,1,-1,-1,1,-1,1,1,1,1,-1,1,-1,-1,-1,-1,1,-1,0.009247303009033203
1,1,-1,-1,1,-1,1,1,1,1,1,-1,-1,-1,1,-1,-1,1,0.010217102244496346
1,1,-1,-1,1,-1,1,1,1,1,1,-1,1,-1,-1,1,1,-1,0.009476224891841412
1,1,-1,-1,1,-1,1,1,1,1,1,-1,1,1,1,-1,-1,-1,0.010122740641236305
1,1,-1,-1,1,-1,1,1,1,1,1,1,1,-1,-1,-1,-1,1,0.00988684594631195
1,1,-1,-1,1,-1,1,1,1,1,1,1,1,1,1,1,1,1,0.009224210865795612
1,1,-1,-1,1,1,-1,-1,-1,-1,-1,-1,1,-1,1,1,-1,1,0.010063397698104382
1,1,-1,-1,1,1,-1,-1,-1,-1,-1,1,-1,-1,1,-1,-1,-1,0.009526986628770828
1,1,-1,-1,1,1,-1,-1,-1,-1,-1,1,1,-1,1,1,1,-1,0.009292800910770893
1,1,-1,-1,1,1,-1,-1,-1,-1,-1,1,1,1,1,1,1,1,0.009361282922327518
1,1,-1,-1,1,1,-1,-1,-1,-1,1,-1,1,1,1,-1,1,-1,0.010290270671248436
1,1,-1,-1,1,1,-1,-1,-1,-1,1,-1,1,1,1,1,1,1,0.009877663105726242
1,1,-1,-1,1,1,-1,-1,-1,-1,1,1,-1,-1,-1,1,-1,1,0.00889731477946043
1,1,-1,-1,1,1,-1,-1,-1,-1,1,1,-1,1,-1,1,1,-1,0.008443783037364483
1,1,-1,-1,1,1,-1,-1,-1,1,-1,1,-1,-1,1,-1,1,-1,0.008793018758296967
1,1,-1,-1,1,1,-1,-1,-1,1,-1,1,-1,1,1,-1,-1,-1,0.008542065508663654
1,1,-1,-1,1,1,-1,-1,-1,1,1,-1,1,-1,1,-1,1,1,0.010006517171859741
1,1,-1,-1,1,1,-1,-1,-1,1,1,-1,1,1,1,1,1,-1,0.008824260905385017
1,1,-1,-1,1,1,-1,-1,-1,1,1,1,-1,1,1,-1,-1,1,0.008809863589704037
1,1,-1,-1,1,1,-1,-1,1,-1,-1,-1,1,-1,1,-1,-1,-1,0.010522028431296349
1,1,-1,-1,1,1,-1,-1,1,-1,-1,-1,1,-1,1,-1,1,1,0.010865914635360241
1,1,-1,-1,1,1,-1,-1,1,-1,-1,1,1,-1,-1,1,-1,-1,0.009106497280299664
1,1,-1,-1,1,1,-1,-1,1,-1,-1,1,1,-1,1,1,1,1,0.009635375812649727
1,1,-1,-1,1,1,-1,-1,1,-1,1,-1,-1,1,1,1,-1,-1,0.009201064705848694
1,1,-1,-1,1,1,-1,-1,1,-1,1,-1,-1,1,1,1,1,-1,0.009251019917428493
1,1,-1,-1,1,1,-1,-1,1,-1,1,-1,1,1,-1,-1,-1,-1,0.010098027996718884
1,1,-1,-1,1,1,-1,-1,1,-1,1,1,-1,-1,-1,-1,1,1,0.00969651434570551
1,1,-1,-1,1,1,-1,-1,1,-1,1,1,-1,-1,-1,1,1,1,0.009002549573779106
1,1,-1,-1,1,1,-1,-1,1,-1,1,1,-1,-1,1,-1,-1,1,0.009865258820354939
1,1,-1,-1,1,1,-1,-1,1,-1,1,1,1,1,-1,1,1,-1,0.008920762687921524
1,1,-1,-1,1,1,-1,-1,1,1,-1,1,-1,1,-1,1,-1,-1,0.007705815136432648
1,1,-1,-1,1,1,-1,-1,1,1,-1,1,1,1,-1,1,-1,-1,0.00811825878918171
1,1,-1,-1,1,1,-1,-1,1,1,-1,1,1,1,1,1,1,1,0.00865971203893423
1,1,-1,-1,1,1,-1,-1,1,1,1,-1,-1,-1,-1,-1,-1,-1,0.009132351726293564
1,1,-1,-1,1,1,-1,-1,1,1,1,-1,1,-1,1,1,-1,-1,0.009048397652804852
1,1,-1,-1,1,1,-1,-1,1,1,1,-1,1,1,1,1,-1,-1,0.008835523389279842
1,1,-1,-1,1,1,-1,-1,1,1,1,1,1,1,-1,-1,1,1,0.009133294224739075
1,1,-1,-1,1,1,-1,1,-1,-1,-1,-1,-1,-1,1,1,-1,-1,0.009415865875780582
1,1,-1,-1,1,1,-1,1,-1,-1,-1,1,-1,-1,-1,1,1,1,0.009022991172969341
1,1,-1,-1,1,1,-1,1,-1,-1,-1,1,-1,-1,1,1,-1,1,0.00917322188615799
1,1,-1,-1,1,1,-1,1,-1,-1,-1,1,1,-1,-1,-1,1,1,0.010114203207194805
1,1,-1,-1,1,1,-1,1,-1,-1,1,-1,-1,-1,1,1,1,-1,0.00945226289331913
1,1,-1,-1,1,1,-1,1,-1,-1,1,-1,-1,1,1,-1,-1,1,0.010176630690693855
1,1,-1,-1,1,1,-1,1,-1,-1,1,-1,1,-1,-1,-1,-1,-1,0.010299271903932095
1,1,-1,-1,1,1,-1,1,-1,-1,1,-1,1,1,-1,-1,-1,1,0.010379631072282791
1,1,-1,-1,1,1,-1,1,-1,-1,1,-1,1,1,-1,1,-1,1,0.009694923646748066
1,1,-1,-1,1,1,-1,1,-1,-1,1,1,-1,-1,-1,-1,-1,1,0.009650122374296188
1,1,-1,-1,1,1,-1,1,-1,-1,1,1,-1,-1,-1,-1,1,-1,0.009401867166161537
1,1,-1,-1,1,1,-1,1,-1,-1,1,1,1,-1,-1,1,-1,1,0.009362664073705673
1,1,-1,-1,1,1,-1,1,-1,-1,1,1,1,1,1,1,1,-1,0.009103380143642426
1,1,-1,-1,1,1,-1,1,-1,1,-1,1,-1,-1,-1,-1,1,-1,0.008654295466840267
1,1,-1,-1,1,1,-1,1,-1,1,-1,1,-1,-1,-1,1,-1,1,0.008203609846532345
1,1,-1,-1,1,1,-1,1,-1,1,-1,1,1,-1,1,-1,1,-1,0.009255049750208855
1,1,-1,-1,1,1,-1,1,-1,1,-1,1,1,1,1,1,-1,-1,0.008310132659971714
1,1,-1,-1,1,1,-1,1,-1,1,1,-1,-1,1,1,1,1,1,0.008763894438743591
1,1,-1,-1,1,1,-1,1,-1,1,1,1,-1,1,-1,-1,-1,1,0.008667822927236557
1,1,-1,-1,1,1,-1,1,-1,1,1,1,-1,1,-1,-1,1,-1,0.008421226404607296
1,1,-1,-1,1,1,-1,1,-1,1,1,1,1,1,1,-1,-1,-1,0.008987220004200935
1,1,-1,-1,1,1,-1,1,-1,1,1,1,1,1,1,1,-1,1,0.008577929809689522
1,1,-1,-1,1,1,-1,1,1,-1,-1,-1,-1,1,1,-1,-1,1,0.010269921272993088
1,1,-1,-1,1,1,-1,1,1,-1,-1,-1,1,-1,1,-1,1,1,0.010927379131317139
1,1,-1,-1,1,1,-1,1,1,-1,-1,1,-1,-1,1,1,1,1,0.009287714026868343
1,1,-1,-1,1,1,-1,1,1,-1,1,1,-1,1,1,-1,1,1,0.0097486088052392
1,1,-1,-1,1,1,-1,1,1,-1,1,1,1,1,-1,-1,-1,1,0.009916848503053188
1,1,-1,-1,1,1,-1,1,1,-1,1,1,1,1,-1,1,1,-1,0.008967031724750996
1,1,-1,-1,1,1,-1,1,1,1,-1,-1,-1,1,1,-1,-1,1,0.009482679888606071
1,1,-1,-1,1,1,-1,1,1,1,-1,1,-1,1,-1,-1,-1,-1,0.008470499888062477
1,1,-1,-1,1,1,-1,1,1,1,-1,1,1,1,1,1,-1,1,0.008661963976919651
1,1,-1,-1,1,1,-1,1,1,1,1,-1,-1,1,-1,-1,-1,-1,0.008980941027402878
1,1,-1,-1,1,1,-1,1,1,1,1,-1,-1,1,-1,1,-1,1,0.008562395349144936
1,1,-1,-1,1,1,-1,1,1,1,1,-1,-1,1,1,1,1,1,0.008825112134218216
1,1,-1,-1,1,1,-1,1,1,1,1,-1,1,-1,-1,-1,-1,1,0.00988499540835619
1,1,-1,-1,1,1,-1,1,1,1,1,1,-1,-1,-1,-1,1,-1,0.008689381182193756
1,1,-1,-1,1,1,-1,1,1,1,1,1,1,-1,1,1,1,1,0.008896039798855782
1,1,-1,-1,1,1,-1,1,1,1,1,1,1,1,1,1,1,1,0.008683165535330772
1,1,-1,-1,1,1,1,-1,-1,-1,-1,-1,-1,-1,-1,-1,1,1,0.010897804982960224
1,1,-1,-1,1,1,1,-1,-1,-1,-1,-1,-1,-1,-1,1,-1,-1,0.009867552202194929
1,1,-1,-1,1,1,1,-1,-1,-1,-1,1,-1,-1,1,-1,-1,-1,0.010224166326224804
1,1,-1,-1,1,1,1,-1,-1,-1,-1,1,-1,-1,1,-1,-1,1,0.01052403636276722
1,1,-1,-1,1,1,1,-1,-1,-1,-1,1,-1,1,-1,-1,1,-1,0.009866999462246895
1,1,-1,-1,1,1,1,-1,-1,-1,-1,1,-1,1,1,1,1,1,0.009657897055149078
1,1,-1,-1,1,1,1,-1,-1,-1,-1,1,1,-1,1,-1,-1,1,0.010927223600447178
1,1,-1,-1,1,1,1,-1,-1,-1,-1,1,1,-1,1,-1,1,-1,0.010683945380151272
1,1,-1,-1,1,1,1,-1,-1,-1,-1,1,1,-1,1,1,1,1,0.010280594229698181
1,1,-1,-1,1,1,1,-1,-1,-1,1,-1,-1,-1,-1,1,-1,1,0.01013369020074606
1,1,-1,-1,1,1,1,-1,-1,-1,1,-1,-1,-1,1,-1,1,1,0.011075176298618317
1,1,-1,-1,1,1,1,-1,-1,-1,1,-1,-1,1,-1,-1,1,1,0.01065879687666893
1,1,-1,-1,1,1,1,-1,-1,-1,1,-1,1,1,-1,-1,-1,-1,0.010730672627687454
1,1,-1,-1,1,1,1,-1,-1,-1,1,-1,1,1,1,-1,-1,1,0.01122479047626257
1,1,-1,-1,1,1,1,-1,-1,-1,1,-1,1,1,1,-1,1,-1,0.010987451300024986
1,1,-1,-1,1,1,1,-1,-1,-1,1,1,-1,-1,1,-1,1,1,0.010535981506109238
1,1,-1,-1,1,1,1,-1,-1,-1,1,1,-1,-1,1,1,1,1,0.009842016734182835
1,1,-1,-1,1,1,1,-1,-1,-1,1,1,1,-1,1,-1,1,1,0.010942486114799976
1,1,-1,-1,1,1,1,-1,-1,-1,1,1,1,1,-1,-1,1,1,0.010532045736908913
1,1,-1,-1,1,1,1,-1,-1,-1,1,1,1,1,-1,1,-1,-1,0.009509390220046043
1,1,-1,-1,1,1,1,-1,-1,-1,1,1,1,1,1,1,1,-1,0.009756912477314472
1,1,-1,-1,1,1,1,-1,-1,1,-1,-1,1,-1,-1,1,-1,-1,0.009494413621723652
1,1,-1,-1,1,1,1,-1,-1,1,-1,-1,1,-1,-1,1,-1,1,0.009790965355932713
1,1,-1,-1,1,1,1,-1,-1,1,-1,1,-1,-1,1,1,-1,-1,0.008758156560361385
1,1,-1,-1,1,1,1,-1,-1,1,-1,1,-1,1,1,1,1,-1,0.008601176552474499
1,1,-1,-1,1,1,1,-1,-1,1,-1,1,1,1,1,-1,1,-1,0.009710902348160744
1,1,-1,-1,1,1,1,-1,-1,1,1,-1,1,-1,-1,-1,1,-1,0.010209579020738602
1,1,-1,-1,1,1,1,-1,-1,1,1,-1,1,-1,1,-1,-1,1,0.010674875229597092
1,1,-1,-1,1,1,1,-1,-1,1,1,-1,1,1,-1,-1,1,1,0.010302512906491756
1,1,-1,-1,1,1,1,-1,-1,1,1,1,-1,-1,-1,-1,1,1,0.009569686837494373
1,1,-1,-1,1,1,1,-1,1,-1,-1,-1,1,-1,1,1,-1,-1,0.010540439747273922
1,1,-1,-1,1,1,1,-1,1,-1,-1,-1,1,1,1,-1,-1,-1,0.01102415006607771
1,1,-1,-1,1,1,1,-1,1,-1,-1,-1,1,1,1,-1,1,1,0.011362098157405853
1,1,-1,-1,1,1,1,-1,1,-1,-1,1,-1,-1,1,1,-1,1,0.009882033802568913
1,1,-1,-1,1,1,1,-1,1,-1,-1,1,-1,1,1,-1,-1,1,0.01036906149238348
1,1,-1,-1,1,1,1,-1,1,-1,-1,1,-1,1,1,1,1,-1,0.009434440173208714
1,1,-1,-1,1,1,1,-1,1,-1,-1,1,1,1,-1,-1,1,1,0.01062533538788557
1,1,-1,-1,1,1,1,-1,1,-1,-1,1,1,1,-1,1,-1,1,0.009893293492496014
1,1,-1,-1,1,1,1,-1,1,-1,1,-1,-1,-1,1,-1,-1,1,0.01109569612890482
1,1,-1,-1,1,1,1,-1,1,-1,1,-1,-1,1,1,-1,-1,-1,0.010588889941573143
1,1,-1,-1,1,1,1,-1,1,-1,1,-1,-1,1,1,1,1,1,0.010235494934022427
1,1,-1,-1,1,1,1,-1,1,1,-1,-1,1,1,-1,1,-1,-1,0.009363891556859016
1,1,-1,-1,1,1,1,-1,1,1,-1,1,1,-1,-1,1,1,-1,0.0090756481513381
1,1,-1,-1,1,1,1,-1,1,1,1,-1,1,-1,-1,-1,-1,1,0.01052333228290081
1,1,-1,-1,1,1,1,-1,1,1,1,-1,1,-1,-1,-1,1,-1,0.01027673576027155
1,1,-1,-1,1,1,1,-1,1,1,1,-1,1,-1,1,1,-1,1,0.01003619097173214
1,1,-1,-1,1,1,1,-1,1,1,1,-1,1,-1,1,1,1,1,0.010070951655507088
1,1,-1,-1,1,1,1,-1,1,1,1,-1,1,1,-1,1,1,-1,0.009385093115270138
1,1,-1,-1,1,1,1,-1,1,1,1,-1,1,1,1,1,1,-1,0.009573402814567089
1,1,-1,-1,1,1,1,-1,1,1,1,1,-1,-1,-1,1,-1,1,0.008883667178452015
1,1,-1,-1,1,1,1,-1,1,1,1,1,-1,-1,1,1,-1,-1,0.008805816061794758
1,1,-1,-1,1,1,1,-1,1,1,1,1,1,-1,-1,-1,1,-1,0.009752735495567322
1,1,-1,-1,1,1,1,-1,1,1,1,1,1,-1,-1,1,-1,-1,0.008999559096992016
1,1,-1,-1,1,1,1,1,-1,-1,-1,-1,1,1,1,-1,-1,-1,0.011027714237570763
1,1,-1,-1,1,1,1,1,-1,-1,-1,1,-1,-1,1,-1,1,-1,0.010329647921025753
1,1,-1,-1,1,1,1,1,-1,-1,-1,1,-1,1,1,1,-1,1,0.009684600867331028
1,1,-1,-1,1,1,1,1,-1,-1,-1,1,-1,1,1,1,1,1,0.009713422507047653
1,1,-1,-1,1,1,1,1,-1,-1,1,1,-1,1,1,-1,1,1,0.010384570807218552
1,1,-1,-1,1,1,1,1,-1,1,-1,-1,-1,1,1,-1,-1,-1,0.009833967313170433
1,1,-1,-1,1,1,1,1,-1,1,-1,-1,1,-1,1,1,-1,1,0.010044056922197342
1,1,-1,-1,1,1,1,1,-1,1,-1,-1,1,1,-1,1,1,1,0.009692828170955181
1,1,-1,-1,1,1,1,1,-1,1,-1,-1,1,1,1,1,1,1,0.00989039521664381
1,1,-1,-1,1,1,1,1,-1,1,-1,1,1,-1,-1,-1,1,1,0.010045276023447514
1,1,-1,-1,1,1,1,1,-1,1,-1,1,1,-1,-1,1,-1,1,0.009307295083999634
1,1,-1,-1,1,1,1,1,-1,1,-1,1,1,-1,1,-1,-1,-1,0.009914151392877102
1,1,-1,-1,1,1,1,1,-1,1,1,-1,-1,-1,1,-1,1,1,0.010352717712521553
1,1,-1,-1,1,1,1,1,-1,1,1,-1,-1,-1,1,1,1,-1,0.009383335709571838
1,1,-1,-1,1,1,1,1,-1,1,1,-1,-1,1,1,1,1,-1,0.009176400490105152
1,1,-1,-1,1,1,1,1,-1,1,1,-1,1,1,-1,-1,1,1,0.010348781943321228
1,1,-1,-1,1,1,1,1,-1,1,1,1,-1,-1,1,1,-1,-1,0.008800122886896133
1,1,-1,-1,1,1,1,1,-1,1,1,1,1,-1,-1,1,-1,-1,0.00900312326848507
1,1,-1,-1,1,1,1,1,-1,1,1,1,1,-1,1,1,-1,-1,0.009197372011840343
1,1,-1,-1,1,1,1,1,-1,1,1,1,1,1,-1,-1,-1,1,0.00978076457977295
1,1,-1,-1,1,1,1,1,1,-1,-1,1,1,-1,1,-1,-1,-1,0.010752044152468443
1,1,-1,-1,1,1,1,1,1,-1,1,-1,-1,-1,-1,1,1,-1,0.010007156059145927
1,1,-1,-1,1,1,1,1,1,-1,1,-1,1,-1,-1,1,-1,-1,0.010360388085246086
1,1,-1,-1,1,1,1,1,1,-1,1,-1,1,-1,1,1,1,-1,0.010617166757583618
1,1,-1,-1,1,1,1,1,1,-1,1,-1,1,-1,1,1,1,1,0.010907779447734356
1,1,-1,-1,1,1,1,1,1,-1,1,-1,1,1,-1,1,1,1,0.010488081723451614
1,1,-1,-1,1,1,1,1,1,-1,1,1,-1,-1,-1,-1,-1,1,0.010420397855341434
1,1,-1,-1,1,1,1,1,1,-1,1,1,1,-1,-1,-1,-1,1,0.010826903395354748
1,1,-1,-1,1,1,1,1,1,-1,1,1,1,-1,1,1,1,1,0.010374522767961025
1,1,-1,-1,1,1,1,1,1,-1,1,1,1,1,1,-1,1,1,0.010858233086764812
1,1,-1,-1,1,1,1,1,1,1,-1,-1,1,-1,-1,-1,-1,1,0.010601673275232315
1,1,-1,-1,1,1,1,1,1,1,-1,1,-1,-1,-1,-1,1,1,0.009715184569358826
1,1,-1,-1,1,1,1,1,1,1,-1,1,1,-1,-1,-1,1,1,0.010112432762980461
1,1,-1,-1,1,1,1,1,1,1,-1,1,1,1,-1,1,-1,-1,0.008870964869856834
1,1,-1,-1,1,1,1,1,1,1,1,-1,1,1,1,1,-1,1,0.009890719316899776
1,1,-1,-1,1,1,1,1,1,1,1,-1,1,1,1,1,1,1,0.009925480000674725
1,1,-1,-1,1,1,1,1,1,1,1,1,-1,-1,-1,-1,1,-1,0.009395817294716835
1,1,-1,1,-1,-1,-1,-1,-1,-1,-1,-1,-1,-1,-1,1,-1,-1,0.009134814143180847
1,1,-1,1,-1,-1,-1,-1,-1,-1,-1,-1,-1,1,-1,1,-1,-1,0.008921939879655838
1,1,-1,1,-1,-1,-1,-1,-1,-1,-1,-1,1,-1,-1,-1,-1,-1,0.010226027108728886
1,1,-1,1,-1,-1,-1,-1,-1,-1,-1,1,1,-1,-1,-1,1,1,0.010021461173892021
1,1,-1,1,-1,-1,-1,-1,-1,-1,-1,1,1,-1,-1,1,-1,1,0.009283480234444141
1,1,-1,1,-1,-1,-1,-1,-1,-1,-1,1,1,-1,1,-1,1,1,0.010230905376374722
1,1,-1,1,-1,-1,-1,-1,-1,-1,1,-1,1,-1,-1,1,1,1,0.009847195819020271
1,1,-1,1,-1,-1,-1,-1,-1,-1,1,1,-1,-1,1,1,-1,-1,0.008782247081398964
1,1,-1,1,-1,-1,-1,-1,-1,-1,1,1,-1,1,1,-1,-1,-1,0.009260018356144428
1,1,-1,1,-1,-1,-1,-1,-1,1,-1,-1,1,1,1,-1,-1,1,0.009744481183588505
1,1,-1,1,-1,-1,-1,-1,-1,1,1,-1,-1,-1,-1,1,1,1,0.008668644353747368
1,1,-1,1,-1,-1,-1,-1,-1,1,1,-1,-1,1,-1,-1,1,-1,0.008855802938342094
1,1,-1,1,-1,-1,-1,-1,-1,1,1,1,-1,1,-1,-1,-1,1,0.00856914184987545
1,1,-1,1,-1,-1,-1,-1,-1,1,1,1,-1,1,1,1,-1,1,0.008084621280431747
1,1,-1,1,-1,-1,-1,-1,-1,1,1,1,1,-1,1,1,-1,-1,0.00840744934976101
1,1,-1,1,-1,-1,-1,-1,-1,1,1,1,1,1,-1,1,1,1,0.008340895175933838
1,1,-1,1,-1,-1,-1,-1,1,-1,-1,-1,-1,-1,-1,1,-1,1,0.009486645460128784
1,1,-1,1,-1,-1,-1,-1,1,-1,-1,-1,1,-1,1,-1,-1,-1,0.01048481184989214
1,1,-1,1,-1,-1,-1,-1,1,-1,-1,-1,1,1,1,-1,1,-1,0.01032189279794693
1,1,-1,1,-1,-1,-1,-1,1,-1,-1,1,-1,-1,-1,-1,1,-1,0.00938556157052517
1,1,-1,1,-1,-1,-1,-1,1,-1,-1,1,-1,1,1,1,1,-1,0.008703362196683884
1,1,-1,1,-1,-1,-1,-1,1,-1,-1,1,1,-1,-1,-1,1,1,0.01008267980068922
1,1,-1,1,-1,-1,-1,-1,1,-1,-1,1,1,-1,-1,1,-1,-1,0.009063342586159706
1,1,-1,1,-1,-1,-1,-1,1,-1,-1,1,1,1,1,1,1,1,0.009385284967720509
1,1,-1,1,-1,-1,-1,-1,1,-1,1,-1,-1,1,-1,1,-1,1,0.00924763735383749
1,1,-1,1,-1,-1,-1,-1,1,-1,1,-1,-1,1,1,1,1,1,0.009498477913439274
1,1,-1,1,-1,-1,-1,-1,1,-1,1,-1,1,1,1,1,-1,1,0.009866904467344284
1,1,-1,1,-1,-1,-1,-1,1,-1,1,1,-1,-1,1,-1,-1,-1,0.009522234089672565
1,1,-1,1,-1,-1,-1,-1,1,-1,1,1,-1,1,1,-1,1,1,0.009655866771936417
1,1,-1,1,-1,-1,-1,-1,1,1,-1,-1,1,-1,1,-1,-1,1,0.010003378614783287
1,1,-1,1,-1,-1,-1,-1,1,1,-1,-1,1,1,-1,-1,-1,1,0.009598876349627972
1,1,-1,1,-1,-1,-1,-1,1,1,-1,1,-1,1,-1,-1,1,-1,0.008415835909545422
1,1,-1,1,-1,-1,-1,-1,1,1,1,1,-1,-1,1,-1,-1,1,0.00905599631369114
1,1,-1,1,-1,-1,-1,-1,1,1,1,1,1,1,1,1,-1,1,0.008546406403183937
1,1,-1,1,-1,-1,-1,1,-1,-1,-1,-1,-1,-1,-1,-1,1,1,0.010212995111942291
1,1,-1,1,-1,-1,-1,1,-1,-1,-1,-1,-1,-1,1,-1,1,1,0.010407243855297565
1,1,-1,1,-1,-1,-1,1,-1,-1,-1,1,-1,-1,-1,1,1,-1,0.008701100014150143
1,1,-1,1,-1,-1,-1,1,-1,-1,-1,1,-1,1,-1,1,1,-1,0.008484907448291779
1,1,-1,1,-1,-1,-1,1,-1,-1,-1,1,1,-1,-1,-1,1,-1,0.009795630350708961
1,1,-1,1,-1,-1,-1,1,-1,-1,1,-1,-1,-1,-1,-1,1,1,0.010190179571509361
1,1,-1,1,-1,-1,-1,1,-1,-1,1,-1,-1,-1,-1,1,-1,-1,0.00915232952684164
1,1,-1,1,-1,-1,-1,1,-1,-1,1,-1,-1,1,1,1,-1,-1,0.009164093993604183
1,1,-1,1,-1,-1,-1,1,-1,-1,1,-1,1,1,-1,-1,-1,1,0.010345732793211937
1,1,-1,1,-1,-1,-1,1,-1,-1,1,-1,1,1,-1,1,-1,-1,0.009357837028801441
1,1,-1,1,-1,-1,-1,1,-1,-1,1,1,-1,-1,-1,1,-1,-1,0.00861907284706831
1,1,-1,1,-1,-1,-1,1,-1,-1,1,1,-1,1,1,1,-1,-1,0.008630837313830853
1,1,-1,1,-1,-1,-1,1,-1,-1,1,1,-1,1,1,1,-1,1,0.008915510959923267
1,1,-1,1,-1,-1,-1,1,-1,-1,1,1,1,1,-1,-1,-1,1,0.009812475182116032
1,1,-1,1,-1,-1,-1,1,-1,1,-1,-1,-1,-1,1,1,-1,1,0.008903155103325844
1,1,-1,1,-1,-1,-1,1,-1,1,-1,-1,-1,1,1,-1,-1,1,0.009393502026796341
1,1,-1,1,-1,-1,-1,1,-1,1,-1,-1,1,-1,1,1,-1,1,0.009312978945672512
1,1,-1,1,-1,-1,-1,1,-1,1,-1,1,-1,1,-1,-1,1,1,0.00869743898510933
1,1,-1,1,-1,-1,-1,1,-1,1,-1,1,-1,1,-1,1,-1,1,0.00796277541667223
1,1,-1,1,-1,-1,-1,1,-1,1,-1,1,1,-1,1,-1,1,1,0.009517702274024487
1,1,-1,1,-1,-1,-1,1,-1,1,1,-1,-1,-1,1,-1,-1,-1,0.009277752600610256
1,1,-1,1,-1,-1,-1,1,-1,1,1,-1,1,-1,1,-1,-1,1,0.009974870830774307
1,1,-1,1,-1,-1,-1,1,-1,1,1,-1,1,1,1,1,-1,1,0.009079908952116966
1,1,-1,1,-1,-1,-1,1,-1,1,1,1,-1,-1,-1,1,-1,1,0.008137639611959457
1,1,-1,1,-1,-1,-1,1,-1,1,1,1,-1,-1,1,1,-1,-1,0.008056470192968845
1,1,-1,1,-1,-1,-1,1,-1,1,1,1,-1,1,-1,-1,1,-1,0.008384009823203087
1,1,-1,1,-1,-1,-1,1,-1,1,1,1,-1,1,1,1,1,1,0.008187482133507729
1,1,-1,1,-1,-1,-1,1,1,-1,-1,-1,-1,1,-1,-1,1,-1,0.009776664897799492
1,1,-1,1,-1,-1,-1,1,1,-1,-1,-1,-1,1,-1,1,1,-1,0.009082701057195663
1,1,-1,1,-1,-1,-1,1,1,-1,-1,-1,-1,1,1,1,1,-1,0.009282887913286686
1,1,-1,1,-1,-1,-1,1,1,-1,-1,-1,1,-1,-1,-1,1,1,0.01068071834743023
1,1,-1,1,-1,-1,-1,1,1,-1,-1,1,-1,-1,-1,1,-1,1,0.008993718773126602
1,1,-1,1,-1,-1,-1,1,1,-1,-1,1,1,-1,1,-1,-1,-1,0.010013018734753132
1,1,-1,1,-1,-1,-1,1,1,-1,-1,1,1,1,-1,-1,-1,1,0.00990244746208191
1,1,-1,1,-1,-1,-1,1,1,-1,1,-1,1,1,-1,-1,1,-1,0.01015703659504652
1,1,-1,1,-1,-1,-1,1,1,-1,1,1,-1,-1,-1,1,-1,-1,0.008680290542542934
1,1,-1,1,-1,-1,-1,1,1,-1,1,1,1,1,-1,1,1,1,0.00922374613583088
1,1,-1,1,-1,-1,-1,1,1,1,-1,-1,-1,1,-1,1,1,1,0.008601267822086811
1,1,-1,1,-1,-1,-1,1,1,1,-1,-1,1,-1,-1,-1,-1,-1,0.009579981677234173
1,1,-1,1,-1,-1,-1,1,1,1,-1,1,-1,1,-1,1,1,1,0.008058753795921803
1,1,-1,1,-1,-1,-1,1,1,1,-1,1,1,-1,-1,-1,-1,1,0.00933733768761158
1,1,-1,1,-1,-1,-1,1,1,1,-1,1,1,-1,1,-1,1,1,0.00957560259848833
1,1,-1,1,-1,-1,-1,1,1,1,-1,1,1,1,1,1,1,-1,0.008384089916944504
1,1,-1,1,-1,-1,-1,1,1,1,1,-1,-1,1,-1,-1,-1,-1,0.00893778633326292
1,1,-1,1,-1,-1,-1,1,1,1,1,1,1,-1,-1,1,-1,-1,0.008320688270032406
1,1,-1,1,-1,-1,-1,1,1,1,1,1,1,1,1,-1,1,1,0.009345851838588715
1,1,-1,1,-1,-1,1,-1,-1,-1,-1,-1,-1,-1,1,1,1,1,0.01036087330430746
1,1,-1,1,-1,-1,1,-1,-1,-1,-1,-1,-1,1,-1,1,1,1,0.009950431995093822
1,1,-1,1,-1,-1,1,-1,-1,-1,-1,1,-1,-1,1,-1,-1,-1,0.010196207091212273
1,1,-1,1,-1,-1,1,-1,-1,-1,-1,1,1,-1,1,-1,1,-1,0.010646728798747063
1,1,-1,1,-1,-1,1,-1,-1,-1,-1,1,1,1,1,-1,1,-1,0.010430536232888699
1,1,-1,1,-1,-1,1,-1,-1,-1,1,-1,-1,1,1,-1,-1,-1,0.010499712079763412
1,1,-1,1,-1,-1,1,-1,-1,-1,1,1,1,-1,-1,1,1,1,0.010013739578425884
1,1,-1,1,-1,-1,1,-1,-1,-1,1,1,1,1,-1,1,1,1,0.009810121729969978
1,1,-1,1,-1,-1,1,-1,-1,1,-1,-1,-1,-1,-1,1,1,1,0.009400516748428345
1,1,-1,1,-1,-1,1,-1,-1,1,-1,-1,-1,1,-1,-1,-1,-1,0.009546976536512375
1,1,-1,1,-1,-1,1,-1,-1,1,-1,-1,1,1,-1,-1,-1,1,0.010234838351607323
1,1,-1,1,-1,-1,1,-1,-1,1,-1,1,-1,1,-1,-1,1,1,0.009354288689792156
1,1,-1,1,-1,-1,1,-1,-1,1,-1,1,-1,1,1,-1,-1,-1,0.009213906712830067
1,1,-1,1,-1,-1,1,-1,-1,1,-1,1,-1,1,1,-1,-1,1,0.009498581290245056
1,1,-1,1,-1,-1,1,-1,-1,1,-1,1,1,-1,-1,-1,1,-1,0.009661921299993992
1,1,-1,1,-1,-1,1,-1,-1,1,1,-1,-1,-1,1,1,1,1,0.009571949951350689
1,1,-1,1,-1,-1,1,-1,-1,1,1,1,-1,1,-1,1,1,1,0.008622313849627972
1,1,-1,1,-1,-1,1,-1,-1,1,1,1,1,-1,1,-1,1,1,0.01014248002320528
1,1,-1,1,-1,-1,1,-1,-1,1,1,1,1,1,1,-1,1,-1,0.009650870226323605
1,1,-1,1,-1,-1,1,-1,1,-1,-1,-1,-1,-1,1,1,1,-1,0.01013741735368967
1,1,-1,1,-1,-1,1,-1,1,-1,-1,-1,-1,1,1,-1,1,-1,0.010627763345837593
1,1,-1,1,-1,-1,1,-1,1,-1,-1,-1,1,-1,-1,-1,-1,1,0.011275038123130798
1,1,-1,1,-1,-1,1,-1,1,-1,-1,-1,1,1,-1,-1,-1,-1,0.010792684741318226
1,1,-1,1,-1,-1,1,-1,1,-1,-1,-1,1,1,1,1,-1,-1,0.010302226059138775
1,1,-1,1,-1,-1,1,-1,1,-1,-1,1,-1,1,-1,1,1,1,0.00948599074035883
1,1,-1,1,-1,-1,1,-1,1,-1,-1,1,1,-1,-1,1,1,-1,0.009801221080124378
1,1,-1,1,-1,-1,1,-1,1,-1,1,-1,1,1,1,1,-1,-1,0.010279410518705845
1,1,-1,1,-1,-1,1,-1,1,-1,1,1,-1,1,1,1,1,1,0.009668339975178242
1,1,-1,1,-1,-1,1,-1,1,-1,1,1,1,-1,1,-1,1,-1,0.010675875470042229
1,1,-1,1,-1,-1,1,-1,1,-1,1,1,1,1,-1,1,-1,1,0.009833261370658875
1,1,-1,1,-1,-1,1,-1,1,-1,1,1,1,1,1,-1,-1,-1,0.01043417863547802
1,1,-1,1,-1,-1,1,-1,1,1,-1,-1,-1,1,-1,-1,-1,1,0.009889551438391209
1,1,-1,1,-1,-1,1,-1,1,1,-1,-1,1,1,-1,-1,1,1,0.010346012189984322
1,1,-1,1,-1,-1,1,-1,1,1,-1,1,1,-1,-1,-1,-1,1,0.00997899193316698
1,1,-1,1,-1,-1,1,-1,1,1,1,1,-1,-1,1,-1,-1,-1,0.009459245949983597
1,1,-1,1,-1,-1,1,-1,1,1,1,1,1,-1,-1,1,-1,1,0.009262212552130222
1,1,-1,1,-1,-1,1,1,-1,-1,-1,-1,-1,1,-1,-1,1,-1,0.010418565943837166
1,1,-1,1,-1,-1,1,1,-1,-1,-1,-1,-1,1,1,1,-1,1,0.010174702852964401
1,1,-1,1,-1,-1,1,1,-1,-1,-1,-1,1,1,-1,-1,1,-1,0.010815814137458801
1,1,-1,1,-1,-1,1,1,-1,-1,-1,1,-1,-1,-1,-1,1,1,0.010373600758612156
1,1,-1,1,-1,-1,1,1,-1,-1,-1,1,-1,-1,1,-1,1,1,0.01059230137616396
1,1,-1,1,-1,-1,1,1,-1,-1,-1,1,1,-1,1,1,1,1,0.010295585729181767
1,1,-1,1,-1,-1,1,1,-1,-1,-1,1,1,1,1,-1,1,-1,0.010501258075237274
1,1,-1,1,-1,-1,1,1,-1,-1,1,-1,-1,-1,-1,1,1,-1,0.009908721782267094
1,1,-1,1,-1,-1,1,1,-1,-1,1,-1,-1,1,-1,-1,-1,-1,0.010351733304560184
1,1,-1,1,-1,-1,1,1,-1,-1,1,-1,1,-1,1,-1,-1,1,0.011455973610281944
1,1,-1,1,-1,-1,1,1,-1,-1,1,-1,1,1,-1,1,-1,1,0.010351569391787052
1,1,-1,1,-1,-1,1,1,-1,1,1,-1,1,-1,-1,1,1,-1,0.009543180465698242
1,1,-1,1,-1,-1,1,1,-1,1,1,-1,1,-1,1,1,1,-1,0.009752624668180943
1,1,-1,1,-1,-1,1,1,-1,1,1,-1,1,1,1,1,-1,1,0.009792285040020943
1,1,-1,1,-1,-1,1,1,-1,1,1,1,1,1,-1,-1,-1,1,0.009749487042427063
1,1,-1,1,-1,-1,1,1,1,-1,-1,-1,-1,-1,1,-1,1,-1,0.010886906646192074
1,1,-1,1,-1,-1,1,1,1,-1,-1,-1,-1,1,1,-1,-1,1,0.010935823433101177
1,1,-1,1,-1,-1,1,1,1,-1,-1,-1,1,-1,1,-1,-1,-1,0.011249395087361336
1,1,-1,1,-1,-1,1,1,1,-1,-1,-1,1,1,-1,1,-1,1,0.010435602627694607
1,1,-1,1,-1,-1,1,1,1,-1,-1,1,-1,1,-1,-1,1,1,0.010237139649689198
1,1,-1,1,-1,-1,1,1,1,-1,1,-1,-1,-1,1,-1,1,1,0.011154703795909882
1,1,-1,1,-1,-1,1,1,1,-1,1,-1,-1,-1,1,1,1,1,0.010454801842570305
1,1,-1,1,-1,-1,1,1,1,-1,1,-1,-1,1,-1,1,1,-1,0.009768943302333355
1,1,-1,1,-1,-1,1,1,1,-1,1,-1,1,-1,-1,1,-1,-1,0.010338366962969303
1,1,-1,1,-1,-1,1,1,1,-1,1,-1,1,1,1,-1,-1,1,0.011313574388623238
1,1,-1,1,-1,-1,1,1,1,-1,1,-1,1,1,1,-1,1,1,0.011348335072398186
1,1,-1,1,-1,-1,1,1,1,-1,1,-1,1,1,1,1,1,1,0.010669566690921783
1,1,-1,1,-1,-1,1,1,1,-1,1,1,-1,-1,-1,1,1,-1,0.009433365426957607
1,1,-1,1,-1,-1,1,1,1,1,-1,-1,-1,1,-1,-1,-1,1,0.009951015934348106
1,1,-1,1,-1,-1,1,1,1,1,-1,-1,1,1,-1,1,-1,1,0.009657617658376694
1,1,-1,1,-1,-1,1,1,1,1,-1,-1,1,1,1,-1,-1,-1,0.01027373131364584
1,1,-1,1,-1,-1,1,1,1,1,-1,-1,1,1,1,1,1,1,0.009905139915645123
1,1,-1,1,-1,-1,1,1,1,1,-1,1,-1,-1,1,-1,1,1,0.00987221673130989
1,1,-1,1,-1,-1,1,1,1,1,-1,1,1,-1,1,-1,-1,-1,0.009953348897397518
1,1,-1,1,-1,-1,1,1,1,1,-1,1,1,1,-1,-1,-1,1,0.009824263863265514
1,1,-1,1,-1,-1,1,1,1,1,-1,1,1,1,1,-1,1,1,0.01006584707647562
1,1,-1,1,-1,-1,1,1,1,1,1,1,1,-1,-1,1,-1,1,0.009308481588959694
1,1,-1,1,-1,1,-1,-1,-1,-1,-1,-1,-1,-1,1,-1,-1,-1,0.010185100138187408
1,1,-1,1,-1,1,-1,-1,-1,-1,-1,-1,-1,1,-1,-1,1,1,0.010112606920301914
1,1,-1,1,-1,1,-1,-1,-1,-1,1,-1,1,1,1,1,-1,1,0.009961821138858795
1,1,-1,1,-1,1,-1,-1,-1,-1,1,-1,1,1,1,1,1,-1,0.009705968201160431
1,1,-1,1,-1,1,-1,-1,-1,-1,1,1,-1,1,1,-1,1,-1,0.009475365281105042
1,1,-1,1,-1,1,-1,-1,-1,1,-1,-1,-1,1,-1,-1,-1,1,0.009296543896198273
1,1,-1,1,-1,1,-1,-1,-1,1,-1,-1,1,-1,-1,1,1,-1,0.00896016787737608
1,1,-1,1,-1,1,-1,-1,-1,1,-1,-1,1,-1,1,1,-1,-1,0.009119655936956406
1,1,-1,1,-1,1,-1,-1,-1,1,-1,-1,1,1,1,1,-1,1,0.00920927245169878
1,1,-1,1,-1,1,-1,-1,-1,1,-1,1,-1,1,-1,-1,1,1,0.008803986012935638
1,1,-1,1,-1,1,-1,-1,-1,1,-1,1,1,1,1,1,-1,1,0.008670076727867126
1,1,-1,1,-1,1,-1,-1,-1,1,1,-1,-1,-1,1,-1,-1,-1,0.009384299628436565
1,1,-1,1,-1,1,-1,-1,-1,1,1,-1,-1,-1,1,1,-1,-1,0.008696273900568485
1,1,-1,1,-1,1,-1,-1,-1,1,1,1,-1,-1,-1,-1,1,1,0.008997363038361073
1,1,-1,1,-1,1,-1,-1,-1,1,1,1,-1,-1,1,-1,1,1,0.009194929152727127
1,1,-1,1,-1,1,-1,-1,-1,1,1,1,-1,1,-1,1,1,1,0.00809052400290966
1,1,-1,1,-1,1,-1,-1,-1,1,1,1,1,-1,-1,-1,1,1,0.009403867647051811
1,1,-1,1,-1,1,-1,-1,-1,1,1,1,1,-1,-1,1,1,-1,0.008410034701228142
1,1,-1,1,-1,1,-1,-1,1,-1,-1,-1,-1,1,1,1,-1,-1,0.009339479729533195
1,1,-1,1,-1,1,-1,-1,1,-1,-1,-1,1,-1,1,1,1,1,0.010296806693077087
1,1,-1,1,-1,1,-1,-1,1,-1,-1,1,-1,-1,1,-1,1,-1,0.009757078252732754
1,1,-1,1,-1,1,-1,-1,1,-1,-1,1,1,1,-1,1,-1,-1,0.009009222500026226
1,1,-1,1,-1,1,-1,-1,1,-1,-1,1,1,1,-1,1,1,1,0.009349791333079338
1,1,-1,1,-1,1,-1,-1,1,-1,-1,1,1,1,1,1,1,-1,0.009256744757294655
1,1,-1,1,-1,1,-1,-1,1,-1,1,-1,-1,1,-1,-1,1,1,0.010156948119401932
1,1,-1,1,-1,1,-1,-1,1,-1,1,-1,1,1,1,1,1,1,0.010067055933177471
1,1,-1,1,-1,1,-1,-1,1,-1,1,1,1,-1,-1,-1,-1,1,0.010177920572459698
1,1,-1,1,-1,1,-1,-1,1,1,-1,-1,1,-1,-1,1,1,-1,0.009021386504173279
1,1,-1,1,-1,1,-1,-1,1,1,-1,1,-1,-1,1,1,-1,1,0.008531725034117699
1,1,-1,1,-1,1,-1,-1,1,1,-1,1,1,-1,1,1,-1,-1,0.0086628133431077
1,1,-1,1,-1,1,-1,-1,1,1,-1,1,1,1,-1,-1,-1,1,0.009236948564648628
1,1,-1,1,-1,1,-1,-1,1,1,-1,1,1,1,1,-1,1,-1,0.009178662672638893
1,1,-1,1,-1,1,-1,-1,1,1,1,-1,1,-1,1,-1,-1,-1,0.009857961907982826
1,1,-1,1,-1,1,-1,-1,1,1,1,-1,1,-1,1,-1,1,-1,0.009905296377837658
1,1,-1,1,-1,1,-1,-1,1,1,1,-1,1,1,1,1,1,-1,0.008995139971375465
1,1,-1,1,-1,1,-1,-1,1,1,1,1,1,-1,1,-1,-1,-1,0.009328022599220276
1,1,-1,1,-1,1,-1,-1,1,1,1,1,1,1,-1,1,-1,1,0.008514231070876122
1,1,-1,1,-1,1,-1,1,-1,-1,-1,-1,-1,-1,-1,1,1,-1,0.009390491060912609
1,1,-1,1,-1,1,-1,1,-1,-1,-1,-1,-1,1,-1,-1,1,1,0.010168132372200489
1,1,-1,1,-1,1,-1,1,-1,-1,-1,-1,1,1,-1,-1,-1,1,0.010527302511036396
1,1,-1,1,-1,1,-1,1,-1,-1,-1,-1,1,1,-1,1,-1,-1,0.00954604335129261
1,1,-1,1,-1,1,-1,1,-1,-1,-1,1,-1,-1,1,1,1,1,0.00934209581464529
1,1,-1,1,-1,1,-1,1,-1,-1,1,-1,-1,-1,-1,-1,-1,1,0.010308235883712769
1,1,-1,1,-1,1,-1,1,-1,1,-1,1,1,-1,-1,1,1,-1,0.00849763210862875
1,1,-1,1,-1,1,-1,1,-1,1,1,-1,1,-1,-1,1,1,1,0.009283491410315037
1,1,-1,1,-1,1,-1,1,-1,1,1,1,-1,-1,-1,-1,1,-1,0.008753019385039806
1,1,-1,1,-1,1,-1,1,-1,1,1,1,1,-1,-1,1,-1,-1,0.00842486135661602
1,1,-1,1,-1,1,-1,1,-1,1,1,1,1,-1,1,-1,1,-1,0.009363029152154922
1,1,-1,1,-1,1,-1,1,-1,1,1,1,1,-1,1,1,-1,1,0.008909722790122032
1,1,-1,1,-1,1,-1,1,-1,1,1,1,1,1,1,1,-1,1,0.008717982098460197
1,1,-1,1,-1,1,-1,1,1,-1,-1,1,-1,-1,1,-1,-1,1,0.01005920022726059
1,1,-1,1,-1,1,-1,1,1,-1,-1,1,-1,-1,1,1,-1,1,0.009374492801725864
1,1,-1,1,-1,1,-1,1,1,-1,-1,1,-1,-1,1,1,1,1,0.009416530219217142
1,1,-1,1,-1,1,-1,1,1,-1,-1,1,1,-1,-1,1,-1,-1,0.009277623146772385
1,1,-1,1,-1,1,-1,1,1,-1,-1,1,1,1,-1,-1,-1,-1,0.009764650836586952
1,1,-1,1,-1,1,-1,1,1,-1,-1,1,1,1,1,1,1,-1,0.009327465668320656
1,1,-1,1,-1,1,-1,1,1,-1,1,-1,-1,-1,1,-1,1,1,0.010613658465445042
1,1,-1,1,-1,1,-1,1,1,-1,1,-1,-1,1,1,1,-1,-1,0.00937218964099884
1,1,-1,1,-1,1,-1,1,1,-1,1,1,-1,-1,-1,-1,1,1,0.009880213998258114
1,1,-1,1,-1,1,-1,1,1,-1,1,1,1,-1,-1,1,1,1,0.009598693810403347
1,1,-1,1,-1,1,-1,1,1,-1,1,1,1,1,1,1,1,-1,0.009295393712818623
1,1,-1,1,-1,1,-1,1,1,1,-1,-1,1,-1,-1,-1,-1,1,0.010026728734374046
1,1,-1,1,-1,1,-1,1,1,1,-1,-1,1,1,-1,1,1,-1,0.008885171264410019
1,1,-1,1,-1,1,-1,1,1,1,-1,1,-1,1,-1,-1,1,-1,0.008633434772491455
1,1,-1,1,-1,1,-1,1,1,1,-1,1,1,1,1,1,-1,1,0.0087868208065629
1,1,-1,1,-1,1,-1,1,1,1,1,-1,1,1,1,-1,1,1,0.010041181929409504
1,1,-1,1,-1,1,-1,1,1,1,1,1,-1,-1,1,-1,-1,-1,0.008973725140094757
1,1,-1,1,-1,1,-1,1,1,1,1,1,1,-1,1,-1,-1,1,0.009670843370258808
1,1,-1,1,-1,1,1,-1,-1,-1,-1,-1,-1,-1,1,-1,1,1,0.011216910555958748
1,1,-1,1,-1,1,1,-1,-1,-1,-1,1,-1,-1,-1,1,1,-1,0.009501509368419647
1,1,-1,1,-1,1,1,-1,-1,-1,-1,1,1,1,1,1,1,1,0.01019519753754139
1,1,-1,1,-1,1,1,-1,-1,-1,1,-1,1,1,-1,1,1,-1,0.010220777243375778
1,1,-1,1,-1,1,1,-1,-1,-1,1,-1,1,1,1,1,1,1,0.010699699632823467
1,1,-1,1,-1,1,1,-1,-1,-1,1,1,1,-1,1,1,1,-1,0.010088704526424408
1,1,-1,1,-1,1,1,-1,-1,-1,1,1,1,1,1,1,-1,-1,0.009834782686084509
1,1,-1,1,-1,1,1,-1,-1,1,-1,-1,-1,-1,-1,1,1,-1,0.009271977469325066
1,1,-1,1,-1,1,1,-1,-1,1,-1,-1,1,-1,1,1,1,-1,0.009874389506876469
1,1,-1,1,-1,1,1,-1,-1,1,-1,-1,1,1,-1,-1,1,1,0.010456123389303684
1,1,-1,1,-1,1,1,-1,-1,1,-1,1,-1,1,1,-1,1,-1,0.009414058178663254
1,1,-1,1,-1,1,1,-1,-1,1,-1,1,1,-1,-1,-1,1,1,0.010114607401192188
1,1,-1,1,-1,1,1,-1,-1,1,1,-1,1,-1,-1,-1,-1,-1,0.0102904187515378
1,1,-1,1,-1,1,1,-1,-1,1,1,-1,1,1,-1,-1,-1,1,0.010389290750026703
1,1,-1,1,-1,1,1,-1,-1,1,1,-1,1,1,-1,-1,1,1,0.010424051433801651
1,1,-1,1,-1,1,1,-1,-1,1,1,-1,1,1,-1,1,-1,1,0.009686070494353771
1,1,-1,1,-1,1,1,-1,-1,1,1,1,-1,-1,-1,-1,-1,-1,0.009359912946820259
1,1,-1,1,-1,1,1,-1,-1,1,1,1,-1,-1,1,1,-1,-1,0.008869454264640808
1,1,-1,1,-1,1,1,-1,-1,1,1,1,1,-1,-1,-1,-1,1,0.010053712874650955
1,1,-1,1,-1,1,1,-1,-1,1,1,1,1,-1,-1,1,1,-1,0.00911315344274044
1,1,-1,1,-1,1,1,-1,-1,1,1,1,1,-1,1,1,-1,-1,0.00928189791738987
1,1,-1,1,-1,1,1,-1,-1,1,1,1,1,1,-1,-1,-1,1,0.009840838611125946
1,1,-1,1,-1,1,1,-1,1,-1,-1,-1,-1,1,-1,1,-1,-1,0.009839093312621117
1,1,-1,1,-1,1,1,-1,1,-1,-1,-1,1,-1,-1,1,1,-1,0.01050580758601427
1,1,-1,1,-1,1,1,-1,1,-1,-1,-1,1,1,-1,-1,-1,-1,0.010945500805974007
1,1,-1,1,-1,1,1,-1,1,-1,1,-1,1,-1,1,1,-1,1,0.010929775424301624
1,1,-1,1,-1,1,1,-1,1,-1,1,1,-1,1,-1,-1,1,1,0.010320872068405151
1,1,-1,1,-1,1,1,-1,1,-1,1,1,1,-1,-1,-1,1,-1,0.010634442791342735
1,1,-1,1,-1,1,1,-1,1,1,-1,-1,-1,1,1,1,-1,-1,0.009276491589844227
1,1,-1,1,-1,1,1,-1,1,1,-1,-1,-1,1,1,1,1,1,0.00962037779390812
1,1,-1,1,-1,1,1,-1,1,1,-1,1,1,1,-1,1,-1,-1,0.008940295316278934
1,1,-1,1,-1,1,1,-1,1,1,1,1,-1,-1,-1,-1,-1,-1,0.009417813271284103
1,1,-1,1,-1,1,1,-1,1,1,1,1,-1,1,1,1,1,1,0.009055049158632755
1,1,-1,1,-1,1,1,-1,1,1,1,1,1,1,1,1,1,1,0.009455615654587746
1,1,-1,1,-1,1,1,1,-1,-1,-1,-1,-1,1,-1,1,1,1,0.010168030858039856
1,1,-1,1,-1,1,1,1,-1,-1,-1,-1,1,-1,-1,-1,-1,-1,0.011150062084197998
1,1,-1,1,-1,1,1,1,-1,-1,-1,-1,1,-1,1,-1,1,-1,0.011397584341466427
1,1,-1,1,-1,1,1,1,-1,-1,-1,-1,1,1,-1,-1,-1,1,0.011230421252548695
1,1,-1,1,-1,1,1,1,-1,-1,-1,-1,1,1,-1,1,1,1,0.01058973092585802
1,1,-1,1,-1,1,1,1,-1,-1,-1,1,-1,1,-1,-1,1,-1,0.010053319856524467
1,1,-1,1,-1,1,1,1,-1,-1,-1,1,1,1,-1,-1,1,-1,0.010453886352479458
1,1,-1,1,-1,1,1,1,-1,-1,1,-1,-1,-1,-1,1,1,-1,0.010070795193314552
1,1,-1,1,-1,1,1,1,-1,-1,1,-1,-1,1,-1,-1,-1,-1,0.010513805784285069
1,1,-1,1,-1,1,1,1,-1,-1,1,-1,1,1,1,-1,-1,-1,0.011129755526781082
1,1,-1,1,-1,1,1,1,-1,1,-1,-1,-1,-1,1,1,1,-1,0.009521751664578915
1,1,-1,1,-1,1,1,1,-1,1,-1,-1,-1,1,1,1,-1,1,0.009570668451488018
1,1,-1,1,-1,1,1,1,-1,1,-1,1,-1,-1,1,1,1,-1,0.008982555940747261
1,1,-1,1,-1,1,1,1,-1,1,-1,1,1,-1,-1,1,-1,-1,0.009147477336227894
1,1,-1,1,-1,1,1,1,-1,1,-1,1,1,-1,1,1,-1,-1,0.009352641180157661
1,1,-1,1,-1,1,1,1,-1,1,-1,1,1,1,-1,-1,1,1,0.009972453117370605
1,1,-1,1,-1,1,1,1,1,-1,-1,-1,-1,-1,1,1,1,-1,0.010349077172577381
1,1,-1,1,-1,1,1,1,1,-1,-1,-1,-1,1,1,1,1,-1,0.010148080065846443
1,1,-1,1,-1,1,1,1,1,-1,-1,-1,1,-1,-1,1,-1,1,0.010813867673277855
1,1,-1,1,-1,1,1,1,1,-1,-1,1,-1,1,1,-1,1,-1,0.010318043641746044
1,1,-1,1,-1,1,1,1,1,-1,-1,1,1,-1,-1,1,1,-1,0.010018819943070412
1,1,-1,1,-1,1,1,1,1,-1,1,-1,-1,1,-1,1,-1,-1,0.009877742268145084
1,1,-1,1,-1,1,1,1,1,-1,1,-1,1,-1,1,1,1,-1,0.010747961699962616
1,1,-1,1,-1,1,1,1,1,1,-1,-1,-1,-1,-1,1,-1,-1,0.009344704449176788
1,1,-1,1,-1,1,1,1,1,1,-1,-1,1,1,1,-1,1,-1,0.010476503521203995
1,1,-1,1,-1,1,1,1,1,1,-1,1,-1,-1,1,1,-1,1,0.00929962657392025
1,1,-1,1,-1,1,1,1,1,1,-1,1,-1,1,-1,1,-1,-1,0.008595255203545094
1,1,-1,1,-1,1,1,1,1,1,-1,1,-1,1,-1,1,-1,1,0.008889185264706612
1,1,-1,1,-1,1,1,1,1,1,-1,1,1,1,-1,1,-1,-1,0.009011016227304935
1,1,-1,1,-1,1,1,1,1,1,1,-1,-1,1,1,1,-1,1,0.009603132493793964
1,1,-1,1,-1,1,1,1,1,1,1,-1,1,-1,-1,1,1,1,0.01006302423775196
1,1,-1,1,-1,1,1,1,1,1,1,-1,1,1,-1,-1,1,1,0.010540795512497425
1,1,-1,1,-1,1,1,1,1,1,1,1,-1,1,-1,-1,1,1,0.009610289707779884
1,1,-1,1,-1,1,1,1,1,1,1,1,1,1,-1,-1,1,1,0.010016795247793198
1,1,-1,1,-1,1,1,1,1,1,1,1,1,1,1,-1,1,1,0.010205104947090149
1,1,-1,1,1,-1,-1,-1,-1,-1,-1,-1,1,-1,1,-1,-1,-1,0.010588986799120903
1,1,-1,1,1,-1,-1,-1,-1,-1,-1,-1,1,1,-1,1,1,-1,0.009531917050480843
1,1,-1,1,1,-1,-1,-1,-1,-1,-1,1,-1,1,-1,-1,-1,1,0.009532715193927288
1,1,-1,1,1,-1,-1,-1,-1,-1,-1,1,-1,1,1,1,-1,1,0.009042256511747837
1,1,-1,1,1,-1,-1,-1,-1,-1,-1,1,1,-1,-1,-1,1,1,0.010180916637182236
1,1,-1,1,1,-1,-1,-1,-1,-1,-1,1,1,1,1,-1,-1,1,0.010142725892364979
1,1,-1,1,1,-1,-1,-1,-1,-1,1,-1,-1,-1,-1,1,1,-1,0.009315471164882183
1,1,-1,1,1,-1,-1,-1,-1,-1,1,-1,-1,1,-1,-1,1,-1,0.009787304326891899
1,1,-1,1,1,-1,-1,-1,-1,1,-1,-1,-1,1,-1,-1,1,-1,0.00905326846987009
1,1,-1,1,1,-1,-1,-1,-1,1,-1,-1,1,-1,-1,-1,-1,1,0.009913305751979351
1,1,-1,1,1,-1,-1,-1,-1,1,-1,1,-1,1,-1,-1,1,-1,0.008504816330969334
1,1,-1,1,1,-1,-1,-1,-1,1,-1,1,-1,1,-1,-1,1,1,0.008810624480247498
1,1,-1,1,1,-1,-1,-1,-1,1,-1,1,1,1,-1,1,-1,-1,0.00818259734660387
1,1,-1,1,1,-1,-1,-1,-1,1,1,-1,-1,-1,-1,-1,1,-1,0.009228132665157318
1,1,-1,1,1,-1,-1,-1,-1,1,1,-1,-1,-1,1,-1,1,1,0.009731506928801537
1,1,-1,1,1,-1,-1,-1,-1,1,1,-1,-1,1,-1,-1,1,-1,0.009021196514368057
1,1,-1,1,1,-1,-1,-1,-1,1,1,1,-1,-1,1,-1,1,-1,0.008907637558877468
1,1,-1,1,1,-1,-1,-1,-1,1,1,1,1,-1,-1,1,-1,-1,0.008357460610568523
1,1,-1,1,1,-1,-1,-1,-1,1,1,1,1,-1,-1,1,-1,1,0.008657330647110939
1,1,-1,1,1,-1,-1,-1,1,-1,-1,-1,-1,-1,-1,1,1,-1,0.009399505332112312
1,1,-1,1,1,-1,-1,-1,1,-1,-1,-1,1,1,1,1,1,-1,0.009787384420633316
1,1,-1,1,1,-1,-1,-1,1,-1,-1,1,1,1,1,1,-1,1,0.009500723332166672
1,1,-1,1,1,-1,-1,-1,1,-1,1,-1,1,1,1,1,-1,1,0.010011164471507072
1,1,-1,1,1,-1,-1,-1,1,-1,1,1,-1,1,-1,1,-1,-1,0.008583223447203636
1,1,-1,1,1,-1,-1,-1,1,-1,1,1,1,-1,1,-1,-1,-1,0.010097451508045197
1,1,-1,1,1,-1,-1,-1,1,-1,1,1,1,-1,1,1,-1,-1,0.009409425780177116
1,1,-1,1,1,-1,-1,-1,1,-1,1,1,1,-1,1,1,-1,1,0.009690782055258751
1,1,-1,1,1,-1,-1,-1,1,-1,1,1,1,1,1,1,1,-1,0.00923428125679493
1,1,-1,1,1,-1,-1,-1,1,1,-1,-1,-1,-1,-1,1,1,-1,0.0086215203627944
1,1,-1,1,1,-1,-1,-1,1,1,-1,-1,-1,1,-1,-1,-1,1,0.009351826272904873
1,1,-1,1,1,-1,-1,-1,1,1,-1,-1,-1,1,1,1,1,-1,0.008608832955360413
1,1,-1,1,1,-1,-1,-1,1,1,-1,-1,1,-1,-1,-1,-1,-1,0.00967797264456749
1,1,-1,1,1,-1,-1,-1,1,1,-1,-1,1,-1,1,-1,-1,1,0.010162834078073502
1,1,-1,1,1,-1,-1,-1,1,1,1,-1,-1,-1,1,-1,1,1,0.009786786511540413
1,1,-1,1,1,-1,-1,-1,1,1,1,1,-1,-1,-1,-1,-1,-1,0.00871207658201456
1,1,-1,1,1,-1,-1,-1,1,1,1,1,-1,1,-1,-1,1,1,0.00883383210748434
1,1,-1,1,1,-1,-1,-1,1,1,1,1,-1,1,-1,1,1,1,0.008145807310938835
1,1,-1,1,1,-1,-1,-1,1,1,1,1,1,1,-1,1,1,1,0.008546373806893826
1,1,-1,1,1,-1,-1,1,-1,-1,-1,-1,-1,1,-1,-1,-1,-1,0.009827567264437675
1,1,-1,1,1,-1,-1,1,-1,-1,-1,-1,-1,1,1,-1,-1,1,0.01032168511301279
1,1,-1,1,1,-1,-1,1,-1,-1,-1,-1,-1,1,1,1,-1,1,0.00962178222835064
1,1,-1,1,1,-1,-1,1,-1,-1,-1,-1,-1,1,1,1,1,-1,0.009390382096171379
1,1,-1,1,1,-1,-1,1,-1,-1,-1,-1,1,-1,1,-1,1,-1,0.010688530281186104
1,1,-1,1,1,-1,-1,1,-1,-1,-1,-1,1,1,-1,-1,1,-1,0.010278088971972466
1,1,-1,1,1,-1,-1,1,-1,-1,1,-1,1,1,-1,1,-1,-1,0.009517292492091656
1,1,-1,1,1,-1,-1,1,-1,-1,1,1,-1,-1,1,-1,1,1,0.01001062709838152
1,1,-1,1,1,-1,-1,1,-1,-1,1,1,1,-1,1,1,1,1,0.009738363325595856
1,1,-1,1,1,-1,-1,1,-1,1,-1,-1,-1,-1,-1,1,1,-1,0.008615827187895775
1,1,-1,1,1,-1,-1,1,-1,1,-1,-1,1,-1,1,-1,1,-1,0.00991054531186819
1,1,-1,1,1,-1,-1,1,1,-1,-1,-1,-1,-1,-1,-1,-1,1,0.010386333800852299
1,1,-1,1,1,-1,-1,1,1,-1,-1,-1,-1,-1,-1,1,-1,1,0.00969236996024847
1,1,-1,1,1,-1,-1,1,1,-1,-1,-1,-1,-1,1,-1,-1,1,0.010593157261610031
1,1,-1,1,1,-1,-1,1,1,-1,-1,-1,-1,1,-1,-1,-1,-1,0.009882846847176552
1,1,-1,1,1,-1,-1,1,1,-1,-1,1,-1,-1,-1,1,1,-1,0.008915835060179234
1,1,-1,1,1,-1,-1,1,1,-1,-1,1,-1,-1,1,1,1,-1,0.009110083803534508
1,1,-1,1,1,-1,-1,1,1,-1,-1,1,-1,1,1,-1,1,1,0.00990291964262724
1,1,-1,1,1,-1,-1,1,1,-1,-1,1,-1,1,1,1,-1,1,0.009152712766081095
1,1,-1,1,1,-1,-1,1,1,-1,-1,1,1,-1,1,1,-1,-1,0.009478510357439518
1,1,-1,1,1,-1,-1,1,1,-1,1,-1,-1,1,1,-1,1,1,0.010404105298221111
1,1,-1,1,1,-1,-1,1,1,-1,1,-1,1,1,-1,1,1,1,0.009916459210216999
1,1,-1,1,1,-1,-1,1,1,1,-1,-1,-1,1,1,1,1,1,0.008970166556537151
1,1,-1,1,1,-1,-1,1,1,1,-1,-1,1,-1,-1,-1,-1,1,0.010030049830675125
1,1,-1,1,1,-1,-1,1,1,1,-1,1,-1,1,1,-1,-1,-1,0.00879624392837286
1,1,-1,1,1,-1,-1,1,1,1,-1,1,1,-1,1,-1,-1,-1,0.009400428272783756
1,1,-1,1,1,-1,-1,1,1,1,1,-1,-1,-1,1,1,1,1,0.009154287166893482
1,1,-1,1,1,-1,-1,1,1,1,1,1,1,-1,1,-1,1,1,0.009721498936414719
1,1,-1,1,1,-1,1,-1,-1,-1,-1,-1,-1,-1,-1,-1,-1,1,0.010976026766002178
1,1,-1,1,1,-1,1,-1,-1,-1,-1,-1,-1,-1,-1,-1,1,-1,0.01073536928743124
1,1,-1,1,1,-1,1,-1,-1,-1,-1,-1,-1,-1,1,1,-1,-1,0.010200893506407738
1,1,-1,1,1,-1,1,-1,-1,-1,-1,-1,-1,1,-1,-1,-1,-1,0.010475159622728825
1,1,-1,1,1,-1,1,-1,-1,-1,-1,1,-1,1,-1,1,-1,1,0.009538551792502403
1,1,-1,1,1,-1,1,-1,-1,-1,-1,1,1,-1,1,1,1,1,0.010399514809250832
1,1,-1,1,1,-1,1,-1,-1,-1,-1,1,1,1,-1,1,-1,1,0.009939118288457394
1,1,-1,1,1,-1,1,-1,-1,-1,1,-1,-1,1,-1,-1,-1,1,0.010746275074779987
1,1,-1,1,1,-1,1,-1,-1,-1,1,-1,1,-1,1,-1,-1,-1,0.011272608302533627
1,1,-1,1,1,-1,1,-1,-1,-1,1,-1,1,-1,1,-1,-1,1,0.011559903621673584
1,1,-1,1,1,-1,1,-1,-1,-1,1,-1,1,1,-1,1,-1,-1,0.010174142196774483
1,1,-1,1,1,-1,1,-1,-1,-1,1,1,1,1,-1,-1,-1,1,0.010625462047755718
1,1,-1,1,1,-1,1,-1,-1,1,-1,-1,-1,1,-1,-1,1,-1,0.00975044909864664
1,1,-1,1,1,-1,1,-1,-1,1,-1,-1,-1,1,-1,1,-1,1,0.009293824434280396
1,1,-1,1,1,-1,1,-1,-1,1,1,-1,1,1,-1,1,-1,-1,0.009386900812387466
1,1,-1,1,1,-1,1,-1,-1,1,1,1,-1,-1,1,1,1,-1,0.008916792459785938
1,1,-1,1,1,-1,1,-1,-1,1,1,1,1,-1,1,1,-1,-1,0.009273341856896877
1,1,-1,1,1,-1,1,-1,-1,1,1,1,1,1,1,1,-1,1,0.009357018396258354
1,1,-1,1,1,-1,1,-1,-1,1,1,1,1,1,1,1,1,1,0.009391779080033302
1,1,-1,1,1,-1,1,-1,1,-1,-1,-1,-1,-1,1,-1,-1,1,0.01124074961990118
1,1,-1,1,1,-1,1,-1,1,-1,-1,-1,-1,1,-1,-1,-1,-1,0.010545634664595127
1,1,-1,1,1,-1,1,-1,1,-1,-1,-1,1,1,-1,-1,-1,-1,0.01095214020460844
1,1,-1,1,1,-1,1,-1,1,-1,-1,1,-1,-1,-1,1,-1,1,0.009806705638766289
1,1,-1,1,1,-1,1,-1,1,-1,-1,1,-1,-1,1,1,-1,-1,0.009713659062981606
1,1,-1,1,1,-1,1,-1,1,-1,-1,1,-1,-1,1,1,-1,1,0.010019468143582344
1,1,-1,1,1,-1,1,-1,1,-1,-1,1,-1,1,-1,1,-1,-1,0.009303218685090542
1,1,-1,1,1,-1,1,-1,1,-1,1,-1,1,-1,1,-1,1,-1,0.011377844028174877
1,1,-1,1,1,-1,1,-1,1,-1,1,-1,1,-1,1,1,1,1,0.010965236462652683
1,1,-1,1,1,-1,1,-1,1,-1,1,1,1,1,-1,-1,1,1,0.010730697773396969
1,1,-1,1,1,-1,1,-1,1,1,-1,-1,-1,-1,-1,-1,-1,1,0.010271137580275536
1,1,-1,1,1,-1,1,-1,1,1,-1,-1,1,1,-1,1,1,-1,0.00952420849353075
1,1,-1,1,1,-1,1,-1,1,1,-1,-1,1,1,-1,1,1,1,0.009811502881348133
1,1,-1,1,1,-1,1,-1,1,1,-1,1,-1,1,1,1,-1,1,0.009025290608406067
1,1,-1,1,1,-1,1,-1,1,1,-1,1,1,1,-1,1,1,-1,0.008996889926493168
1,1,-1,1,1,-1,1,-1,1,1,1,-1,-1,-1,-1,-1,-1,1,0.010242383927106857
1,1,-1,1,1,-1,1,-1,1,1,1,-1,-1,1,-1,-1,1,1,0.010070208460092545
1,1,-1,1,1,-1,1,1,-1,-1,-1,-1,-1,-1,1,-1,-1,-1,0.010941126383841038
1,1,-1,1,1,-1,1,1,-1,-1,-1,-1,-1,1,1,1,-1,1,0.010340096428990364
1,1,-1,1,1,-1,1,1,-1,-1,-1,1,-1,-1,-1,-1,-1,1,0.010494977235794067
1,1,-1,1,1,-1,1,1,-1,-1,-1,1,-1,-1,1,-1,1,-1,0.010451886802911758
1,1,-1,1,1,-1,1,1,-1,-1,-1,1,1,-1,-1,-1,-1,-1,0.010615498293191195
1,1,-1,1,1,-1,1,1,-1,-1,-1,1,1,1,-1,1,1,-1,0.009763243608176708
1,1,-1,1,1,-1,1,1,-1,-1,1,-1,1,1,-1,-1,-1,-1,0.01092363242059946
1,1,-1,1,1,-1,1,1,-1,-1,1,-1,1,1,1,-1,1,1,0.011446571908891201
1,1,-1,1,1,-1,1,1,-1,1,-1,-1,1,-1,-1,-1,-1,1,0.010656754486262798
1,1,-1,1,1,-1,1,1,-1,1,-1,-1,1,-1,-1,1,1,1,0.010016064159572124
1,1,-1,1,1,-1,1,1,-1,1,-1,-1,1,1,-1,1,-1,1,0.009765111841261387
1,1,-1,1,1,-1,1,1,-1,1,-1,1,-1,-1,1,-1,1,1,0.009970453567802906
1,1,-1,1,1,-1,1,1,-1,1,-1,1,-1,1,1,1,1,1,0.009063615463674068
1,1,-1,1,1,-1,1,1,-1,1,1,-1,-1,-1,-1,1,1,-1,0.009302069433033466
1,1,-1,1,1,-1,1,1,-1,1,1,-1,1,1,1,1,1,1,0.009995756670832634
1,1,-1,1,1,-1,1,1,-1,1,1,1,-1,1,1,1,1,-1,0.008756125345826149
1,1,-1,1,1,-1,1,1,1,-1,-1,-1,1,1,1,1,-1,-1,0.010502011515200138
1,1,-1,1,1,-1,1,1,1,-1,-1,1,1,-1,-1,1,-1,1,0.010272054933011532
1,1,-1,1,1,-1,1,1,1,-1,-1,1,1,1,-1,1,-1,1,0.010071057826280594
1,1,-1,1,1,-1,1,1,1,-1,-1,1,1,1,1,1,-1,-1,0.009968754835426807
1,1,-1,1,1,-1,1,1,1,-1,1,-1,1,1,-1,-1,1,1,0.011319480836391449
1,1,-1,1,1,-1,1,1,1,-1,1,1,-1,-1,-1,1,1,1,0.009892689995467663
1,1,-1,1,1,-1,1,1,1,-1,1,1,-1,1,1,1,-1,1,0.009830047376453876
1,1,-1,1,1,-1,1,1,1,-1,1,1,-1,1,1,1,1,-1,0.009592707268893719
1,1,-1,1,1,-1,1,1,1,-1,1,1,1,-1,1,-1,1,-1,0.010890856385231018
1,1,-1,1,1,-1,1,1,1,1,-1,-1,-1,-1,-1,-1,-1,1,0.010320724919438362
1,1,-1,1,1,-1,1,1,1,1,-1,-1,-1,-1,1,-1,-1,1,0.010522570461034775
1,1,-1,1,1,-1,1,1,1,1,-1,-1,-1,1,-1,-1,-1,1,0.010113788768649101
1,1,-1,1,1,-1,1,1,1,1,-1,-1,-1,1,-1,1,1,1,0.00946052372455597
1,1,-1,1,1,-1,1,1,1,1,-1,-1,-1,1,1,-1,-1,-1,0.010023362934589386
1,1,-1,1,1,-1,1,1,1,1,-1,1,-1,-1,-1,-1,1,-1,0.009546810761094093
1,1,-1,1,1,-1,1,1,1,1,-1,1,-1,-1,1,-1,-1,-1,0.00970629882067442
1,1,-1,1,1,-1,1,1,1,1,-1,1,1,-1,1,1,1,-1,0.009456917643547058
1,1,-1,1,1,-1,1,1,1,1,-1,1,1,1,-1,-1,1,-1,0.009737122803926468
1,1,-1,1,1,-1,1,1,1,1,1,-1,1,-1,-1,-1,-1,-1,0.01040454488247633
1,1,-1,1,1,-1,1,1,1,1,1,-1,1,1,-1,-1,-1,1,0.010488221421837807
1,1,-1,1,1,-1,1,1,1,1,1,1,-1,-1,1,-1,-1,-1,0.009668287821114063
1,1,-1,1,1,-1,1,1,1,1,1,1,1,-1,-1,1,-1,1,0.009467937052249908
1,1,-1,1,1,1,-1,-1,-1,-1,-1,-1,-1,-1,-1,-1,-1,-1,0.010141050443053246
1,1,-1,1,1,1,-1,-1,-1,-1,-1,-1,-1,-1,-1,1,1,1,0.009781716391444206
1,1,-1,1,1,1,-1,-1,-1,-1,-1,-1,1,-1,1,1,1,1,0.010385787114501
1,1,-1,1,1,1,-1,-1,-1,-1,-1,-1,1,1,1,1,-1,1,0.010150030255317688
1,1,-1,1,1,1,-1,-1,-1,-1,-1,1,-1,-1,-1,-1,1,-1,0.009661066345870495
1,1,-1,1,1,1,-1,-1,-1,-1,-1,1,-1,-1,1,1,-1,1,0.009417204186320305
1,1,-1,1,1,1,-1,-1,-1,-1,-1,1,-1,1,1,1,-1,1,0.009210268035531044
1,1,-1,1,1,1,-1,-1,-1,-1,-1,1,1,-1,1,-1,1,1,0.010555751621723175
1,1,-1,1,1,1,-1,-1,-1,-1,1,-1,1,-1,1,1,-1,-1,0.010043537244200706
1,1,-1,1,1,1,-1,-1,-1,-1,1,-1,1,-1,1,1,1,1,0.010368910618126392
1,1,-1,1,1,1,-1,-1,-1,-1,1,-1,1,1,-1,-1,1,1,0.010652434080839157
1,1,-1,1,1,1,-1,-1,-1,-1,1,-1,1,1,1,-1,-1,-1,0.010515370406210423
1,1,-1,1,1,1,-1,-1,-1,-1,1,1,1,1,1,-1,1,1,0.010325999930500984
1,1,-1,1,1,1,-1,-1,-1,1,-1,-1,-1,1,-1,-1,-1,1,0.009452681057155132
1,1,-1,1,1,1,-1,-1,-1,1,-1,-1,-1,1,-1,1,-1,1,0.008762035518884659
1,1,-1,1,1,1,-1,-1,-1,1,-1,1,1,-1,-1,1,1,1,0.008892174810171127
1,1,-1,1,1,1,-1,-1,-1,1,1,-1,-1,1,-1,-1,-1,1,0.009433183819055557
1,1,-1,1,1,1,-1,-1,-1,1,1,1,-1,1,1,1,-1,1,0.00840615015476942
1,1,-1,1,1,1,-1,-1,-1,1,1,1,1,-1,-1,-1,-1,1,0.009510049596428871
1,1,-1,1,1,1,-1,-1,1,-1,-1,1,1,-1,1,-1,1,1,0.0106169693171978
1,1,-1,1,1,1,-1,-1,1,-1,-1,1,1,-1,1,1,1,-1,0.009632392786443233
1,1,-1,1,1,1,-1,-1,1,-1,1,-1,-1,-1,-1,-1,1,-1,0.010232726112008095
1,1,-1,1,1,1,-1,-1,1,-1,1,1,1,-1,-1,-1,1,-1,0.010090779513120651
1,1,-1,1,1,1,-1,-1,1,1,-1,-1,-1,-1,-1,-1,1,-1,0.009483495727181435
1,1,-1,1,1,1,-1,-1,1,1,-1,-1,-1,1,-1,-1,-1,-1,0.009232543408870697
1,1,-1,1,1,1,-1,-1,1,1,-1,-1,-1,1,1,-1,-1,-1,0.009436048567295074
1,1,-1,1,1,1,-1,-1,1,1,-1,-1,1,1,-1,-1,1,-1,0.009673808701336384
1,1,-1,1,1,1,-1,-1,1,1,-1,-1,1,1,-1,1,-1,1,0.009220501407980919
1,1,-1,1,1,1,-1,-1,1,1,-1,1,1,1,-1,1,-1,-1,0.008402571082115173
1,1,-1,1,1,1,-1,-1,1,1,1,-1,-1,1,1,1,-1,-1,0.008710011839866638
1,1,-1,1,1,1,-1,-1,1,1,1,-1,1,-1,1,-1,-1,-1,0.010026673786342144
1,1,-1,1,1,1,-1,-1,1,1,1,1,1,-1,-1,1,1,1,0.00891538243740797
1,1,-1,1,1,1,-1,1,-1,-1,-1,1,-1,1,1,-1,1,1,0.009988579899072647
1,1,-1,1,1,1,-1,1,-1,-1,-1,1,1,-1,1,1,1,1,0.009913994930684566
1,1,-1,1,1,1,-1,1,-1,-1,1,-1,-1,1,-1,1,1,1,0.00960749015212059
1,1,-1,1,1,1,-1,1,-1,-1,1,-1,1,1,1,1,-1,1,0.01017348375171423
1,1,-1,1,1,1,-1,1,-1,-1,1,1,-1,-1,-1,-1,1,1,0.009984389878809452
1,1,-1,1,1,1,-1,1,-1,-1,1,1,-1,1,1,-1,-1,1,0.009931003674864769
1,1,-1,1,1,1,-1,1,-1,-1,1,1,1,-1,-1,-1,-1,-1,0.010047008283436298
1,1,-1,1,1,1,-1,1,-1,-1,1,1,1,1,-1,-1,1,1,0.010168763808906078
1,1,-1,1,1,1,-1,1,-1,-1,1,1,1,1,1,-1,-1,-1,0.01004357822239399
1,1,-1,1,1,1,-1,1,-1,-1,1,1,1,1,1,-1,1,-1,0.010081656277179718
1,1,-1,1,1,1,-1,1,-1,1,-1,-1,-1,1,-1,-1,1,1,0.009561480022966862
1,1,-1,1,1,1,-1,1,-1,1,-1,-1,-1,1,1,1,1,1,0.00907102134078741
1,1,-1,1,1,1,-1,1,-1,1,-1,-1,1,-1,1,1,1,-1,0.00938459299504757
1,1,-1,1,1,1,-1,1,-1,1,-1,1,-1,-1,-1,1,1,1,0.008541195653378963
1,1,-1,1,1,1,-1,1,-1,1,-1,1,-1,-1,1,-1,-1,-1,0.009091808460652828
1,1,-1,1,1,1,-1,1,-1,1,-1,1,-1,1,1,-1,1,1,0.00922579038888216
1,1,-1,1,1,1,-1,1,-1,1,-1,1,-1,1,1,1,1,1,0.008522569201886654
1,1,-1,1,1,1,-1,1,-1,1,-1,1,1,-1,1,1,-1,-1,0.008810636587440968
1,1,-1,1,1,1,-1,1,-1,1,1,-1,-1,-1,1,-1,1,-1,0.009649236686527729
1,1,-1,1,1,1,-1,1,-1,1,1,-1,1,1,1,-1,-1,1,0.010089462623000145
1,1,-1,1,1,1,-1,1,-1,1,1,1,-1,-1,-1,-1,-1,-1,0.00886845774948597
1,1,-1,1,1,1,-1,1,-1,1,1,1,-1,-1,-1,1,1,-1,0.00821257196366787
1,1,-1,1,1,1,-1,1,-1,1,1,1,-1,1,1,-1,1,1,0.009199656546115875
1,1,-1,1,1,1,-1,1,-1,1,1,1,1,1,-1,1,1,-1,0.008427336812019348
1,1,-1,1,1,1,-1,1,1,-1,-1,-1,-1,1,1,1,1,-1,0.00960773415863514
1,1,-1,1,1,1,-1,1,1,-1,-1,1,-1,-1,-1,-1,-1,-1,0.009724536910653114
1,1,-1,1,1,1,-1,1,1,-1,-1,1,-1,1,-1,-1,1,-1,0.009570875205099583
1,1,-1,1,1,1,-1,1,1,-1,-1,1,1,-1,-1,1,-1,-1,0.009431139566004276
1,1,-1,1,1,1,-1,1,1,-1,1,-1,-1,1,-1,1,-1,1,0.009628009982407093
1,1,-1,1,1,1,-1,1,1,-1,1,-1,-1,1,-1,1,1,1,0.009662769734859467
1,1,-1,1,1,1,-1,1,1,-1,1,-1,1,-1,-1,-1,-1,1,0.010941353626549244
1,1,-1,1,1,1,-1,1,1,-1,1,1,-1,-1,-1,-1,-1,-1,0.009701721370220184
1,1,-1,1,1,1,-1,1,1,-1,1,1,-1,1,-1,1,1,-1,0.008854095824062824
1,1,-1,1,1,1,-1,1,1,-1,1,1,1,-1,1,1,1,1,0.009952398017048836
1,1,-1,1,1,1,-1,1,1,-1,1,1,1,1,1,1,-1,-1,0.009420088492333889
1,1,-1,1,1,1,-1,1,1,1,-1,-1,-1,1,-1,1,-1,-1,0.008594105020165443
1,1,-1,1,1,1,-1,1,1,1,-1,-1,1,-1,1,-1,1,-1,0.010143092833459377
1,1,-1,1,1,1,-1,1,1,1,-1,1,1,-1,-1,1,-1,1,0.008949706330895424
1,1,-1,1,1,1,-1,1,1,1,-1,1,1,-1,1,-1,-1,1,0.009853114373981953
1,1,-1,1,1,1,-1,1,1,1,1,-1,-1,-1,1,1,-1,1,0.009263086132705212
1,1,-1,1,1,1,-1,1,1,1,1,-1,-1,-1,1,1,1,1,0.009301165118813515
1,1,-1,1,1,1,-1,1,1,1,1,-1,-1,1,1,-1,-1,-1,0.009462819434702396
1,1,-1,1,1,1,-1,1,1,1,1,-1,1,1,-1,-1,-1,1,0.00995311513543129
1,1,-1,1,1,1,-1,1,1,1,1,-1,1,1,-1,-1,1,-1,0.009709836915135384
1,1,-1,1,1,1,-1,1,1,1,1,1,-1,-1,1,1,1,-1,0.008477294817566872
1,1,-1,1,1,1,-1,1,1,1,1,1,-1,1,1,-1,1,1,0.009264192543923855
1,1,-1,1,1,1,-1,1,1,1,1,1,1,-1,1,-1,-1,-1,0.009543003514409065
1,1,-1,1,1,1,-1,1,1,1,1,1,1,-1,1,1,1,1,0.009174413047730923
1,1,-1,1,1,1,-1,1,1,1,1,1,1,1,-1,-1,-1,1,0.009419857524335384
1,1,-1,1,1,1,-1,1,1,1,1,1,1,1,1,1,1,1,0.008973415940999985
1,1,-1,1,1,1,1,-1,-1,-1,-1,-1,-1,1,1,-1,-1,1,0.011134669184684753
1,1,-1,1,1,1,1,-1,-1,-1,-1,1,1,-1,-1,-1,-1,1,0.011011348105967045
1,1,-1,1,1,1,1,-1,-1,-1,-1,1,1,1,-1,1,1,-1,0.00986385252326727
1,1,-1,1,1,1,1,-1,-1,-1,1,-1,1,-1,1,-1,1,1,0.011765994131565094
1,1,-1,1,1,1,1,-1,-1,-1,1,1,1,1,1,-1,1,1,0.01101986225694418
1,1,-1,1,1,1,1,-1,-1,1,-1,-1,-1,-1,1,-1,1,-1,0.010328901931643486
1,1,-1,1,1,1,1,-1,-1,1,-1,1,1,-1,-1,1,-1,1,0.009536080993711948
1,1,-1,1,1,1,1,-1,-1,1,-1,1,1,-1,1,-1,-1,1,0.010433549992740154
1,1,-1,1,1,1,1,-1,-1,1,-1,1,1,1,1,1,-1,1,0.009541907347738743
1,1,-1,1,1,1,1,-1,-1,1,1,-1,1,-1,1,1,-1,-1,0.009965353645384312
1,1,-1,1,1,1,1,-1,-1,1,1,-1,1,1,1,-1,-1,-1,0.010455699637532234
1,1,-1,1,1,1,1,-1,-1,1,1,1,-1,-1,1,-1,-1,1,0.010019425302743912
1,1,-1,1,1,1,1,-1,-1,1,1,1,-1,-1,1,-1,1,1,0.01005750335752964
1,1,-1,1,1,1,1,-1,1,-1,-1,-1,-1,-1,-1,1,-1,1,0.010511292144656181
1,1,-1,1,1,1,1,-1,1,-1,-1,-1,-1,-1,-1,1,1,-1,0.010255440138280392
1,1,-1,1,1,1,1,-1,1,-1,-1,-1,-1,1,-1,1,1,-1,0.010042565874755383
1,1,-1,1,1,1,1,-1,1,-1,-1,-1,-1,1,-1,1,1,1,0.010342434979975224
1,1,-1,1,1,1,1,-1,1,-1,-1,-1,-1,1,1,1,-1,-1,0.010217249393463135
1,1,-1,1,1,1,1,-1,1,-1,-1,-1,-1,1,1,1,1,-1,0.01024607103317976
1,1,-1,1,1,1,1,-1,1,-1,-1,1,-1,-1,1,1,1,-1,0.009925688616931438
1,1,-1,1,1,1,1,-1,1,-1,-1,1,-1,1,-1,1,-1,-1,0.009471230208873749
1,1,-1,1,1,1,1,-1,1,-1,-1,1,1,-1,-1,1,-1,1,0.01037528458982706
1,1,-1,1,1,1,1,-1,1,-1,-1,1,1,1,1,1,-1,1,0.010365914553403854
1,1,-1,1,1,1,1,-1,1,-1,1,-1,1,-1,-1,-1,1,-1,0.011336411349475384
1,1,-1,1,1,1,1,-1,1,-1,1,-1,1,-1,1,-1,1,1,0.011830529198050499
1,1,-1,1,1,1,1,-1,1,-1,1,1,-1,-1,-1,1,1,-1,0.009693428874015808
1,1,-1,1,1,1,1,-1,1,-1,1,1,-1,-1,1,1,1,-1,0.009896934032440186
1,1,-1,1,1,1,1,-1,1,-1,1,1,-1,1,-1,-1,1,1,0.010477009229362011
1,1,-1,1,1,1,1,-1,1,1,-1,-1,-1,-1,-1,1,1,1,0.00977400690317154
1,1,-1,1,1,1,1,-1,1,1,-1,-1,1,1,1,-1,1,-1,0.010583750903606415
1,1,-1,1,1,1,1,-1,1,1,-1,-1,1,1,1,1,-1,-1,0.00984245166182518
1,1,-1,1,1,1,1,-1,1,1,-1,1,-1,-1,1,-1,1,-1,0.00985686294734478
1,1,-1,1,1,1,1,-1,1,1,-1,1,-1,1,-1,-1,-1,1,0.00968707911670208
1,1,-1,1,1,1,1,-1,1,1,-1,1,1,-1,1,1,-1,-1,0.009516130201518536
1,1,-1,1,1,1,1,-1,1,1,1,-1,-1,1,-1,1,-1,1,0.009494300000369549
1,1,-1,1,1,1,1,-1,1,1,1,-1,-1,1,1,1,-1,1,0.009697805158793926
1,1,-1,1,1,1,1,-1,1,1,1,-1,1,-1,-1,1,1,1,0.010161014273762703
1,1,-1,1,1,1,1,-1,1,1,1,-1,1,-1,1,-1,1,-1,0.010758614167571068
1,1,-1,1,1,1,1,-1,1,1,1,1,-1,-1,-1,-1,1,1,0.009915216825902462
1,1,-1,1,1,1,1,-1,1,1,1,1,-1,-1,1,-1,-1,1,0.010065448470413685
1,1,-1,1,1,1,1,-1,1,1,1,1,-1,-1,1,-1,1,1,0.010109465569257736
1,1,-1,1,1,1,1,1,-1,-1,-1,1,-1,1,1,-1,-1,1,0.010656937956809998
1,1,-1,1,1,1,1,1,-1,-1,-1,1,-1,1,1,1,-1,1,0.009962974116206169
1,1,-1,1,1,1,1,1,-1,-1,-1,1,1,1,1,1,-1,-1,0.010084805078804493
1,1,-1,1,1,1,1,1,-1,-1,1,-1,-1,-1,-1,1,1,-1,0.010220993310213089
1,1,-1,1,1,1,1,1,-1,-1,1,-1,-1,-1,1,-1,-1,1,0.011365058831870556
1,1,-1,1,1,1,1,1,-1,-1,1,1,1,-1,-1,-1,-1,-1,0.010753445327281952
1,1,-1,1,1,1,1,1,-1,-1,1,1,1,-1,-1,1,-1,1,0.010350094176828861
1,1,-1,1,1,1,1,1,-1,-1,1,1,1,-1,1,-1,-1,-1,0.010953632183372974
1,1,-1,1,1,1,1,1,-1,-1,1,1,1,-1,1,-1,-1,1,0.011247563175857067
1,1,-1,1,1,1,1,1,-1,-1,1,1,1,-1,1,1,-1,1,0.010553599335253239
1,1,-1,1,1,1,1,1,-1,1,-1,-1,-1,-1,-1,1,-1,1,0.009727614931762218
1,1,-1,1,1,1,1,1,-1,1,-1,-1,-1,1,-1,-1,1,1,0.010258660651743412
1,1,-1,1,1,1,1,1,-1,1,-1,-1,-1,1,-1,1,1,1,0.009570634923875332
1,1,-1,1,1,1,1,1,-1,1,-1,1,-1,-1,-1,-1,1,-1,0.009632470086216927
1,1,-1,1,1,1,1,1,-1,1,-1,1,1,1,1,-1,-1,-1,0.010006722994148731
1,1,-1,1,1,1,1,1,-1,1,1,-1,-1,1,-1,1,1,-1,0.009257206693291664
1,1,-1,1,1,1,1,1,-1,1,1,-1,1,1,1,1,1,-1,0.009867217391729355
1,1,-1,1,1,1,1,1,-1,1,1,1,-1,-1,-1,-1,-1,1,0.009856250137090683
1,1,-1,1,1,1,1,1,-1,1,1,1,-1,-1,1,-1,-1,1,0.010074950754642487
1,1,-1,1,1,1,1,1,-1,1,1,1,1,-1,-1,-1,-1,-1,0.009981399402022362
1,1,-1,1,1,1,1,1,-1,1,1,1,1,-1,1,-1,-1,-1,0.010190842673182487
1,1,-1,1,1,1,1,1,-1,1,1,1,1,-1,1,-1,1,1,0.010516216047108173
1,1,-1,1,1,1,1,1,1,-1,-1,-1,-1,-1,-1,-1,-1,1,0.011245586909353733
1,1,-1,1,1,1,1,1,1,-1,-1,1,-1,1,1,1,-1,1,0.010030130855739117
1,1,-1,1,1,1,1,1,1,-1,-1,1,1,-1,-1,-1,1,1,0.011162851937115192
1,1,-1,1,1,1,1,1,1,-1,1,-1,1,1,-1,-1,-1,-1,0.011146923527121544
1,1,-1,1,1,1,1,1,1,-1,1,-1,1,1,1,1,-1,-1,0.010641269385814667
1,1,-1,1,1,1,1,1,1,-1,1,-1,1,1,1,1,1,-1,0.010685286484658718
1,1,-1,1,1,1,1,1,1,1,-1,-1,-1,-1,-1,1,1,1,0.009823594242334366
1,1,-1,1,1,1,1,1,1,1,-1,-1,-1,-1,1,1,-1,-1,0.009692469611763954
1,1,-1,1,1,1,1,1,1,1,-1,-1,1,-1,-1,1,1,1,0.01024529431015253
1,1,-1,1,1,1,1,1,1,1,-1,1,-1,-1,-1,1,-1,-1,0.00896496418863535
1,1,-1,1,1,1,1,1,1,1,-1,1,-1,-1,-1,1,1,-1,0.009014919400215149
1,1,-1,1,1,1,1,1,1,1,-1,1,-1,-1,-1,1,1,1,0.00929033663123846
1,1,-1,1,1,1,1,1,1,1,-1,1,1,-1,-1,-1,-1,1,0.010352727957069874
1,1,-1,1,1,1,1,1,1,1,-1,1,1,-1,1,-1,-1,-1,0.010265620425343513
1,1,-1,1,1,1,1,1,1,1,1,-1,-1,1,1,1,-1,1,0.009759269654750824
1,1,-1,1,1,1,1,1,1,1,1,-1,1,-1,1,-1,1,1,0.011104753240942955
1,1,-1,1,1,1,1,1,1,1,1,-1,1,1,-1,1,-1,-1,0.009671656414866447
1,1,-1,1,1,1,1,1,1,1,1,1,1,1,1,-1,1,-1,0.010073947720229626
1,1,1,-1,-1,-1,-1,-1,-1,-1,-1,-1,-1,-1,1,-1,1,-1,0.00962850358337164
1,1,1,-1,-1,-1,-1,-1,-1,-1,-1,-1,-1,1,1,-1,-1,1,0.00966816395521164
1,1,1,-1,-1,-1,-1,-1,-1,-1,-1,-1,-1,1,1,1,1,1,0.009018216282129288
1,1,1,-1,-1,-1,-1,-1,-1,-1,-1,-1,1,-1,1,1,1,1,0.009646853432059288
1,1,1,-1,-1,-1,-1,-1,-1,1,-1,-1,-1,-1,-1,1,1,1,0.008249601349234581
1,1,1,-1,-1,-1,-1,-1,-1,1,-1,-1,1,-1,-1,-1,1,-1,0.009068714454770088
1,1,1,-1,-1,-1,-1,-1,-1,1,-1,-1,1,-1,-1,1,-1,-1,0.00832147616893053
1,1,1,-1,-1,-1,-1,-1,-1,1,-1,1,-1,-1,-1,-1,-1,-1,0.008090874180197716
1,1,1,-1,-1,-1,-1,-1,-1,1,1,-1,-1,-1,1,1,1,-1,0.008154873736202717
1,1,1,-1,-1,-1,-1,-1,-1,1,1,-1,1,-1,-1,-1,-1,-1,0.00900782085955143
1,1,1,-1,-1,-1,-1,-1,-1,1,1,-1,1,-1,1,-1,1,-1,0.00924608577042818
1,1,1,-1,-1,-1,-1,-1,-1,1,1,-1,1,1,-1,1,-1,1,0.008391594514250755
1,1,1,-1,-1,-1,-1,-1,-1,1,1,1,-1,-1,-1,1,1,1,0.007699467707425356
1,1,1,-1,-1,-1,-1,-1,-1,1,1,1,1,-1,-1,1,1,-1,0.007818677462637424
1,1,1,-1,-1,-1,-1,-1,-1,1,1,1,1,-1,-1,1,1,1,0.008109291084110737
1,1,1,-1,-1,-1,-1,-1,-1,1,1,1,1,-1,1,1,1,1,0.00830947794020176
1,1,1,-1,-1,-1,-1,-1,1,-1,-1,-1,-1,-1,-1,1,-1,1,0.009038848802447319
1,1,1,-1,-1,-1,-1,-1,1,-1,-1,-1,1,-1,1,-1,-1,1,0.01035801786929369
1,1,1,-1,-1,-1,-1,-1,1,-1,-1,-1,1,1,-1,-1,1,-1,0.009695042856037617
1,1,1,-1,-1,-1,-1,-1,1,-1,-1,1,-1,-1,-1,-1,1,1,0.009258768521249294
1,1,1,-1,-1,-1,-1,-1,1,-1,-1,1,-1,1,-1,1,-1,-1,0.008017299696803093
1,1,1,-1,-1,-1,-1,-1,1,-1,-1,1,1,1,-1,1,1,-1,0.008473760448396206
1,1,1,-1,-1,-1,-1,-1,1,-1,1,-1,1,1,-1,1,-1,-1,0.008934246376156807
1,1,1,-1,-1,-1,-1,-1,1,-1,1,1,1,-1,1,-1,-1,-1,0.009511332958936691
1,1,1,-1,-1,-1,-1,-1,1,1,-1,-1,-1,1,-1,-1,-1,1,0.008769026026129723
1,1,1,-1,-1,-1,-1,-1,1,1,-1,-1,-1,1,-1,1,-1,1,0.008075062185525894
1,1,1,-1,-1,-1,-1,-1,1,1,-1,-1,1,1,1,1,-1,1,0.008685072883963585
1,1,1,-1,-1,-1,-1,-1,1,1,-1,1,1,-1,1,-1,-1,-1,0.008752846159040928
1,1,1,-1,-1,-1,-1,-1,1,1,1,-1,-1,1,-1,-1,1,-1,0.008490358479321003
1,1,1,-1,-1,-1,-1,-1,1,1,1,1,-1,1,-1,1,-1,-1,0.007222438231110573
1,1,1,-1,-1,-1,-1,1,-1,-1,-1,-1,-1,-1,1,-1,1,-1,0.009684029035270214
1,1,1,-1,-1,-1,-1,1,-1,-1,-1,-1,-1,1,1,-1,1,-1,0.009492289274930954
1,1,1,-1,-1,-1,-1,1,-1,-1,-1,-1,1,1,-1,-1,-1,1,0.009935946203768253
1,1,1,-1,-1,-1,-1,1,-1,-1,-1,1,1,-1,-1,-1,-1,-1,0.009315693750977516
1,1,1,-1,-1,-1,-1,1,-1,-1,-1,1,1,-1,1,-1,-1,1,0.00981906894594431
1,1,1,-1,-1,-1,-1,1,-1,-1,-1,1,1,1,-1,-1,-1,-1,0.00911207590252161
1,1,1,-1,-1,-1,-1,1,-1,-1,-1,1,1,1,-1,1,-1,-1,0.008414794690907001
1,1,1,-1,-1,-1,-1,1,-1,-1,-1,1,1,1,1,1,1,-1,0.00866563431918621
1,1,1,-1,-1,-1,-1,1,-1,-1,1,-1,1,-1,1,-1,-1,-1,0.010038897395133972
1,1,1,-1,-1,-1,-1,1,-1,-1,1,-1,1,1,1,1,-1,-1,0.00912786740809679
1,1,1,-1,-1,-1,-1,1,-1,-1,1,1,-1,1,1,-1,1,-1,0.008926959708333015
1,1,1,-1,-1,-1,-1,1,-1,-1,1,1,1,1,1,-1,-1,-1,0.00929870456457138
1,1,1,-1,-1,-1,-1,1,-1,1,-1,-1,1,-1,1,-1,1,1,0.009624296799302101
1,1,1,-1,-1,-1,-1,1,-1,1,-1,1,-1,1,-1,-1,1,1,0.008258898742496967
1,1,1,-1,-1,-1,-1,1,-1,1,-1,1,1,-1,-1,-1,-1,-1,0.008546966128051281
1,1,1,-1,-1,-1,-1,1,-1,1,-1,1,1,1,1,-1,-1,-1,0.008534278720617294
1,1,1,-1,-1,-1,-1,1,-1,1,1,-1,-1,-1,-1,1,1,1,0.008297506719827652
1,1,1,-1,-1,-1,-1,1,-1,1,1,-1,-1,-1,1,-1,1,-1,0.008895106613636017
1,1,1,-1,-1,-1,-1,1,-1,1,1,-1,1,1,-1,-1,-1,-1,0.00884715374559164
1,1,1,-1,-1,-1,-1,1,1,-1,-1,-1,-1,1,1,-1,1,1,0.009834863245487213
1,1,1,-1,-1,-1,-1,1,1,-1,-1,-1,1,1,1,1,1,-1,0.009256791323423386
1,1,1,-1,-1,-1,-1,1,1,-1,-1,-1,1,1,1,1,1,1,0.009547404944896698
1,1,1,-1,-1,-1,-1,1,1,-1,-1,1,-1,-1,1,-1,1,-1,0.009211990982294083
1,1,1,-1,-1,-1,-1,1,1,-1,-1,1,-1,-1,1,1,1,-1,0.008527283556759357
1,1,1,-1,-1,-1,-1,1,1,-1,-1,1,-1,1,-1,-1,-1,-1,0.008766788989305496
1,1,1,-1,-1,-1,-1,1,1,-1,-1,1,1,1,-1,-1,1,-1,0.009223250672221184
1,1,1,-1,-1,-1,-1,1,1,-1,-1,1,1,1,-1,1,1,1,0.008810642175376415
1,1,1,-1,-1,-1,-1,1,1,-1,1,-1,-1,-1,1,-1,-1,1,0.009978285059332848
1,1,1,-1,-1,-1,-1,1,1,-1,1,-1,-1,1,1,1,1,-1,0.008827471174299717
1,1,1,-1,-1,-1,-1,1,1,-1,1,-1,1,-1,1,-1,1,1,0.010419550351798534
1,1,1,-1,-1,-1,-1,1,1,-1,1,-1,1,1,-1,1,1,1,0.00932108424603939
1,1,1,-1,-1,-1,-1,1,1,-1,1,1,-1,-1,-1,-1,1,1,0.009276282973587513
1,1,1,-1,-1,-1,-1,1,1,-1,1,1,-1,1,-1,1,-1,1,0.008337304927408695
1,1,1,-1,-1,-1,-1,1,1,-1,1,1,1,-1,-1,-1,-1,1,0.009644709527492523
1,1,1,-1,-1,-1,-1,1,1,-1,1,1,1,-1,-1,1,1,1,0.00900401920080185
1,1,1,-1,-1,-1,-1,1,1,1,-1,-1,1,1,-1,1,-1,-1,0.008237223140895367
1,1,1,-1,-1,-1,-1,1,1,1,-1,-1,1,1,1,-1,1,-1,0.009172771126031876
1,1,1,-1,-1,-1,-1,1,1,1,-1,1,1,1,-1,-1,1,1,0.008726621977984905
1,1,1,-1,-1,-1,-1,1,1,1,1,-1,-1,-1,1,1,1,-1,0.008265678770840168
1,1,1,-1,-1,-1,-1,1,1,1,1,-1,-1,1,1,-1,-1,1,0.00900524202734232
1,1,1,-1,-1,-1,-1,1,1,1,1,-1,-1,1,1,1,-1,1,0.00829608179628849
1,1,1,-1,-1,-1,-1,1,1,1,1,1,-1,1,-1,-1,-1,1,0.008268479257822037
1,1,1,-1,-1,-1,-1,1,1,1,1,1,-1,1,-1,1,-1,1,0.007568576838821173
1,1,1,-1,-1,-1,-1,1,1,1,1,1,-1,1,1,-1,-1,1,0.008462728001177311
1,1,1,-1,-1,-1,-1,1,1,1,1,1,1,1,-1,1,-1,1,0.007981020957231522
1,1,1,-1,-1,-1,-1,1,1,1,1,1,1,1,1,-1,1,1,0.008916568011045456
1,1,1,-1,-1,-1,1,-1,-1,-1,-1,-1,-1,-1,-1,-1,-1,1,0.01038065180182457
1,1,1,-1,-1,-1,1,-1,-1,-1,-1,-1,-1,-1,-1,1,1,1,0.009739961475133896
1,1,1,-1,-1,-1,1,-1,-1,-1,-1,-1,-1,1,-1,1,-1,1,0.009489009156823158
1,1,1,-1,-1,-1,1,-1,-1,-1,-1,1,-1,-1,-1,-1,-1,1,0.009847395122051239
1,1,1,-1,-1,-1,1,-1,-1,-1,-1,1,1,-1,-1,1,-1,1,0.00955993589013815
1,1,1,-1,-1,-1,1,-1,-1,-1,-1,1,1,-1,1,-1,1,1,0.010510679334402084
1,1,1,-1,-1,-1,1,-1,-1,-1,-1,1,1,1,-1,-1,-1,-1,0.009765608236193657
1,1,1,-1,-1,-1,1,-1,-1,-1,1,-1,-1,-1,-1,1,1,-1,0.009420594200491905
1,1,1,-1,-1,-1,1,-1,-1,-1,1,-1,1,1,1,1,1,-1,0.009814412333071232
1,1,1,-1,-1,-1,1,-1,-1,-1,1,1,-1,-1,1,1,1,1,0.009387394413352013
1,1,1,-1,-1,-1,1,-1,-1,-1,1,1,1,-1,-1,-1,-1,-1,0.009934533387422562
1,1,1,-1,-1,-1,1,-1,-1,-1,1,1,1,-1,-1,1,-1,1,0.009546377696096897
1,1,1,-1,-1,-1,1,-1,-1,1,-1,-1,-1,-1,-1,-1,-1,1,0.009617862291634083
1,1,1,-1,-1,-1,1,-1,-1,1,-1,-1,-1,1,-1,-1,-1,-1,0.009111057035624981
1,1,1,-1,-1,-1,1,-1,-1,1,-1,-1,1,1,-1,1,1,-1,0.00887687224894762
1,1,1,-1,-1,-1,1,-1,-1,1,-1,1,1,1,-1,1,-1,-1,0.008284403011202812
1,1,1,-1,-1,-1,1,-1,-1,1,1,-1,1,-1,-1,1,1,-1,0.009060991927981377
1,1,1,-1,-1,-1,1,-1,-1,1,1,-1,1,-1,1,-1,1,1,0.010233879089355469
1,1,1,-1,-1,-1,1,-1,-1,1,1,1,-1,-1,-1,-1,1,-1,0.00879999902099371
1,1,1,-1,-1,-1,1,-1,-1,1,1,1,1,-1,-1,-1,1,-1,0.009215760976076126
1,1,1,-1,-1,-1,1,-1,1,-1,-1,-1,1,-1,1,1,1,1,0.010411189869046211
1,1,1,-1,-1,-1,1,-1,1,-1,-1,-1,1,1,-1,1,-1,-1,0.009660180658102036
1,1,1,-1,-1,-1,1,-1,1,-1,-1,-1,1,1,1,-1,1,-1,0.010607605800032616
1,1,1,-1,-1,-1,1,-1,1,-1,-1,-1,1,1,1,-1,1,1,0.010883023031055927
1,1,1,-1,-1,-1,1,-1,1,-1,-1,1,-1,-1,1,-1,-1,-1,0.009815567173063755
1,1,1,-1,-1,-1,1,-1,1,-1,1,-1,-1,1,-1,-1,-1,1,0.010221376083791256
1,1,1,-1,-1,-1,1,-1,1,-1,1,1,-1,-1,-1,-1,-1,-1,0.009595184586942196
1,1,1,-1,-1,-1,1,-1,1,-1,1,1,-1,-1,-1,-1,1,1,0.009923876263201237
1,1,1,-1,-1,-1,1,-1,1,-1,1,1,1,-1,-1,-1,1,1,0.01033038180321455
1,1,1,-1,-1,-1,1,-1,1,1,-1,-1,-1,1,1,-1,1,-1,0.009413858875632286
1,1,1,-1,-1,-1,1,-1,1,1,-1,1,1,-1,1,-1,-1,-1,0.00946522131562233
1,1,1,-1,-1,-1,1,-1,1,1,1,-1,-1,1,-1,-1,-1,-1,0.009143521077930927
1,1,1,-1,-1,-1,1,-1,1,1,1,-1,1,1,1,1,-1,-1,0.009068824350833893
1,1,1,-1,-1,-1,1,-1,1,1,1,1,-1,-1,1,1,-1,-1,0.008326740935444832
1,1,1,-1,-1,-1,1,-1,1,1,1,1,1,-1,-1,1,1,-1,0.008588953875005245
1,1,1,-1,-1,-1,1,1,-1,-1,-1,-1,1,-1,1,1,1,1,0.010399558581411839
1,1,1,-1,-1,-1,1,1,-1,-1,1,-1,-1,-1,1,-1,1,1,0.010654945857822895
1,1,1,-1,-1,-1,1,1,-1,-1,1,-1,-1,1,-1,1,-1,-1,0.009225167334079742
1,1,1,-1,-1,-1,1,1,-1,-1,1,-1,1,-1,-1,1,1,1,0.01016992051154375
1,1,1,-1,-1,-1,1,1,-1,-1,1,1,-1,-1,-1,1,1,-1,0.008933606557548046
1,1,1,-1,-1,-1,1,1,-1,-1,1,1,-1,1,1,1,1,-1,0.008930176496505737
1,1,1,-1,-1,-1,1,1,-1,-1,1,1,1,1,1,1,1,-1,0.009351876564323902
1,1,1,-1,-1,-1,1,1,-1,-1,1,1,1,1,1,1,1,1,0.009636551141738892
1,1,1,-1,-1,-1,1,1,-1,1,-1,-1,-1,-1,-1,-1,-1,-1,0.009376836940646172
1,1,1,-1,-1,-1,1,1,-1,1,-1,-1,-1,-1,-1,-1,1,1,0.009708148427307606
1,1,1,-1,-1,-1,1,1,-1,1,-1,-1,1,-1,-1,1,-1,1,0.009385929442942142
1,1,1,-1,-1,-1,1,1,-1,1,-1,-1,1,-1,-1,1,1,1,0.009414751082658768
1,1,1,-1,-1,-1,1,1,-1,1,-1,1,-1,-1,-1,-1,1,-1,0.00889353547245264
1,1,1,-1,-1,-1,1,1,-1,1,-1,1,-1,1,-1,1,1,1,0.00827731005847454
1,1,1,-1,-1,-1,1,1,-1,1,-1,1,1,-1,1,-1,-1,-1,0.009444333612918854
1,1,1,-1,-1,-1,1,1,-1,1,1,-1,-1,-1,-1,-1,1,1,0.009685332886874676
1,1,1,-1,-1,-1,1,1,-1,1,1,1,-1,-1,-1,-1,-1,1,0.009117315523326397
1,1,1,-1,-1,-1,1,1,-1,1,1,1,-1,1,-1,1,1,-1,0.007960563525557518
1,1,1,-1,-1,-1,1,1,-1,1,1,1,-1,1,1,-1,1,-1,0.008852094411849976
1,1,1,-1,-1,-1,1,1,-1,1,1,1,1,-1,-1,-1,1,1,0.009561899118125439
1,1,1,-1,-1,-1,1,1,1,-1,-1,1,-1,1,1,1,1,1,0.009320017881691456
1,1,1,-1,-1,-1,1,1,1,-1,-1,1,1,1,1,-1,-1,-1,0.010082887951284647
1,1,1,-1,-1,-1,1,1,1,-1,-1,1,1,1,1,1,1,1,0.009717266075313091
1,1,1,-1,-1,-1,1,1,1,-1,1,-1,-1,1,1,-1,-1,-1,0.010179226752370596
1,1,1,-1,-1,-1,1,1,1,-1,1,-1,-1,1,1,1,1,1,0.009821202605962753
1,1,1,-1,-1,-1,1,1,1,-1,1,-1,1,-1,-1,-1,-1,-1,0.01059047318994999
1,1,1,-1,-1,-1,1,1,1,-1,1,-1,1,-1,1,1,-1,1,0.010393944568932056
1,1,1,-1,-1,-1,1,1,1,-1,1,-1,1,1,-1,-1,-1,1,0.010677468031644821
1,1,1,-1,-1,-1,1,1,1,-1,1,1,1,-1,-1,-1,1,-1,0.010095294564962387
1,1,1,-1,-1,-1,1,1,1,-1,1,1,1,1,-1,1,1,-1,0.009194394573569298
1,1,1,-1,-1,-1,1,1,1,-1,1,1,1,1,1,-1,-1,-1,0.010058413725346327
1,1,1,-1,-1,-1,1,1,1,-1,1,1,1,1,1,-1,1,-1,0.010101119987666607
1,1,1,-1,-1,-1,1,1,1,1,-1,-1,-1,-1,-1,-1,-1,-1,0.009438054636120796
1,1,1,-1,-1,-1,1,1,1,1,-1,-1,1,-1,1,-1,-1,1,0.01033535972237587
1,1,1,-1,-1,-1,1,1,1,1,-1,1,-1,-1,-1,1,1,1,0.008551402017474174
1,1,1,-1,-1,-1,1,1,1,1,-1,1,-1,-1,1,-1,-1,-1,0.009108303114771843
1,1,1,-1,-1,-1,1,1,1,1,-1,1,1,-1,-1,1,1,-1,0.008652099408209324
1,1,1,-1,-1,-1,1,1,1,1,1,-1,-1,1,-1,1,1,1,0.008839713409543037
1,1,1,-1,-1,-1,1,1,1,1,1,-1,1,-1,1,-1,1,-1,0.010060010477900505
1,1,1,-1,-1,-1,1,1,1,1,1,-1,1,-1,1,1,-1,1,0.009618580341339111
1,1,1,-1,-1,-1,1,1,1,1,1,1,-1,1,-1,1,-1,-1,0.00798702146857977
1,1,1,-1,-1,-1,1,1,1,1,1,1,1,1,1,1,1,-1,0.008631791919469833
1,1,1,-1,-1,1,-1,-1,-1,-1,-1,-1,-1,1,-1,-1,1,-1,0.009389392100274563
1,1,1,-1,-1,1,-1,-1,-1,-1,-1,-1,1,1,-1,-1,1,-1,0.009786641225218773
1,1,1,-1,-1,1,-1,-1,-1,-1,-1,1,-1,-1,-1,1,1,1,0.008650463074445724
1,1,1,-1,-1,1,-1,-1,-1,-1,-1,1,-1,-1,1,-1,-1,1,0.009503915905952454
1,1,1,-1,-1,1,-1,-1,-1,-1,-1,1,1,-1,-1,-1,-1,-1,0.0094222417101264
1,1,1,-1,-1,1,-1,-1,-1,-1,1,-1,1,-1,-1,-1,-1,1,0.010223295539617538
1,1,1,-1,-1,1,-1,-1,-1,-1,1,-1,1,-1,1,1,-1,1,0.00972689874470234
1,1,1,-1,-1,1,-1,-1,-1,-1,1,1,-1,-1,1,-1,-1,-1,0.009199744090437889
1,1,1,-1,-1,1,-1,-1,-1,-1,1,1,-1,1,-1,-1,-1,-1,0.00878598541021347
1,1,1,-1,-1,1,-1,-1,-1,-1,1,1,-1,1,-1,-1,-1,1,0.009070659056305885
1,1,1,-1,-1,1,-1,-1,-1,1,-1,-1,1,-1,1,-1,1,1,0.00973084382712841
1,1,1,-1,-1,1,-1,-1,-1,1,-1,1,-1,1,-1,-1,1,-1,0.008074833080172539
1,1,1,-1,-1,1,-1,-1,-1,1,-1,1,1,1,-1,1,1,-1,0.007802569307386875
1,1,1,-1,-1,1,-1,-1,-1,1,1,-1,-1,-1,-1,-1,-1,1,0.00904806237667799
1,1,1,-1,-1,1,-1,-1,1,-1,-1,-1,-1,-1,1,1,-1,1,0.009419621899724007
1,1,1,-1,-1,1,-1,-1,1,-1,-1,-1,1,1,1,-1,-1,1,0.010313156060874462
1,1,1,-1,-1,1,-1,-1,1,-1,-1,1,-1,-1,-1,1,-1,-1,0.008377051912248135
1,1,1,-1,-1,1,-1,-1,1,-1,-1,1,1,-1,-1,-1,1,1,0.009818090125918388
1,1,1,-1,-1,1,-1,-1,1,-1,-1,1,1,1,-1,-1,1,-1,0.009329797700047493
1,1,1,-1,-1,1,-1,-1,1,-1,-1,1,1,1,1,1,1,1,0.009124012663960457
1,1,1,-1,-1,1,-1,-1,1,-1,1,-1,1,-1,1,-1,-1,1,0.010497275739908218
1,1,1,-1,-1,1,-1,-1,1,-1,1,-1,1,1,1,-1,-1,-1,0.009993788786232471
1,1,1,-1,-1,1,-1,-1,1,-1,1,1,1,-1,-1,-1,1,-1,0.009507979266345501
1,1,1,-1,-1,1,-1,-1,1,-1,1,1,1,-1,1,-1,-1,1,0.009964019060134888
1,1,1,-1,-1,1,-1,-1,1,-1,1,1,1,1,1,1,-1,-1,0.008764908649027348
1,1,1,-1,-1,1,-1,-1,1,1,-1,-1,1,-1,-1,-1,1,1,0.009579300880432129
1,1,1,-1,-1,1,-1,-1,1,1,-1,1,-1,-1,-1,-1,1,-1,0.008348925970494747
1,1,1,-1,-1,1,-1,-1,1,1,-1,1,-1,1,-1,1,-1,1,0.007703878451138735
1,1,1,-1,-1,1,-1,-1,1,1,-1,1,-1,1,1,-1,1,-1,0.00833955593407154
1,1,1,-1,-1,1,-1,-1,1,1,-1,1,-1,1,1,1,-1,-1,0.007601574994623661
1,1,1,-1,-1,1,-1,-1,1,1,-1,1,1,1,1,-1,-1,1,0.009007852524518967
1,1,1,-1,-1,1,-1,-1,1,1,1,-1,-1,-1,-1,-1,-1,-1,0.008809410966932774
1,1,1,-1,-1,1,-1,-1,1,1,1,-1,1,-1,-1,-1,-1,-1,0.00922185555100441
1,1,1,-1,-1,1,-1,-1,1,1,1,1,-1,1,1,-1,-1,1,0.008569275960326195
1,1,1,-1,-1,1,-1,1,-1,-1,-1,-1,-1,-1,-1,-1,1,1,0.009939149022102356
1,1,1,-1,-1,1,-1,1,-1,-1,-1,-1,-1,-1,-1,1,1,1,0.009239246137440205
1,1,1,-1,-1,1,-1,1,-1,-1,-1,-1,-1,1,1,1,1,-1,0.00896039791405201
1,1,1,-1,-1,1,-1,1,-1,-1,-1,1,-1,-1,1,-1,1,1,0.009618653915822506
1,1,1,-1,-1,1,-1,1,-1,-1,-1,1,-1,1,-1,-1,-1,1,0.009164195507764816
1,1,1,-1,-1,1,-1,1,-1,-1,-1,1,1,-1,-1,1,-1,-1,0.008783803321421146
1,1,1,-1,-1,1,-1,1,-1,-1,-1,1,1,1,-1,-1,1,1,0.009608779102563858
1,1,1,-1,-1,1,-1,1,-1,-1,1,-1,-1,1,-1,1,-1,1,0.008980673737823963
1,1,1,-1,-1,1,-1,1,-1,-1,1,-1,1,1,-1,-1,1,-1,0.00982529018074274
1,1,1,-1,-1,1,-1,1,-1,-1,1,1,-1,-1,-1,-1,-1,1,0.009342377074062824
1,1,1,-1,-1,1,-1,1,-1,-1,1,1,1,1,1,1,1,-1,0.008810831233859062
1,1,1,-1,-1,1,-1,1,-1,1,-1,-1,1,1,1,1,1,1,0.008876212872564793
1,1,1,-1,-1,1,-1,1,-1,1,-1,1,-1,-1,1,1,1,1,0.008146705105900764
1,1,1,-1,-1,1,-1,1,-1,1,-1,1,1,-1,1,1,1,-1,0.008259279653429985
1,1,1,-1,-1,1,-1,1,-1,1,1,1,-1,-1,-1,1,1,-1,0.007626453414559364
1,1,1,-1,-1,1,-1,1,1,-1,-1,1,-1,1,-1,-1,-1,1,0.009216157719492912
1,1,1,-1,-1,1,-1,1,1,-1,1,-1,-1,-1,1,1,-1,-1,0.009161719121038914
1,1,1,-1,-1,1,-1,1,1,-1,1,-1,-1,1,1,-1,1,-1,0.009680538903921843
1,1,1,-1,-1,1,-1,1,1,-1,1,-1,1,1,1,1,-1,-1,0.009352032095193863
1,1,1,-1,-1,1,-1,1,1,-1,1,1,-1,1,-1,1,1,-1,0.008256100118160248
1,1,1,-1,-1,1,-1,1,1,-1,1,1,1,-1,1,1,1,-1,0.009063789620995522
1,1,1,-1,-1,1,-1,1,1,1,-1,-1,1,-1,-1,-1,1,-1,0.009338274598121643
1,1,1,-1,-1,1,-1,1,1,1,-1,-1,1,1,-1,-1,-1,-1,0.009102516807615757
1,1,1,-1,-1,1,-1,1,1,1,-1,-1,1,1,1,-1,-1,1,0.009596635587513447
1,1,1,-1,-1,1,-1,1,1,1,-1,1,-1,1,-1,1,-1,1,0.007753465324640274
1,1,1,-1,-1,1,-1,1,1,1,-1,1,1,1,-1,1,-1,-1,0.007860100828111172
1,1,1,-1,-1,1,-1,1,1,1,-1,1,1,1,1,1,-1,-1,0.00806360598653555
1,1,1,-1,-1,1,-1,1,1,1,1,-1,-1,-1,-1,1,-1,1,0.008470842614769936
1,1,1,-1,-1,1,-1,1,1,1,1,-1,-1,1,-1,-1,-1,1,0.008954552933573723
1,1,1,-1,-1,1,-1,1,1,1,1,-1,1,-1,1,-1,-1,1,0.0097714988514781
1,1,1,-1,-1,1,-1,1,1,1,1,-1,1,-1,1,1,1,-1,0.008840195834636688
1,1,1,-1,-1,1,-1,1,1,1,1,1,-1,-1,-1,-1,-1,-1,0.008331679739058018
1,1,1,-1,-1,1,-1,1,1,1,1,1,-1,1,1,1,-1,1,0.007930837571620941
1,1,1,-1,-1,1,-1,1,1,1,1,1,1,1,1,-1,1,-1,0.008793966844677925
1,1,1,-1,-1,1,1,-1,-1,-1,-1,1,1,-1,-1,1,1,-1,0.009469474665820599
1,1,1,-1,-1,1,1,-1,-1,-1,-1,1,1,-1,1,-1,1,1,0.010672751814126968
1,1,1,-1,-1,1,1,-1,-1,-1,1,-1,-1,-1,-1,-1,-1,1,0.010523227974772453
1,1,1,-1,-1,1,1,-1,-1,-1,1,1,-1,-1,1,-1,-1,-1,0.009893606416881084
1,1,1,-1,-1,1,1,-1,-1,1,-1,-1,-1,-1,-1,1,-1,1,0.00908003281801939
1,1,1,-1,-1,1,1,-1,-1,1,-1,-1,-1,-1,1,-1,-1,-1,0.009683570824563503
1,1,1,-1,-1,1,1,-1,-1,1,-1,-1,1,-1,1,1,-1,-1,0.009390173479914665
1,1,1,-1,-1,1,1,-1,-1,1,-1,1,1,-1,-1,1,1,-1,0.008712624199688435
1,1,1,-1,-1,1,1,-1,-1,1,1,-1,-1,-1,1,1,1,1,0.009295483119785786
1,1,1,-1,-1,1,1,-1,-1,1,1,-1,-1,1,-1,1,-1,1,0.008846963755786419
1,1,1,-1,-1,1,1,-1,-1,1,1,-1,-1,1,1,-1,1,1,0.009791768155992031
1,1,1,-1,-1,1,1,-1,-1,1,1,1,-1,1,-1,1,1,1,0.008351785130798817
1,1,1,-1,-1,1,1,-1,-1,1,1,1,-1,1,1,1,-1,-1,0.008220660500228405
1,1,1,-1,-1,1,1,-1,-1,1,1,1,-1,1,1,1,1,-1,0.00827393401414156
1,1,1,-1,-1,1,1,-1,-1,1,1,1,1,1,-1,1,1,-1,0.008482872508466244
1,1,1,-1,-1,1,1,-1,1,-1,-1,-1,-1,1,-1,1,1,-1,0.00946570374071598
1,1,1,-1,-1,1,1,-1,1,-1,-1,-1,-1,1,1,-1,-1,-1,0.01031915657222271
1,1,1,-1,-1,1,1,-1,1,-1,-1,-1,-1,1,1,-1,-1,1,0.010603830218315125
1,1,1,-1,-1,1,1,-1,1,-1,-1,-1,1,-1,-1,1,-1,1,0.010310545563697815
1,1,1,-1,-1,1,1,-1,1,-1,-1,-1,1,1,-1,-1,-1,-1,0.010506960563361645
1,1,1,-1,-1,1,1,-1,1,-1,-1,-1,1,1,-1,-1,1,-1,0.010566173121333122
1,1,1,-1,-1,1,1,-1,1,-1,-1,-1,1,1,-1,1,-1,1,0.010109548456966877
1,1,1,-1,-1,1,1,-1,1,-1,-1,1,-1,-1,1,1,1,-1,0.009333631955087185
1,1,1,-1,-1,1,1,-1,1,-1,-1,1,1,1,1,-1,1,1,0.010517777875065804
1,1,1,-1,-1,1,1,-1,1,-1,1,-1,-1,-1,-1,1,-1,1,0.00989048182964325
1,1,1,-1,-1,1,1,-1,1,-1,1,-1,1,-1,1,1,-1,1,0.010497174225747585
1,1,1,-1,-1,1,1,-1,1,1,-1,-1,-1,-1,-1,-1,1,1,0.00987923238426447
1,1,1,-1,-1,1,1,-1,1,1,-1,1,-1,-1,1,1,-1,1,0.008808181621134281
1,1,1,-1,-1,1,1,-1,1,1,-1,1,-1,1,-1,-1,1,1,0.009139039553701878
1,1,1,-1,-1,1,1,-1,1,1,-1,1,1,-1,-1,1,1,-1,0.00877384189516306
1,1,1,-1,-1,1,1,-1,1,1,1,-1,-1,-1,-1,-1,-1,-1,0.00952178705483675
1,1,1,-1,-1,1,1,-1,1,1,1,1,-1,1,1,-1,1,1,0.00931641086935997
1,1,1,-1,-1,1,1,-1,1,1,1,1,1,-1,-1,1,-1,1,0.008982427418231964
1,1,1,-1,-1,1,1,1,-1,-1,-1,-1,-1,-1,-1,1,1,-1,0.009651752188801765
1,1,1,-1,-1,1,1,1,-1,-1,-1,-1,-1,1,-1,1,1,1,0.009735429659485817
1,1,1,-1,-1,1,1,1,-1,-1,-1,-1,1,-1,-1,1,-1,-1,0.010029435157775879
1,1,1,-1,-1,1,1,1,-1,-1,-1,-1,1,-1,1,-1,1,1,0.011255595833063126
1,1,1,-1,-1,1,1,1,-1,-1,-1,1,-1,-1,1,1,-1,1,0.009577852673828602
1,1,1,-1,-1,1,1,1,-1,-1,-1,1,-1,1,-1,-1,1,1,0.00989613588899374
1,1,1,-1,-1,1,1,1,-1,-1,-1,1,-1,1,-1,1,-1,-1,0.008867542259395123
1,1,1,-1,-1,1,1,1,-1,-1,-1,1,1,1,1,1,1,-1,0.009530826471745968
1,1,1,-1,-1,1,1,1,-1,-1,1,-1,-1,-1,-1,1,1,-1,0.009638193063437939
1,1,1,-1,-1,1,1,1,-1,-1,1,-1,-1,-1,1,-1,-1,-1,0.010491644963622093
1,1,1,-1,-1,1,1,1,-1,-1,1,-1,-1,1,1,1,1,1,0.009916119277477264
1,1,1,-1,-1,1,1,1,-1,-1,1,1,-1,-1,-1,1,-1,-1,0.009060919284820557
1,1,1,-1,-1,1,1,1,-1,-1,1,1,-1,-1,-1,1,1,1,0.009386292658746243
1,1,1,-1,-1,1,1,1,-1,-1,1,1,1,1,-1,-1,-1,1,0.010241747833788395
1,1,1,-1,-1,1,1,1,-1,1,-1,-1,-1,1,1,1,1,-1,0.008876275271177292
1,1,1,-1,-1,1,1,1,-1,1,-1,-1,1,1,-1,-1,1,-1,0.009788434952497482
1,1,1,-1,-1,1,1,1,-1,1,-1,-1,1,1,1,1,1,-1,0.009297976270318031
1,1,1,-1,-1,1,1,1,-1,1,-1,1,-1,-1,1,-1,1,1,0.009540469385683537
1,1,1,-1,-1,1,1,1,-1,1,-1,1,1,1,-1,1,-1,1,0.00880781002342701
1,1,1,-1,-1,1,1,1,-1,1,1,-1,-1,-1,1,1,-1,-1,0.009022317826747894
1,1,1,-1,-1,1,1,1,-1,1,1,-1,-1,1,1,1,1,1,0.009153329767286777
1,1,1,-1,-1,1,1,1,-1,1,1,-1,1,-1,-1,-1,-1,-1,0.009928538464009762
1,1,1,-1,-1,1,1,1,-1,1,1,1,-1,-1,-1,1,-1,-1,0.008288873359560966
1,1,1,-1,-1,1,1,1,-1,1,1,1,-1,-1,-1,1,1,-1,0.008323634043335915
1,1,1,-1,-1,1,1,1,-1,1,1,1,1,-1,-1,-1,1,1,0.009723972529172897
1,1,1,-1,-1,1,1,1,1,-1,-1,-1,-1,1,1,-1,-1,-1,0.010374682024121284
1,1,1,-1,-1,1,1,1,1,-1,-1,-1,-1,1,1,-1,1,-1,0.010409442707896233
1,1,1,-1,-1,1,1,1,1,-1,-1,1,-1,1,1,1,-1,1,0.00943213514983654
1,1,1,-1,-1,1,1,1,1,-1,-1,1,1,-1,-1,1,-1,-1,0.009542201645672321
1,1,1,-1,-1,1,1,1,1,-1,-1,1,1,-1,1,1,1,-1,0.00978972390294075
1,1,1,-1,-1,1,1,1,1,-1,-1,1,1,1,-1,1,-1,1,0.009625879116356373
1,1,1,-1,-1,1,1,1,1,-1,1,-1,-1,-1,1,-1,1,1,0.010878236964344978
1,1,1,-1,-1,1,1,1,1,-1,1,-1,1,1,1,-1,1,1,0.011083745397627354
1,1,1,-1,-1,1,1,1,1,-1,1,1,1,1,1,-1,-1,1,0.010509788990020752
1,1,1,-1,-1,1,1,1,1,1,-1,-1,-1,1,-1,-1,-1,-1,0.009393191896378994
1,1,1,-1,-1,1,1,1,1,1,-1,1,-1,1,-1,-1,1,-1,0.00890063401311636
1,1,1,-1,-1,1,1,1,1,1,-1,1,-1,1,-1,1,-1,1,0.008453265763819218
1,1,1,-1,-1,1,1,1,1,1,-1,1,1,-1,-1,1,-1,-1,0.008770155720412731
1,1,1,-1,-1,1,1,1,1,1,-1,1,1,1,-1,-1,-1,-1,0.009263122454285622
1,1,1,-1,-1,1,1,1,1,1,-1,1,1,1,1,-1,-1,-1,0.009466627612709999
1,1,1,-1,-1,1,1,1,1,1,1,1,1,-1,1,1,-1,1,0.009241458028554916
1,1,1,-1,1,-1,-1,-1,-1,-1,-1,-1,-1,1,-1,-1,1,-1,0.009386774152517319
1,1,1,-1,1,-1,-1,-1,-1,-1,-1,-1,-1,1,-1,1,1,-1,0.008683553896844387
1,1,1,-1,1,-1,-1,-1,-1,-1,1,-1,-1,-1,-1,1,1,1,0.009167543612420559
1,1,1,-1,1,-1,-1,-1,-1,-1,1,-1,1,-1,-1,1,1,-1,0.00928011815994978
1,1,1,-1,1,-1,-1,-1,-1,-1,1,-1,1,-1,1,-1,-1,-1,0.010142827406525612
1,1,1,-1,1,-1,-1,-1,-1,-1,1,-1,1,1,-1,1,1,1,0.009373052045702934
1,1,1,-1,1,-1,-1,-1,-1,-1,1,1,-1,-1,-1,1,-1,1,0.008586952462792397
1,1,1,-1,1,-1,-1,-1,-1,-1,1,1,-1,1,-1,1,-1,-1,0.008098660036921501
1,1,1,-1,1,-1,-1,-1,-1,-1,1,1,-1,1,1,-1,1,1,0.009324820712208748
1,1,1,-1,1,-1,-1,-1,-1,-1,1,1,1,-1,1,-1,-1,-1,0.00959437433630228
1,1,1,-1,1,-1,-1,-1,-1,-1,1,1,1,1,1,1,-1,-1,0.008702731691300869
1,1,1,-1,1,-1,-1,-1,-1,1,-1,-1,-1,1,1,-1,-1,1,0.009064829908311367
1,1,1,-1,1,-1,-1,-1,-1,1,-1,-1,1,1,-1,-1,-1,1,0.009264511987566948
1,1,1,-1,1,-1,-1,-1,-1,1,-1,-1,1,1,-1,1,-1,-1,0.008273996412754059
1,1,1,-1,1,-1,-1,-1,-1,1,-1,-1,1,1,-1,1,1,-1,0.008318012580275536
1,1,1,-1,1,-1,-1,-1,-1,1,1,-1,-1,-1,1,1,-1,-1,0.008261054754257202
1,1,1,-1,1,-1,-1,-1,-1,1,1,-1,-1,1,-1,-1,-1,1,0.008835190907120705
1,1,1,-1,1,-1,-1,-1,-1,1,1,1,-1,-1,1,1,-1,-1,0.007721859496086836
1,1,1,-1,1,-1,-1,-1,-1,1,1,1,1,1,-1,-1,1,-1,0.008465161547064781
1,1,1,-1,1,-1,-1,-1,-1,1,1,1,1,1,1,-1,-1,-1,0.008621331304311752
1,1,1,-1,1,-1,-1,-1,1,-1,1,1,-1,-1,-1,1,-1,-1,0.00835161842405796
1,1,1,-1,1,-1,-1,-1,1,-1,1,1,-1,-1,1,1,-1,-1,0.008570319041609764
1,1,1,-1,1,-1,-1,-1,1,-1,1,1,-1,1,1,1,-1,-1,0.0083541264757514
1,1,1,-1,1,-1,-1,-1,1,1,-1,-1,-1,-1,1,1,1,-1,0.008389106020331383
1,1,1,-1,1,-1,-1,-1,1,1,-1,-1,1,-1,1,1,-1,1,0.009051463566720486
1,1,1,-1,1,-1,-1,-1,1,1,-1,1,-1,-1,1,-1,1,-1,0.008559069596230984
1,1,1,-1,1,-1,-1,-1,1,1,-1,1,-1,1,-1,1,1,1,0.0077360207214951515
1,1,1,-1,1,-1,-1,-1,1,1,-1,1,-1,1,1,1,-1,1,0.007904766127467155
1,1,1,-1,1,-1,-1,-1,1,1,1,-1,-1,1,1,1,-1,1,0.008409268222749233
1,1,1,-1,1,-1,-1,-1,1,1,1,-1,1,1,1,-1,-1,1,0.009500481188297272
1,1,1,-1,1,-1,-1,-1,1,1,1,1,1,1,-1,1,-1,-1,0.007794337347149849
1,1,1,-1,1,-1,-1,-1,1,1,1,1,1,1,-1,1,-1,1,0.008075693622231483
1,1,1,-1,1,-1,-1,1,-1,-1,-1,-1,-1,-1,-1,-1,-1,-1,0.009595962241292
1,1,1,-1,1,-1,-1,1,-1,-1,-1,-1,1,-1,1,-1,-1,1,0.010505842044949532
1,1,1,-1,1,-1,-1,1,-1,-1,-1,1,-1,1,-1,1,1,-1,0.008221018128097057
1,1,1,-1,1,-1,-1,1,-1,-1,1,-1,-1,1,1,-1,1,-1,0.009613733738660812
1,1,1,-1,1,-1,-1,1,-1,-1,1,-1,1,-1,1,1,1,1,0.009833079762756824
1,1,1,-1,1,-1,-1,1,-1,-1,1,1,-1,1,-1,1,-1,1,0.00843554176390171
1,1,1,-1,1,-1,-1,1,-1,-1,1,1,1,-1,-1,-1,-1,-1,0.009461591020226479
1,1,1,-1,1,-1,-1,1,-1,1,-1,-1,-1,-1,1,-1,1,-1,0.009086634032428265
1,1,1,-1,1,-1,-1,1,-1,1,-1,-1,1,-1,1,-1,1,-1,0.009493138641119003
1,1,1,-1,1,-1,-1,1,-1,1,-1,1,-1,-1,1,-1,-1,1,0.008794033899903297
1,1,1,-1,1,-1,-1,1,-1,1,-1,1,1,-1,-1,1,1,-1,0.008053156547248363
1,1,1,-1,1,-1,-1,1,-1,1,1,-1,1,-1,-1,-1,1,-1,0.00926681887358427
1,1,1,-1,1,-1,-1,1,-1,1,1,-1,1,-1,-1,1,-1,1,0.00881019327789545
1,1,1,-1,1,-1,-1,1,-1,1,1,-1,1,-1,-1,1,1,1,0.00886346772313118
1,1,1,-1,1,-1,-1,1,-1,1,1,1,-1,-1,1,-1,1,1,0.008821174502372742
1,1,1,-1,1,-1,-1,1,-1,1,1,1,-1,1,-1,-1,1,1,0.00840147677809
1,1,1,-1,1,-1,-1,1,-1,1,1,1,1,-1,1,1,1,1,0.008533715270459652
1,1,1,-1,1,-1,-1,1,-1,1,1,1,1,1,-1,-1,1,-1,0.008520686998963356
1,1,1,-1,1,-1,-1,1,-1,1,1,1,1,1,1,-1,1,-1,0.008720873855054379
1,1,1,-1,1,-1,-1,1,-1,1,1,1,1,1,1,1,-1,-1,0.007992150261998177
1,1,1,-1,1,-1,-1,1,1,-1,-1,-1,-1,1,-1,-1,-1,1,0.009750114753842354
1,1,1,-1,1,-1,-1,1,1,-1,-1,1,-1,-1,1,-1,-1,-1,0.009333367459475994
1,1,1,-1,1,-1,-1,1,1,-1,-1,1,-1,-1,1,1,-1,1,0.008933334611356258
1,1,1,-1,1,-1,-1,1,1,-1,-1,1,1,-1,1,-1,1,1,0.0100837592035532
1,1,1,-1,1,-1,-1,1,1,-1,-1,1,1,1,1,-1,1,-1,0.009576953947544098
1,1,1,-1,1,-1,-1,1,1,-1,1,-1,-1,-1,-1,-1,1,-1,0.009687638841569424
1,1,1,-1,1,-1,-1,1,1,-1,1,-1,-1,-1,1,-1,1,-1,0.009887825697660446
1,1,1,-1,1,-1,-1,1,1,-1,1,-1,-1,1,1,-1,-1,-1,0.009640191681683064
1,1,1,-1,1,-1,-1,1,1,-1,1,-1,-1,1,1,1,-1,-1,0.008952165953814983
1,1,1,-1,1,-1,-1,1,1,-1,1,-1,1,-1,1,1,-1,-1,0.00955800898373127
1,1,1,-1,1,-1,-1,1,1,-1,1,-1,1,1,1,-1,-1,1,0.01033399160951376
1,1,1,-1,1,-1,-1,1,1,-1,1,1,-1,-1,-1,1,1,-1,0.00845710001885891
1,1,1,-1,1,-1,-1,1,1,-1,1,1,-1,1,1,1,1,-1,0.008453669026494026
1,1,1,-1,1,-1,-1,1,1,1,-1,-1,-1,-1,1,-1,-1,-1,0.009088640101253986
1,1,1,-1,1,-1,-1,1,1,1,-1,-1,-1,1,-1,1,1,-1,0.008037508465349674
1,1,1,-1,1,-1,-1,1,1,1,-1,-1,1,1,1,-1,1,1,0.009622839279472828
1,1,1,-1,1,-1,-1,1,1,1,-1,1,-1,-1,-1,1,-1,1,0.007954465225338936
1,1,1,-1,1,-1,-1,1,1,1,-1,1,1,-1,-1,1,-1,1,0.008355031721293926
1,1,1,-1,1,-1,-1,1,1,1,-1,1,1,1,1,-1,-1,1,0.009045565500855446
1,1,1,-1,1,-1,-1,1,1,1,1,-1,-1,-1,1,1,1,-1,0.00841587781906128
1,1,1,-1,1,-1,-1,1,1,1,1,-1,1,-1,1,-1,-1,1,0.009778137318789959
1,1,1,-1,1,-1,-1,1,1,1,1,-1,1,-1,1,-1,1,1,0.009812898002564907
1,1,1,-1,1,-1,-1,1,1,1,1,-1,1,1,-1,-1,-1,-1,0.009061888791620731
1,1,1,-1,1,-1,-1,1,1,1,1,-1,1,1,-1,-1,-1,1,0.009367696940898895
1,1,1,-1,1,-1,-1,1,1,1,1,-1,1,1,1,1,-1,-1,0.008577368222177029
1,1,1,-1,1,-1,-1,1,1,1,1,1,-1,-1,1,-1,-1,1,0.008829118683934212
1,1,1,-1,1,-1,1,-1,-1,-1,-1,-1,-1,-1,1,-1,-1,-1,0.010462256148457527
1,1,1,-1,1,-1,1,-1,-1,-1,-1,-1,-1,-1,1,1,1,1,0.010087726637721062
1,1,1,-1,1,-1,1,-1,-1,-1,-1,1,-1,1,-1,1,1,1,0.00915328599512577
1,1,1,-1,1,-1,1,-1,-1,-1,-1,1,-1,1,1,-1,-1,-1,0.009722063317894936
1,1,1,-1,1,-1,1,-1,-1,-1,-1,1,1,-1,-1,-1,-1,-1,0.010116804391145706
1,1,1,-1,1,-1,1,-1,-1,-1,-1,1,1,-1,-1,1,1,1,0.00976672675460577
1,1,1,-1,1,-1,1,-1,-1,-1,1,1,-1,-1,1,-1,-1,-1,0.009900244884192944
1,1,1,-1,1,-1,1,-1,-1,-1,1,1,1,-1,-1,1,1,1,0.009740592911839485
1,1,1,-1,1,-1,1,-1,-1,1,-1,-1,-1,-1,1,-1,-1,1,0.009971566498279572
1,1,1,-1,1,-1,1,-1,-1,1,-1,-1,-1,1,1,-1,-1,-1,0.00946807861328125
1,1,1,-1,1,-1,1,-1,-1,1,-1,-1,1,-1,1,1,-1,1,0.009693363681435585
1,1,1,-1,1,-1,1,-1,-1,1,-1,-1,1,-1,1,1,1,1,0.009737380780279636
1,1,1,-1,1,-1,1,-1,-1,1,-1,1,-1,-1,1,1,-1,-1,0.008457050658762455
1,1,1,-1,1,-1,1,-1,-1,1,-1,1,1,1,-1,-1,1,-1,0.00919109582901001
1,1,1,-1,1,-1,1,-1,-1,1,1,-1,-1,-1,-1,-1,1,-1,0.009498650208115578
1,1,1,-1,1,-1,1,-1,-1,1,1,-1,-1,-1,-1,-1,1,1,0.009798519313335419
1,1,1,-1,1,-1,1,-1,-1,1,1,-1,-1,1,-1,1,-1,1,0.008838407695293427
1,1,1,-1,1,-1,1,-1,-1,1,1,-1,-1,1,-1,1,1,-1,0.008601067587733269
1,1,1,-1,1,-1,1,-1,-1,1,1,-1,-1,1,1,1,-1,-1,0.008751299232244492
1,1,1,-1,1,-1,1,-1,-1,1,1,-1,-1,1,1,1,-1,1,0.009041912853717804
1,1,1,-1,1,-1,1,-1,-1,1,1,-1,1,-1,1,1,-1,-1,0.009373997338116169
1,1,1,-1,1,-1,1,-1,-1,1,1,-1,1,1,1,-1,-1,1,0.010151638649404049
1,1,1,-1,1,-1,1,-1,-1,1,1,1,-1,-1,-1,-1,1,-1,0.008965392597019672
1,1,1,-1,1,-1,1,-1,-1,1,1,1,-1,1,1,-1,1,-1,0.008971218951046467
1,1,1,-1,1,-1,1,-1,-1,1,1,1,-1,1,1,-1,1,1,0.009246636182069778
1,1,1,-1,1,-1,1,-1,-1,1,1,1,1,-1,-1,-1,-1,1,0.00962775107473135
1,1,1,-1,1,-1,1,-1,-1,1,1,1,1,-1,-1,-1,1,-1,0.009371898137032986
1,1,1,-1,1,-1,1,-1,1,-1,-1,-1,-1,-1,-1,-1,1,1,0.010648660361766815
1,1,1,-1,1,-1,1,-1,1,-1,-1,-1,-1,-1,1,1,-1,-1,0.009823571890592575
1,1,1,-1,1,-1,1,-1,1,-1,-1,-1,-1,-1,1,1,-1,1,0.010114184580743313
1,1,1,-1,1,-1,1,-1,1,-1,-1,-1,1,-1,-1,1,-1,1,0.010313866659998894
1,1,1,-1,1,-1,1,-1,1,-1,-1,-1,1,1,-1,1,1,-1,0.009854395873844624
1,1,1,-1,1,-1,1,-1,1,-1,-1,1,-1,1,1,-1,1,-1,0.00981210358440876
1,1,1,-1,1,-1,1,-1,1,-1,-1,1,1,-1,1,-1,-1,1,0.010672139935195446
1,1,1,-1,1,-1,1,-1,1,-1,-1,1,1,1,-1,-1,1,1,0.010305716656148434
1,1,1,-1,1,-1,1,-1,1,-1,1,-1,-1,-1,1,-1,-1,-1,0.010491401888430119
1,1,1,-1,1,-1,1,-1,1,-1,1,-1,-1,1,1,-1,1,1,0.010619096457958221
1,1,1,-1,1,-1,1,-1,1,1,-1,-1,1,-1,1,-1,1,1,0.010477367788553238
1,1,1,-1,1,-1,1,-1,1,1,-1,-1,1,1,-1,-1,-1,-1,0.009741554036736488
1,1,1,-1,1,-1,1,-1,1,1,-1,-1,1,1,-1,1,1,-1,0.009091606363654137
1,1,1,-1,1,-1,1,-1,1,1,-1,1,-1,-1,1,1,-1,-1,0.0085149509832263
1,1,1,-1,1,-1,1,-1,1,1,-1,1,-1,1,1,1,1,-1,0.008355350233614445
1,1,1,-1,1,-1,1,-1,1,1,-1,1,1,-1,1,1,-1,-1,0.00891551747918129
1,1,1,-1,1,-1,1,-1,1,1,1,-1,-1,1,-1,1,1,1,0.008952898904681206
1,1,1,-1,1,-1,1,-1,1,1,1,-1,-1,1,1,-1,-1,-1,0.009512420743703842
1,1,1,-1,1,-1,1,-1,1,1,1,1,-1,-1,-1,1,-1,1,0.00857924297451973
1,1,1,-1,1,-1,1,-1,1,1,1,1,1,-1,-1,1,1,1,0.009033082984387875
1,1,1,-1,1,-1,1,-1,1,1,1,1,1,1,-1,-1,1,1,0.009516793303191662
1,1,1,-1,1,-1,1,-1,1,1,1,1,1,1,-1,1,-1,-1,0.008482260629534721
1,1,1,-1,1,-1,1,1,-1,-1,-1,-1,-1,1,-1,-1,-1,1,0.010392014868557453
1,1,1,-1,1,-1,1,1,-1,-1,-1,-1,1,-1,1,-1,-1,1,0.011199704371392727
1,1,1,-1,1,-1,1,1,-1,-1,-1,1,1,-1,-1,1,-1,-1,0.009493560530245304
1,1,1,-1,1,-1,1,1,-1,-1,-1,1,1,1,1,-1,-1,-1,0.010168898850679398
1,1,1,-1,1,-1,1,1,-1,-1,1,-1,1,1,-1,-1,-1,1,0.010766448453068733
1,1,1,-1,1,-1,1,1,-1,-1,1,-1,1,1,-1,-1,1,-1,0.010519851930439472
1,1,1,-1,1,-1,1,1,-1,-1,1,1,-1,-1,-1,1,-1,-1,0.009054983966052532
1,1,1,-1,1,-1,1,1,-1,-1,1,1,-1,-1,1,-1,-1,-1,0.009955771267414093
1,1,1,-1,1,-1,1,1,-1,-1,1,1,1,-1,1,-1,-1,1,0.010658827610313892
1,1,1,-1,1,-1,1,1,-1,-1,1,1,1,1,1,1,-1,-1,0.009467314928770065
1,1,1,-1,1,-1,1,1,-1,1,-1,-1,-1,-1,-1,1,-1,-1,0.008839010260999203
1,1,1,-1,1,-1,1,1,-1,1,-1,-1,1,-1,1,-1,1,-1,0.010187000967562199
1,1,1,-1,1,-1,1,1,-1,1,-1,-1,1,1,-1,-1,-1,-1,0.009735860861837864
1,1,1,-1,1,-1,1,1,-1,1,-1,-1,1,1,1,-1,-1,-1,0.009945305064320564
1,1,1,-1,1,-1,1,1,-1,1,-1,-1,1,1,1,1,-1,-1,0.009242084808647633
1,1,1,-1,1,-1,1,1,-1,1,-1,1,1,-1,1,-1,1,-1,0.009653744287788868
1,1,1,-1,1,-1,1,1,-1,1,-1,1,1,1,1,-1,1,1,0.0097407391294837
1,1,1,-1,1,-1,1,1,-1,1,1,-1,-1,1,1,-1,-1,1,0.009806597605347633
1,1,1,-1,1,-1,1,1,-1,1,1,-1,-1,1,1,1,-1,1,0.009112633764743805
1,1,1,-1,1,-1,1,1,-1,1,1,-1,1,1,-1,-1,-1,1,0.010003658942878246
1,1,1,-1,1,-1,1,1,-1,1,1,-1,1,1,1,-1,1,-1,0.009958908893167973
1,1,1,-1,1,-1,1,1,-1,1,1,1,-1,-1,-1,-1,-1,-1,0.00898021925240755
1,1,1,-1,1,-1,1,1,-1,1,1,1,-1,1,-1,-1,-1,1,0.009054640308022499
1,1,1,-1,1,-1,1,1,-1,1,1,1,1,1,1,-1,1,1,0.00971792358905077
1,1,1,-1,1,-1,1,1,1,-1,-1,1,-1,-1,1,1,-1,1,0.009627196937799454
1,1,1,-1,1,-1,1,1,1,-1,-1,1,-1,1,1,-1,1,-1,0.009876885451376438
1,1,1,-1,1,-1,1,1,1,-1,1,-1,-1,1,-1,1,1,-1,0.009495796635746956
1,1,1,-1,1,-1,1,1,1,-1,1,-1,1,-1,-1,-1,1,-1,0.01079394482076168
1,1,1,-1,1,-1,1,1,1,-1,1,-1,1,1,1,1,-1,1,0.01034646388143301
1,1,1,-1,1,-1,1,1,1,-1,1,1,-1,-1,-1,-1,-1,1,0.010100779123604298
1,1,1,-1,1,-1,1,1,1,-1,1,1,-1,1,-1,-1,-1,1,0.00990309938788414
1,1,1,-1,1,-1,1,1,1,1,-1,-1,-1,1,-1,1,-1,1,0.008977966383099556
1,1,1,-1,1,-1,1,1,1,1,-1,1,-1,1,-1,-1,-1,1,0.009147929958999157
1,1,1,-1,1,-1,1,1,1,1,-1,1,1,-1,-1,-1,-1,1,0.009758053347468376
1,1,1,-1,1,-1,1,1,1,1,-1,1,1,-1,-1,1,-1,1,0.009058150462806225
1,1,1,-1,1,-1,1,1,1,1,-1,1,1,-1,1,-1,-1,-1,0.009674263186752796
1,1,1,-1,1,-1,1,1,1,1,1,-1,-1,1,-1,-1,-1,-1,0.009367759339511395
1,1,1,-1,1,-1,1,1,1,1,1,-1,1,1,-1,1,-1,1,0.009367595426738262
1,1,1,-1,1,-1,1,1,1,1,1,1,-1,-1,1,-1,-1,-1,0.009244943037629128
1,1,1,-1,1,-1,1,1,1,1,1,1,1,1,-1,-1,1,-1,0.00927576795220375
1,1,1,-1,1,1,-1,-1,-1,-1,-1,1,1,-1,1,-1,-1,-1,0.009794458746910095
1,1,1,-1,1,1,-1,-1,-1,-1,1,-1,-1,-1,-1,-1,1,1,0.010014324449002743
1,1,1,-1,1,1,-1,-1,-1,-1,1,-1,-1,-1,1,1,1,-1,0.00923325214534998
1,1,1,-1,1,1,-1,-1,-1,-1,1,-1,1,-1,-1,1,-1,-1,0.009398174472153187
1,1,1,-1,1,1,-1,-1,-1,-1,1,1,-1,-1,1,1,-1,1,0.00894659198820591
1,1,1,-1,1,1,-1,-1,-1,-1,1,1,-1,1,1,1,-1,1,0.008748912252485752
1,1,1,-1,1,1,-1,-1,-1,1,-1,-1,-1,-1,-1,1,-1,1,0.008527112193405628
1,1,1,-1,1,1,-1,-1,-1,1,-1,-1,-1,1,1,-1,1,1,0.009267602115869522
1,1,1,-1,1,1,-1,-1,-1,1,-1,1,-1,1,-1,1,1,-1,0.007549581117928028
1,1,1,-1,1,1,-1,-1,-1,1,-1,1,-1,1,1,-1,1,-1,0.008452989161014557
1,1,1,-1,1,1,-1,-1,-1,1,-1,1,1,1,-1,1,-1,1,0.00819342490285635
1,1,1,-1,1,1,-1,-1,-1,1,1,-1,1,-1,1,1,-1,1,0.009114307351410389
1,1,1,-1,1,1,-1,-1,-1,1,1,1,-1,-1,-1,-1,-1,-1,0.008383648470044136
1,1,1,-1,1,1,-1,-1,1,-1,-1,-1,1,1,-1,1,1,-1,0.00932854600250721
1,1,1,-1,1,1,-1,-1,1,-1,-1,1,1,-1,-1,-1,1,1,0.009980862960219383
1,1,1,-1,1,1,-1,-1,1,-1,-1,1,1,1,-1,1,-1,-1,0.008751272223889828
1,1,1,-1,1,1,-1,-1,1,-1,1,-1,-1,1,1,-1,1,1,0.010087307542562485
1,1,1,-1,1,1,-1,-1,1,-1,1,1,1,-1,-1,-1,-1,-1,0.00962009932845831
1,1,1,-1,1,1,-1,-1,1,1,-1,-1,-1,-1,-1,-1,-1,-1,0.008991681970655918
1,1,1,-1,1,1,-1,-1,1,1,-1,-1,-1,1,-1,1,-1,-1,0.008100038394331932
1,1,1,-1,1,1,-1,-1,1,1,-1,-1,-1,1,1,-1,1,-1,0.009041525423526764
1,1,1,-1,1,1,-1,-1,1,1,-1,-1,-1,1,1,1,-1,1,0.008594157174229622
1,1,1,-1,1,1,-1,-1,1,1,-1,-1,1,1,1,1,1,-1,0.00875074788928032
1,1,1,-1,1,1,-1,-1,1,1,-1,-1,1,1,1,1,1,1,0.009035422466695309
1,1,1,-1,1,1,-1,-1,1,1,-1,1,1,-1,-1,1,-1,1,0.008461578749120235
1,1,1,-1,1,1,-1,-1,1,1,-1,1,1,-1,-1,1,1,-1,0.008214983157813549
1,1,1,-1,1,1,-1,-1,1,1,1,-1,-1,-1,-1,1,-1,1,0.008580710738897324
1,1,1,-1,1,1,-1,-1,1,1,1,-1,-1,-1,1,1,-1,-1,0.008493603207170963
1,1,1,-1,1,1,-1,-1,1,1,1,-1,-1,1,1,1,-1,1,0.00857727974653244
1,1,1,-1,1,1,-1,-1,1,1,1,1,-1,-1,-1,-1,1,-1,0.008479626849293709
1,1,1,-1,1,1,-1,-1,1,1,1,1,1,-1,1,-1,-1,-1,0.009045620448887348
1,1,1,-1,1,1,-1,-1,1,1,1,1,1,1,-1,1,-1,1,0.00823182798922062
1,1,1,-1,1,1,-1,-1,1,1,1,1,1,1,-1,1,1,-1,0.007991170510649681
1,1,1,-1,1,1,-1,1,-1,-1,-1,-1,-1,-1,1,1,1,-1,0.009320850484073162
1,1,1,-1,1,1,-1,1,-1,-1,-1,-1,1,-1,-1,1,-1,-1,0.009479833766818047
1,1,1,-1,1,1,-1,1,-1,-1,-1,-1,1,1,-1,-1,-1,1,0.010263413190841675
1,1,1,-1,1,1,-1,1,-1,-1,-1,1,-1,-1,-1,1,1,1,0.008871383033692837
1,1,1,-1,1,1,-1,1,-1,-1,-1,1,1,-1,-1,1,-1,1,0.009227932430803776
1,1,1,-1,1,1,-1,1,-1,-1,1,1,-1,-1,1,1,1,1,0.009046134538948536
1,1,1,-1,1,1,-1,1,-1,-1,1,1,1,1,-1,-1,-1,1,0.009707340970635414
1,1,1,-1,1,1,-1,1,-1,-1,1,1,1,1,-1,1,1,1,0.00904813688248396
1,1,1,-1,1,1,-1,1,-1,1,-1,-1,1,-1,-1,1,-1,-1,0.008698530495166779
1,1,1,-1,1,1,-1,1,-1,1,-1,1,-1,-1,-1,1,1,1,0.00810859352350235
1,1,1,-1,1,1,-1,1,-1,1,-1,1,1,1,-1,1,1,-1,0.008002354763448238
1,1,1,-1,1,1,-1,1,-1,1,1,-1,-1,-1,1,1,1,1,0.008807345293462276
1,1,1,-1,1,1,-1,1,-1,1,1,-1,-1,1,-1,-1,1,1,0.009090867824852467
1,1,1,-1,1,1,-1,1,-1,1,1,-1,-1,1,1,1,1,1,0.008615604601800442
1,1,1,-1,1,1,-1,1,-1,1,1,1,-1,-1,-1,-1,1,-1,0.008479872718453407
1,1,1,-1,1,1,-1,1,-1,1,1,1,-1,-1,1,1,-1,-1,0.007939457893371582
1,1,1,-1,1,1,-1,1,1,-1,-1,-1,-1,1,-1,-1,-1,-1,0.009618256241083145
1,1,1,-1,1,1,-1,1,1,-1,-1,-1,1,-1,-1,1,1,1,0.00987236388027668
1,1,1,-1,1,1,-1,1,1,-1,-1,-1,1,1,1,-1,1,1,0.010572154074907303
1,1,1,-1,1,1,-1,1,1,-1,-1,1,-1,1,-1,1,-1,1,0.008681648410856724
1,1,1,-1,1,1,-1,1,1,-1,-1,1,1,1,-1,1,1,1,0.009141427464783192
1,1,1,-1,1,1,-1,1,1,-1,-1,1,1,1,1,-1,1,1,0.010023701004683971
1,1,1,-1,1,1,-1,1,1,-1,1,-1,1,-1,-1,1,1,1,0.00985286571085453
1,1,1,-1,1,1,-1,1,1,-1,1,1,-1,1,-1,-1,1,-1,0.009106201119720936
1,1,1,-1,1,1,-1,1,1,-1,1,1,1,-1,-1,1,-1,-1,0.008981660939753056
1,1,1,-1,1,1,-1,1,1,1,1,-1,-1,-1,-1,1,1,-1,0.008383701555430889
1,1,1,-1,1,1,-1,1,1,1,1,-1,-1,-1,1,-1,1,-1,0.009287109598517418
1,1,1,-1,1,1,-1,1,1,1,1,-1,-1,1,-1,-1,-1,-1,0.00882671307772398
1,1,1,-1,1,1,-1,1,1,1,1,-1,-1,1,1,1,1,-1,0.008371014147996902
1,1,1,-1,1,1,-1,1,1,1,1,-1,1,-1,-1,-1,-1,-1,0.00944015383720398
1,1,1,-1,1,1,-1,1,1,1,1,-1,1,-1,1,1,-1,1,0.009240307845175266
1,1,1,-1,1,1,-1,1,1,1,1,1,-1,-1,-1,-1,-1,1,0.008791005238890648
1,1,1,-1,1,1,-1,1,1,1,1,1,-1,-1,-1,-1,1,1,0.008831704035401344
1,1,1,-1,1,1,-1,1,1,1,1,1,1,-1,-1,-1,-1,-1,0.008912836201488972
1,1,1,-1,1,1,-1,1,1,1,1,1,1,1,1,1,-1,-1,0.008206184953451157
1,1,1,-1,1,1,1,-1,-1,-1,-1,-1,-1,1,1,-1,-1,1,0.010708006098866463
1,1,1,-1,1,1,1,-1,-1,-1,-1,-1,-1,1,1,-1,1,-1,0.010461410507559776
1,1,1,-1,1,1,1,-1,-1,-1,-1,1,-1,-1,-1,1,-1,1,0.00947495922446251
1,1,1,-1,1,1,1,-1,-1,-1,-1,1,-1,-1,1,-1,1,1,0.010410507209599018
1,1,1,-1,1,1,1,-1,-1,-1,-1,1,-1,1,-1,-1,1,1,0.010006004944443703
1,1,1,-1,1,1,1,-1,-1,-1,-1,1,1,-1,1,1,-1,-1,0.009803613647818565
1,1,1,-1,1,1,1,-1,-1,-1,-1,1,1,1,1,1,1,1,0.00992205087095499
1,1,1,-1,1,1,1,-1,-1,-1,1,-1,-1,-1,1,-1,-1,1,0.010876931250095367
1,1,1,-1,1,1,1,-1,-1,-1,1,-1,1,1,-1,1,-1,1,0.010188288055360317
1,1,1,-1,1,1,1,-1,-1,-1,1,1,-1,1,1,1,-1,-1,0.009158100932836533
1,1,1,-1,1,1,1,-1,-1,1,-1,-1,1,-1,-1,-1,1,1,0.010389912873506546
1,1,1,-1,1,1,1,-1,-1,1,-1,1,-1,-1,-1,-1,-1,1,0.00940613355487585
1,1,1,-1,1,1,1,-1,-1,1,-1,1,-1,1,1,-1,1,1,0.009446720592677593
1,1,1,-1,1,1,1,-1,-1,1,-1,1,1,-1,-1,1,1,1,0.00914749689400196
1,1,1,-1,1,1,1,-1,-1,1,1,-1,1,-1,1,1,-1,1,0.009817426092922688
1,1,1,-1,1,1,1,-1,-1,1,1,-1,1,-1,1,1,1,1,0.009861443191766739
1,1,1,-1,1,1,1,-1,-1,1,1,1,-1,1,1,1,-1,1,0.00867666769772768
1,1,1,-1,1,1,1,-1,-1,1,1,1,-1,1,1,1,1,-1,0.008424133062362671
1,1,1,-1,1,1,1,-1,-1,1,1,1,1,1,1,1,-1,1,0.009086490608751774
1,1,1,-1,1,1,1,-1,-1,1,1,1,1,1,1,1,1,1,0.00912718940526247
1,1,1,-1,1,1,1,-1,1,-1,-1,-1,-1,1,-1,-1,1,-1,0.010303928516805172
1,1,1,-1,1,1,1,-1,1,-1,-1,-1,1,-1,-1,-1,1,-1,0.010924966540187597
1,1,1,-1,1,1,1,-1,1,-1,-1,-1,1,-1,1,1,-1,-1,0.010388831607997417
1,1,1,-1,1,1,1,-1,1,-1,-1,-1,1,1,1,1,1,-1,0.010225913487374783
1,1,1,-1,1,1,1,-1,1,-1,-1,1,1,-1,-1,1,-1,1,0.009942682459950447
1,1,1,-1,1,1,1,-1,1,-1,-1,1,1,1,-1,1,-1,1,0.009729808196425438
1,1,1,-1,1,1,1,-1,1,-1,1,-1,-1,-1,1,-1,-1,-1,0.010656793601810932
1,1,1,-1,1,1,1,-1,1,-1,1,-1,-1,-1,1,1,1,1,0.010297459550201893
1,1,1,-1,1,1,1,-1,1,-1,1,-1,1,1,-1,-1,-1,1,0.010934214107692242
1,1,1,-1,1,1,1,-1,1,-1,1,-1,1,1,1,-1,-1,-1,0.010862301103770733
1,1,1,-1,1,1,1,-1,1,-1,1,1,-1,-1,-1,1,1,-1,0.009266765788197517
1,1,1,-1,1,1,1,-1,1,1,-1,-1,-1,-1,-1,1,1,-1,0.009060049429535866
1,1,1,-1,1,1,1,-1,1,1,-1,-1,-1,-1,1,-1,-1,-1,0.00991350132972002
1,1,1,-1,1,1,1,-1,1,1,-1,-1,1,-1,1,-1,1,-1,0.010348828509449959
1,1,1,-1,1,1,1,-1,1,1,-1,-1,1,1,-1,1,1,-1,0.00925036147236824
1,1,1,-1,1,1,1,-1,1,1,-1,1,-1,1,-1,1,1,1,0.008604530245065689
1,1,1,-1,1,1,1,-1,1,1,-1,1,1,-1,1,1,-1,1,0.009383398108184338
1,1,1,-1,1,1,1,-1,1,1,-1,1,1,-1,1,1,1,-1,0.009127546101808548
1,1,1,-1,1,1,1,-1,1,1,1,-1,-1,1,-1,-1,1,-1,0.009518323466181755
1,1,1,-1,1,1,1,-1,1,1,1,-1,-1,1,1,-1,-1,1,0.009959167800843716
1,1,1,-1,1,1,1,-1,1,1,1,1,-1,1,-1,1,-1,-1,0.00824708491563797
1,1,1,-1,1,1,1,-1,1,1,1,1,-1,1,1,1,-1,1,0.008731946349143982
1,1,1,-1,1,1,1,1,-1,-1,-1,-1,1,-1,1,-1,1,-1,0.0111151821911335
1,1,1,-1,1,1,1,1,-1,-1,-1,-1,1,1,1,-1,1,1,0.011204797774553299
1,1,1,-1,1,1,1,1,-1,-1,-1,-1,1,1,1,1,-1,1,0.010476073250174522
1,1,1,-1,1,1,1,1,-1,-1,-1,1,1,-1,-1,-1,1,-1,0.010393614880740643
1,1,1,-1,1,1,1,1,-1,-1,-1,1,1,1,-1,-1,-1,1,0.01042401883751154
1,1,1,-1,1,1,1,1,-1,-1,-1,1,1,1,-1,1,-1,1,0.009724115952849388
1,1,1,-1,1,1,1,1,-1,-1,1,-1,-1,-1,-1,-1,-1,-1,0.01044427789747715
1,1,1,-1,1,1,1,1,-1,-1,1,-1,-1,-1,-1,-1,-1,1,0.010744147002696991
1,1,1,-1,1,1,1,1,-1,-1,1,-1,-1,1,-1,1,1,1,0.00987800769507885
1,1,1,-1,1,1,1,1,-1,-1,1,-1,-1,1,1,-1,1,-1,0.010488182306289673
1,1,1,-1,1,1,1,1,-1,1,-1,-1,-1,1,-1,-1,-1,-1,0.009488111361861229
1,1,1,-1,1,1,1,1,-1,1,-1,-1,-1,1,-1,-1,-1,1,0.00978798046708107
1,1,1,-1,1,1,1,1,-1,1,-1,-1,1,-1,1,-1,1,1,0.010638377163559198
1,1,1,-1,1,1,1,1,-1,1,-1,-1,1,1,-1,1,-1,-1,0.009194714017212391
1,1,1,-1,1,1,1,1,-1,1,-1,1,1,-1,-1,1,-1,1,0.009164944291114807
1,1,1,-1,1,1,1,1,-1,1,-1,1,1,1,-1,1,-1,1,0.008958008140325546
1,1,1,-1,1,1,1,1,-1,1,-1,1,1,1,-1,1,1,-1,0.008705473504960537
1,1,1,-1,1,1,1,1,-1,1,1,-1,1,1,1,1,1,-1,0.009434616193175316
1,1,1,-1,1,1,1,1,-1,1,1,1,1,-1,-1,-1,-1,1,0.009845349937677383
1,1,1,-1,1,1,1,1,-1,1,1,1,1,1,1,-1,-1,1,0.009826723486185074
1,1,1,-1,1,1,1,1,1,-1,-1,-1,-1,1,-1,-1,1,-1,0.01036539301276207
1,1,1,-1,1,1,1,1,1,-1,-1,-1,-1,1,-1,1,1,-1,0.009680685587227345
1,1,1,-1,1,1,1,1,1,-1,-1,-1,1,-1,-1,1,1,1,0.010575482621788979
1,1,1,-1,1,1,1,1,1,-1,-1,1,-1,-1,-1,1,1,1,0.009629781357944012
1,1,1,-1,1,1,1,1,1,-1,-1,1,1,-1,-1,1,1,1,0.010042225942015648
1,1,1,-1,1,1,1,1,1,-1,-1,1,1,-1,1,-1,1,-1,0.010643143206834793
1,1,1,-1,1,1,1,1,1,-1,-1,1,1,1,-1,-1,1,1,0.01053257193416357
1,1,1,-1,1,1,1,1,1,-1,1,-1,1,1,-1,-1,1,-1,0.01074314396828413
1,1,1,-1,1,1,1,1,1,-1,1,1,-1,-1,-1,1,1,-1,0.009325609542429447
1,1,1,-1,1,1,1,1,1,-1,1,1,-1,1,-1,-1,-1,-1,0.009759364649653435
1,1,1,-1,1,1,1,1,1,1,-1,-1,-1,-1,-1,1,1,1,0.009396931156516075
1,1,1,-1,1,1,1,1,1,1,-1,-1,-1,-1,1,1,-1,1,0.009565675631165504
1,1,1,-1,1,1,1,1,1,1,-1,-1,-1,-1,1,1,1,1,0.009609692730009556
1,1,1,-1,1,1,1,1,1,1,-1,-1,-1,1,1,1,1,-1,0.009106205776333809
1,1,1,-1,1,1,1,1,1,1,-1,-1,1,-1,-1,1,1,1,0.009797497652471066
1,1,1,-1,1,1,1,1,1,1,-1,-1,1,1,-1,1,1,1,0.00960575696080923
1,1,1,-1,1,1,1,1,1,1,-1,-1,1,1,1,1,-1,1,0.009755988605320454
1,1,1,-1,1,1,1,1,1,1,-1,1,-1,-1,-1,1,-1,-1,0.008538301102817059
1,1,1,-1,1,1,1,1,1,1,-1,1,1,1,-1,-1,1,-1,0.009466595016419888
1,1,1,-1,1,1,1,1,1,1,-1,1,1,1,1,-1,1,1,0.009964030236005783
1,1,1,-1,1,1,1,1,1,1,1,-1,-1,-1,1,-1,-1,1,0.0102275675162673
1,1,1,-1,1,1,1,1,1,1,1,-1,1,-1,-1,1,-1,1,0.009736604057252407
1,1,1,-1,1,1,1,1,1,1,1,-1,1,1,-1,1,1,-1,0.009277133271098137
1,1,1,-1,1,1,1,1,1,1,1,1,-1,-1,-1,1,1,-1,0.008544307202100754
1,1,1,-1,1,1,1,1,1,1,1,1,1,-1,1,1,1,1,0.009444930590689182
1,1,1,-1,1,1,1,1,1,1,1,1,1,1,-1,1,1,-1,0.008759072050452232
1,1,1,1,-1,-1,-1,-1,-1,-1,-1,-1,1,-1,-1,1,1,1,0.009721721522510052
1,1,1,1,-1,-1,-1,-1,-1,-1,-1,1,-1,1,1,-1,1,-1,0.00917856115847826
1,1,1,1,-1,-1,-1,-1,-1,-1,-1,1,1,1,1,-1,1,-1,0.009585066698491573
1,1,1,1,-1,-1,-1,-1,-1,-1,1,-1,-1,1,1,-1,1,1,0.009982934221625328
1,1,1,1,-1,-1,-1,-1,-1,-1,1,-1,1,1,1,1,1,-1,0.009401543997228146
1,1,1,1,-1,-1,-1,-1,-1,-1,1,1,1,1,-1,1,-1,-1,0.00863002147525549
1,1,1,1,-1,-1,-1,-1,-1,1,-1,-1,-1,-1,-1,1,1,-1,0.008243300020694733
1,1,1,1,-1,-1,-1,-1,-1,1,-1,-1,1,-1,1,-1,-1,1,0.009803127497434616
1,1,1,1,-1,-1,-1,-1,-1,1,-1,-1,1,-1,1,1,-1,-1,0.008815232664346695
1,1,1,1,-1,-1,-1,-1,-1,1,-1,-1,1,1,1,1,1,-1,0.008661570027470589
1,1,1,1,-1,-1,-1,-1,-1,1,-1,1,-1,1,-1,-1,-1,-1,0.008162311278283596
1,1,1,1,-1,-1,-1,-1,-1,1,-1,1,-1,1,-1,-1,1,1,0.008487684652209282
1,1,1,1,-1,-1,-1,-1,-1,1,-1,1,1,-1,1,-1,1,1,0.009319826029241085
1,1,1,1,-1,-1,-1,-1,-1,1,-1,1,1,1,1,1,1,1,0.008409669622778893
1,1,1,1,-1,-1,-1,-1,-1,1,1,-1,-1,-1,-1,1,1,-1,0.008220484480261803
1,1,1,1,-1,-1,-1,-1,-1,1,1,-1,-1,1,-1,1,1,-1,0.008028744719922543
1,1,1,1,-1,-1,-1,-1,-1,1,1,-1,-1,1,1,1,-1,1,0.008472906425595284
1,1,1,1,-1,-1,-1,-1,-1,1,1,-1,1,-1,-1,-1,1,-1,0.009330210275948048
1,1,1,1,-1,-1,-1,-1,-1,1,1,-1,1,1,1,1,-1,1,0.008876093663275242
1,1,1,1,-1,-1,-1,-1,-1,1,1,1,-1,-1,1,1,1,1,0.008190602995455265
1,1,1,1,-1,-1,-1,-1,-1,1,1,1,1,1,-1,-1,1,1,0.008877312764525414
1,1,1,1,-1,-1,-1,-1,-1,1,1,1,1,1,1,-1,-1,-1,0.008740250021219254
1,1,1,1,-1,-1,-1,-1,1,-1,-1,-1,1,1,-1,-1,-1,1,0.010225950740277767
1,1,1,1,-1,-1,-1,-1,1,-1,-1,1,-1,-1,1,-1,1,-1,0.0094500333070755
1,1,1,1,-1,-1,-1,-1,1,-1,-1,1,-1,-1,1,1,1,-1,0.008762008510529995
1,1,1,1,-1,-1,-1,-1,1,-1,-1,1,-1,1,1,1,1,-1,0.00854581594467163
1,1,1,1,-1,-1,-1,-1,1,-1,-1,1,1,-1,-1,-1,-1,-1,0.009599760174751282
1,1,1,1,-1,-1,-1,-1,1,-1,-1,1,1,1,-1,-1,1,-1,0.009446097537875175
1,1,1,1,-1,-1,-1,-1,1,-1,1,-1,-1,-1,1,-1,-1,1,0.010203752666711807
1,1,1,1,-1,-1,-1,-1,1,-1,1,-1,1,1,1,-1,-1,1,0.010412579402327538
1,1,1,1,-1,-1,-1,-1,1,-1,1,1,-1,-1,1,-1,1,1,0.009714513085782528
1,1,1,1,-1,-1,-1,-1,1,1,-1,-1,-1,-1,-1,1,1,1,0.008610326796770096
1,1,1,1,-1,-1,-1,-1,1,1,-1,-1,1,-1,-1,1,1,-1,0.008726218715310097
1,1,1,1,-1,-1,-1,-1,1,1,-1,-1,1,-1,1,1,1,-1,0.008929723873734474
1,1,1,1,-1,-1,-1,-1,1,1,-1,-1,1,1,-1,-1,-1,1,0.009459842927753925
1,1,1,1,-1,-1,-1,-1,1,1,-1,1,-1,1,1,1,-1,-1,0.007729752920567989
1,1,1,1,-1,-1,-1,-1,1,1,-1,1,1,-1,-1,-1,1,-1,0.008871730417013168
1,1,1,1,-1,-1,-1,-1,1,1,-1,1,1,1,-1,1,-1,-1,0.007942009717226028
1,1,1,1,-1,-1,-1,-1,1,1,1,1,-1,-1,-1,1,1,-1,0.007748446427285671
1,1,1,1,-1,-1,-1,1,-1,-1,-1,1,1,-1,-1,1,1,-1,0.00894412025809288
1,1,1,1,-1,-1,-1,1,-1,-1,1,-1,-1,-1,-1,1,1,1,0.009353864938020706
1,1,1,1,-1,-1,-1,1,-1,-1,1,-1,-1,-1,1,1,-1,-1,0.009222740307450294
1,1,1,1,-1,-1,-1,1,-1,-1,1,-1,-1,1,-1,-1,-1,-1,0.009500324726104736
1,1,1,1,-1,-1,-1,1,-1,-1,1,-1,1,-1,-1,1,-1,1,0.009701157920062542
1,1,1,1,-1,-1,-1,1,-1,-1,1,1,1,-1,1,-1,-1,1,0.010065370239317417
1,1,1,1,-1,-1,-1,1,-1,-1,1,1,1,-1,1,-1,1,1,0.010124582797288895
1,1,1,1,-1,-1,-1,1,-1,-1,1,1,1,1,-1,-1,1,-1,0.009408333338797092
1,1,1,1,-1,-1,-1,1,-1,1,-1,-1,-1,1,-1,1,1,-1,0.008097829297184944
1,1,1,1,-1,-1,-1,1,-1,1,-1,1,-1,1,1,1,1,-1,0.007768077310174704
1,1,1,1,-1,-1,-1,1,-1,1,-1,1,1,-1,-1,1,-1,-1,0.008143252693116665
1,1,1,1,-1,-1,-1,1,-1,1,-1,1,1,-1,1,-1,1,-1,0.009084738790988922
1,1,1,1,-1,-1,-1,1,-1,1,-1,1,1,1,1,1,1,1,0.008465195074677467
1,1,1,1,-1,-1,-1,1,-1,1,1,-1,-1,-1,1,1,1,1,0.00877938512712717
1,1,1,1,-1,-1,-1,1,-1,1,1,1,-1,-1,1,-1,1,-1,0.008646161295473576
1,1,1,1,-1,-1,-1,1,1,-1,-1,-1,-1,1,-1,-1,1,1,0.009924926795065403
1,1,1,1,-1,-1,-1,1,1,-1,-1,-1,-1,1,-1,1,1,-1,0.008934411220252514
1,1,1,1,-1,-1,-1,1,1,-1,-1,-1,1,-1,-1,-1,1,-1,0.010238498449325562
1,1,1,1,-1,-1,-1,1,1,-1,-1,-1,1,-1,-1,1,1,-1,0.009544534608721733
1,1,1,1,-1,-1,-1,1,1,-1,-1,-1,1,1,-1,-1,1,-1,0.0100315622985363
1,1,1,1,-1,-1,-1,1,1,-1,-1,1,-1,1,1,1,1,-1,0.008595402352511883
1,1,1,1,-1,-1,-1,1,1,-1,-1,1,1,-1,-1,1,-1,-1,0.008967259898781776
1,1,1,1,-1,-1,-1,1,1,-1,-1,1,1,-1,-1,1,1,1,0.009295951575040817
1,1,1,1,-1,-1,-1,1,1,-1,1,-1,1,-1,-1,1,-1,-1,0.009481019340455532
1,1,1,1,-1,-1,-1,1,1,-1,1,-1,1,-1,1,1,1,1,0.010009897872805595
1,1,1,1,-1,-1,-1,1,1,1,-1,-1,1,1,-1,1,-1,1,0.008821404539048672
1,1,1,1,-1,-1,-1,1,1,1,-1,-1,1,1,1,-1,1,1,0.009762890636920929
1,1,1,1,-1,-1,-1,1,1,1,-1,1,-1,1,-1,1,-1,-1,0.007578803924843669
1,1,1,1,-1,-1,-1,1,1,1,1,-1,-1,-1,-1,1,1,1,0.008637098595499992
1,1,1,1,-1,-1,-1,1,1,1,1,-1,1,-1,-1,1,-1,-1,0.008699717000126839
1,1,1,1,-1,-1,-1,1,1,1,1,1,-1,-1,1,1,1,-1,0.00802267249673605
1,1,1,1,-1,-1,-1,1,1,1,1,1,-1,1,1,1,-1,-1,0.007756524253636599
1,1,1,1,-1,-1,1,-1,-1,-1,-1,-1,-1,-1,-1,-1,-1,-1,0.010374350473284721
1,1,1,1,-1,-1,1,-1,-1,-1,-1,-1,-1,-1,-1,1,1,-1,0.0097277220338583
1,1,1,1,-1,-1,1,-1,-1,-1,-1,1,-1,-1,-1,1,1,-1,0.009191147051751614
1,1,1,1,-1,-1,1,-1,-1,-1,-1,1,1,-1,-1,-1,1,1,0.010585547424852848
1,1,1,1,-1,-1,1,-1,-1,-1,1,-1,-1,-1,1,1,-1,-1,0.009864394553005695
1,1,1,1,-1,-1,1,-1,-1,-1,1,-1,-1,1,-1,1,1,1,0.009794522076845169
1,1,1,1,-1,-1,1,-1,-1,-1,1,-1,1,1,1,-1,1,1,0.011089240200817585
1,1,1,1,-1,-1,1,-1,-1,-1,1,-1,1,1,1,1,1,-1,0.0101079810410738
1,1,1,1,-1,-1,1,-1,-1,-1,1,1,1,-1,-1,-1,1,-1,0.010278057307004929
1,1,1,1,-1,-1,1,-1,-1,1,-1,-1,-1,-1,-1,-1,-1,-1,0.009605622850358486
1,1,1,1,-1,-1,1,-1,-1,1,-1,-1,-1,1,-1,-1,1,1,0.009733317419886589
1,1,1,1,-1,-1,1,-1,-1,1,-1,-1,1,-1,1,-1,-1,-1,0.010212315246462822
1,1,1,1,-1,-1,1,-1,-1,1,-1,-1,1,-1,1,1,-1,-1,0.009527607820928097
1,1,1,1,-1,-1,1,-1,-1,1,-1,1,-1,-1,-1,-1,-1,1,0.00935372244566679
1,1,1,1,-1,-1,1,-1,-1,1,-1,1,-1,-1,1,-1,-1,-1,0.009272553026676178
1,1,1,1,-1,-1,1,-1,-1,1,-1,1,-1,-1,1,1,1,-1,0.008631862699985504
1,1,1,1,-1,-1,1,-1,-1,1,-1,1,-1,1,-1,-1,-1,1,0.00914678629487753
1,1,1,1,-1,-1,1,-1,-1,1,-1,1,-1,1,-1,-1,1,1,0.009196742437779903
1,1,1,1,-1,-1,1,-1,-1,1,-1,1,-1,1,1,-1,1,1,0.009394308552145958
1,1,1,1,-1,-1,1,-1,-1,1,-1,1,1,-1,-1,1,1,1,0.009116219356656075
1,1,1,1,-1,-1,1,-1,-1,1,-1,1,1,-1,1,1,-1,-1,0.008988412097096443
1,1,1,1,-1,-1,1,-1,-1,1,-1,1,1,1,-1,1,1,-1,0.00862792693078518
1,1,1,1,-1,-1,1,-1,-1,1,1,-1,-1,-1,-1,1,1,1,0.00922941230237484
1,1,1,1,-1,-1,1,-1,-1,1,1,-1,-1,-1,1,-1,-1,-1,0.009786312468349934
1,1,1,1,-1,-1,1,-1,-1,1,1,1,-1,-1,1,-1,1,1,0.009587685577571392
1,1,1,1,-1,-1,1,-1,1,-1,-1,1,-1,-1,1,1,1,-1,0.009449931792914867
1,1,1,1,-1,-1,1,-1,1,-1,-1,1,1,1,1,1,1,1,0.009955309331417084
1,1,1,1,-1,-1,1,-1,1,-1,1,-1,-1,-1,1,-1,-1,-1,0.010610319674015045
1,1,1,1,-1,-1,1,-1,1,-1,1,-1,-1,1,-1,-1,-1,-1,0.010199879296123981
1,1,1,1,-1,-1,1,-1,1,-1,1,-1,-1,1,-1,-1,-1,1,0.010505687445402145
1,1,1,1,-1,-1,1,-1,1,-1,1,-1,-1,1,1,-1,1,1,0.010753209702670574
1,1,1,1,-1,-1,1,-1,1,-1,1,-1,1,-1,1,1,1,1,0.010666747577488422
1,1,1,1,-1,-1,1,-1,1,-1,1,-1,1,1,1,1,1,1,0.010456494055688381
1,1,1,1,-1,-1,1,-1,1,-1,1,1,1,1,-1,-1,-1,-1,0.010082384571433067
1,1,1,1,-1,-1,1,-1,1,-1,1,1,1,1,1,1,-1,1,0.009879220277071
1,1,1,1,-1,-1,1,-1,1,1,-1,1,1,-1,-1,1,-1,1,0.009142677299678326
1,1,1,1,-1,-1,1,-1,1,1,-1,1,1,1,-1,-1,-1,-1,0.00932389684021473
1,1,1,1,-1,-1,1,-1,1,1,1,-1,-1,-1,-1,1,1,1,0.009290629997849464
1,1,1,1,-1,-1,1,-1,1,1,1,1,-1,-1,-1,-1,1,1,0.009442080743610859
1,1,1,1,-1,-1,1,-1,1,1,1,1,1,-1,-1,1,-1,1,0.00910466630011797
1,1,1,1,-1,-1,1,-1,1,1,1,1,1,-1,1,-1,-1,1,0.010011391714215279
1,1,1,1,-1,-1,1,-1,1,1,1,1,1,-1,1,-1,1,1,0.010052090510725975
1,1,1,1,-1,-1,1,1,-1,-1,-1,-1,-1,-1,-1,-1,1,1,0.010773763060569763
1,1,1,1,-1,-1,1,1,-1,-1,-1,-1,-1,-1,-1,1,1,1,0.010070542804896832
1,1,1,1,-1,-1,1,1,-1,-1,-1,-1,1,-1,-1,-1,1,1,0.011180268600583076
1,1,1,1,-1,-1,1,1,-1,-1,-1,-1,1,1,-1,-1,1,-1,0.010673463344573975
1,1,1,1,-1,-1,1,1,-1,-1,1,-1,-1,1,1,-1,1,-1,0.010447647422552109
1,1,1,1,-1,-1,1,1,-1,-1,1,-1,-1,1,1,-1,1,1,0.010738261044025421
1,1,1,1,-1,-1,1,1,-1,-1,1,-1,1,-1,1,-1,1,1,0.01135170180350542
1,1,1,1,-1,-1,1,1,-1,-1,1,-1,1,1,1,-1,-1,-1,0.01081013586372137
1,1,1,1,-1,-1,1,1,-1,-1,1,-1,1,1,1,-1,-1,1,0.011110004968941212
1,1,1,1,-1,-1,1,1,-1,-1,1,1,-1,-1,-1,1,1,1,0.009523726999759674
1,1,1,1,-1,-1,1,1,-1,-1,1,1,-1,1,-1,-1,-1,-1,0.00966686848551035
1,1,1,1,-1,-1,1,1,-1,1,-1,-1,-1,1,-1,-1,1,1,0.009788842871785164
1,1,1,1,-1,-1,1,1,-1,1,-1,-1,1,-1,1,1,1,-1,0.0096212113276124
1,1,1,1,-1,-1,1,1,-1,1,-1,1,1,1,-1,-1,1,-1,0.00936222169548273
1,1,1,1,-1,-1,1,1,-1,1,1,-1,-1,1,-1,-1,1,-1,0.009481352753937244
1,1,1,1,-1,-1,1,1,-1,1,1,-1,-1,1,1,1,-1,1,0.00923748966306448
1,1,1,1,-1,-1,1,1,-1,1,1,-1,1,-1,1,-1,1,-1,0.010292360559105873
1,1,1,1,-1,-1,1,1,-1,1,1,-1,1,1,1,-1,-1,1,0.010328702628612518
1,1,1,1,-1,-1,1,1,-1,1,1,1,-1,1,-1,-1,1,-1,0.008948096074163914
1,1,1,1,-1,-1,1,1,-1,1,1,1,-1,1,1,1,1,-1,0.00844838097691536
1,1,1,1,-1,-1,1,1,1,-1,-1,-1,-1,1,1,-1,-1,1,0.010787533596158028
1,1,1,1,-1,-1,1,1,1,-1,-1,-1,1,-1,1,-1,-1,1,0.011395036242902279
1,1,1,1,-1,-1,1,1,1,-1,-1,1,-1,1,-1,-1,-1,-1,0.009754220023751259
1,1,1,1,-1,-1,1,1,1,-1,1,-1,1,1,-1,1,-1,1,0.010267815552651882
1,1,1,1,-1,-1,1,1,1,-1,1,-1,1,1,1,1,1,1,0.010521276853978634
1,1,1,1,-1,-1,1,1,1,-1,1,1,-1,1,1,1,1,1,0.009566319175064564
1,1,1,1,-1,-1,1,1,1,-1,1,1,1,1,1,1,1,-1,0.009689808823168278
1,1,1,1,-1,-1,1,1,1,1,-1,-1,1,-1,-1,-1,-1,-1,0.010119615122675896
1,1,1,1,-1,-1,1,1,1,1,-1,1,-1,-1,1,-1,-1,1,0.009689166210591793
1,1,1,1,-1,-1,1,1,1,1,-1,1,-1,-1,1,1,1,1,0.009033280424773693
1,1,1,1,-1,-1,1,1,1,1,-1,1,1,1,-1,-1,-1,1,0.009675974026322365
1,1,1,1,-1,-1,1,1,1,1,1,-1,1,-1,1,1,-1,1,0.009912149049341679
1,1,1,1,-1,-1,1,1,1,1,1,1,-1,-1,1,-1,1,1,0.009704429656267166
1,1,1,1,-1,-1,1,1,1,1,1,1,-1,1,1,-1,-1,-1,0.009162863716483116
1,1,1,1,-1,-1,1,1,1,1,1,1,-1,1,1,-1,1,-1,0.009197624400258064
1,1,1,1,-1,-1,1,1,1,1,1,1,1,1,-1,-1,-1,1,0.009662415832281113
1,1,1,1,-1,1,-1,-1,-1,-1,-1,-1,-1,-1,1,-1,-1,-1,0.010030871257185936
1,1,1,1,-1,1,-1,-1,-1,-1,-1,-1,-1,1,-1,1,-1,-1,0.008941661566495895
1,1,1,1,-1,1,-1,-1,-1,-1,-1,-1,-1,1,1,1,1,-1,0.009189183823764324
1,1,1,1,-1,1,-1,-1,-1,-1,-1,-1,1,-1,-1,1,1,-1,0.009593181312084198
1,1,1,1,-1,1,-1,-1,-1,-1,1,-1,-1,-1,1,-1,1,-1,0.010067268274724483
1,1,1,1,-1,1,-1,-1,-1,-1,1,-1,1,-1,1,-1,-1,1,0.01071111299097538
1,1,1,1,-1,1,-1,-1,-1,-1,1,-1,1,1,1,-1,-1,1,0.01049823872745037
1,1,1,1,-1,1,-1,-1,-1,-1,1,1,-1,-1,-1,-1,-1,1,0.009567845612764359
1,1,1,1,-1,1,-1,-1,-1,-1,1,1,-1,1,-1,1,1,1,0.008714281022548676
1,1,1,1,-1,1,-1,-1,-1,1,-1,-1,1,1,-1,-1,1,-1,0.009298906661570072
1,1,1,1,-1,1,-1,-1,-1,1,-1,1,-1,1,-1,1,1,1,0.007970988750457764
1,1,1,1,-1,1,-1,-1,-1,1,-1,1,1,-1,1,-1,-1,-1,0.009132074192166328
1,1,1,1,-1,1,-1,-1,-1,1,1,-1,1,1,1,-1,1,-1,0.009494791738688946
1,1,1,1,-1,1,-1,-1,-1,1,1,1,-1,-1,-1,1,1,-1,0.007858557626605034
1,1,1,1,-1,1,-1,-1,1,-1,-1,-1,1,-1,-1,1,-1,-1,0.009601125493645668
1,1,1,1,-1,1,-1,-1,1,-1,-1,-1,1,-1,-1,1,1,-1,0.009654399938881397
1,1,1,1,-1,1,-1,-1,1,-1,-1,1,-1,1,1,-1,-1,1,0.00965176708996296
1,1,1,1,-1,1,-1,-1,1,-1,-1,1,1,-1,-1,-1,1,1,0.010102401487529278
1,1,1,1,-1,1,-1,-1,1,-1,-1,1,1,-1,-1,1,-1,1,0.009367738850414753
1,1,1,1,-1,1,-1,-1,1,-1,-1,1,1,-1,-1,1,1,1,0.009402498602867126
1,1,1,1,-1,1,-1,-1,1,-1,-1,1,1,1,1,-1,-1,1,0.010049015283584595
1,1,1,1,-1,1,-1,-1,1,-1,1,-1,1,-1,1,1,1,-1,0.009841027669608593
1,1,1,1,-1,1,-1,-1,1,-1,1,-1,1,1,-1,1,-1,1,0.009671244770288467
1,1,1,1,-1,1,-1,-1,1,-1,1,-1,1,1,-1,1,1,1,0.009713602252304554
1,1,1,1,-1,1,-1,-1,1,-1,1,1,-1,-1,-1,1,1,1,0.008979116566479206
1,1,1,1,-1,1,-1,-1,1,-1,1,1,1,-1,-1,-1,-1,-1,0.009744956158101559
1,1,1,1,-1,1,-1,-1,1,-1,1,1,1,-1,1,1,1,-1,0.009292575530707836
1,1,1,1,-1,1,-1,-1,1,1,-1,-1,-1,-1,-1,1,-1,-1,0.008431831374764442
1,1,1,1,-1,1,-1,-1,1,1,-1,-1,1,-1,-1,1,-1,-1,0.008838335983455181
1,1,1,1,-1,1,-1,-1,1,1,-1,-1,1,-1,-1,1,-1,1,0.009134887717664242
1,1,1,1,-1,1,-1,-1,1,1,-1,1,-1,-1,-1,-1,1,-1,0.008627299219369888
1,1,1,1,-1,1,-1,-1,1,1,-1,1,-1,-1,1,-1,-1,-1,0.008796043694019318
1,1,1,1,-1,1,-1,-1,1,1,1,1,-1,1,-1,-1,-1,1,0.00865933857858181
1,1,1,1,-1,1,-1,-1,1,1,1,1,-1,1,-1,1,1,-1,0.007709522265940905
1,1,1,1,-1,1,-1,-1,1,1,1,1,1,-1,1,-1,1,-1,0.009214493446052074
1,1,1,1,-1,1,-1,-1,1,1,1,1,1,-1,1,1,1,-1,0.008520529605448246
1,1,1,1,-1,1,-1,-1,1,1,1,1,1,-1,1,1,1,1,0.008811142295598984
1,1,1,1,-1,1,-1,-1,1,1,1,1,1,1,-1,-1,-1,-1,0.008765974082052708
1,1,1,1,-1,1,-1,1,-1,-1,-1,-1,-1,-1,1,1,1,-1,0.009445707313716412
1,1,1,1,-1,1,-1,1,-1,-1,-1,-1,1,-1,1,1,1,1,0.010148763656616211
1,1,1,1,-1,1,-1,1,-1,-1,-1,1,-1,-1,-1,1,-1,1,0.008961479179561138
1,1,1,1,-1,1,-1,1,-1,-1,-1,1,1,-1,-1,-1,1,1,0.010100026614964008
1,1,1,1,-1,1,-1,1,-1,-1,-1,1,1,1,1,1,1,-1,0.009102762676775455
1,1,1,1,-1,1,-1,1,-1,-1,-1,1,1,1,1,1,1,1,0.009393375366926193
1,1,1,1,-1,1,-1,1,-1,-1,1,-1,-1,1,1,1,-1,-1,0.009162682108581066
1,1,1,1,-1,1,-1,1,-1,-1,1,-1,1,-1,-1,1,1,-1,0.009625891223549843
1,1,1,1,-1,1,-1,1,-1,-1,1,-1,1,1,1,1,-1,1,0.009865738451480865
1,1,1,1,-1,1,-1,1,-1,-1,1,1,-1,-1,1,-1,-1,1,0.009820938110351562
1,1,1,1,-1,1,-1,1,-1,-1,1,1,1,-1,-1,1,1,-1,0.009092634543776512
1,1,1,1,-1,1,-1,1,-1,1,-1,-1,-1,-1,-1,1,1,-1,0.008466837927699089
1,1,1,1,-1,1,-1,1,-1,1,-1,-1,-1,1,1,1,1,1,0.008754019625484943
1,1,1,1,-1,1,-1,1,-1,1,-1,1,-1,-1,-1,-1,1,-1,0.00863680150359869
1,1,1,1,-1,1,-1,1,-1,1,-1,1,-1,-1,1,1,-1,1,0.0083777429535985
1,1,1,1,-1,1,-1,1,-1,1,-1,1,-1,-1,1,1,1,-1,0.008137086406350136
1,1,1,1,-1,1,-1,1,-1,1,-1,1,1,-1,1,1,1,1,0.008837522007524967
1,1,1,1,-1,1,-1,1,-1,1,1,-1,-1,-1,-1,-1,-1,-1,0.009093969129025936
1,1,1,1,-1,1,-1,1,-1,1,1,-1,-1,-1,-1,1,1,-1,0.008453278802335262
1,1,1,1,-1,1,-1,1,-1,1,1,-1,1,-1,1,1,1,1,0.009344645775854588
1,1,1,1,-1,1,-1,1,-1,1,1,-1,1,1,-1,-1,1,1,0.009637425653636456
1,1,1,1,-1,1,-1,1,-1,1,1,1,1,-1,-1,1,-1,1,0.008573123253881931
1,1,1,1,-1,1,-1,1,-1,1,1,1,1,1,1,-1,1,-1,0.00901706051081419
1,1,1,1,-1,1,-1,1,1,-1,-1,-1,-1,-1,-1,-1,-1,1,0.010249918326735497
1,1,1,1,-1,1,-1,1,1,-1,-1,-1,-1,-1,-1,-1,1,-1,0.009988127276301384
1,1,1,1,-1,1,-1,1,1,-1,-1,-1,-1,-1,1,1,1,-1,0.009503606706857681
1,1,1,1,-1,1,-1,1,1,-1,-1,-1,-1,1,-1,-1,-1,1,0.01004298310726881
1,1,1,1,-1,1,-1,1,1,-1,-1,-1,-1,1,-1,-1,1,1,0.010087000206112862
1,1,1,1,-1,1,-1,1,1,-1,-1,-1,-1,1,-1,1,1,1,0.009383779019117355
1,1,1,1,-1,1,-1,1,1,-1,-1,-1,1,-1,1,1,-1,-1,0.009869413450360298
1,1,1,1,-1,1,-1,1,1,-1,-1,1,-1,-1,1,-1,1,1,0.009954927489161491
1,1,1,1,-1,1,-1,1,1,-1,-1,1,-1,1,-1,1,1,1,0.008850522339344025
1,1,1,1,-1,1,-1,1,1,-1,-1,1,1,1,-1,1,1,1,0.009257027879357338
1,1,1,1,-1,1,-1,1,1,-1,1,-1,1,-1,-1,1,-1,1,0.009939644485712051
1,1,1,1,-1,1,-1,1,1,-1,1,-1,1,1,1,1,1,-1,0.009683678857982159
1,1,1,1,-1,1,-1,1,1,-1,1,1,1,-1,-1,1,-1,-1,0.00910983607172966
1,1,1,1,-1,1,-1,1,1,1,-1,-1,-1,1,1,1,-1,-1,0.008480608463287354
1,1,1,1,-1,1,-1,1,1,1,-1,-1,1,1,1,1,1,-1,0.008934448473155499
1,1,1,1,-1,1,-1,1,1,1,-1,1,-1,-1,1,1,1,1,0.008488917723298073
1,1,1,1,-1,1,-1,1,1,1,-1,1,-1,1,-1,1,1,-1,0.0077878632582724094
1,1,1,1,-1,1,-1,1,1,1,-1,1,1,-1,-1,-1,-1,1,0.009345182217657566
1,1,1,1,-1,1,-1,1,1,1,-1,1,1,-1,1,-1,-1,-1,0.009258074685931206
1,1,1,1,-1,1,-1,1,1,1,1,-1,-1,-1,-1,-1,1,1,0.009499073959887028
1,1,1,1,-1,1,-1,1,1,1,1,-1,-1,1,1,1,1,-1,0.008511066436767578
1,1,1,1,-1,1,-1,1,1,1,1,-1,1,-1,1,1,-1,1,0.009365164674818516
1,1,1,1,-1,1,-1,1,1,1,1,-1,1,-1,1,1,1,-1,0.009115250781178474
1,1,1,1,-1,1,-1,1,1,1,1,-1,1,1,-1,1,1,-1,0.008708127774298191
1,1,1,1,-1,1,-1,1,1,1,1,1,-1,1,-1,1,1,-1,0.007765048183500767
1,1,1,1,-1,1,-1,1,1,1,1,1,1,1,-1,1,-1,1,0.008421466685831547
1,1,1,1,-1,1,-1,1,1,1,1,1,1,1,1,1,-1,1,0.008624971844255924
1,1,1,1,-1,1,-1,1,1,1,1,1,1,1,1,1,1,1,0.008668988943099976
1,1,1,1,-1,1,1,-1,-1,-1,-1,-1,-1,1,-1,1,1,1,0.009964215569198132
1,1,1,1,-1,1,1,-1,-1,-1,-1,-1,1,-1,1,1,-1,1,0.010752339847385883
1,1,1,1,-1,1,1,-1,-1,-1,-1,-1,1,1,1,-1,-1,1,0.011230111122131348
1,1,1,1,-1,1,1,-1,-1,-1,-1,1,-1,1,-1,-1,-1,-1,0.00979029294103384
1,1,1,1,-1,1,1,-1,-1,-1,-1,1,1,1,-1,-1,-1,-1,0.010211993008852005
1,1,1,1,-1,1,1,-1,-1,-1,1,-1,-1,-1,-1,-1,-1,-1,0.010516926646232605
1,1,1,1,-1,1,1,-1,-1,-1,1,-1,-1,-1,1,1,1,1,0.010367035865783691
1,1,1,1,-1,1,1,-1,-1,-1,1,-1,-1,1,1,-1,-1,1,0.010800790973007679
1,1,1,1,-1,1,1,-1,-1,-1,1,-1,1,-1,1,-1,1,-1,0.011176892556250095
1,1,1,1,-1,1,1,-1,-1,-1,1,1,-1,-1,1,1,1,-1,0.00953391008079052
1,1,1,1,-1,1,1,-1,-1,-1,1,1,-1,1,1,-1,-1,-1,0.009976920671761036
1,1,1,1,-1,1,1,-1,-1,-1,1,1,1,1,-1,1,-1,-1,0.009485957212746143
1,1,1,1,-1,1,1,-1,-1,1,-1,-1,1,-1,-1,1,1,1,0.009814866818487644
1,1,1,1,-1,1,1,-1,-1,1,-1,1,1,-1,1,1,1,1,0.009486425202339888
1,1,1,1,-1,1,1,-1,-1,1,-1,1,1,1,1,1,-1,-1,0.008934292942285538
1,1,1,1,-1,1,1,-1,-1,1,1,-1,1,-1,1,1,-1,-1,0.009660926647484303
1,1,1,1,-1,1,1,-1,-1,1,1,1,-1,1,-1,1,-1,1,0.00859208032488823
1,1,1,1,-1,1,1,-1,-1,1,1,1,1,1,-1,-1,1,1,0.009736565873026848
1,1,1,1,-1,1,1,-1,1,-1,-1,-1,-1,-1,1,1,-1,1,0.010391857475042343
1,1,1,1,-1,1,1,-1,1,-1,-1,-1,-1,1,-1,-1,1,-1,0.010438041761517525
1,1,1,1,-1,1,1,-1,1,-1,-1,-1,1,1,-1,-1,-1,1,0.01108782459050417
1,1,1,1,-1,1,1,-1,1,-1,1,-1,1,-1,-1,-1,-1,1,0.011271944269537926
1,1,1,1,-1,1,1,-1,1,-1,1,1,-1,1,-1,-1,-1,-1,0.009843890555202961
1,1,1,1,-1,1,1,-1,1,-1,1,1,-1,1,-1,-1,1,-1,0.009878651238977909
1,1,1,1,-1,1,1,-1,1,-1,1,1,1,-1,-1,-1,1,-1,0.010492091998457909
1,1,1,1,-1,1,1,-1,1,-1,1,1,1,1,-1,-1,1,-1,0.010288474150002003
1,1,1,1,-1,1,1,-1,1,-1,1,1,1,1,1,-1,1,-1,0.010482722893357277
1,1,1,1,-1,1,1,-1,1,1,-1,-1,-1,1,-1,1,1,-1,0.008972031064331532
1,1,1,1,-1,1,1,-1,1,1,-1,-1,-1,1,1,1,-1,-1,0.00913745816797018
1,1,1,1,-1,1,1,-1,1,1,-1,-1,1,1,1,-1,1,1,0.010563300922513008
1,1,1,1,-1,1,1,-1,1,1,-1,1,-1,1,1,-1,1,-1,0.009326986968517303
1,1,1,1,-1,1,1,-1,1,1,-1,1,1,-1,1,1,-1,1,0.009493059478700161
1,1,1,1,-1,1,1,-1,1,1,1,-1,-1,-1,-1,1,-1,-1,0.00910881720483303
1,1,1,1,-1,1,1,-1,1,1,1,-1,1,-1,1,1,-1,-1,0.00972808338701725
1,1,1,1,-1,1,1,-1,1,1,1,-1,1,1,-1,-1,1,-1,0.010055623948574066
1,1,1,1,-1,1,1,-1,1,1,1,-1,1,1,-1,1,1,-1,0.009361660107970238
1,1,1,1,-1,1,1,-1,1,1,1,1,-1,-1,1,-1,-1,1,0.00975770317018032
1,1,1,1,-1,1,1,-1,1,1,1,1,-1,-1,1,-1,1,1,0.009801720269024372
1,1,1,1,-1,1,1,-1,1,1,1,1,-1,1,1,1,-1,1,0.00886606052517891
1,1,1,1,-1,1,1,-1,1,1,1,1,-1,1,1,1,1,1,0.008910076692700386
1,1,1,1,-1,1,1,-1,1,1,1,1,1,-1,-1,-1,-1,1,0.009960703551769257
1,1,1,1,-1,1,1,-1,1,1,1,1,1,-1,1,1,-1,1,0.009485439397394657
1,1,1,1,-1,1,1,1,-1,-1,-1,-1,1,1,-1,-1,1,-1,0.010844793170690536
1,1,1,1,-1,1,1,1,-1,-1,-1,1,1,-1,1,1,1,1,0.010312686674296856
1,1,1,1,-1,1,1,1,-1,-1,-1,1,1,1,1,1,-1,1,0.010067673400044441
1,1,1,1,-1,1,1,1,-1,-1,1,-1,-1,-1,-1,1,-1,1,0.010175039991736412
1,1,1,1,-1,1,1,1,-1,-1,1,-1,1,-1,1,-1,1,-1,0.011217222549021244
1,1,1,1,-1,1,1,1,-1,-1,1,1,1,-1,1,-1,1,1,0.010974578559398651
1,1,1,1,-1,1,1,1,-1,1,-1,-1,-1,-1,-1,-1,-1,1,0.01011977344751358
1,1,1,1,-1,1,1,1,-1,1,-1,-1,1,-1,-1,-1,1,-1,0.010279682464897633
1,1,1,1,-1,1,1,1,-1,1,-1,-1,1,-1,1,1,-1,1,0.010026562958955765
1,1,1,1,-1,1,1,1,-1,1,-1,-1,1,1,-1,1,-1,-1,0.009334765374660492
1,1,1,1,-1,1,1,1,-1,1,-1,1,-1,-1,1,1,1,1,0.009134136140346527
1,1,1,1,-1,1,1,1,-1,1,-1,1,-1,1,-1,1,1,-1,0.008423825725913048
1,1,1,1,-1,1,1,1,-1,1,-1,1,-1,1,1,-1,-1,1,0.009583085775375366
1,1,1,1,-1,1,1,1,-1,1,1,-1,-1,-1,-1,-1,-1,-1,0.00980040617287159
1,1,1,1,-1,1,1,1,-1,1,1,-1,-1,-1,1,-1,1,1,0.010344480164349079
1,1,1,1,-1,1,1,1,-1,1,1,1,-1,-1,1,1,1,-1,0.008820706978440285
1,1,1,1,-1,1,1,1,-1,1,1,1,1,1,-1,-1,-1,1,0.009763270616531372
1,1,1,1,-1,1,1,1,1,-1,-1,-1,-1,1,-1,-1,1,1,0.010784179903566837
1,1,1,1,-1,1,1,1,1,-1,-1,1,-1,1,-1,1,-1,1,0.00951888132840395
1,1,1,1,-1,1,1,1,1,-1,-1,1,-1,1,-1,1,1,1,0.009553641080856323
1,1,1,1,-1,1,1,1,1,-1,-1,1,1,-1,-1,-1,-1,1,0.010820346884429455
1,1,1,1,-1,1,1,1,1,-1,-1,1,1,1,-1,1,-1,-1,0.009628834202885628
1,1,1,1,-1,1,1,1,1,-1,1,-1,-1,-1,1,-1,1,1,0.011177744716405869
1,1,1,1,-1,1,1,1,1,-1,1,-1,1,-1,-1,1,1,1,0.010680841282010078
1,1,1,1,-1,1,1,1,1,-1,1,-1,1,1,1,-1,-1,1,0.01133329700678587
1,1,1,1,-1,1,1,1,1,-1,1,1,1,1,1,1,-1,1,0.01009088009595871
1,1,1,1,-1,1,1,1,1,1,-1,-1,-1,-1,1,1,1,1,0.00971935410052538
1,1,1,1,-1,1,1,1,1,1,-1,-1,-1,1,1,-1,-1,1,0.01016236562281847
1,1,1,1,-1,1,1,1,1,1,-1,-1,1,-1,-1,1,-1,1,0.009887593798339367
1,1,1,1,-1,1,1,1,1,1,-1,-1,1,1,-1,-1,-1,1,0.010380560532212257
1,1,1,1,-1,1,1,1,1,1,-1,1,-1,-1,1,1,-1,1,0.009142080321907997
1,1,1,1,-1,1,1,1,1,1,-1,1,-1,1,-1,-1,1,-1,0.009194202721118927
1,1,1,1,-1,1,1,1,1,1,-1,1,1,1,1,1,-1,1,0.009350906126201153
1,1,1,1,-1,1,1,1,1,1,1,-1,-1,-1,1,-1,-1,1,0.010361680760979652
1,1,1,1,-1,1,1,1,1,1,1,-1,-1,-1,1,1,-1,-1,0.009367847815155983
1,1,1,1,-1,1,1,1,1,1,1,-1,1,1,-1,1,1,-1,0.00940792914479971
1,1,1,1,-1,1,1,1,1,1,1,-1,1,1,-1,1,1,1,0.009698541834950447
1,1,1,1,-1,1,1,1,1,1,1,-1,1,1,1,1,-1,1,0.009861348196864128
1,1,1,1,-1,1,1,1,1,1,1,1,-1,1,1,-1,1,-1,0.009365635924041271
1,1,1,1,1,-1,-1,-1,-1,-1,-1,-1,-1,-1,-1,-1,-1,-1,0.009834005497395992
1,1,1,1,1,-1,-1,-1,-1,-1,-1,-1,-1,-1,1,-1,-1,-1,0.010028254240751266
1,1,1,1,1,-1,-1,-1,-1,-1,-1,-1,1,-1,-1,-1,-1,1,0.010527805425226688
1,1,1,1,1,-1,-1,-1,-1,-1,-1,-1,1,1,1,-1,-1,1,0.010533631779253483
1,1,1,1,1,-1,-1,-1,-1,-1,-1,1,1,1,1,-1,1,-1,0.009744522161781788
1,1,1,1,1,-1,-1,-1,-1,-1,1,-1,-1,1,-1,1,-1,-1,0.008916229009628296
1,1,1,1,1,-1,-1,-1,-1,-1,1,-1,1,-1,1,-1,-1,1,0.010702556930482388
1,1,1,1,1,-1,-1,-1,-1,-1,1,1,-1,1,-1,-1,-1,-1,0.009076936170458794
1,1,1,1,1,-1,-1,-1,-1,-1,1,1,-1,1,1,1,1,-1,0.008615299127995968
1,1,1,1,1,-1,-1,-1,-1,-1,1,1,1,1,-1,1,-1,1,0.00906489510089159
1,1,1,1,1,-1,-1,-1,-1,-1,1,1,1,1,1,1,1,1,0.00932761188596487
1,1,1,1,1,-1,-1,-1,-1,1,-1,-1,-1,1,1,-1,-1,1,0.00935508031398058
1,1,1,1,1,-1,-1,-1,-1,1,-1,-1,1,-1,1,-1,1,1,0.010003281757235527
1,1,1,1,1,-1,-1,-1,-1,1,-1,1,-1,-1,-1,-1,1,1,0.00886333268135786
1,1,1,1,1,-1,-1,-1,-1,1,-1,1,-1,1,1,-1,1,-1,0.008560032583773136
1,1,1,1,1,-1,-1,-1,-1,1,-1,1,1,-1,-1,-1,-1,1,0.009216563776135445
1,1,1,1,1,-1,-1,-1,-1,1,-1,1,1,-1,-1,-1,1,-1,0.008969968184828758
1,1,1,1,1,-1,-1,-1,-1,1,-1,1,1,1,-1,-1,1,-1,0.0087722884491086
1,1,1,1,1,-1,-1,-1,-1,1,-1,1,1,1,1,1,1,1,0.00857838150113821
1,1,1,1,1,-1,-1,-1,-1,1,1,-1,1,-1,1,1,1,1,0.009280563332140446
1,1,1,1,1,-1,-1,-1,-1,1,1,1,-1,-1,1,-1,-1,-1,0.008700135163962841
1,1,1,1,1,-1,-1,-1,-1,1,1,1,-1,1,1,1,1,-1,0.007852509617805481
1,1,1,1,1,-1,-1,-1,-1,1,1,1,1,-1,-1,-1,-1,1,0.009193748235702515
1,1,1,1,1,-1,-1,-1,1,-1,-1,-1,-1,-1,-1,1,1,1,0.009532571770250797
1,1,1,1,1,-1,-1,-1,1,-1,-1,-1,-1,-1,1,1,1,1,0.009736076928675175
1,1,1,1,1,-1,-1,-1,1,-1,-1,-1,1,-1,-1,-1,1,1,0.010627102106809616
1,1,1,1,1,-1,-1,-1,1,-1,-1,-1,1,-1,-1,1,1,1,0.009942394681274891
1,1,1,1,1,-1,-1,-1,1,-1,-1,-1,1,1,-1,1,-1,1,0.009697380475699902
1,1,1,1,1,-1,-1,-1,1,-1,-1,1,1,-1,-1,-1,-1,1,0.010059084743261337
1,1,1,1,1,-1,-1,-1,1,-1,-1,1,1,1,-1,1,1,-1,0.008902332745492458
1,1,1,1,1,-1,-1,-1,1,-1,-1,1,1,1,1,1,-1,1,0.009352433495223522
1,1,1,1,1,-1,-1,-1,1,-1,1,-1,-1,1,1,-1,1,-1,0.009909676387906075
1,1,1,1,1,-1,-1,-1,1,-1,1,-1,1,-1,1,1,-1,1,0.010079067200422287
1,1,1,1,1,-1,-1,-1,1,-1,1,1,1,-1,1,-1,-1,-1,0.00995510071516037
1,1,1,1,1,-1,-1,-1,1,-1,1,1,1,1,1,1,1,1,0.009379574097692966
1,1,1,1,1,-1,-1,-1,1,1,-1,-1,1,1,1,-1,-1,1,0.009813547134399414
1,1,1,1,1,-1,-1,-1,1,1,-1,-1,1,1,1,1,-1,-1,0.008828969672322273
1,1,1,1,1,-1,-1,-1,1,1,-1,1,-1,-1,-1,-1,1,-1,0.00863987673074007
1,1,1,1,1,-1,-1,-1,1,1,-1,1,-1,-1,1,-1,-1,-1,0.008793425746262074
1,1,1,1,1,-1,-1,-1,1,1,-1,1,-1,1,1,-1,-1,1,0.008877103216946125
1,1,1,1,1,-1,-1,-1,1,1,-1,1,1,-1,1,1,-1,1,0.008796580135822296
1,1,1,1,1,-1,-1,-1,1,1,-1,1,1,1,-1,-1,-1,-1,0.008789489977061749
1,1,1,1,1,-1,-1,-1,1,1,1,1,-1,1,-1,-1,1,1,0.008691481314599514
1,1,1,1,1,-1,-1,-1,1,1,1,1,-1,1,1,-1,1,1,0.008904242888092995
1,1,1,1,1,-1,-1,-1,1,1,1,1,1,1,1,-1,1,1,0.009304809384047985
1,1,1,1,1,-1,-1,1,-1,-1,-1,-1,1,-1,-1,-1,1,1,0.010621409863233566
1,1,1,1,1,-1,-1,1,-1,-1,-1,-1,1,1,1,-1,-1,-1,0.010289287194609642
1,1,1,1,1,-1,-1,1,-1,-1,-1,-1,1,1,1,-1,-1,1,0.010583218187093735
1,1,1,1,1,-1,-1,1,-1,-1,-1,1,-1,1,1,1,-1,-1,0.00865556113421917
1,1,1,1,1,-1,-1,1,-1,-1,-1,1,-1,1,1,1,1,1,0.008990191854536533
1,1,1,1,1,-1,-1,1,-1,-1,-1,1,1,-1,-1,-1,1,-1,0.009797539561986923
1,1,1,1,1,-1,-1,1,-1,-1,-1,1,1,1,1,1,-1,-1,0.009062066674232483
1,1,1,1,1,-1,-1,1,-1,-1,1,-1,1,-1,-1,-1,1,1,0.010598594322800636
1,1,1,1,1,-1,-1,1,-1,-1,1,-1,1,1,-1,1,1,1,0.00970695074647665
1,1,1,1,1,-1,-1,1,-1,-1,1,1,-1,-1,-1,1,1,-1,0.008674254640936852
1,1,1,1,1,-1,-1,1,-1,-1,1,1,-1,1,-1,1,-1,1,0.008713915012776852
1,1,1,1,1,-1,-1,1,-1,-1,1,1,1,-1,-1,-1,1,-1,0.00978991948068142
1,1,1,1,1,-1,-1,1,-1,-1,1,1,1,-1,-1,1,-1,-1,0.00905193854123354
1,1,1,1,1,-1,-1,1,-1,1,-1,-1,-1,-1,-1,1,-1,1,0.00872007291764021
1,1,1,1,1,-1,-1,1,-1,1,-1,-1,1,-1,-1,1,-1,-1,0.008826708421111107
1,1,1,1,1,-1,-1,1,-1,1,-1,-1,1,-1,1,-1,1,1,0.010062125511467457
1,1,1,1,1,-1,-1,1,-1,1,-1,-1,1,1,1,1,-1,-1,0.008832533843815327
1,1,1,1,1,-1,-1,1,-1,1,-1,1,-1,-1,1,1,-1,-1,0.00809045135974884
1,1,1,1,1,-1,-1,1,-1,1,-1,1,-1,1,-1,1,-1,-1,0.0076816692017018795
1,1,1,1,1,-1,-1,1,-1,1,-1,1,-1,1,1,1,1,-1,0.007930850610136986
1,1,1,1,1,-1,-1,1,-1,1,-1,1,1,-1,1,-1,1,-1,0.009238255210220814
1,1,1,1,1,-1,-1,1,-1,1,-1,1,1,1,-1,-1,1,-1,0.00882781483232975
1,1,1,1,1,-1,-1,1,-1,1,1,-1,1,-1,-1,1,-1,-1,0.008807210251688957
1,1,1,1,1,-1,-1,1,-1,1,1,1,-1,-1,-1,1,1,1,0.008202078752219677
1,1,1,1,1,-1,-1,1,-1,1,1,1,-1,1,1,-1,-1,-1,0.008563920855522156
1,1,1,1,1,-1,-1,1,-1,1,1,1,-1,1,1,-1,1,-1,0.008601998910307884
1,1,1,1,1,-1,-1,1,1,-1,-1,1,-1,1,-1,-1,-1,1,0.00949191302061081
1,1,1,1,1,-1,-1,1,1,-1,1,1,1,-1,-1,-1,-1,-1,0.009791925549507141
1,1,1,1,1,-1,-1,1,1,-1,1,1,1,-1,1,-1,1,1,0.010339316911995411
1,1,1,1,1,-1,-1,1,1,1,-1,-1,-1,-1,1,-1,1,-1,0.00942622497677803
1,1,1,1,1,-1,-1,1,1,1,-1,-1,-1,1,1,-1,1,1,0.009500646032392979
1,1,1,1,1,-1,-1,1,1,1,-1,-1,1,-1,1,-1,1,-1,0.009838669560849667
1,1,1,1,1,-1,-1,1,1,1,-1,1,-1,-1,-1,1,1,1,0.008292051032185555
1,1,1,1,1,-1,-1,1,1,1,-1,1,1,1,-1,-1,-1,1,0.009135628119111061
1,1,1,1,1,-1,-1,1,1,1,-1,1,1,1,-1,1,-1,1,0.008441664278507233
1,1,1,1,1,-1,-1,1,1,1,-1,1,1,1,-1,1,1,-1,0.00820100773125887
1,1,1,1,1,-1,-1,1,1,1,-1,1,1,1,1,-1,1,1,0.00938315037637949
1,1,1,1,1,-1,-1,1,1,1,-1,1,1,1,1,1,-1,-1,0.008345300331711769
1,1,1,1,1,-1,-1,1,1,1,1,-1,-1,-1,-1,1,-1,1,0.008752536959946156
1,1,1,1,1,-1,-1,1,1,1,1,-1,1,-1,1,-1,-1,1,0.01005319319665432
1,1,1,1,1,-1,-1,1,1,1,1,-1,1,1,1,-1,-1,1,0.00984031893312931
1,1,1,1,1,-1,-1,1,1,1,1,1,-1,-1,1,-1,-1,-1,0.008832074701786041
1,1,1,1,1,-1,-1,1,1,1,1,1,-1,-1,1,1,1,-1,0.008182127960026264
1,1,1,1,1,-1,-1,1,1,1,1,1,-1,-1,1,1,1,1,0.008463484235107899
1,1,1,1,1,-1,-1,1,1,1,1,1,-1,1,-1,1,1,-1,0.007756491657346487
1,1,1,1,1,-1,1,-1,-1,-1,-1,-1,-1,-1,1,-1,-1,-1,0.010731372982263565
1,1,1,1,1,-1,1,-1,-1,-1,-1,-1,1,-1,-1,1,-1,1,0.010540278628468513
1,1,1,1,1,-1,1,-1,-1,-1,-1,-1,1,1,-1,1,1,1,0.010383298620581627
1,1,1,1,1,-1,1,-1,-1,-1,-1,1,-1,-1,1,-1,-1,1,0.01049466710537672
1,1,1,1,1,-1,1,-1,-1,-1,-1,1,1,-1,-1,1,-1,-1,0.009722347371280193
1,1,1,1,1,-1,1,-1,-1,-1,-1,1,1,-1,1,1,-1,-1,0.009910657070577145
1,1,1,1,1,-1,1,-1,-1,-1,-1,1,1,1,1,-1,1,-1,0.010441701859235764
1,1,1,1,1,-1,1,-1,-1,-1,-1,1,1,1,1,1,-1,1,0.010000272653996944
1,1,1,1,1,-1,1,-1,-1,-1,1,-1,1,-1,1,-1,-1,-1,0.0111302575096488
1,1,1,1,1,-1,1,-1,-1,-1,1,1,1,1,-1,-1,1,1,0.010521190240979195
1,1,1,1,1,-1,1,-1,-1,1,-1,-1,-1,-1,1,-1,1,1,0.01030915230512619
1,1,1,1,1,-1,1,-1,-1,1,-1,-1,-1,1,1,-1,1,1,0.010092959739267826
1,1,1,1,1,-1,1,-1,-1,1,-1,-1,1,1,1,1,-1,-1,0.00948012713342905
1,1,1,1,1,-1,1,-1,-1,1,-1,1,-1,-1,-1,-1,1,1,0.009563133120536804
1,1,1,1,1,-1,1,-1,-1,1,-1,1,-1,-1,1,1,1,1,0.009075991809368134
1,1,1,1,1,-1,1,-1,-1,1,-1,1,-1,1,1,1,-1,-1,0.008534426800906658
1,1,1,1,1,-1,1,-1,-1,1,-1,1,1,-1,1,1,-1,-1,0.009144549258053303
1,1,1,1,1,-1,1,-1,-1,1,-1,1,1,1,1,-1,1,-1,0.0096848513931036
1,1,1,1,1,-1,1,-1,-1,1,1,-1,-1,1,1,-1,-1,-1,0.009738831780850887
1,1,1,1,1,-1,1,-1,-1,1,1,-1,1,-1,-1,-1,1,1,0.010489336214959621
1,1,1,1,1,-1,1,-1,-1,1,1,-1,1,-1,1,-1,-1,1,0.0106428861618042
1,1,1,1,1,-1,1,-1,-1,1,1,1,1,-1,1,1,1,-1,0.009169069118797779
1,1,1,1,1,-1,1,-1,1,-1,-1,-1,-1,-1,-1,-1,1,-1,0.01064829807728529
1,1,1,1,1,-1,1,-1,1,-1,-1,-1,-1,-1,1,-1,-1,-1,0.010798529721796513
1,1,1,1,1,-1,1,-1,1,-1,-1,-1,-1,1,-1,-1,-1,1,0.010682019405066967
1,1,1,1,1,-1,1,-1,1,-1,-1,-1,1,1,-1,1,1,-1,0.010153903625905514
1,1,1,1,1,-1,1,-1,1,-1,-1,-1,1,1,-1,1,1,1,0.010444516316056252
1,1,1,1,1,-1,1,-1,1,-1,-1,1,-1,-1,-1,-1,-1,-1,0.010061767883598804
1,1,1,1,1,-1,1,-1,1,-1,-1,1,-1,1,-1,-1,1,-1,0.009908105246722698
1,1,1,1,1,-1,1,-1,1,-1,-1,1,1,-1,-1,1,1,1,0.010118195787072182
1,1,1,1,1,-1,1,-1,1,-1,1,-1,-1,1,-1,1,-1,-1,0.009680565446615219
1,1,1,1,1,-1,1,-1,1,-1,1,-1,-1,1,-1,1,1,1,0.010005938820540905
1,1,1,1,1,-1,1,-1,1,-1,1,1,-1,-1,1,-1,-1,-1,0.010251713916659355
1,1,1,1,1,-1,1,-1,1,-1,1,1,-1,-1,1,1,1,-1,0.009601767174899578
1,1,1,1,1,-1,1,-1,1,-1,1,1,-1,1,-1,-1,1,-1,0.00987935159355402
1,1,1,1,1,-1,1,-1,1,-1,1,1,1,-1,-1,1,-1,-1,0.009760749526321888
1,1,1,1,1,-1,1,-1,1,-1,1,1,1,-1,-1,1,1,1,0.010095380246639252
1,1,1,1,1,-1,1,-1,1,1,-1,-1,-1,-1,-1,-1,-1,-1,0.009832235053181648
1,1,1,1,1,-1,1,-1,1,1,-1,-1,-1,-1,-1,-1,-1,1,0.010116909630596638
1,1,1,1,1,-1,1,-1,1,1,-1,-1,-1,1,1,1,1,1,0.0094542745500803
1,1,1,1,1,-1,1,-1,1,1,-1,-1,1,1,1,1,-1,1,0.009831958450376987
1,1,1,1,1,-1,1,-1,1,1,-1,1,-1,-1,-1,1,-1,1,0.008895627222955227
1,1,1,1,1,-1,1,-1,1,1,1,-1,-1,-1,-1,1,-1,-1,0.009106199257075787
1,1,1,1,1,-1,1,-1,1,1,1,-1,-1,1,1,1,1,-1,0.009156041778624058
1,1,1,1,1,-1,1,-1,1,1,1,1,1,1,-1,1,-1,1,0.00907238107174635
1,1,1,1,1,-1,1,1,-1,-1,-1,-1,-1,1,-1,1,-1,-1,0.009682493284344673
1,1,1,1,1,-1,1,1,-1,-1,-1,-1,1,-1,-1,-1,-1,-1,0.010995836928486824
1,1,1,1,1,-1,1,1,-1,-1,-1,1,-1,1,1,-1,-1,1,0.010346575640141964
1,1,1,1,1,-1,1,1,-1,-1,-1,1,1,-1,1,-1,-1,-1,0.010675341822206974
1,1,1,1,1,-1,1,1,-1,-1,-1,1,1,-1,1,1,-1,-1,0.009972121566534042
1,1,1,1,1,-1,1,1,-1,-1,1,-1,1,-1,1,-1,1,1,0.01151115633547306
1,1,1,1,1,-1,1,1,-1,-1,1,-1,1,1,1,1,-1,-1,0.010278944857418537
1,1,1,1,1,-1,1,1,-1,-1,1,1,-1,1,-1,1,-1,-1,0.009132360108196735
1,1,1,1,1,-1,1,1,-1,-1,1,1,-1,1,-1,1,-1,1,0.00941703375428915
1,1,1,1,1,-1,1,1,-1,-1,1,1,1,-1,-1,-1,-1,1,0.010732036549597979
1,1,1,1,1,-1,1,1,-1,1,-1,-1,1,1,-1,1,-1,-1,0.009316952899098396
1,1,1,1,1,-1,1,1,-1,1,-1,1,-1,1,-1,1,1,1,0.008727015927433968
1,1,1,1,1,-1,1,1,-1,1,-1,1,1,1,-1,1,-1,-1,0.008798890747129917
1,1,1,1,1,-1,1,1,-1,1,-1,1,1,1,1,1,-1,1,0.009287070482969284
1,1,1,1,1,-1,1,1,-1,1,1,-1,-1,-1,1,1,-1,1,0.009588685818016529
1,1,1,1,1,-1,1,1,-1,1,1,-1,-1,1,-1,1,-1,-1,0.008893570862710476
1,1,1,1,1,-1,1,1,-1,1,1,-1,-1,1,-1,1,1,1,0.00923151895403862
1,1,1,1,1,-1,1,1,-1,1,1,-1,1,1,1,1,-1,-1,0.009497642517089844
1,1,1,1,1,-1,1,1,-1,1,1,1,1,-1,-1,-1,-1,1,0.009967587888240814
1,1,1,1,1,-1,1,1,1,-1,-1,-1,1,1,1,1,-1,1,0.010659530758857727
1,1,1,1,1,-1,1,1,1,-1,-1,1,-1,1,1,1,1,-1,0.009457976557314396
1,1,1,1,1,-1,1,1,1,-1,1,-1,-1,-1,1,1,1,1,0.010481161996722221
1,1,1,1,1,-1,1,1,1,-1,1,-1,-1,1,1,1,-1,-1,0.00992440152913332
1,1,1,1,1,-1,1,1,1,-1,1,-1,1,-1,1,1,1,-1,0.01058185938745737
1,1,1,1,1,-1,1,1,1,1,-1,-1,-1,-1,-1,-1,-1,-1,0.009887760505080223
1,1,1,1,1,-1,1,1,1,1,-1,-1,-1,1,1,-1,-1,-1,0.009875073097646236
1,1,1,1,1,-1,1,1,1,1,-1,-1,1,1,-1,-1,-1,1,0.010362748056650162
1,1,1,1,1,-1,1,1,1,1,-1,1,-1,-1,1,1,1,-1,0.008892866782844067
1,1,1,1,1,-1,1,1,1,1,-1,1,-1,1,-1,-1,1,1,0.009476259350776672
1,1,1,1,1,-1,1,1,1,1,-1,1,1,1,-1,-1,1,-1,0.009588833898305893
1,1,1,1,1,-1,1,1,1,1,1,-1,-1,-1,-1,1,-1,-1,0.009170981124043465
1,1,1,1,1,-1,1,1,1,1,1,-1,-1,-1,1,1,1,1,0.009693920612335205
1,1,1,1,1,-1,1,1,1,1,1,-1,-1,1,-1,1,-1,-1,0.008954789489507675
1,1,1,1,1,-1,1,1,1,1,1,-1,1,1,-1,1,-1,-1,0.009361294098198414
1,1,1,1,1,-1,1,1,1,1,1,1,1,-1,-1,-1,-1,-1,0.009732254780828953
1,1,1,1,1,1,-1,-1,-1,-1,-1,-1,-1,-1,-1,1,-1,-1,0.00930805318057537
1,1,1,1,1,1,-1,-1,-1,-1,-1,-1,1,-1,-1,1,-1,1,0.009989975951611996
1,1,1,1,1,1,-1,-1,-1,-1,-1,1,-1,-1,1,-1,1,1,0.009997638873755932
1,1,1,1,1,1,-1,-1,-1,-1,-1,1,1,-1,-1,1,-1,-1,0.00917536299675703
1,1,1,1,1,1,-1,-1,-1,-1,1,-1,-1,-1,-1,1,-1,-1,0.009270042181015015
1,1,1,1,1,1,-1,-1,-1,-1,1,-1,-1,1,-1,-1,1,1,0.010097639635205269
1,1,1,1,1,1,-1,-1,-1,-1,1,-1,-1,1,-1,1,1,1,0.009412932209670544
1,1,1,1,1,1,-1,-1,-1,-1,1,-1,1,-1,-1,-1,-1,1,0.010667063295841217
1,1,1,1,1,1,-1,-1,-1,-1,1,-1,1,-1,1,-1,1,1,0.010914585553109646
1,1,1,1,1,1,-1,-1,-1,-1,1,1,-1,-1,1,-1,1,1,0.009984079748392105
1,1,1,1,1,1,-1,-1,-1,-1,1,1,-1,1,1,-1,-1,-1,0.009442513808608055
1,1,1,1,1,1,-1,-1,-1,-1,1,1,1,-1,-1,-1,1,-1,0.009881271980702877
1,1,1,1,1,1,-1,-1,-1,1,-1,-1,-1,-1,-1,-1,1,1,0.009564600884914398
1,1,1,1,1,1,-1,-1,-1,1,-1,1,1,1,-1,1,1,-1,0.008237079717218876
1,1,1,1,1,1,-1,-1,-1,1,1,-1,1,-1,1,-1,1,1,0.010136600583791733
1,1,1,1,1,1,-1,-1,-1,1,1,1,-1,-1,1,-1,1,1,0.009212033823132515
1,1,1,1,1,1,-1,-1,-1,1,1,1,1,-1,-1,-1,-1,-1,0.009074465371668339
1,1,1,1,1,1,-1,-1,1,-1,-1,-1,-1,1,-1,-1,-1,1,0.010140974074602127
1,1,1,1,1,1,-1,-1,1,-1,-1,-1,1,1,1,-1,-1,1,0.010756922885775566
1,1,1,1,1,1,-1,-1,1,-1,-1,1,-1,1,-1,-1,1,-1,0.009351864457130432
1,1,1,1,1,1,-1,-1,1,-1,-1,1,-1,1,-1,1,1,-1,0.008663838729262352
1,1,1,1,1,1,-1,-1,1,-1,-1,1,-1,1,1,-1,-1,1,0.0098112216219306
1,1,1,1,1,1,-1,-1,1,-1,-1,1,1,-1,-1,-1,1,-1,0.009974561631679535
1,1,1,1,1,1,-1,-1,1,-1,-1,1,1,-1,-1,1,1,1,0.009561954066157341
1,1,1,1,1,1,-1,-1,1,-1,-1,1,1,-1,1,-1,-1,1,0.010430601425468922
1,1,1,1,1,1,-1,-1,1,-1,-1,1,1,1,-1,1,1,1,0.009355018846690655
1,1,1,1,1,1,-1,-1,1,-1,1,-1,-1,1,1,-1,-1,-1,0.010021793656051159
1,1,1,1,1,1,-1,-1,1,-1,1,1,-1,1,-1,-1,1,-1,0.009334987960755825
1,1,1,1,1,1,-1,-1,1,-1,1,1,1,1,-1,-1,-1,-1,0.009697475470602512
1,1,1,1,1,1,-1,-1,1,1,-1,-1,1,1,-1,1,1,-1,0.008825615979731083
1,1,1,1,1,1,-1,-1,1,1,-1,1,-1,1,-1,-1,1,-1,0.008589074946939945
1,1,1,1,1,1,-1,-1,1,1,1,-1,-1,1,-1,1,-1,1,0.008648830465972424
1,1,1,1,1,1,-1,-1,1,1,1,-1,-1,1,-1,1,1,1,0.008702103979885578
1,1,1,1,1,1,-1,-1,1,1,1,-1,-1,1,1,-1,-1,1,0.009549617767333984
1,1,1,1,1,1,-1,-1,1,1,1,-1,1,-1,-1,-1,-1,-1,0.009668940678238869
1,1,1,1,1,1,-1,-1,1,1,1,-1,1,-1,-1,1,1,1,0.009306288324296474
1,1,1,1,1,1,-1,-1,1,1,1,-1,1,-1,1,-1,1,-1,0.009913144633173943
1,1,1,1,1,1,-1,-1,1,1,1,-1,1,1,-1,1,1,1,0.009099352173507214
1,1,1,1,1,1,-1,-1,1,1,1,-1,1,1,1,1,-1,-1,0.008962289430201054
1,1,1,1,1,1,-1,-1,1,1,1,1,1,-1,-1,-1,1,1,0.009476251900196075
1,1,1,1,1,1,-1,-1,1,1,1,1,1,-1,1,1,-1,1,0.00893583707511425
1,1,1,1,1,1,-1,-1,1,1,1,1,1,-1,1,1,1,1,0.008979854173958302
1,1,1,1,1,1,-1,-1,1,1,1,1,1,1,1,1,-1,-1,0.008434970863163471
1,1,1,1,1,1,-1,1,-1,-1,-1,-1,-1,-1,-1,1,1,-1,0.009401656687259674
1,1,1,1,1,1,-1,1,-1,-1,-1,-1,1,1,-1,-1,-1,-1,0.010257111862301826
1,1,1,1,1,1,-1,1,-1,-1,-1,1,1,-1,1,-1,-1,1,0.010415652766823769
1,1,1,1,1,1,-1,1,-1,-1,1,-1,-1,1,-1,1,1,-1,0.009162649512290955
1,1,1,1,1,1,-1,1,-1,-1,1,1,-1,-1,1,-1,1,1,0.010033667087554932
1,1,1,1,1,1,-1,1,-1,1,-1,-1,1,-1,-1,-1,-1,-1,0.009676806628704071
1,1,1,1,1,1,-1,1,-1,1,-1,-1,1,1,-1,-1,1,-1,0.009523143991827965
1,1,1,1,1,1,-1,1,-1,1,-1,-1,1,1,1,-1,1,1,0.010023200884461403
1,1,1,1,1,1,-1,1,-1,1,-1,1,-1,1,-1,1,1,1,0.008185969665646553
1,1,1,1,1,1,-1,1,-1,1,-1,1,1,1,-1,-1,-1,-1,0.00893661379814148
1,1,1,1,1,1,-1,1,-1,1,-1,1,1,1,-1,1,1,1,0.008592475205659866
1,1,1,1,1,1,-1,1,-1,1,-1,1,1,1,1,1,-1,1,0.00874270685017109
1,1,1,1,1,1,-1,1,-1,1,1,-1,-1,-1,1,1,1,1,0.009106852114200592
1,1,1,1,1,1,-1,1,-1,1,1,-1,-1,1,1,-1,1,1,0.009593880735337734
1,1,1,1,1,1,-1,1,-1,1,1,-1,1,-1,-1,1,-1,1,0.009259896352887154
1,1,1,1,1,1,-1,1,1,-1,-1,1,-1,-1,-1,-1,-1,-1,0.009585504420101643
1,1,1,1,1,1,-1,1,1,-1,-1,1,-1,-1,1,1,1,1,0.009423736482858658
1,1,1,1,1,1,-1,1,1,-1,-1,1,-1,1,-1,-1,-1,-1,0.009372629225254059
1,1,1,1,1,1,-1,1,1,-1,-1,1,-1,1,-1,1,1,1,0.009019234217703342
1,1,1,1,1,1,-1,1,1,-1,-1,1,-1,1,1,-1,1,-1,0.009616834111511707
1,1,1,1,1,1,-1,1,1,-1,-1,1,1,-1,1,-1,1,-1,0.010233592242002487
1,1,1,1,1,1,-1,1,1,-1,1,-1,-1,-1,1,-1,-1,-1,0.01029945071786642
1,1,1,1,1,1,-1,1,1,-1,1,1,-1,1,-1,1,1,1,0.00898716226220131
1,1,1,1,1,1,-1,1,1,-1,1,1,1,-1,1,-1,1,-1,0.01021671574562788
1,1,1,1,1,1,-1,1,1,-1,1,1,1,1,-1,1,1,1,0.009398296009749174
1,1,1,1,1,1,-1,1,1,1,-1,-1,-1,1,1,-1,-1,-1,0.0093432841822505
1,1,1,1,1,1,-1,1,1,1,-1,-1,1,-1,-1,-1,-1,1,0.010034576058387756
1,1,1,1,1,1,-1,1,1,1,1,-1,1,-1,-1,-1,1,-1,0.009759226813912392
1,1,1,1,1,1,-1,1,1,1,1,-1,1,-1,-1,1,-1,1,0.009321114979684353
1,1,1,1,1,1,-1,1,1,1,1,-1,1,1,-1,1,-1,1,0.009114178828895092
1,1,1,1,1,1,-1,1,1,1,1,-1,1,1,1,-1,1,-1,0.009770991280674934
1,1,1,1,1,1,-1,1,1,1,1,1,-1,-1,-1,-1,1,-1,0.008828721009194851
1,1,1,1,1,1,-1,1,1,1,1,1,-1,1,-1,-1,1,-1,0.00862178485840559
1,1,1,1,1,1,1,-1,-1,-1,-1,-1,-1,-1,-1,-1,-1,-1,0.010705135762691498
1,1,1,1,1,1,1,-1,-1,-1,-1,-1,-1,-1,1,-1,1,-1,0.010943401604890823
1,1,1,1,1,1,1,-1,-1,-1,-1,-1,1,1,-1,-1,-1,1,0.01118937972933054
1,1,1,1,1,1,1,-1,-1,-1,-1,1,-1,-1,-1,1,1,-1,0.00952193234115839
1,1,1,1,1,1,1,-1,-1,-1,-1,1,1,1,1,-1,1,1,0.010909583419561386
1,1,1,1,1,1,1,-1,-1,-1,-1,1,1,1,1,1,-1,-1,0.00987173244357109
1,1,1,1,1,1,1,-1,-1,-1,1,-1,-1,1,-1,-1,1,1,0.01081001479178667
1,1,1,1,1,1,1,-1,-1,-1,1,-1,-1,1,1,1,1,-1,0.010023004375398159
1,1,1,1,1,1,1,-1,-1,-1,1,-1,1,1,-1,-1,-1,-1,0.010866694152355194
1,1,1,1,1,1,1,-1,-1,1,-1,-1,-1,-1,-1,1,-1,1,0.00951454322785139
1,1,1,1,1,1,1,-1,-1,1,-1,-1,1,-1,-1,-1,-1,-1,0.010333656333386898
1,1,1,1,1,1,1,-1,-1,1,-1,-1,1,-1,-1,1,-1,1,0.009926986880600452
1,1,1,1,1,1,1,-1,-1,1,-1,1,-1,1,1,1,-1,1,0.008993051014840603
1,1,1,1,1,1,1,-1,-1,1,-1,1,1,-1,-1,1,-1,-1,0.009097178466618061
1,1,1,1,1,1,1,-1,-1,1,1,-1,-1,1,-1,-1,1,-1,0.009747355245053768
1,1,1,1,1,1,1,-1,-1,1,1,-1,-1,1,-1,1,-1,-1,0.008994179777801037
1,1,1,1,1,1,1,-1,-1,1,1,-1,1,-1,1,-1,1,1,0.010839719325304031
1,1,1,1,1,1,1,-1,-1,1,1,1,1,1,1,1,-1,1,0.009370801970362663
1,1,1,1,1,1,1,-1,1,-1,-1,-1,-1,-1,-1,-1,1,1,0.011100984178483486
1,1,1,1,1,1,1,-1,1,-1,-1,-1,1,1,1,1,-1,-1,0.010475464165210724
1,1,1,1,1,1,1,-1,1,-1,-1,1,1,-1,1,-1,-1,-1,0.01083716843277216
1,1,1,1,1,1,1,-1,1,-1,1,-1,-1,-1,-1,-1,-1,-1,0.010737599804997444
1,1,1,1,1,1,1,-1,1,-1,1,-1,-1,-1,-1,-1,1,-1,0.010787555947899818
1,1,1,1,1,1,1,-1,1,-1,1,-1,-1,-1,1,1,1,-1,0.01028783991932869
1,1,1,1,1,1,1,-1,1,-1,1,-1,1,1,1,-1,-1,-1,0.01113141793757677
1,1,1,1,1,1,1,-1,1,-1,1,1,-1,-1,-1,-1,1,-1,0.010248360224068165
1,1,1,1,1,1,1,-1,1,1,-1,-1,1,-1,-1,1,1,-1,0.009741609916090965
1,1,1,1,1,1,1,-1,1,1,-1,1,1,1,1,-1,-1,1,0.010139543563127518
1,1,1,1,1,1,1,-1,1,1,1,-1,-1,-1,1,1,1,-1,0.009525050409138203
1,1,1,1,1,1,1,-1,1,1,1,-1,1,1,1,-1,1,-1,0.010403389111161232
1,1,1,1,1,1,1,1,-1,-1,-1,-1,-1,-1,1,1,-1,1,0.010551558807492256
1,1,1,1,1,1,1,1,-1,-1,-1,-1,1,-1,1,-1,1,-1,0.011405432596802711
1,1,1,1,1,1,1,1,-1,-1,-1,-1,1,-1,1,1,1,-1,0.010714786127209663
1,1,1,1,1,1,1,1,-1,-1,-1,1,-1,-1,-1,-1,-1,-1,0.010227404534816742
1,1,1,1,1,1,1,1,-1,-1,1,-1,-1,-1,1,-1,1,-1,0.010979429818689823
1,1,1,1,1,1,1,1,-1,-1,1,-1,-1,-1,1,-1,1,1,0.011270042508840561
1,1,1,1,1,1,1,1,-1,-1,1,-1,-1,1,-1,1,1,-1,0.009865768253803253
1,1,1,1,1,1,1,1,-1,-1,1,-1,-1,1,1,-1,-1,-1,0.01072515919804573
1,1,1,1,1,1,1,1,-1,-1,1,-1,1,-1,-1,1,1,1,0.010775760747492313
1,1,1,1,1,1,1,1,-1,1,-1,-1,1,-1,-1,-1,-1,1,0.01067979447543621
1,1,1,1,1,1,1,1,-1,1,-1,1,1,1,1,1,-1,1,0.009439886547625065
1,1,1,1,1,1,1,1,-1,1,1,-1,-1,-1,1,-1,-1,-1,0.010158738121390343
1,1,1,1,1,1,1,1,-1,1,1,-1,-1,-1,1,-1,1,1,0.010503934696316719
1,1,1,1,1,1,1,1,-1,1,1,-1,1,-1,1,1,1,-1,0.00991066824644804
1,1,1,1,1,1,1,1,-1,1,1,1,-1,1,-1,-1,1,1,0.009545042179524899
1,1,1,1,1,1,1,1,-1,1,1,1,-1,1,-1,1,1,1,0.008866273798048496
1,1,1,1,1,1,1,1,-1,1,1,1,-1,1,1,1,1,1,0.009054583497345448
1,1,1,1,1,1,1,1,1,-1,-1,-1,-1,-1,1,1,1,-1,0.010375438258051872
1,1,1,1,1,1,1,1,1,-1,-1,-1,-1,1,-1,-1,1,-1,0.010658960789442062
1,1,1,1,1,1,1,1,1,-1,-1,-1,1,-1,-1,-1,-1,1,0.011518998071551323
1,1,1,1,1,1,1,1,1,-1,-1,-1,1,1,-1,-1,-1,1,0.011302805505692959
1,1,1,1,1,1,1,1,1,-1,-1,1,-1,1,-1,-1,1,1,0.010401121340692043
1,1,1,1,1,1,1,1,1,-1,-1,1,1,-1,-1,-1,-1,-1,0.010679932311177254
1,1,1,1,1,1,1,1,1,-1,-1,1,1,1,1,1,-1,-1,0.009982537478208542
1,1,1,1,1,1,1,1,1,-1,1,-1,-1,-1,-1,1,1,1,0.010439730249345303
1,1,1,1,1,1,1,1,1,-1,1,-1,-1,-1,1,-1,1,-1,0.01104658655822277
1,1,1,1,1,1,1,1,1,-1,1,-1,-1,1,1,-1,-1,-1,0.01078969519585371
1,1,1,1,1,1,1,1,1,-1,1,-1,-1,1,1,1,1,-1,0.010145686566829681
1,1,1,1,1,1,1,1,1,-1,1,-1,1,-1,1,1,1,-1,0.010753189213573933
1,1,1,1,1,1,1,1,1,1,-1,-1,1,-1,-1,1,-1,-1,0.009756436571478844
1,1,1,1,1,1,1,1,1,1,-1,-1,1,1,-1,1,-1,-1,0.009555439464747906
1,1,1,1,1,1,1,1,1,1,-1,1,1,-1,-1,-1,1,1,0.010257711634039879
1,1,1,1,1,1,1,1,1,1,-1,1,1,1,-1,1,-1,1,0.009303538128733635
1,1,1,1,1,1,1,1,1,1,-1,1,1,1,1,1,1,-1,0.00926970411092043
1,1,1,1,1,1,1,1,1,1,-1,1,1,1,1,1,1,1,0.009554378688335419
1,1,1,1,1,1,1,1,1,1,1,-1,-1,-1,1,-1,-1,-1,0.010222925804555416
1,1,1,1,1,1,1,1,1,1,1,-1,-1,1,1,1,1,1,0.009654996916651726
1,1,1,1,1,1,1,1,1,1,1,-1,1,-1,-1,-1,-1,1,0.01071819756180048
