0,1,3,7,10,13,14,15,16,17,19,activation
-1,-1,-1,-1,-1,-1,-1,-1,-1,-1,-1,0.00953976484015584
-1,-1,-1,-1,-1,-1,-1,-1,-1,-1,1,0.00988008975982666
-1,-1,-1,-1,-1,-1,-1,-1,-1,1,-1,0.008853387708465258
-1,-1,-1,-1,-1,-1,-1,-1,-1,1,1,0.009160434128716588
-1,-1,-1,-1,-1,-1,-1,-1,1,-1,-1,0.00984480232000351
-1,-1,-1,-1,-1,-1,-1,-1,1,-1,1,0.01018582545220852
-1,-1,-1,-1,-1,-1,-1,-1,1,1,-1,0.009053568976620833
-1,-1,-1,-1,-1,-1,-1,-1,1,1,1,0.009406908182427287
-1,-1,-1,-1,-1,-1,-1,1,-1,-1,-1,0.009268692694604397
-1,-1,-1,-1,-1,-1,-1,1,-1,-1,1,0.009793675504624844
-1,-1,-1,-1,-1,-1,-1,1,-1,1,-1,0.008690989576280117
-1,-1,-1,-1,-1,-1,-1,1,-1,1,1,0.008729867869988084
-1,-1,-1,-1,-1,-1,-1,1,1,-1,-1,0.00958027399610728
-1,-1,-1,-1,-1,-1,-1,1,1,-1,1,0.00983687707533439
-1,-1,-1,-1,-1,-1,-1,1,1,1,-1,0.008930000010877848
-1,-1,-1,-1,-1,-1,-1,1,1,1,1,0.0090686846524477
-1,-1,-1,-1,-1,-1,1,-1,-1,-1,1,0.010366413476211684
-1,-1,-1,-1,-1,-1,1,-1,-1,1,-1,0.009207348804920912
-1,-1,-1,-1,-1,-1,1,-1,-1,1,1,0.009704525023698807
-1,-1,-1,-1,-1,-1,1,-1,1,-1,-1,0.010221824049949646
-1,-1,-1,-1,-1,-1,1,-1,1,-1,1,0.010555128566920757
-1,-1,-1,-1,-1,-1,1,-1,1,1,-1,0.009493021294474602
-1,-1,-1,-1,-1,-1,1,-1,1,1,1,0.009805403649806976
-1,-1,-1,-1,-1,-1,1,1,-1,-1,-1,0.009609933476895094
-1,-1,-1,-1,-1,-1,1,1,-1,-1,1,0.010128438472747803
-1,-1,-1,-1,-1,-1,1,1,-1,1,-1,0.009036194533109665
-1,-1,-1,-1,-1,-1,1,1,-1,1,1,0.009422662667930126
-1,-1,-1,-1,-1,-1,1,1,1,-1,-1,0.010025443392805755
-1,-1,-1,-1,-1,-1,1,1,1,-1,1,0.01031868290156126
-1,-1,-1,-1,-1,-1,1,1,1,1,-1,0.009340938491125902
-1,-1,-1,-1,-1,-1,1,1,1,1,1,0.009588725864887238
-1,-1,-1,-1,-1,1,-1,-1,-1,-1,-1,0.009067497029900552
-1,-1,-1,-1,-1,1,-1,-1,-1,-1,1,0.009424637537449598
-1,-1,-1,-1,-1,1,-1,-1,-1,1,-1,0.0082921227440238
-1,-1,-1,-1,-1,1,-1,-1,-1,1,1,0.008676211349666119
-1,-1,-1,-1,-1,1,-1,-1,1,-1,-1,0.009306833148002625
-1,-1,-1,-1,-1,1,-1,-1,1,-1,1,0.009444855898618699
-1,-1,-1,-1,-1,1,-1,-1,1,1,-1,0.008483635572095713
-1,-1,-1,-1,-1,1,-1,-1,1,1,1,0.008858652386282171
-1,-1,-1,-1,-1,1,-1,1,-1,-1,-1,0.008861849084496498
-1,-1,-1,-1,-1,1,-1,1,-1,-1,1,0.00899081164970994
-1,-1,-1,-1,-1,1,-1,1,-1,1,-1,0.008153628185391426
-1,-1,-1,-1,-1,1,-1,1,-1,1,1,0.00826871208846569
-1,-1,-1,-1,-1,1,-1,1,1,-1,-1,0.009037881717085838
-1,-1,-1,-1,-1,1,-1,1,1,-1,1,0.0093762588554195
-1,-1,-1,-1,-1,1,-1,1,1,1,-1,0.008369994815438986
-1,-1,-1,-1,-1,1,-1,1,1,1,1,0.008598484564572573
-1,-1,-1,-1,-1,1,1,-1,-1,-1,-1,0.009479467136164507
-1,-1,-1,-1,-1,1,1,-1,-1,-1,1,0.009788831230252981
-1,-1,-1,-1,-1,1,1,-1,-1,1,-1,0.00864821703483661
-1,-1,-1,-1,-1,1,1,-1,-1,1,1,0.009261662326753139
-1,-1,-1,-1,-1,1,1,-1,1,-1,-1,0.009757114574313164
-1,-1,-1,-1,-1,1,1,-1,1,-1,1,0.00992373488843441
-1,-1,-1,-1,-1,1,1,-1,1,1,-1,0.008968221821955271
-1,-1,-1,-1,-1,1,1,-1,1,1,1,0.0092332980462483
-1,-1,-1,-1,-1,1,1,1,-1,-1,-1,0.009224619716405869
-1,-1,-1,-1,-1,1,1,1,-1,-1,1,0.009483669470581744
-1,-1,-1,-1,-1,1,1,1,-1,1,-1,0.008494975161738694
-1,-1,-1,-1,-1,1,1,1,-1,1,1,0.008802518248558044
-1,-1,-1,-1,-1,1,1,1,1,-1,-1,0.009409632223347822
-1,-1,-1,-1,-1,1,1,1,1,-1,1,0.009707939811050892
-1,-1,-1,-1,-1,1,1,1,1,1,-1,0.008646841160953045
-1,-1,-1,-1,-1,1,1,1,1,1,1,0.009045464918017387
-1,-1,-1,-1,1,-1,-1,-1,-1,-1,-1,0.008840884547680616
-1,-1,-1,-1,1,-1,-1,-1,-1,-1,1,0.009093164000660181
-1,-1,-1,-1,1,-1,-1,-1,-1,1,-1,0.00806106502811114
-1,-1,-1,-1,1,-1,-1,-1,-1,1,1,0.008324306458234787
-1,-1,-1,-1,1,-1,-1,-1,1,-1,-1,0.009019089676439763
-1,-1,-1,-1,1,-1,-1,-1,1,-1,1,0.009318138100206852
-1,-1,-1,-1,1,-1,-1,-1,1,1,-1,0.008295989284912745
-1,-1,-1,-1,1,-1,-1,-1,1,1,1,0.008498890558257699
-1,-1,-1,-1,1,-1,-1,1,-1,-1,-1,0.008708389243111014
-1,-1,-1,-1,1,-1,-1,1,-1,-1,1,0.008903250563889742
-1,-1,-1,-1,1,-1,-1,1,-1,1,-1,0.007890112956778871
-1,-1,-1,-1,1,-1,-1,1,-1,1,1,0.008096448332071304
-1,-1,-1,-1,1,-1,-1,1,1,-1,-1,0.008715205825865269
-1,-1,-1,-1,1,-1,-1,1,1,-1,1,0.009115648117255081
-1,-1,-1,-1,1,-1,-1,1,1,1,-1,0.008150683948770165
-1,-1,-1,-1,1,-1,-1,1,1,1,1,0.008507337886840105
-1,-1,-1,-1,1,-1,1,-1,-1,-1,-1,0.009165335136155287
-1,-1,-1,-1,1,-1,1,-1,-1,-1,1,0.0095600426197052
-1,-1,-1,-1,1,-1,1,-1,-1,1,-1,0.008538379333913326
-1,-1,-1,-1,1,-1,1,-1,-1,1,1,0.008711257018148899
-1,-1,-1,-1,1,-1,1,-1,1,-1,-1,0.009454166982322931
-1,-1,-1,-1,1,-1,1,-1,1,-1,1,0.009786033692459265
-1,-1,-1,-1,1,-1,1,-1,1,1,-1,0.008679729886353016
-1,-1,-1,-1,1,-1,1,-1,1,1,1,0.009018916403874755
-1,-1,-1,-1,1,-1,1,1,-1,-1,-1,0.009042256777840001
-1,-1,-1,-1,1,-1,1,1,-1,-1,1,0.009298537205904723
-1,-1,-1,-1,1,-1,1,1,-1,1,-1,0.008216998539865017
-1,-1,-1,-1,1,-1,1,1,-1,1,1,0.008587047830224038
-1,-1,-1,-1,1,-1,1,1,1,-1,-1,0.009083086624741554
-1,-1,-1,-1,1,-1,1,1,1,-1,1,0.009448723867535591
-1,-1,-1,-1,1,-1,1,1,1,1,-1,0.008494528631369272
-1,-1,-1,-1,1,-1,1,1,1,1,1,0.008797222482306617
-1,-1,-1,-1,1,1,-1,-1,-1,-1,-1,0.008302092685231141
-1,-1,-1,-1,1,1,-1,-1,-1,-1,1,0.008639577776193619
-1,-1,-1,-1,1,1,-1,-1,-1,1,-1,0.007686415454372764
-1,-1,-1,-1,1,1,-1,-1,-1,1,1,0.007782256812788546
-1,-1,-1,-1,1,1,-1,-1,1,-1,-1,0.008352689445018768
-1,-1,-1,-1,1,1,-1,-1,1,-1,1,0.008799472637474538
-1,-1,-1,-1,1,1,-1,-1,1,1,-1,0.007698596827685833
-1,-1,-1,-1,1,1,-1,-1,1,1,1,0.008166488725692034
-1,-1,-1,-1,1,1,-1,1,-1,-1,-1,0.008054641541093588
-1,-1,-1,-1,1,1,-1,1,-1,-1,1,0.008343426743522286
-1,-1,-1,-1,1,1,-1,1,-1,1,-1,0.007436663378030062
-1,-1,-1,-1,1,1,-1,1,-1,1,1,0.007555352191307715
-1,-1,-1,-1,1,1,-1,1,1,-1,-1,0.008193226903676987
-1,-1,-1,-1,1,1,-1,1,1,-1,1,0.008431340412547192
-1,-1,-1,-1,1,1,-1,1,1,1,-1,0.007594999805506732
-1,-1,-1,-1,1,1,-1,1,1,1,1,0.007802347536198795
-1,-1,-1,-1,1,1,1,-1,-1,-1,-1,0.00867364532314241
-1,-1,-1,-1,1,1,1,-1,-1,-1,1,0.00902330627044042
-1,-1,-1,-1,1,1,1,-1,-1,1,-1,0.008042112924158573
-1,-1,-1,-1,1,1,1,-1,-1,1,1,0.008267542580142617
-1,-1,-1,-1,1,1,1,-1,1,-1,-1,0.008923803456127644
-1,-1,-1,-1,1,1,1,-1,1,-1,1,0.009174231750269731
-1,-1,-1,-1,1,1,1,-1,1,1,-1,0.008155961520969868
-1,-1,-1,-1,1,1,1,-1,1,1,1,0.008411376271396875
-1,-1,-1,-1,1,1,1,1,-1,-1,-1,0.008548967074602842
-1,-1,-1,-1,1,1,1,1,-1,-1,1,0.008759881990651289
-1,-1,-1,-1,1,1,1,1,-1,1,-1,0.007772685161658696
-1,-1,-1,-1,1,1,1,1,-1,1,1,0.008170076778956823
-1,-1,-1,-1,1,1,1,1,1,-1,-1,0.008656218647956848
-1,-1,-1,-1,1,1,1,1,1,-1,1,0.008878054407735666
-1,-1,-1,-1,1,1,1,1,1,1,-1,0.008017631247639656
-1,-1,-1,-1,1,1,1,1,1,1,1,0.008222652288774649
-1,-1,-1,1,-1,-1,-1,-1,-1,-1,-1,0.010244169272482395
-1,-1,-1,1,-1,-1,-1,-1,-1,-1,1,0.010685534682124853
-1,-1,-1,1,-1,-1,-1,-1,-1,1,-1,0.009522494859993458
-1,-1,-1,1,-1,-1,-1,-1,-1,1,1,0.009960283990949392
-1,-1,-1,1,-1,-1,-1,-1,1,-1,-1,0.01050502092887958
-1,-1,-1,1,-1,-1,-1,-1,1,-1,1,0.010854447726160288
-1,-1,-1,1,-1,-1,-1,-1,1,1,-1,0.009852898151924213
-1,-1,-1,1,-1,-1,-1,-1,1,1,1,0.010152186422298351
-1,-1,-1,1,-1,-1,-1,1,-1,-1,-1,0.010073442167292038
-1,-1,-1,1,-1,-1,-1,1,-1,-1,1,0.010292760406931242
-1,-1,-1,1,-1,-1,-1,1,-1,1,-1,0.009335034899413586
-1,-1,-1,1,-1,-1,-1,1,-1,1,1,0.009706028737127781
-1,-1,-1,1,-1,-1,-1,1,1,-1,-1,0.010400157235562802
-1,-1,-1,1,-1,-1,-1,1,1,-1,1,0.01055819122120738
-1,-1,-1,1,-1,-1,-1,1,1,1,-1,0.009543559700250625
-1,-1,-1,1,-1,-1,-1,1,1,1,1,0.009860578458756208
-1,-1,-1,1,-1,-1,1,-1,-1,-1,-1,0.010793806829800209
-1,-1,-1,1,-1,-1,1,-1,-1,-1,1,0.010961519864698252
-1,-1,-1,1,-1,-1,1,-1,-1,1,-1,0.01002278144005686
-1,-1,-1,1,-1,-1,1,-1,-1,1,1,0.010317960055544972
-1,-1,-1,1,-1,-1,1,-1,1,-1,-1,0.010972371557727456
-1,-1,-1,1,-1,-1,1,-1,1,-1,1,0.011078253388404846
-1,-1,-1,1,-1,-1,1,-1,1,1,-1,0.010250164102762938
-1,-1,-1,1,-1,-1,1,-1,1,1,1,0.01062263703594605
-1,-1,-1,1,-1,-1,1,1,-1,-1,-1,0.010423737888534864
-1,-1,-1,1,-1,-1,1,1,-1,-1,1,0.010709781406654252
-1,-1,-1,1,-1,-1,1,1,-1,1,-1,0.009801340444634358
-1,-1,-1,1,-1,-1,1,1,-1,1,1,0.010127877949603967
-1,-1,-1,1,-1,-1,1,1,1,-1,-1,0.010632249061018229
-1,-1,-1,1,-1,-1,1,1,1,-1,1,0.010957530544449886
-1,-1,-1,1,-1,-1,1,1,1,1,-1,0.010034338687546551
-1,-1,-1,1,-1,-1,1,1,1,1,1,0.010214324574917555
-1,-1,-1,1,-1,1,-1,-1,-1,-1,-1,0.009760223096236587
-1,-1,-1,1,-1,1,-1,-1,-1,-1,1,0.00996310766786337
-1,-1,-1,1,-1,1,-1,-1,-1,1,-1,0.009196375496685505
-1,-1,-1,1,-1,1,-1,-1,-1,1,1,0.009293747367337346
-1,-1,-1,1,-1,1,-1,-1,1,-1,-1,0.010050764540210366
-1,-1,-1,1,-1,1,-1,-1,1,-1,1,0.010291139013133943
-1,-1,-1,1,-1,1,-1,-1,1,1,-1,0.00926999095827341
-1,-1,-1,1,-1,1,-1,-1,1,1,1,0.00941089540719986
-1,-1,-1,1,-1,1,-1,1,-1,-1,-1,0.00957151111215353
-1,-1,-1,1,-1,1,-1,1,-1,-1,1,0.009854746258093251
-1,-1,-1,1,-1,1,-1,1,-1,1,-1,0.008859873749315739
-1,-1,-1,1,-1,1,-1,1,-1,1,1,0.009072525426745415
-1,-1,-1,1,-1,1,-1,1,1,-1,-1,0.009792536097977842
-1,-1,-1,1,-1,1,-1,1,1,-1,1,0.010141942650079727
-1,-1,-1,1,-1,1,-1,1,1,1,-1,0.008996486929910523
-1,-1,-1,1,-1,1,-1,1,1,1,1,0.009281893260776997
-1,-1,-1,1,-1,1,1,-1,-1,-1,-1,0.01014675130136311
-1,-1,-1,1,-1,1,1,-1,-1,-1,1,0.01051744818687439
-1,-1,-1,1,-1,1,1,-1,-1,1,-1,0.009501620195806026
-1,-1,-1,1,-1,1,1,-1,-1,1,1,0.009672936517745256
-1,-1,-1,1,-1,1,1,-1,1,-1,-1,0.010283813113346696
-1,-1,-1,1,-1,1,1,-1,1,-1,1,0.010726685790965954
-1,-1,-1,1,-1,1,1,-1,1,1,-1,0.009691255477567514
-1,-1,-1,1,-1,1,1,-1,1,1,1,0.010125880129635334
-1,-1,-1,1,-1,1,1,1,-1,-1,-1,0.010090349242091179
-1,-1,-1,1,-1,1,1,1,-1,-1,1,0.010245301760733128
-1,-1,-1,1,-1,1,1,1,-1,1,-1,0.009311147592961788
-1,-1,-1,1,-1,1,1,1,-1,1,1,0.009605768136680126
-1,-1,-1,1,-1,1,1,1,1,-1,-1,0.010134074526528517
-1,-1,-1,1,-1,1,1,1,1,-1,1,0.010488567873835564
-1,-1,-1,1,-1,1,1,1,1,1,-1,0.00945464288815856
-1,-1,-1,1,-1,1,1,1,1,1,1,0.00975251174531877
-1,-1,-1,1,1,-1,-1,-1,-1,-1,-1,0.00950387236662209
-1,-1,-1,1,1,-1,-1,-1,-1,-1,1,0.00973991844803095
-1,-1,-1,1,1,-1,-1,-1,-1,1,-1,0.00884763350976365
-1,-1,-1,1,1,-1,-1,-1,-1,1,1,0.009139814569304386
-1,-1,-1,1,1,-1,-1,-1,1,-1,-1,0.009648374437044064
-1,-1,-1,1,1,-1,-1,-1,1,-1,1,0.009874241737027964
-1,-1,-1,1,1,-1,-1,-1,1,1,-1,0.00899793766438961
-1,-1,-1,1,1,-1,-1,-1,1,1,1,0.009281451710396342
-1,-1,-1,1,1,-1,-1,1,-1,-1,-1,0.0093855164013803
-1,-1,-1,1,1,-1,-1,1,-1,-1,1,0.009640945742527643
-1,-1,-1,1,1,-1,-1,1,-1,1,-1,0.008582472801208496
-1,-1,-1,1,1,-1,-1,1,-1,1,1,0.008855674415826797
-1,-1,-1,1,1,-1,-1,1,1,-1,-1,0.009593984810635448
-1,-1,-1,1,1,-1,-1,1,1,-1,1,0.009734362829476595
-1,-1,-1,1,1,-1,-1,1,1,1,-1,0.008833333291113377
-1,-1,-1,1,1,-1,-1,1,1,1,1,0.009028084226883948
-1,-1,-1,1,1,-1,1,-1,-1,-1,-1,0.009957578033208847
-1,-1,-1,1,1,-1,1,-1,-1,-1,1,0.010200712271034718
-1,-1,-1,1,1,-1,1,-1,-1,1,-1,0.009178340435028076
-1,-1,-1,1,1,-1,1,-1,-1,1,1,0.009582492833336195
-1,-1,-1,1,1,-1,1,-1,1,-1,-1,0.010085636517032981
-1,-1,-1,1,1,-1,1,-1,1,-1,1,0.010366196226742532
-1,-1,-1,1,1,-1,1,-1,1,1,-1,0.009460318135097623
-1,-1,-1,1,1,-1,1,-1,1,1,1,0.009648735479762157
-1,-1,-1,1,1,-1,1,1,-1,-1,-1,0.009756434864054123
-1,-1,-1,1,1,-1,1,1,-1,-1,1,0.010030237957835197
-1,-1,-1,1,1,-1,1,1,-1,1,-1,0.009047188118777492
-1,-1,-1,1,1,-1,1,1,-1,1,1,0.009317947551608086
-1,-1,-1,1,1,-1,1,1,1,-1,-1,0.00988773733843118
-1,-1,-1,1,1,-1,1,1,1,-1,1,0.01019586662628821
-1,-1,-1,1,1,-1,1,1,1,1,-1,0.009258672698504396
-1,-1,-1,1,1,-1,1,1,1,1,1,0.009476795792579651
-1,-1,-1,1,1,1,-1,-1,-1,-1,-1,0.008858011414607367
-1,-1,-1,1,1,1,-1,-1,-1,-1,1,0.009325944259762764
-1,-1,-1,1,1,1,-1,-1,-1,1,-1,0.00826505571603775
-1,-1,-1,1,1,1,-1,-1,-1,1,1,0.008480782620608807
-1,-1,-1,1,1,1,-1,-1,1,-1,-1,0.009183698799461126
-1,-1,-1,1,1,1,-1,-1,1,-1,1,0.0093559588616093
-1,-1,-1,1,1,1,-1,-1,1,1,-1,0.008404149540833064
-1,-1,-1,1,1,1,-1,-1,1,1,1,0.008967876434326172
-1,-1,-1,1,1,1,-1,1,-1,-1,-1,0.008844251185655594
-1,-1,-1,1,1,1,-1,1,-1,-1,1,0.009034992402626408
-1,-1,-1,1,1,1,-1,1,-1,1,1,0.008420530573597975
-1,-1,-1,1,1,1,-1,1,1,-1,-1,0.00899596232920885
-1,-1,-1,1,1,1,-1,1,1,-1,1,0.009358386136591434
-1,-1,-1,1,1,1,-1,1,1,1,-1,0.008278546721807547
-1,-1,-1,1,1,1,-1,1,1,1,1,0.008491810411214828
-1,-1,-1,1,1,1,1,-1,-1,-1,-1,0.009179986082017422
-1,-1,-1,1,1,1,1,-1,-1,-1,1,0.009704112583263353
-1,-1,-1,1,1,1,1,-1,-1,1,-1,0.008737229276448488
-1,-1,-1,1,1,1,1,-1,-1,1,1,0.00891292415973213
-1,-1,-1,1,1,1,1,-1,1,-1,-1,0.009551388211548328
-1,-1,-1,1,1,1,1,-1,1,-1,1,0.009836506408949694
-1,-1,-1,1,1,1,1,-1,1,1,-1,0.008912118772665659
-1,-1,-1,1,1,1,1,-1,1,1,1,0.009267592336982489
-1,-1,-1,1,1,1,1,1,-1,-1,-1,0.009171417681500316
-1,-1,-1,1,1,1,1,1,-1,-1,1,0.009470176262160143
-1,-1,-1,1,1,1,1,1,-1,1,-1,0.008466379872212807
-1,-1,-1,1,1,1,1,1,-1,1,1,0.008724032901227474
-1,-1,-1,1,1,1,1,1,1,-1,-1,0.00941687993084391
-1,-1,-1,1,1,1,1,1,1,-1,1,0.009738879278302193
-1,-1,-1,1,1,1,1,1,1,1,-1,0.00868972223252058
-1,-1,-1,1,1,1,1,1,1,1,1,0.008980779569934715
-1,-1,1,-1,-1,-1,-1,-1,-1,-1,-1,0.009939406649209559
-1,-1,1,-1,-1,-1,-1,-1,-1,-1,1,0.010146829565720899
-1,-1,1,-1,-1,-1,-1,-1,-1,1,-1,0.009144044481217861
-1,-1,1,-1,-1,-1,-1,-1,-1,1,1,0.009390654663244883
-1,-1,1,-1,-1,-1,-1,-1,1,-1,-1,0.010046800831332803
-1,-1,1,-1,-1,-1,-1,-1,1,-1,1,0.01042442861944437
-1,-1,1,-1,-1,-1,-1,-1,1,1,-1,0.009348875066886345
-1,-1,1,-1,-1,-1,-1,-1,1,1,1,0.009652570821344852
-1,-1,1,-1,-1,-1,-1,1,-1,-1,-1,0.00964854396879673
-1,-1,1,-1,-1,-1,-1,1,-1,-1,1,0.00992185477581289
-1,-1,1,-1,-1,-1,-1,1,-1,1,-1,0.008977992726223809
-1,-1,1,-1,-1,-1,-1,1,-1,1,1,0.009249906241893768
-1,-1,1,-1,-1,-1,-1,1,1,-1,-1,0.00992481168359518
-1,-1,1,-1,-1,-1,-1,1,1,-1,1,0.010253570352991423
-1,-1,1,-1,-1,-1,-1,1,1,1,-1,0.00921365006693772
-1,-1,1,-1,-1,-1,-1,1,1,1,1,0.009455099515616894
-1,-1,1,-1,-1,-1,1,-1,-1,-1,-1,0.010294401459395886
-1,-1,1,-1,-1,-1,1,-1,-1,-1,1,0.010441546328365803
-1,-1,1,-1,-1,-1,1,-1,-1,1,-1,0.009574426338076591
-1,-1,1,-1,-1,-1,1,-1,-1,1,1,0.009987222496420145
-1,-1,1,-1,-1,-1,1,-1,1,-1,-1,0.010470235254615545
-1,-1,1,-1,-1,-1,1,-1,1,-1,1,0.010729584842920303
-1,-1,1,-1,-1,-1,1,-1,1,1,-1,0.009747721254825592
-1,-1,1,-1,-1,-1,1,-1,1,1,1,0.010019767098128796
-1,-1,1,-1,-1,-1,1,1,-1,-1,-1,0.009996213018894196
-1,-1,1,-1,-1,-1,1,1,-1,-1,1,0.010270036502995274
-1,-1,1,-1,-1,-1,1,1,-1,1,-1,0.00927159667480737
-1,-1,1,-1,-1,-1,1,1,-1,1,1,0.009547892026603222
-1,-1,1,-1,-1,-1,1,1,1,-1,-1,0.010296513326466084
-1,-1,1,-1,-1,-1,1,1,1,-1,1,0.010582635179162025
-1,-1,1,-1,-1,-1,1,1,1,1,-1,0.00958136934787035
-1,-1,1,-1,-1,-1,1,1,1,1,1,0.009854237083345652
-1,-1,1,-1,-1,1,-1,-1,-1,-1,-1,0.009226175645987192
-1,-1,1,-1,-1,1,-1,-1,-1,-1,1,0.009530062787234783
-1,-1,1,-1,-1,1,-1,-1,-1,1,-1,0.008610064908862115
-1,-1,1,-1,-1,1,-1,-1,-1,1,1,0.008929316187277436
-1,-1,1,-1,-1,1,-1,-1,1,-1,-1,0.009455104824155569
-1,-1,1,-1,-1,1,-1,-1,1,-1,1,0.00977914607418435
-1,-1,1,-1,-1,1,-1,-1,1,1,-1,0.008903358364477754
-1,-1,1,-1,-1,1,-1,-1,1,1,1,0.009208261966705322
-1,-1,1,-1,-1,1,-1,1,-1,-1,-1,0.009207232855260372
-1,-1,1,-1,-1,1,-1,1,-1,-1,1,0.009390168202420076
-1,-1,1,-1,-1,1,-1,1,-1,1,-1,0.008441019803285599
-1,-1,1,-1,-1,1,-1,1,-1,1,1,0.00860033929347992
-1,-1,1,-1,-1,1,-1,1,1,-1,-1,0.009374946488865785
-1,-1,1,-1,-1,1,-1,1,1,-1,1,0.009617140144109726
-1,-1,1,-1,-1,1,-1,1,1,1,-1,0.008585445955395699
-1,-1,1,-1,-1,1,-1,1,1,1,1,0.008962851366959512
-1,-1,1,-1,-1,1,1,-1,-1,-1,-1,0.009651611093431711
-1,-1,1,-1,-1,1,1,-1,-1,-1,1,0.009990675640957696
-1,-1,1,-1,-1,1,1,-1,-1,1,-1,0.009134015223632256
-1,-1,1,-1,-1,1,1,-1,-1,1,1,0.009379950538277625
-1,-1,1,-1,-1,1,1,-1,1,-1,-1,0.009888358414173126
-1,-1,1,-1,-1,1,1,-1,1,-1,1,0.010247873142361641
-1,-1,1,-1,-1,1,1,-1,1,1,-1,0.009377445839345456
-1,-1,1,-1,-1,1,1,-1,1,1,1,0.0095451008528471
-1,-1,1,-1,-1,1,1,1,-1,-1,-1,0.009544803062453866
-1,-1,1,-1,-1,1,1,1,-1,-1,1,0.009808890614658594
-1,-1,1,-1,-1,1,1,1,-1,1,-1,0.008811008806029955
-1,-1,1,-1,-1,1,1,1,-1,1,1,0.009123718598857522
-1,-1,1,-1,-1,1,1,1,1,-1,-1,0.009833165311387606
-1,-1,1,-1,-1,1,1,1,1,-1,1,0.010155962780117989
-1,-1,1,-1,-1,1,1,1,1,1,-1,0.009175944607704878
-1,-1,1,-1,-1,1,1,1,1,1,1,0.00931400659361056
-1,-1,1,-1,1,-1,-1,-1,-1,-1,-1,0.009124252945184708
-1,-1,1,-1,1,-1,-1,-1,-1,-1,1,0.009402861818671227
-1,-1,1,-1,1,-1,-1,-1,-1,1,-1,0.008394321613013744
-1,-1,1,-1,1,-1,-1,-1,-1,1,1,0.008729984611272812
-1,-1,1,-1,1,-1,-1,-1,1,-1,-1,0.009366904152557254
-1,-1,1,-1,1,-1,-1,-1,1,-1,1,0.009637358908851942
-1,-1,1,-1,1,-1,-1,-1,1,1,-1,0.008550761733204126
-1,-1,1,-1,1,-1,-1,-1,1,1,1,0.008841173257678747
-1,-1,1,-1,1,-1,-1,1,-1,-1,-1,0.009030084436138472
-1,-1,1,-1,1,-1,-1,1,-1,-1,1,0.009212082484737039
-1,-1,1,-1,1,-1,-1,1,-1,1,-1,0.008270801872842841
-1,-1,1,-1,1,-1,-1,1,-1,1,1,0.008414538018405438
-1,-1,1,-1,1,-1,-1,1,1,-1,-1,0.009085766660670439
-1,-1,1,-1,1,-1,-1,1,1,-1,1,0.009382035583257675
-1,-1,1,-1,1,-1,-1,1,1,1,-1,0.008453430297474066
-1,-1,1,-1,1,-1,-1,1,1,1,1,0.008696052556236586
-1,-1,1,-1,1,-1,1,-1,-1,-1,-1,0.009613855741918087
-1,-1,1,-1,1,-1,1,-1,-1,-1,1,0.009784646332263947
-1,-1,1,-1,1,-1,1,-1,-1,1,-1,0.008912567980587482
-1,-1,1,-1,1,-1,1,-1,-1,1,1,0.009025749191641808
-1,-1,1,-1,1,-1,1,-1,1,-1,-1,0.009734850909028734
-1,-1,1,-1,1,-1,1,-1,1,-1,1,0.00998697868947472
-1,-1,1,-1,1,-1,1,-1,1,1,-1,0.008906521135941148
-1,-1,1,-1,1,-1,1,-1,1,1,1,0.0093313567340374
-1,-1,1,-1,1,-1,1,1,-1,-1,-1,0.009272002847865224
-1,-1,1,-1,1,-1,1,1,-1,-1,1,0.009520862717181444
-1,-1,1,-1,1,-1,1,1,-1,1,-1,0.008819850161671638
-1,-1,1,-1,1,-1,1,1,-1,1,1,0.008876738271542959
-1,-1,1,-1,1,-1,1,1,1,-1,-1,0.009553729822593076
-1,-1,1,-1,1,-1,1,1,1,-1,1,0.00992995910346508
-1,-1,1,-1,1,-1,1,1,1,1,-1,0.008867632464638777
-1,-1,1,-1,1,-1,1,1,1,1,1,0.009136251484354338
-1,-1,1,-1,1,1,-1,-1,-1,-1,-1,0.008536760788410902
-1,-1,1,-1,1,1,-1,-1,-1,-1,1,0.008784000179730356
-1,-1,1,-1,1,1,-1,-1,-1,1,-1,0.007823400665074587
-1,-1,1,-1,1,1,-1,-1,-1,1,1,0.008239955408498645
-1,-1,1,-1,1,1,-1,-1,1,-1,-1,0.008724437793716788
-1,-1,1,-1,1,1,-1,-1,1,-1,1,0.009137645596638322
-1,-1,1,-1,1,1,-1,-1,1,1,-1,0.008026103489100933
-1,-1,1,-1,1,1,-1,-1,1,1,1,0.008357675901303688
-1,-1,1,-1,1,1,-1,1,-1,-1,-1,0.008296792977489531
-1,-1,1,-1,1,1,-1,1,-1,-1,1,0.008615005140503248
-1,-1,1,-1,1,1,-1,1,-1,1,-1,0.007729196455329657
-1,-1,1,-1,1,1,-1,1,-1,1,1,0.007882220515360435
-1,-1,1,-1,1,1,-1,1,1,-1,-1,0.008520670545597872
-1,-1,1,-1,1,1,-1,1,1,-1,1,0.008834804594516753
-1,-1,1,-1,1,1,-1,1,1,1,-1,0.007882047211751342
-1,-1,1,-1,1,1,-1,1,1,1,1,0.008258866844698787
-1,-1,1,-1,1,1,1,-1,-1,-1,-1,0.009025703882798553
-1,-1,1,-1,1,1,1,-1,-1,-1,1,0.009348953608423471
-1,-1,1,-1,1,1,1,-1,-1,1,-1,0.008125302381813526
-1,-1,1,-1,1,1,1,-1,-1,1,1,0.008509106934070587
-1,-1,1,-1,1,1,1,-1,1,-1,-1,0.009211971540935338
-1,-1,1,-1,1,1,1,-1,1,-1,1,0.009482383624547057
-1,-1,1,-1,1,1,1,-1,1,1,-1,0.008507674327120185
-1,-1,1,-1,1,1,1,-1,1,1,1,0.008892231620848179
-1,-1,1,-1,1,1,1,1,-1,-1,-1,0.008817329816520215
-1,-1,1,-1,1,1,1,1,-1,-1,1,0.008947979814062515
-1,-1,1,-1,1,1,1,1,-1,1,-1,0.008137458236888051
-1,-1,1,-1,1,1,1,1,-1,1,1,0.008470569426814714
-1,-1,1,-1,1,1,1,1,1,-1,-1,0.009021577052772045
-1,-1,1,-1,1,1,1,1,1,-1,1,0.009287969209253788
-1,-1,1,-1,1,1,1,1,1,1,-1,0.00829177675768733
-1,-1,1,-1,1,1,1,1,1,1,1,0.008568765968084336
-1,-1,1,1,-1,-1,-1,-1,-1,-1,-1,0.010625850409269333
-1,-1,1,1,-1,-1,-1,-1,-1,-1,1,0.010731939226388931
-1,-1,1,1,-1,-1,-1,-1,-1,1,-1,0.009776227176189423
-1,-1,1,1,-1,-1,-1,-1,-1,1,1,0.010088657960295677
-1,-1,1,1,-1,-1,-1,-1,1,-1,-1,0.010890456226964792
-1,-1,1,1,-1,-1,-1,-1,1,-1,1,0.011095402917514244
-1,-1,1,1,-1,-1,-1,-1,1,1,-1,0.010087857821158
-1,-1,1,1,-1,-1,-1,-1,1,1,1,0.010218020218114058
-1,-1,1,1,-1,-1,-1,1,-1,-1,-1,0.010464554093778134
-1,-1,1,1,-1,-1,-1,1,-1,-1,1,0.010661777574568987
-1,-1,1,1,-1,-1,-1,1,-1,1,-1,0.009733322076499462
-1,-1,1,1,-1,-1,-1,1,-1,1,1,0.009913814254105091
-1,-1,1,1,-1,-1,-1,1,1,-1,-1,0.010413239089151224
-1,-1,1,1,-1,-1,-1,1,1,-1,1,0.01094833086244762
-1,-1,1,1,-1,-1,-1,1,1,1,-1,0.00985684378870896
-1,-1,1,1,-1,-1,-1,1,1,1,1,0.0102174187079072
-1,-1,1,1,-1,-1,1,-1,-1,-1,-1,0.011082581989467145
-1,-1,1,1,-1,-1,1,-1,-1,-1,1,0.011181577108800411
-1,-1,1,1,-1,-1,1,-1,-1,1,-1,0.010337504372000695
-1,-1,1,1,-1,-1,1,-1,-1,1,1,0.010613039912035068
-1,-1,1,1,-1,-1,1,-1,1,-1,-1,0.011140473985246249
-1,-1,1,1,-1,-1,1,-1,1,-1,1,0.011402274016290903
-1,-1,1,1,-1,-1,1,-1,1,1,-1,0.010475645307451487
-1,-1,1,1,-1,-1,1,-1,1,1,1,0.010793752036988735
-1,-1,1,1,-1,-1,1,1,-1,-1,-1,0.010869883311291536
-1,-1,1,1,-1,-1,1,1,-1,-1,1,0.010951481759548187
-1,-1,1,1,-1,-1,1,1,-1,1,-1,0.010039722081273794
-1,-1,1,1,-1,-1,1,1,-1,1,1,0.010471938444035394
-1,-1,1,1,-1,-1,1,1,1,-1,-1,0.010903113211194674
-1,-1,1,1,-1,-1,1,1,1,-1,1,0.011192823387682438
-1,-1,1,1,-1,-1,1,1,1,1,-1,0.010280647780746222
-1,-1,1,1,-1,-1,1,1,1,1,1,0.010622921166941524
-1,-1,1,1,-1,1,-1,-1,-1,-1,-1,0.009993700869381427
-1,-1,1,1,-1,1,-1,-1,-1,-1,1,0.010359119490853377
-1,-1,1,1,-1,1,-1,-1,-1,1,-1,0.009305816516280175
-1,-1,1,1,-1,1,-1,-1,-1,1,1,0.009732280857861042
-1,-1,1,1,-1,1,-1,-1,1,-1,-1,0.010165505111217499
-1,-1,1,1,-1,1,-1,-1,1,-1,1,0.010568920988589525
-1,-1,1,1,-1,1,-1,-1,1,1,-1,0.00959877297282219
-1,-1,1,1,-1,1,-1,-1,1,1,1,0.009940010495483875
-1,-1,1,1,-1,1,-1,1,-1,-1,-1,0.009807846695184707
-1,-1,1,1,-1,1,-1,1,-1,-1,1,0.010229518016179403
-1,-1,1,1,-1,1,-1,1,-1,1,-1,0.009211846627295017
-1,-1,1,1,-1,1,-1,1,-1,1,1,0.009455610377093157
-1,-1,1,1,-1,1,-1,1,1,-1,-1,0.010029943659901619
-1,-1,1,1,-1,1,-1,1,1,-1,1,0.010281758150085807
-1,-1,1,1,-1,1,-1,1,1,1,-1,0.009355503134429455
-1,-1,1,1,-1,1,-1,1,1,1,1,0.009588846378028393
-1,-1,1,1,-1,1,1,-1,-1,-1,-1,0.0104405521415174
-1,-1,1,1,-1,1,1,-1,-1,-1,1,0.010707287428279718
-1,-1,1,1,-1,1,1,-1,-1,1,-1,0.009720516923282827
-1,-1,1,1,-1,1,1,-1,-1,1,1,0.010095099297662577
-1,-1,1,1,-1,1,1,-1,1,-1,-1,0.010742913000285625
-1,-1,1,1,-1,1,1,-1,1,-1,1,0.010923355584964156
-1,-1,1,1,-1,1,1,-1,1,1,-1,0.009969514678232372
-1,-1,1,1,-1,1,1,-1,1,1,1,0.010205623228102922
-1,-1,1,1,-1,1,1,1,-1,-1,-1,0.010222277293602625
-1,-1,1,1,-1,1,1,1,-1,-1,1,0.010527085202435652
-1,-1,1,1,-1,1,1,1,-1,1,-1,0.009524198714643717
-1,-1,1,1,-1,1,1,1,-1,1,1,0.009798238519579172
-1,-1,1,1,-1,1,1,1,1,-1,-1,0.010417590538660685
-1,-1,1,1,-1,1,1,1,1,-1,1,0.010740564903244376
-1,-1,1,1,-1,1,1,1,1,1,-1,0.009752178564667702
-1,-1,1,1,-1,1,1,1,1,1,1,0.010033024474978447
-1,-1,1,1,1,-1,-1,-1,-1,-1,-1,0.009723065021846975
-1,-1,1,1,1,-1,-1,-1,-1,-1,1,0.010119812873502573
-1,-1,1,1,1,-1,-1,-1,-1,1,-1,0.009046241641044617
-1,-1,1,1,1,-1,-1,-1,-1,1,1,0.00936022331006825
-1,-1,1,1,1,-1,-1,-1,1,-1,-1,0.01001460049301386
-1,-1,1,1,1,-1,-1,-1,1,-1,1,0.010232582688331604
-1,-1,1,1,1,-1,-1,-1,1,1,-1,0.009215263339380423
-1,-1,1,1,1,-1,-1,-1,1,1,1,0.009753752034157515
-1,-1,1,1,1,-1,-1,1,-1,-1,-1,0.009576757811009884
-1,-1,1,1,1,-1,-1,1,-1,-1,1,0.009902441112155264
-1,-1,1,1,1,-1,-1,1,-1,1,-1,0.008906500414013863
-1,-1,1,1,1,-1,-1,1,-1,1,1,0.009261680456499258
-1,-1,1,1,1,-1,-1,1,1,-1,-1,0.009801903739571571
-1,-1,1,1,1,-1,-1,1,1,-1,1,0.010154888699097293
-1,-1,1,1,1,-1,-1,1,1,1,-1,0.009115525986999273
-1,-1,1,1,1,-1,-1,1,1,1,1,0.009374359156936407
-1,-1,1,1,1,-1,1,-1,-1,-1,-1,0.010080530929068724
-1,-1,1,1,1,-1,1,-1,-1,-1,1,0.010427312226966023
-1,-1,1,1,1,-1,1,-1,-1,1,-1,0.009514130651950836
-1,-1,1,1,1,-1,1,-1,-1,1,1,0.009747530865882124
-1,-1,1,1,1,-1,1,-1,1,-1,-1,0.010392092633992434
-1,-1,1,1,1,-1,1,-1,1,-1,1,0.010574326617643237
-1,-1,1,1,1,-1,1,-1,1,1,-1,0.009664353681728244
-1,-1,1,1,1,-1,1,-1,1,1,1,0.010060709435492754
-1,-1,1,1,1,-1,1,1,-1,-1,-1,0.009933203148345152
-1,-1,1,1,1,-1,1,1,-1,-1,1,0.010319376178085805
-1,-1,1,1,1,-1,1,1,-1,1,-1,0.009380106503764788
-1,-1,1,1,1,-1,1,1,-1,1,1,0.009612635895609855
-1,-1,1,1,1,-1,1,1,1,-1,-1,0.010317371847728888
-1,-1,1,1,1,-1,1,1,1,-1,1,0.010539341851004533
-1,-1,1,1,1,-1,1,1,1,1,-1,0.009466302736351887
-1,-1,1,1,1,-1,1,1,1,1,1,0.009756759041920304
-1,-1,1,1,1,1,-1,-1,-1,-1,-1,0.009234063909389079
-1,-1,1,1,1,1,-1,-1,-1,-1,1,0.009545607678592204
-1,-1,1,1,1,1,-1,-1,-1,1,-1,0.008624748326838017
-1,-1,1,1,1,1,-1,-1,-1,1,1,0.00900097998480002
-1,-1,1,1,1,1,-1,-1,1,-1,-1,0.009462343342602254
-1,-1,1,1,1,1,-1,-1,1,-1,1,0.009739727557947239
-1,-1,1,1,1,1,-1,-1,1,1,-1,0.00877031171694398
-1,-1,1,1,1,1,-1,-1,1,1,1,0.009085663594305515
-1,-1,1,1,1,1,-1,1,-1,-1,-1,0.009143877541646361
-1,-1,1,1,1,1,-1,1,-1,-1,1,0.00928624677989218
-1,-1,1,1,1,1,-1,1,-1,1,-1,0.00831698284794887
-1,-1,1,1,1,1,-1,1,-1,1,1,0.008667772286571562
-1,-1,1,1,1,1,-1,1,1,-1,-1,0.00950525359561046
-1,-1,1,1,1,1,-1,1,1,-1,1,0.009631113356186284
-1,-1,1,1,1,1,-1,1,1,1,-1,0.00859123021364212
-1,-1,1,1,1,1,-1,1,1,1,1,0.008791214786469936
-1,-1,1,1,1,1,1,-1,-1,-1,-1,0.009751225635409356
-1,-1,1,1,1,1,1,-1,-1,-1,1,0.00997937424108386
-1,-1,1,1,1,1,1,-1,-1,1,-1,0.009082061083366474
-1,-1,1,1,1,1,1,-1,-1,1,1,0.009247787576168776
-1,-1,1,1,1,1,1,-1,1,-1,-1,0.009886346446971098
-1,-1,1,1,1,1,1,-1,1,-1,1,0.01021510325372219
-1,-1,1,1,1,1,1,-1,1,1,-1,0.009074748260900378
-1,-1,1,1,1,1,1,-1,1,1,1,0.009513527465363344
-1,-1,1,1,1,1,1,1,-1,-1,-1,0.00947838913028439
-1,-1,1,1,1,1,1,1,-1,-1,1,0.009539208840578794
-1,-1,1,1,1,1,1,1,-1,1,-1,0.00889981146901846
-1,-1,1,1,1,1,1,1,-1,1,1,0.009054287181546291
-1,-1,1,1,1,1,1,1,1,-1,-1,0.009624924776809556
-1,-1,1,1,1,1,1,1,1,-1,1,0.010066586857040724
-1,-1,1,1,1,1,1,1,1,1,-1,0.008996923298885426
-1,-1,1,1,1,1,1,1,1,1,1,0.009212233684957027
-1,1,-1,-1,-1,-1,-1,-1,-1,-1,-1,0.010247512254863977
-1,1,-1,-1,-1,-1,-1,-1,-1,-1,1,0.010452095651999116
-1,1,-1,-1,-1,-1,-1,-1,-1,1,-1,0.009598935954272747
-1,1,-1,-1,-1,-1,-1,-1,-1,1,1,0.009815453551709652
-1,1,-1,-1,-1,-1,-1,-1,1,-1,-1,0.010465417678157488
-1,1,-1,-1,-1,-1,-1,-1,1,-1,1,0.010713171679526567
-1,1,-1,-1,-1,-1,-1,-1,1,1,-1,0.009746554074808955
-1,1,-1,-1,-1,-1,-1,-1,1,1,1,0.009887882508337498
-1,1,-1,-1,-1,-1,-1,1,-1,-1,-1,0.009999709048618874
-1,1,-1,-1,-1,-1,-1,1,-1,-1,1,0.010395554266870022
-1,1,-1,-1,-1,-1,-1,1,-1,1,-1,0.00940893404185772
-1,1,-1,-1,-1,-1,-1,1,-1,1,1,0.00963100019310202
-1,1,-1,-1,-1,-1,-1,1,1,-1,-1,0.010215090122073889
-1,1,-1,-1,-1,-1,-1,1,1,-1,1,0.010530922428837844
-1,1,-1,-1,-1,-1,-1,1,1,1,-1,0.009524691317762648
-1,1,-1,-1,-1,-1,-1,1,1,1,1,0.00974292354658246
-1,1,-1,-1,-1,-1,1,-1,-1,-1,-1,0.010672115454716342
-1,1,-1,-1,-1,-1,1,-1,-1,-1,1,0.011031329942246279
-1,1,-1,-1,-1,-1,1,-1,-1,1,-1,0.00993709685280919
-1,1,-1,-1,-1,-1,1,-1,-1,1,1,0.010190492030233145
-1,1,-1,-1,-1,-1,1,-1,1,-1,-1,0.010897387005388736
-1,1,-1,-1,-1,-1,1,-1,1,-1,1,0.01113274935632944
-1,1,-1,-1,-1,-1,1,-1,1,1,-1,0.010095699379841486
-1,1,-1,-1,-1,-1,1,-1,1,1,1,0.010298084700480103
-1,1,-1,-1,-1,-1,1,1,-1,-1,-1,0.010502238385379314
-1,1,-1,-1,-1,-1,1,1,-1,-1,1,0.010717911645770073
-1,1,-1,-1,-1,-1,1,1,-1,1,-1,0.009611135659118494
-1,1,-1,-1,-1,-1,1,1,-1,1,1,0.010053140111267567
-1,1,-1,-1,-1,-1,1,1,1,-1,-1,0.010620953515172005
-1,1,-1,-1,-1,-1,1,1,1,-1,1,0.010866404045373201
-1,1,-1,-1,-1,-1,1,1,1,1,-1,0.009986443631350993
-1,1,-1,-1,-1,-1,1,1,1,1,1,0.010202860459685326
-1,1,-1,-1,-1,1,-1,-1,-1,-1,-1,0.009665441000834107
-1,1,-1,-1,-1,1,-1,-1,-1,-1,1,0.010072053010974611
-1,1,-1,-1,-1,1,-1,-1,-1,1,-1,0.009084596880711615
-1,1,-1,-1,-1,1,-1,-1,-1,1,1,0.009379527842005094
-1,1,-1,-1,-1,1,-1,-1,1,-1,-1,0.009894268028438092
-1,1,-1,-1,-1,1,-1,-1,1,-1,1,0.010221467353403568
-1,1,-1,-1,-1,1,-1,-1,1,1,-1,0.0093050601426512
-1,1,-1,-1,-1,1,-1,-1,1,1,1,0.009498593769967556
-1,1,-1,-1,-1,1,-1,1,-1,-1,-1,0.009428911842405796
-1,1,-1,-1,-1,1,-1,1,-1,1,-1,0.008781264070421457
-1,1,-1,-1,-1,1,-1,1,-1,1,1,0.009145072661340237
-1,1,-1,-1,-1,1,-1,1,1,-1,-1,0.009656715672463179
-1,1,-1,-1,-1,1,-1,1,1,-1,1,0.009854301251471043
-1,1,-1,-1,-1,1,-1,1,1,1,-1,0.00902215309906751
-1,1,-1,-1,-1,1,-1,1,1,1,1,0.00946597040941318
-1,1,-1,-1,-1,1,1,-1,-1,-1,-1,0.010165329091250896
-1,1,-1,-1,-1,1,1,-1,-1,-1,1,0.010221049888059497
-1,1,-1,-1,-1,1,1,-1,-1,1,-1,0.009461556375026704
-1,1,-1,-1,-1,1,1,-1,-1,1,1,0.009674491050342718
-1,1,-1,-1,-1,1,1,-1,1,-1,-1,0.01020496292039752
-1,1,-1,-1,-1,1,1,-1,1,-1,1,0.010590384155511856
-1,1,-1,-1,-1,1,1,-1,1,1,-1,0.009459804743528366
-1,1,-1,-1,-1,1,1,-1,1,1,1,0.009962902714808783
-1,1,-1,-1,-1,1,1,1,-1,-1,-1,0.009901365730911493
-1,1,-1,-1,-1,1,1,1,-1,-1,1,0.010137467127707269
-1,1,-1,-1,-1,1,1,1,-1,1,-1,0.009119858965277672
-1,1,-1,-1,-1,1,1,1,-1,1,1,0.009467344963923097
-1,1,-1,-1,-1,1,1,1,1,-1,-1,0.010142067136863867
-1,1,-1,-1,-1,1,1,1,1,-1,1,0.010374599369242787
-1,1,-1,-1,-1,1,1,1,1,1,-1,0.009458061773329973
-1,1,-1,-1,-1,1,1,1,1,1,1,0.009683947492804792
-1,1,-1,-1,1,-1,-1,-1,-1,-1,-1,0.009475123835727572
-1,1,-1,-1,1,-1,-1,-1,-1,-1,1,0.009670103900134563
-1,1,-1,-1,1,-1,-1,-1,-1,1,-1,0.008721693019781793
-1,1,-1,-1,1,-1,-1,-1,-1,1,1,0.008995860815048218
-1,1,-1,-1,1,-1,-1,-1,1,-1,-1,0.009643063880503178
-1,1,-1,-1,1,-1,-1,-1,1,-1,1,0.009984607808291912
-1,1,-1,-1,1,-1,-1,-1,1,1,-1,0.00892705749720335
-1,1,-1,-1,1,-1,-1,-1,1,1,1,0.009239299688488245
-1,1,-1,-1,1,-1,-1,1,-1,-1,-1,0.009298468141683511
-1,1,-1,-1,1,-1,-1,1,-1,-1,1,0.0095054452928404
-1,1,-1,-1,1,-1,-1,1,-1,1,-1,0.00861718337982893
-1,1,-1,-1,1,-1,-1,1,-1,1,1,0.008877260920902094
-1,1,-1,-1,1,-1,-1,1,1,-1,-1,0.00939359733213981
-1,1,-1,-1,1,-1,-1,1,1,-1,1,0.009620930844297012
-1,1,-1,-1,1,-1,-1,1,1,1,-1,0.008882020600140095
-1,1,-1,-1,1,-1,-1,1,1,1,1,0.009084000795458754
-1,1,-1,-1,1,-1,1,-1,-1,-1,-1,0.009819921261320511
-1,1,-1,-1,1,-1,1,-1,-1,-1,1,0.010160830404077257
-1,1,-1,-1,1,-1,1,-1,-1,1,-1,0.009165882878005505
-1,1,-1,-1,1,-1,1,-1,-1,1,1,0.009508599527180195
-1,1,-1,-1,1,-1,1,-1,1,-1,-1,0.010015399195253849
-1,1,-1,-1,1,-1,1,-1,1,-1,1,0.010311417514458299
-1,1,-1,-1,1,-1,1,-1,1,1,-1,0.009437718273450931
-1,1,-1,-1,1,-1,1,-1,1,1,1,0.009686286747455596
-1,1,-1,-1,1,-1,1,1,-1,-1,-1,0.009635693277232349
-1,1,-1,-1,1,-1,1,1,-1,-1,1,0.010022567585110664
-1,1,-1,-1,1,-1,1,1,-1,1,-1,0.008893647231161594
-1,1,-1,-1,1,-1,1,1,-1,1,1,0.009341896511614323
-1,1,-1,-1,1,-1,1,1,1,-1,-1,0.009859517061462006
-1,1,-1,-1,1,-1,1,1,1,-1,1,0.010119477286934853
-1,1,-1,-1,1,-1,1,1,1,1,-1,0.009142998916407427
-1,1,-1,-1,1,-1,1,1,1,1,1,0.009409070713445544
-1,1,-1,-1,1,1,-1,-1,-1,-1,-1,0.008827412035316229
-1,1,-1,-1,1,1,-1,-1,-1,-1,1,0.009110813029110432
-1,1,-1,-1,1,1,-1,-1,-1,1,-1,0.008154640750338634
-1,1,-1,-1,1,1,-1,-1,-1,1,1,0.008576299529522657
-1,1,-1,-1,1,1,-1,-1,1,-1,-1,0.00897426251322031
-1,1,-1,-1,1,1,-1,-1,1,-1,1,0.009479461636926447
-1,1,-1,-1,1,1,-1,-1,1,1,-1,0.00854714009910822
-1,1,-1,-1,1,1,-1,-1,1,1,1,0.008569755281011263
-1,1,-1,-1,1,1,-1,1,-1,-1,-1,0.00871987221762538
-1,1,-1,-1,1,1,-1,1,-1,-1,1,0.008969856736560663
-1,1,-1,-1,1,1,-1,1,-1,1,-1,0.008092555062224468
-1,1,-1,-1,1,1,-1,1,-1,1,1,0.00825860183686018
-1,1,-1,-1,1,1,-1,1,1,-1,-1,0.00872928804407517
-1,1,-1,-1,1,1,-1,1,1,-1,1,0.009193912148475647
-1,1,-1,-1,1,1,-1,1,1,1,-1,0.00833400928725799
-1,1,-1,-1,1,1,-1,1,1,1,1,0.00854091097911199
-1,1,-1,-1,1,1,1,-1,-1,-1,-1,0.009421907551586627
-1,1,-1,-1,1,1,1,-1,-1,-1,1,0.009573532384820282
-1,1,-1,-1,1,1,1,-1,-1,1,-1,0.008721068634518556
-1,1,-1,-1,1,1,1,-1,-1,1,1,0.009050245396792889
-1,1,-1,-1,1,1,1,-1,1,-1,-1,0.009468062408268451
-1,1,-1,-1,1,1,1,-1,1,-1,1,0.009921791298048837
-1,1,-1,-1,1,1,1,-1,1,1,-1,0.008848234079778194
-1,1,-1,-1,1,1,1,-1,1,1,1,0.009170815969506899
-1,1,-1,-1,1,1,1,1,-1,-1,-1,0.009154391102492809
-1,1,-1,-1,1,1,1,1,-1,-1,1,0.00948292524036434
-1,1,-1,-1,1,1,1,1,-1,1,-1,0.00849544412146012
-1,1,-1,-1,1,1,1,1,-1,1,1,0.008602824372549852
-1,1,-1,-1,1,1,1,1,1,-1,-1,0.00926218880340457
-1,1,-1,-1,1,1,1,1,1,-1,1,0.009638528650005659
-1,1,-1,-1,1,1,1,1,1,1,-1,0.008687689900398254
-1,1,-1,-1,1,1,1,1,1,1,1,0.008927190210670233
-1,1,-1,1,-1,-1,-1,-1,-1,-1,-1,0.010946503219505152
-1,1,-1,1,-1,-1,-1,-1,-1,-1,1,0.011048405431210995
-1,1,-1,1,-1,-1,-1,-1,-1,1,-1,0.010163416620343924
-1,1,-1,1,-1,-1,-1,-1,-1,1,1,0.010517521761357784
-1,1,-1,1,-1,-1,-1,-1,1,-1,-1,0.011070371295015017
-1,1,-1,1,-1,-1,-1,-1,1,-1,1,0.011362165367851654
-1,1,-1,1,-1,-1,-1,-1,1,1,-1,0.010520879517902027
-1,1,-1,1,-1,-1,-1,-1,1,1,1,0.010644862079061568
-1,1,-1,1,-1,-1,-1,1,-1,-1,-1,0.010729269745449225
-1,1,-1,1,-1,-1,-1,1,-1,-1,1,0.011053272389939852
-1,1,-1,1,-1,-1,-1,1,-1,1,-1,0.010116588324308395
-1,1,-1,1,-1,-1,-1,1,-1,1,1,0.010413555117944876
-1,1,-1,1,-1,-1,-1,1,1,-1,-1,0.01101963579033812
-1,1,-1,1,-1,-1,-1,1,1,-1,1,0.011286093129052056
-1,1,-1,1,-1,-1,-1,1,1,1,-1,0.010274411046079226
-1,1,-1,1,-1,-1,-1,1,1,1,1,0.010496162064373493
-1,1,-1,1,-1,-1,1,-1,-1,-1,-1,0.011413225128004948
-1,1,-1,1,-1,-1,1,-1,-1,-1,1,0.011649742179239789
-1,1,-1,1,-1,-1,1,-1,-1,1,-1,0.010818349197506905
-1,1,-1,1,-1,-1,1,-1,-1,1,1,0.010884130373597145
-1,1,-1,1,-1,-1,1,-1,1,-1,-1,0.011522193322889507
-1,1,-1,1,-1,-1,1,-1,1,-1,1,0.011847225150891713
-1,1,-1,1,-1,-1,1,-1,1,1,-1,0.01087016649544239
-1,1,-1,1,-1,-1,1,-1,1,1,1,0.01126239929969112
-1,1,-1,1,-1,-1,1,1,-1,-1,-1,0.011158408597111702
-1,1,-1,1,-1,-1,1,1,-1,-1,1,0.011453437246382236
-1,1,-1,1,-1,-1,1,1,-1,1,-1,0.010518067330121995
-1,1,-1,1,-1,-1,1,1,-1,1,1,0.010820693103596568
-1,1,-1,1,-1,-1,1,1,1,-1,-1,0.011252431897446513
-1,1,-1,1,-1,-1,1,1,1,-1,1,0.011663079572220644
-1,1,-1,1,-1,-1,1,1,1,1,-1,0.010677913902327418
-1,1,-1,1,-1,-1,1,1,1,1,1,0.010822963435202837
-1,1,-1,1,-1,1,-1,-1,-1,-1,-1,0.010295224841684103
-1,1,-1,1,-1,1,-1,-1,-1,-1,1,0.010748368687927723
-1,1,-1,1,-1,1,-1,-1,-1,1,-1,0.009719909401610494
-1,1,-1,1,-1,1,-1,-1,-1,1,1,0.010148902190849185
-1,1,-1,1,-1,1,-1,-1,1,-1,-1,0.010598897002637386
-1,1,-1,1,-1,1,-1,-1,1,-1,1,0.010950448224321008
-1,1,-1,1,-1,1,-1,-1,1,1,1,0.010166604886762798
-1,1,-1,1,-1,1,-1,1,-1,-1,-1,0.010208947118371725
-1,1,-1,1,-1,1,-1,1,-1,-1,1,0.01046041197453936
-1,1,-1,1,-1,1,-1,1,-1,1,-1,0.009577699936926365
-1,1,-1,1,-1,1,-1,1,-1,1,1,0.009726552478969096
-1,1,-1,1,-1,1,-1,1,1,-1,-1,0.010455413876722256
-1,1,-1,1,-1,1,-1,1,1,-1,1,0.010635999729856849
-1,1,-1,1,-1,1,-1,1,1,1,-1,0.009573264047503471
-1,1,-1,1,-1,1,-1,1,1,1,1,0.009972314084214824
-1,1,-1,1,-1,1,1,-1,-1,-1,-1,0.010796617157757283
-1,1,-1,1,-1,1,1,-1,-1,-1,1,0.01100020669400692
-1,1,-1,1,-1,1,1,-1,-1,1,-1,0.01010642433539033
-1,1,-1,1,-1,1,1,-1,-1,1,1,0.010558225369701782
-1,1,-1,1,-1,1,1,-1,1,-1,-1,0.010976023599505424
-1,1,-1,1,-1,1,1,-1,1,-1,1,0.011238529657324156
-1,1,-1,1,-1,1,1,-1,1,1,-1,0.010651151649653912
-1,1,-1,1,-1,1,1,-1,1,1,1,0.010733464732766151
-1,1,-1,1,-1,1,1,1,-1,-1,-1,0.010750142391771078
-1,1,-1,1,-1,1,1,1,-1,-1,1,0.010951796779409051
-1,1,-1,1,-1,1,1,1,-1,1,-1,0.009987630182877183
-1,1,-1,1,-1,1,1,1,-1,1,1,0.010190748210464205
-1,1,-1,1,-1,1,1,1,1,-1,-1,0.010660320209960142
-1,1,-1,1,-1,1,1,1,1,-1,1,0.01112388651818037
-1,1,-1,1,-1,1,1,1,1,1,-1,0.009997963905334473
-1,1,-1,1,-1,1,1,1,1,1,1,0.010452189482748508
-1,1,-1,1,1,-1,-1,-1,-1,-1,-1,0.010108375339768827
-1,1,-1,1,1,-1,-1,-1,-1,-1,1,0.010435064323246479
-1,1,-1,1,1,-1,-1,-1,-1,1,-1,0.009549828867117563
-1,1,-1,1,1,-1,-1,-1,-1,1,1,0.009749277494847775
-1,1,-1,1,1,-1,-1,-1,1,-1,-1,0.010404873173683882
-1,1,-1,1,1,-1,-1,-1,1,-1,1,0.01068156654946506
-1,1,-1,1,1,-1,-1,-1,1,1,-1,0.009637785971992545
-1,1,-1,1,1,-1,-1,-1,1,1,1,0.009910745080560446
-1,1,-1,1,1,-1,-1,1,-1,-1,-1,0.009986849767821175
-1,1,-1,1,1,-1,-1,1,-1,-1,1,0.010254748165607452
-1,1,-1,1,1,-1,-1,1,-1,1,-1,0.009216171689331532
-1,1,-1,1,1,-1,-1,1,-1,1,1,0.009624828211963176
-1,1,-1,1,1,-1,-1,1,1,-1,-1,0.010161223289157664
-1,1,-1,1,1,-1,-1,1,1,-1,1,0.010463588250180086
-1,1,-1,1,1,-1,-1,1,1,1,1,0.009737007203511894
-1,1,-1,1,1,-1,1,-1,-1,-1,-1,0.010501818420986334
-1,1,-1,1,1,-1,1,-1,-1,-1,1,0.010833607986569405
-1,1,-1,1,1,-1,1,-1,-1,1,-1,0.009892111644148827
-1,1,-1,1,1,-1,1,-1,-1,1,1,0.010203169924872262
-1,1,-1,1,1,-1,1,-1,1,-1,-1,0.01072989497333765
-1,1,-1,1,1,-1,1,-1,1,-1,1,0.011090711535265049
-1,1,-1,1,1,-1,1,-1,1,1,-1,0.010106665780767798
-1,1,-1,1,1,-1,1,-1,1,1,1,0.010363462846726179
-1,1,-1,1,1,-1,1,1,-1,-1,-1,0.01041825395077467
-1,1,-1,1,1,-1,1,1,-1,-1,1,0.010552966967225075
-1,1,-1,1,1,-1,1,1,-1,1,-1,0.009742326413591703
-1,1,-1,1,1,-1,1,1,-1,1,1,0.009976120665669441
-1,1,-1,1,1,-1,1,1,1,-1,-1,0.010594531195238233
-1,1,-1,1,1,-1,1,1,1,-1,1,0.010876389841238657
-1,1,-1,1,1,-1,1,1,1,1,-1,0.009783341782167554
-1,1,-1,1,1,-1,1,1,1,1,1,0.010220540687441826
-1,1,-1,1,1,1,-1,-1,-1,-1,-1,0.009805615991353989
-1,1,-1,1,1,1,-1,-1,-1,-1,1,0.009888883447274566
-1,1,-1,1,1,1,-1,-1,-1,1,-1,0.009034720249474049
-1,1,-1,1,1,1,-1,-1,-1,1,1,0.009188614785671234
-1,1,-1,1,1,1,-1,-1,1,-1,-1,0.009827332338318229
-1,1,-1,1,1,1,-1,-1,1,-1,1,0.010015717397133509
-1,1,-1,1,1,1,-1,-1,1,1,-1,0.009144080802798271
-1,1,-1,1,1,1,-1,-1,1,1,1,0.009519546603163084
-1,1,-1,1,1,1,-1,1,-1,-1,-1,0.009274949319660664
-1,1,-1,1,1,1,-1,1,-1,-1,1,0.009820541677375635
-1,1,-1,1,1,1,-1,1,-1,1,-1,0.008741384185850621
-1,1,-1,1,1,1,-1,1,-1,1,1,0.009015266251351153
-1,1,-1,1,1,1,-1,1,1,-1,-1,0.009503083303570747
-1,1,-1,1,1,1,-1,1,1,-1,1,0.009998739963131291
-1,1,-1,1,1,1,-1,1,1,1,-1,0.008924078403247727
-1,1,-1,1,1,1,-1,1,1,1,1,0.009283659580562795
-1,1,-1,1,1,1,1,-1,-1,-1,-1,0.009988314006477594
-1,1,-1,1,1,1,1,-1,-1,-1,1,0.010359801910817623
-1,1,-1,1,1,1,1,-1,-1,1,-1,0.00933323453434489
-1,1,-1,1,1,1,1,-1,-1,1,1,0.009632678236812353
-1,1,-1,1,1,1,1,-1,1,-1,-1,0.010214279405772686
-1,1,-1,1,1,1,1,-1,1,-1,1,0.010477673960849643
-1,1,-1,1,1,1,1,-1,1,1,-1,0.009552118213226398
-1,1,-1,1,1,1,1,-1,1,1,1,0.009789327469964823
-1,1,-1,1,1,1,1,1,-1,-1,-1,0.00989801822496312
-1,1,-1,1,1,1,1,1,-1,-1,1,0.010083651635795832
-1,1,-1,1,1,1,1,1,-1,1,-1,0.009116490061084429
-1,1,-1,1,1,1,1,1,-1,1,1,0.009221850273509821
-1,1,-1,1,1,1,1,1,1,-1,-1,0.010108897648751735
-1,1,-1,1,1,1,1,1,1,-1,1,0.010356678316990534
-1,1,-1,1,1,1,1,1,1,1,-1,0.009341028208533922
-1,1,-1,1,1,1,1,1,1,1,1,0.009712401777505875
-1,1,1,-1,-1,-1,-1,-1,-1,-1,-1,0.010386263020336628
-1,1,1,-1,-1,-1,-1,-1,-1,-1,1,0.010805700719356538
-1,1,1,-1,-1,-1,-1,-1,-1,1,-1,0.009763372503221035
-1,1,1,-1,-1,-1,-1,-1,-1,1,1,0.010100583080202341
-1,1,1,-1,-1,-1,-1,-1,1,-1,-1,0.010780018754303455
-1,1,1,-1,-1,-1,-1,-1,1,-1,1,0.010930596478283405
-1,1,1,-1,-1,-1,-1,-1,1,1,-1,0.009994926676154137
-1,1,1,-1,-1,-1,-1,-1,1,1,1,0.010308005381375551
-1,1,1,-1,-1,-1,-1,1,-1,-1,-1,0.010354905078808466
-1,1,1,-1,-1,-1,-1,1,-1,-1,1,0.010506653971970082
-1,1,1,-1,-1,-1,-1,1,-1,1,-1,0.009663450066000223
-1,1,1,-1,-1,-1,-1,1,-1,1,1,0.009917515912093222
-1,1,1,-1,-1,-1,-1,1,1,-1,-1,0.010512068308889866
-1,1,1,-1,-1,-1,-1,1,1,-1,1,0.010793047025799751
-1,1,1,-1,-1,-1,-1,1,1,1,-1,0.00984159018844366
-1,1,1,-1,-1,-1,-1,1,1,1,1,0.010255433352930205
-1,1,1,-1,-1,-1,1,-1,-1,-1,-1,0.01092828530818224
-1,1,1,-1,-1,-1,1,-1,-1,-1,1,0.011245292797684669
-1,1,1,-1,-1,-1,1,-1,-1,1,-1,0.01027024481445551
-1,1,1,-1,-1,-1,1,-1,-1,1,1,0.010432390682399272
-1,1,1,-1,-1,-1,1,-1,1,-1,-1,0.011148144180576006
-1,1,1,-1,-1,-1,1,-1,1,-1,1,0.011276842560619116
-1,1,1,-1,-1,-1,1,-1,1,1,-1,0.010456547606736422
-1,1,1,-1,-1,-1,1,-1,1,1,1,0.01073968200944364
-1,1,1,-1,-1,-1,1,1,-1,-1,-1,0.010812694827715555
-1,1,1,-1,-1,-1,1,1,-1,-1,1,0.010805771220475435
-1,1,1,-1,-1,-1,1,1,-1,1,-1,0.01000890415161848
-1,1,1,-1,-1,-1,1,1,-1,1,1,0.010315929725766181
-1,1,1,-1,-1,-1,1,1,1,-1,-1,0.010962667874991894
-1,1,1,-1,-1,-1,1,1,1,-1,1,0.011277848854660988
-1,1,1,-1,-1,-1,1,1,1,1,-1,0.010208920575678349
-1,1,1,-1,-1,-1,1,1,1,1,1,0.01048262557014823
-1,1,1,-1,-1,1,-1,-1,-1,-1,-1,0.010011861845850945
-1,1,1,-1,-1,1,-1,-1,-1,-1,1,0.01018765615299344
-1,1,1,-1,-1,1,-1,-1,-1,1,-1,0.009356535621918738
-1,1,1,-1,-1,1,-1,-1,-1,1,1,0.009562818540467156
-1,1,1,-1,-1,1,-1,-1,1,-1,-1,0.009966484736651182
-1,1,1,-1,-1,1,-1,-1,1,-1,1,0.010531064309179782
-1,1,1,-1,-1,1,-1,-1,1,1,-1,0.009540371596813202
-1,1,1,-1,-1,1,-1,-1,1,1,1,0.0098380951417817
-1,1,1,-1,-1,1,-1,1,-1,-1,-1,0.009712934494018555
-1,1,1,-1,-1,1,-1,1,-1,-1,1,0.010044392384588718
-1,1,1,-1,-1,1,-1,1,-1,1,-1,0.009080934959153334
-1,1,1,-1,-1,1,-1,1,-1,1,1,0.009260913589969277
-1,1,1,-1,-1,1,-1,1,1,-1,-1,0.010108385002240539
-1,1,1,-1,-1,1,-1,1,1,-1,1,0.01022599016626676
-1,1,1,-1,-1,1,-1,1,1,1,-1,0.009388191625475883
-1,1,1,-1,-1,1,-1,1,1,1,1,0.009567316621541977
-1,1,1,-1,-1,1,1,-1,-1,-1,-1,0.010388945332831807
-1,1,1,-1,-1,1,1,-1,-1,-1,1,0.010704763958023654
-1,1,1,-1,-1,1,1,-1,-1,1,-1,0.009716494008898735
-1,1,1,-1,-1,1,1,-1,-1,1,1,0.010033396817743779
-1,1,1,-1,-1,1,1,-1,1,-1,-1,0.010527865495532751
-1,1,1,-1,-1,1,1,-1,1,-1,1,0.010955548845231533
-1,1,1,-1,-1,1,1,-1,1,1,-1,0.010000223759561777
-1,1,1,-1,-1,1,1,-1,1,1,1,0.010278419436266025
-1,1,1,-1,-1,1,1,1,-1,-1,-1,0.010200011233488718
-1,1,1,-1,-1,1,1,1,-1,-1,1,0.010449081504096588
-1,1,1,-1,-1,1,1,1,-1,1,-1,0.009509979239241644
-1,1,1,-1,-1,1,1,1,-1,1,1,0.00993317598477006
-1,1,1,-1,-1,1,1,1,1,-1,-1,0.010487636923789978
-1,1,1,-1,-1,1,1,1,1,-1,1,0.010671609702209631
-1,1,1,-1,-1,1,1,1,1,1,-1,0.009766525821760297
-1,1,1,-1,-1,1,1,1,1,1,1,0.01000515278428793
-1,1,1,-1,1,-1,-1,-1,-1,-1,-1,0.009849893301725388
-1,1,1,-1,1,-1,-1,-1,-1,-1,1,0.010075211524963379
-1,1,1,-1,1,-1,-1,-1,-1,1,-1,0.008977212011814117
-1,1,1,-1,1,-1,-1,-1,-1,1,1,0.009372083004564047
-1,1,1,-1,1,-1,-1,-1,1,-1,-1,0.009944782592356205
-1,1,1,-1,1,-1,-1,-1,1,-1,1,0.010130012563119331
-1,1,1,-1,1,-1,-1,-1,1,1,-1,0.00918819879492124
-1,1,1,-1,1,-1,-1,-1,1,1,1,0.009604912783418382
-1,1,1,-1,1,-1,-1,1,-1,-1,-1,0.00950216520577669
-1,1,1,-1,1,-1,-1,1,-1,-1,1,0.009853605646640062
-1,1,1,-1,1,-1,-1,1,-1,1,-1,0.008964192494750023
-1,1,1,-1,1,-1,-1,1,-1,1,1,0.009125567506998777
-1,1,1,-1,1,-1,-1,1,1,-1,-1,0.009696904104202986
-1,1,1,-1,1,-1,-1,1,1,-1,1,0.01001122035086155
-1,1,1,-1,1,-1,-1,1,1,1,-1,0.008942852328930582
-1,1,1,-1,1,-1,-1,1,1,1,1,0.009309730026870966
-1,1,1,-1,1,-1,1,-1,-1,-1,-1,0.010226594905058542
-1,1,1,-1,1,-1,1,-1,-1,-1,1,0.010551859624683857
-1,1,1,-1,1,-1,1,-1,-1,1,-1,0.00947810783982277
-1,1,1,-1,1,-1,1,-1,-1,1,1,0.009638790351649126
-1,1,1,-1,1,-1,1,-1,1,-1,-1,0.01031016232445836
-1,1,1,-1,1,-1,1,-1,1,-1,1,0.010735549964010715
-1,1,1,-1,1,-1,1,-1,1,1,-1,0.009460222907364368
-1,1,1,-1,1,-1,1,-1,1,1,1,0.009860027271012465
-1,1,1,-1,1,-1,1,1,-1,-1,-1,0.009986349381506443
-1,1,1,-1,1,-1,1,1,-1,-1,1,0.01023833081126213
-1,1,1,-1,1,-1,1,1,-1,1,-1,0.00921358447521925
-1,1,1,-1,1,-1,1,1,-1,1,1,0.009551496710628271
-1,1,1,-1,1,-1,1,1,1,-1,-1,0.010043539106845856
-1,1,1,-1,1,-1,1,1,1,-1,1,0.010483016492798924
-1,1,1,-1,1,-1,1,1,1,1,-1,0.0094090032701691
-1,1,1,-1,1,-1,1,1,1,1,1,0.009729265080144009
-1,1,1,-1,1,1,-1,-1,-1,-1,-1,0.009235333651304245
-1,1,1,-1,1,1,-1,-1,-1,-1,1,0.009574291296303272
-1,1,1,-1,1,1,-1,-1,-1,1,-1,0.008542309204737345
-1,1,1,-1,1,1,-1,-1,-1,1,1,0.008942200181384882
-1,1,1,-1,1,1,-1,-1,1,-1,-1,0.009449560402168168
-1,1,1,-1,1,1,-1,-1,1,-1,1,0.009653198067098856
-1,1,1,-1,1,1,-1,-1,1,1,-1,0.008687307392912251
-1,1,1,-1,1,1,-1,-1,1,1,1,0.008700268343091011
-1,1,1,-1,1,1,-1,1,-1,-1,-1,0.00900941640138626
-1,1,1,-1,1,1,-1,1,-1,-1,1,0.009320884943008423
-1,1,1,-1,1,1,-1,1,-1,1,-1,0.008305591131959642
-1,1,1,-1,1,1,-1,1,-1,1,1,0.008606179218207086
-1,1,1,-1,1,1,-1,1,1,-1,-1,0.009275283780880272
-1,1,1,-1,1,1,-1,1,1,-1,1,0.009495016187429428
-1,1,1,-1,1,1,-1,1,1,1,-1,0.008525677690548556
-1,1,1,-1,1,1,-1,1,1,1,1,0.008788293041288853
-1,1,1,-1,1,1,1,-1,-1,-1,-1,0.00966739592452844
-1,1,1,-1,1,1,1,-1,-1,-1,1,0.009972158586606383
-1,1,1,-1,1,1,1,-1,-1,1,-1,0.00902730505913496
-1,1,1,-1,1,1,1,-1,-1,1,1,0.009191307505326611
-1,1,1,-1,1,1,1,-1,1,-1,-1,0.009908989537507296
-1,1,1,-1,1,1,1,-1,1,-1,1,0.010176430456340313
-1,1,1,-1,1,1,1,-1,1,1,-1,0.008871686644852161
-1,1,1,-1,1,1,1,-1,1,1,1,0.009449529810808599
-1,1,1,-1,1,1,1,1,-1,-1,-1,0.009366640588268638
-1,1,1,-1,1,1,1,1,-1,-1,1,0.009688971750438213
-1,1,1,-1,1,1,1,1,-1,1,-1,0.008763954043388367
-1,1,1,-1,1,1,1,1,-1,1,1,0.00888133297363917
-1,1,1,-1,1,1,1,1,1,-1,-1,0.009758338332176208
-1,1,1,-1,1,1,1,1,1,-1,1,0.009948646339277426
-1,1,1,-1,1,1,1,1,1,1,-1,0.008851552731357515
-1,1,1,-1,1,1,1,1,1,1,1,0.009275776334106922
-1,1,1,1,-1,-1,-1,-1,-1,-1,-1,0.011275619268417358
-1,1,1,1,-1,-1,-1,-1,-1,-1,1,0.011506642447784543
-1,1,1,1,-1,-1,-1,-1,-1,1,-1,0.010525272952185737
-1,1,1,1,-1,-1,-1,-1,-1,1,1,0.010800471374144157
-1,1,1,1,-1,-1,-1,-1,1,-1,-1,0.011531890369951725
-1,1,1,1,-1,-1,-1,-1,1,-1,1,0.011797823011875153
-1,1,1,1,-1,-1,-1,-1,1,1,-1,0.010656600818037987
-1,1,1,1,-1,-1,-1,-1,1,1,1,0.01099839631933719
-1,1,1,1,-1,-1,-1,1,-1,-1,-1,0.011001270397433214
-1,1,1,1,-1,-1,-1,1,-1,-1,1,0.011349104965726534
-1,1,1,1,-1,-1,-1,1,-1,1,-1,0.010350539193799099
-1,1,1,1,-1,-1,-1,1,-1,1,1,0.01059290710836649
-1,1,1,1,-1,-1,-1,1,1,-1,-1,0.011172625469043851
-1,1,1,1,-1,-1,-1,1,1,-1,1,0.011624438501894475
-1,1,1,1,-1,-1,-1,1,1,1,-1,0.010528532943377892
-1,1,1,1,-1,-1,-1,1,1,1,1,0.010892367921769619
-1,1,1,1,-1,-1,1,-1,-1,-1,-1,0.011651337945035525
-1,1,1,1,-1,-1,1,-1,-1,-1,1,0.01191689313522407
-1,1,1,1,-1,-1,1,-1,-1,1,-1,0.01094735243047277
-1,1,1,1,-1,-1,1,-1,-1,1,1,0.011422303505241871
-1,1,1,1,-1,-1,1,-1,1,-1,-1,0.011794822663068772
-1,1,1,1,-1,-1,1,-1,1,-1,1,0.012030248219768206
-1,1,1,1,-1,-1,1,-1,1,1,-1,0.011007702443748713
-1,1,1,1,-1,-1,1,-1,1,1,1,0.011444580874272756
-1,1,1,1,-1,-1,1,1,-1,-1,-1,0.01141742686741054
-1,1,1,1,-1,-1,1,1,-1,-1,1,0.011667938902974129
-1,1,1,1,-1,-1,1,1,-1,1,-1,0.010764491744339466
-1,1,1,1,-1,-1,1,1,-1,1,1,0.011062396535029015
-1,1,1,1,-1,-1,1,1,1,-1,-1,0.011656607811649641
-1,1,1,1,-1,-1,1,1,1,-1,1,0.011979399559398493
-1,1,1,1,-1,-1,1,1,1,1,-1,0.010919671319425107
-1,1,1,1,-1,-1,1,1,1,1,1,0.011249819304794073
-1,1,1,1,-1,1,-1,-1,-1,-1,-1,0.010732187423855066
-1,1,1,1,-1,1,-1,-1,-1,-1,1,0.01095480788499117
-1,1,1,1,-1,1,-1,-1,-1,1,-1,0.009985495979587236
-1,1,1,1,-1,1,-1,-1,-1,1,1,0.010315809119492769
-1,1,1,1,-1,1,-1,-1,1,-1,-1,0.010909337899647653
-1,1,1,1,-1,1,-1,-1,1,-1,1,0.011133980782081684
-1,1,1,1,-1,1,-1,-1,1,1,-1,0.01010990763703982
-1,1,1,1,-1,1,-1,-1,1,1,1,0.010592363309115171
-1,1,1,1,-1,1,-1,1,-1,-1,-1,0.010514355264604092
-1,1,1,1,-1,1,-1,1,-1,-1,1,0.010725229446377074
-1,1,1,1,-1,1,-1,1,-1,1,-1,0.009805036087830862
-1,1,1,1,-1,1,-1,1,-1,1,1,0.009939274284988642
-1,1,1,1,-1,1,-1,1,1,-1,-1,0.010826327305819308
-1,1,1,1,-1,1,-1,1,1,-1,1,0.010811344720423222
-1,1,1,1,-1,1,-1,1,1,1,-1,0.009945433586835861
-1,1,1,1,-1,1,-1,1,1,1,1,0.010140136505166689
-1,1,1,1,-1,1,1,-1,-1,-1,-1,0.011067538522183895
-1,1,1,1,-1,1,1,-1,-1,-1,1,0.011360227263399534
-1,1,1,1,-1,1,1,-1,-1,1,-1,0.010361695351699987
-1,1,1,1,-1,1,1,-1,-1,1,1,0.010674737704296907
-1,1,1,1,-1,1,1,-1,1,-1,-1,0.011562595143914223
-1,1,1,1,-1,1,1,-1,1,-1,1,0.011705161737544196
-1,1,1,1,-1,1,1,-1,1,1,-1,0.010660514468327165
-1,1,1,1,-1,1,1,-1,1,1,1,0.010775631526485085
-1,1,1,1,-1,1,1,1,-1,-1,-1,0.010957066901028156
-1,1,1,1,-1,1,1,1,-1,-1,1,0.011183647128442923
-1,1,1,1,-1,1,1,1,-1,1,-1,0.010194146889261901
-1,1,1,1,-1,1,1,1,-1,1,1,0.010536398272961378
-1,1,1,1,-1,1,1,1,1,-1,-1,0.01102809477597475
-1,1,1,1,-1,1,1,1,1,-1,1,0.01138158727969442
-1,1,1,1,-1,1,1,1,1,1,-1,0.010376519290730357
-1,1,1,1,-1,1,1,1,1,1,1,0.010727159368495146
-1,1,1,1,1,-1,-1,-1,-1,-1,-1,0.010354774887673557
-1,1,1,1,1,-1,-1,-1,-1,-1,1,0.010828742602219185
-1,1,1,1,1,-1,-1,-1,-1,1,-1,0.00968179308498899
-1,1,1,1,1,-1,-1,-1,-1,1,1,0.00997183420177963
-1,1,1,1,1,-1,-1,-1,1,-1,-1,0.010634821684410175
-1,1,1,1,1,-1,-1,-1,1,-1,1,0.01092145669584473
-1,1,1,1,1,-1,-1,-1,1,1,-1,0.01002479251474142
-1,1,1,1,1,-1,-1,-1,1,1,1,0.010144740343093872
-1,1,1,1,1,-1,-1,1,-1,-1,-1,0.01027712319046259
-1,1,1,1,1,-1,-1,1,-1,-1,1,0.010601380094885825
-1,1,1,1,1,-1,-1,1,-1,1,-1,0.00952151311295373
-1,1,1,1,1,-1,-1,1,-1,1,1,0.009803997507939735
-1,1,1,1,1,-1,-1,1,1,-1,-1,0.010387076297774911
-1,1,1,1,1,-1,-1,1,1,-1,1,0.01073246861674956
-1,1,1,1,1,-1,-1,1,1,1,-1,0.009623711369931698
-1,1,1,1,1,-1,-1,1,1,1,1,0.010018530115485192
-1,1,1,1,1,-1,1,-1,-1,-1,-1,0.011018973030149936
-1,1,1,1,1,-1,1,-1,-1,-1,1,0.01108547616750002
-1,1,1,1,1,-1,1,-1,-1,1,-1,0.010149558773264289
-1,1,1,1,1,-1,1,-1,-1,1,1,0.010407765279524028
-1,1,1,1,1,-1,1,-1,1,-1,-1,0.011100719017641885
-1,1,1,1,1,-1,1,-1,1,-1,1,0.011399818235076964
-1,1,1,1,1,-1,1,-1,1,1,-1,0.010319124790839851
-1,1,1,1,1,-1,1,-1,1,1,1,0.010638114251196384
-1,1,1,1,1,-1,1,1,-1,-1,-1,0.010700031449752194
-1,1,1,1,1,-1,1,1,-1,-1,1,0.01067068986594677
-1,1,1,1,1,-1,1,1,-1,1,-1,0.009947894955985248
-1,1,1,1,1,-1,1,1,-1,1,1,0.010247055973325456
-1,1,1,1,1,-1,1,1,1,-1,-1,0.011081784963607788
-1,1,1,1,1,-1,1,1,1,-1,1,0.011196967214345932
-1,1,1,1,1,-1,1,1,1,1,-1,0.010253334883600473
-1,1,1,1,1,-1,1,1,1,1,1,0.010535212699323893
-1,1,1,1,1,1,-1,-1,-1,-1,-1,0.009921024087816477
-1,1,1,1,1,1,-1,-1,-1,-1,1,0.01026728400029242
-1,1,1,1,1,1,-1,-1,-1,1,-1,0.009232823736965656
-1,1,1,1,1,1,-1,-1,-1,1,1,0.009527899697422982
-1,1,1,1,1,1,-1,-1,1,-1,-1,0.010082927266401904
-1,1,1,1,1,1,-1,-1,1,-1,1,0.010376915646096071
-1,1,1,1,1,1,-1,-1,1,1,-1,0.009496712684631347
-1,1,1,1,1,1,-1,-1,1,1,1,0.009766777666906515
-1,1,1,1,1,1,-1,1,-1,-1,-1,0.009719938039779663
-1,1,1,1,1,1,-1,1,-1,-1,1,0.010041443320612112
-1,1,1,1,1,1,-1,1,-1,1,-1,0.008993391878902912
-1,1,1,1,1,1,-1,1,-1,1,1,0.009361157426610589
-1,1,1,1,1,1,-1,1,1,-1,-1,0.009931668639183044
-1,1,1,1,1,1,-1,1,1,-1,1,0.010236759004848344
-1,1,1,1,1,1,-1,1,1,1,-1,0.009200831099102894
-1,1,1,1,1,1,-1,1,1,1,1,0.009529516194015741
-1,1,1,1,1,1,1,-1,-1,-1,-1,0.010374023579061031
-1,1,1,1,1,1,1,-1,-1,-1,1,0.010536483256146312
-1,1,1,1,1,1,1,-1,-1,1,-1,0.009564638324081897
-1,1,1,1,1,1,1,-1,-1,1,1,0.009897997602820396
-1,1,1,1,1,1,1,-1,1,-1,-1,0.01058952435851097
-1,1,1,1,1,1,1,-1,1,-1,1,0.010744087398052216
-1,1,1,1,1,1,1,-1,1,1,-1,0.00985429435968399
-1,1,1,1,1,1,1,-1,1,1,1,0.010081597603857517
-1,1,1,1,1,1,1,1,-1,-1,-1,0.010035233106464148
-1,1,1,1,1,1,1,1,-1,-1,1,0.010486538987606764
-1,1,1,1,1,1,1,1,-1,1,-1,0.009534594137221575
-1,1,1,1,1,1,1,1,-1,1,1,0.009729372337460518
-1,1,1,1,1,1,1,1,1,-1,-1,0.010344657581299543
-1,1,1,1,1,1,1,1,1,-1,1,0.010647938586771488
-1,1,1,1,1,1,1,1,1,1,-1,0.009545710403472185
-1,1,1,1,1,1,1,1,1,1,1,0.009934121929109096
1,-1,-1,-1,-1,-1,-1,-1,-1,-1,-1,0.009055776707828044
1,-1,-1,-1,-1,-1,-1,-1,-1,-1,1,0.009367289720103145
1,-1,-1,-1,-1,-1,-1,-1,-1,1,-1,0.00851860037073493
1,-1,-1,-1,-1,-1,-1,-1,-1,1,1,0.008521265350282192
1,-1,-1,-1,-1,-1,-1,-1,1,-1,-1,0.009324327111244202
1,-1,-1,-1,-1,-1,-1,-1,1,-1,1,0.009575452655553818
1,-1,-1,-1,-1,-1,-1,-1,1,1,-1,0.00845936763410767
1,-1,-1,-1,-1,-1,-1,-1,1,1,1,0.008771608117967844
1,-1,-1,-1,-1,-1,-1,1,-1,-1,-1,0.008804860524833202
1,-1,-1,-1,-1,-1,-1,1,-1,-1,1,0.009083190467208624
1,-1,-1,-1,-1,-1,-1,1,-1,1,-1,0.008150685493918982
1,-1,-1,-1,-1,-1,-1,1,-1,1,1,0.008380500599741936
1,-1,-1,-1,-1,-1,-1,1,1,-1,-1,0.009066381336500248
1,-1,-1,-1,-1,-1,-1,1,1,-1,1,0.009296485222876072
1,-1,-1,-1,-1,-1,-1,1,1,1,-1,0.008419281803071499
1,-1,-1,-1,-1,-1,-1,1,1,1,1,0.008758667157962918
1,-1,-1,-1,-1,-1,1,-1,-1,-1,-1,0.009434533771127462
1,-1,-1,-1,-1,-1,1,-1,-1,-1,1,0.009602379985153675
1,-1,-1,-1,-1,-1,1,-1,-1,1,-1,0.008753858273848891
1,-1,-1,-1,-1,-1,1,-1,-1,1,1,0.009035559371113777
1,-1,-1,-1,-1,-1,1,-1,1,-1,-1,0.009705209638923407
1,-1,-1,-1,-1,-1,1,-1,1,-1,1,0.009962856397032737
1,-1,-1,-1,-1,-1,1,-1,1,1,-1,0.008956484230501311
1,-1,-1,-1,-1,-1,1,-1,1,1,1,0.009146066382527351
1,-1,-1,-1,-1,-1,1,1,-1,-1,-1,0.009227811979750792
1,-1,-1,-1,-1,-1,1,1,-1,-1,1,0.009337755851447582
1,-1,-1,-1,-1,-1,1,1,-1,1,-1,0.008525204689552387
1,-1,-1,-1,-1,-1,1,1,-1,1,1,0.008663070388138294
1,-1,-1,-1,-1,-1,1,1,1,-1,-1,0.009673664346337318
1,-1,-1,-1,-1,-1,1,1,1,-1,1,0.009705344680696726
1,-1,-1,-1,-1,-1,1,1,1,1,-1,0.00876288153231144
1,-1,-1,-1,-1,-1,1,1,1,1,1,0.008939704857766628
1,-1,-1,-1,-1,1,-1,-1,-1,-1,-1,0.008531471049146993
1,-1,-1,-1,-1,1,-1,-1,-1,-1,1,0.008904899004846811
1,-1,-1,-1,-1,1,-1,-1,-1,1,-1,0.00774798197671771
1,-1,-1,-1,-1,1,-1,-1,-1,1,1,0.00805311813019216
1,-1,-1,-1,-1,1,-1,-1,1,-1,-1,0.008724749786779284
1,-1,-1,-1,-1,1,-1,-1,1,-1,1,0.009018937358632684
1,-1,-1,-1,-1,1,-1,-1,1,1,-1,0.008009448492278656
1,-1,-1,-1,-1,1,-1,-1,1,1,1,0.0082076337809364
1,-1,-1,-1,-1,1,-1,1,-1,-1,-1,0.00823872753729423
1,-1,-1,-1,-1,1,-1,1,-1,-1,1,0.008660307686243738
1,-1,-1,-1,-1,1,-1,1,-1,1,-1,0.007555841401751552
1,-1,-1,-1,-1,1,-1,1,-1,1,1,0.00807861890643835
1,-1,-1,-1,-1,1,-1,1,1,-1,-1,0.00845861155539751
1,-1,-1,-1,-1,1,-1,1,1,-1,1,0.008846267281721035
1,-1,-1,-1,-1,1,-1,1,1,1,-1,0.007844389230012894
1,-1,-1,-1,-1,1,-1,1,1,1,1,0.008118716068565845
1,-1,-1,-1,-1,1,1,-1,-1,-1,-1,0.008822832522647721
1,-1,-1,-1,-1,1,1,-1,-1,-1,1,0.009361480362713337
1,-1,-1,-1,-1,1,1,-1,-1,1,-1,0.008309835102409124
1,-1,-1,-1,-1,1,1,-1,-1,1,1,0.00846926293646296
1,-1,-1,-1,-1,1,1,-1,1,-1,-1,0.00908303982578218
1,-1,-1,-1,-1,1,1,-1,1,-1,1,0.009465813450515271
1,-1,-1,-1,-1,1,1,-1,1,1,-1,0.008411375960956017
1,-1,-1,-1,-1,1,1,-1,1,1,1,0.008630710343519846
1,-1,-1,-1,-1,1,1,1,-1,-1,-1,0.008527460740879178
1,-1,-1,-1,-1,1,1,1,-1,-1,1,0.008965373246206177
1,-1,-1,-1,-1,1,1,1,-1,1,-1,0.007762715220451355
1,-1,-1,-1,-1,1,1,1,-1,1,1,0.008215647423639894
1,-1,-1,-1,-1,1,1,1,1,-1,-1,0.008941344358026982
1,-1,-1,-1,-1,1,1,1,1,-1,1,0.009317107312381268
1,-1,-1,-1,-1,1,1,1,1,1,-1,0.008219634049705096
1,-1,-1,-1,-1,1,1,1,1,1,1,0.008582763839513063
1,-1,-1,-1,1,-1,-1,-1,-1,-1,-1,0.008292486492012228
1,-1,-1,-1,1,-1,-1,-1,-1,-1,1,0.008559173555113375
1,-1,-1,-1,1,-1,-1,-1,-1,1,-1,0.007598466821946204
1,-1,-1,-1,1,-1,-1,-1,-1,1,1,0.007800230523571372
1,-1,-1,-1,1,-1,-1,-1,1,-1,-1,0.008353941887617112
1,-1,-1,-1,1,-1,-1,-1,1,-1,1,0.008766707343359789
1,-1,-1,-1,1,-1,-1,-1,1,1,-1,0.007612328510731459
1,-1,-1,-1,1,-1,-1,-1,1,1,1,0.008161448501050472
1,-1,-1,-1,1,-1,-1,1,-1,-1,-1,0.008054075895675592
1,-1,-1,-1,1,-1,-1,1,-1,-1,1,0.008274057414382696
1,-1,-1,-1,1,-1,-1,1,-1,1,-1,0.007356701315277153
1,-1,-1,-1,1,-1,-1,1,-1,1,1,0.0076309447176754475
1,-1,-1,-1,1,-1,-1,1,1,-1,-1,0.008331500614682833
1,-1,-1,-1,1,-1,-1,1,1,-1,1,0.008483171773453554
1,-1,-1,-1,1,-1,-1,1,1,1,-1,0.007537356344982982
1,-1,-1,-1,1,-1,-1,1,1,1,1,0.00778075132984668
1,-1,-1,-1,1,-1,1,-1,-1,-1,-1,0.008627779005716244
1,-1,-1,-1,1,-1,1,-1,-1,-1,1,0.00902584164092938
1,-1,-1,-1,1,-1,1,-1,-1,1,-1,0.007882766309194267
1,-1,-1,-1,1,-1,1,-1,-1,1,1,0.008186809252947569
1,-1,-1,-1,1,-1,1,-1,1,-1,-1,0.008842540439218283
1,-1,-1,-1,1,-1,1,-1,1,-1,1,0.009150220826268197
1,-1,-1,-1,1,-1,1,-1,1,1,-1,0.0082407146692276
1,-1,-1,-1,1,-1,1,-1,1,1,1,0.008398721925914288
1,-1,-1,-1,1,-1,1,1,-1,-1,-1,0.008381957188248634
1,-1,-1,-1,1,-1,1,1,-1,-1,1,0.008968362584710121
1,-1,-1,-1,1,-1,1,1,-1,1,-1,0.00778760543713967
1,-1,-1,-1,1,-1,1,1,-1,1,1,0.007931061011428634
1,-1,-1,-1,1,-1,1,1,1,-1,-1,0.008670327719300985
1,-1,-1,-1,1,-1,1,1,1,-1,1,0.008915182575583458
1,-1,-1,-1,1,-1,1,1,1,1,-1,0.008038613200187682
1,-1,-1,-1,1,-1,1,1,1,1,1,0.008232787251472473
1,-1,-1,-1,1,1,-1,-1,-1,-1,-1,0.007570635341107845
1,-1,-1,-1,1,1,-1,-1,-1,-1,1,0.008013372868299484
1,-1,-1,-1,1,1,-1,-1,-1,1,-1,0.007036879891529679
1,-1,-1,-1,1,1,-1,-1,-1,1,1,0.007317601969199521
1,-1,-1,-1,1,1,-1,-1,1,-1,-1,0.007981021329760552
1,-1,-1,-1,1,1,-1,-1,1,-1,1,0.008167235646396875
1,-1,-1,-1,1,1,-1,-1,1,1,-1,0.007230638619512319
1,-1,-1,-1,1,1,-1,-1,1,1,1,0.007457126630470157
1,-1,-1,-1,1,1,-1,1,-1,-1,-1,0.007522367173805833
1,-1,-1,-1,1,1,-1,1,-1,-1,1,0.007929259290297827
1,-1,-1,-1,1,1,-1,1,-1,1,-1,0.006852332968264818
1,-1,-1,-1,1,1,-1,1,-1,1,1,0.007050686702132225
1,-1,-1,-1,1,1,-1,1,1,-1,-1,0.007870969595387578
1,-1,-1,-1,1,1,-1,1,1,-1,1,0.008184252306818962
1,-1,-1,-1,1,1,-1,1,1,1,-1,0.007121345028281212
1,-1,-1,-1,1,1,-1,1,1,1,1,0.007320233038626611
1,-1,-1,-1,1,1,1,-1,-1,-1,-1,0.008097779160986343
1,-1,-1,-1,1,1,1,-1,-1,-1,1,0.008469359762966634
1,-1,-1,-1,1,1,1,-1,-1,1,-1,0.007428356562741101
1,-1,-1,-1,1,1,1,-1,-1,1,1,0.007698070909827948
1,-1,-1,-1,1,1,1,-1,1,-1,-1,0.008406646316871047
1,-1,-1,-1,1,1,1,-1,1,-1,1,0.00871932382384936
1,-1,-1,-1,1,1,1,-1,1,1,-1,0.007628440449479967
1,-1,-1,-1,1,1,1,-1,1,1,1,0.007815489545464516
1,-1,-1,-1,1,1,1,1,-1,-1,-1,0.007868930348195136
1,-1,-1,-1,1,1,1,1,-1,-1,1,0.008168757272263369
1,-1,-1,-1,1,1,1,1,-1,1,-1,0.007150318240746856
1,-1,-1,-1,1,1,1,1,-1,1,1,0.0075946908444166185
1,-1,-1,-1,1,1,1,1,1,-1,-1,0.008233205415308475
1,-1,-1,-1,1,1,1,1,1,-1,1,0.008495820499956609
1,-1,-1,-1,1,1,1,1,1,1,-1,0.007440073066391051
1,-1,-1,-1,1,1,1,1,1,1,1,0.00775641475671104
1,-1,-1,1,-1,-1,-1,-1,-1,-1,-1,0.009702765149995685
1,-1,-1,1,-1,-1,-1,-1,-1,-1,1,0.0100542037980631
1,-1,-1,1,-1,-1,-1,-1,-1,1,-1,0.009084349125623703
1,-1,-1,1,-1,-1,-1,-1,-1,1,1,0.009386306745000184
1,-1,-1,1,-1,-1,-1,-1,1,-1,-1,0.009938728572292761
1,-1,-1,1,-1,-1,-1,-1,1,-1,1,0.010226338170468807
1,-1,-1,1,-1,-1,-1,-1,1,1,-1,0.009224050678312778
1,-1,-1,1,-1,-1,-1,-1,1,1,1,0.00964963473379612
1,-1,-1,1,-1,-1,-1,1,-1,-1,-1,0.009482737863436341
1,-1,-1,1,-1,-1,-1,1,-1,-1,1,0.009873403934761882
1,-1,-1,1,-1,-1,-1,1,-1,1,-1,0.008828222518786788
1,-1,-1,1,-1,-1,-1,1,-1,1,1,0.009179917474587759
1,-1,-1,1,-1,-1,-1,1,1,-1,-1,0.009803565684705973
1,-1,-1,1,-1,-1,-1,1,1,-1,1,0.009940151241607964
1,-1,-1,1,-1,-1,-1,1,1,1,-1,0.00905563635751605
1,-1,-1,1,-1,-1,-1,1,1,1,1,0.009355895620371615
1,-1,-1,1,-1,-1,1,-1,-1,-1,-1,0.01031515677459538
1,-1,-1,1,-1,-1,1,-1,-1,-1,1,0.010533601604402065
1,-1,-1,1,-1,-1,1,-1,-1,1,-1,0.009378734044730663
1,-1,-1,1,-1,-1,1,-1,-1,1,1,0.009828560752794147
1,-1,-1,1,-1,-1,1,-1,1,-1,-1,0.010253396350890398
1,-1,-1,1,-1,-1,1,-1,1,-1,1,0.010606332495808602
1,-1,-1,1,-1,-1,1,-1,1,1,-1,0.009729503033061823
1,-1,-1,1,-1,-1,1,-1,1,1,1,0.009845416527241468
1,-1,-1,1,-1,-1,1,1,-1,-1,-1,0.0099881736561656
1,-1,-1,1,-1,-1,1,1,-1,-1,1,0.010235957934388093
1,-1,-1,1,-1,-1,1,1,-1,1,-1,0.00922235646950347
1,-1,-1,1,-1,-1,1,1,-1,1,1,0.00951673910021782
1,-1,-1,1,-1,-1,1,1,1,-1,-1,0.010047237388789654
1,-1,-1,1,-1,-1,1,1,1,-1,1,0.010476121306419372
1,-1,-1,1,-1,-1,1,1,1,1,-1,0.009556989930570126
1,-1,-1,1,-1,-1,1,1,1,1,1,0.009791877586394548
1,-1,-1,1,-1,1,-1,-1,-1,-1,-1,0.009125871118158102
1,-1,-1,1,-1,1,-1,-1,-1,-1,1,0.009490592870861292
1,-1,-1,1,-1,1,-1,-1,-1,1,-1,0.008487111423164606
1,-1,-1,1,-1,1,-1,-1,-1,1,1,0.008869132027029991
1,-1,-1,1,-1,1,-1,-1,1,-1,-1,0.009453776408918202
1,-1,-1,1,-1,1,-1,-1,1,-1,1,0.00976543128490448
1,-1,-1,1,-1,1,-1,-1,1,1,-1,0.008782817316906793
1,-1,-1,1,-1,1,-1,-1,1,1,1,0.009035475552082062
1,-1,-1,1,-1,1,-1,1,-1,-1,-1,0.008982963487505912
1,-1,-1,1,-1,1,-1,1,-1,-1,1,0.009337489260360599
1,-1,-1,1,-1,1,-1,1,-1,1,-1,0.008407308347523212
1,-1,-1,1,-1,1,-1,1,-1,1,1,0.008583937189541757
1,-1,-1,1,-1,1,-1,1,1,-1,-1,0.009188339269409576
1,-1,-1,1,-1,1,-1,1,1,-1,1,0.009565437212586403
1,-1,-1,1,-1,1,-1,1,1,1,-1,0.008544714855296271
1,-1,-1,1,-1,1,-1,1,1,1,1,0.008774258894845843
1,-1,-1,1,-1,1,1,-1,-1,-1,-1,0.009692728705704211
1,-1,-1,1,-1,1,1,-1,-1,-1,1,0.00993496658546584
1,-1,-1,1,-1,1,1,-1,-1,1,-1,0.008883214821772916
1,-1,-1,1,-1,1,1,-1,-1,1,1,0.00925592053681612
1,-1,-1,1,-1,1,1,-1,1,-1,-1,0.00980208138935268
1,-1,-1,1,-1,1,1,-1,1,-1,1,0.010140012949705124
1,-1,-1,1,-1,1,1,-1,1,1,-1,0.009174853097647429
1,-1,-1,1,-1,1,1,-1,1,1,1,0.009408034118158477
1,-1,-1,1,-1,1,1,1,-1,-1,-1,0.009454812854528427
1,-1,-1,1,-1,1,1,1,-1,-1,1,0.009762302041053772
1,-1,-1,1,-1,1,1,1,-1,1,-1,0.008671241413269724
1,-1,-1,1,-1,1,1,1,-1,1,1,0.009083744759360949
1,-1,-1,1,-1,1,1,1,1,-1,-1,0.009671573294326663
1,-1,-1,1,-1,1,1,1,1,-1,1,0.009819415242721638
1,-1,-1,1,-1,1,1,1,1,1,-1,0.008853757567703725
1,-1,-1,1,-1,1,1,1,1,1,1,0.009230754959086577
1,-1,-1,1,1,-1,-1,-1,-1,-1,-1,0.009208514355123043
1,-1,-1,1,1,-1,-1,-1,-1,-1,1,0.009269799416263899
1,-1,-1,1,1,-1,-1,-1,-1,1,-1,0.008301972411572933
1,-1,-1,1,1,-1,-1,-1,-1,1,1,0.008454813621938229
1,-1,-1,1,1,-1,-1,-1,1,-1,-1,0.00920069608837366
1,-1,-1,1,1,-1,-1,-1,1,-1,1,0.009584959285954634
1,-1,-1,1,1,-1,-1,-1,1,1,-1,0.008456860668957233
1,-1,-1,1,1,-1,-1,-1,1,1,1,0.008788302230338255
1,-1,-1,1,1,-1,-1,1,-1,-1,-1,0.008730901964008808
1,-1,-1,1,1,-1,-1,1,-1,-1,1,0.00898855458945036
1,-1,-1,1,1,-1,-1,1,-1,1,-1,0.007957839407026768
1,-1,-1,1,1,-1,-1,1,-1,1,1,0.008439239424963793
1,-1,-1,1,1,-1,-1,1,1,-1,-1,0.008778768125921488
1,-1,-1,1,1,-1,-1,1,1,-1,1,0.00923935929313302
1,-1,-1,1,1,-1,-1,1,1,1,-1,0.008276000219796385
1,-1,-1,1,1,-1,-1,1,1,1,1,0.008507212779174248
1,-1,-1,1,1,-1,1,-1,-1,-1,-1,0.00925402157008648
1,-1,-1,1,1,-1,1,-1,-1,-1,1,0.009779355255886912
1,-1,-1,1,1,-1,1,-1,-1,1,-1,0.008711412948157107
1,-1,-1,1,1,-1,1,-1,-1,1,1,0.008883892159376825
1,-1,-1,1,1,-1,1,-1,1,-1,-1,0.00947933942079544
1,-1,-1,1,1,-1,1,-1,1,-1,1,0.00991612592978137
1,-1,-1,1,1,-1,1,-1,1,1,-1,0.008959227474406362
1,-1,-1,1,1,-1,1,-1,1,1,1,0.009160309098660946
1,-1,-1,1,1,-1,1,1,-1,-1,-1,0.009127165035655102
1,-1,-1,1,1,-1,1,1,-1,-1,1,0.009430788146952787
1,-1,-1,1,1,-1,1,1,-1,1,-1,0.008325367234647274
1,-1,-1,1,1,-1,1,1,-1,1,1,0.008882598641018072
1,-1,-1,1,1,-1,1,1,1,-1,-1,0.009257788304239511
1,-1,-1,1,1,-1,1,1,1,-1,1,0.009686022065579891
1,-1,-1,1,1,-1,1,1,1,1,-1,0.00864153370882074
1,-1,-1,1,1,-1,1,1,1,1,1,0.008814824745059013
1,-1,-1,1,1,1,-1,-1,-1,-1,-1,0.008518579312496714
1,-1,-1,1,1,1,-1,-1,-1,-1,1,0.008748627034947276
1,-1,-1,1,1,1,-1,-1,-1,1,-1,0.007760737091302872
1,-1,-1,1,1,1,-1,-1,-1,1,1,0.008019760809838771
1,-1,-1,1,1,1,-1,-1,1,-1,-1,0.008588892221450806
1,-1,-1,1,1,1,-1,-1,1,-1,1,0.008929422590881586
1,-1,-1,1,1,1,-1,-1,1,1,-1,0.00795817282050848
1,-1,-1,1,1,1,-1,-1,1,1,1,0.008249411475844681
1,-1,-1,1,1,1,-1,1,-1,-1,-1,0.008191214874386787
1,-1,-1,1,1,1,-1,1,-1,-1,1,0.008372202360381683
1,-1,-1,1,1,1,-1,1,-1,1,-1,0.0074904076755046844
1,-1,-1,1,1,1,-1,1,-1,1,1,0.007927057798951864
1,-1,-1,1,1,1,-1,1,1,-1,-1,0.008355847426823207
1,-1,-1,1,1,1,-1,1,1,-1,1,0.008719786419533193
1,-1,-1,1,1,1,-1,1,1,1,-1,0.007860597688704729
1,-1,-1,1,1,1,-1,1,1,1,1,0.007948643527925014
1,-1,-1,1,1,1,1,-1,-1,-1,-1,0.008892842009663582
1,-1,-1,1,1,1,1,-1,-1,-1,1,0.00908983387053013
1,-1,-1,1,1,1,1,-1,-1,1,-1,0.008189731044694781
1,-1,-1,1,1,1,1,-1,-1,1,1,0.008450690910897472
1,-1,-1,1,1,1,1,-1,1,-1,-1,0.008942814730107784
1,-1,-1,1,1,1,1,-1,1,-1,1,0.009249432012438774
1,-1,-1,1,1,1,1,-1,1,1,-1,0.008253210224211216
1,-1,-1,1,1,1,1,-1,1,1,1,0.008631129616073199
1,-1,-1,1,1,1,1,1,-1,-1,-1,0.00874653784558177
1,-1,-1,1,1,1,1,1,-1,-1,1,0.008917369724561771
1,-1,-1,1,1,1,1,1,-1,1,-1,0.007952217943966389
1,-1,-1,1,1,1,1,1,-1,1,1,0.00827300688251853
1,-1,-1,1,1,1,1,1,1,-1,-1,0.008784367702901363
1,-1,-1,1,1,1,1,1,1,-1,1,0.009129665171106657
1,-1,-1,1,1,1,1,1,1,1,-1,0.008142779814079404
1,-1,-1,1,1,1,1,1,1,1,1,0.008415852983792623
1,-1,1,-1,-1,-1,-1,-1,-1,-1,-1,0.009374388493597507
1,-1,1,-1,-1,-1,-1,-1,-1,-1,1,0.009788301773369312
1,-1,1,-1,-1,-1,-1,-1,-1,1,-1,0.008637866005301476
1,-1,1,-1,-1,-1,-1,-1,-1,1,1,0.008994580712169409
1,-1,1,-1,-1,-1,-1,-1,1,-1,-1,0.009515841957181692
1,-1,1,-1,-1,-1,-1,-1,1,-1,1,0.009774104558995791
1,-1,1,-1,-1,-1,-1,-1,1,1,-1,0.008692044299095869
1,-1,1,-1,-1,-1,-1,-1,1,1,1,0.009036585378150145
1,-1,1,-1,-1,-1,-1,1,-1,-1,-1,0.009188918396830559
1,-1,1,-1,-1,-1,-1,1,-1,-1,1,0.009436266496777534
1,-1,1,-1,-1,-1,-1,1,-1,1,-1,0.008350308518856764
1,-1,1,-1,-1,-1,-1,1,-1,1,1,0.008752599513779083
1,-1,1,-1,-1,-1,-1,1,1,-1,-1,0.00933261231208841
1,-1,1,-1,-1,-1,-1,1,1,-1,1,0.009611740009859204
1,-1,1,-1,-1,-1,-1,1,1,1,-1,0.008612316101789474
1,-1,1,-1,-1,-1,-1,1,1,1,1,0.008933529444038867
1,-1,1,-1,-1,-1,1,-1,-1,-1,-1,0.009824695996940136
1,-1,1,-1,-1,-1,1,-1,-1,-1,1,0.010020001015315453
1,-1,1,-1,-1,-1,1,-1,-1,1,-1,0.009199239624043306
1,-1,1,-1,-1,-1,1,-1,-1,1,1,0.009360632060893945
1,-1,1,-1,-1,-1,1,-1,1,-1,-1,0.009969850225994984
1,-1,1,-1,-1,-1,1,-1,1,-1,1,0.01023799180984497
1,-1,1,-1,-1,-1,1,-1,1,1,-1,0.009287929395213723
1,-1,1,-1,-1,-1,1,-1,1,1,1,0.00968562113121152
1,-1,1,-1,-1,-1,1,1,-1,-1,-1,0.00947200662146012
1,-1,1,-1,-1,-1,1,1,-1,-1,1,0.009848293475806713
1,-1,1,-1,-1,-1,1,1,-1,1,-1,0.00884845033288002
1,-1,1,-1,-1,-1,1,1,-1,1,1,0.009078909875825047
1,-1,1,-1,-1,-1,1,1,1,-1,-1,0.009664424229413271
1,-1,1,-1,-1,-1,1,1,1,-1,1,0.010122846501568953
1,-1,1,-1,-1,-1,1,1,1,1,-1,0.009008750319480896
1,-1,1,-1,-1,-1,1,1,1,1,1,0.009341430384665728
1,-1,1,-1,-1,1,-1,-1,-1,-1,-1,0.00886208820156753
1,-1,1,-1,-1,1,-1,-1,-1,-1,1,0.00914432154968381
1,-1,1,-1,-1,1,-1,-1,-1,1,-1,0.00812046299688518
1,-1,1,-1,-1,1,-1,-1,-1,1,1,0.008481277773777643
1,-1,1,-1,-1,1,-1,-1,1,-1,-1,0.009038946498185397
1,-1,1,-1,-1,1,-1,-1,1,-1,1,0.00922735749433438
1,-1,1,-1,-1,1,-1,-1,1,1,-1,0.008271560538560152
1,-1,1,-1,-1,1,-1,-1,1,1,1,0.008670761249959469
1,-1,1,-1,-1,1,-1,1,-1,-1,-1,0.008597967680543661
1,-1,1,-1,-1,1,-1,1,-1,-1,1,0.008846222655847669
1,-1,1,-1,-1,1,-1,1,-1,1,-1,0.007902672048658133
1,-1,1,-1,-1,1,-1,1,-1,1,1,0.008101037082572779
1,-1,1,-1,-1,1,-1,1,1,-1,-1,0.00875631207600236
1,-1,1,-1,-1,1,-1,1,1,-1,1,0.009114318394235202
1,-1,1,-1,-1,1,-1,1,1,1,-1,0.007948881946504116
1,-1,1,-1,-1,1,-1,1,1,1,1,0.008339010644704103
1,-1,1,-1,-1,1,1,-1,-1,-1,-1,0.009096485562622547
1,-1,1,-1,-1,1,1,-1,-1,-1,1,0.009539124788716435
1,-1,1,-1,-1,1,1,-1,-1,1,-1,0.008520054630935192
1,-1,1,-1,-1,1,1,-1,-1,1,1,0.00882940242687861
1,-1,1,-1,-1,1,1,-1,1,-1,-1,0.009409974794834852
1,-1,1,-1,-1,1,1,-1,1,-1,1,0.009664606302976608
1,-1,1,-1,-1,1,1,-1,1,1,-1,0.008700199824358736
1,-1,1,-1,-1,1,1,-1,1,1,1,0.00906555876135826
1,-1,1,-1,-1,1,1,1,-1,-1,-1,0.008846552111208439
1,-1,1,-1,-1,1,1,1,-1,-1,1,0.009417382534593344
1,-1,1,-1,-1,1,1,1,-1,1,-1,0.008279752762367329
1,-1,1,-1,-1,1,1,1,-1,1,1,0.008697210811078548
1,-1,1,-1,-1,1,1,1,1,-1,-1,0.009180983994156122
1,-1,1,-1,-1,1,1,1,1,-1,1,0.009418337023817003
1,-1,1,-1,-1,1,1,1,1,1,-1,0.008564128230015436
1,-1,1,-1,-1,1,1,1,1,1,1,0.008828753295044104
1,-1,1,-1,1,-1,-1,-1,-1,-1,-1,0.008518340531736612
1,-1,1,-1,1,-1,-1,-1,-1,-1,1,0.008872448280453683
1,-1,1,-1,1,-1,-1,-1,-1,1,-1,0.007840054264913002
1,-1,1,-1,1,-1,-1,-1,-1,1,1,0.008236297755502164
1,-1,1,-1,1,-1,-1,-1,1,-1,-1,0.00886547500267625
1,-1,1,-1,1,-1,-1,-1,1,-1,1,0.009063062956556678
1,-1,1,-1,1,-1,-1,-1,1,1,-1,0.007961721532046795
1,-1,1,-1,1,-1,-1,-1,1,1,1,0.008430011570453644
1,-1,1,-1,1,-1,-1,1,-1,-1,-1,0.008312640711665154
1,-1,1,-1,1,-1,-1,1,-1,-1,1,0.008578414873530468
1,-1,1,-1,1,-1,-1,1,-1,1,-1,0.00759333252374615
1,-1,1,-1,1,-1,-1,1,-1,1,1,0.008013415895402432
1,-1,1,-1,1,-1,-1,1,1,-1,-1,0.008533641695976257
1,-1,1,-1,1,-1,-1,1,1,-1,1,0.008834404405206442
1,-1,1,-1,1,-1,-1,1,1,1,-1,0.007840809528715909
1,-1,1,-1,1,-1,-1,1,1,1,1,0.00813562935218215
1,-1,1,-1,1,-1,1,-1,-1,-1,-1,0.008975017815828323
1,-1,1,-1,1,-1,1,-1,-1,-1,1,0.009193157590925694
1,-1,1,-1,1,-1,1,-1,-1,1,-1,0.008298712084069848
1,-1,1,-1,1,-1,1,-1,-1,1,1,0.008638410596176982
1,-1,1,-1,1,-1,1,-1,1,-1,-1,0.009307976501683394
1,-1,1,-1,1,-1,1,-1,1,-1,1,0.009506152096119795
1,-1,1,-1,1,-1,1,-1,1,1,-1,0.008467107196338475
1,-1,1,-1,1,-1,1,-1,1,1,1,0.00874967803247273
1,-1,1,-1,1,-1,1,1,-1,-1,-1,0.008724860264919698
1,-1,1,-1,1,-1,1,1,-1,-1,1,0.009118315763771534
1,-1,1,-1,1,-1,1,1,-1,1,-1,0.007969283126294613
1,-1,1,-1,1,-1,1,1,-1,1,1,0.008426770195364952
1,-1,1,-1,1,-1,1,1,1,-1,-1,0.008860025554895401
1,-1,1,-1,1,-1,1,1,1,-1,1,0.00930335815064609
1,-1,1,-1,1,-1,1,1,1,1,-1,0.00819046851247549
1,-1,1,-1,1,-1,1,1,1,1,1,0.008437227768202623
1,-1,1,-1,1,1,-1,-1,-1,-1,-1,0.008016666087011496
1,-1,1,-1,1,1,-1,-1,-1,-1,1,0.008247512392699718
1,-1,1,-1,1,1,-1,-1,-1,1,1,0.007775531150400639
1,-1,1,-1,1,1,-1,-1,1,-1,-1,0.008106660097837448
1,-1,1,-1,1,1,-1,-1,1,-1,1,0.008546529492984215
1,-1,1,-1,1,1,-1,-1,1,1,-1,0.00741755124181509
1,-1,1,-1,1,1,-1,-1,1,1,1,0.007802635058760643
1,-1,1,-1,1,1,-1,1,-1,-1,-1,0.007761181681416929
1,-1,1,-1,1,1,-1,1,-1,-1,1,0.00812059992717372
1,-1,1,-1,1,1,-1,1,-1,1,-1,0.007062484820683797
1,-1,1,-1,1,1,-1,1,-1,1,1,0.0074244084147115546
1,-1,1,-1,1,1,-1,1,1,-1,-1,0.007979805943452649
1,-1,1,-1,1,1,-1,1,1,-1,1,0.008393149822950363
1,-1,1,-1,1,1,-1,1,1,1,-1,0.007270160410553217
1,-1,1,-1,1,1,-1,1,1,1,1,0.007585148016611735
1,-1,1,-1,1,1,1,-1,-1,-1,-1,0.008341338019818068
1,-1,1,-1,1,1,1,-1,-1,-1,1,0.008732889778912067
1,-1,1,-1,1,1,1,-1,-1,1,-1,0.007752593606710434
1,-1,1,-1,1,1,1,-1,-1,1,1,0.008028860844206065
1,-1,1,-1,1,1,1,-1,1,-1,-1,0.008560554869472981
1,-1,1,-1,1,1,1,-1,1,-1,1,0.00899046054109931
1,-1,1,-1,1,1,1,-1,1,1,-1,0.007949937600642443
1,-1,1,-1,1,1,1,-1,1,1,1,0.008114212192595005
1,-1,1,-1,1,1,1,1,-1,-1,-1,0.008321243648727735
1,-1,1,-1,1,1,1,1,-1,-1,1,0.008545964211225509
1,-1,1,-1,1,1,1,1,-1,1,-1,0.007489162217825651
1,-1,1,-1,1,1,1,1,-1,1,1,0.007879276294261217
1,-1,1,-1,1,1,1,1,1,-1,-1,0.008334758691489697
1,-1,1,-1,1,1,1,1,1,-1,1,0.008845429867506027
1,-1,1,-1,1,1,1,1,1,1,-1,0.007594909518957138
1,-1,1,-1,1,1,1,1,1,1,1,0.008132961578667164
1,-1,1,1,-1,-1,-1,-1,-1,-1,-1,0.009900241158902645
1,-1,1,1,-1,-1,-1,-1,-1,-1,1,0.010281161006007875
1,-1,1,1,-1,-1,-1,-1,-1,1,-1,0.00936086755245924
1,-1,1,1,-1,-1,-1,-1,-1,1,1,0.00960903661325574
1,-1,1,1,-1,-1,-1,-1,1,-1,1,0.010518055719633898
1,-1,1,1,-1,-1,-1,-1,1,1,-1,0.009487829403951764
1,-1,1,1,-1,-1,-1,-1,1,1,1,0.00982067095381873
1,-1,1,1,-1,-1,-1,1,-1,-1,-1,0.009765092981979251
1,-1,1,1,-1,-1,-1,1,-1,-1,1,0.01022396155167371
1,-1,1,1,-1,-1,-1,1,-1,1,-1,0.00910453281054894
1,-1,1,1,-1,-1,-1,1,-1,1,1,0.00943458778783679
1,-1,1,1,-1,-1,-1,1,1,-1,-1,0.010179022327065468
1,-1,1,1,-1,-1,-1,1,1,-1,1,0.010202466510236263
1,-1,1,1,-1,-1,-1,1,1,1,-1,0.00935788033530116
1,-1,1,1,-1,-1,-1,1,1,1,1,0.009577283449470998
1,-1,1,1,-1,-1,1,-1,-1,-1,-1,0.010616098530590534
1,-1,1,1,-1,-1,1,-1,-1,-1,1,0.010756281204521656
1,-1,1,1,-1,-1,1,-1,-1,1,-1,0.009843883104622364
1,-1,1,1,-1,-1,1,-1,-1,1,1,0.010110922157764435
1,-1,1,1,-1,-1,1,-1,1,-1,1,0.010929391187216555
1,-1,1,1,-1,-1,1,-1,1,1,-1,0.010008551180362701
1,-1,1,1,-1,-1,1,-1,1,1,1,0.010179802589118481
1,-1,1,1,-1,-1,1,1,-1,-1,-1,0.010301839405049881
1,-1,1,1,-1,-1,1,1,-1,-1,1,0.010450874455273151
1,-1,1,1,-1,-1,1,1,-1,1,-1,0.00954727758653462
1,-1,1,1,-1,-1,1,1,-1,1,1,0.00984818415923251
1,-1,1,1,-1,-1,1,1,1,-1,-1,0.01040656239326511
1,-1,1,1,-1,-1,1,1,1,-1,1,0.010615715757012367
1,-1,1,1,-1,-1,1,1,1,1,-1,0.00988581357523799
1,-1,1,1,-1,-1,1,1,1,1,1,0.009982073945658547
1,-1,1,1,-1,1,-1,-1,-1,-1,-1,0.009540959054397212
1,-1,1,1,-1,1,-1,-1,-1,-1,1,0.009760215257604917
1,-1,1,1,-1,1,-1,-1,-1,1,-1,0.008821037287513414
1,-1,1,1,-1,1,-1,-1,-1,1,1,0.009101346756021181
1,-1,1,1,-1,1,-1,-1,1,-1,-1,0.009634011052548885
1,-1,1,1,-1,1,-1,-1,1,-1,1,0.010063036034504572
1,-1,1,1,-1,1,-1,-1,1,1,-1,0.009014801255294256
1,-1,1,1,-1,1,-1,-1,1,1,1,0.009309256242381202
1,-1,1,1,-1,1,-1,1,-1,-1,-1,0.009316955227404833
1,-1,1,1,-1,1,-1,1,-1,1,-1,0.008630191109010152
1,-1,1,1,-1,1,-1,1,-1,1,1,0.009026884799823165
1,-1,1,1,-1,1,-1,1,1,-1,-1,0.009394173324108124
1,-1,1,1,-1,1,-1,1,1,-1,1,0.009606938995420932
1,-1,1,1,-1,1,-1,1,1,1,-1,0.00882172049023211
1,-1,1,1,-1,1,-1,1,1,1,1,0.008926824666559696
1,-1,1,1,-1,1,1,-1,-1,-1,-1,0.009921295801177621
1,-1,1,1,-1,1,1,-1,-1,-1,1,0.010102292988449335
1,-1,1,1,-1,1,1,-1,-1,1,-1,0.00933806411921978
1,-1,1,1,-1,1,1,-1,-1,1,1,0.009459119290113449
1,-1,1,1,-1,1,1,-1,1,-1,-1,0.010234274435788393
1,-1,1,1,-1,1,1,-1,1,-1,1,0.010290163968290602
1,-1,1,1,-1,1,1,-1,1,1,-1,0.009466775320470333
1,-1,1,1,-1,1,1,-1,1,1,1,0.009722144963840643
1,-1,1,1,-1,1,1,1,-1,-1,-1,0.00973466970026493
1,-1,1,1,-1,1,1,1,-1,-1,1,0.009963078424334526
1,-1,1,1,-1,1,1,1,-1,1,-1,0.008991849091317918
1,-1,1,1,-1,1,1,1,-1,1,1,0.009336789759496847
1,-1,1,1,-1,1,1,1,1,-1,-1,0.009916589688509702
1,-1,1,1,-1,1,1,1,1,-1,1,0.010175446420907975
1,-1,1,1,-1,1,1,1,1,1,-1,0.009201203938573599
1,-1,1,1,-1,1,1,1,1,1,1,0.009284105151891708
1,-1,1,1,1,-1,-1,-1,-1,-1,-1,0.00898460578173399
1,-1,1,1,1,-1,-1,-1,-1,-1,1,0.009516486277182898
1,-1,1,1,1,-1,-1,-1,-1,1,-1,0.008611361030489206
1,-1,1,1,1,-1,-1,-1,-1,1,1,0.008760453574359417
1,-1,1,1,1,-1,-1,-1,1,-1,-1,0.009567072847858071
1,-1,1,1,1,-1,-1,-1,1,-1,1,0.00962242716923356
1,-1,1,1,1,-1,-1,-1,1,1,-1,0.00874993298202753
1,-1,1,1,1,-1,-1,-1,1,1,1,0.009113104781135917
1,-1,1,1,1,-1,-1,1,-1,-1,-1,0.009127382189035416
1,-1,1,1,1,-1,-1,1,-1,-1,1,0.009286991235884752
1,-1,1,1,1,-1,-1,1,-1,1,-1,0.008375434204936028
1,-1,1,1,1,-1,-1,1,-1,1,1,0.00865722033712599
1,-1,1,1,1,-1,-1,1,1,-1,-1,0.009277706655363241
1,-1,1,1,1,-1,-1,1,1,-1,1,0.009518172591924667
1,-1,1,1,1,-1,-1,1,1,1,-1,0.008522629116972288
1,-1,1,1,1,-1,-1,1,1,1,1,0.008840039372444153
1,-1,1,1,1,-1,1,-1,-1,-1,-1,0.009626399166882038
1,-1,1,1,1,-1,1,-1,-1,-1,1,0.009919819887727499
1,-1,1,1,1,-1,1,-1,-1,1,-1,0.008991809096187353
1,-1,1,1,1,-1,1,-1,-1,1,1,0.009172998368740082
1,-1,1,1,1,-1,1,-1,1,-1,-1,0.0098282340914011
1,-1,1,1,1,-1,1,-1,1,-1,1,0.010185523983091116
1,-1,1,1,1,-1,1,-1,1,1,-1,0.00915561500005424
1,-1,1,1,1,-1,1,-1,1,1,1,0.00951690852109875
1,-1,1,1,1,-1,1,1,-1,-1,-1,0.009501579962670804
1,-1,1,1,1,-1,1,1,-1,-1,1,0.00971626816317439
1,-1,1,1,1,-1,1,1,-1,1,-1,0.008761919879664978
1,-1,1,1,1,-1,1,1,-1,1,1,0.009125697426497936
1,-1,1,1,1,-1,1,1,1,-1,-1,0.009640563512220979
1,-1,1,1,1,-1,1,1,1,-1,1,0.009982888276378313
1,-1,1,1,1,-1,1,1,1,1,-1,0.009017431798080603
1,-1,1,1,1,-1,1,1,1,1,1,0.00907172542065382
1,-1,1,1,1,1,-1,-1,-1,-1,-1,0.008582008071243763
1,-1,1,1,1,1,-1,-1,-1,-1,1,0.008967029862105846
1,-1,1,1,1,1,-1,-1,-1,1,-1,0.008016620576381684
1,-1,1,1,1,1,-1,-1,-1,1,1,0.008360654232092202
1,-1,1,1,1,1,-1,-1,1,-1,-1,0.00892482534982264
1,-1,1,1,1,1,-1,-1,1,-1,1,0.0092851168786486
1,-1,1,1,1,1,-1,-1,1,1,-1,0.00815078467130661
1,-1,1,1,1,1,-1,-1,1,1,1,0.00840589931855599
1,-1,1,1,1,1,-1,1,-1,-1,-1,0.0086527313105762
1,-1,1,1,1,1,-1,1,-1,-1,1,0.008816068060696125
1,-1,1,1,1,1,-1,1,-1,1,-1,0.007942795753479004
1,-1,1,1,1,1,-1,1,-1,1,1,0.00813826359808445
1,-1,1,1,1,1,-1,1,1,-1,-1,0.008609191281720996
1,-1,1,1,1,1,-1,1,1,-1,1,0.008998364210128784
1,-1,1,1,1,1,-1,1,1,1,-1,0.007928629147095812
1,-1,1,1,1,1,-1,1,1,1,1,0.008294226136058569
1,-1,1,1,1,1,1,-1,-1,-1,-1,0.00918785878457129
1,-1,1,1,1,1,1,-1,-1,-1,1,0.009369178808161191
1,-1,1,1,1,1,1,-1,-1,1,-1,0.00834009051322937
1,-1,1,1,1,1,1,-1,-1,1,1,0.008754493979116281
1,-1,1,1,1,1,1,-1,1,-1,-1,0.009289190794030825
1,-1,1,1,1,1,1,-1,1,-1,1,0.009600719437003136
1,-1,1,1,1,1,1,-1,1,1,-1,0.008717753551900386
1,-1,1,1,1,1,1,-1,1,1,1,0.009111190214753151
1,-1,1,1,1,1,1,1,-1,-1,-1,0.009029100835323333
1,-1,1,1,1,1,1,1,-1,-1,1,0.009216516045853496
1,-1,1,1,1,1,1,1,-1,1,-1,0.008148810671021542
1,-1,1,1,1,1,1,1,-1,1,1,0.008467000909149647
1,-1,1,1,1,1,1,1,1,-1,-1,0.009012278479834398
1,-1,1,1,1,1,1,1,1,-1,1,0.009470503404736519
1,-1,1,1,1,1,1,1,1,1,-1,0.008424965664744377
1,-1,1,1,1,1,1,1,1,1,1,0.008600358385592699
1,1,-1,-1,-1,-1,-1,-1,-1,-1,-1,0.009644863350937763
1,1,-1,-1,-1,-1,-1,-1,-1,-1,1,0.01002834333727757
1,1,-1,-1,-1,-1,-1,-1,-1,1,-1,0.00899902991950512
1,1,-1,-1,-1,-1,-1,-1,-1,1,1,0.009413993917405605
1,1,-1,-1,-1,-1,-1,-1,1,-1,-1,0.009892274625599384
1,1,-1,-1,-1,-1,-1,-1,1,-1,1,0.010128637589514256
1,1,-1,-1,-1,-1,-1,-1,1,1,-1,0.009144594892859459
1,1,-1,-1,-1,-1,-1,-1,1,1,1,0.009399430826306343
1,1,-1,-1,-1,-1,-1,1,-1,-1,-1,0.009414255885141236
1,1,-1,-1,-1,-1,-1,1,-1,-1,1,0.00976070078710715
1,1,-1,-1,-1,-1,-1,1,-1,1,-1,0.008768506880317415
1,1,-1,-1,-1,-1,-1,1,-1,1,1,0.009047302789986134
1,1,-1,-1,-1,-1,-1,1,1,-1,-1,0.009601007495075465
1,1,-1,-1,-1,-1,-1,1,1,1,-1,0.009020085260272027
1,1,-1,-1,-1,-1,-1,1,1,1,1,0.009482420980930328
1,1,-1,-1,-1,-1,1,-1,-1,-1,-1,0.010124256919053469
1,1,-1,-1,-1,-1,1,-1,-1,-1,1,0.010432088281959295
1,1,-1,-1,-1,-1,1,-1,-1,1,-1,0.009378227715690931
1,1,-1,-1,-1,-1,1,-1,-1,1,1,0.009501456748694181
1,1,-1,-1,-1,-1,1,-1,1,-1,-1,0.01038038544356823
1,1,-1,-1,-1,-1,1,-1,1,-1,1,0.010566895295466696
1,1,-1,-1,-1,-1,1,-1,1,1,-1,0.009454752318561077
1,1,-1,-1,-1,-1,1,-1,1,1,1,0.009862279674659172
1,1,-1,-1,-1,-1,1,1,-1,-1,-1,0.00984742771834135
1,1,-1,-1,-1,-1,1,1,-1,-1,1,0.010177526312569777
1,1,-1,-1,-1,-1,1,1,-1,1,-1,0.009200270287692547
1,1,-1,-1,-1,-1,1,1,-1,1,1,0.009552355855703354
1,1,-1,-1,-1,-1,1,1,1,-1,-1,0.010134281901021799
1,1,-1,-1,-1,-1,1,1,1,-1,1,0.01048307012145718
1,1,-1,-1,-1,-1,1,1,1,1,-1,0.00935532134026289
1,1,-1,-1,-1,-1,1,1,1,1,1,0.009754678855339685
1,1,-1,-1,-1,1,-1,-1,-1,-1,-1,0.009145719154427448
1,1,-1,-1,-1,1,-1,-1,-1,-1,1,0.009467903757467866
1,1,-1,-1,-1,1,-1,-1,-1,1,-1,0.008765300270169973
1,1,-1,-1,-1,1,-1,-1,-1,1,1,0.008762919064611196
1,1,-1,-1,-1,1,-1,-1,1,-1,-1,0.009531568503007293
1,1,-1,-1,-1,1,-1,-1,1,-1,1,0.009634566626378469
1,1,-1,-1,-1,1,-1,-1,1,1,-1,0.008731589652597904
1,1,-1,-1,-1,1,-1,-1,1,1,1,0.008932988392189145
1,1,-1,-1,-1,1,-1,1,-1,-1,-1,0.008946746587753296
1,1,-1,-1,-1,1,-1,1,-1,-1,1,0.009141392540186644
1,1,-1,-1,-1,1,-1,1,-1,1,-1,0.008307200507260859
1,1,-1,-1,-1,1,-1,1,-1,1,1,0.008490080572664737
1,1,-1,-1,-1,1,-1,1,1,-1,-1,0.00918454568212231
1,1,-1,-1,-1,1,-1,1,1,-1,1,0.00944068469107151
1,1,-1,-1,-1,1,-1,1,1,1,-1,0.008522243984043599
1,1,-1,-1,-1,1,-1,1,1,1,1,0.008772894429663817
1,1,-1,-1,-1,1,1,-1,-1,-1,-1,0.009621390451987585
1,1,-1,-1,-1,1,1,-1,-1,-1,1,0.009934834515055021
1,1,-1,-1,-1,1,1,-1,-1,1,-1,0.00878036425759395
1,1,-1,-1,-1,1,1,-1,-1,1,1,0.009034095797687769
1,1,-1,-1,-1,1,1,-1,1,-1,-1,0.009769459121993609
1,1,-1,-1,-1,1,1,-1,1,-1,1,0.00998903182335198
1,1,-1,-1,-1,1,1,-1,1,1,-1,0.008976819552481174
1,1,-1,-1,-1,1,1,-1,1,1,1,0.009311468107625842
1,1,-1,-1,-1,1,1,1,-1,-1,-1,0.0093573701257507
1,1,-1,-1,-1,1,1,1,-1,-1,1,0.009661033084349973
1,1,-1,-1,-1,1,1,1,-1,1,-1,0.008683279984527163
1,1,-1,-1,-1,1,1,1,-1,1,1,0.008832556505997976
1,1,-1,-1,-1,1,1,1,1,-1,-1,0.00959027869005998
1,1,-1,-1,-1,1,1,1,1,-1,1,0.009817789122462273
1,1,-1,-1,-1,1,1,1,1,1,-1,0.00879207719117403
1,1,-1,-1,-1,1,1,1,1,1,1,0.009241624735295773
1,1,-1,-1,1,-1,-1,-1,-1,-1,-1,0.008822085468896798
1,1,-1,-1,1,-1,-1,-1,-1,-1,1,0.00910272914916277
1,1,-1,-1,1,-1,-1,-1,-1,1,-1,0.008192550183998214
1,1,-1,-1,1,-1,-1,-1,-1,1,1,0.008461401953051487
1,1,-1,-1,1,-1,-1,-1,1,-1,-1,0.009272901651759943
1,1,-1,-1,1,-1,-1,-1,1,-1,1,0.009539153116444746
1,1,-1,-1,1,-1,-1,-1,1,1,-1,0.008350832698245844
1,1,-1,-1,1,-1,-1,-1,1,1,1,0.008660679217427969
1,1,-1,-1,1,-1,-1,1,-1,-1,-1,0.008825366850942373
1,1,-1,-1,1,-1,-1,1,-1,-1,1,0.008928160415962338
1,1,-1,-1,1,-1,-1,1,-1,1,-1,0.008057819120585919
1,1,-1,-1,1,-1,-1,1,-1,1,1,0.00838404893875122
1,1,-1,-1,1,-1,-1,1,1,-1,-1,0.009051376953721046
1,1,-1,-1,1,-1,-1,1,1,-1,1,0.009195471415296197
1,1,-1,-1,1,-1,-1,1,1,1,-1,0.008245199918746948
1,1,-1,-1,1,-1,-1,1,1,1,1,0.00849693724885583
1,1,-1,-1,1,-1,1,-1,-1,-1,-1,0.00947560959806045
1,1,-1,-1,1,-1,1,-1,-1,-1,1,0.00956621633044311
1,1,-1,-1,1,-1,1,-1,-1,1,-1,0.00866776704788208
1,1,-1,-1,1,-1,1,-1,-1,1,1,0.009036030620336533
1,1,-1,-1,1,-1,1,-1,1,-1,-1,0.009539967030286789
1,1,-1,-1,1,-1,1,-1,1,-1,1,0.009999321307986975
1,1,-1,-1,1,-1,1,-1,1,1,-1,0.008836232125759125
1,1,-1,-1,1,-1,1,-1,1,1,1,0.009186707250773907
1,1,-1,-1,1,-1,1,1,-1,-1,-1,0.009004680253565312
1,1,-1,-1,1,-1,1,1,-1,-1,1,0.00944300421646663
1,1,-1,-1,1,-1,1,1,-1,1,-1,0.008387958497873374
1,1,-1,-1,1,-1,1,1,-1,1,1,0.008565127849578857
1,1,-1,-1,1,-1,1,1,1,-1,-1,0.009309927700087428
1,1,-1,-1,1,-1,1,1,1,-1,1,0.009875626303255558
1,1,-1,-1,1,-1,1,1,1,1,-1,0.008765296389659246
1,1,-1,-1,1,-1,1,1,1,1,1,0.008936201067020496
1,1,-1,-1,1,1,-1,-1,-1,-1,-1,0.008351529637972513
1,1,-1,-1,1,1,-1,-1,-1,-1,1,0.00863693910650909
1,1,-1,-1,1,1,-1,-1,-1,1,-1,0.007742126588709652
1,1,-1,-1,1,1,-1,-1,-1,1,1,0.007991737375656763
1,1,-1,-1,1,1,-1,-1,1,-1,-1,0.008569096773862838
1,1,-1,-1,1,1,-1,-1,1,-1,1,0.008897053264081477
1,1,-1,-1,1,1,-1,-1,1,1,-1,0.00788425849750638
1,1,-1,-1,1,1,-1,-1,1,1,1,0.00810796464793384
1,1,-1,-1,1,1,-1,1,-1,-1,-1,0.008110862923786044
1,1,-1,-1,1,1,-1,1,-1,-1,1,0.008407396962866187
1,1,-1,-1,1,1,-1,1,-1,1,-1,0.0075521090766415
1,1,-1,-1,1,1,-1,1,-1,1,1,0.007654051121789962
1,1,-1,-1,1,1,-1,1,1,-1,-1,0.008402768056839705
1,1,-1,-1,1,1,-1,1,1,-1,1,0.008553824154660106
1,1,-1,-1,1,1,-1,1,1,1,-1,0.007568214709560077
1,1,-1,-1,1,1,-1,1,1,1,1,0.007914375513792038
1,1,-1,-1,1,1,1,-1,-1,-1,-1,0.008851763419806957
1,1,-1,-1,1,1,1,-1,-1,-1,1,0.009122511488385499
1,1,-1,-1,1,1,1,-1,-1,1,-1,0.008013765482852856
1,1,-1,-1,1,1,1,-1,-1,1,1,0.008378608773152033
1,1,-1,-1,1,1,1,-1,1,-1,-1,0.009037240874022245
1,1,-1,-1,1,1,1,-1,1,-1,1,0.009328367033352455
1,1,-1,-1,1,1,1,-1,1,1,-1,0.008393384981900454
1,1,-1,-1,1,1,1,-1,1,1,1,0.008560905931517482
1,1,-1,-1,1,1,1,1,-1,-1,-1,0.008706040680408478
1,1,-1,-1,1,1,1,1,-1,-1,1,0.008878031000494956
1,1,-1,-1,1,1,1,1,-1,1,-1,0.007944728247821331
1,1,-1,-1,1,1,1,1,-1,1,1,0.008181363344192505
1,1,-1,-1,1,1,1,1,1,-1,-1,0.008814694546163081
1,1,-1,-1,1,1,1,1,1,-1,1,0.009141284440244948
1,1,-1,-1,1,1,1,1,1,1,-1,0.00804518423974514
1,1,-1,-1,1,1,1,1,1,1,1,0.008428919594734907
1,1,-1,1,-1,-1,-1,-1,-1,-1,-1,0.010325721465051174
1,1,-1,1,-1,-1,-1,-1,-1,-1,1,0.010698799230158328
1,1,-1,1,-1,-1,-1,-1,-1,1,-1,0.009632632252760231
1,1,-1,1,-1,-1,-1,-1,-1,1,1,0.010090520838275552
1,1,-1,1,-1,-1,-1,-1,1,-1,-1,0.010543747938105039
1,1,-1,1,-1,-1,-1,-1,1,-1,1,0.011096900142729283
1,1,-1,1,-1,-1,-1,-1,1,1,-1,0.009808782488107681
1,1,-1,1,-1,-1,-1,-1,1,1,1,0.010222763754427433
1,1,-1,1,-1,-1,-1,1,-1,-1,-1,0.010213348548859358
1,1,-1,1,-1,-1,-1,1,-1,-1,1,0.010416337754577398
1,1,-1,1,-1,-1,-1,1,-1,1,-1,0.00954048614948988
1,1,-1,1,-1,-1,-1,1,-1,1,1,0.009697963173190752
1,1,-1,1,-1,-1,-1,1,1,-1,-1,0.010445786081254483
1,1,-1,1,-1,-1,-1,1,1,-1,1,0.010698539204895496
1,1,-1,1,-1,-1,-1,1,1,1,-1,0.009809188544750214
1,1,-1,1,-1,-1,-1,1,1,1,1,0.009970905259251595
1,1,-1,1,-1,-1,1,-1,-1,-1,-1,0.010886349342763424
1,1,-1,1,-1,-1,1,-1,-1,-1,1,0.01102834873433624
1,1,-1,1,-1,-1,1,-1,-1,1,-1,0.010212205583229661
1,1,-1,1,-1,-1,1,-1,-1,1,1,0.010351062286645174
1,1,-1,1,-1,-1,1,-1,1,-1,-1,0.010962027657244886
1,1,-1,1,-1,-1,1,-1,1,-1,1,0.011379142291843891
1,1,-1,1,-1,-1,1,-1,1,1,-1,0.010416537057608366
1,1,-1,1,-1,-1,1,-1,1,1,1,0.010668588802218437
1,1,-1,1,-1,-1,1,1,-1,-1,-1,0.010679026693105697
1,1,-1,1,-1,-1,1,1,-1,-1,1,0.010893383645452559
1,1,-1,1,-1,-1,1,1,-1,1,-1,0.009969924576580524
1,1,-1,1,-1,-1,1,1,-1,1,1,0.010292379584695612
1,1,-1,1,-1,-1,1,1,1,-1,-1,0.010739111548496617
1,1,-1,1,-1,-1,1,1,1,-1,1,0.011036764519910017
1,1,-1,1,-1,-1,1,1,1,1,-1,0.009987060679122806
1,1,-1,1,-1,-1,1,1,1,1,1,0.01039102766662836
1,1,-1,1,-1,1,-1,-1,-1,-1,-1,0.00990438275039196
1,1,-1,1,-1,1,-1,-1,-1,-1,1,0.01016650628298521
1,1,-1,1,-1,1,-1,-1,-1,1,-1,0.009232371942036681
1,1,-1,1,-1,1,-1,-1,-1,1,1,0.009491501189768315
1,1,-1,1,-1,1,-1,-1,1,-1,-1,0.010075343373630728
1,1,-1,1,-1,1,-1,-1,1,-1,1,0.010404731664392684
1,1,-1,1,-1,1,-1,-1,1,1,-1,0.009338562469929456
1,1,-1,1,-1,1,-1,-1,1,1,1,0.009640613198280334
1,1,-1,1,-1,1,-1,1,-1,-1,-1,0.00969087922324737
1,1,-1,1,-1,1,-1,1,-1,-1,1,0.010046305445333322
1,1,-1,1,-1,1,-1,1,-1,1,-1,0.00890731956395838
1,1,-1,1,-1,1,-1,1,-1,1,1,0.009192307596094906
1,1,-1,1,-1,1,-1,1,1,-1,-1,0.009939000786592564
1,1,-1,1,-1,1,-1,1,1,-1,1,0.009955152869224548
1,1,-1,1,-1,1,-1,1,1,1,-1,0.00920878304168582
1,1,-1,1,-1,1,-1,1,1,1,1,0.009553143987432122
1,1,-1,1,-1,1,1,-1,-1,-1,-1,0.01014263043180108
1,1,-1,1,-1,1,1,-1,-1,-1,1,0.010602579079568386
1,1,-1,1,-1,1,1,-1,-1,1,-1,0.009573118528351188
1,1,-1,1,-1,1,1,-1,-1,1,1,0.00985733699053526
1,1,-1,1,-1,1,1,-1,1,-1,-1,0.010502942372113466
1,1,-1,1,-1,1,1,-1,1,-1,1,0.010823721066117287
1,1,-1,1,-1,1,1,-1,1,1,-1,0.009869514964520931
1,1,-1,1,-1,1,1,-1,1,1,1,0.010030285082757473
1,1,-1,1,-1,1,1,1,-1,-1,-1,0.01005840115249157
1,1,-1,1,-1,1,1,1,-1,-1,1,0.010332716008027395
1,1,-1,1,-1,1,1,1,-1,1,-1,0.009300811681896448
1,1,-1,1,-1,1,1,1,-1,1,1,0.009656056628695555
1,1,-1,1,-1,1,1,1,1,-1,-1,0.010230127722024918
1,1,-1,1,-1,1,1,1,1,-1,1,0.010632669863601526
1,1,-1,1,-1,1,1,1,1,1,-1,0.009580381525059542
1,1,-1,1,-1,1,1,1,1,1,1,0.010011774254962802
1,1,-1,1,1,-1,-1,-1,-1,-1,-1,0.0095968097448349
1,1,-1,1,1,-1,-1,-1,-1,-1,1,0.009880630166402884
1,1,-1,1,1,-1,-1,-1,-1,1,-1,0.008904386156549057
1,1,-1,1,1,-1,-1,-1,-1,1,1,0.00907057267613709
1,1,-1,1,1,-1,-1,-1,1,-1,-1,0.00983845101048549
1,1,-1,1,1,-1,-1,-1,1,-1,1,0.010193035006523132
1,1,-1,1,1,-1,-1,-1,1,1,-1,0.009168121498078108
1,1,-1,1,1,-1,-1,-1,1,1,1,0.009472182602621615
1,1,-1,1,1,-1,-1,1,-1,-1,-1,0.009502715120712915
1,1,-1,1,1,-1,-1,1,-1,-1,1,0.00966082482288281
1,1,-1,1,1,-1,-1,1,-1,1,-1,0.008802182972431183
1,1,-1,1,1,-1,-1,1,-1,1,1,0.009017218835651875
1,1,-1,1,1,-1,-1,1,1,-1,-1,0.009590508283248969
1,1,-1,1,1,-1,-1,1,1,-1,1,0.009834184843514646
1,1,-1,1,1,-1,-1,1,1,1,-1,0.008853239938616753
1,1,-1,1,1,-1,-1,1,1,1,1,0.009222078835591674
1,1,-1,1,1,-1,1,-1,-1,-1,-1,0.010130454320460558
1,1,-1,1,1,-1,1,-1,-1,-1,1,0.010297582484781742
1,1,-1,1,1,-1,1,-1,-1,1,-1,0.009380193427205086
1,1,-1,1,1,-1,1,-1,-1,1,1,0.009438070779045423
1,1,-1,1,1,-1,1,-1,1,-1,-1,0.010242131538689137
1,1,-1,1,1,-1,1,-1,1,-1,1,0.01060138682701758
1,1,-1,1,1,-1,1,-1,1,1,-1,0.009440614531437555
1,1,-1,1,1,-1,1,-1,1,1,1,0.009925157866544194
1,1,-1,1,1,-1,1,1,-1,-1,-1,0.010059855412691832
1,1,-1,1,1,-1,1,1,-1,-1,1,0.010060065798461438
1,1,-1,1,1,-1,1,1,-1,1,-1,0.009141571819782257
1,1,-1,1,1,-1,1,1,-1,1,1,0.009460179135203362
1,1,-1,1,1,-1,1,1,1,-1,-1,0.009914919268339872
1,1,-1,1,1,-1,1,1,1,-1,1,0.010326795590420565
1,1,-1,1,1,-1,1,1,1,1,-1,0.009344700491055846
1,1,-1,1,1,-1,1,1,1,1,1,0.009595359209924936
1,1,-1,1,1,1,-1,-1,-1,-1,-1,0.009123075753450394
1,1,-1,1,1,1,-1,-1,-1,-1,1,0.009435035909215609
1,1,-1,1,1,1,-1,-1,-1,1,-1,0.00833809468895197
1,1,-1,1,1,1,-1,-1,-1,1,1,0.008596641942858696
1,1,-1,1,1,1,-1,-1,1,-1,-1,0.009223301377561357
1,1,-1,1,1,1,-1,-1,1,-1,1,0.009593743830919266
1,1,-1,1,1,1,-1,-1,1,1,-1,0.008559819776564837
1,1,-1,1,1,1,-1,-1,1,1,1,0.009004953938225905
1,1,-1,1,1,1,-1,1,-1,-1,-1,0.008923094253987074
1,1,-1,1,1,1,-1,1,-1,-1,1,0.009056791476905347
1,1,-1,1,1,1,-1,1,-1,1,-1,0.008051123470067978
1,1,-1,1,1,1,-1,1,-1,1,1,0.00844199707110723
1,1,-1,1,1,1,-1,1,1,-1,-1,0.009106787852942944
1,1,-1,1,1,1,-1,1,1,-1,1,0.009385064089049896
1,1,-1,1,1,1,-1,1,1,1,-1,0.00838560943624803
1,1,-1,1,1,1,-1,1,1,1,1,0.008690773323178292
1,1,-1,1,1,1,1,-1,-1,-1,-1,0.009575927164405584
1,1,-1,1,1,1,1,-1,-1,-1,1,0.009719204530119896
1,1,-1,1,1,1,1,-1,-1,1,-1,0.008861388286782635
1,1,-1,1,1,1,1,-1,-1,1,1,0.009141324886253901
1,1,-1,1,1,1,1,-1,1,-1,-1,0.00975429421911637
1,1,-1,1,1,1,1,-1,1,-1,1,0.009931112825870513
1,1,-1,1,1,1,1,-1,1,1,-1,0.009058480150997639
1,1,-1,1,1,1,1,-1,1,1,1,0.00924261442075173
1,1,-1,1,1,1,1,1,-1,-1,-1,0.009275109507143497
1,1,-1,1,1,1,1,1,-1,-1,1,0.0096290810033679
1,1,-1,1,1,1,1,1,-1,1,-1,0.00858029971520106
1,1,-1,1,1,1,1,1,-1,1,1,0.009094604756683111
1,1,-1,1,1,1,1,1,1,-1,-1,0.009519916493445635
1,1,-1,1,1,1,1,1,1,-1,1,0.009747092301646868
1,1,-1,1,1,1,1,1,1,1,-1,0.008770145941525698
1,1,-1,1,1,1,1,1,1,1,1,0.009181637316942215
1,1,1,-1,-1,-1,-1,-1,-1,-1,-1,0.010003100614994764
1,1,1,-1,-1,-1,-1,-1,-1,-1,1,0.010292675501356522
1,1,1,-1,-1,-1,-1,-1,-1,1,-1,0.009337237725655237
1,1,1,-1,-1,-1,-1,-1,-1,1,1,0.009584937617182732
1,1,1,-1,-1,-1,-1,-1,1,-1,-1,0.010335330478847026
1,1,1,-1,-1,-1,-1,-1,1,-1,1,0.010511512868106365
1,1,1,-1,-1,-1,-1,-1,1,1,-1,0.009581909825404486
1,1,1,-1,-1,-1,-1,-1,1,1,1,0.009847310105604785
1,1,1,-1,-1,-1,-1,1,-1,-1,-1,0.009668869664892554
1,1,1,-1,-1,-1,-1,1,-1,-1,1,0.01000743843615055
1,1,1,-1,-1,-1,-1,1,-1,1,-1,0.009077031398192048
1,1,1,-1,-1,-1,-1,1,-1,1,1,0.00940750353038311
1,1,1,-1,-1,-1,-1,1,1,-1,-1,0.009947274113073945
1,1,1,-1,-1,-1,-1,1,1,-1,1,0.010258045978844166
1,1,1,-1,-1,-1,-1,1,1,1,-1,0.009220385923981667
1,1,1,-1,-1,-1,-1,1,1,1,1,0.009460787288844585
1,1,1,-1,-1,-1,1,-1,-1,-1,-1,0.010382743552327156
1,1,1,-1,-1,-1,1,-1,-1,-1,1,0.010784792713820934
1,1,1,-1,-1,-1,1,-1,-1,1,-1,0.009640913270413876
1,1,1,-1,-1,-1,1,-1,-1,1,1,0.009898728225380182
1,1,1,-1,-1,-1,1,-1,1,-1,-1,0.010469492059201002
1,1,1,-1,-1,-1,1,-1,1,-1,1,0.010892068346341452
1,1,1,-1,-1,-1,1,-1,1,1,-1,0.009911744855344296
1,1,1,-1,-1,-1,1,-1,1,1,1,0.010158555582165718
1,1,1,-1,-1,-1,1,1,-1,-1,-1,0.010090777464210988
1,1,1,-1,-1,-1,1,1,-1,-1,1,0.010438188328407705
1,1,1,-1,-1,-1,1,1,-1,1,-1,0.009541003033518791
1,1,1,-1,-1,-1,1,1,-1,1,1,0.009705600328743458
1,1,1,-1,-1,-1,1,1,1,-1,-1,0.010403329506516457
1,1,1,-1,-1,-1,1,1,1,-1,1,0.010550253093242645
1,1,1,-1,-1,-1,1,1,1,1,-1,0.009597800765186548
1,1,1,-1,-1,-1,1,1,1,1,1,0.009930050000548363
1,1,1,-1,-1,1,-1,-1,-1,-1,-1,0.009511946700513363
1,1,1,-1,-1,1,-1,-1,-1,-1,1,0.009693354181945325
1,1,1,-1,-1,1,-1,-1,-1,1,-1,0.008608201119516577
1,1,1,-1,-1,1,-1,-1,-1,1,1,0.009021230973303318
1,1,1,-1,-1,1,-1,-1,1,-1,-1,0.009585383906960487
1,1,1,-1,-1,1,-1,-1,1,-1,1,0.009958302912612757
1,1,1,-1,-1,1,-1,-1,1,1,-1,0.008943641558289528
1,1,1,-1,-1,1,-1,-1,1,1,1,0.009180004708468914
1,1,1,-1,-1,1,-1,1,-1,-1,-1,0.009269368990013996
1,1,1,-1,-1,1,-1,1,-1,-1,1,0.009428164921700954
1,1,1,-1,-1,1,-1,1,-1,1,-1,0.008587868108103672
1,1,1,-1,-1,1,-1,1,-1,1,1,0.008790749125182629
1,1,1,-1,-1,1,-1,1,1,-1,-1,0.009426436969079077
1,1,1,-1,-1,1,-1,1,1,-1,1,0.009676666557788849
1,1,1,-1,-1,1,-1,1,1,1,-1,0.00868205912411213
1,1,1,-1,-1,1,-1,1,1,1,1,0.009068984421901405
1,1,1,-1,-1,1,1,-1,-1,-1,-1,0.009864592924714088
1,1,1,-1,-1,1,1,-1,-1,-1,1,0.010163808800280094
1,1,1,-1,-1,1,1,-1,-1,1,-1,0.009198295138776302
1,1,1,-1,-1,1,1,-1,-1,1,1,0.009515759535133839
1,1,1,-1,-1,1,1,-1,1,-1,-1,0.010080497711896896
1,1,1,-1,-1,1,1,-1,1,-1,1,0.010447584092617035
1,1,1,-1,-1,1,1,-1,1,1,-1,0.009331426955759526
1,1,1,-1,-1,1,1,-1,1,1,1,0.009777644416317344
1,1,1,-1,-1,1,1,1,-1,-1,-1,0.009633736219257116
1,1,1,-1,-1,1,1,1,-1,-1,1,0.009872509787480036
1,1,1,-1,-1,1,1,1,-1,1,-1,0.008920279913581908
1,1,1,-1,-1,1,1,1,-1,1,1,0.009339267620816827
1,1,1,-1,-1,1,1,1,1,-1,-1,0.009901037625968456
1,1,1,-1,-1,1,1,1,1,-1,1,0.010183739905747084
1,1,1,-1,-1,1,1,1,1,1,-1,0.009063889272511005
1,1,1,-1,-1,1,1,1,1,1,1,0.009441288886591792
1,1,1,-1,1,-1,-1,-1,-1,-1,-1,0.0091945955529809
1,1,1,-1,1,-1,-1,-1,-1,-1,1,0.00950879231095314
1,1,1,-1,1,-1,-1,-1,-1,1,-1,0.008465421386063099
1,1,1,-1,1,-1,-1,-1,-1,1,1,0.008889076858758926
1,1,1,-1,1,-1,-1,-1,1,-1,-1,0.009449302839736143
1,1,1,-1,1,-1,-1,-1,1,-1,1,0.009773374535143375
1,1,1,-1,1,-1,-1,-1,1,1,-1,0.008630143478512764
1,1,1,-1,1,-1,-1,-1,1,1,1,0.008948832633905113
1,1,1,-1,1,-1,-1,1,-1,-1,-1,0.008934551384299994
1,1,1,-1,1,-1,-1,1,-1,-1,1,0.009297831915318966
1,1,1,-1,1,-1,-1,1,-1,1,-1,0.00833783857524395
1,1,1,-1,1,-1,-1,1,-1,1,1,0.00851347390562296
1,1,1,-1,1,-1,-1,1,1,-1,-1,0.009237516205757856
1,1,1,-1,1,-1,-1,1,1,-1,1,0.009527936888237795
1,1,1,-1,1,-1,-1,1,1,1,-1,0.008586891228333116
1,1,1,-1,1,-1,-1,1,1,1,1,0.008667472439507643
1,1,1,-1,1,-1,1,-1,-1,-1,-1,0.009596879749248425
1,1,1,-1,1,-1,1,-1,-1,-1,1,0.009902178309857845
1,1,1,-1,1,-1,1,-1,-1,1,-1,0.008963691225896278
1,1,1,-1,1,-1,1,-1,-1,1,1,0.009264532942324877
1,1,1,-1,1,-1,1,-1,1,-1,-1,0.009770828997716308
1,1,1,-1,1,-1,1,-1,1,-1,1,0.010174952447414398
1,1,1,-1,1,-1,1,-1,1,1,-1,0.009133946460982164
1,1,1,-1,1,-1,1,-1,1,1,1,0.009383702443705665
1,1,1,-1,1,-1,1,1,-1,-1,-1,0.009289706746737162
1,1,1,-1,1,-1,1,1,-1,-1,1,0.009646965323814325
1,1,1,-1,1,-1,1,1,-1,1,-1,0.00871953193563968
1,1,1,-1,1,-1,1,1,-1,1,1,0.008944425731897354
1,1,1,-1,1,-1,1,1,1,-1,-1,0.009664457912246386
1,1,1,-1,1,-1,1,1,1,-1,1,0.00997089563558499
1,1,1,-1,1,-1,1,1,1,1,-1,0.00906702782958746
1,1,1,-1,1,-1,1,1,1,1,1,0.009177107363939285
1,1,1,-1,1,1,-1,-1,-1,-1,-1,0.008696460514329374
1,1,1,-1,1,1,-1,-1,-1,-1,1,0.008998785633593798
1,1,1,-1,1,1,-1,-1,-1,1,-1,0.007967423647642136
1,1,1,-1,1,1,-1,-1,-1,1,1,0.008315660990774632
1,1,1,-1,1,1,-1,-1,1,-1,-1,0.008840221213176847
1,1,1,-1,1,1,-1,-1,1,-1,1,0.009208587663514274
1,1,1,-1,1,1,-1,-1,1,1,-1,0.00799221359193325
1,1,1,-1,1,1,-1,-1,1,1,1,0.008496780258913835
1,1,1,-1,1,1,-1,1,-1,-1,-1,0.008539028652012347
1,1,1,-1,1,1,-1,1,-1,-1,1,0.008644521857301394
1,1,1,-1,1,1,-1,1,-1,1,-1,0.0076628876850008965
1,1,1,-1,1,1,-1,1,-1,1,1,0.00810138943294684
1,1,1,-1,1,1,-1,1,1,-1,-1,0.008697739569470286
1,1,1,-1,1,1,-1,1,1,-1,1,0.009018543176352978
1,1,1,-1,1,1,-1,1,1,1,-1,0.00795569084584713
1,1,1,-1,1,1,-1,1,1,1,1,0.008240702096372843
1,1,1,-1,1,1,1,-1,-1,-1,-1,0.009057182042549053
1,1,1,-1,1,1,1,-1,-1,-1,1,0.009257683646865189
1,1,1,-1,1,1,1,-1,-1,1,-1,0.008314750529825688
1,1,1,-1,1,1,1,-1,-1,1,1,0.00872307326644659
1,1,1,-1,1,1,1,-1,1,-1,-1,0.009245455265045166
1,1,1,-1,1,1,1,-1,1,-1,1,0.009460881911218166
1,1,1,-1,1,1,1,-1,1,1,-1,0.008447858194510141
1,1,1,-1,1,1,1,-1,1,1,1,0.00880056278159221
1,1,1,-1,1,1,1,1,-1,-1,-1,0.008830914806042398
1,1,1,-1,1,1,1,1,-1,-1,1,0.009163476127598966
1,1,1,-1,1,1,1,1,-1,1,-1,0.008162168553099036
1,1,1,-1,1,1,1,1,-1,1,1,0.008380369128038486
1,1,1,-1,1,1,1,1,1,-1,-1,0.009081999072805047
1,1,1,-1,1,1,1,1,1,-1,1,0.0094979926943779
1,1,1,-1,1,1,1,1,1,1,-1,0.008411790244281292
1,1,1,-1,1,1,1,1,1,1,1,0.008526655845344067
1,1,1,1,-1,-1,-1,-1,-1,-1,-1,0.010628100484609604
1,1,1,1,-1,-1,-1,-1,-1,-1,1,0.010977788517872492
1,1,1,1,-1,-1,-1,-1,-1,1,-1,0.00996285816654563
1,1,1,1,-1,-1,-1,-1,-1,1,1,0.010251739993691444
1,1,1,1,-1,-1,-1,-1,1,-1,-1,0.01088171505502292
1,1,1,1,-1,-1,-1,-1,1,-1,1,0.01108022266998887
1,1,1,1,-1,-1,-1,-1,1,1,-1,0.010215144790709018
1,1,1,1,-1,-1,-1,-1,1,1,1,0.010403672698885202
1,1,1,1,-1,-1,-1,1,-1,-1,-1,0.010382762178778648
1,1,1,1,-1,-1,-1,1,-1,-1,1,0.010786248991886774
1,1,1,1,-1,-1,-1,1,-1,1,-1,0.009745067916810513
1,1,1,1,-1,-1,-1,1,-1,1,1,0.010135659482330084
1,1,1,1,-1,-1,-1,1,1,-1,-1,0.010509512076775232
1,1,1,1,-1,-1,-1,1,1,-1,1,0.010978610720485449
1,1,1,1,-1,-1,-1,1,1,1,-1,0.009957239404320717
1,1,1,1,-1,-1,-1,1,1,1,1,0.010195582173764706
1,1,1,1,-1,-1,1,-1,-1,-1,-1,0.011109384442014354
1,1,1,1,-1,-1,1,-1,-1,-1,1,0.011459074293573698
1,1,1,1,-1,-1,1,-1,-1,1,-1,0.010225781053304673
1,1,1,1,-1,-1,1,-1,-1,1,1,0.01047918340191245
1,1,1,1,-1,-1,1,-1,1,-1,-1,0.01125957683793136
1,1,1,1,-1,-1,1,-1,1,-1,1,0.011639631725847721
1,1,1,1,-1,-1,1,-1,1,1,-1,0.010700074024498463
1,1,1,1,-1,-1,1,-1,1,1,1,0.010953406803309917
1,1,1,1,-1,-1,1,1,-1,-1,-1,0.010855576333900293
1,1,1,1,-1,-1,1,1,-1,-1,1,0.011058129059771696
1,1,1,1,-1,-1,1,1,-1,1,-1,0.010146449320018291
1,1,1,1,-1,-1,1,1,-1,1,1,0.010341292712837458
1,1,1,1,-1,-1,1,1,1,-1,-1,0.011080901537622725
1,1,1,1,-1,-1,1,1,1,-1,1,0.011406454257667065
1,1,1,1,-1,-1,1,1,1,1,-1,0.010478304699063301
1,1,1,1,-1,-1,1,1,1,1,1,0.010731271840631962
1,1,1,1,-1,1,-1,-1,-1,-1,-1,0.010268228128552437
1,1,1,1,-1,1,-1,-1,-1,-1,1,0.01048841467127204
1,1,1,1,-1,1,-1,-1,-1,1,-1,0.009385218285024166
1,1,1,1,-1,1,-1,-1,-1,1,1,0.009716692613437772
1,1,1,1,-1,1,-1,-1,1,-1,-1,0.010452345944941044
1,1,1,1,-1,1,-1,-1,1,-1,1,0.010616622492671013
1,1,1,1,-1,1,-1,-1,1,1,-1,0.00970851785192887
1,1,1,1,-1,1,-1,-1,1,1,1,0.010027654158572355
1,1,1,1,-1,1,-1,1,-1,-1,-1,0.01007868597904841
1,1,1,1,-1,1,-1,1,-1,-1,1,0.010280703427270055
1,1,1,1,-1,1,-1,1,-1,1,-1,0.009050999768078327
1,1,1,1,-1,1,-1,1,-1,1,1,0.009538993705064058
1,1,1,1,-1,1,-1,1,1,-1,-1,0.010244380061825117
1,1,1,1,-1,1,-1,1,1,-1,1,0.010500803589820862
1,1,1,1,-1,1,-1,1,1,1,-1,0.00937425484880805
1,1,1,1,-1,1,-1,1,1,1,1,0.009686368517577648
1,1,1,1,-1,1,1,-1,-1,-1,-1,0.010581697736467634
1,1,1,1,-1,1,1,-1,-1,-1,1,0.010775018483400345
1,1,1,1,-1,1,1,-1,-1,1,-1,0.009828924999705382
1,1,1,1,-1,1,1,-1,-1,1,1,0.010144789703190327
1,1,1,1,-1,1,1,-1,1,-1,-1,0.01074938802048564
1,1,1,1,-1,1,1,-1,1,-1,1,0.011066338047385216
1,1,1,1,-1,1,1,-1,1,1,-1,0.010049917502328753
1,1,1,1,-1,1,1,-1,1,1,1,0.01044379873201251
1,1,1,1,-1,1,1,1,-1,-1,-1,0.010418445616960526
1,1,1,1,-1,1,1,1,-1,-1,1,0.01070183478295803
1,1,1,1,-1,1,1,1,-1,1,-1,0.009637014591135085
1,1,1,1,-1,1,1,1,-1,1,1,0.009908221429213881
1,1,1,1,-1,1,1,1,1,-1,-1,0.010506411781534553
1,1,1,1,-1,1,1,1,1,-1,1,0.010810243524610996
1,1,1,1,-1,1,1,1,1,1,-1,0.009841187546650568
1,1,1,1,-1,1,1,1,1,1,1,0.010182436422577925
1,1,1,1,1,-1,-1,-1,-1,-1,-1,0.009938146608571211
1,1,1,1,1,-1,-1,-1,-1,-1,1,0.01021458301693201
1,1,1,1,1,-1,-1,-1,-1,1,-1,0.00920299079734832
1,1,1,1,1,-1,-1,-1,-1,1,1,0.009447552147321403
1,1,1,1,1,-1,-1,-1,1,-1,-1,0.010125514740745226
1,1,1,1,1,-1,-1,-1,1,-1,1,0.010439974876741568
1,1,1,1,1,-1,-1,-1,1,1,-1,0.009433836676180363
1,1,1,1,1,-1,-1,-1,1,1,1,0.009625857695937157
1,1,1,1,1,-1,-1,1,-1,-1,-1,0.009731814886132876
1,1,1,1,1,-1,-1,1,-1,-1,1,0.010036696990331015
1,1,1,1,1,-1,-1,1,-1,1,-1,0.009056421834975481
1,1,1,1,1,-1,-1,1,-1,1,1,0.009228900820016862
1,1,1,1,1,-1,-1,1,1,-1,-1,0.009870866446622781
1,1,1,1,1,-1,-1,1,1,-1,1,0.010238193674013019
1,1,1,1,1,-1,-1,1,1,1,-1,0.009235461056232453
1,1,1,1,1,-1,-1,1,1,1,1,0.009425925649702549
1,1,1,1,1,-1,1,-1,-1,-1,-1,0.010274964151903987
1,1,1,1,1,-1,1,-1,-1,-1,1,0.010603540576994419
1,1,1,1,1,-1,1,-1,-1,1,-1,0.009815122000873089
1,1,1,1,1,-1,1,-1,-1,1,1,0.009969554375857115
1,1,1,1,1,-1,1,-1,1,-1,-1,0.010484079298164164
1,1,1,1,1,-1,1,-1,1,-1,1,0.010781854391098022
1,1,1,1,1,-1,1,-1,1,1,-1,0.009886388201266527
1,1,1,1,1,-1,1,-1,1,1,1,0.010047893350323042
1,1,1,1,1,-1,1,1,-1,-1,-1,0.010129463548461596
1,1,1,1,1,-1,1,1,-1,-1,1,0.010384322764972845
1,1,1,1,1,-1,1,1,-1,1,-1,0.009391347132623195
1,1,1,1,1,-1,1,1,-1,1,1,0.00945887342095375
1,1,1,1,1,-1,1,1,1,-1,-1,0.010226835895861899
1,1,1,1,1,-1,1,1,1,-1,1,0.010656672529876232
1,1,1,1,1,-1,1,1,1,1,-1,0.009638566337525845
1,1,1,1,1,-1,1,1,1,1,1,0.009933744790032506
1,1,1,1,1,1,-1,-1,-1,-1,-1,0.009439600942035517
1,1,1,1,1,1,-1,-1,-1,-1,1,0.009659173339605332
1,1,1,1,1,1,-1,-1,-1,1,-1,0.008672471274621785
1,1,1,1,1,1,-1,-1,-1,1,1,0.008987357374280691
1,1,1,1,1,1,-1,-1,1,-1,-1,0.00954981124959886
1,1,1,1,1,1,-1,-1,1,-1,1,0.00980289333633014
1,1,1,1,1,1,-1,-1,1,1,-1,0.008836622349917889
1,1,1,1,1,1,-1,-1,1,1,1,0.009127517696470022
1,1,1,1,1,1,-1,1,-1,-1,-1,0.009204248199239373
1,1,1,1,1,1,-1,1,-1,-1,1,0.00945991598483589
1,1,1,1,1,1,-1,1,-1,1,-1,0.008323443122208118
1,1,1,1,1,1,-1,1,-1,1,1,0.008745873114094138
1,1,1,1,1,1,-1,1,1,-1,-1,0.009391139633953572
1,1,1,1,1,1,-1,1,1,-1,1,0.009737097891047597
1,1,1,1,1,1,-1,1,1,1,-1,0.00862732995301485
1,1,1,1,1,1,-1,1,1,1,1,0.009302102029323578
1,1,1,1,1,1,1,-1,-1,-1,-1,0.009722216365238031
1,1,1,1,1,1,1,-1,-1,-1,1,0.010028375405818224
1,1,1,1,1,1,1,-1,-1,1,-1,0.008997203083708882
1,1,1,1,1,1,1,-1,-1,1,1,0.009394994781663021
1,1,1,1,1,1,1,-1,1,-1,-1,0.009976735959450403
1,1,1,1,1,1,1,-1,1,-1,1,0.01034364104270935
1,1,1,1,1,1,1,-1,1,1,-1,0.009234613366425037
1,1,1,1,1,1,1,-1,1,1,1,0.00959049561060965
1,1,1,1,1,1,1,1,-1,-1,-1,0.009761106036603451
1,1,1,1,1,1,1,1,-1,-1,1,0.009836708195507526
1,1,1,1,1,1,1,1,-1,1,-1,0.008923898451030254
1,1,1,1,1,1,1,1,-1,1,1,0.009280838072299957
1,1,1,1,1,1,1,1,1,-1,-1,0.009720883099362254
1,1,1,1,1,1,1,1,1,-1,1,0.010099702700972556
1,1,1,1,1,1,1,1,1,1,-1,0.008979159640148282
1,1,1,1,1,1,1,1,1,1,1,0.00930260152866443
