0,1,2,3,4,5,6,7,8,9,10,11,12,13,14,15,16,17,18,19,activation
-1,-1,-1,-1,-1,-1,-1,-1,-1,-1,-1,-1,1,-1,-1,1,-1,1,-1,-1,0.009990613907575607
-1,-1,-1,-1,-1,-1,-1,-1,-1,-1,-1,1,-1,1,-1,-1,-1,1,1,-1,0.009990613907575607
-1,-1,-1,-1,-1,-1,-1,-1,-1,-1,1,-1,-1,-1,1,1,-1,-1,1,1,0.009990613907575607
-1,-1,-1,-1,-1,-1,-1,-1,-1,-1,1,-1,1,-1,-1,1,1,-1,1,1,0.009990613907575607
-1,-1,-1,-1,-1,-1,-1,-1,-1,-1,1,1,-1,-1,-1,-1,1,-1,1,-1,0.009990613907575607
-1,-1,-1,-1,-1,-1,-1,-1,-1,-1,1,1,-1,-1,1,-1,-1,-1,1,-1,0.009990613907575607
-1,-1,-1,-1,-1,-1,-1,-1,-1,-1,1,1,-1,-1,1,-1,1,-1,1,-1,0.009990613907575607
-1,-1,-1,-1,-1,-1,-1,-1,-1,-1,1,1,-1,-1,1,1,1,1,-1,1,0.009990613907575607
-1,-1,-1,-1,-1,-1,-1,-1,-1,1,-1,1,-1,-1,1,-1,-1,1,1,1,0.009990613907575607
-1,-1,-1,-1,-1,-1,-1,-1,-1,1,-1,1,-1,1,-1,-1,1,-1,1,-1,0.009990613907575607
-1,-1,-1,-1,-1,-1,-1,-1,-1,1,-1,1,-1,1,1,-1,1,-1,1,1,0.009990613907575607
-1,-1,-1,-1,-1,-1,-1,-1,-1,1,-1,1,1,-1,-1,-1,1,1,1,1,0.009990613907575607
-1,-1,-1,-1,-1,-1,-1,-1,-1,1,1,-1,-1,1,-1,1,-1,-1,-1,-1,0.009990613907575607
-1,-1,-1,-1,-1,-1,-1,-1,-1,1,1,1,-1,-1,1,-1,-1,-1,-1,-1,0.009990613907575607
-1,-1,-1,-1,-1,-1,-1,-1,-1,1,1,1,1,-1,1,1,-1,-1,1,1,0.009990613907575607
-1,-1,-1,-1,-1,-1,-1,-1,-1,1,1,1,1,1,-1,-1,-1,1,1,1,0.009990613907575607
-1,-1,-1,-1,-1,-1,-1,-1,-1,1,1,1,1,1,-1,1,1,1,-1,-1,0.009990613907575607
-1,-1,-1,-1,-1,-1,-1,-1,1,-1,-1,-1,-1,-1,1,1,-1,-1,-1,-1,0.009990613907575607
-1,-1,-1,-1,-1,-1,-1,-1,1,-1,-1,-1,-1,1,-1,-1,-1,-1,-1,1,0.009990613907575607
-1,-1,-1,-1,-1,-1,-1,-1,1,-1,-1,-1,1,-1,1,-1,-1,1,1,1,0.009990613907575607
-1,-1,-1,-1,-1,-1,-1,-1,1,-1,-1,1,1,1,-1,1,1,-1,-1,-1,0.009990613907575607
-1,-1,-1,-1,-1,-1,-1,-1,1,-1,1,-1,-1,-1,1,1,1,-1,1,1,0.009990613907575607
-1,-1,-1,-1,-1,-1,-1,-1,1,-1,1,1,1,1,-1,-1,1,-1,-1,-1,0.009990613907575607
-1,-1,-1,-1,-1,-1,-1,-1,1,1,-1,-1,-1,-1,1,1,-1,-1,-1,-1,0.009990613907575607
-1,-1,-1,-1,-1,-1,-1,-1,1,1,-1,-1,1,-1,-1,-1,-1,-1,-1,1,0.009990613907575607
-1,-1,-1,-1,-1,-1,-1,-1,1,1,-1,-1,1,1,1,-1,1,-1,-1,1,0.009990613907575607
-1,-1,-1,-1,-1,-1,-1,-1,1,1,-1,1,-1,-1,1,1,1,1,-1,-1,0.009990613907575607
-1,-1,-1,-1,-1,-1,-1,-1,1,1,-1,1,-1,1,-1,1,1,1,1,-1,0.009990613907575607
-1,-1,-1,-1,-1,-1,-1,-1,1,1,-1,1,-1,1,1,-1,1,1,1,1,0.009990613907575607
-1,-1,-1,-1,-1,-1,-1,-1,1,1,1,1,-1,-1,1,-1,1,-1,-1,1,0.009990613907575607
-1,-1,-1,-1,-1,-1,-1,1,-1,-1,-1,-1,1,-1,1,-1,1,1,1,1,0.009990613907575607
-1,-1,-1,-1,-1,-1,-1,1,-1,-1,-1,-1,1,1,1,-1,1,-1,-1,-1,0.009990613907575607
-1,-1,-1,-1,-1,-1,-1,1,-1,-1,-1,1,1,-1,-1,-1,1,-1,-1,-1,0.009990613907575607
-1,-1,-1,-1,-1,-1,-1,1,-1,-1,1,-1,-1,-1,-1,-1,-1,1,-1,-1,0.009990613907575607
-1,-1,-1,-1,-1,-1,-1,1,-1,-1,1,-1,-1,-1,-1,-1,1,1,1,1,0.009990613907575607
-1,-1,-1,-1,-1,-1,-1,1,-1,-1,1,-1,-1,-1,-1,1,1,-1,-1,-1,0.009990613907575607
-1,-1,-1,-1,-1,-1,-1,1,-1,-1,1,1,1,-1,1,-1,1,-1,-1,-1,0.009990613907575607
-1,-1,-1,-1,-1,-1,-1,1,-1,-1,1,1,1,1,1,1,1,-1,1,-1,0.009990613907575607
-1,-1,-1,-1,-1,-1,-1,1,-1,1,-1,1,-1,-1,-1,1,-1,1,-1,1,0.009990613907575607
-1,-1,-1,-1,-1,-1,-1,1,-1,1,-1,1,-1,-1,1,1,1,1,-1,1,0.009990613907575607
-1,-1,-1,-1,-1,-1,-1,1,-1,1,-1,1,1,-1,-1,-1,1,-1,1,1,0.009990613907575607
-1,-1,-1,-1,-1,-1,-1,1,-1,1,1,-1,-1,-1,-1,-1,1,1,-1,-1,0.009990613907575607
-1,-1,-1,-1,-1,-1,-1,1,-1,1,1,-1,-1,-1,-1,1,-1,1,-1,-1,0.009990613907575607
-1,-1,-1,-1,-1,-1,-1,1,-1,1,1,-1,-1,1,-1,-1,-1,1,1,1,0.009990613907575607
-1,-1,-1,-1,-1,-1,-1,1,-1,1,1,-1,-1,1,-1,1,-1,1,-1,-1,0.009990613907575607
-1,-1,-1,-1,-1,-1,-1,1,-1,1,1,-1,-1,1,1,1,1,-1,1,1,0.009990613907575607
-1,-1,-1,-1,-1,-1,-1,1,-1,1,1,-1,1,-1,-1,1,1,-1,-1,-1,0.009990613907575607
-1,-1,-1,-1,-1,-1,-1,1,-1,1,1,-1,1,1,1,1,1,1,1,-1,0.009990613907575607
-1,-1,-1,-1,-1,-1,-1,1,-1,1,1,1,1,-1,-1,1,1,-1,-1,-1,0.009990613907575607
-1,-1,-1,-1,-1,-1,-1,1,1,-1,-1,-1,1,-1,-1,-1,-1,-1,1,-1,0.009990613907575607
-1,-1,-1,-1,-1,-1,-1,1,1,-1,-1,-1,1,1,1,-1,-1,1,1,-1,0.009990613907575607
-1,-1,-1,-1,-1,-1,-1,1,1,-1,-1,-1,1,1,1,1,-1,1,1,-1,0.009990613907575607
-1,-1,-1,-1,-1,-1,-1,1,1,-1,-1,1,-1,-1,-1,-1,1,1,-1,1,0.009990613907575607
-1,-1,-1,-1,-1,-1,-1,1,1,-1,-1,1,-1,-1,1,-1,1,1,1,1,0.009990613907575607
-1,-1,-1,-1,-1,-1,-1,1,1,-1,-1,1,1,-1,-1,1,1,1,-1,1,0.009990613907575607
-1,-1,-1,-1,-1,-1,-1,1,1,-1,1,-1,1,-1,-1,-1,-1,1,-1,-1,0.009990613907575607
-1,-1,-1,-1,-1,-1,-1,1,1,-1,1,-1,1,-1,-1,-1,1,-1,1,1,0.009990613907575607
-1,-1,-1,-1,-1,-1,-1,1,1,-1,1,-1,1,-1,1,-1,1,-1,1,-1,0.009990613907575607
-1,-1,-1,-1,-1,-1,-1,1,1,-1,1,-1,1,1,1,-1,-1,-1,1,1,0.009990613907575607
-1,-1,-1,-1,-1,-1,-1,1,1,-1,1,-1,1,1,1,1,-1,-1,-1,-1,0.009990613907575607
-1,-1,-1,-1,-1,-1,-1,1,1,-1,1,1,-1,-1,-1,-1,-1,1,-1,1,0.009990613907575607
-1,-1,-1,-1,-1,-1,-1,1,1,-1,1,1,-1,1,-1,-1,-1,-1,-1,1,0.009990613907575607
-1,-1,-1,-1,-1,-1,-1,1,1,-1,1,1,-1,1,-1,1,1,1,-1,1,0.009990613907575607
-1,-1,-1,-1,-1,-1,-1,1,1,1,-1,-1,-1,1,1,1,1,1,-1,-1,0.009990613907575607
-1,-1,-1,-1,-1,-1,-1,1,1,1,-1,1,-1,-1,1,1,1,1,-1,-1,0.009990613907575607
-1,-1,-1,-1,-1,-1,-1,1,1,1,-1,1,-1,1,-1,-1,1,-1,1,-1,0.009990613907575607
-1,-1,-1,-1,-1,-1,-1,1,1,1,-1,1,-1,1,1,1,-1,-1,1,-1,0.009990613907575607
-1,-1,-1,-1,-1,-1,-1,1,1,1,-1,1,1,-1,1,1,-1,1,1,-1,0.009990613907575607
-1,-1,-1,-1,-1,-1,-1,1,1,1,1,-1,-1,1,-1,1,-1,1,-1,1,0.009990613907575607
-1,-1,-1,-1,-1,-1,-1,1,1,1,1,-1,1,-1,1,-1,1,-1,1,1,0.009990613907575607
-1,-1,-1,-1,-1,-1,-1,1,1,1,1,-1,1,1,-1,1,1,1,-1,-1,0.009990613907575607
-1,-1,-1,-1,-1,-1,1,-1,-1,-1,-1,-1,1,-1,-1,-1,-1,1,-1,1,0.009990613907575607
-1,-1,-1,-1,-1,-1,1,-1,-1,-1,-1,-1,1,-1,-1,1,-1,-1,-1,-1,0.009990613907575607
-1,-1,-1,-1,-1,-1,1,-1,-1,-1,-1,-1,1,-1,1,1,1,-1,1,1,0.009990613907575607
-1,-1,-1,-1,-1,-1,1,-1,-1,-1,-1,1,-1,1,-1,-1,1,1,1,-1,0.009990613907575607
-1,-1,-1,-1,-1,-1,1,-1,-1,-1,-1,1,1,1,1,-1,1,-1,1,-1,0.009990613907575607
-1,-1,-1,-1,-1,-1,1,-1,-1,-1,1,-1,-1,1,1,-1,1,1,1,-1,0.009990613907575607
-1,-1,-1,-1,-1,-1,1,-1,-1,1,-1,1,-1,-1,-1,-1,1,1,-1,-1,0.009990613907575607
-1,-1,-1,-1,-1,-1,1,-1,-1,1,-1,1,1,1,1,1,1,-1,1,-1,0.009990613907575607
-1,-1,-1,-1,-1,-1,1,-1,-1,1,1,1,1,1,1,-1,1,-1,1,-1,0.009990613907575607
-1,-1,-1,-1,-1,-1,1,-1,1,-1,-1,-1,-1,1,1,1,1,-1,1,1,0.009990613907575607
-1,-1,-1,-1,-1,-1,1,-1,1,-1,-1,-1,1,1,1,-1,-1,-1,1,-1,0.009990613907575607
-1,-1,-1,-1,-1,-1,1,-1,1,-1,1,-1,-1,-1,-1,-1,-1,-1,-1,-1,0.009990613907575607
-1,-1,-1,-1,-1,-1,1,-1,1,-1,1,-1,-1,-1,-1,1,-1,-1,-1,-1,0.009990613907575607
-1,-1,-1,-1,-1,-1,1,-1,1,-1,1,-1,-1,1,1,-1,-1,-1,-1,-1,0.009990613907575607
-1,-1,-1,-1,-1,-1,1,-1,1,-1,1,-1,1,-1,-1,-1,-1,-1,-1,1,0.009990613907575607
-1,-1,-1,-1,-1,-1,1,-1,1,-1,1,-1,1,1,-1,1,1,1,1,-1,0.009990613907575607
-1,-1,-1,-1,-1,-1,1,-1,1,-1,1,-1,1,1,1,-1,1,1,1,-1,0.009990613907575607
-1,-1,-1,-1,-1,-1,1,-1,1,1,-1,-1,-1,-1,-1,-1,1,-1,1,-1,0.009990613907575607
-1,-1,-1,-1,-1,-1,1,-1,1,1,-1,-1,-1,1,1,1,1,-1,-1,-1,0.009990613907575607
-1,-1,-1,-1,-1,-1,1,-1,1,1,-1,-1,1,-1,1,-1,1,-1,1,-1,0.009990613907575607
-1,-1,-1,-1,-1,-1,1,-1,1,1,-1,1,1,1,1,-1,-1,-1,-1,1,0.009990613907575607
-1,-1,-1,-1,-1,-1,1,-1,1,1,-1,1,1,1,1,1,-1,1,1,1,0.009990613907575607
-1,-1,-1,-1,-1,-1,1,-1,1,1,1,-1,1,-1,-1,1,-1,1,1,1,0.009990613907575607
-1,-1,-1,-1,-1,-1,1,-1,1,1,1,-1,1,-1,1,1,-1,-1,1,-1,0.009990613907575607
-1,-1,-1,-1,-1,-1,1,-1,1,1,1,-1,1,1,1,-1,1,-1,1,-1,0.009990613907575607
-1,-1,-1,-1,-1,-1,1,-1,1,1,1,-1,1,1,1,1,1,-1,1,-1,0.009990613907575607
-1,-1,-1,-1,-1,-1,1,1,-1,-1,-1,-1,-1,-1,1,-1,-1,1,1,-1,0.009990613907575607
-1,-1,-1,-1,-1,-1,1,1,-1,-1,-1,-1,-1,1,-1,-1,1,-1,-1,1,0.009990613907575607
-1,-1,-1,-1,-1,-1,1,1,-1,-1,-1,1,-1,1,1,-1,1,1,1,-1,0.009990613907575607
-1,-1,-1,-1,-1,-1,1,1,-1,-1,-1,1,1,-1,-1,1,-1,-1,1,-1,0.009990613907575607
-1,-1,-1,-1,-1,-1,1,1,-1,-1,1,-1,-1,-1,1,1,-1,1,-1,-1,0.009990613907575607
-1,-1,-1,-1,-1,-1,1,1,-1,-1,1,-1,1,1,-1,-1,-1,-1,-1,1,0.009990613907575607
-1,-1,-1,-1,-1,-1,1,1,-1,-1,1,-1,1,1,1,-1,1,1,1,-1,0.009990613907575607
-1,-1,-1,-1,-1,-1,1,1,-1,-1,1,1,-1,1,-1,-1,-1,-1,-1,1,0.009990613907575607
-1,-1,-1,-1,-1,-1,1,1,-1,-1,1,1,-1,1,-1,1,1,-1,1,1,0.009990613907575607
-1,-1,-1,-1,-1,-1,1,1,-1,-1,1,1,-1,1,1,-1,1,1,-1,-1,0.009990613907575607
-1,-1,-1,-1,-1,-1,1,1,-1,1,-1,-1,1,-1,-1,1,1,-1,-1,1,0.009990613907575607
-1,-1,-1,-1,-1,-1,1,1,-1,1,-1,-1,1,1,-1,-1,-1,-1,-1,1,0.009990613907575607
-1,-1,-1,-1,-1,-1,1,1,-1,1,-1,1,-1,-1,-1,1,-1,-1,1,1,0.009990613907575607
-1,-1,-1,-1,-1,-1,1,1,-1,1,1,-1,1,-1,1,1,-1,1,1,-1,0.009990613907575607
-1,-1,-1,-1,-1,-1,1,1,-1,1,1,-1,1,1,-1,-1,1,1,1,-1,0.009990613907575607
-1,-1,-1,-1,-1,-1,1,1,-1,1,1,1,1,-1,1,-1,1,1,1,-1,0.009990613907575607
-1,-1,-1,-1,-1,-1,1,1,1,-1,-1,-1,-1,1,1,-1,1,1,-1,-1,0.009990613907575607
-1,-1,-1,-1,-1,-1,1,1,1,-1,-1,-1,1,1,-1,1,-1,-1,1,-1,0.009990613907575607
-1,-1,-1,-1,-1,-1,1,1,1,-1,-1,1,-1,-1,-1,-1,1,1,-1,1,0.009990613907575607
-1,-1,-1,-1,-1,-1,1,1,1,-1,-1,1,1,-1,-1,1,1,-1,1,-1,0.009990613907575607
-1,-1,-1,-1,-1,-1,1,1,1,-1,1,-1,-1,-1,-1,-1,1,1,-1,1,0.009990613907575607
-1,-1,-1,-1,-1,-1,1,1,1,-1,1,-1,-1,-1,-1,1,1,1,1,1,0.009990613907575607
-1,-1,-1,-1,-1,-1,1,1,1,-1,1,-1,1,-1,1,-1,1,1,1,1,0.009990613907575607
-1,-1,-1,-1,-1,-1,1,1,1,-1,1,1,1,1,-1,1,-1,1,-1,-1,0.009990613907575607
-1,-1,-1,-1,-1,-1,1,1,1,1,-1,-1,1,-1,-1,-1,-1,1,1,1,0.009990613907575607
-1,-1,-1,-1,-1,-1,1,1,1,1,-1,-1,1,-1,1,1,-1,-1,-1,-1,0.009990613907575607
-1,-1,-1,-1,-1,-1,1,1,1,1,-1,-1,1,1,-1,-1,-1,-1,-1,1,0.009990613907575607
-1,-1,-1,-1,-1,-1,1,1,1,1,-1,1,1,-1,-1,1,1,-1,-1,-1,0.009990613907575607
-1,-1,-1,-1,-1,-1,1,1,1,1,1,-1,-1,-1,-1,-1,-1,1,-1,-1,0.009990613907575607
-1,-1,-1,-1,-1,-1,1,1,1,1,1,-1,1,-1,1,-1,1,1,-1,1,0.009990613907575607
-1,-1,-1,-1,-1,-1,1,1,1,1,1,-1,1,1,-1,1,-1,-1,-1,-1,0.009990613907575607
-1,-1,-1,-1,-1,-1,1,1,1,1,1,-1,1,1,-1,1,-1,-1,1,-1,0.009990613907575607
-1,-1,-1,-1,-1,-1,1,1,1,1,1,1,1,-1,-1,-1,1,-1,-1,-1,0.009990613907575607
-1,-1,-1,-1,-1,-1,1,1,1,1,1,1,1,1,-1,-1,-1,-1,1,1,0.009990613907575607
-1,-1,-1,-1,-1,-1,1,1,1,1,1,1,1,1,1,-1,1,1,-1,1,0.009990613907575607
-1,-1,-1,-1,-1,-1,1,1,1,1,1,1,1,1,1,1,-1,1,1,-1,0.009990613907575607
-1,-1,-1,-1,-1,1,-1,-1,-1,-1,-1,-1,-1,1,1,-1,1,1,-1,1,0.009990613907575607
-1,-1,-1,-1,-1,1,-1,-1,-1,-1,-1,1,1,1,1,1,1,-1,-1,-1,0.009990613907575607
-1,-1,-1,-1,-1,1,-1,-1,-1,-1,1,1,-1,-1,1,1,-1,1,1,-1,0.009990613907575607
-1,-1,-1,-1,-1,1,-1,-1,-1,-1,1,1,1,-1,-1,1,1,1,-1,-1,0.009990613907575607
-1,-1,-1,-1,-1,1,-1,-1,-1,-1,1,1,1,1,1,1,1,1,-1,-1,0.009990613907575607
-1,-1,-1,-1,-1,1,-1,-1,-1,1,-1,-1,1,-1,-1,-1,1,-1,-1,1,0.009990613907575607
-1,-1,-1,-1,-1,1,-1,-1,-1,1,-1,1,-1,1,-1,-1,-1,-1,-1,-1,0.009990613907575607
-1,-1,-1,-1,-1,1,-1,-1,-1,1,-1,1,-1,1,-1,-1,1,-1,1,1,0.009990613907575607
-1,-1,-1,-1,-1,1,-1,-1,-1,1,-1,1,1,-1,-1,-1,-1,1,1,1,0.009990613907575607
-1,-1,-1,-1,-1,1,-1,-1,-1,1,-1,1,1,1,1,-1,-1,1,-1,1,0.009990613907575607
-1,-1,-1,-1,-1,1,-1,-1,-1,1,-1,1,1,1,1,1,1,-1,1,-1,0.009990613907575607
-1,-1,-1,-1,-1,1,-1,-1,-1,1,1,1,1,-1,1,-1,-1,-1,-1,-1,0.009990613907575607
-1,-1,-1,-1,-1,1,-1,-1,-1,1,1,1,1,1,-1,-1,-1,1,-1,-1,0.009990613907575607
-1,-1,-1,-1,-1,1,-1,-1,-1,1,1,1,1,1,1,1,1,1,-1,-1,0.009990613907575607
-1,-1,-1,-1,-1,1,-1,-1,1,-1,-1,-1,-1,1,-1,-1,1,-1,1,-1,0.009990613907575607
-1,-1,-1,-1,-1,1,-1,-1,1,-1,-1,-1,-1,1,1,-1,1,-1,1,-1,0.009990613907575607
-1,-1,-1,-1,-1,1,-1,-1,1,-1,-1,1,1,-1,1,1,1,-1,-1,1,0.009990613907575607
-1,-1,-1,-1,-1,1,-1,-1,1,-1,1,-1,-1,1,-1,-1,1,1,-1,-1,0.009990613907575607
-1,-1,-1,-1,-1,1,-1,-1,1,-1,1,-1,1,1,1,1,-1,-1,-1,1,0.009990613907575607
-1,-1,-1,-1,-1,1,-1,-1,1,-1,1,1,-1,1,1,-1,1,-1,-1,1,0.009990613907575607
-1,-1,-1,-1,-1,1,-1,-1,1,1,-1,-1,-1,-1,1,-1,1,1,-1,1,0.009990613907575607
-1,-1,-1,-1,-1,1,-1,-1,1,1,-1,1,-1,-1,-1,1,1,-1,-1,1,0.009990613907575607
-1,-1,-1,-1,-1,1,-1,-1,1,1,1,-1,1,-1,1,-1,-1,-1,1,-1,0.009990613907575607
-1,-1,-1,-1,-1,1,-1,-1,1,1,1,1,1,-1,-1,-1,1,-1,1,-1,0.009990613907575607
-1,-1,-1,-1,-1,1,-1,1,-1,-1,-1,-1,1,1,-1,-1,1,-1,1,1,0.009990613907575607
-1,-1,-1,-1,-1,1,-1,1,-1,-1,-1,1,-1,1,-1,-1,-1,1,-1,-1,0.009990613907575607
-1,-1,-1,-1,-1,1,-1,1,-1,-1,-1,1,1,1,-1,-1,1,-1,-1,1,0.009990613907575607
-1,-1,-1,-1,-1,1,-1,1,-1,-1,1,-1,1,-1,-1,1,-1,1,-1,-1,0.009990613907575607
-1,-1,-1,-1,-1,1,-1,1,-1,-1,1,1,-1,-1,1,-1,1,-1,-1,1,0.009990613907575607
-1,-1,-1,-1,-1,1,-1,1,-1,-1,1,1,1,-1,-1,1,1,1,-1,-1,0.009990613907575607
-1,-1,-1,-1,-1,1,-1,1,-1,-1,1,1,1,-1,1,-1,-1,-1,1,1,0.009990613907575607
-1,-1,-1,-1,-1,1,-1,1,-1,1,-1,1,-1,-1,1,1,1,1,1,-1,0.009990613907575607
-1,-1,-1,-1,-1,1,-1,1,-1,1,1,-1,-1,-1,-1,1,-1,1,1,-1,0.009990613907575607
-1,-1,-1,-1,-1,1,-1,1,-1,1,1,-1,-1,-1,1,1,1,-1,1,1,0.009990613907575607
-1,-1,-1,-1,-1,1,-1,1,1,-1,-1,-1,-1,1,-1,-1,1,-1,-1,1,0.009990613907575607
-1,-1,-1,-1,-1,1,-1,1,1,-1,-1,-1,-1,1,1,1,1,-1,1,-1,0.009990613907575607
-1,-1,-1,-1,-1,1,-1,1,1,-1,-1,1,-1,-1,1,1,1,-1,-1,1,0.009990613907575607
-1,-1,-1,-1,-1,1,-1,1,1,-1,-1,1,-1,1,1,1,-1,1,-1,1,0.009990613907575607
-1,-1,-1,-1,-1,1,-1,1,1,-1,-1,1,1,1,-1,-1,-1,-1,1,-1,0.009990613907575607
-1,-1,-1,-1,-1,1,-1,1,1,-1,-1,1,1,1,-1,-1,1,1,-1,-1,0.009990613907575607
-1,-1,-1,-1,-1,1,-1,1,1,-1,1,-1,1,1,1,1,-1,-1,1,-1,0.009990613907575607
-1,-1,-1,-1,-1,1,-1,1,1,1,-1,-1,-1,-1,-1,1,-1,-1,-1,-1,0.009990613907575607
-1,-1,-1,-1,-1,1,-1,1,1,1,-1,-1,-1,-1,-1,1,1,1,1,-1,0.009990613907575607
-1,-1,-1,-1,-1,1,-1,1,1,1,-1,-1,1,1,1,1,-1,1,-1,1,0.009990613907575607
-1,-1,-1,-1,-1,1,-1,1,1,1,-1,-1,1,1,1,1,1,-1,-1,-1,0.009990613907575607
-1,-1,-1,-1,-1,1,-1,1,1,1,-1,1,-1,1,-1,1,1,-1,-1,1,0.009990613907575607
-1,-1,-1,-1,-1,1,-1,1,1,1,-1,1,1,1,-1,-1,1,-1,-1,-1,0.009990613907575607
-1,-1,-1,-1,-1,1,-1,1,1,1,-1,1,1,1,1,-1,1,1,1,1,0.009990613907575607
-1,-1,-1,-1,-1,1,-1,1,1,1,1,-1,-1,-1,-1,1,-1,-1,1,1,0.009990613907575607
-1,-1,-1,-1,-1,1,-1,1,1,1,1,1,1,-1,-1,1,1,1,1,1,0.009990613907575607
-1,-1,-1,-1,-1,1,-1,1,1,1,1,1,1,-1,1,1,-1,-1,-1,-1,0.009990613907575607
-1,-1,-1,-1,-1,1,1,-1,-1,-1,-1,-1,-1,1,1,-1,-1,-1,-1,-1,0.009990613907575607
-1,-1,-1,-1,-1,1,1,-1,-1,-1,-1,-1,1,-1,-1,-1,1,-1,-1,1,0.009990613907575607
-1,-1,-1,-1,-1,1,1,-1,-1,-1,-1,1,-1,-1,-1,1,1,-1,-1,-1,0.009990613907575607
-1,-1,-1,-1,-1,1,1,-1,-1,-1,-1,1,1,1,1,-1,-1,-1,1,-1,0.009990613907575607
-1,-1,-1,-1,-1,1,1,-1,-1,-1,-1,1,1,1,1,1,1,-1,1,1,0.009990613907575607
-1,-1,-1,-1,-1,1,1,-1,-1,-1,1,-1,-1,1,1,-1,-1,-1,1,-1,0.009990613907575607
-1,-1,-1,-1,-1,1,1,-1,-1,-1,1,1,-1,-1,-1,-1,-1,1,1,-1,0.009990613907575607
-1,-1,-1,-1,-1,1,1,-1,-1,-1,1,1,-1,-1,1,-1,-1,-1,-1,-1,0.009990613907575607
-1,-1,-1,-1,-1,1,1,-1,-1,-1,1,1,-1,-1,1,-1,1,-1,-1,1,0.009990613907575607
-1,-1,-1,-1,-1,1,1,-1,-1,-1,1,1,-1,1,1,-1,-1,1,1,-1,0.009990613907575607
-1,-1,-1,-1,-1,1,1,-1,-1,-1,1,1,1,-1,1,-1,-1,-1,-1,-1,0.009990613907575607
-1,-1,-1,-1,-1,1,1,-1,-1,-1,1,1,1,1,1,1,1,-1,-1,-1,0.009990613907575607
-1,-1,-1,-1,-1,1,1,-1,-1,1,-1,-1,-1,1,-1,1,-1,-1,1,-1,0.009990613907575607
-1,-1,-1,-1,-1,1,1,-1,-1,1,-1,-1,-1,1,1,1,1,-1,1,-1,0.009990613907575607
-1,-1,-1,-1,-1,1,1,-1,-1,1,-1,-1,1,1,-1,-1,1,-1,1,-1,0.009990613907575607
-1,-1,-1,-1,-1,1,1,-1,-1,1,-1,-1,1,1,1,-1,-1,1,1,1,0.009990613907575607
-1,-1,-1,-1,-1,1,1,-1,-1,1,-1,1,-1,-1,1,-1,1,-1,-1,-1,0.009990613907575607
-1,-1,-1,-1,-1,1,1,-1,-1,1,-1,1,1,-1,-1,-1,1,-1,1,1,0.009990613907575607
-1,-1,-1,-1,-1,1,1,-1,-1,1,1,-1,-1,-1,-1,1,-1,1,-1,-1,0.009990613907575607
-1,-1,-1,-1,-1,1,1,-1,-1,1,1,-1,-1,-1,1,-1,-1,-1,1,-1,0.009990613907575607
-1,-1,-1,-1,-1,1,1,-1,-1,1,1,-1,-1,-1,1,1,1,1,1,-1,0.009990613907575607
-1,-1,-1,-1,-1,1,1,-1,-1,1,1,-1,-1,1,1,-1,1,1,1,-1,0.009990613907575607
-1,-1,-1,-1,-1,1,1,-1,-1,1,1,1,-1,1,1,-1,1,1,1,1,0.009990613907575607
-1,-1,-1,-1,-1,1,1,-1,-1,1,1,1,1,1,-1,1,1,1,1,-1,0.009990613907575607
-1,-1,-1,-1,-1,1,1,-1,1,-1,-1,-1,-1,1,1,-1,1,-1,-1,-1,0.009990613907575607
-1,-1,-1,-1,-1,1,1,-1,1,-1,-1,1,1,-1,-1,-1,1,1,-1,1,0.009990613907575607
-1,-1,-1,-1,-1,1,1,-1,1,-1,-1,1,1,1,-1,-1,-1,-1,-1,1,0.009990613907575607
-1,-1,-1,-1,-1,1,1,-1,1,-1,-1,1,1,1,-1,-1,1,1,1,1,0.009990613907575607
-1,-1,-1,-1,-1,1,1,-1,1,-1,1,-1,1,-1,1,1,-1,-1,1,1,0.009990613907575607
-1,-1,-1,-1,-1,1,1,-1,1,-1,1,-1,1,1,-1,-1,-1,-1,-1,-1,0.009990613907575607
-1,-1,-1,-1,-1,1,1,-1,1,-1,1,-1,1,1,1,1,1,-1,-1,1,0.009990613907575607
-1,-1,-1,-1,-1,1,1,-1,1,-1,1,1,-1,1,-1,-1,-1,1,1,1,0.009990613907575607
-1,-1,-1,-1,-1,1,1,-1,1,-1,1,1,1,1,1,-1,-1,1,-1,-1,0.009990613907575607
-1,-1,-1,-1,-1,1,1,-1,1,1,-1,-1,-1,1,1,1,1,-1,-1,1,0.009990613907575607
-1,-1,-1,-1,-1,1,1,-1,1,1,-1,-1,1,-1,-1,-1,-1,-1,1,-1,0.009990613907575607
-1,-1,-1,-1,-1,1,1,-1,1,1,-1,-1,1,-1,1,-1,1,-1,-1,1,0.009990613907575607
-1,-1,-1,-1,-1,1,1,-1,1,1,-1,-1,1,1,-1,1,1,-1,-1,-1,0.009990613907575607
-1,-1,-1,-1,-1,1,1,-1,1,1,-1,1,-1,-1,1,-1,1,1,1,1,0.009990613907575607
-1,-1,-1,-1,-1,1,1,-1,1,1,-1,1,-1,1,1,1,-1,-1,-1,-1,0.009990613907575607
-1,-1,-1,-1,-1,1,1,-1,1,1,-1,1,1,1,1,1,-1,1,1,-1,0.009990613907575607
-1,-1,-1,-1,-1,1,1,-1,1,1,1,-1,-1,-1,-1,-1,-1,1,-1,-1,0.009990613907575607
-1,-1,-1,-1,-1,1,1,-1,1,1,1,-1,-1,-1,-1,1,-1,1,-1,1,0.009990613907575607
-1,-1,-1,-1,-1,1,1,-1,1,1,1,1,-1,1,-1,-1,-1,1,1,1,0.009990613907575607
-1,-1,-1,-1,-1,1,1,1,-1,-1,-1,-1,1,1,1,1,-1,-1,1,-1,0.009990613907575607
-1,-1,-1,-1,-1,1,1,1,-1,-1,-1,1,-1,-1,1,1,1,1,-1,1,0.009990613907575607
-1,-1,-1,-1,-1,1,1,1,-1,-1,-1,1,1,-1,-1,1,1,-1,1,-1,0.009990613907575607
-1,-1,-1,-1,-1,1,1,1,-1,-1,-1,1,1,-1,1,1,1,1,-1,1,0.009990613907575607
-1,-1,-1,-1,-1,1,1,1,-1,-1,1,1,1,-1,-1,1,-1,-1,-1,1,0.009990613907575607
-1,-1,-1,-1,-1,1,1,1,-1,-1,1,1,1,-1,1,-1,1,-1,-1,-1,0.009990613907575607
-1,-1,-1,-1,-1,1,1,1,-1,-1,1,1,1,-1,1,-1,1,-1,1,-1,0.009990613907575607
-1,-1,-1,-1,-1,1,1,1,-1,-1,1,1,1,1,1,1,1,-1,1,-1,0.009990613907575607
-1,-1,-1,-1,-1,1,1,1,-1,1,-1,-1,-1,-1,-1,-1,-1,-1,1,1,0.009990613907575607
-1,-1,-1,-1,-1,1,1,1,-1,1,-1,-1,-1,-1,1,1,1,-1,-1,1,0.009990613907575607
-1,-1,-1,-1,-1,1,1,1,-1,1,-1,-1,-1,1,1,1,1,1,-1,-1,0.009990613907575607
-1,-1,-1,-1,-1,1,1,1,-1,1,-1,-1,1,-1,1,1,-1,-1,-1,-1,0.009990613907575607
-1,-1,-1,-1,-1,1,1,1,-1,1,-1,1,-1,-1,-1,1,1,1,1,-1,0.009990613907575607
-1,-1,-1,-1,-1,1,1,1,-1,1,1,-1,-1,-1,-1,1,-1,-1,-1,1,0.009990613907575607
-1,-1,-1,-1,-1,1,1,1,-1,1,1,-1,-1,-1,1,-1,-1,-1,1,1,0.009990613907575607
-1,-1,-1,-1,-1,1,1,1,-1,1,1,-1,-1,1,1,-1,-1,1,1,-1,0.009990613907575607
-1,-1,-1,-1,-1,1,1,1,-1,1,1,-1,1,-1,-1,-1,-1,1,1,1,0.009990613907575607
-1,-1,-1,-1,-1,1,1,1,-1,1,1,1,-1,-1,1,-1,1,1,1,1,0.009990613907575607
-1,-1,-1,-1,-1,1,1,1,-1,1,1,1,-1,1,1,-1,1,-1,-1,-1,0.009990613907575607
-1,-1,-1,-1,-1,1,1,1,-1,1,1,1,1,-1,1,1,-1,1,1,-1,0.009990613907575607
-1,-1,-1,-1,-1,1,1,1,-1,1,1,1,1,1,-1,-1,-1,1,-1,1,0.009990613907575607
-1,-1,-1,-1,-1,1,1,1,1,-1,-1,-1,-1,-1,1,-1,-1,1,-1,1,0.009990613907575607
-1,-1,-1,-1,-1,1,1,1,1,-1,-1,1,1,1,1,-1,1,-1,1,1,0.009990613907575607
-1,-1,-1,-1,-1,1,1,1,1,-1,1,-1,-1,-1,-1,-1,1,-1,1,1,0.009990613907575607
-1,-1,-1,-1,-1,1,1,1,1,-1,1,-1,-1,-1,-1,1,-1,-1,1,1,0.009990613907575607
-1,-1,-1,-1,-1,1,1,1,1,-1,1,-1,1,1,1,1,1,1,1,1,0.009990613907575607
-1,-1,-1,-1,-1,1,1,1,1,-1,1,1,1,1,-1,1,-1,1,-1,1,0.009990613907575607
-1,-1,-1,-1,-1,1,1,1,1,-1,1,1,1,1,1,-1,-1,-1,1,-1,0.009990613907575607
-1,-1,-1,-1,-1,1,1,1,1,1,-1,-1,-1,1,-1,1,1,-1,-1,1,0.009990613907575607
-1,-1,-1,-1,-1,1,1,1,1,1,-1,-1,1,-1,-1,-1,1,-1,1,-1,0.009990613907575607
-1,-1,-1,-1,-1,1,1,1,1,1,-1,-1,1,1,-1,-1,-1,-1,-1,1,0.009990613907575607
-1,-1,-1,-1,-1,1,1,1,1,1,-1,1,-1,-1,1,-1,1,1,-1,1,0.009990613907575607
-1,-1,-1,-1,-1,1,1,1,1,1,1,-1,-1,-1,-1,1,1,-1,1,-1,0.009990613907575607
-1,-1,-1,-1,-1,1,1,1,1,1,1,-1,-1,1,-1,1,-1,1,-1,1,0.009990613907575607
-1,-1,-1,-1,-1,1,1,1,1,1,1,-1,1,1,-1,-1,1,1,1,-1,0.009990613907575607
-1,-1,-1,-1,-1,1,1,1,1,1,1,1,-1,-1,-1,1,1,1,-1,1,0.009990613907575607
-1,-1,-1,-1,-1,1,1,1,1,1,1,1,-1,1,1,1,1,-1,1,-1,0.009990613907575607
-1,-1,-1,-1,-1,1,1,1,1,1,1,1,1,-1,-1,1,1,-1,-1,1,0.009990613907575607
-1,-1,-1,-1,1,-1,-1,-1,-1,-1,-1,-1,-1,-1,-1,-1,-1,-1,-1,1,0.009990613907575607
-1,-1,-1,-1,1,-1,-1,-1,-1,-1,-1,-1,-1,1,-1,1,-1,-1,1,1,0.009990613907575607
-1,-1,-1,-1,1,-1,-1,-1,-1,-1,-1,-1,-1,1,1,-1,1,1,1,-1,0.009990613907575607
-1,-1,-1,-1,1,-1,-1,-1,-1,-1,-1,-1,-1,1,1,1,1,-1,1,1,0.009990613907575607
-1,-1,-1,-1,1,-1,-1,-1,-1,-1,-1,-1,1,-1,-1,1,-1,-1,-1,-1,0.009990613907575607
-1,-1,-1,-1,1,-1,-1,-1,-1,-1,-1,-1,1,1,-1,-1,1,-1,1,1,0.009990613907575607
-1,-1,-1,-1,1,-1,-1,-1,-1,-1,-1,-1,1,1,-1,1,-1,1,-1,-1,0.009990613907575607
-1,-1,-1,-1,1,-1,-1,-1,-1,-1,-1,-1,1,1,-1,1,-1,1,1,-1,0.009990613907575607
-1,-1,-1,-1,1,-1,-1,-1,-1,-1,-1,-1,1,1,1,1,-1,-1,1,1,0.009990613907575607
-1,-1,-1,-1,1,-1,-1,-1,-1,-1,-1,1,-1,-1,1,-1,-1,-1,1,1,0.009990613907575607
-1,-1,-1,-1,1,-1,-1,-1,-1,-1,-1,1,1,1,1,-1,-1,-1,1,1,0.009990613907575607
-1,-1,-1,-1,1,-1,-1,-1,-1,-1,1,-1,-1,-1,1,1,-1,1,-1,1,0.009990613907575607
-1,-1,-1,-1,1,-1,-1,-1,-1,-1,1,-1,-1,-1,1,1,1,-1,1,1,0.009990613907575607
-1,-1,-1,-1,1,-1,-1,-1,-1,-1,1,-1,-1,1,-1,-1,1,-1,1,-1,0.009990613907575607
-1,-1,-1,-1,1,-1,-1,-1,-1,-1,1,-1,1,-1,1,-1,-1,-1,1,-1,0.009990613907575607
-1,-1,-1,-1,1,-1,-1,-1,-1,-1,1,-1,1,-1,1,1,1,-1,-1,-1,0.009990613907575607
-1,-1,-1,-1,1,-1,-1,-1,-1,-1,1,1,-1,1,1,-1,1,-1,1,1,0.009990613907575607
-1,-1,-1,-1,1,-1,-1,-1,-1,-1,1,1,-1,1,1,-1,1,1,-1,1,0.009990613907575607
-1,-1,-1,-1,1,-1,-1,-1,-1,-1,1,1,1,-1,1,-1,1,1,1,1,0.009990613907575607
-1,-1,-1,-1,1,-1,-1,-1,-1,-1,1,1,1,1,1,1,-1,1,-1,-1,0.009990613907575607
-1,-1,-1,-1,1,-1,-1,-1,-1,1,-1,-1,-1,1,1,-1,1,1,1,1,0.009990613907575607
-1,-1,-1,-1,1,-1,-1,-1,-1,1,-1,-1,-1,1,1,1,-1,-1,-1,-1,0.009990613907575607
-1,-1,-1,-1,1,-1,-1,-1,-1,1,-1,-1,1,1,-1,-1,-1,-1,-1,1,0.009990613907575607
-1,-1,-1,-1,1,-1,-1,-1,-1,1,-1,-1,1,1,-1,-1,1,-1,-1,-1,0.009990613907575607
-1,-1,-1,-1,1,-1,-1,-1,-1,1,-1,-1,1,1,1,1,1,1,1,-1,0.009990613907575607
-1,-1,-1,-1,1,-1,-1,-1,-1,1,1,-1,-1,-1,-1,1,-1,-1,-1,1,0.009990613907575607
-1,-1,-1,-1,1,-1,-1,-1,-1,1,1,-1,-1,1,-1,1,1,-1,-1,-1,0.009990613907575607
-1,-1,-1,-1,1,-1,-1,-1,-1,1,1,-1,1,-1,-1,-1,-1,1,-1,1,0.009990613907575607
-1,-1,-1,-1,1,-1,-1,-1,-1,1,1,-1,1,1,-1,-1,1,-1,-1,-1,0.009990613907575607
-1,-1,-1,-1,1,-1,-1,-1,-1,1,1,1,-1,-1,1,1,-1,1,1,1,0.009990613907575607
-1,-1,-1,-1,1,-1,-1,-1,-1,1,1,1,-1,-1,1,1,1,-1,-1,-1,0.009990613907575607
-1,-1,-1,-1,1,-1,-1,-1,-1,1,1,1,1,1,1,-1,1,-1,1,-1,0.009990613907575607
-1,-1,-1,-1,1,-1,-1,-1,1,-1,-1,-1,1,1,-1,1,1,-1,1,-1,0.009990613907575607
-1,-1,-1,-1,1,-1,-1,-1,1,-1,-1,1,1,-1,-1,-1,-1,1,1,-1,0.009990613907575607
-1,-1,-1,-1,1,-1,-1,-1,1,-1,-1,1,1,1,-1,1,-1,-1,1,-1,0.009990613907575607
-1,-1,-1,-1,1,-1,-1,-1,1,-1,-1,1,1,1,1,1,1,1,-1,-1,0.009990613907575607
-1,-1,-1,-1,1,-1,-1,-1,1,-1,1,-1,-1,-1,1,-1,-1,1,1,1,0.009990613907575607
-1,-1,-1,-1,1,-1,-1,-1,1,-1,1,-1,-1,1,1,1,-1,-1,1,1,0.009990613907575607
-1,-1,-1,-1,1,-1,-1,-1,1,-1,1,-1,1,-1,-1,-1,-1,-1,-1,1,0.009990613907575607
-1,-1,-1,-1,1,-1,-1,-1,1,-1,1,-1,1,-1,-1,1,1,-1,-1,1,0.009990613907575607
-1,-1,-1,-1,1,-1,-1,-1,1,-1,1,-1,1,1,1,-1,1,-1,-1,-1,0.009990613907575607
-1,-1,-1,-1,1,-1,-1,-1,1,-1,1,-1,1,1,1,1,-1,1,-1,-1,0.009990613907575607
-1,-1,-1,-1,1,-1,-1,-1,1,-1,1,1,-1,-1,1,1,-1,1,1,1,0.009990613907575607
-1,-1,-1,-1,1,-1,-1,-1,1,-1,1,1,-1,1,1,1,-1,-1,-1,1,0.009990613907575607
-1,-1,-1,-1,1,-1,-1,-1,1,1,-1,-1,-1,-1,1,-1,-1,-1,-1,1,0.009990613907575607
-1,-1,-1,-1,1,-1,-1,-1,1,1,-1,-1,1,-1,1,-1,1,-1,1,1,0.009990613907575607
-1,-1,-1,-1,1,-1,-1,-1,1,1,-1,-1,1,1,-1,-1,-1,-1,1,-1,0.009990613907575607
-1,-1,-1,-1,1,-1,-1,-1,1,1,-1,1,-1,1,1,-1,1,-1,1,1,0.009990613907575607
-1,-1,-1,-1,1,-1,-1,-1,1,1,-1,1,1,-1,-1,-1,1,-1,-1,-1,0.009990613907575607
-1,-1,-1,-1,1,-1,-1,-1,1,1,1,1,-1,-1,1,1,1,-1,-1,-1,0.009990613907575607
-1,-1,-1,-1,1,-1,-1,-1,1,1,1,1,1,1,1,-1,-1,-1,-1,-1,0.009990613907575607
-1,-1,-1,-1,1,-1,-1,1,-1,-1,-1,-1,1,-1,1,1,-1,-1,-1,1,0.009990613907575607
-1,-1,-1,-1,1,-1,-1,1,-1,-1,-1,1,-1,-1,1,1,-1,-1,1,1,0.009990613907575607
-1,-1,-1,-1,1,-1,-1,1,-1,-1,-1,1,1,1,-1,1,-1,1,-1,1,0.009990613907575607
-1,-1,-1,-1,1,-1,-1,1,-1,-1,-1,1,1,1,1,-1,1,-1,1,-1,0.009990613907575607
-1,-1,-1,-1,1,-1,-1,1,-1,-1,1,1,-1,-1,-1,1,-1,1,1,-1,0.009990613907575607
-1,-1,-1,-1,1,-1,-1,1,-1,-1,1,1,-1,1,-1,1,-1,1,1,-1,0.009990613907575607
-1,-1,-1,-1,1,-1,-1,1,-1,-1,1,1,-1,1,1,-1,1,-1,-1,-1,0.009990613907575607
-1,-1,-1,-1,1,-1,-1,1,-1,-1,1,1,-1,1,1,-1,1,-1,-1,1,0.009990613907575607
-1,-1,-1,-1,1,-1,-1,1,-1,-1,1,1,1,-1,-1,-1,-1,-1,1,1,0.009990613907575607
-1,-1,-1,-1,1,-1,-1,1,-1,1,-1,-1,-1,-1,-1,1,1,-1,1,-1,0.009990613907575607
-1,-1,-1,-1,1,-1,-1,1,-1,1,-1,-1,-1,-1,1,1,-1,-1,1,1,0.009990613907575607
-1,-1,-1,-1,1,-1,-1,1,-1,1,-1,-1,-1,1,-1,-1,1,-1,1,1,0.009990613907575607
-1,-1,-1,-1,1,-1,-1,1,-1,1,-1,-1,1,1,1,-1,-1,-1,-1,1,0.009990613907575607
-1,-1,-1,-1,1,-1,-1,1,-1,1,-1,1,-1,-1,1,-1,-1,-1,1,1,0.009990613907575607
-1,-1,-1,-1,1,-1,-1,1,-1,1,-1,1,1,-1,1,-1,-1,-1,1,-1,0.009990613907575607
-1,-1,-1,-1,1,-1,-1,1,-1,1,1,-1,-1,-1,1,1,-1,-1,1,-1,0.009990613907575607
-1,-1,-1,-1,1,-1,-1,1,-1,1,1,-1,-1,1,-1,-1,-1,1,-1,1,0.009990613907575607
-1,-1,-1,-1,1,-1,-1,1,-1,1,1,-1,-1,1,-1,-1,1,1,1,-1,0.009990613907575607
-1,-1,-1,-1,1,-1,-1,1,-1,1,1,1,-1,-1,1,-1,-1,-1,1,-1,0.009990613907575607
-1,-1,-1,-1,1,-1,-1,1,1,-1,-1,-1,-1,-1,1,-1,-1,1,-1,-1,0.009990613907575607
-1,-1,-1,-1,1,-1,-1,1,1,-1,-1,1,-1,-1,-1,1,1,1,-1,-1,0.009990613907575607
-1,-1,-1,-1,1,-1,-1,1,1,-1,-1,1,-1,-1,1,1,1,1,-1,1,0.009990613907575607
-1,-1,-1,-1,1,-1,-1,1,1,-1,-1,1,1,1,1,-1,-1,1,-1,-1,0.009990613907575607
-1,-1,-1,-1,1,-1,-1,1,1,-1,1,-1,-1,1,-1,1,1,1,1,1,0.009990613907575607
-1,-1,-1,-1,1,-1,-1,1,1,-1,1,1,-1,-1,-1,-1,-1,1,1,-1,0.009990613907575607
-1,-1,-1,-1,1,-1,-1,1,1,-1,1,1,-1,-1,-1,1,-1,-1,-1,-1,0.009990613907575607
-1,-1,-1,-1,1,-1,-1,1,1,-1,1,1,1,-1,-1,1,-1,-1,-1,1,0.009990613907575607
-1,-1,-1,-1,1,-1,-1,1,1,-1,1,1,1,-1,-1,1,1,-1,-1,-1,0.009990613907575607
-1,-1,-1,-1,1,-1,-1,1,1,1,-1,1,-1,1,-1,-1,-1,1,1,1,0.009990613907575607
-1,-1,-1,-1,1,-1,-1,1,1,1,-1,1,1,-1,-1,1,-1,1,1,1,0.009990613907575607
-1,-1,-1,-1,1,-1,-1,1,1,1,1,1,1,-1,-1,-1,1,-1,-1,-1,0.009990613907575607
-1,-1,-1,-1,1,-1,-1,1,1,1,1,1,1,-1,1,1,-1,-1,-1,1,0.009990613907575607
-1,-1,-1,-1,1,-1,-1,1,1,1,1,1,1,1,1,1,-1,-1,-1,-1,0.009990613907575607
-1,-1,-1,-1,1,-1,1,-1,-1,-1,-1,-1,-1,-1,1,-1,-1,-1,-1,-1,0.009990613907575607
-1,-1,-1,-1,1,-1,1,-1,-1,-1,-1,-1,-1,1,-1,1,1,1,-1,1,0.009990613907575607
-1,-1,-1,-1,1,-1,1,-1,-1,-1,-1,-1,1,1,1,-1,-1,-1,-1,-1,0.009990613907575607
-1,-1,-1,-1,1,-1,1,-1,-1,-1,-1,1,1,-1,-1,1,-1,-1,1,-1,0.009990613907575607
-1,-1,-1,-1,1,-1,1,-1,-1,-1,1,-1,1,1,-1,1,-1,1,-1,1,0.009990613907575607
-1,-1,-1,-1,1,-1,1,-1,-1,-1,1,1,-1,1,1,-1,-1,-1,1,-1,0.009990613907575607
-1,-1,-1,-1,1,-1,1,-1,-1,-1,1,1,-1,1,1,-1,-1,1,-1,-1,0.009990613907575607
-1,-1,-1,-1,1,-1,1,-1,-1,-1,1,1,-1,1,1,-1,1,-1,-1,1,0.009990613907575607
-1,-1,-1,-1,1,-1,1,-1,-1,-1,1,1,1,-1,1,1,1,1,-1,-1,0.009990613907575607
-1,-1,-1,-1,1,-1,1,-1,-1,1,-1,-1,1,-1,-1,-1,-1,1,1,1,0.009990613907575607
-1,-1,-1,-1,1,-1,1,-1,-1,1,-1,1,-1,-1,1,1,1,1,1,1,0.009990613907575607
-1,-1,-1,-1,1,-1,1,-1,-1,1,-1,1,-1,1,-1,1,1,1,-1,-1,0.009990613907575607
-1,-1,-1,-1,1,-1,1,-1,-1,1,-1,1,1,1,-1,-1,-1,-1,-1,1,0.009990613907575607
-1,-1,-1,-1,1,-1,1,-1,-1,1,-1,1,1,1,1,-1,-1,1,1,1,0.009990613907575607
-1,-1,-1,-1,1,-1,1,-1,-1,1,1,-1,-1,-1,1,1,1,1,-1,-1,0.009990613907575607
-1,-1,-1,-1,1,-1,1,-1,-1,1,1,1,1,-1,-1,-1,-1,-1,1,-1,0.009990613907575607
-1,-1,-1,-1,1,-1,1,-1,-1,1,1,1,1,1,-1,-1,1,1,1,1,0.009990613907575607
-1,-1,-1,-1,1,-1,1,-1,-1,1,1,1,1,1,1,1,1,-1,-1,-1,0.009990613907575607
-1,-1,-1,-1,1,-1,1,-1,1,-1,-1,-1,-1,-1,-1,1,1,1,1,1,0.009990613907575607
-1,-1,-1,-1,1,-1,1,-1,1,-1,-1,-1,-1,-1,1,-1,-1,-1,-1,1,0.009990613907575607
-1,-1,-1,-1,1,-1,1,-1,1,-1,-1,-1,1,-1,1,-1,-1,-1,-1,-1,0.009990613907575607
-1,-1,-1,-1,1,-1,1,-1,1,-1,-1,-1,1,1,1,-1,-1,-1,-1,1,0.009990613907575607
-1,-1,-1,-1,1,-1,1,-1,1,-1,-1,-1,1,1,1,-1,-1,1,-1,1,0.009990613907575607
-1,-1,-1,-1,1,-1,1,-1,1,-1,-1,-1,1,1,1,-1,1,-1,1,1,0.009990613907575607
-1,-1,-1,-1,1,-1,1,-1,1,-1,-1,1,-1,-1,1,1,1,1,-1,-1,0.009990613907575607
-1,-1,-1,-1,1,-1,1,-1,1,-1,-1,1,1,-1,1,1,-1,1,1,-1,0.009990613907575607
-1,-1,-1,-1,1,-1,1,-1,1,-1,1,-1,-1,1,1,-1,1,-1,1,-1,0.009990613907575607
-1,-1,-1,-1,1,-1,1,-1,1,-1,1,-1,-1,1,1,-1,1,1,1,1,0.009990613907575607
-1,-1,-1,-1,1,-1,1,-1,1,-1,1,-1,1,1,1,-1,1,1,-1,-1,0.009990613907575607
-1,-1,-1,-1,1,-1,1,-1,1,-1,1,1,-1,1,1,-1,-1,1,-1,-1,0.009990613907575607
-1,-1,-1,-1,1,-1,1,-1,1,1,-1,-1,1,1,1,1,1,-1,-1,-1,0.009990613907575607
-1,-1,-1,-1,1,-1,1,-1,1,1,-1,1,-1,-1,-1,1,-1,1,1,-1,0.009990613907575607
-1,-1,-1,-1,1,-1,1,-1,1,1,-1,1,-1,1,-1,1,1,1,-1,-1,0.009990613907575607
-1,-1,-1,-1,1,-1,1,-1,1,1,-1,1,1,1,-1,1,1,-1,1,-1,0.009990613907575607
-1,-1,-1,-1,1,-1,1,-1,1,1,-1,1,1,1,1,1,-1,1,1,1,0.009990613907575607
-1,-1,-1,-1,1,-1,1,-1,1,1,1,1,-1,1,-1,1,1,1,-1,-1,0.009990613907575607
-1,-1,-1,-1,1,-1,1,-1,1,1,1,1,-1,1,1,-1,-1,-1,1,1,0.009990613907575607
-1,-1,-1,-1,1,-1,1,1,-1,-1,-1,-1,-1,-1,-1,1,1,1,-1,1,0.009990613907575607
-1,-1,-1,-1,1,-1,1,1,-1,-1,-1,-1,-1,1,-1,1,-1,-1,-1,1,0.009990613907575607
-1,-1,-1,-1,1,-1,1,1,-1,-1,-1,1,-1,1,1,-1,-1,1,-1,-1,0.009990613907575607
-1,-1,-1,-1,1,-1,1,1,-1,-1,1,-1,1,-1,-1,1,1,-1,-1,-1,0.009990613907575607
-1,-1,-1,-1,1,-1,1,1,-1,-1,1,-1,1,1,-1,1,-1,1,-1,1,0.009990613907575607
-1,-1,-1,-1,1,-1,1,1,-1,-1,1,1,-1,1,1,1,-1,-1,-1,1,0.009990613907575607
-1,-1,-1,-1,1,-1,1,1,-1,-1,1,1,1,-1,-1,1,-1,-1,-1,1,0.009990613907575607
-1,-1,-1,-1,1,-1,1,1,-1,-1,1,1,1,-1,1,1,1,-1,-1,-1,0.009990613907575607
-1,-1,-1,-1,1,-1,1,1,-1,-1,1,1,1,1,-1,1,-1,1,-1,-1,0.009990613907575607
-1,-1,-1,-1,1,-1,1,1,-1,1,-1,-1,-1,-1,1,-1,1,-1,-1,-1,0.009990613907575607
-1,-1,-1,-1,1,-1,1,1,-1,1,-1,-1,-1,1,-1,-1,-1,1,-1,1,0.009990613907575607
-1,-1,-1,-1,1,-1,1,1,-1,1,-1,-1,1,-1,-1,-1,-1,-1,1,-1,0.009990613907575607
-1,-1,-1,-1,1,-1,1,1,-1,1,-1,-1,1,-1,1,1,-1,1,-1,1,0.009990613907575607
-1,-1,-1,-1,1,-1,1,1,-1,1,-1,1,-1,-1,-1,1,-1,-1,-1,-1,0.009990613907575607
-1,-1,-1,-1,1,-1,1,1,-1,1,-1,1,-1,1,-1,-1,-1,1,1,1,0.009990613907575607
-1,-1,-1,-1,1,-1,1,1,-1,1,-1,1,-1,1,1,1,1,1,1,1,0.009990613907575607
-1,-1,-1,-1,1,-1,1,1,-1,1,1,-1,-1,-1,-1,1,1,1,1,-1,0.009990613907575607
-1,-1,-1,-1,1,-1,1,1,-1,1,1,-1,-1,-1,1,1,1,-1,1,-1,0.009990613907575607
-1,-1,-1,-1,1,-1,1,1,-1,1,1,-1,1,-1,-1,-1,1,-1,1,1,0.009990613907575607
-1,-1,-1,-1,1,-1,1,1,-1,1,1,1,-1,-1,-1,1,-1,-1,-1,-1,0.009990613907575607
-1,-1,-1,-1,1,-1,1,1,-1,1,1,1,1,-1,1,-1,-1,-1,-1,-1,0.009990613907575607
-1,-1,-1,-1,1,-1,1,1,-1,1,1,1,1,1,-1,-1,1,1,1,-1,0.009990613907575607
-1,-1,-1,-1,1,-1,1,1,1,-1,-1,-1,1,-1,-1,-1,-1,-1,1,1,0.009990613907575607
-1,-1,-1,-1,1,-1,1,1,1,-1,1,-1,-1,-1,-1,-1,-1,-1,-1,-1,0.009990613907575607
-1,-1,-1,-1,1,-1,1,1,1,-1,1,-1,1,-1,1,1,1,-1,-1,-1,0.009990613907575607
-1,-1,-1,-1,1,-1,1,1,1,-1,1,-1,1,1,1,1,1,1,1,-1,0.009990613907575607
-1,-1,-1,-1,1,-1,1,1,1,-1,1,1,-1,-1,1,-1,-1,1,1,1,0.009990613907575607
-1,-1,-1,-1,1,-1,1,1,1,1,-1,-1,-1,1,-1,-1,-1,1,1,-1,0.009990613907575607
-1,-1,-1,-1,1,-1,1,1,1,1,-1,-1,-1,1,1,-1,1,-1,1,-1,0.009990613907575607
-1,-1,-1,-1,1,-1,1,1,1,1,-1,1,1,1,1,-1,-1,1,-1,-1,0.009990613907575607
-1,-1,-1,-1,1,-1,1,1,1,1,1,-1,-1,-1,-1,1,-1,-1,1,-1,0.009990613907575607
-1,-1,-1,-1,1,-1,1,1,1,1,1,-1,-1,1,1,-1,-1,-1,-1,1,0.009990613907575607
-1,-1,-1,-1,1,-1,1,1,1,1,1,-1,-1,1,1,1,-1,1,-1,1,0.009990613907575607
-1,-1,-1,-1,1,-1,1,1,1,1,1,-1,1,-1,-1,-1,-1,1,1,1,0.009990613907575607
-1,-1,-1,-1,1,-1,1,1,1,1,1,-1,1,-1,1,1,-1,1,1,-1,0.009990613907575607
-1,-1,-1,-1,1,-1,1,1,1,1,1,-1,1,1,-1,-1,1,1,1,-1,0.009990613907575607
-1,-1,-1,-1,1,1,-1,-1,-1,-1,-1,-1,1,-1,-1,-1,1,-1,-1,1,0.009990613907575607
-1,-1,-1,-1,1,1,-1,-1,-1,-1,-1,-1,1,-1,1,-1,-1,1,-1,-1,0.009990613907575607
-1,-1,-1,-1,1,1,-1,-1,-1,-1,-1,1,-1,1,-1,1,1,1,-1,-1,0.009990613907575607
-1,-1,-1,-1,1,1,-1,-1,-1,-1,-1,1,1,-1,-1,-1,-1,1,1,1,0.009990613907575607
-1,-1,-1,-1,1,1,-1,-1,-1,-1,-1,1,1,-1,-1,-1,1,-1,1,1,0.009990613907575607
-1,-1,-1,-1,1,1,-1,-1,-1,-1,1,-1,-1,-1,-1,-1,-1,1,1,1,0.009990613907575607
-1,-1,-1,-1,1,1,-1,-1,-1,-1,1,-1,-1,-1,-1,1,1,1,1,-1,0.009990613907575607
-1,-1,-1,-1,1,1,-1,-1,-1,-1,1,-1,-1,1,-1,-1,-1,-1,-1,1,0.009990613907575607
-1,-1,-1,-1,1,1,-1,-1,-1,-1,1,1,-1,-1,-1,-1,-1,-1,1,-1,0.009990613907575607
-1,-1,-1,-1,1,1,-1,-1,-1,1,-1,-1,-1,-1,-1,1,-1,1,1,1,0.009990613907575607
-1,-1,-1,-1,1,1,-1,-1,-1,1,-1,-1,-1,-1,-1,1,1,1,1,-1,0.009990613907575607
-1,-1,-1,-1,1,1,-1,-1,-1,1,-1,-1,1,-1,1,-1,1,1,-1,1,0.009990613907575607
-1,-1,-1,-1,1,1,-1,-1,-1,1,-1,1,-1,1,-1,-1,1,-1,1,-1,0.009990613907575607
-1,-1,-1,-1,1,1,-1,-1,-1,1,-1,1,1,-1,1,-1,1,-1,1,-1,0.009990613907575607
-1,-1,-1,-1,1,1,-1,-1,-1,1,-1,1,1,1,-1,1,1,-1,1,-1,0.009990613907575607
-1,-1,-1,-1,1,1,-1,-1,-1,1,1,1,-1,-1,-1,-1,-1,-1,1,1,0.009990613907575607
-1,-1,-1,-1,1,1,-1,-1,-1,1,1,1,1,1,1,-1,1,1,1,-1,0.009990613907575607
-1,-1,-1,-1,1,1,-1,-1,1,-1,-1,-1,-1,-1,-1,-1,1,1,1,-1,0.009990613907575607
-1,-1,-1,-1,1,1,-1,-1,1,-1,-1,-1,-1,1,1,1,1,1,-1,1,0.009990613907575607
-1,-1,-1,-1,1,1,-1,-1,1,-1,-1,1,1,-1,1,1,-1,1,1,1,0.009990613907575607
-1,-1,-1,-1,1,1,-1,-1,1,-1,1,-1,-1,-1,-1,-1,-1,-1,1,1,0.009990613907575607
-1,-1,-1,-1,1,1,-1,-1,1,-1,1,-1,-1,-1,-1,-1,1,1,-1,-1,0.009990613907575607
-1,-1,-1,-1,1,1,-1,-1,1,-1,1,1,1,-1,1,1,1,-1,1,1,0.009990613907575607
-1,-1,-1,-1,1,1,-1,-1,1,-1,1,1,1,1,-1,1,-1,1,1,-1,0.009990613907575607
-1,-1,-1,-1,1,1,-1,-1,1,1,-1,-1,-1,-1,1,1,-1,-1,-1,1,0.009990613907575607
-1,-1,-1,-1,1,1,-1,-1,1,1,-1,1,1,-1,1,-1,1,-1,-1,1,0.009990613907575607
-1,-1,-1,-1,1,1,-1,-1,1,1,-1,1,1,1,1,-1,-1,-1,1,-1,0.009990613907575607
-1,-1,-1,-1,1,1,-1,-1,1,1,1,1,-1,-1,-1,-1,1,1,-1,1,0.009990613907575607
-1,-1,-1,-1,1,1,-1,-1,1,1,1,1,-1,1,-1,-1,-1,1,1,-1,0.009990613907575607
-1,-1,-1,-1,1,1,-1,-1,1,1,1,1,1,1,1,-1,-1,-1,1,1,0.009990613907575607
-1,-1,-1,-1,1,1,-1,1,-1,-1,-1,-1,-1,-1,-1,-1,1,-1,-1,1,0.009990613907575607
-1,-1,-1,-1,1,1,-1,1,-1,-1,-1,-1,-1,-1,1,-1,1,1,-1,1,0.009990613907575607
-1,-1,-1,-1,1,1,-1,1,-1,-1,-1,-1,-1,1,-1,1,-1,-1,-1,1,0.009990613907575607
-1,-1,-1,-1,1,1,-1,1,-1,-1,-1,1,-1,1,-1,-1,-1,1,1,1,0.009990613907575607
-1,-1,-1,-1,1,1,-1,1,-1,-1,1,-1,-1,-1,-1,-1,-1,1,1,-1,0.009990613907575607
-1,-1,-1,-1,1,1,-1,1,-1,-1,1,-1,-1,1,-1,1,1,-1,1,-1,0.009990613907575607
-1,-1,-1,-1,1,1,-1,1,-1,-1,1,-1,1,-1,1,-1,1,1,1,1,0.009990613907575607
-1,-1,-1,-1,1,1,-1,1,-1,-1,1,1,1,-1,1,-1,1,-1,1,-1,0.009990613907575607
-1,-1,-1,-1,1,1,-1,1,-1,-1,1,1,1,1,1,1,-1,1,-1,-1,0.009990613907575607
-1,-1,-1,-1,1,1,-1,1,-1,1,-1,-1,-1,1,1,-1,-1,-1,1,-1,0.009990613907575607
-1,-1,-1,-1,1,1,-1,1,-1,1,-1,1,-1,1,-1,-1,1,-1,1,1,0.009990613907575607
-1,-1,-1,-1,1,1,-1,1,-1,1,-1,1,1,-1,1,-1,-1,1,-1,-1,0.009990613907575607
-1,-1,-1,-1,1,1,-1,1,-1,1,-1,1,1,-1,1,1,1,-1,-1,-1,0.009990613907575607
-1,-1,-1,-1,1,1,-1,1,-1,1,-1,1,1,1,1,-1,-1,1,1,-1,0.009990613907575607
-1,-1,-1,-1,1,1,-1,1,-1,1,-1,1,1,1,1,1,-1,1,-1,1,0.009990613907575607
-1,-1,-1,-1,1,1,-1,1,-1,1,1,-1,1,-1,-1,1,1,1,-1,1,0.009990613907575607
-1,-1,-1,-1,1,1,-1,1,-1,1,1,1,1,-1,-1,1,1,-1,1,1,0.009990613907575607
-1,-1,-1,-1,1,1,-1,1,1,-1,-1,1,-1,1,1,1,-1,1,-1,1,0.009990613907575607
-1,-1,-1,-1,1,1,-1,1,1,-1,-1,1,1,1,-1,1,1,-1,-1,1,0.009990613907575607
-1,-1,-1,-1,1,1,-1,1,1,-1,1,-1,1,-1,1,-1,1,-1,-1,-1,0.009990613907575607
-1,-1,-1,-1,1,1,-1,1,1,-1,1,1,-1,-1,1,1,1,-1,1,1,0.009990613907575607
-1,-1,-1,-1,1,1,-1,1,1,-1,1,1,-1,1,-1,1,-1,-1,1,1,0.009990613907575607
-1,-1,-1,-1,1,1,-1,1,1,1,-1,-1,-1,1,1,1,-1,-1,-1,1,0.009990613907575607
-1,-1,-1,-1,1,1,-1,1,1,1,-1,-1,1,-1,-1,-1,-1,1,-1,-1,0.009990613907575607
-1,-1,-1,-1,1,1,-1,1,1,1,-1,1,-1,1,1,1,1,1,1,-1,0.009990613907575607
-1,-1,-1,-1,1,1,-1,1,1,1,-1,1,1,1,-1,1,-1,1,1,-1,0.009990613907575607
-1,-1,-1,-1,1,1,-1,1,1,1,1,-1,1,1,-1,-1,1,1,1,1,0.009990613907575607
-1,-1,-1,-1,1,1,-1,1,1,1,1,-1,1,1,-1,1,1,1,-1,-1,0.009990613907575607
-1,-1,-1,-1,1,1,-1,1,1,1,1,1,-1,-1,-1,1,-1,1,-1,-1,0.009990613907575607
-1,-1,-1,-1,1,1,-1,1,1,1,1,1,1,-1,1,1,1,1,-1,-1,0.009990613907575607
-1,-1,-1,-1,1,1,1,-1,-1,-1,-1,-1,-1,-1,1,1,-1,1,-1,1,0.009990613907575607
-1,-1,-1,-1,1,1,1,-1,-1,-1,-1,-1,-1,1,-1,1,1,-1,-1,-1,0.009990613907575607
-1,-1,-1,-1,1,1,1,-1,-1,-1,-1,1,-1,-1,1,1,-1,-1,-1,1,0.009990613907575607
-1,-1,-1,-1,1,1,1,-1,-1,-1,-1,1,1,1,1,1,-1,-1,-1,-1,0.009990613907575607
-1,-1,-1,-1,1,1,1,-1,-1,-1,1,-1,-1,-1,-1,1,-1,1,-1,1,0.009990613907575607
-1,-1,-1,-1,1,1,1,-1,-1,-1,1,-1,-1,-1,1,-1,-1,-1,-1,-1,0.009990613907575607
-1,-1,-1,-1,1,1,1,-1,-1,-1,1,1,-1,1,1,1,1,1,-1,-1,0.009990613907575607
-1,-1,-1,-1,1,1,1,-1,-1,-1,1,1,1,1,-1,1,-1,1,-1,1,0.009990613907575607
-1,-1,-1,-1,1,1,1,-1,-1,1,-1,1,-1,1,1,-1,1,1,1,1,0.009990613907575607
-1,-1,-1,-1,1,1,1,-1,-1,1,-1,1,1,1,-1,1,-1,-1,-1,1,0.009990613907575607
-1,-1,-1,-1,1,1,1,-1,-1,1,1,-1,-1,1,1,-1,-1,-1,1,-1,0.009990613907575607
-1,-1,-1,-1,1,1,1,-1,-1,1,1,-1,1,-1,-1,-1,1,1,1,-1,0.009990613907575607
-1,-1,-1,-1,1,1,1,-1,-1,1,1,-1,1,-1,1,-1,-1,-1,-1,-1,0.009990613907575607
-1,-1,-1,-1,1,1,1,-1,-1,1,1,-1,1,1,-1,-1,-1,1,1,1,0.009990613907575607
-1,-1,-1,-1,1,1,1,-1,-1,1,1,1,-1,-1,-1,-1,-1,-1,1,1,0.009990613907575607
-1,-1,-1,-1,1,1,1,-1,-1,1,1,1,-1,-1,-1,1,-1,1,-1,1,0.009990613907575607
-1,-1,-1,-1,1,1,1,-1,-1,1,1,1,1,1,-1,-1,1,1,1,1,0.009990613907575607
-1,-1,-1,-1,1,1,1,-1,-1,1,1,1,1,1,1,1,-1,1,1,1,0.009990613907575607
-1,-1,-1,-1,1,1,1,-1,-1,1,1,1,1,1,1,1,1,-1,1,-1,0.009990613907575607
-1,-1,-1,-1,1,1,1,-1,1,-1,-1,-1,1,-1,1,1,1,-1,1,1,0.009990613907575607
-1,-1,-1,-1,1,1,1,-1,1,-1,-1,1,-1,1,-1,-1,1,1,-1,1,0.009990613907575607
-1,-1,-1,-1,1,1,1,-1,1,-1,-1,1,1,-1,-1,-1,1,1,1,1,0.009990613907575607
-1,-1,-1,-1,1,1,1,-1,1,-1,1,-1,-1,-1,-1,1,1,-1,1,-1,0.009990613907575607
-1,-1,-1,-1,1,1,1,-1,1,-1,1,-1,-1,-1,1,-1,1,-1,-1,1,0.009990613907575607
-1,-1,-1,-1,1,1,1,-1,1,-1,1,-1,-1,1,-1,-1,1,1,-1,1,0.009990613907575607
-1,-1,-1,-1,1,1,1,-1,1,-1,1,-1,-1,1,1,1,-1,1,-1,1,0.009990613907575607
-1,-1,-1,-1,1,1,1,-1,1,-1,1,1,1,1,-1,-1,1,-1,-1,1,0.009990613907575607
-1,-1,-1,-1,1,1,1,-1,1,1,-1,-1,1,-1,1,1,1,1,1,1,0.009990613907575607
-1,-1,-1,-1,1,1,1,-1,1,1,-1,1,-1,1,1,1,1,1,1,1,0.009990613907575607
-1,-1,-1,-1,1,1,1,-1,1,1,1,-1,-1,-1,-1,1,1,-1,1,1,0.009990613907575607
-1,-1,-1,-1,1,1,1,-1,1,1,1,-1,-1,1,1,-1,-1,1,-1,1,0.009990613907575607
-1,-1,-1,-1,1,1,1,-1,1,1,1,-1,1,-1,-1,1,-1,1,1,1,0.009990613907575607
-1,-1,-1,-1,1,1,1,-1,1,1,1,1,-1,-1,-1,-1,-1,-1,1,1,0.009990613907575607
-1,-1,-1,-1,1,1,1,-1,1,1,1,1,-1,-1,1,1,1,1,-1,1,0.009990613907575607
-1,-1,-1,-1,1,1,1,-1,1,1,1,1,1,-1,-1,1,1,1,1,1,0.009990613907575607
-1,-1,-1,-1,1,1,1,1,-1,-1,-1,-1,-1,-1,-1,1,1,-1,1,-1,0.009990613907575607
-1,-1,-1,-1,1,1,1,1,-1,-1,-1,-1,-1,-1,1,1,-1,1,-1,1,0.009990613907575607
-1,-1,-1,-1,1,1,1,1,-1,-1,-1,-1,1,-1,-1,-1,-1,-1,-1,1,0.009990613907575607
-1,-1,-1,-1,1,1,1,1,-1,-1,-1,-1,1,-1,-1,-1,1,-1,1,-1,0.009990613907575607
-1,-1,-1,-1,1,1,1,1,-1,-1,-1,-1,1,-1,-1,1,-1,1,-1,-1,0.009990613907575607
-1,-1,-1,-1,1,1,1,1,-1,-1,-1,-1,1,1,-1,-1,-1,-1,1,1,0.009990613907575607
-1,-1,-1,-1,1,1,1,1,-1,-1,-1,-1,1,1,1,-1,-1,-1,-1,1,0.009990613907575607
-1,-1,-1,-1,1,1,1,1,-1,-1,-1,1,-1,-1,-1,-1,-1,1,1,1,0.009990613907575607
-1,-1,-1,-1,1,1,1,1,-1,-1,-1,1,1,-1,1,-1,-1,-1,1,-1,0.009990613907575607
-1,-1,-1,-1,1,1,1,1,-1,-1,1,-1,1,-1,-1,-1,1,-1,1,1,0.009990613907575607
-1,-1,-1,-1,1,1,1,1,-1,-1,1,1,-1,-1,-1,1,1,-1,-1,1,0.009990613907575607
-1,-1,-1,-1,1,1,1,1,-1,-1,1,1,1,-1,-1,1,-1,-1,-1,1,0.009990613907575607
-1,-1,-1,-1,1,1,1,1,-1,-1,1,1,1,1,1,-1,-1,1,-1,1,0.009990613907575607
-1,-1,-1,-1,1,1,1,1,-1,1,-1,-1,1,-1,-1,1,1,-1,-1,-1,0.009990613907575607
-1,-1,-1,-1,1,1,1,1,-1,1,-1,-1,1,1,-1,-1,1,-1,1,-1,0.009990613907575607
-1,-1,-1,-1,1,1,1,1,-1,1,-1,-1,1,1,1,-1,-1,1,-1,-1,0.009990613907575607
-1,-1,-1,-1,1,1,1,1,-1,1,-1,1,-1,1,-1,1,-1,1,1,1,0.009990613907575607
-1,-1,-1,-1,1,1,1,1,-1,1,1,-1,1,1,-1,1,1,-1,-1,-1,0.009990613907575607
-1,-1,-1,-1,1,1,1,1,-1,1,1,-1,1,1,-1,1,1,1,-1,-1,0.009990613907575607
-1,-1,-1,-1,1,1,1,1,-1,1,1,1,-1,-1,-1,1,-1,1,1,-1,0.009990613907575607
-1,-1,-1,-1,1,1,1,1,-1,1,1,1,-1,-1,1,-1,-1,-1,-1,1,0.009990613907575607
-1,-1,-1,-1,1,1,1,1,-1,1,1,1,1,-1,1,1,-1,-1,-1,1,0.009990613907575607
-1,-1,-1,-1,1,1,1,1,1,-1,-1,1,-1,1,-1,-1,1,-1,-1,-1,0.009990613907575607
-1,-1,-1,-1,1,1,1,1,1,-1,-1,1,-1,1,1,-1,-1,-1,1,-1,0.009990613907575607
-1,-1,-1,-1,1,1,1,1,1,-1,-1,1,1,-1,-1,-1,-1,-1,1,-1,0.009990613907575607
-1,-1,-1,-1,1,1,1,1,1,-1,-1,1,1,-1,1,-1,1,1,1,1,0.009990613907575607
-1,-1,-1,-1,1,1,1,1,1,-1,1,-1,-1,-1,-1,1,1,1,-1,-1,0.009990613907575607
-1,-1,-1,-1,1,1,1,1,1,-1,1,-1,-1,1,1,1,1,-1,-1,1,0.009990613907575607
-1,-1,-1,-1,1,1,1,1,1,-1,1,1,1,-1,-1,1,1,1,1,1,0.009990613907575607
-1,-1,-1,-1,1,1,1,1,1,1,-1,-1,-1,-1,-1,1,1,-1,-1,1,0.009990613907575607
-1,-1,-1,-1,1,1,1,1,1,1,-1,-1,-1,1,-1,-1,-1,-1,1,1,0.009990613907575607
-1,-1,-1,-1,1,1,1,1,1,1,-1,-1,-1,1,1,1,-1,1,-1,-1,0.009990613907575607
-1,-1,-1,-1,1,1,1,1,1,1,-1,-1,-1,1,1,1,1,-1,1,-1,0.009990613907575607
-1,-1,-1,-1,1,1,1,1,1,1,-1,-1,1,-1,1,-1,-1,1,-1,1,0.009990613907575607
-1,-1,-1,-1,1,1,1,1,1,1,-1,-1,1,1,-1,1,1,1,1,-1,0.009990613907575607
-1,-1,-1,-1,1,1,1,1,1,1,-1,1,1,-1,-1,1,-1,-1,-1,1,0.009990613907575607
-1,-1,-1,-1,1,1,1,1,1,1,-1,1,1,-1,1,-1,1,1,1,1,0.009990613907575607
-1,-1,-1,-1,1,1,1,1,1,1,-1,1,1,1,-1,1,-1,1,1,1,0.009990613907575607
-1,-1,-1,-1,1,1,1,1,1,1,1,1,-1,-1,-1,1,-1,1,-1,1,0.009990613907575607
-1,-1,-1,-1,1,1,1,1,1,1,1,1,1,-1,-1,-1,1,1,-1,-1,0.009990613907575607
-1,-1,-1,-1,1,1,1,1,1,1,1,1,1,-1,-1,-1,1,1,1,1,0.009990613907575607
-1,-1,-1,-1,1,1,1,1,1,1,1,1,1,1,-1,1,-1,-1,-1,-1,0.009990613907575607
-1,-1,-1,1,-1,-1,-1,-1,-1,-1,-1,-1,-1,1,1,-1,-1,-1,1,-1,0.009990613907575607
-1,-1,-1,1,-1,-1,-1,-1,-1,-1,-1,-1,1,-1,1,-1,-1,1,1,-1,0.009990613907575607
-1,-1,-1,1,-1,-1,-1,-1,-1,-1,-1,1,-1,-1,1,-1,1,-1,1,-1,0.009990613907575607
-1,-1,-1,1,-1,-1,-1,-1,-1,-1,-1,1,-1,1,-1,1,-1,1,-1,-1,0.009990613907575607
-1,-1,-1,1,-1,-1,-1,-1,-1,-1,-1,1,1,1,-1,-1,-1,1,-1,1,0.009990613907575607
-1,-1,-1,1,-1,-1,-1,-1,-1,-1,1,-1,1,1,1,-1,1,-1,1,-1,0.009990613907575607
-1,-1,-1,1,-1,-1,-1,-1,-1,-1,1,1,-1,1,-1,-1,-1,-1,1,1,0.009990613907575607
-1,-1,-1,1,-1,-1,-1,-1,-1,1,-1,1,-1,1,-1,-1,-1,-1,1,-1,0.009990613907575607
-1,-1,-1,1,-1,-1,-1,-1,-1,1,-1,1,-1,1,-1,1,-1,-1,-1,-1,0.009990613907575607
-1,-1,-1,1,-1,-1,-1,-1,-1,1,-1,1,-1,1,1,1,-1,1,-1,1,0.009990613907575607
-1,-1,-1,1,-1,-1,-1,-1,-1,1,-1,1,1,-1,-1,-1,1,1,1,1,0.009990613907575607
-1,-1,-1,1,-1,-1,-1,-1,-1,1,-1,1,1,-1,1,1,1,1,1,1,0.009990613907575607
-1,-1,-1,1,-1,-1,-1,-1,-1,1,-1,1,1,1,1,1,1,1,1,1,0.009990613907575607
-1,-1,-1,1,-1,-1,-1,-1,-1,1,1,1,1,-1,1,-1,1,-1,1,-1,0.009990613907575607
-1,-1,-1,1,-1,-1,-1,-1,-1,1,1,1,1,1,-1,-1,-1,-1,-1,1,0.009990613907575607
-1,-1,-1,1,-1,-1,-1,-1,1,-1,-1,-1,1,-1,-1,-1,-1,-1,-1,-1,0.009990613907575607
-1,-1,-1,1,-1,-1,-1,-1,1,-1,-1,-1,1,-1,-1,1,1,1,1,1,0.009990613907575607
-1,-1,-1,1,-1,-1,-1,-1,1,-1,-1,-1,1,1,-1,-1,-1,-1,1,1,0.009990613907575607
-1,-1,-1,1,-1,-1,-1,-1,1,-1,-1,-1,1,1,-1,-1,1,-1,1,-1,0.009990613907575607
-1,-1,-1,1,-1,-1,-1,-1,1,-1,-1,-1,1,1,-1,-1,1,1,-1,1,0.009990613907575607
-1,-1,-1,1,-1,-1,-1,-1,1,-1,-1,1,-1,1,1,-1,1,1,1,-1,0.009990613907575607
-1,-1,-1,1,-1,-1,-1,-1,1,-1,-1,1,1,1,1,-1,-1,1,-1,-1,0.009990613907575607
-1,-1,-1,1,-1,-1,-1,-1,1,-1,1,-1,-1,1,1,1,-1,-1,1,1,0.009990613907575607
-1,-1,-1,1,-1,-1,-1,-1,1,-1,1,-1,1,-1,-1,-1,-1,1,1,-1,0.009990613907575607
-1,-1,-1,1,-1,-1,-1,-1,1,-1,1,-1,1,-1,-1,-1,1,-1,1,-1,0.009990613907575607
-1,-1,-1,1,-1,-1,-1,-1,1,-1,1,-1,1,-1,1,1,-1,1,1,-1,0.009990613907575607
-1,-1,-1,1,-1,-1,-1,-1,1,-1,1,-1,1,-1,1,1,1,1,1,1,0.009990613907575607
-1,-1,-1,1,-1,-1,-1,-1,1,-1,1,1,1,-1,-1,1,1,-1,-1,1,0.009990613907575607
-1,-1,-1,1,-1,-1,-1,-1,1,1,-1,-1,-1,-1,1,1,-1,-1,-1,1,0.009990613907575607
-1,-1,-1,1,-1,-1,-1,-1,1,1,-1,-1,-1,1,-1,-1,-1,-1,1,-1,0.009990613907575607
-1,-1,-1,1,-1,-1,-1,-1,1,1,-1,-1,1,1,-1,1,1,1,-1,1,0.009990613907575607
-1,-1,-1,1,-1,-1,-1,-1,1,1,-1,1,1,-1,1,1,1,1,-1,-1,0.009990613907575607
-1,-1,-1,1,-1,-1,-1,-1,1,1,-1,1,1,1,1,1,1,-1,1,-1,0.009990613907575607
-1,-1,-1,1,-1,-1,-1,-1,1,1,1,-1,1,-1,1,-1,-1,1,-1,1,0.009990613907575607
-1,-1,-1,1,-1,-1,-1,-1,1,1,1,-1,1,1,1,-1,1,1,-1,1,0.009990613907575607
-1,-1,-1,1,-1,-1,-1,-1,1,1,1,-1,1,1,1,1,-1,1,1,-1,0.009990613907575607
-1,-1,-1,1,-1,-1,-1,-1,1,1,1,1,-1,-1,1,1,1,1,-1,1,0.009990613907575607
-1,-1,-1,1,-1,-1,-1,-1,1,1,1,1,-1,1,1,1,1,-1,-1,-1,0.009990613907575607
-1,-1,-1,1,-1,-1,-1,1,-1,-1,-1,-1,-1,-1,1,1,1,1,1,-1,0.009990613907575607
-1,-1,-1,1,-1,-1,-1,1,-1,-1,-1,-1,-1,1,-1,1,1,1,-1,-1,0.009990613907575607
-1,-1,-1,1,-1,-1,-1,1,-1,-1,-1,-1,1,-1,-1,-1,-1,1,-1,1,0.009990613907575607
-1,-1,-1,1,-1,-1,-1,1,-1,-1,-1,-1,1,-1,-1,-1,-1,1,1,1,0.009990613907575607
-1,-1,-1,1,-1,-1,-1,1,-1,-1,-1,-1,1,-1,-1,1,-1,1,-1,-1,0.009990613907575607
-1,-1,-1,1,-1,-1,-1,1,-1,-1,-1,-1,1,-1,1,1,-1,1,-1,1,0.009990613907575607
-1,-1,-1,1,-1,-1,-1,1,-1,-1,-1,-1,1,1,1,-1,1,-1,1,-1,0.009990613907575607
-1,-1,-1,1,-1,-1,-1,1,-1,-1,-1,1,-1,-1,-1,-1,1,1,1,1,0.009990613907575607
-1,-1,-1,1,-1,-1,-1,1,-1,-1,-1,1,1,-1,1,-1,1,1,-1,1,0.009990613907575607
-1,-1,-1,1,-1,-1,-1,1,-1,-1,1,-1,-1,1,1,-1,-1,1,-1,-1,0.009990613907575607
-1,-1,-1,1,-1,-1,-1,1,-1,-1,1,-1,1,-1,-1,1,-1,1,1,-1,0.009990613907575607
-1,-1,-1,1,-1,-1,-1,1,-1,-1,1,-1,1,1,-1,-1,-1,1,-1,1,0.009990613907575607
-1,-1,-1,1,-1,-1,-1,1,-1,-1,1,1,-1,-1,-1,-1,-1,1,-1,1,0.009990613907575607
-1,-1,-1,1,-1,-1,-1,1,-1,-1,1,1,-1,1,1,1,1,1,1,-1,0.009990613907575607
-1,-1,-1,1,-1,-1,-1,1,-1,-1,1,1,1,-1,1,1,-1,-1,-1,-1,0.009990613907575607
-1,-1,-1,1,-1,-1,-1,1,-1,1,-1,-1,-1,-1,-1,1,1,1,-1,-1,0.009990613907575607
-1,-1,-1,1,-1,-1,-1,1,-1,1,-1,-1,-1,-1,1,1,-1,-1,1,1,0.009990613907575607
-1,-1,-1,1,-1,-1,-1,1,-1,1,-1,1,-1,-1,-1,-1,1,1,1,1,0.009990613907575607
-1,-1,-1,1,-1,-1,-1,1,-1,1,-1,1,1,-1,1,1,1,-1,-1,1,0.009990613907575607
-1,-1,-1,1,-1,-1,-1,1,-1,1,1,-1,-1,1,1,1,1,-1,1,1,0.009990613907575607
-1,-1,-1,1,-1,-1,-1,1,-1,1,1,1,-1,-1,-1,-1,1,-1,-1,-1,0.009990613907575607
-1,-1,-1,1,-1,-1,-1,1,-1,1,1,1,-1,1,1,-1,-1,-1,1,1,0.009990613907575607
-1,-1,-1,1,-1,-1,-1,1,-1,1,1,1,1,1,-1,-1,-1,-1,-1,1,0.009990613907575607
-1,-1,-1,1,-1,-1,-1,1,1,-1,-1,-1,-1,-1,1,1,-1,-1,1,-1,0.009990613907575607
-1,-1,-1,1,-1,-1,-1,1,1,-1,-1,-1,-1,1,-1,1,-1,1,1,1,0.009990613907575607
-1,-1,-1,1,-1,-1,-1,1,1,-1,-1,-1,1,-1,1,-1,1,-1,1,-1,0.009990613907575607
-1,-1,-1,1,-1,-1,-1,1,1,-1,-1,-1,1,1,1,1,1,-1,-1,1,0.009990613907575607
-1,-1,-1,1,-1,-1,-1,1,1,-1,-1,1,-1,-1,-1,1,1,-1,1,1,0.009990613907575607
-1,-1,-1,1,-1,-1,-1,1,1,-1,-1,1,-1,1,-1,1,-1,1,1,-1,0.009990613907575607
-1,-1,-1,1,-1,-1,-1,1,1,-1,-1,1,1,1,-1,1,-1,-1,-1,1,0.009990613907575607
-1,-1,-1,1,-1,-1,-1,1,1,-1,1,-1,-1,-1,-1,-1,-1,-1,-1,1,0.009990613907575607
-1,-1,-1,1,-1,-1,-1,1,1,-1,1,-1,1,-1,-1,1,-1,-1,-1,-1,0.009990613907575607
-1,-1,-1,1,-1,-1,-1,1,1,-1,1,1,-1,-1,1,1,-1,-1,-1,1,0.009990613907575607
-1,-1,-1,1,-1,-1,-1,1,1,1,-1,1,-1,-1,1,-1,1,-1,-1,1,0.009990613907575607
-1,-1,-1,1,-1,-1,-1,1,1,1,-1,1,-1,-1,1,1,1,-1,1,1,0.009990613907575607
-1,-1,-1,1,-1,-1,-1,1,1,1,-1,1,-1,1,-1,1,1,1,1,-1,0.009990613907575607
-1,-1,-1,1,-1,-1,-1,1,1,1,-1,1,-1,1,1,1,1,-1,-1,-1,0.009990613907575607
-1,-1,-1,1,-1,-1,-1,1,1,1,1,-1,-1,-1,1,-1,-1,1,1,1,0.009990613907575607
-1,-1,-1,1,-1,-1,-1,1,1,1,1,-1,-1,-1,1,1,-1,-1,-1,1,0.009990613907575607
-1,-1,-1,1,-1,-1,-1,1,1,1,1,-1,-1,-1,1,1,1,-1,-1,-1,0.009990613907575607
-1,-1,-1,1,-1,-1,-1,1,1,1,1,-1,1,-1,-1,1,-1,1,1,-1,0.009990613907575607
-1,-1,-1,1,-1,-1,-1,1,1,1,1,-1,1,1,1,1,1,-1,1,1,0.009990613907575607
-1,-1,-1,1,-1,-1,-1,1,1,1,1,1,-1,-1,1,-1,-1,-1,-1,-1,0.009990613907575607
-1,-1,-1,1,-1,-1,-1,1,1,1,1,1,-1,1,-1,1,-1,1,1,1,0.009990613907575607
-1,-1,-1,1,-1,-1,-1,1,1,1,1,1,1,-1,-1,1,-1,-1,-1,-1,0.009990613907575607
-1,-1,-1,1,-1,-1,-1,1,1,1,1,1,1,-1,1,1,-1,-1,1,1,0.009990613907575607
-1,-1,-1,1,-1,-1,-1,1,1,1,1,1,1,1,-1,-1,1,1,-1,-1,0.009990613907575607
-1,-1,-1,1,-1,-1,-1,1,1,1,1,1,1,1,-1,-1,1,1,-1,1,0.009990613907575607
-1,-1,-1,1,-1,-1,1,-1,-1,-1,-1,1,-1,1,-1,1,-1,-1,1,1,0.009990613907575607
-1,-1,-1,1,-1,-1,1,-1,-1,-1,1,1,-1,-1,1,-1,1,-1,1,1,0.009990613907575607
-1,-1,-1,1,-1,-1,1,-1,-1,-1,1,1,-1,1,-1,1,1,-1,-1,1,0.009990613907575607
-1,-1,-1,1,-1,-1,1,-1,-1,-1,1,1,1,-1,-1,1,-1,1,1,1,0.009990613907575607
-1,-1,-1,1,-1,-1,1,-1,-1,-1,1,1,1,1,1,-1,1,-1,1,-1,0.009990613907575607
-1,-1,-1,1,-1,-1,1,-1,-1,1,-1,-1,-1,-1,1,1,-1,-1,-1,-1,0.009990613907575607
-1,-1,-1,1,-1,-1,1,-1,-1,1,-1,-1,1,1,-1,1,1,-1,1,-1,0.009990613907575607
-1,-1,-1,1,-1,-1,1,-1,-1,1,-1,-1,1,1,1,-1,-1,-1,-1,-1,0.009990613907575607
-1,-1,-1,1,-1,-1,1,-1,-1,1,1,-1,-1,1,-1,-1,-1,1,-1,-1,0.009990613907575607
-1,-1,-1,1,-1,-1,1,-1,-1,1,1,-1,1,1,1,1,-1,1,1,-1,0.009990613907575607
-1,-1,-1,1,-1,-1,1,-1,-1,1,1,-1,1,1,1,1,1,1,1,-1,0.009990613907575607
-1,-1,-1,1,-1,-1,1,-1,1,-1,-1,-1,-1,-1,-1,-1,1,1,1,1,0.009990613907575607
-1,-1,-1,1,-1,-1,1,-1,1,-1,-1,-1,-1,1,1,-1,1,-1,1,-1,0.009990613907575607
-1,-1,-1,1,-1,-1,1,-1,1,-1,-1,1,-1,1,-1,-1,1,-1,1,1,0.009990613907575607
-1,-1,-1,1,-1,-1,1,-1,1,-1,-1,1,-1,1,1,1,-1,1,-1,-1,0.009990613907575607
-1,-1,-1,1,-1,-1,1,-1,1,-1,-1,1,1,1,-1,1,1,-1,1,1,0.009990613907575607
-1,-1,-1,1,-1,-1,1,-1,1,-1,-1,1,1,1,1,-1,1,-1,-1,-1,0.009990613907575607
-1,-1,-1,1,-1,-1,1,-1,1,-1,1,-1,1,-1,-1,-1,-1,1,-1,-1,0.009990613907575607
-1,-1,-1,1,-1,-1,1,-1,1,-1,1,1,-1,-1,1,1,-1,1,-1,1,0.009990613907575607
-1,-1,-1,1,-1,-1,1,-1,1,-1,1,1,-1,1,1,-1,-1,-1,1,-1,0.009990613907575607
-1,-1,-1,1,-1,-1,1,-1,1,-1,1,1,1,-1,1,1,-1,-1,-1,1,0.009990613907575607
-1,-1,-1,1,-1,-1,1,-1,1,-1,1,1,1,1,-1,1,1,-1,1,1,0.009990613907575607
-1,-1,-1,1,-1,-1,1,-1,1,1,-1,-1,-1,-1,-1,-1,1,-1,1,-1,0.009990613907575607
-1,-1,-1,1,-1,-1,1,-1,1,1,-1,1,-1,1,1,-1,1,1,1,1,0.009990613907575607
-1,-1,-1,1,-1,-1,1,-1,1,1,-1,1,1,1,1,-1,1,-1,-1,-1,0.009990613907575607
-1,-1,-1,1,-1,-1,1,-1,1,1,1,-1,-1,1,-1,1,-1,-1,-1,-1,0.009990613907575607
-1,-1,-1,1,-1,-1,1,-1,1,1,1,-1,-1,1,-1,1,1,-1,1,-1,0.009990613907575607
-1,-1,-1,1,-1,-1,1,-1,1,1,1,-1,1,-1,-1,1,1,1,-1,-1,0.009990613907575607
-1,-1,-1,1,-1,-1,1,-1,1,1,1,-1,1,1,-1,-1,1,1,-1,-1,0.009990613907575607
-1,-1,-1,1,-1,-1,1,-1,1,1,1,1,-1,-1,1,-1,1,1,-1,1,0.009990613907575607
-1,-1,-1,1,-1,-1,1,-1,1,1,1,1,-1,1,1,-1,1,-1,1,-1,0.009990613907575607
-1,-1,-1,1,-1,-1,1,1,-1,-1,-1,-1,-1,1,-1,1,-1,1,1,-1,0.009990613907575607
-1,-1,-1,1,-1,-1,1,1,-1,-1,-1,-1,1,-1,1,-1,1,1,-1,1,0.009990613907575607
-1,-1,-1,1,-1,-1,1,1,-1,-1,-1,-1,1,1,1,1,-1,1,1,-1,0.009990613907575607
-1,-1,-1,1,-1,-1,1,1,-1,-1,-1,-1,1,1,1,1,1,-1,1,-1,0.009990613907575607
-1,-1,-1,1,-1,-1,1,1,-1,-1,1,-1,1,-1,-1,-1,1,1,1,1,0.009990613907575607
-1,-1,-1,1,-1,-1,1,1,-1,-1,1,-1,1,-1,1,-1,-1,-1,1,1,0.009990613907575607
-1,-1,-1,1,-1,-1,1,1,-1,-1,1,1,-1,1,1,-1,-1,1,-1,-1,0.009990613907575607
-1,-1,-1,1,-1,-1,1,1,-1,-1,1,1,1,-1,-1,1,-1,1,-1,1,0.009990613907575607
-1,-1,-1,1,-1,-1,1,1,-1,1,-1,1,1,-1,-1,-1,-1,1,-1,1,0.009990613907575607
-1,-1,-1,1,-1,-1,1,1,-1,1,-1,1,1,-1,-1,1,-1,-1,1,-1,0.009990613907575607
-1,-1,-1,1,-1,-1,1,1,-1,1,-1,1,1,-1,1,-1,1,-1,1,-1,0.009990613907575607
-1,-1,-1,1,-1,-1,1,1,-1,1,1,-1,-1,-1,-1,1,-1,1,1,1,0.009990613907575607
-1,-1,-1,1,-1,-1,1,1,-1,1,1,1,-1,-1,-1,1,1,-1,1,1,0.009990613907575607
-1,-1,-1,1,-1,-1,1,1,-1,1,1,1,1,1,-1,1,-1,1,1,1,0.009990613907575607
-1,-1,-1,1,-1,-1,1,1,1,-1,-1,-1,-1,1,-1,1,1,1,-1,1,0.009990613907575607
-1,-1,-1,1,-1,-1,1,1,1,-1,-1,-1,1,1,1,-1,1,1,-1,1,0.009990613907575607
-1,-1,-1,1,-1,-1,1,1,1,-1,-1,1,-1,1,-1,-1,-1,1,-1,-1,0.009990613907575607
-1,-1,-1,1,-1,-1,1,1,1,-1,-1,1,-1,1,1,-1,1,-1,-1,-1,0.009990613907575607
-1,-1,-1,1,-1,-1,1,1,1,-1,-1,1,1,-1,-1,1,1,-1,1,-1,0.009990613907575607
-1,-1,-1,1,-1,-1,1,1,1,-1,-1,1,1,-1,1,1,-1,1,1,1,0.009990613907575607
-1,-1,-1,1,-1,-1,1,1,1,-1,-1,1,1,1,1,1,1,-1,-1,-1,0.009990613907575607
-1,-1,-1,1,-1,-1,1,1,1,-1,1,-1,1,1,-1,-1,1,-1,-1,-1,0.009990613907575607
-1,-1,-1,1,-1,-1,1,1,1,-1,1,-1,1,1,1,-1,1,1,-1,1,0.009990613907575607
-1,-1,-1,1,-1,-1,1,1,1,-1,1,1,-1,-1,1,1,1,-1,-1,-1,0.009990613907575607
-1,-1,-1,1,-1,-1,1,1,1,-1,1,1,-1,1,1,-1,1,-1,-1,-1,0.009990613907575607
-1,-1,-1,1,-1,-1,1,1,1,-1,1,1,1,1,-1,1,-1,1,1,-1,0.009990613907575607
-1,-1,-1,1,-1,-1,1,1,1,-1,1,1,1,1,1,1,1,-1,1,-1,0.009990613907575607
-1,-1,-1,1,-1,-1,1,1,1,1,-1,-1,-1,1,1,-1,1,-1,-1,1,0.009990613907575607
-1,-1,-1,1,-1,-1,1,1,1,1,-1,1,-1,-1,-1,1,-1,1,1,1,0.009990613907575607
-1,-1,-1,1,-1,-1,1,1,1,1,-1,1,-1,1,-1,-1,1,1,1,-1,0.009990613907575607
-1,-1,-1,1,-1,-1,1,1,1,1,-1,1,-1,1,-1,1,1,1,-1,-1,0.009990613907575607
-1,-1,-1,1,-1,-1,1,1,1,1,-1,1,1,-1,-1,1,1,1,-1,1,0.009990613907575607
-1,-1,-1,1,-1,-1,1,1,1,1,-1,1,1,1,-1,-1,1,-1,-1,-1,0.009990613907575607
-1,-1,-1,1,-1,-1,1,1,1,1,-1,1,1,1,1,-1,1,1,1,1,0.009990613907575607
-1,-1,-1,1,-1,-1,1,1,1,1,1,-1,1,-1,-1,1,1,-1,1,1,0.009990613907575607
-1,-1,-1,1,-1,-1,1,1,1,1,1,1,1,1,-1,-1,1,1,-1,1,0.009990613907575607
-1,-1,-1,1,-1,1,-1,-1,-1,-1,-1,-1,1,1,-1,1,-1,-1,-1,1,0.009990613907575607
-1,-1,-1,1,-1,1,-1,-1,-1,-1,-1,1,-1,-1,1,-1,1,-1,-1,1,0.009990613907575607
-1,-1,-1,1,-1,1,-1,-1,-1,-1,1,-1,1,1,1,-1,1,1,1,1,0.009990613907575607
-1,-1,-1,1,-1,1,-1,-1,-1,-1,1,1,-1,-1,-1,-1,1,1,-1,-1,0.009990613907575607
-1,-1,-1,1,-1,1,-1,-1,-1,-1,1,1,1,-1,-1,1,-1,-1,1,1,0.009990613907575607
-1,-1,-1,1,-1,1,-1,-1,-1,1,-1,-1,1,1,-1,1,-1,1,1,1,0.009990613907575607
-1,-1,-1,1,-1,1,-1,-1,-1,1,1,-1,-1,-1,-1,-1,1,-1,-1,1,0.009990613907575607
-1,-1,-1,1,-1,1,-1,-1,-1,1,1,-1,-1,1,-1,1,-1,1,1,-1,0.009990613907575607
-1,-1,-1,1,-1,1,-1,-1,-1,1,1,-1,1,-1,-1,-1,1,1,-1,-1,0.009990613907575607
-1,-1,-1,1,-1,1,-1,-1,-1,1,1,-1,1,-1,-1,1,1,-1,1,-1,0.009990613907575607
-1,-1,-1,1,-1,1,-1,-1,-1,1,1,-1,1,1,-1,-1,-1,-1,-1,1,0.009990613907575607
-1,-1,-1,1,-1,1,-1,-1,-1,1,1,-1,1,1,1,1,-1,1,-1,1,0.009990613907575607
-1,-1,-1,1,-1,1,-1,-1,1,-1,-1,-1,-1,-1,1,1,-1,1,1,1,0.009990613907575607
-1,-1,-1,1,-1,1,-1,-1,1,-1,-1,-1,1,-1,1,-1,-1,1,1,1,0.009990613907575607
-1,-1,-1,1,-1,1,-1,-1,1,-1,-1,-1,1,1,-1,-1,1,1,1,1,0.009990613907575607
-1,-1,-1,1,-1,1,-1,-1,1,-1,-1,-1,1,1,-1,1,1,1,-1,-1,0.009990613907575607
-1,-1,-1,1,-1,1,-1,-1,1,-1,-1,1,1,1,-1,1,-1,1,-1,1,0.009990613907575607
-1,-1,-1,1,-1,1,-1,-1,1,-1,1,-1,-1,1,-1,-1,-1,-1,1,-1,0.009990613907575607
-1,-1,-1,1,-1,1,-1,-1,1,-1,1,-1,1,1,1,-1,1,-1,1,1,0.009990613907575607
-1,-1,-1,1,-1,1,-1,-1,1,-1,1,1,-1,1,-1,1,1,-1,-1,-1,0.009990613907575607
-1,-1,-1,1,-1,1,-1,-1,1,-1,1,1,1,1,-1,-1,1,1,-1,-1,0.009990613907575607
-1,-1,-1,1,-1,1,-1,-1,1,1,-1,-1,-1,-1,1,1,1,-1,1,-1,0.009990613907575607
-1,-1,-1,1,-1,1,-1,-1,1,1,-1,-1,1,-1,1,-1,-1,-1,-1,-1,0.009990613907575607
-1,-1,-1,1,-1,1,-1,-1,1,1,-1,-1,1,1,-1,-1,1,1,-1,-1,0.009990613907575607
-1,-1,-1,1,-1,1,-1,-1,1,1,-1,-1,1,1,1,1,-1,-1,-1,-1,0.009990613907575607
-1,-1,-1,1,-1,1,-1,-1,1,1,-1,1,-1,-1,-1,-1,1,-1,1,-1,0.009990613907575607
-1,-1,-1,1,-1,1,-1,-1,1,1,-1,1,-1,-1,-1,1,-1,1,-1,1,0.009990613907575607
-1,-1,-1,1,-1,1,-1,-1,1,1,-1,1,-1,-1,1,1,-1,-1,-1,-1,0.009990613907575607
-1,-1,-1,1,-1,1,-1,-1,1,1,1,-1,-1,1,-1,-1,-1,-1,1,-1,0.009990613907575607
-1,-1,-1,1,-1,1,-1,-1,1,1,1,-1,-1,1,1,1,-1,1,1,-1,0.009990613907575607
-1,-1,-1,1,-1,1,-1,-1,1,1,1,1,-1,1,-1,-1,-1,1,1,-1,0.009990613907575607
-1,-1,-1,1,-1,1,-1,-1,1,1,1,1,1,-1,-1,-1,1,-1,1,-1,0.009990613907575607
-1,-1,-1,1,-1,1,-1,-1,1,1,1,1,1,-1,1,1,1,1,-1,-1,0.009990613907575607
-1,-1,-1,1,-1,1,-1,-1,1,1,1,1,1,1,1,1,-1,1,1,-1,0.009990613907575607
-1,-1,-1,1,-1,1,-1,1,-1,-1,-1,-1,1,-1,1,-1,1,1,-1,1,0.009990613907575607
-1,-1,-1,1,-1,1,-1,1,-1,-1,-1,1,-1,-1,-1,-1,1,1,-1,-1,0.009990613907575607
-1,-1,-1,1,-1,1,-1,1,-1,-1,-1,1,-1,-1,1,1,1,1,-1,-1,0.009990613907575607
-1,-1,-1,1,-1,1,-1,1,-1,-1,-1,1,-1,1,-1,-1,1,1,1,1,0.009990613907575607
-1,-1,-1,1,-1,1,-1,1,-1,-1,-1,1,-1,1,1,1,-1,1,-1,-1,0.009990613907575607
-1,-1,-1,1,-1,1,-1,1,-1,-1,1,-1,-1,-1,-1,1,1,-1,-1,1,0.009990613907575607
-1,-1,-1,1,-1,1,-1,1,-1,-1,1,-1,-1,-1,1,-1,-1,1,-1,1,0.009990613907575607
-1,-1,-1,1,-1,1,-1,1,-1,-1,1,-1,-1,-1,1,-1,1,1,1,1,0.009990613907575607
-1,-1,-1,1,-1,1,-1,1,-1,-1,1,-1,-1,-1,1,1,-1,-1,-1,-1,0.009990613907575607
-1,-1,-1,1,-1,1,-1,1,-1,-1,1,-1,-1,-1,1,1,1,1,1,1,0.009990613907575607
-1,-1,-1,1,-1,1,-1,1,-1,-1,1,-1,-1,1,-1,-1,-1,1,-1,-1,0.009990613907575607
-1,-1,-1,1,-1,1,-1,1,-1,-1,1,1,1,-1,1,1,1,-1,-1,1,0.009990613907575607
-1,-1,-1,1,-1,1,-1,1,-1,-1,1,1,1,1,1,1,1,1,-1,-1,0.009990613907575607
-1,-1,-1,1,-1,1,-1,1,-1,1,-1,-1,1,-1,-1,-1,-1,1,-1,1,0.009990613907575607
-1,-1,-1,1,-1,1,-1,1,-1,1,-1,1,-1,-1,-1,-1,-1,1,1,-1,0.009990613907575607
-1,-1,-1,1,-1,1,-1,1,-1,1,-1,1,-1,1,1,1,1,-1,1,1,0.009990613907575607
-1,-1,-1,1,-1,1,-1,1,-1,1,1,-1,1,1,-1,-1,1,1,-1,1,0.009990613907575607
-1,-1,-1,1,-1,1,-1,1,-1,1,1,1,1,-1,-1,1,1,-1,1,-1,0.009990613907575607
-1,-1,-1,1,-1,1,-1,1,-1,1,1,1,1,-1,1,-1,1,1,-1,1,0.009990613907575607
-1,-1,-1,1,-1,1,-1,1,-1,1,1,1,1,1,-1,1,-1,-1,-1,1,0.009990613907575607
-1,-1,-1,1,-1,1,-1,1,-1,1,1,1,1,1,-1,1,-1,-1,1,1,0.009990613907575607
-1,-1,-1,1,-1,1,-1,1,-1,1,1,1,1,1,1,-1,1,1,1,1,0.009990613907575607
-1,-1,-1,1,-1,1,-1,1,1,-1,-1,-1,-1,-1,1,-1,-1,-1,1,1,0.009990613907575607
-1,-1,-1,1,-1,1,-1,1,1,-1,-1,-1,1,-1,-1,-1,1,1,1,1,0.009990613907575607
-1,-1,-1,1,-1,1,-1,1,1,-1,-1,-1,1,-1,-1,1,-1,1,-1,1,0.009990613907575607
-1,-1,-1,1,-1,1,-1,1,1,-1,-1,-1,1,-1,1,-1,1,-1,-1,1,0.009990613907575607
-1,-1,-1,1,-1,1,-1,1,1,-1,-1,1,1,1,1,1,1,1,-1,-1,0.009990613907575607
-1,-1,-1,1,-1,1,-1,1,1,-1,1,-1,-1,-1,-1,-1,-1,-1,1,-1,0.009990613907575607
-1,-1,-1,1,-1,1,-1,1,1,-1,1,-1,-1,-1,1,-1,1,-1,-1,1,0.009990613907575607
-1,-1,-1,1,-1,1,-1,1,1,-1,1,-1,-1,1,1,1,-1,1,-1,-1,0.009990613907575607
-1,-1,-1,1,-1,1,-1,1,1,-1,1,-1,1,1,1,1,-1,1,-1,-1,0.009990613907575607
-1,-1,-1,1,-1,1,-1,1,1,-1,1,1,-1,1,1,-1,1,-1,-1,1,0.009990613907575607
-1,-1,-1,1,-1,1,-1,1,1,-1,1,1,-1,1,1,1,-1,-1,1,-1,0.009990613907575607
-1,-1,-1,1,-1,1,-1,1,1,-1,1,1,1,1,1,-1,1,-1,-1,1,0.009990613907575607
-1,-1,-1,1,-1,1,-1,1,1,1,-1,-1,-1,-1,1,-1,-1,-1,-1,1,0.009990613907575607
-1,-1,-1,1,-1,1,-1,1,1,1,-1,-1,1,1,-1,-1,-1,-1,-1,1,0.009990613907575607
-1,-1,-1,1,-1,1,-1,1,1,1,-1,1,1,-1,1,-1,1,1,1,-1,0.009990613907575607
-1,-1,-1,1,-1,1,-1,1,1,1,-1,1,1,-1,1,1,-1,1,-1,1,0.009990613907575607
-1,-1,-1,1,-1,1,-1,1,1,1,1,-1,1,-1,-1,1,-1,-1,-1,-1,0.009990613907575607
-1,-1,-1,1,-1,1,-1,1,1,1,1,-1,1,-1,1,-1,1,-1,1,-1,0.009990613907575607
-1,-1,-1,1,-1,1,-1,1,1,1,1,1,-1,-1,1,1,-1,1,-1,-1,0.009990613907575607
-1,-1,-1,1,-1,1,1,-1,-1,-1,-1,-1,-1,-1,-1,-1,-1,-1,1,1,0.009990613907575607
-1,-1,-1,1,-1,1,1,-1,-1,-1,-1,-1,-1,1,-1,-1,-1,-1,-1,-1,0.009990613907575607
-1,-1,-1,1,-1,1,1,-1,-1,-1,-1,1,-1,1,-1,-1,1,1,1,1,0.009990613907575607
-1,-1,-1,1,-1,1,1,-1,-1,-1,-1,1,-1,1,-1,1,1,-1,1,1,0.009990613907575607
-1,-1,-1,1,-1,1,1,-1,-1,-1,-1,1,1,1,-1,1,-1,1,1,-1,0.009990613907575607
-1,-1,-1,1,-1,1,1,-1,-1,-1,1,-1,-1,1,-1,1,1,1,1,1,0.009990613907575607
-1,-1,-1,1,-1,1,1,-1,-1,1,-1,-1,-1,1,-1,-1,-1,1,1,-1,0.009990613907575607
-1,-1,-1,1,-1,1,1,-1,-1,1,-1,-1,-1,1,1,1,-1,1,1,-1,0.009990613907575607
-1,-1,-1,1,-1,1,1,-1,-1,1,-1,-1,1,1,-1,-1,1,1,1,-1,0.009990613907575607
-1,-1,-1,1,-1,1,1,-1,-1,1,-1,1,-1,-1,-1,-1,1,1,1,1,0.009990613907575607
-1,-1,-1,1,-1,1,1,-1,-1,1,-1,1,1,1,-1,-1,-1,1,1,1,0.009990613907575607
-1,-1,-1,1,-1,1,1,-1,-1,1,1,-1,-1,-1,1,1,-1,-1,-1,-1,0.009990613907575607
-1,-1,-1,1,-1,1,1,-1,-1,1,1,-1,-1,1,-1,1,-1,1,1,1,0.009990613907575607
-1,-1,-1,1,-1,1,1,-1,-1,1,1,-1,1,1,1,-1,-1,-1,-1,1,0.009990613907575607
-1,-1,-1,1,-1,1,1,-1,-1,1,1,1,-1,-1,1,1,-1,-1,1,-1,0.009990613907575607
-1,-1,-1,1,-1,1,1,-1,-1,1,1,1,1,-1,1,1,1,1,1,1,0.009990613907575607
-1,-1,-1,1,-1,1,1,-1,-1,1,1,1,1,1,-1,1,-1,1,1,-1,0.009990613907575607
-1,-1,-1,1,-1,1,1,-1,1,-1,-1,-1,-1,-1,1,1,-1,1,1,1,0.009990613907575607
-1,-1,-1,1,-1,1,1,-1,1,-1,-1,1,-1,-1,1,-1,1,1,-1,-1,0.009990613907575607
-1,-1,-1,1,-1,1,1,-1,1,-1,-1,1,-1,1,-1,-1,1,-1,-1,-1,0.009990613907575607
-1,-1,-1,1,-1,1,1,-1,1,-1,-1,1,-1,1,1,-1,-1,1,-1,-1,0.009990613907575607
-1,-1,-1,1,-1,1,1,-1,1,-1,-1,1,1,1,-1,-1,-1,-1,1,-1,0.009990613907575607
-1,-1,-1,1,-1,1,1,-1,1,-1,1,-1,-1,-1,1,1,-1,-1,-1,1,0.009990613907575607
-1,-1,-1,1,-1,1,1,-1,1,-1,1,-1,-1,1,-1,1,-1,1,1,1,0.009990613907575607
-1,-1,-1,1,-1,1,1,-1,1,-1,1,-1,-1,1,1,-1,-1,-1,1,-1,0.009990613907575607
-1,-1,-1,1,-1,1,1,-1,1,-1,1,-1,1,-1,1,1,1,-1,1,-1,0.009990613907575607
-1,-1,-1,1,-1,1,1,-1,1,-1,1,-1,1,1,1,-1,1,-1,1,-1,0.009990613907575607
-1,-1,-1,1,-1,1,1,-1,1,1,-1,-1,-1,-1,-1,-1,-1,-1,-1,1,0.009990613907575607
-1,-1,-1,1,-1,1,1,-1,1,1,-1,-1,-1,-1,-1,1,-1,-1,1,-1,0.009990613907575607
-1,-1,-1,1,-1,1,1,-1,1,1,-1,1,-1,-1,-1,1,-1,-1,-1,1,0.009990613907575607
-1,-1,-1,1,-1,1,1,-1,1,1,-1,1,-1,-1,-1,1,-1,-1,1,1,0.009990613907575607
-1,-1,-1,1,-1,1,1,-1,1,1,-1,1,1,-1,-1,-1,1,-1,-1,1,0.009990613907575607
-1,-1,-1,1,-1,1,1,-1,1,1,-1,1,1,1,-1,1,1,-1,-1,-1,0.009990613907575607
-1,-1,-1,1,-1,1,1,-1,1,1,1,-1,-1,-1,1,-1,-1,1,-1,-1,0.009990613907575607
-1,-1,-1,1,-1,1,1,-1,1,1,1,-1,1,1,-1,1,1,1,-1,-1,0.009990613907575607
-1,-1,-1,1,-1,1,1,-1,1,1,1,-1,1,1,1,1,1,-1,1,1,0.009990613907575607
-1,-1,-1,1,-1,1,1,-1,1,1,1,1,-1,-1,-1,1,1,-1,-1,-1,0.009990613907575607
-1,-1,-1,1,-1,1,1,-1,1,1,1,1,1,-1,1,-1,-1,-1,1,1,0.009990613907575607
-1,-1,-1,1,-1,1,1,1,-1,-1,-1,-1,1,-1,-1,1,-1,1,-1,1,0.009990613907575607
-1,-1,-1,1,-1,1,1,1,-1,-1,-1,1,-1,-1,1,-1,-1,1,1,-1,0.009990613907575607
-1,-1,-1,1,-1,1,1,1,-1,-1,1,1,1,-1,-1,1,-1,1,-1,1,0.009990613907575607
-1,-1,-1,1,-1,1,1,1,-1,-1,1,1,1,-1,1,1,-1,1,1,-1,0.009990613907575607
-1,-1,-1,1,-1,1,1,1,-1,-1,1,1,1,1,-1,1,-1,-1,1,-1,0.009990613907575607
-1,-1,-1,1,-1,1,1,1,-1,-1,1,1,1,1,1,1,-1,-1,-1,-1,0.009990613907575607
-1,-1,-1,1,-1,1,1,1,-1,1,-1,-1,-1,-1,1,-1,-1,-1,-1,1,0.009990613907575607
-1,-1,-1,1,-1,1,1,1,-1,1,-1,-1,1,-1,-1,-1,1,1,-1,-1,0.009990613907575607
-1,-1,-1,1,-1,1,1,1,-1,1,-1,-1,1,-1,-1,-1,1,1,1,-1,0.009990613907575607
-1,-1,-1,1,-1,1,1,1,-1,1,-1,-1,1,-1,-1,1,1,-1,-1,1,0.009990613907575607
-1,-1,-1,1,-1,1,1,1,-1,1,-1,-1,1,-1,1,1,1,1,-1,-1,0.009990613907575607
-1,-1,-1,1,-1,1,1,1,-1,1,-1,-1,1,1,1,1,1,-1,-1,-1,0.009990613907575607
-1,-1,-1,1,-1,1,1,1,-1,1,-1,1,-1,1,1,-1,-1,-1,-1,1,0.009990613907575607
-1,-1,-1,1,-1,1,1,1,-1,1,-1,1,1,-1,1,-1,-1,1,1,-1,0.009990613907575607
-1,-1,-1,1,-1,1,1,1,-1,1,-1,1,1,1,-1,-1,1,1,1,-1,0.009990613907575607
-1,-1,-1,1,-1,1,1,1,-1,1,1,1,-1,-1,1,1,1,-1,1,-1,0.009990613907575607
-1,-1,-1,1,-1,1,1,1,1,-1,-1,-1,-1,1,1,-1,1,-1,-1,1,0.009990613907575607
-1,-1,-1,1,-1,1,1,1,1,-1,-1,-1,-1,1,1,1,1,1,-1,-1,0.009990613907575607
-1,-1,-1,1,-1,1,1,1,1,-1,-1,-1,1,1,1,1,-1,-1,-1,-1,0.009990613907575607
-1,-1,-1,1,-1,1,1,1,1,-1,-1,1,-1,1,-1,1,-1,-1,1,1,0.009990613907575607
-1,-1,-1,1,-1,1,1,1,1,-1,1,-1,-1,1,-1,-1,1,1,-1,1,0.009990613907575607
-1,-1,-1,1,-1,1,1,1,1,-1,1,-1,-1,1,1,1,1,1,1,-1,0.009990613907575607
-1,-1,-1,1,-1,1,1,1,1,-1,1,1,-1,-1,1,-1,-1,1,-1,-1,0.009990613907575607
-1,-1,-1,1,-1,1,1,1,1,-1,1,1,-1,1,-1,1,-1,1,-1,-1,0.009990613907575607
-1,-1,-1,1,-1,1,1,1,1,1,-1,-1,1,-1,1,1,1,-1,-1,1,0.009990613907575607
-1,-1,-1,1,-1,1,1,1,1,1,-1,-1,1,1,-1,-1,-1,-1,-1,-1,0.009990613907575607
-1,-1,-1,1,-1,1,1,1,1,1,-1,-1,1,1,-1,-1,1,-1,-1,-1,0.009990613907575607
-1,-1,-1,1,-1,1,1,1,1,1,-1,1,-1,-1,1,1,1,1,-1,-1,0.009990613907575607
-1,-1,-1,1,-1,1,1,1,1,1,-1,1,1,-1,-1,-1,-1,-1,1,1,0.009990613907575607
-1,-1,-1,1,-1,1,1,1,1,1,1,1,-1,-1,1,1,-1,-1,1,-1,0.009990613907575607
-1,-1,-1,1,-1,1,1,1,1,1,1,1,-1,-1,1,1,1,1,1,1,0.009990613907575607
-1,-1,-1,1,-1,1,1,1,1,1,1,1,1,1,1,-1,1,-1,1,1,0.009990613907575607
-1,-1,-1,1,-1,1,1,1,1,1,1,1,1,1,1,1,-1,1,-1,-1,0.009990613907575607
-1,-1,-1,1,1,-1,-1,-1,-1,-1,-1,-1,-1,1,1,1,1,-1,1,-1,0.009990613907575607
-1,-1,-1,1,1,-1,-1,-1,-1,-1,-1,-1,1,-1,-1,1,1,-1,-1,1,0.009990613907575607
-1,-1,-1,1,1,-1,-1,-1,-1,-1,-1,1,-1,1,1,-1,-1,-1,1,1,0.009990613907575607
-1,-1,-1,1,1,-1,-1,-1,-1,-1,-1,1,1,1,1,1,1,1,1,1,0.009990613907575607
-1,-1,-1,1,1,-1,-1,-1,-1,-1,1,-1,-1,-1,-1,1,1,-1,1,1,0.009990613907575607
-1,-1,-1,1,1,-1,-1,-1,-1,-1,1,-1,-1,1,-1,1,-1,-1,1,1,0.009990613907575607
-1,-1,-1,1,1,-1,-1,-1,-1,-1,1,-1,1,-1,-1,-1,-1,-1,-1,1,0.009990613907575607
-1,-1,-1,1,1,-1,-1,-1,-1,-1,1,-1,1,-1,-1,-1,-1,1,-1,-1,0.009990613907575607
-1,-1,-1,1,1,-1,-1,-1,-1,-1,1,1,-1,1,1,-1,1,1,1,-1,0.009990613907575607
-1,-1,-1,1,1,-1,-1,-1,-1,-1,1,1,1,-1,-1,-1,1,-1,1,1,0.009990613907575607
-1,-1,-1,1,1,-1,-1,-1,-1,-1,1,1,1,1,-1,-1,-1,1,-1,1,0.009990613907575607
-1,-1,-1,1,1,-1,-1,-1,-1,1,-1,-1,1,1,-1,1,1,-1,1,-1,0.009990613907575607
-1,-1,-1,1,1,-1,-1,-1,-1,1,-1,-1,1,1,-1,1,1,1,1,-1,0.009990613907575607
-1,-1,-1,1,1,-1,-1,-1,-1,1,-1,1,-1,-1,-1,-1,-1,-1,-1,1,0.009990613907575607
-1,-1,-1,1,1,-1,-1,-1,-1,1,-1,1,-1,1,-1,-1,-1,1,1,-1,0.009990613907575607
-1,-1,-1,1,1,-1,-1,-1,-1,1,-1,1,1,-1,-1,1,-1,-1,1,1,0.009990613907575607
-1,-1,-1,1,1,-1,-1,-1,-1,1,1,-1,-1,1,-1,-1,1,1,-1,1,0.009990613907575607
-1,-1,-1,1,1,-1,-1,-1,-1,1,1,-1,1,1,-1,-1,1,-1,-1,1,0.009990613907575607
-1,-1,-1,1,1,-1,-1,-1,-1,1,1,-1,1,1,1,-1,-1,-1,1,-1,0.009990613907575607
-1,-1,-1,1,1,-1,-1,-1,1,-1,-1,-1,-1,-1,1,1,-1,-1,1,-1,0.009990613907575607
-1,-1,-1,1,1,-1,-1,-1,1,-1,-1,-1,1,-1,1,-1,-1,-1,1,-1,0.009990613907575607
-1,-1,-1,1,1,-1,-1,-1,1,-1,-1,-1,1,-1,1,1,1,-1,1,1,0.009990613907575607
-1,-1,-1,1,1,-1,-1,-1,1,-1,-1,1,-1,-1,-1,-1,-1,-1,1,1,0.009990613907575607
-1,-1,-1,1,1,-1,-1,-1,1,-1,-1,1,-1,1,-1,-1,-1,-1,1,-1,0.009990613907575607
-1,-1,-1,1,1,-1,-1,-1,1,-1,-1,1,-1,1,1,-1,1,-1,1,1,0.009990613907575607
-1,-1,-1,1,1,-1,-1,-1,1,-1,-1,1,1,-1,1,1,-1,-1,1,1,0.009990613907575607
-1,-1,-1,1,1,-1,-1,-1,1,-1,-1,1,1,1,1,-1,-1,1,-1,-1,0.009990613907575607
-1,-1,-1,1,1,-1,-1,-1,1,-1,1,-1,-1,-1,-1,1,-1,-1,-1,-1,0.009990613907575607
-1,-1,-1,1,1,-1,-1,-1,1,-1,1,-1,-1,-1,1,1,1,1,1,1,0.009990613907575607
-1,-1,-1,1,1,-1,-1,-1,1,-1,1,-1,-1,1,1,1,-1,1,1,-1,0.009990613907575607
-1,-1,-1,1,1,-1,-1,-1,1,-1,1,-1,1,-1,1,1,-1,1,-1,1,0.009990613907575607
-1,-1,-1,1,1,-1,-1,-1,1,-1,1,1,1,-1,-1,-1,-1,1,1,1,0.009990613907575607
-1,-1,-1,1,1,-1,-1,-1,1,-1,1,1,1,-1,1,1,-1,1,1,-1,0.009990613907575607
-1,-1,-1,1,1,-1,-1,-1,1,-1,1,1,1,1,-1,1,1,1,1,-1,0.009990613907575607
-1,-1,-1,1,1,-1,-1,-1,1,-1,1,1,1,1,1,-1,-1,-1,-1,-1,0.009990613907575607
-1,-1,-1,1,1,-1,-1,-1,1,-1,1,1,1,1,1,-1,1,1,-1,1,0.009990613907575607
-1,-1,-1,1,1,-1,-1,-1,1,-1,1,1,1,1,1,1,1,-1,1,-1,0.009990613907575607
-1,-1,-1,1,1,-1,-1,-1,1,-1,1,1,1,1,1,1,1,-1,1,1,0.009990613907575607
-1,-1,-1,1,1,-1,-1,-1,1,-1,1,1,1,1,1,1,1,1,-1,1,0.009990613907575607
-1,-1,-1,1,1,-1,-1,-1,1,1,-1,1,-1,1,-1,-1,1,1,1,1,0.009990613907575607
-1,-1,-1,1,1,-1,-1,-1,1,1,-1,1,1,1,1,-1,1,1,-1,1,0.009990613907575607
-1,-1,-1,1,1,-1,-1,-1,1,1,1,-1,-1,1,-1,1,-1,1,-1,-1,0.009990613907575607
-1,-1,-1,1,1,-1,-1,-1,1,1,1,-1,-1,1,1,1,-1,1,-1,1,0.009990613907575607
-1,-1,-1,1,1,-1,-1,-1,1,1,1,1,-1,-1,1,1,1,1,1,1,0.009990613907575607
-1,-1,-1,1,1,-1,-1,-1,1,1,1,1,-1,1,-1,1,1,1,-1,-1,0.009990613907575607
-1,-1,-1,1,1,-1,-1,-1,1,1,1,1,1,-1,1,1,-1,1,-1,1,0.009990613907575607
-1,-1,-1,1,1,-1,-1,-1,1,1,1,1,1,1,-1,-1,-1,-1,-1,1,0.009990613907575607
-1,-1,-1,1,1,-1,-1,1,-1,-1,-1,-1,1,-1,1,1,1,1,1,-1,0.009990613907575607
-1,-1,-1,1,1,-1,-1,1,-1,-1,-1,-1,1,1,-1,1,1,-1,1,-1,0.009990613907575607
-1,-1,-1,1,1,-1,-1,1,-1,-1,-1,1,-1,-1,1,-1,-1,1,1,-1,0.009990613907575607
-1,-1,-1,1,1,-1,-1,1,-1,-1,-1,1,1,-1,-1,1,1,-1,-1,-1,0.009990613907575607
-1,-1,-1,1,1,-1,-1,1,-1,-1,-1,1,1,1,1,1,-1,-1,1,1,0.009990613907575607
-1,-1,-1,1,1,-1,-1,1,-1,-1,-1,1,1,1,1,1,-1,1,-1,1,0.009990613907575607
-1,-1,-1,1,1,-1,-1,1,-1,-1,1,-1,-1,-1,-1,1,-1,-1,1,1,0.009990613907575607
-1,-1,-1,1,1,-1,-1,1,-1,-1,1,-1,1,1,-1,-1,1,-1,-1,1,0.009990613907575607
-1,-1,-1,1,1,-1,-1,1,-1,-1,1,-1,1,1,1,1,-1,1,-1,-1,0.009990613907575607
-1,-1,-1,1,1,-1,-1,1,-1,-1,1,1,-1,1,1,-1,1,1,-1,1,0.009990613907575607
-1,-1,-1,1,1,-1,-1,1,-1,-1,1,1,1,1,-1,1,1,1,-1,-1,0.009990613907575607
-1,-1,-1,1,1,-1,-1,1,-1,-1,1,1,1,1,1,-1,1,1,-1,1,0.009990613907575607
-1,-1,-1,1,1,-1,-1,1,-1,1,-1,-1,-1,-1,1,-1,-1,-1,-1,1,0.009990613907575607
-1,-1,-1,1,1,-1,-1,1,-1,1,-1,-1,-1,-1,1,1,1,1,-1,-1,0.009990613907575607
-1,-1,-1,1,1,-1,-1,1,-1,1,-1,1,-1,-1,-1,-1,1,-1,-1,-1,0.009990613907575607
-1,-1,-1,1,1,-1,-1,1,-1,1,-1,1,-1,-1,1,1,-1,-1,1,1,0.009990613907575607
-1,-1,-1,1,1,-1,-1,1,-1,1,-1,1,-1,1,1,1,-1,1,1,1,0.009990613907575607
-1,-1,-1,1,1,-1,-1,1,-1,1,-1,1,1,-1,-1,1,1,-1,1,-1,0.009990613907575607
-1,-1,-1,1,1,-1,-1,1,-1,1,-1,1,1,1,-1,1,1,1,1,-1,0.009990613907575607
-1,-1,-1,1,1,-1,-1,1,-1,1,1,-1,-1,-1,-1,-1,-1,1,1,-1,0.009990613907575607
-1,-1,-1,1,1,-1,-1,1,-1,1,1,-1,1,-1,-1,1,-1,-1,-1,1,0.009990613907575607
-1,-1,-1,1,1,-1,-1,1,-1,1,1,1,-1,-1,-1,-1,-1,-1,1,-1,0.009990613907575607
-1,-1,-1,1,1,-1,-1,1,-1,1,1,1,-1,-1,-1,1,-1,-1,1,-1,0.009990613907575607
-1,-1,-1,1,1,-1,-1,1,-1,1,1,1,-1,1,-1,1,1,1,-1,-1,0.009990613907575607
-1,-1,-1,1,1,-1,-1,1,1,-1,-1,-1,-1,-1,-1,-1,1,-1,-1,-1,0.009990613907575607
-1,-1,-1,1,1,-1,-1,1,1,-1,-1,-1,1,-1,-1,-1,1,1,1,-1,0.009990613907575607
-1,-1,-1,1,1,-1,-1,1,1,-1,-1,-1,1,-1,1,1,-1,1,-1,1,0.009990613907575607
-1,-1,-1,1,1,-1,-1,1,1,-1,-1,-1,1,-1,1,1,1,-1,1,1,0.009990613907575607
-1,-1,-1,1,1,-1,-1,1,1,-1,1,-1,-1,1,-1,1,1,-1,-1,-1,0.009990613907575607
-1,-1,-1,1,1,-1,-1,1,1,-1,1,-1,-1,1,-1,1,1,-1,1,1,0.009990613907575607
-1,-1,-1,1,1,-1,-1,1,1,-1,1,-1,1,-1,-1,-1,1,1,-1,-1,0.009990613907575607
-1,-1,-1,1,1,-1,-1,1,1,-1,1,-1,1,-1,1,1,-1,1,-1,1,0.009990613907575607
-1,-1,-1,1,1,-1,-1,1,1,-1,1,1,-1,1,-1,-1,-1,1,-1,1,0.009990613907575607
-1,-1,-1,1,1,-1,-1,1,1,-1,1,1,-1,1,1,-1,-1,1,-1,-1,0.009990613907575607
-1,-1,-1,1,1,-1,-1,1,1,-1,1,1,1,-1,-1,-1,-1,-1,1,1,0.009990613907575607
-1,-1,-1,1,1,-1,-1,1,1,1,-1,-1,-1,1,1,-1,-1,-1,-1,-1,0.009990613907575607
-1,-1,-1,1,1,-1,-1,1,1,1,-1,-1,1,1,-1,-1,1,1,-1,-1,0.009990613907575607
-1,-1,-1,1,1,-1,-1,1,1,1,-1,1,1,1,1,-1,1,-1,-1,1,0.009990613907575607
-1,-1,-1,1,1,-1,-1,1,1,1,-1,1,1,1,1,-1,1,-1,1,1,0.009990613907575607
-1,-1,-1,1,1,-1,-1,1,1,1,1,-1,-1,-1,-1,-1,-1,-1,1,1,0.009990613907575607
-1,-1,-1,1,1,-1,-1,1,1,1,1,-1,-1,-1,-1,-1,-1,1,-1,1,0.009990613907575607
-1,-1,-1,1,1,-1,-1,1,1,1,1,-1,-1,-1,-1,1,-1,1,-1,1,0.009990613907575607
-1,-1,-1,1,1,-1,-1,1,1,1,1,-1,-1,1,1,-1,-1,1,1,-1,0.009990613907575607
-1,-1,-1,1,1,-1,-1,1,1,1,1,-1,1,1,-1,1,-1,-1,1,1,0.009990613907575607
-1,-1,-1,1,1,-1,-1,1,1,1,1,1,-1,1,-1,-1,-1,-1,1,1,0.009990613907575607
-1,-1,-1,1,1,-1,-1,1,1,1,1,1,-1,1,1,-1,-1,1,1,1,0.009990613907575607
-1,-1,-1,1,1,-1,1,-1,-1,-1,-1,-1,-1,-1,-1,1,-1,1,1,1,0.009990613907575607
-1,-1,-1,1,1,-1,1,-1,-1,-1,-1,-1,1,-1,-1,-1,-1,-1,-1,-1,0.009990613907575607
-1,-1,-1,1,1,-1,1,-1,-1,-1,-1,1,-1,-1,1,-1,1,-1,-1,-1,0.009990613907575607
-1,-1,-1,1,1,-1,1,-1,-1,-1,1,-1,-1,-1,-1,1,1,-1,1,-1,0.009990613907575607
-1,-1,-1,1,1,-1,1,-1,-1,-1,1,-1,-1,1,-1,-1,-1,1,1,1,0.009990613907575607
-1,-1,-1,1,1,-1,1,-1,-1,-1,1,1,-1,1,-1,-1,1,-1,1,-1,0.009990613907575607
-1,-1,-1,1,1,-1,1,-1,-1,-1,1,1,1,-1,-1,-1,1,-1,-1,-1,0.009990613907575607
-1,-1,-1,1,1,-1,1,-1,-1,1,-1,-1,1,-1,-1,1,-1,1,-1,-1,0.009990613907575607
-1,-1,-1,1,1,-1,1,-1,-1,1,-1,-1,1,1,-1,-1,-1,-1,-1,-1,0.009990613907575607
-1,-1,-1,1,1,-1,1,-1,-1,1,-1,1,-1,-1,-1,-1,-1,1,-1,1,0.009990613907575607
-1,-1,-1,1,1,-1,1,-1,-1,1,-1,1,1,-1,-1,-1,-1,-1,-1,1,0.009990613907575607
-1,-1,-1,1,1,-1,1,-1,-1,1,-1,1,1,1,1,-1,-1,-1,-1,-1,0.009990613907575607
-1,-1,-1,1,1,-1,1,-1,-1,1,1,1,-1,-1,-1,-1,-1,1,-1,-1,0.009990613907575607
-1,-1,-1,1,1,-1,1,-1,-1,1,1,1,1,-1,-1,1,-1,-1,1,1,0.009990613907575607
-1,-1,-1,1,1,-1,1,-1,1,-1,-1,-1,-1,-1,1,1,-1,-1,-1,1,0.009990613907575607
-1,-1,-1,1,1,-1,1,-1,1,-1,-1,1,-1,-1,1,-1,-1,-1,1,-1,0.009990613907575607
-1,-1,-1,1,1,-1,1,-1,1,-1,-1,1,-1,-1,1,-1,-1,-1,1,1,0.009990613907575607
-1,-1,-1,1,1,-1,1,-1,1,-1,-1,1,-1,-1,1,1,-1,1,1,1,0.009990613907575607
-1,-1,-1,1,1,-1,1,-1,1,-1,-1,1,-1,1,1,1,-1,-1,1,1,0.009990613907575607
-1,-1,-1,1,1,-1,1,-1,1,-1,-1,1,-1,1,1,1,1,-1,1,-1,0.009990613907575607
-1,-1,-1,1,1,-1,1,-1,1,-1,1,-1,-1,-1,1,-1,-1,-1,-1,1,0.009990613907575607
-1,-1,-1,1,1,-1,1,-1,1,-1,1,-1,-1,1,-1,1,1,1,-1,-1,0.009990613907575607
-1,-1,-1,1,1,-1,1,-1,1,-1,1,1,-1,-1,1,-1,1,1,1,-1,0.009990613907575607
-1,-1,-1,1,1,-1,1,-1,1,1,-1,-1,-1,-1,1,-1,1,1,1,1,0.009990613907575607
-1,-1,-1,1,1,-1,1,-1,1,1,-1,-1,-1,1,-1,1,-1,-1,-1,1,0.009990613907575607
-1,-1,-1,1,1,-1,1,-1,1,1,-1,-1,1,-1,1,-1,1,1,1,1,0.009990613907575607
-1,-1,-1,1,1,-1,1,-1,1,1,-1,1,-1,1,-1,-1,-1,1,1,1,0.009990613907575607
-1,-1,-1,1,1,-1,1,-1,1,1,-1,1,1,1,1,1,-1,1,-1,-1,0.009990613907575607
-1,-1,-1,1,1,-1,1,-1,1,1,1,-1,-1,-1,1,1,1,-1,1,1,0.009990613907575607
-1,-1,-1,1,1,-1,1,-1,1,1,1,1,1,-1,1,-1,-1,1,1,1,0.009990613907575607
-1,-1,-1,1,1,-1,1,1,-1,-1,-1,-1,1,1,1,-1,-1,-1,-1,-1,0.009990613907575607
-1,-1,-1,1,1,-1,1,1,-1,-1,-1,-1,1,1,1,-1,1,-1,1,1,0.009990613907575607
-1,-1,-1,1,1,-1,1,1,-1,-1,-1,1,-1,1,1,1,-1,1,-1,-1,0.009990613907575607
-1,-1,-1,1,1,-1,1,1,-1,-1,-1,1,1,1,1,1,-1,-1,1,1,0.009990613907575607
-1,-1,-1,1,1,-1,1,1,-1,-1,1,-1,-1,-1,-1,1,1,1,1,1,0.009990613907575607
-1,-1,-1,1,1,-1,1,1,-1,-1,1,-1,-1,-1,1,-1,1,-1,-1,1,0.009990613907575607
-1,-1,-1,1,1,-1,1,1,-1,-1,1,-1,-1,1,-1,1,1,1,-1,1,0.009990613907575607
-1,-1,-1,1,1,-1,1,1,-1,-1,1,-1,-1,1,1,-1,1,-1,1,-1,0.009990613907575607
-1,-1,-1,1,1,-1,1,1,-1,-1,1,1,-1,-1,-1,1,1,1,-1,-1,0.009990613907575607
-1,-1,-1,1,1,-1,1,1,-1,-1,1,1,-1,1,1,-1,1,1,1,1,0.009990613907575607
-1,-1,-1,1,1,-1,1,1,-1,-1,1,1,1,-1,-1,-1,1,-1,1,-1,0.009990613907575607
-1,-1,-1,1,1,-1,1,1,-1,-1,1,1,1,1,1,-1,1,1,-1,1,0.009990613907575607
-1,-1,-1,1,1,-1,1,1,-1,1,-1,1,1,-1,1,-1,1,1,-1,1,0.009990613907575607
-1,-1,-1,1,1,-1,1,1,-1,1,1,-1,1,-1,-1,1,-1,-1,1,-1,0.009990613907575607
-1,-1,-1,1,1,-1,1,1,-1,1,1,-1,1,1,1,1,-1,-1,1,-1,0.009990613907575607
-1,-1,-1,1,1,-1,1,1,-1,1,1,1,-1,-1,-1,1,-1,1,-1,1,0.009990613907575607
-1,-1,-1,1,1,-1,1,1,-1,1,1,1,1,1,1,1,-1,1,-1,-1,0.009990613907575607
-1,-1,-1,1,1,-1,1,1,1,-1,-1,-1,-1,-1,1,-1,1,-1,1,-1,0.009990613907575607
-1,-1,-1,1,1,-1,1,1,1,-1,-1,-1,1,1,-1,1,1,1,1,-1,0.009990613907575607
-1,-1,-1,1,1,-1,1,1,1,-1,1,1,-1,-1,1,-1,-1,1,-1,1,0.009990613907575607
-1,-1,-1,1,1,-1,1,1,1,1,-1,-1,1,-1,1,-1,-1,-1,1,1,0.009990613907575607
-1,-1,-1,1,1,-1,1,1,1,1,-1,-1,1,1,-1,1,-1,-1,-1,-1,0.009990613907575607
-1,-1,-1,1,1,-1,1,1,1,1,-1,-1,1,1,1,1,-1,-1,1,1,0.009990613907575607
-1,-1,-1,1,1,-1,1,1,1,1,-1,1,-1,1,-1,1,-1,1,-1,-1,0.009990613907575607
-1,-1,-1,1,1,-1,1,1,1,1,-1,1,-1,1,1,-1,1,-1,-1,1,0.009990613907575607
-1,-1,-1,1,1,-1,1,1,1,1,-1,1,1,-1,-1,1,1,-1,-1,-1,0.009990613907575607
-1,-1,-1,1,1,-1,1,1,1,1,-1,1,1,-1,-1,1,1,1,-1,1,0.009990613907575607
-1,-1,-1,1,1,-1,1,1,1,1,1,1,1,1,1,-1,1,-1,1,-1,0.009990613907575607
-1,-1,-1,1,1,-1,1,1,1,1,1,1,1,1,1,-1,1,1,1,-1,0.009990613907575607
-1,-1,-1,1,1,1,-1,-1,-1,-1,-1,-1,1,-1,-1,-1,-1,1,1,-1,0.009990613907575607
-1,-1,-1,1,1,1,-1,-1,-1,-1,-1,-1,1,-1,-1,1,-1,1,-1,1,0.009990613907575607
-1,-1,-1,1,1,1,-1,-1,-1,-1,-1,-1,1,1,1,-1,-1,-1,-1,1,0.009990613907575607
-1,-1,-1,1,1,1,-1,-1,-1,-1,-1,1,-1,1,-1,-1,-1,-1,-1,1,0.009990613907575607
-1,-1,-1,1,1,1,-1,-1,-1,-1,-1,1,1,1,-1,-1,1,1,1,-1,0.009990613907575607
-1,-1,-1,1,1,1,-1,-1,-1,-1,1,-1,-1,-1,1,-1,-1,-1,1,-1,0.009990613907575607
-1,-1,-1,1,1,1,-1,-1,-1,-1,1,-1,-1,1,1,1,1,1,1,-1,0.009990613907575607
-1,-1,-1,1,1,1,-1,-1,-1,-1,1,-1,1,-1,1,-1,1,1,-1,1,0.009990613907575607
-1,-1,-1,1,1,1,-1,-1,-1,-1,1,-1,1,1,-1,-1,-1,-1,-1,1,0.009990613907575607
-1,-1,-1,1,1,1,-1,-1,-1,-1,1,1,-1,1,-1,1,-1,1,1,1,0.009990613907575607
-1,-1,-1,1,1,1,-1,-1,-1,1,-1,-1,-1,-1,-1,-1,-1,1,1,1,0.009990613907575607
-1,-1,-1,1,1,1,-1,-1,-1,1,-1,-1,-1,-1,-1,1,-1,1,1,-1,0.009990613907575607
-1,-1,-1,1,1,1,-1,-1,-1,1,-1,-1,-1,-1,-1,1,1,-1,-1,-1,0.009990613907575607
-1,-1,-1,1,1,1,-1,-1,-1,1,-1,-1,1,1,1,-1,-1,1,1,-1,0.009990613907575607
-1,-1,-1,1,1,1,-1,-1,-1,1,-1,1,1,1,-1,-1,-1,1,-1,1,0.009990613907575607
-1,-1,-1,1,1,1,-1,-1,-1,1,1,-1,-1,1,-1,1,1,-1,-1,-1,0.009990613907575607
-1,-1,-1,1,1,1,-1,-1,-1,1,1,-1,-1,1,1,-1,-1,-1,1,1,0.009990613907575607
-1,-1,-1,1,1,1,-1,-1,-1,1,1,-1,-1,1,1,1,-1,-1,-1,-1,0.009990613907575607
-1,-1,-1,1,1,1,-1,-1,-1,1,1,-1,1,-1,-1,1,-1,-1,1,1,0.009990613907575607
-1,-1,-1,1,1,1,-1,-1,-1,1,1,-1,1,-1,1,1,1,-1,-1,-1,0.009990613907575607
-1,-1,-1,1,1,1,-1,-1,-1,1,1,1,-1,-1,1,-1,-1,-1,1,1,0.009990613907575607
-1,-1,-1,1,1,1,-1,-1,-1,1,1,1,-1,-1,1,1,-1,1,1,-1,0.009990613907575607
-1,-1,-1,1,1,1,-1,-1,-1,1,1,1,-1,1,-1,1,1,-1,1,1,0.009990613907575607
-1,-1,-1,1,1,1,-1,-1,-1,1,1,1,-1,1,1,-1,1,-1,-1,1,0.009990613907575607
-1,-1,-1,1,1,1,-1,-1,1,-1,-1,-1,-1,1,-1,-1,-1,1,-1,-1,0.009990613907575607
-1,-1,-1,1,1,1,-1,-1,1,-1,-1,-1,-1,1,-1,-1,-1,1,1,-1,0.009990613907575607
-1,-1,-1,1,1,1,-1,-1,1,-1,-1,-1,-1,1,1,1,1,-1,-1,-1,0.009990613907575607
-1,-1,-1,1,1,1,-1,-1,1,-1,-1,-1,1,-1,-1,1,1,-1,1,-1,0.009990613907575607
-1,-1,-1,1,1,1,-1,-1,1,-1,-1,1,-1,-1,1,-1,-1,-1,1,1,0.009990613907575607
-1,-1,-1,1,1,1,-1,-1,1,-1,-1,1,1,-1,-1,1,-1,-1,-1,1,0.009990613907575607
-1,-1,-1,1,1,1,-1,-1,1,-1,-1,1,1,-1,-1,1,1,-1,1,1,0.009990613907575607
-1,-1,-1,1,1,1,-1,-1,1,-1,-1,1,1,-1,1,-1,-1,1,1,1,0.009990613907575607
-1,-1,-1,1,1,1,-1,-1,1,-1,1,-1,-1,-1,1,1,-1,-1,1,-1,0.009990613907575607
-1,-1,-1,1,1,1,-1,-1,1,-1,1,-1,-1,1,1,-1,-1,1,1,1,0.009990613907575607
-1,-1,-1,1,1,1,-1,-1,1,-1,1,1,-1,1,-1,-1,1,1,1,-1,0.009990613907575607
-1,-1,-1,1,1,1,-1,-1,1,1,-1,-1,-1,-1,-1,1,-1,-1,-1,-1,0.009990613907575607
-1,-1,-1,1,1,1,-1,-1,1,1,-1,-1,-1,1,-1,-1,-1,-1,-1,-1,0.009990613907575607
-1,-1,-1,1,1,1,-1,-1,1,1,-1,-1,-1,1,1,-1,1,-1,-1,-1,0.009990613907575607
-1,-1,-1,1,1,1,-1,-1,1,1,-1,-1,-1,1,1,1,1,1,1,1,0.009990613907575607
-1,-1,-1,1,1,1,-1,-1,1,1,-1,1,-1,-1,1,1,-1,-1,1,-1,0.009990613907575607
-1,-1,-1,1,1,1,-1,-1,1,1,-1,1,1,-1,-1,1,-1,1,-1,-1,0.009990613907575607
-1,-1,-1,1,1,1,-1,-1,1,1,1,1,1,-1,-1,-1,-1,-1,-1,1,0.009990613907575607
-1,-1,-1,1,1,1,-1,1,-1,-1,-1,-1,-1,-1,-1,1,1,1,-1,1,0.009990613907575607
-1,-1,-1,1,1,1,-1,1,-1,-1,-1,-1,-1,1,1,-1,1,1,1,-1,0.009990613907575607
-1,-1,-1,1,1,1,-1,1,-1,-1,-1,1,-1,-1,-1,-1,1,-1,1,-1,0.009990613907575607
-1,-1,-1,1,1,1,-1,1,-1,-1,-1,1,-1,-1,1,-1,1,1,1,-1,0.009990613907575607
-1,-1,-1,1,1,1,-1,1,-1,-1,-1,1,-1,1,1,-1,-1,-1,-1,-1,0.009990613907575607
-1,-1,-1,1,1,1,-1,1,-1,-1,-1,1,1,-1,-1,-1,1,-1,1,1,0.009990613907575607
-1,-1,-1,1,1,1,-1,1,-1,-1,-1,1,1,-1,1,-1,-1,-1,-1,-1,0.009990613907575607
-1,-1,-1,1,1,1,-1,1,-1,-1,-1,1,1,-1,1,-1,1,1,-1,-1,0.009990613907575607
-1,-1,-1,1,1,1,-1,1,-1,-1,-1,1,1,1,1,-1,-1,1,1,-1,0.009990613907575607
-1,-1,-1,1,1,1,-1,1,-1,-1,1,-1,-1,1,1,1,-1,1,1,1,0.009990613907575607
-1,-1,-1,1,1,1,-1,1,-1,-1,1,1,-1,1,1,-1,-1,-1,-1,1,0.009990613907575607
-1,-1,-1,1,1,1,-1,1,-1,-1,1,1,1,-1,-1,1,-1,-1,-1,-1,0.009990613907575607
-1,-1,-1,1,1,1,-1,1,-1,1,-1,-1,1,-1,1,-1,-1,1,-1,-1,0.009990613907575607
-1,-1,-1,1,1,1,-1,1,-1,1,-1,-1,1,-1,1,1,-1,1,-1,-1,0.009990613907575607
-1,-1,-1,1,1,1,-1,1,-1,1,-1,-1,1,1,1,-1,1,1,-1,-1,0.009990613907575607
-1,-1,-1,1,1,1,-1,1,-1,1,-1,1,-1,1,-1,-1,-1,-1,1,1,0.009990613907575607
-1,-1,-1,1,1,1,-1,1,-1,1,-1,1,-1,1,1,1,-1,-1,-1,1,0.009990613907575607
-1,-1,-1,1,1,1,-1,1,-1,1,-1,1,-1,1,1,1,1,1,1,1,0.009990613907575607
-1,-1,-1,1,1,1,-1,1,-1,1,-1,1,1,-1,1,1,-1,-1,1,1,0.009990613907575607
-1,-1,-1,1,1,1,-1,1,-1,1,1,-1,-1,-1,-1,1,-1,1,-1,-1,0.009990613907575607
-1,-1,-1,1,1,1,-1,1,-1,1,1,-1,-1,-1,-1,1,1,1,1,-1,0.009990613907575607
-1,-1,-1,1,1,1,-1,1,-1,1,1,-1,-1,1,1,1,1,1,-1,-1,0.009990613907575607
-1,-1,-1,1,1,1,-1,1,-1,1,1,1,-1,-1,-1,-1,-1,-1,-1,-1,0.009990613907575607
-1,-1,-1,1,1,1,-1,1,-1,1,1,1,-1,1,-1,-1,1,1,-1,1,0.009990613907575607
-1,-1,-1,1,1,1,-1,1,-1,1,1,1,1,1,1,-1,1,-1,-1,1,0.009990613907575607
-1,-1,-1,1,1,1,-1,1,1,-1,-1,-1,-1,1,-1,-1,-1,-1,-1,1,0.009990613907575607
-1,-1,-1,1,1,1,-1,1,1,-1,-1,-1,1,1,-1,1,-1,1,1,-1,0.009990613907575607
-1,-1,-1,1,1,1,-1,1,1,-1,-1,-1,1,1,-1,1,1,-1,-1,-1,0.009990613907575607
-1,-1,-1,1,1,1,-1,1,1,-1,-1,1,-1,-1,1,1,1,-1,1,1,0.009990613907575607
-1,-1,-1,1,1,1,-1,1,1,-1,-1,1,-1,1,-1,-1,-1,-1,1,1,0.009990613907575607
-1,-1,-1,1,1,1,-1,1,1,-1,-1,1,-1,1,1,1,1,-1,1,-1,0.009990613907575607
-1,-1,-1,1,1,1,-1,1,1,-1,-1,1,1,-1,1,1,1,1,1,-1,0.009990613907575607
-1,-1,-1,1,1,1,-1,1,1,-1,-1,1,1,1,1,-1,1,1,-1,1,0.009990613907575607
-1,-1,-1,1,1,1,-1,1,1,-1,-1,1,1,1,1,1,1,1,-1,-1,0.009990613907575607
-1,-1,-1,1,1,1,-1,1,1,-1,1,-1,-1,-1,1,-1,1,1,1,-1,0.009990613907575607
-1,-1,-1,1,1,1,-1,1,1,-1,1,-1,-1,1,1,-1,1,1,1,-1,0.009990613907575607
-1,-1,-1,1,1,1,-1,1,1,-1,1,-1,-1,1,1,1,-1,-1,-1,1,0.009990613907575607
-1,-1,-1,1,1,1,-1,1,1,-1,1,-1,1,-1,1,-1,-1,1,1,1,0.009990613907575607
-1,-1,-1,1,1,1,-1,1,1,-1,1,1,-1,-1,-1,-1,-1,1,1,1,0.009990613907575607
-1,-1,-1,1,1,1,-1,1,1,-1,1,1,-1,1,-1,1,-1,-1,-1,-1,0.009990613907575607
-1,-1,-1,1,1,1,-1,1,1,-1,1,1,-1,1,-1,1,1,-1,-1,1,0.009990613907575607
-1,-1,-1,1,1,1,-1,1,1,-1,1,1,1,-1,-1,1,1,-1,-1,-1,0.009990613907575607
-1,-1,-1,1,1,1,-1,1,1,1,-1,-1,-1,-1,1,1,1,1,-1,1,0.009990613907575607
-1,-1,-1,1,1,1,-1,1,1,1,-1,-1,1,1,1,1,1,-1,1,1,0.009990613907575607
-1,-1,-1,1,1,1,-1,1,1,1,-1,1,-1,-1,1,1,-1,1,-1,1,0.009990613907575607
-1,-1,-1,1,1,1,-1,1,1,1,-1,1,-1,1,1,1,-1,1,-1,-1,0.009990613907575607
-1,-1,-1,1,1,1,-1,1,1,1,-1,1,1,1,-1,-1,1,-1,-1,-1,0.009990613907575607
-1,-1,-1,1,1,1,-1,1,1,1,-1,1,1,1,1,-1,-1,-1,1,-1,0.009990613907575607
-1,-1,-1,1,1,1,-1,1,1,1,1,-1,-1,1,-1,-1,-1,1,-1,1,0.009990613907575607
-1,-1,-1,1,1,1,-1,1,1,1,1,-1,-1,1,-1,1,-1,1,1,-1,0.009990613907575607
-1,-1,-1,1,1,1,-1,1,1,1,1,-1,-1,1,1,-1,-1,1,-1,1,0.009990613907575607
-1,-1,-1,1,1,1,-1,1,1,1,1,-1,1,-1,1,1,1,1,-1,1,0.009990613907575607
-1,-1,-1,1,1,1,-1,1,1,1,1,1,-1,-1,1,1,-1,-1,1,1,0.009990613907575607
-1,-1,-1,1,1,1,-1,1,1,1,1,1,-1,1,1,-1,1,-1,-1,-1,0.009990613907575607
-1,-1,-1,1,1,1,-1,1,1,1,1,1,1,-1,-1,1,1,-1,1,1,0.009990613907575607
-1,-1,-1,1,1,1,-1,1,1,1,1,1,1,-1,1,-1,1,-1,-1,1,0.009990613907575607
-1,-1,-1,1,1,1,-1,1,1,1,1,1,1,1,-1,-1,-1,-1,-1,-1,0.009990613907575607
-1,-1,-1,1,1,1,1,-1,-1,-1,-1,-1,-1,-1,1,1,-1,-1,1,-1,0.009990613907575607
-1,-1,-1,1,1,1,1,-1,-1,-1,-1,-1,-1,1,-1,-1,-1,1,1,-1,0.009990613907575607
-1,-1,-1,1,1,1,1,-1,-1,-1,-1,1,-1,-1,-1,-1,1,1,-1,-1,0.009990613907575607
-1,-1,-1,1,1,1,1,-1,-1,-1,-1,1,-1,-1,-1,1,-1,-1,-1,1,0.009990613907575607
-1,-1,-1,1,1,1,1,-1,-1,-1,-1,1,-1,-1,1,1,-1,-1,1,-1,0.009990613907575607
-1,-1,-1,1,1,1,1,-1,-1,-1,1,-1,1,-1,1,-1,1,-1,-1,-1,0.009990613907575607
-1,-1,-1,1,1,1,1,-1,-1,-1,1,-1,1,1,1,1,1,-1,-1,1,0.009990613907575607
-1,-1,-1,1,1,1,1,-1,-1,-1,1,-1,1,1,1,1,1,1,-1,-1,0.009990613907575607
-1,-1,-1,1,1,1,1,-1,-1,-1,1,1,-1,1,-1,1,1,1,-1,-1,0.009990613907575607
-1,-1,-1,1,1,1,1,-1,-1,-1,1,1,-1,1,1,-1,-1,1,-1,-1,0.009990613907575607
-1,-1,-1,1,1,1,1,-1,-1,1,-1,1,-1,-1,-1,1,1,1,1,1,0.009990613907575607
-1,-1,-1,1,1,1,1,-1,-1,1,-1,1,-1,1,1,1,-1,1,-1,1,0.009990613907575607
-1,-1,-1,1,1,1,1,-1,-1,1,-1,1,1,-1,1,1,-1,-1,1,1,0.009990613907575607
-1,-1,-1,1,1,1,1,-1,-1,1,-1,1,1,-1,1,1,-1,1,1,-1,0.009990613907575607
-1,-1,-1,1,1,1,1,-1,-1,1,1,1,-1,-1,-1,-1,-1,-1,1,1,0.009990613907575607
-1,-1,-1,1,1,1,1,-1,-1,1,1,1,-1,1,-1,1,-1,1,-1,1,0.009990613907575607
-1,-1,-1,1,1,1,1,-1,-1,1,1,1,1,1,-1,1,-1,1,1,1,0.009990613907575607
-1,-1,-1,1,1,1,1,-1,1,-1,-1,-1,-1,-1,-1,-1,-1,1,-1,1,0.009990613907575607
-1,-1,-1,1,1,1,1,-1,1,-1,-1,-1,-1,-1,-1,-1,1,-1,-1,1,0.009990613907575607
-1,-1,-1,1,1,1,1,-1,1,-1,-1,-1,1,-1,1,1,1,-1,-1,1,0.009990613907575607
-1,-1,-1,1,1,1,1,-1,1,-1,-1,-1,1,1,1,1,1,-1,1,1,0.009990613907575607
-1,-1,-1,1,1,1,1,-1,1,-1,1,-1,-1,-1,1,-1,1,-1,-1,-1,0.009990613907575607
-1,-1,-1,1,1,1,1,-1,1,-1,1,-1,1,1,1,-1,-1,1,-1,-1,0.009990613907575607
-1,-1,-1,1,1,1,1,-1,1,-1,1,1,1,1,-1,1,-1,-1,1,-1,0.009990613907575607
-1,-1,-1,1,1,1,1,-1,1,1,-1,-1,-1,-1,-1,1,1,1,1,1,0.009990613907575607
-1,-1,-1,1,1,1,1,-1,1,1,-1,-1,1,-1,-1,1,-1,-1,-1,-1,0.009990613907575607
-1,-1,-1,1,1,1,1,-1,1,1,-1,-1,1,1,1,1,-1,-1,-1,1,0.009990613907575607
-1,-1,-1,1,1,1,1,-1,1,1,-1,1,1,1,-1,-1,-1,-1,-1,1,0.009990613907575607
-1,-1,-1,1,1,1,1,-1,1,1,1,-1,-1,1,1,-1,-1,1,1,1,0.009990613907575607
-1,-1,-1,1,1,1,1,-1,1,1,1,-1,-1,1,1,1,-1,1,-1,1,0.009990613907575607
-1,-1,-1,1,1,1,1,-1,1,1,1,-1,1,-1,-1,1,1,1,1,-1,0.009990613907575607
-1,-1,-1,1,1,1,1,-1,1,1,1,-1,1,-1,1,-1,1,-1,-1,-1,0.009990613907575607
-1,-1,-1,1,1,1,1,-1,1,1,1,1,1,-1,-1,1,1,-1,1,1,0.009990613907575607
-1,-1,-1,1,1,1,1,-1,1,1,1,1,1,-1,1,-1,1,1,-1,-1,0.009990613907575607
-1,-1,-1,1,1,1,1,-1,1,1,1,1,1,-1,1,1,-1,1,-1,-1,0.009990613907575607
-1,-1,-1,1,1,1,1,1,-1,-1,-1,-1,1,1,1,-1,-1,1,1,1,0.009990613907575607
-1,-1,-1,1,1,1,1,1,-1,-1,-1,1,-1,-1,-1,-1,-1,1,1,-1,0.009990613907575607
-1,-1,-1,1,1,1,1,1,-1,-1,-1,1,-1,1,1,-1,1,1,1,-1,0.009990613907575607
-1,-1,-1,1,1,1,1,1,-1,-1,1,-1,-1,-1,-1,1,-1,1,1,-1,0.009990613907575607
-1,-1,-1,1,1,1,1,1,-1,-1,1,-1,-1,-1,-1,1,1,1,1,-1,0.009990613907575607
-1,-1,-1,1,1,1,1,1,-1,-1,1,-1,1,1,-1,1,1,1,1,-1,0.009990613907575607
-1,-1,-1,1,1,1,1,1,-1,1,-1,-1,-1,-1,1,-1,1,-1,-1,-1,0.009990613907575607
-1,-1,-1,1,1,1,1,1,-1,1,-1,-1,1,-1,-1,-1,-1,1,-1,-1,0.009990613907575607
-1,-1,-1,1,1,1,1,1,-1,1,-1,-1,1,1,1,1,-1,1,-1,1,0.009990613907575607
-1,-1,-1,1,1,1,1,1,-1,1,-1,1,-1,1,-1,1,1,1,-1,-1,0.009990613907575607
-1,-1,-1,1,1,1,1,1,-1,1,-1,1,-1,1,1,-1,-1,-1,-1,1,0.009990613907575607
-1,-1,-1,1,1,1,1,1,-1,1,-1,1,1,1,1,-1,1,1,1,-1,0.009990613907575607
-1,-1,-1,1,1,1,1,1,-1,1,1,-1,-1,1,1,1,-1,1,1,-1,0.009990613907575607
-1,-1,-1,1,1,1,1,1,-1,1,1,-1,1,1,1,1,-1,-1,1,1,0.009990613907575607
-1,-1,-1,1,1,1,1,1,-1,1,1,1,-1,-1,-1,1,1,-1,1,-1,0.009990613907575607
-1,-1,-1,1,1,1,1,1,-1,1,1,1,-1,1,-1,-1,1,1,-1,-1,0.009990613907575607
-1,-1,-1,1,1,1,1,1,-1,1,1,1,1,1,-1,-1,-1,1,-1,1,0.009990613907575607
-1,-1,-1,1,1,1,1,1,1,-1,-1,-1,-1,1,-1,-1,-1,-1,-1,-1,0.009990613907575607
-1,-1,-1,1,1,1,1,1,1,-1,-1,-1,-1,1,1,1,-1,-1,1,-1,0.009990613907575607
-1,-1,-1,1,1,1,1,1,1,-1,-1,1,1,-1,1,-1,1,-1,-1,1,0.009990613907575607
-1,-1,-1,1,1,1,1,1,1,-1,-1,1,1,-1,1,1,-1,-1,1,-1,0.009990613907575607
-1,-1,-1,1,1,1,1,1,1,-1,1,-1,1,1,1,1,-1,-1,1,-1,0.009990613907575607
-1,-1,-1,1,1,1,1,1,1,-1,1,1,-1,-1,-1,1,1,-1,1,-1,0.009990613907575607
-1,-1,-1,1,1,1,1,1,1,-1,1,1,-1,-1,1,1,-1,-1,1,-1,0.009990613907575607
-1,-1,-1,1,1,1,1,1,1,-1,1,1,-1,1,1,-1,-1,-1,1,1,0.009990613907575607
-1,-1,-1,1,1,1,1,1,1,-1,1,1,1,-1,-1,-1,1,-1,1,1,0.009990613907575607
-1,-1,-1,1,1,1,1,1,1,-1,1,1,1,1,-1,1,-1,-1,-1,-1,0.009990613907575607
-1,-1,-1,1,1,1,1,1,1,1,-1,-1,-1,-1,1,1,1,1,1,-1,0.009990613907575607
-1,-1,-1,1,1,1,1,1,1,1,-1,-1,-1,1,-1,1,-1,-1,-1,-1,0.009990613907575607
-1,-1,-1,1,1,1,1,1,1,1,-1,-1,-1,1,-1,1,-1,-1,1,1,0.009990613907575607
-1,-1,-1,1,1,1,1,1,1,1,-1,1,-1,-1,-1,1,-1,-1,1,1,0.009990613907575607
-1,-1,-1,1,1,1,1,1,1,1,-1,1,-1,-1,1,1,1,-1,-1,1,0.009990613907575607
-1,-1,-1,1,1,1,1,1,1,1,1,1,-1,-1,-1,1,-1,-1,1,-1,0.009990613907575607
-1,-1,-1,1,1,1,1,1,1,1,1,1,-1,-1,1,1,1,1,1,-1,0.009990613907575607
-1,-1,-1,1,1,1,1,1,1,1,1,1,1,-1,-1,-1,1,-1,1,1,0.009990613907575607
-1,-1,-1,1,1,1,1,1,1,1,1,1,1,-1,1,-1,1,-1,1,-1,0.009990613907575607
-1,-1,-1,1,1,1,1,1,1,1,1,1,1,-1,1,1,-1,1,1,-1,0.009990613907575607
-1,-1,1,-1,-1,-1,-1,-1,-1,-1,-1,-1,-1,1,-1,-1,1,-1,1,1,0.009990613907575607
-1,-1,1,-1,-1,-1,-1,-1,-1,-1,-1,-1,1,1,1,1,1,1,1,1,0.009990613907575607
-1,-1,1,-1,-1,-1,-1,-1,-1,-1,-1,1,1,1,-1,-1,1,1,1,-1,0.009990613907575607
-1,-1,1,-1,-1,-1,-1,-1,-1,-1,1,-1,-1,-1,1,1,-1,-1,1,-1,0.009990613907575607
-1,-1,1,-1,-1,-1,-1,-1,-1,-1,1,-1,-1,-1,1,1,-1,1,-1,-1,0.009990613907575607
-1,-1,1,-1,-1,-1,-1,-1,-1,-1,1,1,1,-1,-1,1,-1,-1,1,1,0.009990613907575607
-1,-1,1,-1,-1,-1,-1,-1,-1,1,-1,-1,-1,1,1,-1,-1,-1,-1,1,0.009990613907575607
-1,-1,1,-1,-1,-1,-1,-1,-1,1,-1,1,-1,-1,1,-1,1,1,-1,-1,0.009990613907575607
-1,-1,1,-1,-1,-1,-1,-1,-1,1,-1,1,-1,1,-1,1,1,-1,-1,-1,0.009990613907575607
-1,-1,1,-1,-1,-1,-1,-1,-1,1,1,-1,-1,-1,-1,1,-1,1,1,-1,0.009990613907575607
-1,-1,1,-1,-1,-1,-1,-1,-1,1,1,-1,-1,1,1,1,-1,1,1,1,0.009990613907575607
-1,-1,1,-1,-1,-1,-1,-1,-1,1,1,-1,1,-1,1,-1,1,1,-1,-1,0.009990613907575607
-1,-1,1,-1,-1,-1,-1,-1,-1,1,1,1,-1,-1,-1,1,1,-1,-1,-1,0.009990613907575607
-1,-1,1,-1,-1,-1,-1,-1,-1,1,1,1,1,1,1,-1,-1,1,1,-1,0.009990613907575607
-1,-1,1,-1,-1,-1,-1,-1,-1,1,1,1,1,1,1,1,1,-1,1,1,0.009990613907575607
-1,-1,1,-1,-1,-1,-1,-1,1,-1,-1,-1,-1,1,1,1,-1,-1,-1,1,0.009990613907575607
-1,-1,1,-1,-1,-1,-1,-1,1,-1,-1,-1,1,-1,-1,-1,-1,-1,-1,-1,0.009990613907575607
-1,-1,1,-1,-1,-1,-1,-1,1,-1,-1,-1,1,-1,-1,1,1,1,-1,-1,0.009990613907575607
-1,-1,1,-1,-1,-1,-1,-1,1,-1,-1,-1,1,1,1,1,1,-1,-1,-1,0.009990613907575607
-1,-1,1,-1,-1,-1,-1,-1,1,-1,-1,1,-1,-1,1,1,1,1,-1,-1,0.009990613907575607
-1,-1,1,-1,-1,-1,-1,-1,1,-1,-1,1,1,-1,-1,1,-1,-1,1,-1,0.009990613907575607
-1,-1,1,-1,-1,-1,-1,-1,1,-1,-1,1,1,1,-1,-1,1,-1,-1,1,0.009990613907575607
-1,-1,1,-1,-1,-1,-1,-1,1,-1,-1,1,1,1,-1,1,1,-1,1,1,0.009990613907575607
-1,-1,1,-1,-1,-1,-1,-1,1,-1,1,-1,-1,-1,1,1,-1,-1,1,-1,0.009990613907575607
-1,-1,1,-1,-1,-1,-1,-1,1,-1,1,-1,1,-1,-1,1,1,1,1,-1,0.009990613907575607
-1,-1,1,-1,-1,-1,-1,-1,1,-1,1,1,-1,-1,-1,-1,-1,-1,1,1,0.009990613907575607
-1,-1,1,-1,-1,-1,-1,-1,1,-1,1,1,1,1,-1,1,1,1,-1,1,0.009990613907575607
-1,-1,1,-1,-1,-1,-1,-1,1,-1,1,1,1,1,1,1,1,-1,1,1,0.009990613907575607
-1,-1,1,-1,-1,-1,-1,-1,1,1,-1,-1,-1,1,-1,1,1,-1,-1,1,0.009990613907575607
-1,-1,1,-1,-1,-1,-1,-1,1,1,-1,-1,1,1,-1,-1,1,1,-1,1,0.009990613907575607
-1,-1,1,-1,-1,-1,-1,-1,1,1,-1,-1,1,1,1,1,1,1,-1,-1,0.009990613907575607
-1,-1,1,-1,-1,-1,-1,-1,1,1,-1,1,1,-1,-1,-1,-1,1,-1,-1,0.009990613907575607
-1,-1,1,-1,-1,-1,-1,-1,1,1,-1,1,1,-1,1,-1,1,1,-1,1,0.009990613907575607
-1,-1,1,-1,-1,-1,-1,-1,1,1,-1,1,1,1,-1,1,1,-1,1,1,0.009990613907575607
-1,-1,1,-1,-1,-1,-1,-1,1,1,1,-1,-1,1,-1,-1,-1,-1,1,1,0.009990613907575607
-1,-1,1,-1,-1,-1,-1,-1,1,1,1,-1,-1,1,1,1,-1,-1,-1,-1,0.009990613907575607
-1,-1,1,-1,-1,-1,-1,-1,1,1,1,1,-1,1,1,1,1,-1,-1,-1,0.009990613907575607
-1,-1,1,-1,-1,-1,-1,-1,1,1,1,1,1,1,1,1,1,-1,-1,-1,0.009990613907575607
-1,-1,1,-1,-1,-1,-1,1,-1,-1,-1,-1,-1,-1,-1,-1,1,1,1,1,0.009990613907575607
-1,-1,1,-1,-1,-1,-1,1,-1,-1,-1,-1,-1,1,-1,-1,-1,-1,1,1,0.009990613907575607
-1,-1,1,-1,-1,-1,-1,1,-1,-1,-1,-1,1,1,1,1,1,1,-1,-1,0.009990613907575607
-1,-1,1,-1,-1,-1,-1,1,-1,-1,-1,1,-1,-1,-1,-1,1,-1,1,-1,0.009990613907575607
-1,-1,1,-1,-1,-1,-1,1,-1,-1,-1,1,-1,-1,1,-1,1,-1,1,-1,0.009990613907575607
-1,-1,1,-1,-1,-1,-1,1,-1,-1,-1,1,-1,1,-1,-1,1,1,-1,1,0.009990613907575607
-1,-1,1,-1,-1,-1,-1,1,-1,-1,-1,1,-1,1,1,-1,-1,1,-1,1,0.009990613907575607
-1,-1,1,-1,-1,-1,-1,1,-1,-1,-1,1,1,-1,-1,-1,1,1,1,-1,0.009990613907575607
-1,-1,1,-1,-1,-1,-1,1,-1,-1,-1,1,1,1,1,-1,1,1,-1,1,0.009990613907575607
-1,-1,1,-1,-1,-1,-1,1,-1,-1,1,-1,-1,1,1,-1,-1,-1,1,-1,0.009990613907575607
-1,-1,1,-1,-1,-1,-1,1,-1,-1,1,1,1,-1,-1,-1,1,1,-1,1,0.009990613907575607
-1,-1,1,-1,-1,-1,-1,1,-1,-1,1,1,1,1,-1,-1,1,1,1,1,0.009990613907575607
-1,-1,1,-1,-1,-1,-1,1,-1,-1,1,1,1,1,-1,1,1,1,-1,1,0.009990613907575607
-1,-1,1,-1,-1,-1,-1,1,-1,-1,1,1,1,1,1,-1,1,1,1,1,0.009990613907575607
-1,-1,1,-1,-1,-1,-1,1,-1,1,-1,-1,1,-1,-1,-1,-1,1,-1,-1,0.009990613907575607
-1,-1,1,-1,-1,-1,-1,1,-1,1,-1,1,1,1,1,-1,1,1,1,1,0.009990613907575607
-1,-1,1,-1,-1,-1,-1,1,-1,1,1,-1,1,1,-1,-1,-1,-1,1,-1,0.009990613907575607
-1,-1,1,-1,-1,-1,-1,1,-1,1,1,1,-1,1,-1,-1,-1,-1,1,1,0.009990613907575607
-1,-1,1,-1,-1,-1,-1,1,-1,1,1,1,1,1,1,-1,-1,1,-1,1,0.009990613907575607
-1,-1,1,-1,-1,-1,-1,1,1,-1,-1,-1,-1,-1,-1,-1,1,1,-1,-1,0.009990613907575607
-1,-1,1,-1,-1,-1,-1,1,1,-1,-1,-1,-1,1,-1,-1,1,-1,-1,-1,0.009990613907575607
-1,-1,1,-1,-1,-1,-1,1,1,-1,-1,-1,-1,1,1,1,1,1,1,-1,0.009990613907575607
-1,-1,1,-1,-1,-1,-1,1,1,-1,-1,-1,1,-1,-1,-1,-1,-1,1,-1,0.009990613907575607
-1,-1,1,-1,-1,-1,-1,1,1,-1,-1,1,-1,1,-1,1,-1,-1,1,1,0.009990613907575607
-1,-1,1,-1,-1,-1,-1,1,1,-1,-1,1,1,-1,-1,-1,1,1,1,-1,0.009990613907575607
-1,-1,1,-1,-1,-1,-1,1,1,-1,-1,1,1,-1,1,-1,1,1,1,-1,0.009990613907575607
-1,-1,1,-1,-1,-1,-1,1,1,-1,-1,1,1,-1,1,1,1,1,1,-1,0.009990613907575607
-1,-1,1,-1,-1,-1,-1,1,1,-1,-1,1,1,1,-1,-1,-1,-1,-1,1,0.009990613907575607
-1,-1,1,-1,-1,-1,-1,1,1,-1,1,-1,-1,-1,1,1,-1,-1,1,1,0.009990613907575607
-1,-1,1,-1,-1,-1,-1,1,1,-1,1,-1,-1,-1,1,1,-1,1,1,1,0.009990613907575607
-1,-1,1,-1,-1,-1,-1,1,1,-1,1,1,-1,-1,-1,1,-1,1,1,1,0.009990613907575607
-1,-1,1,-1,-1,-1,-1,1,1,-1,1,1,-1,1,1,-1,-1,-1,-1,1,0.009990613907575607
-1,-1,1,-1,-1,-1,-1,1,1,-1,1,1,1,1,-1,1,-1,1,-1,-1,0.009990613907575607
-1,-1,1,-1,-1,-1,-1,1,1,-1,1,1,1,1,-1,1,1,-1,1,1,0.009990613907575607
-1,-1,1,-1,-1,-1,-1,1,1,1,-1,-1,-1,-1,1,-1,1,1,-1,-1,0.009990613907575607
-1,-1,1,-1,-1,-1,-1,1,1,1,-1,1,-1,-1,1,-1,-1,-1,-1,1,0.009990613907575607
-1,-1,1,-1,-1,-1,-1,1,1,1,1,1,1,-1,1,1,-1,-1,-1,-1,0.009990613907575607
-1,-1,1,-1,-1,-1,1,-1,-1,-1,-1,1,-1,-1,-1,1,-1,-1,-1,-1,0.009990613907575607
-1,-1,1,-1,-1,-1,1,-1,-1,-1,-1,1,-1,-1,1,1,-1,-1,-1,1,0.009990613907575607
-1,-1,1,-1,-1,-1,1,-1,-1,-1,-1,1,-1,-1,1,1,1,-1,-1,1,0.009990613907575607
-1,-1,1,-1,-1,-1,1,-1,-1,-1,-1,1,-1,1,1,-1,-1,-1,1,-1,0.009990613907575607
-1,-1,1,-1,-1,-1,1,-1,-1,-1,1,-1,-1,1,-1,-1,1,-1,-1,1,0.009990613907575607
-1,-1,1,-1,-1,-1,1,-1,-1,-1,1,-1,-1,1,1,-1,1,1,1,1,0.009990613907575607
-1,-1,1,-1,-1,-1,1,-1,-1,-1,1,-1,1,-1,1,1,1,-1,-1,1,0.009990613907575607
-1,-1,1,-1,-1,-1,1,-1,-1,-1,1,-1,1,1,-1,-1,1,1,1,-1,0.009990613907575607
-1,-1,1,-1,-1,-1,1,-1,-1,-1,1,1,-1,-1,-1,-1,1,-1,-1,1,0.009990613907575607
-1,-1,1,-1,-1,-1,1,-1,-1,-1,1,1,-1,-1,1,1,1,1,1,-1,0.009990613907575607
-1,-1,1,-1,-1,-1,1,-1,-1,-1,1,1,-1,1,-1,-1,-1,-1,-1,1,0.009990613907575607
-1,-1,1,-1,-1,-1,1,-1,-1,-1,1,1,-1,1,1,1,-1,-1,-1,-1,0.009990613907575607
-1,-1,1,-1,-1,-1,1,-1,-1,-1,1,1,-1,1,1,1,-1,-1,-1,1,0.009990613907575607
-1,-1,1,-1,-1,-1,1,-1,-1,-1,1,1,1,-1,1,-1,1,1,-1,1,0.009990613907575607
-1,-1,1,-1,-1,-1,1,-1,-1,1,-1,-1,1,1,-1,-1,1,-1,-1,1,0.009990613907575607
-1,-1,1,-1,-1,-1,1,-1,-1,1,-1,1,-1,-1,-1,1,-1,-1,-1,1,0.009990613907575607
-1,-1,1,-1,-1,-1,1,-1,-1,1,-1,1,-1,-1,1,-1,1,-1,-1,1,0.009990613907575607
-1,-1,1,-1,-1,-1,1,-1,-1,1,-1,1,1,-1,-1,-1,1,-1,-1,-1,0.009990613907575607
-1,-1,1,-1,-1,-1,1,-1,-1,1,1,-1,1,1,-1,1,-1,-1,1,-1,0.009990613907575607
-1,-1,1,-1,-1,-1,1,-1,1,-1,-1,-1,-1,-1,-1,-1,1,1,1,1,0.009990613907575607
-1,-1,1,-1,-1,-1,1,-1,1,-1,-1,1,-1,-1,1,-1,1,1,1,1,0.009990613907575607
-1,-1,1,-1,-1,-1,1,-1,1,-1,-1,1,1,-1,-1,1,-1,-1,1,1,0.009990613907575607
-1,-1,1,-1,-1,-1,1,-1,1,-1,-1,1,1,-1,1,-1,-1,1,1,-1,0.009990613907575607
-1,-1,1,-1,-1,-1,1,-1,1,-1,1,-1,-1,-1,-1,-1,-1,-1,-1,-1,0.009990613907575607
-1,-1,1,-1,-1,-1,1,-1,1,-1,1,-1,-1,-1,1,-1,-1,1,1,-1,0.009990613907575607
-1,-1,1,-1,-1,-1,1,-1,1,-1,1,-1,-1,1,-1,1,-1,1,-1,1,0.009990613907575607
-1,-1,1,-1,-1,-1,1,-1,1,-1,1,-1,-1,1,1,-1,-1,-1,1,-1,0.009990613907575607
-1,-1,1,-1,-1,-1,1,-1,1,-1,1,1,-1,1,-1,1,-1,-1,1,-1,0.009990613907575607
-1,-1,1,-1,-1,-1,1,-1,1,1,1,1,1,1,-1,-1,1,1,-1,-1,0.009990613907575607
-1,-1,1,-1,-1,-1,1,1,-1,-1,-1,-1,1,-1,-1,1,-1,1,1,1,0.009990613907575607
-1,-1,1,-1,-1,-1,1,1,-1,-1,-1,-1,1,-1,1,1,1,1,1,1,0.009990613907575607
-1,-1,1,-1,-1,-1,1,1,-1,-1,-1,1,1,1,-1,-1,1,-1,1,-1,0.009990613907575607
-1,-1,1,-1,-1,-1,1,1,-1,-1,-1,1,1,1,1,-1,1,-1,1,-1,0.009990613907575607
-1,-1,1,-1,-1,-1,1,1,-1,-1,1,-1,-1,1,-1,1,1,-1,-1,-1,0.009990613907575607
-1,-1,1,-1,-1,-1,1,1,-1,-1,1,-1,-1,1,1,-1,-1,1,-1,-1,0.009990613907575607
-1,-1,1,-1,-1,-1,1,1,-1,-1,1,-1,1,1,1,-1,-1,1,-1,1,0.009990613907575607
-1,-1,1,-1,-1,-1,1,1,-1,-1,1,1,-1,1,1,1,-1,1,-1,-1,0.009990613907575607
-1,-1,1,-1,-1,-1,1,1,-1,-1,1,1,1,-1,1,-1,1,1,-1,1,0.009990613907575607
-1,-1,1,-1,-1,-1,1,1,-1,-1,1,1,1,1,1,-1,-1,-1,1,-1,0.009990613907575607
-1,-1,1,-1,-1,-1,1,1,-1,-1,1,1,1,1,1,-1,-1,1,-1,-1,0.009990613907575607
-1,-1,1,-1,-1,-1,1,1,-1,1,-1,-1,1,1,1,1,-1,-1,-1,1,0.009990613907575607
-1,-1,1,-1,-1,-1,1,1,-1,1,-1,-1,1,1,1,1,1,-1,1,1,0.009990613907575607
-1,-1,1,-1,-1,-1,1,1,-1,1,-1,1,-1,1,-1,1,-1,1,1,-1,0.009990613907575607
-1,-1,1,-1,-1,-1,1,1,-1,1,-1,1,1,-1,-1,1,-1,-1,-1,1,0.009990613907575607
-1,-1,1,-1,-1,-1,1,1,-1,1,1,-1,-1,1,-1,-1,1,1,-1,1,0.009990613907575607
-1,-1,1,-1,-1,-1,1,1,-1,1,1,-1,-1,1,1,1,1,1,1,-1,0.009990613907575607
-1,-1,1,-1,-1,-1,1,1,-1,1,1,-1,1,1,1,-1,-1,1,-1,1,0.009990613907575607
-1,-1,1,-1,-1,-1,1,1,-1,1,1,-1,1,1,1,-1,1,1,1,1,0.009990613907575607
-1,-1,1,-1,-1,-1,1,1,-1,1,1,-1,1,1,1,1,-1,-1,1,-1,0.009990613907575607
-1,-1,1,-1,-1,-1,1,1,-1,1,1,1,-1,-1,-1,-1,-1,1,-1,1,0.009990613907575607
-1,-1,1,-1,-1,-1,1,1,-1,1,1,1,-1,1,-1,-1,-1,1,1,-1,0.009990613907575607
-1,-1,1,-1,-1,-1,1,1,-1,1,1,1,1,-1,1,-1,-1,-1,-1,1,0.009990613907575607
-1,-1,1,-1,-1,-1,1,1,-1,1,1,1,1,-1,1,1,-1,1,-1,1,0.009990613907575607
-1,-1,1,-1,-1,-1,1,1,1,-1,-1,-1,-1,1,-1,1,1,-1,-1,-1,0.009990613907575607
-1,-1,1,-1,-1,-1,1,1,1,-1,-1,-1,-1,1,1,-1,-1,1,1,-1,0.009990613907575607
-1,-1,1,-1,-1,-1,1,1,1,-1,-1,1,1,1,-1,-1,-1,-1,1,-1,0.009990613907575607
-1,-1,1,-1,-1,-1,1,1,1,-1,-1,1,1,1,-1,1,-1,-1,-1,-1,0.009990613907575607
-1,-1,1,-1,-1,-1,1,1,1,-1,1,-1,-1,-1,-1,-1,1,-1,-1,1,0.009990613907575607
-1,-1,1,-1,-1,-1,1,1,1,-1,1,-1,1,1,1,-1,1,-1,-1,-1,0.009990613907575607
-1,-1,1,-1,-1,-1,1,1,1,-1,1,1,-1,-1,1,-1,-1,1,-1,-1,0.009990613907575607
-1,-1,1,-1,-1,-1,1,1,1,-1,1,1,-1,1,1,1,1,-1,-1,-1,0.009990613907575607
-1,-1,1,-1,-1,-1,1,1,1,-1,1,1,1,-1,-1,1,-1,-1,-1,-1,0.009990613907575607
-1,-1,1,-1,-1,-1,1,1,1,-1,1,1,1,-1,-1,1,1,1,-1,1,0.009990613907575607
-1,-1,1,-1,-1,-1,1,1,1,-1,1,1,1,-1,1,-1,-1,-1,-1,-1,0.009990613907575607
-1,-1,1,-1,-1,-1,1,1,1,-1,1,1,1,1,-1,1,1,-1,1,1,0.009990613907575607
-1,-1,1,-1,-1,-1,1,1,1,1,-1,-1,1,-1,-1,-1,-1,-1,-1,-1,0.009990613907575607
-1,-1,1,-1,-1,-1,1,1,1,1,-1,-1,1,1,-1,1,1,1,-1,-1,0.009990613907575607
-1,-1,1,-1,-1,-1,1,1,1,1,-1,1,-1,1,-1,-1,-1,1,-1,1,0.009990613907575607
-1,-1,1,-1,-1,-1,1,1,1,1,-1,1,1,1,1,1,1,-1,-1,1,0.009990613907575607
-1,-1,1,-1,-1,-1,1,1,1,1,1,-1,1,1,-1,1,1,1,1,-1,0.009990613907575607
-1,-1,1,-1,-1,-1,1,1,1,1,1,1,-1,-1,1,-1,-1,1,1,-1,0.009990613907575607
-1,-1,1,-1,-1,1,-1,-1,-1,-1,-1,-1,-1,1,-1,-1,1,-1,1,1,0.009990613907575607
-1,-1,1,-1,-1,1,-1,-1,-1,-1,-1,-1,-1,1,1,-1,1,1,-1,-1,0.009990613907575607
-1,-1,1,-1,-1,1,-1,-1,-1,-1,-1,-1,1,1,1,-1,1,-1,1,-1,0.009990613907575607
-1,-1,1,-1,-1,1,-1,-1,-1,-1,-1,1,-1,-1,1,1,-1,1,1,-1,0.009990613907575607
-1,-1,1,-1,-1,1,-1,-1,-1,-1,-1,1,-1,1,-1,-1,-1,-1,-1,1,0.009990613907575607
-1,-1,1,-1,-1,1,-1,-1,-1,-1,-1,1,-1,1,-1,1,-1,1,-1,1,0.009990613907575607
-1,-1,1,-1,-1,1,-1,-1,-1,-1,1,-1,1,1,1,-1,1,-1,-1,-1,0.009990613907575607
-1,-1,1,-1,-1,1,-1,-1,-1,-1,1,1,-1,1,1,1,1,1,-1,-1,0.009990613907575607
-1,-1,1,-1,-1,1,-1,-1,-1,-1,1,1,1,1,-1,1,1,-1,1,-1,0.009990613907575607
-1,-1,1,-1,-1,1,-1,-1,-1,1,-1,-1,1,-1,-1,-1,1,-1,-1,1,0.009990613907575607
-1,-1,1,-1,-1,1,-1,-1,-1,1,-1,1,-1,1,-1,-1,1,-1,-1,1,0.009990613907575607
-1,-1,1,-1,-1,1,-1,-1,-1,1,1,-1,-1,-1,-1,1,1,-1,-1,1,0.009990613907575607
-1,-1,1,-1,-1,1,-1,-1,-1,1,1,-1,-1,-1,1,-1,-1,-1,-1,-1,0.009990613907575607
-1,-1,1,-1,-1,1,-1,-1,-1,1,1,-1,-1,1,1,1,-1,1,-1,-1,0.009990613907575607
-1,-1,1,-1,-1,1,-1,-1,-1,1,1,-1,1,1,1,-1,-1,1,-1,1,0.009990613907575607
-1,-1,1,-1,-1,1,-1,-1,-1,1,1,-1,1,1,1,1,1,1,-1,1,0.009990613907575607
-1,-1,1,-1,-1,1,-1,-1,1,-1,-1,-1,-1,-1,1,1,-1,1,1,1,0.009990613907575607
-1,-1,1,-1,-1,1,-1,-1,1,-1,-1,1,-1,1,-1,1,1,-1,-1,1,0.009990613907575607
-1,-1,1,-1,-1,1,-1,-1,1,-1,-1,1,1,-1,1,1,1,1,1,1,0.009990613907575607
-1,-1,1,-1,-1,1,-1,-1,1,-1,1,-1,1,-1,-1,1,1,1,1,1,0.009990613907575607
-1,-1,1,-1,-1,1,-1,-1,1,-1,1,-1,1,-1,1,1,-1,1,-1,1,0.009990613907575607
-1,-1,1,-1,-1,1,-1,-1,1,-1,1,-1,1,1,-1,1,-1,-1,1,-1,0.009990613907575607
-1,-1,1,-1,-1,1,-1,-1,1,-1,1,1,1,-1,-1,-1,1,1,1,1,0.009990613907575607
-1,-1,1,-1,-1,1,-1,-1,1,1,-1,-1,-1,-1,-1,-1,1,1,-1,-1,0.009990613907575607
-1,-1,1,-1,-1,1,-1,-1,1,1,-1,1,1,-1,1,-1,-1,1,-1,1,0.009990613907575607
-1,-1,1,-1,-1,1,-1,-1,1,1,-1,1,1,-1,1,1,1,-1,-1,-1,0.009990613907575607
-1,-1,1,-1,-1,1,-1,-1,1,1,-1,1,1,1,-1,-1,-1,1,-1,1,0.009990613907575607
-1,-1,1,-1,-1,1,-1,-1,1,1,1,-1,-1,1,-1,1,1,1,1,-1,0.009990613907575607
-1,-1,1,-1,-1,1,-1,-1,1,1,1,-1,-1,1,1,-1,1,-1,-1,-1,0.009990613907575607
-1,-1,1,-1,-1,1,-1,-1,1,1,1,1,-1,-1,-1,-1,1,1,-1,1,0.009990613907575607
-1,-1,1,-1,-1,1,-1,1,-1,-1,-1,1,-1,-1,-1,1,-1,1,1,-1,0.009990613907575607
-1,-1,1,-1,-1,1,-1,1,-1,-1,-1,1,-1,-1,1,1,-1,1,1,1,0.009990613907575607
-1,-1,1,-1,-1,1,-1,1,-1,-1,-1,1,-1,1,1,1,1,-1,-1,1,0.009990613907575607
-1,-1,1,-1,-1,1,-1,1,-1,-1,1,-1,1,-1,1,-1,-1,1,-1,-1,0.009990613907575607
-1,-1,1,-1,-1,1,-1,1,-1,-1,1,1,-1,-1,-1,1,-1,1,-1,1,0.009990613907575607
-1,-1,1,-1,-1,1,-1,1,-1,-1,1,1,1,-1,-1,1,-1,1,1,1,0.009990613907575607
-1,-1,1,-1,-1,1,-1,1,-1,-1,1,1,1,1,1,1,-1,-1,1,1,0.009990613907575607
-1,-1,1,-1,-1,1,-1,1,-1,-1,1,1,1,1,1,1,1,1,-1,1,0.009990613907575607
-1,-1,1,-1,-1,1,-1,1,-1,1,-1,-1,-1,1,-1,1,1,-1,1,-1,0.009990613907575607
-1,-1,1,-1,-1,1,-1,1,-1,1,-1,-1,-1,1,1,1,-1,1,1,-1,0.009990613907575607
-1,-1,1,-1,-1,1,-1,1,-1,1,-1,-1,1,-1,-1,-1,-1,1,1,-1,0.009990613907575607
-1,-1,1,-1,-1,1,-1,1,-1,1,-1,-1,1,-1,-1,-1,1,-1,-1,-1,0.009990613907575607
-1,-1,1,-1,-1,1,-1,1,-1,1,-1,-1,1,1,-1,1,1,1,1,-1,0.009990613907575607
-1,-1,1,-1,-1,1,-1,1,-1,1,-1,1,-1,1,-1,-1,1,-1,1,-1,0.009990613907575607
-1,-1,1,-1,-1,1,-1,1,-1,1,-1,1,1,1,-1,-1,1,1,1,1,0.009990613907575607
-1,-1,1,-1,-1,1,-1,1,-1,1,1,-1,-1,-1,-1,-1,1,-1,1,-1,0.009990613907575607
-1,-1,1,-1,-1,1,-1,1,-1,1,1,-1,1,-1,-1,1,1,1,1,-1,0.009990613907575607
-1,-1,1,-1,-1,1,-1,1,-1,1,1,1,-1,-1,1,-1,-1,1,1,-1,0.009990613907575607
-1,-1,1,-1,-1,1,-1,1,-1,1,1,1,-1,1,1,-1,-1,1,-1,-1,0.009990613907575607
-1,-1,1,-1,-1,1,-1,1,1,-1,-1,-1,1,-1,-1,-1,1,-1,1,-1,0.009990613907575607
-1,-1,1,-1,-1,1,-1,1,1,-1,-1,1,-1,1,1,-1,1,1,1,1,0.009990613907575607
-1,-1,1,-1,-1,1,-1,1,1,-1,-1,1,-1,1,1,1,1,1,-1,-1,0.009990613907575607
-1,-1,1,-1,-1,1,-1,1,1,-1,1,1,-1,1,-1,-1,1,1,1,-1,0.009990613907575607
-1,-1,1,-1,-1,1,-1,1,1,-1,1,1,1,1,-1,-1,-1,-1,-1,-1,0.009990613907575607
-1,-1,1,-1,-1,1,-1,1,1,1,-1,-1,-1,-1,1,-1,1,-1,-1,-1,0.009990613907575607
-1,-1,1,-1,-1,1,-1,1,1,1,-1,-1,-1,-1,1,1,1,-1,1,1,0.009990613907575607
-1,-1,1,-1,-1,1,-1,1,1,1,-1,-1,1,-1,-1,-1,-1,1,1,-1,0.009990613907575607
-1,-1,1,-1,-1,1,-1,1,1,1,-1,-1,1,-1,-1,1,1,1,1,-1,0.009990613907575607
-1,-1,1,-1,-1,1,-1,1,1,1,-1,1,-1,-1,-1,1,1,1,1,1,0.009990613907575607
-1,-1,1,-1,-1,1,-1,1,1,1,-1,1,1,-1,1,1,-1,-1,1,1,0.009990613907575607
-1,-1,1,-1,-1,1,-1,1,1,1,1,-1,-1,-1,1,1,1,1,1,-1,0.009990613907575607
-1,-1,1,-1,-1,1,-1,1,1,1,1,-1,1,-1,-1,1,-1,-1,1,1,0.009990613907575607
-1,-1,1,-1,-1,1,-1,1,1,1,1,-1,1,-1,1,1,1,1,1,-1,0.009990613907575607
-1,-1,1,-1,-1,1,1,-1,-1,-1,-1,-1,-1,1,1,-1,1,1,-1,-1,0.009990613907575607
-1,-1,1,-1,-1,1,1,-1,-1,-1,-1,-1,1,-1,-1,1,-1,1,1,-1,0.009990613907575607
-1,-1,1,-1,-1,1,1,-1,-1,-1,-1,-1,1,1,1,-1,-1,1,-1,-1,0.009990613907575607
-1,-1,1,-1,-1,1,1,-1,-1,-1,-1,-1,1,1,1,1,-1,1,-1,-1,0.009990613907575607
-1,-1,1,-1,-1,1,1,-1,-1,-1,-1,1,-1,-1,-1,1,1,1,-1,-1,0.009990613907575607
-1,-1,1,-1,-1,1,1,-1,-1,-1,-1,1,1,1,-1,-1,-1,1,-1,1,0.009990613907575607
-1,-1,1,-1,-1,1,1,-1,-1,-1,-1,1,1,1,-1,1,-1,-1,1,1,0.009990613907575607
-1,-1,1,-1,-1,1,1,-1,-1,-1,-1,1,1,1,1,1,-1,-1,-1,-1,0.009990613907575607
-1,-1,1,-1,-1,1,1,-1,-1,-1,1,-1,-1,1,-1,1,1,1,1,-1,0.009990613907575607
-1,-1,1,-1,-1,1,1,-1,-1,-1,1,-1,1,-1,-1,1,-1,1,-1,1,0.009990613907575607
-1,-1,1,-1,-1,1,1,-1,-1,-1,1,-1,1,-1,1,1,1,-1,1,1,0.009990613907575607
-1,-1,1,-1,-1,1,1,-1,-1,-1,1,-1,1,1,1,1,-1,1,1,-1,0.009990613907575607
-1,-1,1,-1,-1,1,1,-1,-1,-1,1,1,1,-1,1,1,1,-1,1,1,0.009990613907575607
-1,-1,1,-1,-1,1,1,-1,-1,1,-1,-1,-1,-1,-1,1,-1,-1,1,1,0.009990613907575607
-1,-1,1,-1,-1,1,1,-1,-1,1,-1,-1,1,-1,-1,1,1,1,1,-1,0.009990613907575607
-1,-1,1,-1,-1,1,1,-1,-1,1,-1,-1,1,-1,1,-1,-1,-1,-1,-1,0.009990613907575607
-1,-1,1,-1,-1,1,1,-1,-1,1,1,1,-1,-1,1,1,-1,1,1,1,0.009990613907575607
-1,-1,1,-1,-1,1,1,-1,-1,1,1,1,-1,1,-1,1,-1,-1,1,1,0.009990613907575607
-1,-1,1,-1,-1,1,1,-1,-1,1,1,1,1,-1,-1,1,1,-1,-1,-1,0.009990613907575607
-1,-1,1,-1,-1,1,1,-1,-1,1,1,1,1,-1,1,1,-1,-1,-1,-1,0.009990613907575607
-1,-1,1,-1,-1,1,1,-1,-1,1,1,1,1,-1,1,1,-1,1,-1,-1,0.009990613907575607
-1,-1,1,-1,-1,1,1,-1,-1,1,1,1,1,1,-1,1,-1,1,1,-1,0.009990613907575607
-1,-1,1,-1,-1,1,1,-1,-1,1,1,1,1,1,1,1,1,1,-1,1,0.009990613907575607
-1,-1,1,-1,-1,1,1,-1,1,-1,-1,-1,-1,-1,-1,-1,1,1,-1,1,0.009990613907575607
-1,-1,1,-1,-1,1,1,-1,1,-1,-1,-1,1,-1,-1,1,1,1,1,1,0.009990613907575607
-1,-1,1,-1,-1,1,1,-1,1,-1,-1,1,-1,-1,1,-1,1,1,-1,-1,0.009990613907575607
-1,-1,1,-1,-1,1,1,-1,1,-1,-1,1,1,-1,-1,1,1,-1,1,-1,0.009990613907575607
-1,-1,1,-1,-1,1,1,-1,1,-1,-1,1,1,-1,1,-1,-1,1,-1,1,0.009990613907575607
-1,-1,1,-1,-1,1,1,-1,1,-1,-1,1,1,1,-1,-1,1,-1,1,1,0.009990613907575607
-1,-1,1,-1,-1,1,1,-1,1,-1,1,-1,-1,1,-1,-1,1,1,-1,1,0.009990613907575607
-1,-1,1,-1,-1,1,1,-1,1,-1,1,-1,1,1,1,1,1,1,-1,-1,0.009990613907575607
-1,-1,1,-1,-1,1,1,-1,1,-1,1,1,-1,-1,-1,1,-1,1,-1,1,0.009990613907575607
-1,-1,1,-1,-1,1,1,-1,1,-1,1,1,-1,1,1,-1,1,-1,1,-1,0.009990613907575607
-1,-1,1,-1,-1,1,1,-1,1,-1,1,1,-1,1,1,1,-1,1,-1,1,0.009990613907575607
-1,-1,1,-1,-1,1,1,-1,1,-1,1,1,1,1,1,1,1,1,-1,-1,0.009990613907575607
-1,-1,1,-1,-1,1,1,-1,1,1,-1,-1,-1,-1,-1,-1,1,-1,-1,1,0.009990613907575607
-1,-1,1,-1,-1,1,1,-1,1,1,-1,-1,-1,-1,1,1,1,1,-1,-1,0.009990613907575607
-1,-1,1,-1,-1,1,1,-1,1,1,-1,1,-1,-1,-1,-1,-1,1,1,1,0.009990613907575607
-1,-1,1,-1,-1,1,1,-1,1,1,-1,1,1,-1,-1,-1,1,-1,-1,1,0.009990613907575607
-1,-1,1,-1,-1,1,1,-1,1,1,1,-1,-1,-1,-1,-1,1,1,-1,-1,0.009990613907575607
-1,-1,1,-1,-1,1,1,-1,1,1,1,1,-1,-1,1,-1,-1,-1,-1,-1,0.009990613907575607
-1,-1,1,-1,-1,1,1,-1,1,1,1,1,1,-1,-1,-1,-1,1,-1,-1,0.009990613907575607
-1,-1,1,-1,-1,1,1,-1,1,1,1,1,1,1,-1,1,1,1,-1,1,0.009990613907575607
-1,-1,1,-1,-1,1,1,1,-1,-1,-1,-1,-1,-1,-1,1,-1,-1,-1,-1,0.009990613907575607
-1,-1,1,-1,-1,1,1,1,-1,-1,-1,-1,-1,1,1,1,-1,1,1,-1,0.009990613907575607
-1,-1,1,-1,-1,1,1,1,-1,-1,-1,-1,1,-1,-1,1,1,-1,-1,-1,0.009990613907575607
-1,-1,1,-1,-1,1,1,1,-1,-1,-1,1,1,-1,-1,1,1,-1,1,-1,0.009990613907575607
-1,-1,1,-1,-1,1,1,1,-1,-1,1,-1,1,1,-1,1,1,1,1,1,0.009990613907575607
-1,-1,1,-1,-1,1,1,1,-1,-1,1,-1,1,1,1,-1,1,1,-1,-1,0.009990613907575607
-1,-1,1,-1,-1,1,1,1,-1,-1,1,1,-1,1,-1,1,-1,-1,-1,-1,0.009990613907575607
-1,-1,1,-1,-1,1,1,1,-1,-1,1,1,-1,1,1,1,-1,-1,-1,1,0.009990613907575607
-1,-1,1,-1,-1,1,1,1,-1,-1,1,1,1,-1,-1,1,-1,1,1,1,0.009990613907575607
-1,-1,1,-1,-1,1,1,1,-1,1,-1,-1,-1,-1,1,1,-1,-1,-1,1,0.009990613907575607
-1,-1,1,-1,-1,1,1,1,-1,1,-1,1,-1,1,-1,-1,-1,1,-1,1,0.009990613907575607
-1,-1,1,-1,-1,1,1,1,-1,1,-1,1,1,-1,1,-1,-1,1,-1,-1,0.009990613907575607
-1,-1,1,-1,-1,1,1,1,-1,1,1,-1,-1,1,-1,1,-1,-1,-1,1,0.009990613907575607
-1,-1,1,-1,-1,1,1,1,-1,1,1,-1,-1,1,1,1,-1,-1,-1,1,0.009990613907575607
-1,-1,1,-1,-1,1,1,1,-1,1,1,-1,1,-1,1,-1,-1,1,-1,1,0.009990613907575607
-1,-1,1,-1,-1,1,1,1,1,-1,-1,-1,-1,-1,1,1,1,1,-1,1,0.009990613907575607
-1,-1,1,-1,-1,1,1,1,1,-1,-1,1,-1,-1,-1,1,-1,-1,1,-1,0.009990613907575607
-1,-1,1,-1,-1,1,1,1,1,-1,1,-1,-1,-1,-1,1,-1,1,1,-1,0.009990613907575607
-1,-1,1,-1,-1,1,1,1,1,-1,1,1,-1,-1,-1,-1,1,-1,1,-1,0.009990613907575607
-1,-1,1,-1,-1,1,1,1,1,-1,1,1,-1,1,1,1,-1,-1,-1,-1,0.009990613907575607
-1,-1,1,-1,-1,1,1,1,1,-1,1,1,1,-1,1,1,1,-1,1,1,0.009990613907575607
-1,-1,1,-1,-1,1,1,1,1,1,-1,-1,-1,1,-1,1,-1,1,-1,1,0.009990613907575607
-1,-1,1,-1,-1,1,1,1,1,1,-1,-1,-1,1,-1,1,1,1,1,-1,0.009990613907575607
-1,-1,1,-1,-1,1,1,1,1,1,-1,-1,1,-1,-1,-1,-1,1,1,1,0.009990613907575607
-1,-1,1,-1,-1,1,1,1,1,1,-1,1,-1,1,1,1,-1,-1,1,-1,0.009990613907575607
-1,-1,1,-1,-1,1,1,1,1,1,-1,1,-1,1,1,1,1,1,-1,1,0.009990613907575607
-1,-1,1,-1,-1,1,1,1,1,1,-1,1,1,1,1,-1,1,1,-1,1,0.009990613907575607
-1,-1,1,-1,-1,1,1,1,1,1,1,-1,-1,1,-1,1,-1,1,1,-1,0.009990613907575607
-1,-1,1,-1,1,-1,-1,-1,-1,-1,-1,-1,-1,-1,-1,1,1,-1,1,1,0.009990613907575607
-1,-1,1,-1,1,-1,-1,-1,-1,-1,-1,-1,1,-1,1,-1,1,-1,1,1,0.009990613907575607
-1,-1,1,-1,1,-1,-1,-1,-1,-1,-1,1,1,-1,1,1,1,1,-1,-1,0.009990613907575607
-1,-1,1,-1,1,-1,-1,-1,-1,-1,1,-1,-1,1,1,-1,-1,1,1,1,0.009990613907575607
-1,-1,1,-1,1,-1,-1,-1,-1,-1,1,1,-1,1,-1,-1,1,-1,1,-1,0.009990613907575607
-1,-1,1,-1,1,-1,-1,-1,-1,-1,1,1,-1,1,-1,-1,1,1,-1,1,0.009990613907575607
-1,-1,1,-1,1,-1,-1,-1,-1,-1,1,1,-1,1,-1,-1,1,1,1,-1,0.009990613907575607
-1,-1,1,-1,1,-1,-1,-1,-1,-1,1,1,1,-1,-1,-1,-1,-1,1,1,0.009990613907575607
-1,-1,1,-1,1,-1,-1,-1,-1,-1,1,1,1,-1,1,1,1,-1,-1,-1,0.009990613907575607
-1,-1,1,-1,1,-1,-1,-1,-1,-1,1,1,1,1,-1,1,1,-1,1,1,0.009990613907575607
-1,-1,1,-1,1,-1,-1,-1,-1,1,-1,-1,-1,-1,1,1,1,1,-1,1,0.009990613907575607
-1,-1,1,-1,1,-1,-1,-1,-1,1,-1,-1,-1,1,1,-1,1,-1,1,-1,0.009990613907575607
-1,-1,1,-1,1,-1,-1,-1,-1,1,-1,-1,1,-1,-1,-1,-1,1,1,1,0.009990613907575607
-1,-1,1,-1,1,-1,-1,-1,-1,1,-1,-1,1,-1,-1,1,-1,1,1,-1,0.009990613907575607
-1,-1,1,-1,1,-1,-1,-1,-1,1,-1,-1,1,1,1,-1,1,1,1,-1,0.009990613907575607
-1,-1,1,-1,1,-1,-1,-1,-1,1,-1,1,-1,-1,1,-1,1,-1,-1,1,0.009990613907575607
-1,-1,1,-1,1,-1,-1,-1,-1,1,-1,1,-1,1,-1,1,1,1,-1,-1,0.009990613907575607
-1,-1,1,-1,1,-1,-1,-1,-1,1,-1,1,-1,1,1,-1,-1,-1,-1,1,0.009990613907575607
-1,-1,1,-1,1,-1,-1,-1,-1,1,-1,1,-1,1,1,1,-1,1,1,-1,0.009990613907575607
-1,-1,1,-1,1,-1,-1,-1,-1,1,1,-1,-1,1,1,1,-1,1,-1,1,0.009990613907575607
-1,-1,1,-1,1,-1,-1,-1,-1,1,1,-1,1,-1,-1,1,-1,1,1,-1,0.009990613907575607
-1,-1,1,-1,1,-1,-1,-1,-1,1,1,1,-1,-1,-1,1,1,1,-1,1,0.009990613907575607
-1,-1,1,-1,1,-1,-1,-1,-1,1,1,1,-1,-1,1,-1,-1,1,1,-1,0.009990613907575607
-1,-1,1,-1,1,-1,-1,-1,-1,1,1,1,-1,-1,1,-1,1,1,-1,-1,0.009990613907575607
-1,-1,1,-1,1,-1,-1,-1,-1,1,1,1,-1,-1,1,1,-1,-1,-1,-1,0.009990613907575607
-1,-1,1,-1,1,-1,-1,-1,-1,1,1,1,-1,1,1,1,-1,1,-1,-1,0.009990613907575607
-1,-1,1,-1,1,-1,-1,-1,1,-1,-1,-1,-1,-1,-1,1,-1,-1,-1,-1,0.009990613907575607
-1,-1,1,-1,1,-1,-1,-1,1,-1,-1,-1,1,-1,-1,-1,1,1,1,1,0.009990613907575607
-1,-1,1,-1,1,-1,-1,-1,1,-1,-1,-1,1,1,1,-1,1,-1,1,1,0.009990613907575607
-1,-1,1,-1,1,-1,-1,-1,1,-1,-1,1,1,1,-1,-1,-1,1,1,1,0.009990613907575607
-1,-1,1,-1,1,-1,-1,-1,1,-1,1,-1,1,-1,-1,1,-1,1,-1,1,0.009990613907575607
-1,-1,1,-1,1,-1,-1,-1,1,-1,1,-1,1,1,-1,1,1,-1,1,1,0.009990613907575607
-1,-1,1,-1,1,-1,-1,-1,1,-1,1,-1,1,1,-1,1,1,1,-1,1,0.009990613907575607
-1,-1,1,-1,1,-1,-1,-1,1,-1,1,-1,1,1,1,-1,-1,-1,-1,-1,0.009990613907575607
-1,-1,1,-1,1,-1,-1,-1,1,-1,1,1,-1,-1,-1,-1,1,1,1,1,0.009990613907575607
-1,-1,1,-1,1,-1,-1,-1,1,-1,1,1,1,-1,-1,1,1,1,1,-1,0.009990613907575607
-1,-1,1,-1,1,-1,-1,-1,1,1,-1,-1,-1,-1,-1,-1,-1,1,1,1,0.009990613907575607
-1,-1,1,-1,1,-1,-1,-1,1,1,-1,-1,-1,1,1,1,-1,-1,1,-1,0.009990613907575607
-1,-1,1,-1,1,-1,-1,-1,1,1,-1,-1,1,-1,-1,-1,1,-1,-1,1,0.009990613907575607
-1,-1,1,-1,1,-1,-1,-1,1,1,-1,-1,1,1,1,1,-1,1,-1,1,0.009990613907575607
-1,-1,1,-1,1,-1,-1,-1,1,1,-1,1,-1,-1,1,1,1,-1,1,-1,0.009990613907575607
-1,-1,1,-1,1,-1,-1,-1,1,1,-1,1,1,-1,-1,-1,-1,-1,-1,1,0.009990613907575607
-1,-1,1,-1,1,-1,-1,-1,1,1,-1,1,1,-1,1,-1,-1,-1,1,1,0.009990613907575607
-1,-1,1,-1,1,-1,-1,-1,1,1,-1,1,1,-1,1,-1,1,1,-1,1,0.009990613907575607
-1,-1,1,-1,1,-1,-1,-1,1,1,1,-1,1,1,-1,-1,-1,-1,-1,1,0.009990613907575607
-1,-1,1,-1,1,-1,-1,-1,1,1,1,1,-1,-1,-1,-1,1,1,1,-1,0.009990613907575607
-1,-1,1,-1,1,-1,-1,-1,1,1,1,1,-1,-1,1,-1,-1,1,1,-1,0.009990613907575607
-1,-1,1,-1,1,-1,-1,-1,1,1,1,1,1,-1,-1,1,1,1,1,1,0.009990613907575607
-1,-1,1,-1,1,-1,-1,1,-1,-1,-1,1,-1,-1,1,1,1,-1,-1,1,0.009990613907575607
-1,-1,1,-1,1,-1,-1,1,-1,-1,-1,1,-1,1,1,-1,1,-1,-1,1,0.009990613907575607
-1,-1,1,-1,1,-1,-1,1,-1,-1,-1,1,-1,1,1,-1,1,1,1,-1,0.009990613907575607
-1,-1,1,-1,1,-1,-1,1,-1,-1,-1,1,1,-1,-1,-1,1,1,1,-1,0.009990613907575607
-1,-1,1,-1,1,-1,-1,1,-1,-1,-1,1,1,-1,-1,1,1,-1,-1,-1,0.009990613907575607
-1,-1,1,-1,1,-1,-1,1,-1,-1,-1,1,1,1,-1,1,-1,-1,1,-1,0.009990613907575607
-1,-1,1,-1,1,-1,-1,1,-1,-1,1,-1,-1,-1,-1,-1,-1,-1,1,-1,0.009990613907575607
-1,-1,1,-1,1,-1,-1,1,-1,-1,1,1,-1,1,-1,1,-1,1,1,1,0.009990613907575607
-1,-1,1,-1,1,-1,-1,1,-1,-1,1,1,1,-1,-1,1,1,1,-1,-1,0.009990613907575607
-1,-1,1,-1,1,-1,-1,1,-1,1,-1,1,1,-1,1,1,-1,-1,-1,1,0.009990613907575607
-1,-1,1,-1,1,-1,-1,1,-1,1,-1,1,1,1,-1,-1,1,1,-1,-1,0.009990613907575607
-1,-1,1,-1,1,-1,-1,1,-1,1,1,-1,-1,1,1,1,1,-1,1,-1,0.009990613907575607
-1,-1,1,-1,1,-1,-1,1,-1,1,1,-1,1,1,-1,-1,1,1,-1,-1,0.009990613907575607
-1,-1,1,-1,1,-1,-1,1,-1,1,1,-1,1,1,1,-1,1,1,1,-1,0.009990613907575607
-1,-1,1,-1,1,-1,-1,1,-1,1,1,1,-1,-1,1,1,-1,1,-1,1,0.009990613907575607
-1,-1,1,-1,1,-1,-1,1,-1,1,1,1,-1,-1,1,1,1,-1,1,-1,0.009990613907575607
-1,-1,1,-1,1,-1,-1,1,-1,1,1,1,-1,1,-1,1,-1,-1,-1,-1,0.009990613907575607
-1,-1,1,-1,1,-1,-1,1,1,-1,-1,1,-1,-1,-1,1,1,1,1,1,0.009990613907575607
-1,-1,1,-1,1,-1,-1,1,1,-1,-1,1,-1,-1,1,-1,-1,-1,1,1,0.009990613907575607
-1,-1,1,-1,1,-1,-1,1,1,-1,-1,1,-1,1,1,-1,-1,-1,-1,-1,0.009990613907575607
-1,-1,1,-1,1,-1,-1,1,1,-1,-1,1,1,1,1,-1,-1,1,1,-1,0.009990613907575607
-1,-1,1,-1,1,-1,-1,1,1,-1,1,-1,-1,1,1,-1,1,1,-1,1,0.009990613907575607
-1,-1,1,-1,1,-1,-1,1,1,-1,1,-1,1,1,-1,1,1,-1,1,-1,0.009990613907575607
-1,-1,1,-1,1,-1,-1,1,1,-1,1,-1,1,1,1,-1,-1,-1,-1,1,0.009990613907575607
-1,-1,1,-1,1,-1,-1,1,1,-1,1,-1,1,1,1,1,-1,1,1,-1,0.009990613907575607
-1,-1,1,-1,1,-1,-1,1,1,-1,1,1,-1,-1,1,-1,-1,-1,-1,1,0.009990613907575607
-1,-1,1,-1,1,-1,-1,1,1,-1,1,1,1,-1,1,-1,1,-1,-1,1,0.009990613907575607
-1,-1,1,-1,1,-1,-1,1,1,1,-1,-1,-1,1,-1,-1,1,-1,-1,-1,0.009990613907575607
-1,-1,1,-1,1,-1,-1,1,1,1,-1,-1,1,-1,1,-1,1,1,1,-1,0.009990613907575607
-1,-1,1,-1,1,-1,-1,1,1,1,-1,1,1,1,-1,1,-1,-1,1,-1,0.009990613907575607
-1,-1,1,-1,1,-1,-1,1,1,1,1,-1,-1,-1,-1,-1,1,1,1,1,0.009990613907575607
-1,-1,1,-1,1,-1,-1,1,1,1,1,-1,-1,1,-1,1,1,1,-1,-1,0.009990613907575607
-1,-1,1,-1,1,-1,-1,1,1,1,1,-1,-1,1,1,-1,-1,1,-1,1,0.009990613907575607
-1,-1,1,-1,1,-1,-1,1,1,1,1,-1,-1,1,1,1,-1,1,-1,1,0.009990613907575607
-1,-1,1,-1,1,-1,-1,1,1,1,1,-1,-1,1,1,1,-1,1,1,-1,0.009990613907575607
-1,-1,1,-1,1,-1,-1,1,1,1,1,-1,1,-1,1,-1,1,1,1,-1,0.009990613907575607
-1,-1,1,-1,1,-1,-1,1,1,1,1,1,-1,1,-1,1,-1,1,1,1,0.009990613907575607
-1,-1,1,-1,1,-1,-1,1,1,1,1,1,-1,1,-1,1,1,-1,-1,-1,0.009990613907575607
-1,-1,1,-1,1,-1,-1,1,1,1,1,1,1,-1,-1,1,1,-1,1,-1,0.009990613907575607
-1,-1,1,-1,1,-1,-1,1,1,1,1,1,1,1,-1,-1,1,-1,-1,1,0.009990613907575607
-1,-1,1,-1,1,-1,1,-1,-1,-1,-1,-1,-1,1,-1,1,-1,1,1,-1,0.009990613907575607
-1,-1,1,-1,1,-1,1,-1,-1,-1,-1,1,-1,-1,1,-1,-1,-1,-1,-1,0.009990613907575607
-1,-1,1,-1,1,-1,1,-1,-1,-1,-1,1,-1,1,1,-1,-1,-1,-1,1,0.009990613907575607
-1,-1,1,-1,1,-1,1,-1,-1,-1,1,-1,-1,1,-1,-1,1,-1,1,1,0.009990613907575607
-1,-1,1,-1,1,-1,1,-1,-1,-1,1,-1,1,-1,-1,-1,-1,1,-1,1,0.009990613907575607
-1,-1,1,-1,1,-1,1,-1,-1,-1,1,-1,1,-1,-1,-1,1,-1,-1,-1,0.009990613907575607
-1,-1,1,-1,1,-1,1,-1,-1,-1,1,-1,1,1,1,-1,1,-1,-1,-1,0.009990613907575607
-1,-1,1,-1,1,-1,1,-1,-1,-1,1,1,-1,-1,-1,1,1,-1,-1,-1,0.009990613907575607
-1,-1,1,-1,1,-1,1,-1,-1,-1,1,1,-1,1,1,1,1,1,-1,1,0.009990613907575607
-1,-1,1,-1,1,-1,1,-1,-1,-1,1,1,1,-1,-1,-1,1,1,-1,-1,0.009990613907575607
-1,-1,1,-1,1,-1,1,-1,-1,-1,1,1,1,-1,-1,1,-1,1,-1,1,0.009990613907575607
-1,-1,1,-1,1,-1,1,-1,-1,1,-1,-1,-1,1,1,1,-1,1,1,1,0.009990613907575607
-1,-1,1,-1,1,-1,1,-1,-1,1,-1,-1,1,-1,1,1,-1,-1,1,1,0.009990613907575607
-1,-1,1,-1,1,-1,1,-1,-1,1,-1,-1,1,-1,1,1,1,1,1,-1,0.009990613907575607
-1,-1,1,-1,1,-1,1,-1,-1,1,-1,-1,1,1,1,-1,1,1,-1,1,0.009990613907575607
-1,-1,1,-1,1,-1,1,-1,-1,1,-1,1,1,1,-1,-1,1,1,-1,1,0.009990613907575607
-1,-1,1,-1,1,-1,1,-1,-1,1,-1,1,1,1,1,-1,-1,1,-1,-1,0.009990613907575607
-1,-1,1,-1,1,-1,1,-1,-1,1,1,-1,1,-1,1,-1,-1,1,1,1,0.009990613907575607
-1,-1,1,-1,1,-1,1,-1,-1,1,1,-1,1,1,-1,1,-1,-1,-1,1,0.009990613907575607
-1,-1,1,-1,1,-1,1,-1,-1,1,1,1,-1,-1,-1,-1,-1,-1,1,-1,0.009990613907575607
-1,-1,1,-1,1,-1,1,-1,-1,1,1,1,1,1,1,1,1,-1,1,1,0.009990613907575607
-1,-1,1,-1,1,-1,1,-1,1,-1,-1,-1,1,-1,-1,-1,1,-1,-1,1,0.009990613907575607
-1,-1,1,-1,1,-1,1,-1,1,-1,-1,-1,1,1,1,-1,1,1,1,1,0.009990613907575607
-1,-1,1,-1,1,-1,1,-1,1,-1,1,-1,1,-1,-1,-1,-1,1,-1,-1,0.009990613907575607
-1,-1,1,-1,1,-1,1,-1,1,-1,1,-1,1,1,1,-1,-1,1,-1,1,0.009990613907575607
-1,-1,1,-1,1,-1,1,-1,1,-1,1,1,1,-1,-1,-1,1,1,1,1,0.009990613907575607
-1,-1,1,-1,1,-1,1,-1,1,-1,1,1,1,-1,-1,1,1,-1,1,1,0.009990613907575607
-1,-1,1,-1,1,-1,1,-1,1,-1,1,1,1,-1,1,1,-1,1,1,-1,0.009990613907575607
-1,-1,1,-1,1,-1,1,-1,1,1,-1,-1,1,-1,1,1,1,1,1,1,0.009990613907575607
-1,-1,1,-1,1,-1,1,-1,1,1,-1,1,-1,-1,-1,1,-1,-1,1,-1,0.009990613907575607
-1,-1,1,-1,1,-1,1,-1,1,1,-1,1,-1,1,-1,-1,-1,1,1,-1,0.009990613907575607
-1,-1,1,-1,1,-1,1,-1,1,1,-1,1,-1,1,-1,-1,1,-1,-1,-1,0.009990613907575607
-1,-1,1,-1,1,-1,1,-1,1,1,-1,1,1,-1,-1,1,-1,-1,-1,1,0.009990613907575607
-1,-1,1,-1,1,-1,1,-1,1,1,1,1,-1,-1,1,-1,1,-1,-1,-1,0.009990613907575607
-1,-1,1,-1,1,-1,1,-1,1,1,1,1,1,-1,-1,1,1,-1,-1,-1,0.009990613907575607
-1,-1,1,-1,1,-1,1,1,-1,-1,-1,-1,-1,1,1,-1,-1,1,-1,1,0.009990613907575607
-1,-1,1,-1,1,-1,1,1,-1,-1,-1,-1,1,1,-1,-1,1,1,-1,1,0.009990613907575607
-1,-1,1,-1,1,-1,1,1,-1,-1,-1,1,-1,-1,-1,1,1,1,-1,-1,0.009990613907575607
-1,-1,1,-1,1,-1,1,1,-1,-1,-1,1,-1,1,1,-1,-1,-1,-1,-1,0.009990613907575607
-1,-1,1,-1,1,-1,1,1,-1,-1,-1,1,1,-1,-1,1,-1,-1,1,1,0.009990613907575607
-1,-1,1,-1,1,-1,1,1,-1,-1,-1,1,1,-1,1,1,-1,-1,-1,1,0.009990613907575607
-1,-1,1,-1,1,-1,1,1,-1,-1,-1,1,1,1,1,1,-1,1,1,-1,0.009990613907575607
-1,-1,1,-1,1,-1,1,1,-1,-1,1,-1,1,-1,1,-1,1,1,1,1,0.009990613907575607
-1,-1,1,-1,1,-1,1,1,-1,-1,1,1,-1,1,1,1,-1,1,-1,-1,0.009990613907575607
-1,-1,1,-1,1,-1,1,1,-1,-1,1,1,1,1,-1,-1,-1,1,1,1,0.009990613907575607
-1,-1,1,-1,1,-1,1,1,-1,1,-1,-1,-1,-1,1,-1,-1,-1,1,1,0.009990613907575607
-1,-1,1,-1,1,-1,1,1,-1,1,-1,-1,-1,1,1,-1,1,-1,-1,1,0.009990613907575607
-1,-1,1,-1,1,-1,1,1,-1,1,-1,-1,1,-1,-1,-1,1,-1,1,1,0.009990613907575607
-1,-1,1,-1,1,-1,1,1,-1,1,-1,-1,1,-1,-1,1,-1,1,-1,1,0.009990613907575607
-1,-1,1,-1,1,-1,1,1,-1,1,-1,1,-1,-1,1,-1,-1,1,1,1,0.009990613907575607
-1,-1,1,-1,1,-1,1,1,-1,1,1,-1,1,-1,-1,-1,1,-1,1,-1,0.009990613907575607
-1,-1,1,-1,1,-1,1,1,-1,1,1,1,-1,-1,1,-1,1,1,-1,1,0.009990613907575607
-1,-1,1,-1,1,-1,1,1,-1,1,1,1,-1,-1,1,1,-1,-1,-1,1,0.009990613907575607
-1,-1,1,-1,1,-1,1,1,-1,1,1,1,-1,1,1,-1,-1,1,1,1,0.009990613907575607
-1,-1,1,-1,1,-1,1,1,1,-1,-1,-1,1,-1,-1,-1,-1,-1,1,-1,0.009990613907575607
-1,-1,1,-1,1,-1,1,1,1,-1,-1,-1,1,1,1,-1,-1,1,-1,-1,0.009990613907575607
-1,-1,1,-1,1,-1,1,1,1,-1,-1,-1,1,1,1,-1,1,1,1,1,0.009990613907575607
-1,-1,1,-1,1,-1,1,1,1,-1,-1,1,-1,1,1,1,1,-1,1,-1,0.009990613907575607
-1,-1,1,-1,1,-1,1,1,1,-1,-1,1,1,-1,-1,-1,1,1,-1,1,0.009990613907575607
-1,-1,1,-1,1,-1,1,1,1,-1,1,-1,-1,-1,-1,-1,-1,1,-1,-1,0.009990613907575607
-1,-1,1,-1,1,-1,1,1,1,-1,1,-1,-1,1,1,1,1,-1,-1,-1,0.009990613907575607
-1,-1,1,-1,1,-1,1,1,1,-1,1,-1,1,-1,-1,-1,1,-1,-1,1,0.009990613907575607
-1,-1,1,-1,1,-1,1,1,1,-1,1,1,-1,-1,-1,-1,1,-1,-1,1,0.009990613907575607
-1,-1,1,-1,1,-1,1,1,1,1,-1,-1,-1,-1,-1,-1,-1,1,1,-1,0.009990613907575607
-1,-1,1,-1,1,-1,1,1,1,1,-1,-1,-1,-1,-1,-1,1,-1,1,1,0.009990613907575607
-1,-1,1,-1,1,-1,1,1,1,1,-1,-1,-1,-1,1,-1,1,-1,-1,1,0.009990613907575607
-1,-1,1,-1,1,-1,1,1,1,1,-1,1,-1,-1,-1,1,1,1,1,1,0.009990613907575607
-1,-1,1,-1,1,-1,1,1,1,1,-1,1,-1,1,1,-1,-1,1,1,1,0.009990613907575607
-1,-1,1,-1,1,-1,1,1,1,1,-1,1,1,-1,1,-1,-1,1,-1,1,0.009990613907575607
-1,-1,1,-1,1,-1,1,1,1,1,1,-1,1,1,-1,-1,-1,1,-1,-1,0.009990613907575607
-1,-1,1,-1,1,-1,1,1,1,1,1,1,-1,1,-1,-1,-1,1,-1,-1,0.009990613907575607
-1,-1,1,-1,1,-1,1,1,1,1,1,1,1,1,1,-1,1,-1,-1,1,0.009990613907575607
-1,-1,1,-1,1,1,-1,-1,-1,-1,-1,-1,1,1,1,1,1,1,1,-1,0.009990613907575607
-1,-1,1,-1,1,1,-1,-1,-1,-1,-1,1,-1,-1,1,1,1,1,1,1,0.009990613907575607
-1,-1,1,-1,1,1,-1,-1,-1,-1,-1,1,1,1,1,-1,1,-1,-1,-1,0.009990613907575607
-1,-1,1,-1,1,1,-1,-1,-1,-1,1,-1,-1,1,-1,1,1,-1,-1,-1,0.009990613907575607
-1,-1,1,-1,1,1,-1,-1,-1,-1,1,-1,-1,1,1,-1,1,1,-1,-1,0.009990613907575607
-1,-1,1,-1,1,1,-1,-1,-1,-1,1,-1,1,-1,-1,-1,-1,-1,1,-1,0.009990613907575607
-1,-1,1,-1,1,1,-1,-1,-1,-1,1,-1,1,-1,1,1,-1,1,-1,-1,0.009990613907575607
-1,-1,1,-1,1,1,-1,-1,-1,-1,1,-1,1,1,-1,1,1,-1,-1,-1,0.009990613907575607
-1,-1,1,-1,1,1,-1,-1,-1,-1,1,-1,1,1,1,1,-1,1,1,1,0.009990613907575607
-1,-1,1,-1,1,1,-1,-1,-1,-1,1,1,-1,-1,1,-1,-1,1,1,-1,0.009990613907575607
-1,-1,1,-1,1,1,-1,-1,-1,-1,1,1,-1,-1,1,1,-1,-1,1,-1,0.009990613907575607
-1,-1,1,-1,1,1,-1,-1,-1,-1,1,1,-1,1,1,-1,1,-1,-1,1,0.009990613907575607
-1,-1,1,-1,1,1,-1,-1,-1,1,-1,-1,-1,-1,-1,-1,-1,-1,1,-1,0.009990613907575607
-1,-1,1,-1,1,1,-1,-1,-1,1,-1,-1,1,-1,-1,1,1,-1,1,-1,0.009990613907575607
-1,-1,1,-1,1,1,-1,-1,-1,1,-1,-1,1,-1,1,1,1,-1,-1,-1,0.009990613907575607
-1,-1,1,-1,1,1,-1,-1,-1,1,-1,-1,1,1,-1,1,-1,-1,-1,-1,0.009990613907575607
-1,-1,1,-1,1,1,-1,-1,-1,1,-1,1,-1,-1,-1,1,1,-1,-1,-1,0.009990613907575607
-1,-1,1,-1,1,1,-1,-1,-1,1,-1,1,-1,1,1,1,-1,1,1,-1,0.009990613907575607
-1,-1,1,-1,1,1,-1,-1,-1,1,-1,1,1,1,1,1,-1,-1,1,1,0.009990613907575607
-1,-1,1,-1,1,1,-1,-1,-1,1,1,-1,-1,-1,-1,-1,1,-1,-1,1,0.009990613907575607
-1,-1,1,-1,1,1,-1,-1,-1,1,1,-1,-1,1,-1,-1,-1,-1,1,1,0.009990613907575607
-1,-1,1,-1,1,1,-1,-1,-1,1,1,1,-1,-1,-1,1,1,-1,1,1,0.009990613907575607
-1,-1,1,-1,1,1,-1,-1,-1,1,1,1,-1,1,-1,1,-1,-1,-1,-1,0.009990613907575607
-1,-1,1,-1,1,1,-1,-1,-1,1,1,1,-1,1,-1,1,-1,-1,-1,1,0.009990613907575607
-1,-1,1,-1,1,1,-1,-1,-1,1,1,1,1,-1,-1,1,1,-1,1,1,0.009990613907575607
-1,-1,1,-1,1,1,-1,-1,-1,1,1,1,1,1,1,-1,-1,-1,-1,1,0.009990613907575607
-1,-1,1,-1,1,1,-1,-1,1,-1,-1,-1,1,1,-1,-1,-1,1,1,1,0.009990613907575607
-1,-1,1,-1,1,1,-1,-1,1,-1,-1,-1,1,1,-1,1,-1,1,-1,1,0.009990613907575607
-1,-1,1,-1,1,1,-1,-1,1,-1,-1,1,-1,-1,-1,-1,1,-1,-1,-1,0.009990613907575607
-1,-1,1,-1,1,1,-1,-1,1,-1,-1,1,-1,1,1,1,1,-1,-1,1,0.009990613907575607
-1,-1,1,-1,1,1,-1,-1,1,-1,-1,1,1,-1,-1,-1,-1,-1,1,1,0.009990613907575607
-1,-1,1,-1,1,1,-1,-1,1,-1,-1,1,1,-1,-1,-1,1,1,-1,-1,0.009990613907575607
-1,-1,1,-1,1,1,-1,-1,1,-1,1,-1,-1,-1,1,1,1,1,1,-1,0.009990613907575607
-1,-1,1,-1,1,1,-1,-1,1,-1,1,-1,-1,1,-1,-1,1,1,-1,-1,0.009990613907575607
-1,-1,1,-1,1,1,-1,-1,1,-1,1,-1,-1,1,1,1,-1,1,-1,1,0.009990613907575607
-1,-1,1,-1,1,1,-1,-1,1,-1,1,-1,1,-1,-1,1,-1,-1,1,1,0.009990613907575607
-1,-1,1,-1,1,1,-1,-1,1,-1,1,-1,1,-1,1,-1,-1,-1,1,1,0.009990613907575607
-1,-1,1,-1,1,1,-1,-1,1,-1,1,-1,1,1,1,-1,-1,-1,-1,1,0.009990613907575607
-1,-1,1,-1,1,1,-1,-1,1,-1,1,-1,1,1,1,-1,-1,1,-1,-1,0.009990613907575607
-1,-1,1,-1,1,1,-1,-1,1,-1,1,-1,1,1,1,-1,1,1,-1,1,0.009990613907575607
-1,-1,1,-1,1,1,-1,-1,1,-1,1,1,-1,-1,-1,-1,1,-1,1,1,0.009990613907575607
-1,-1,1,-1,1,1,-1,-1,1,-1,1,1,-1,1,-1,-1,1,1,-1,-1,0.009990613907575607
-1,-1,1,-1,1,1,-1,-1,1,-1,1,1,-1,1,1,-1,-1,1,-1,1,0.009990613907575607
-1,-1,1,-1,1,1,-1,-1,1,1,-1,-1,-1,-1,-1,1,1,-1,-1,-1,0.009990613907575607
-1,-1,1,-1,1,1,-1,-1,1,1,-1,-1,-1,1,-1,1,-1,-1,1,1,0.009990613907575607
-1,-1,1,-1,1,1,-1,-1,1,1,-1,-1,-1,1,1,1,-1,1,-1,-1,0.009990613907575607
-1,-1,1,-1,1,1,-1,-1,1,1,-1,-1,1,-1,1,1,-1,1,-1,1,0.009990613907575607
-1,-1,1,-1,1,1,-1,-1,1,1,-1,1,-1,1,-1,1,-1,1,1,1,0.009990613907575607
-1,-1,1,-1,1,1,-1,-1,1,1,-1,1,1,1,-1,-1,1,-1,1,-1,0.009990613907575607
-1,-1,1,-1,1,1,-1,-1,1,1,1,-1,-1,-1,-1,1,-1,-1,1,1,0.009990613907575607
-1,-1,1,-1,1,1,-1,-1,1,1,1,-1,1,-1,1,-1,1,1,-1,1,0.009990613907575607
-1,-1,1,-1,1,1,-1,-1,1,1,1,1,-1,-1,-1,-1,-1,1,-1,1,0.009990613907575607
-1,-1,1,-1,1,1,-1,-1,1,1,1,1,-1,-1,-1,1,-1,-1,-1,-1,0.009990613907575607
-1,-1,1,-1,1,1,-1,-1,1,1,1,1,-1,1,-1,-1,-1,1,1,-1,0.009990613907575607
-1,-1,1,-1,1,1,-1,-1,1,1,1,1,1,-1,1,-1,1,1,1,-1,0.009990613907575607
-1,-1,1,-1,1,1,-1,1,-1,-1,-1,-1,-1,-1,-1,1,1,1,1,1,0.009990613907575607
-1,-1,1,-1,1,1,-1,1,-1,-1,-1,1,1,-1,1,-1,-1,1,-1,1,0.009990613907575607
-1,-1,1,-1,1,1,-1,1,-1,-1,1,-1,-1,-1,-1,-1,-1,-1,1,1,0.009990613907575607
-1,-1,1,-1,1,1,-1,1,-1,-1,1,-1,-1,1,1,1,-1,-1,-1,1,0.009990613907575607
-1,-1,1,-1,1,1,-1,1,-1,-1,1,-1,1,1,1,1,-1,1,-1,1,0.009990613907575607
-1,-1,1,-1,1,1,-1,1,-1,-1,1,1,-1,1,1,-1,-1,-1,1,-1,0.009990613907575607
-1,-1,1,-1,1,1,-1,1,-1,1,-1,-1,-1,-1,-1,-1,-1,1,1,-1,0.009990613907575607
-1,-1,1,-1,1,1,-1,1,-1,1,-1,-1,-1,1,1,1,-1,-1,-1,1,0.009990613907575607
-1,-1,1,-1,1,1,-1,1,-1,1,-1,-1,1,-1,-1,-1,1,-1,-1,1,0.009990613907575607
-1,-1,1,-1,1,1,-1,1,-1,1,-1,-1,1,-1,-1,1,-1,-1,1,-1,0.009990613907575607
-1,-1,1,-1,1,1,-1,1,-1,1,-1,-1,1,-1,1,-1,1,-1,1,1,0.009990613907575607
-1,-1,1,-1,1,1,-1,1,-1,1,-1,-1,1,1,-1,-1,-1,1,-1,-1,0.009990613907575607
-1,-1,1,-1,1,1,-1,1,-1,1,-1,-1,1,1,1,1,1,-1,1,1,0.009990613907575607
-1,-1,1,-1,1,1,-1,1,-1,1,-1,1,-1,1,-1,-1,-1,1,-1,-1,0.009990613907575607
-1,-1,1,-1,1,1,-1,1,-1,1,-1,1,-1,1,-1,1,-1,1,1,-1,0.009990613907575607
-1,-1,1,-1,1,1,-1,1,-1,1,-1,1,-1,1,1,-1,1,1,1,1,0.009990613907575607
-1,-1,1,-1,1,1,-1,1,-1,1,-1,1,-1,1,1,1,1,1,1,-1,0.009990613907575607
-1,-1,1,-1,1,1,-1,1,-1,1,1,-1,-1,1,1,-1,-1,1,1,-1,0.009990613907575607
-1,-1,1,-1,1,1,-1,1,-1,1,1,-1,1,-1,-1,1,1,1,-1,1,0.009990613907575607
-1,-1,1,-1,1,1,-1,1,-1,1,1,1,-1,-1,-1,-1,-1,-1,-1,1,0.009990613907575607
-1,-1,1,-1,1,1,-1,1,-1,1,1,1,1,1,-1,-1,-1,-1,1,1,0.009990613907575607
-1,-1,1,-1,1,1,-1,1,-1,1,1,1,1,1,-1,1,-1,-1,1,-1,0.009990613907575607
-1,-1,1,-1,1,1,-1,1,1,-1,-1,-1,-1,-1,1,-1,1,-1,1,-1,0.009990613907575607
-1,-1,1,-1,1,1,-1,1,1,-1,-1,-1,-1,-1,1,1,1,1,-1,1,0.009990613907575607
-1,-1,1,-1,1,1,-1,1,1,-1,-1,-1,1,-1,-1,-1,-1,-1,1,1,0.009990613907575607
-1,-1,1,-1,1,1,-1,1,1,-1,-1,-1,1,1,-1,-1,1,-1,1,1,0.009990613907575607
-1,-1,1,-1,1,1,-1,1,1,-1,-1,-1,1,1,-1,1,1,1,-1,1,0.009990613907575607
-1,-1,1,-1,1,1,-1,1,1,-1,-1,1,-1,-1,-1,1,1,-1,-1,1,0.009990613907575607
-1,-1,1,-1,1,1,-1,1,1,-1,1,-1,1,-1,1,-1,1,-1,1,1,0.009990613907575607
-1,-1,1,-1,1,1,-1,1,1,-1,1,1,-1,-1,1,1,1,-1,-1,1,0.009990613907575607
-1,-1,1,-1,1,1,-1,1,1,-1,1,1,-1,1,-1,-1,1,-1,-1,-1,0.009990613907575607
-1,-1,1,-1,1,1,-1,1,1,-1,1,1,1,1,-1,1,-1,-1,-1,-1,0.009990613907575607
-1,-1,1,-1,1,1,-1,1,1,1,-1,-1,-1,-1,1,-1,1,1,-1,-1,0.009990613907575607
-1,-1,1,-1,1,1,-1,1,1,1,1,-1,1,-1,-1,-1,1,-1,1,1,0.009990613907575607
-1,-1,1,-1,1,1,-1,1,1,1,1,1,-1,-1,1,-1,1,-1,-1,1,0.009990613907575607
-1,-1,1,-1,1,1,-1,1,1,1,1,1,-1,-1,1,1,-1,1,1,-1,0.009990613907575607
-1,-1,1,-1,1,1,-1,1,1,1,1,1,-1,-1,1,1,1,-1,1,1,0.009990613907575607
-1,-1,1,-1,1,1,-1,1,1,1,1,1,-1,1,-1,-1,1,1,-1,-1,0.009990613907575607
-1,-1,1,-1,1,1,-1,1,1,1,1,1,1,-1,-1,-1,-1,1,-1,-1,0.009990613907575607
-1,-1,1,-1,1,1,-1,1,1,1,1,1,1,1,1,-1,-1,1,-1,-1,0.009990613907575607
-1,-1,1,-1,1,1,1,-1,-1,-1,-1,-1,-1,-1,-1,1,1,-1,-1,-1,0.009990613907575607
-1,-1,1,-1,1,1,1,-1,-1,-1,-1,-1,-1,-1,1,-1,1,-1,1,-1,0.009990613907575607
-1,-1,1,-1,1,1,1,-1,-1,-1,-1,-1,-1,1,1,1,-1,1,-1,-1,0.009990613907575607
-1,-1,1,-1,1,1,1,-1,-1,-1,-1,-1,1,1,1,1,1,-1,-1,1,0.009990613907575607
-1,-1,1,-1,1,1,1,-1,-1,-1,-1,1,-1,1,-1,-1,-1,1,-1,-1,0.009990613907575607
-1,-1,1,-1,1,1,1,-1,-1,-1,-1,1,1,-1,1,1,-1,-1,-1,-1,0.009990613907575607
-1,-1,1,-1,1,1,1,-1,-1,-1,-1,1,1,1,-1,1,1,1,-1,-1,0.009990613907575607
-1,-1,1,-1,1,1,1,-1,-1,-1,1,-1,1,-1,-1,-1,1,1,-1,-1,0.009990613907575607
-1,-1,1,-1,1,1,1,-1,-1,-1,1,-1,1,-1,1,1,-1,1,1,-1,0.009990613907575607
-1,-1,1,-1,1,1,1,-1,-1,-1,1,1,-1,-1,-1,1,-1,-1,1,1,0.009990613907575607
-1,-1,1,-1,1,1,1,-1,-1,-1,1,1,1,-1,1,-1,-1,1,-1,-1,0.009990613907575607
-1,-1,1,-1,1,1,1,-1,-1,1,-1,-1,-1,1,-1,1,1,-1,-1,-1,0.009990613907575607
-1,-1,1,-1,1,1,1,-1,-1,1,-1,-1,1,-1,-1,1,1,-1,1,-1,0.009990613907575607
-1,-1,1,-1,1,1,1,-1,-1,1,-1,-1,1,1,-1,-1,-1,-1,-1,-1,0.009990613907575607
-1,-1,1,-1,1,1,1,-1,-1,1,-1,-1,1,1,1,1,1,-1,1,1,0.009990613907575607
-1,-1,1,-1,1,1,1,-1,-1,1,-1,1,-1,1,-1,1,-1,-1,1,1,0.009990613907575607
-1,-1,1,-1,1,1,1,-1,-1,1,-1,1,-1,1,-1,1,1,1,1,-1,0.009990613907575607
-1,-1,1,-1,1,1,1,-1,-1,1,-1,1,1,1,-1,1,1,-1,1,1,0.009990613907575607
-1,-1,1,-1,1,1,1,-1,-1,1,-1,1,1,1,-1,1,1,1,-1,1,0.009990613907575607
-1,-1,1,-1,1,1,1,-1,-1,1,1,-1,-1,-1,-1,-1,1,-1,1,1,0.009990613907575607
-1,-1,1,-1,1,1,1,-1,-1,1,1,-1,-1,1,1,1,1,-1,1,-1,0.009990613907575607
-1,-1,1,-1,1,1,1,-1,-1,1,1,-1,1,-1,-1,1,-1,-1,-1,1,0.009990613907575607
-1,-1,1,-1,1,1,1,-1,-1,1,1,-1,1,1,-1,-1,-1,-1,-1,-1,0.009990613907575607
-1,-1,1,-1,1,1,1,-1,-1,1,1,1,-1,-1,-1,1,1,-1,1,-1,0.009990613907575607
-1,-1,1,-1,1,1,1,-1,-1,1,1,1,1,-1,-1,1,-1,-1,1,-1,0.009990613907575607
-1,-1,1,-1,1,1,1,-1,-1,1,1,1,1,-1,1,1,-1,-1,1,1,0.009990613907575607
-1,-1,1,-1,1,1,1,-1,1,-1,-1,-1,-1,-1,-1,-1,-1,1,1,-1,0.009990613907575607
-1,-1,1,-1,1,1,1,-1,1,-1,-1,-1,1,-1,-1,-1,1,-1,1,1,0.009990613907575607
-1,-1,1,-1,1,1,1,-1,1,-1,-1,-1,1,1,-1,-1,-1,-1,-1,-1,0.009990613907575607
-1,-1,1,-1,1,1,1,-1,1,-1,-1,-1,1,1,-1,1,-1,-1,1,-1,0.009990613907575607
-1,-1,1,-1,1,1,1,-1,1,-1,-1,1,-1,-1,-1,1,-1,-1,-1,-1,0.009990613907575607
-1,-1,1,-1,1,1,1,-1,1,-1,-1,1,-1,-1,1,-1,1,-1,-1,-1,0.009990613907575607
-1,-1,1,-1,1,1,1,-1,1,-1,-1,1,1,1,-1,1,1,1,-1,1,0.009990613907575607
-1,-1,1,-1,1,1,1,-1,1,-1,-1,1,1,1,1,-1,-1,-1,-1,-1,0.009990613907575607
-1,-1,1,-1,1,1,1,-1,1,-1,1,-1,-1,1,-1,-1,-1,-1,-1,1,0.009990613907575607
-1,-1,1,-1,1,1,1,-1,1,-1,1,-1,-1,1,-1,-1,1,1,-1,-1,0.009990613907575607
-1,-1,1,-1,1,1,1,-1,1,-1,1,-1,-1,1,-1,1,1,1,1,-1,0.009990613907575607
-1,-1,1,-1,1,1,1,-1,1,-1,1,1,-1,1,-1,1,-1,-1,-1,1,0.009990613907575607
-1,-1,1,-1,1,1,1,-1,1,1,-1,-1,1,1,1,-1,-1,-1,-1,1,0.009990613907575607
-1,-1,1,-1,1,1,1,-1,1,1,-1,1,-1,1,1,-1,-1,1,1,-1,0.009990613907575607
-1,-1,1,-1,1,1,1,-1,1,1,-1,1,1,-1,1,1,1,-1,-1,1,0.009990613907575607
-1,-1,1,-1,1,1,1,-1,1,1,-1,1,1,1,1,-1,1,1,-1,1,0.009990613907575607
-1,-1,1,-1,1,1,1,-1,1,1,1,-1,1,-1,-1,-1,-1,1,1,1,0.009990613907575607
-1,-1,1,-1,1,1,1,-1,1,1,1,1,1,1,1,-1,-1,1,-1,-1,0.009990613907575607
-1,-1,1,-1,1,1,1,1,-1,-1,-1,-1,-1,-1,-1,1,1,-1,1,1,0.009990613907575607
-1,-1,1,-1,1,1,1,1,-1,-1,-1,-1,-1,1,-1,-1,-1,-1,1,-1,0.009990613907575607
-1,-1,1,-1,1,1,1,1,-1,-1,-1,1,-1,-1,-1,-1,-1,1,1,-1,0.009990613907575607
-1,-1,1,-1,1,1,1,1,-1,-1,-1,1,-1,1,1,-1,-1,1,1,-1,0.009990613907575607
-1,-1,1,-1,1,1,1,1,-1,-1,-1,1,1,-1,-1,-1,-1,-1,1,1,0.009990613907575607
-1,-1,1,-1,1,1,1,1,-1,-1,1,-1,-1,1,-1,1,-1,1,1,1,0.009990613907575607
-1,-1,1,-1,1,1,1,1,-1,-1,1,-1,-1,1,1,-1,-1,1,-1,-1,0.009990613907575607
-1,-1,1,-1,1,1,1,1,-1,-1,1,-1,1,1,-1,-1,-1,1,1,-1,0.009990613907575607
-1,-1,1,-1,1,1,1,1,-1,-1,1,1,-1,1,-1,-1,-1,1,1,-1,0.009990613907575607
-1,-1,1,-1,1,1,1,1,-1,-1,1,1,-1,1,1,-1,-1,1,1,-1,0.009990613907575607
-1,-1,1,-1,1,1,1,1,-1,-1,1,1,-1,1,1,-1,1,-1,-1,1,0.009990613907575607
-1,-1,1,-1,1,1,1,1,-1,-1,1,1,1,-1,1,1,1,1,1,-1,0.009990613907575607
-1,-1,1,-1,1,1,1,1,-1,1,-1,-1,-1,1,1,-1,1,1,1,-1,0.009990613907575607
-1,-1,1,-1,1,1,1,1,-1,1,-1,-1,1,1,1,1,-1,1,-1,1,0.009990613907575607
-1,-1,1,-1,1,1,1,1,-1,1,-1,1,-1,-1,-1,1,-1,1,-1,-1,0.009990613907575607
-1,-1,1,-1,1,1,1,1,-1,1,-1,1,-1,1,-1,1,-1,1,1,-1,0.009990613907575607
-1,-1,1,-1,1,1,1,1,-1,1,-1,1,1,-1,1,1,1,1,-1,-1,0.009990613907575607
-1,-1,1,-1,1,1,1,1,-1,1,-1,1,1,1,-1,1,-1,-1,-1,-1,0.009990613907575607
-1,-1,1,-1,1,1,1,1,-1,1,-1,1,1,1,1,-1,1,1,-1,1,0.009990613907575607
-1,-1,1,-1,1,1,1,1,-1,1,1,-1,-1,-1,1,1,-1,-1,1,-1,0.009990613907575607
-1,-1,1,-1,1,1,1,1,-1,1,1,1,-1,-1,1,1,-1,1,-1,1,0.009990613907575607
-1,-1,1,-1,1,1,1,1,1,-1,-1,-1,-1,-1,-1,-1,1,1,-1,1,0.009990613907575607
-1,-1,1,-1,1,1,1,1,1,-1,-1,-1,-1,-1,-1,1,1,1,-1,1,0.009990613907575607
-1,-1,1,-1,1,1,1,1,1,-1,-1,-1,1,-1,-1,-1,-1,-1,-1,1,0.009990613907575607
-1,-1,1,-1,1,1,1,1,1,-1,-1,-1,1,1,1,-1,-1,-1,1,1,0.009990613907575607
-1,-1,1,-1,1,1,1,1,1,-1,-1,1,-1,-1,-1,1,-1,-1,1,1,0.009990613907575607
-1,-1,1,-1,1,1,1,1,1,-1,-1,1,1,-1,-1,1,-1,1,1,-1,0.009990613907575607
-1,-1,1,-1,1,1,1,1,1,-1,-1,1,1,-1,1,1,1,-1,-1,1,0.009990613907575607
-1,-1,1,-1,1,1,1,1,1,-1,-1,1,1,1,-1,1,-1,-1,-1,1,0.009990613907575607
-1,-1,1,-1,1,1,1,1,1,-1,1,-1,-1,1,1,-1,-1,1,1,-1,0.009990613907575607
-1,-1,1,-1,1,1,1,1,1,-1,1,-1,-1,1,1,-1,1,1,1,1,0.009990613907575607
-1,-1,1,-1,1,1,1,1,1,-1,1,-1,1,-1,-1,1,-1,1,-1,1,0.009990613907575607
-1,-1,1,-1,1,1,1,1,1,-1,1,1,-1,1,-1,-1,-1,-1,-1,1,0.009990613907575607
-1,-1,1,-1,1,1,1,1,1,-1,1,1,-1,1,-1,-1,1,1,1,1,0.009990613907575607
-1,-1,1,-1,1,1,1,1,1,-1,1,1,-1,1,-1,1,-1,-1,-1,1,0.009990613907575607
-1,-1,1,-1,1,1,1,1,1,-1,1,1,-1,1,1,-1,1,1,-1,1,0.009990613907575607
-1,-1,1,-1,1,1,1,1,1,-1,1,1,1,1,-1,1,1,1,1,-1,0.009990613907575607
-1,-1,1,-1,1,1,1,1,1,1,-1,-1,-1,-1,-1,1,-1,1,1,-1,0.009990613907575607
-1,-1,1,-1,1,1,1,1,1,1,-1,-1,-1,1,-1,-1,1,-1,1,1,0.009990613907575607
-1,-1,1,-1,1,1,1,1,1,1,-1,-1,1,1,1,-1,1,1,-1,1,0.009990613907575607
-1,-1,1,-1,1,1,1,1,1,1,-1,1,-1,1,1,1,-1,-1,-1,1,0.009990613907575607
-1,-1,1,-1,1,1,1,1,1,1,1,-1,1,-1,1,-1,-1,-1,-1,-1,0.009990613907575607
-1,-1,1,-1,1,1,1,1,1,1,1,-1,1,-1,1,1,1,1,1,-1,0.009990613907575607
-1,-1,1,-1,1,1,1,1,1,1,1,1,-1,1,-1,1,-1,-1,1,1,0.009990613907575607
-1,-1,1,-1,1,1,1,1,1,1,1,1,-1,1,1,1,1,-1,-1,1,0.009990613907575607
-1,-1,1,1,-1,-1,-1,-1,-1,-1,-1,-1,-1,1,-1,-1,1,-1,-1,1,0.009990613907575607
-1,-1,1,1,-1,-1,-1,-1,-1,-1,-1,-1,-1,1,-1,1,-1,-1,-1,-1,0.009990613907575607
-1,-1,1,1,-1,-1,-1,-1,-1,-1,-1,-1,-1,1,-1,1,1,1,-1,1,0.009990613907575607
-1,-1,1,1,-1,-1,-1,-1,-1,-1,-1,-1,1,-1,1,-1,1,1,-1,1,0.009990613907575607
-1,-1,1,1,-1,-1,-1,-1,-1,-1,-1,-1,1,1,-1,1,-1,-1,-1,1,0.009990613907575607
-1,-1,1,1,-1,-1,-1,-1,-1,-1,-1,-1,1,1,1,1,-1,1,1,1,0.009990613907575607
-1,-1,1,1,-1,-1,-1,-1,-1,-1,1,-1,1,-1,-1,-1,1,-1,1,-1,0.009990613907575607
-1,-1,1,1,-1,-1,-1,-1,-1,-1,1,-1,1,1,-1,-1,-1,1,-1,-1,0.009990613907575607
-1,-1,1,1,-1,-1,-1,-1,-1,-1,1,1,-1,-1,1,1,-1,1,-1,1,0.009990613907575607
-1,-1,1,1,-1,-1,-1,-1,-1,-1,1,1,-1,1,-1,-1,-1,-1,-1,1,0.009990613907575607
-1,-1,1,1,-1,-1,-1,-1,-1,-1,1,1,-1,1,-1,-1,1,1,1,1,0.009990613907575607
-1,-1,1,1,-1,-1,-1,-1,-1,-1,1,1,-1,1,1,1,1,1,-1,-1,0.009990613907575607
-1,-1,1,1,-1,-1,-1,-1,-1,-1,1,1,1,-1,-1,-1,1,1,-1,-1,0.009990613907575607
-1,-1,1,1,-1,-1,-1,-1,-1,1,-1,1,-1,-1,1,-1,1,1,-1,1,0.009990613907575607
-1,-1,1,1,-1,-1,-1,-1,-1,1,1,1,-1,-1,-1,1,-1,-1,-1,-1,0.009990613907575607
-1,-1,1,1,-1,-1,-1,-1,-1,1,1,1,1,1,-1,1,-1,1,1,-1,0.009990613907575607
-1,-1,1,1,-1,-1,-1,-1,-1,1,1,1,1,1,1,1,1,-1,-1,-1,0.009990613907575607
-1,-1,1,1,-1,-1,-1,-1,1,-1,-1,-1,1,-1,-1,-1,1,-1,-1,-1,0.009990613907575607
-1,-1,1,1,-1,-1,-1,-1,1,-1,-1,-1,1,1,-1,1,1,1,-1,1,0.009990613907575607
-1,-1,1,1,-1,-1,-1,-1,1,-1,-1,1,-1,-1,-1,-1,-1,1,1,-1,0.009990613907575607
-1,-1,1,1,-1,-1,-1,-1,1,-1,-1,1,-1,1,-1,-1,1,1,-1,1,0.009990613907575607
-1,-1,1,1,-1,-1,-1,-1,1,-1,1,-1,-1,-1,1,1,1,-1,-1,1,0.009990613907575607
-1,-1,1,1,-1,-1,-1,-1,1,-1,1,-1,-1,1,1,-1,-1,1,-1,-1,0.009990613907575607
-1,-1,1,1,-1,-1,-1,-1,1,-1,1,-1,1,-1,1,-1,1,-1,1,1,0.009990613907575607
-1,-1,1,1,-1,-1,-1,-1,1,-1,1,-1,1,1,-1,1,-1,1,-1,1,0.009990613907575607
-1,-1,1,1,-1,-1,-1,-1,1,1,-1,-1,-1,-1,-1,1,1,1,1,1,0.009990613907575607
-1,-1,1,1,-1,-1,-1,-1,1,1,-1,1,-1,-1,1,1,1,1,1,-1,0.009990613907575607
-1,-1,1,1,-1,-1,-1,-1,1,1,-1,1,1,-1,1,-1,1,1,1,1,0.009990613907575607
-1,-1,1,1,-1,-1,-1,-1,1,1,-1,1,1,1,-1,-1,-1,-1,1,-1,0.009990613907575607
-1,-1,1,1,-1,-1,-1,-1,1,1,1,-1,-1,1,1,-1,1,1,1,1,0.009990613907575607
-1,-1,1,1,-1,-1,-1,-1,1,1,1,-1,1,1,-1,-1,-1,-1,1,1,0.009990613907575607
-1,-1,1,1,-1,-1,-1,-1,1,1,1,1,1,1,1,-1,1,1,1,1,0.009990613907575607
-1,-1,1,1,-1,-1,-1,-1,1,1,1,1,1,1,1,1,-1,1,-1,1,0.009990613907575607
-1,-1,1,1,-1,-1,-1,1,-1,-1,-1,-1,1,1,1,-1,1,1,1,1,0.009990613907575607
-1,-1,1,1,-1,-1,-1,1,-1,-1,-1,1,1,-1,1,-1,1,1,1,1,0.009990613907575607
-1,-1,1,1,-1,-1,-1,1,-1,-1,1,-1,-1,-1,1,-1,-1,-1,1,1,0.009990613907575607
-1,-1,1,1,-1,-1,-1,1,-1,-1,1,-1,-1,1,1,1,1,-1,1,-1,0.009990613907575607
-1,-1,1,1,-1,-1,-1,1,-1,-1,1,-1,1,1,-1,-1,-1,-1,1,1,0.009990613907575607
-1,-1,1,1,-1,-1,-1,1,-1,-1,1,-1,1,1,-1,1,1,-1,1,-1,0.009990613907575607
-1,-1,1,1,-1,-1,-1,1,-1,-1,1,-1,1,1,-1,1,1,1,-1,1,0.009990613907575607
-1,-1,1,1,-1,-1,-1,1,-1,-1,1,-1,1,1,1,1,1,1,1,1,0.009990613907575607
-1,-1,1,1,-1,-1,-1,1,-1,-1,1,1,-1,1,-1,-1,-1,1,-1,1,0.009990613907575607
-1,-1,1,1,-1,-1,-1,1,-1,-1,1,1,1,1,-1,-1,1,1,1,-1,0.009990613907575607
-1,-1,1,1,-1,-1,-1,1,-1,1,-1,-1,-1,1,1,1,1,-1,-1,-1,0.009990613907575607
-1,-1,1,1,-1,-1,-1,1,-1,1,-1,-1,1,1,1,-1,-1,1,-1,1,0.009990613907575607
-1,-1,1,1,-1,-1,-1,1,-1,1,1,1,-1,-1,-1,1,-1,-1,-1,-1,0.009990613907575607
-1,-1,1,1,-1,-1,-1,1,-1,1,1,1,-1,-1,1,-1,-1,1,-1,-1,0.009990613907575607
-1,-1,1,1,-1,-1,-1,1,-1,1,1,1,-1,1,-1,-1,-1,-1,-1,1,0.009990613907575607
-1,-1,1,1,-1,-1,-1,1,1,-1,-1,-1,1,-1,-1,-1,1,-1,1,1,0.009990613907575607
-1,-1,1,1,-1,-1,-1,1,1,-1,-1,-1,1,1,-1,1,1,-1,1,1,0.009990613907575607
-1,-1,1,1,-1,-1,-1,1,1,-1,-1,1,-1,1,1,1,1,1,1,-1,0.009990613907575607
-1,-1,1,1,-1,-1,-1,1,1,-1,-1,1,1,1,-1,1,1,1,-1,1,0.009990613907575607
-1,-1,1,1,-1,-1,-1,1,1,-1,1,1,1,-1,1,-1,1,-1,1,1,0.009990613907575607
-1,-1,1,1,-1,-1,-1,1,1,1,-1,-1,-1,1,1,1,-1,-1,1,-1,0.009990613907575607
-1,-1,1,1,-1,-1,-1,1,1,1,-1,-1,1,1,1,1,-1,1,1,1,0.009990613907575607
-1,-1,1,1,-1,-1,-1,1,1,1,-1,1,-1,1,-1,-1,1,-1,1,1,0.009990613907575607
-1,-1,1,1,-1,-1,-1,1,1,1,-1,1,-1,1,1,-1,1,-1,1,1,0.009990613907575607
-1,-1,1,1,-1,-1,-1,1,1,1,-1,1,1,1,1,-1,1,1,-1,1,0.009990613907575607
-1,-1,1,1,-1,-1,-1,1,1,1,1,-1,-1,-1,-1,-1,-1,-1,-1,1,0.009990613907575607
-1,-1,1,1,-1,-1,-1,1,1,1,1,-1,-1,1,1,-1,-1,-1,-1,-1,0.009990613907575607
-1,-1,1,1,-1,-1,-1,1,1,1,1,-1,-1,1,1,-1,-1,-1,1,-1,0.009990613907575607
-1,-1,1,1,-1,-1,-1,1,1,1,1,-1,-1,1,1,1,1,1,-1,1,0.009990613907575607
-1,-1,1,1,-1,-1,-1,1,1,1,1,1,-1,-1,-1,-1,-1,1,-1,-1,0.009990613907575607
-1,-1,1,1,-1,-1,-1,1,1,1,1,1,-1,-1,1,1,-1,1,1,-1,0.009990613907575607
-1,-1,1,1,-1,-1,-1,1,1,1,1,1,1,-1,-1,-1,1,-1,1,-1,0.009990613907575607
-1,-1,1,1,-1,-1,-1,1,1,1,1,1,1,-1,-1,-1,1,1,1,-1,0.009990613907575607
-1,-1,1,1,-1,-1,1,-1,-1,-1,-1,-1,-1,1,1,-1,-1,-1,1,-1,0.009990613907575607
-1,-1,1,1,-1,-1,1,-1,-1,-1,-1,-1,1,-1,-1,1,-1,-1,-1,1,0.009990613907575607
-1,-1,1,1,-1,-1,1,-1,-1,-1,-1,-1,1,-1,1,-1,-1,-1,-1,-1,0.009990613907575607
-1,-1,1,1,-1,-1,1,-1,-1,-1,1,-1,-1,-1,-1,-1,1,-1,1,-1,0.009990613907575607
-1,-1,1,1,-1,-1,1,-1,-1,-1,1,-1,-1,-1,1,-1,-1,1,1,-1,0.009990613907575607
-1,-1,1,1,-1,-1,1,-1,-1,-1,1,-1,-1,1,-1,-1,1,1,1,1,0.009990613907575607
-1,-1,1,1,-1,-1,1,-1,-1,-1,1,-1,-1,1,1,-1,1,1,-1,-1,0.009990613907575607
-1,-1,1,1,-1,-1,1,-1,-1,-1,1,1,-1,1,-1,1,-1,1,-1,-1,0.009990613907575607
-1,-1,1,1,-1,-1,1,-1,-1,-1,1,1,1,-1,1,-1,-1,1,-1,-1,0.009990613907575607
-1,-1,1,1,-1,-1,1,-1,-1,1,-1,-1,-1,1,-1,-1,-1,1,1,-1,0.009990613907575607
-1,-1,1,1,-1,-1,1,-1,-1,1,-1,-1,-1,1,-1,1,-1,1,1,1,0.009990613907575607
-1,-1,1,1,-1,-1,1,-1,-1,1,-1,-1,1,1,1,1,-1,-1,-1,1,0.009990613907575607
-1,-1,1,1,-1,-1,1,-1,-1,1,-1,1,-1,1,-1,-1,-1,-1,-1,1,0.009990613907575607
-1,-1,1,1,-1,-1,1,-1,-1,1,1,-1,-1,1,-1,1,1,1,-1,-1,0.009990613907575607
-1,-1,1,1,-1,-1,1,-1,-1,1,1,-1,-1,1,1,-1,-1,-1,1,1,0.009990613907575607
-1,-1,1,1,-1,-1,1,-1,-1,1,1,-1,-1,1,1,1,-1,-1,1,1,0.009990613907575607
-1,-1,1,1,-1,-1,1,-1,-1,1,1,-1,1,-1,1,-1,1,-1,-1,-1,0.009990613907575607
-1,-1,1,1,-1,-1,1,-1,-1,1,1,1,-1,1,1,-1,-1,1,-1,1,0.009990613907575607
-1,-1,1,1,-1,-1,1,-1,-1,1,1,1,1,-1,1,-1,-1,-1,1,1,0.009990613907575607
-1,-1,1,1,-1,-1,1,-1,-1,1,1,1,1,1,-1,-1,1,1,1,1,0.009990613907575607
-1,-1,1,1,-1,-1,1,-1,-1,1,1,1,1,1,1,1,-1,1,-1,1,0.009990613907575607
-1,-1,1,1,-1,-1,1,-1,1,-1,-1,-1,1,1,1,-1,-1,-1,1,1,0.009990613907575607
-1,-1,1,1,-1,-1,1,-1,1,-1,-1,1,-1,-1,-1,1,1,1,-1,1,0.009990613907575607
-1,-1,1,1,-1,-1,1,-1,1,-1,-1,1,1,-1,-1,1,1,1,-1,1,0.009990613907575607
-1,-1,1,1,-1,-1,1,-1,1,-1,-1,1,1,-1,1,1,1,1,1,1,0.009990613907575607
-1,-1,1,1,-1,-1,1,-1,1,-1,-1,1,1,1,-1,-1,-1,1,-1,-1,0.009990613907575607
-1,-1,1,1,-1,-1,1,-1,1,-1,1,-1,-1,-1,1,-1,1,1,1,-1,0.009990613907575607
-1,-1,1,1,-1,-1,1,-1,1,-1,1,1,1,-1,-1,1,-1,1,1,1,0.009990613907575607
-1,-1,1,1,-1,-1,1,-1,1,-1,1,1,1,1,1,1,-1,1,-1,1,0.009990613907575607
-1,-1,1,1,-1,-1,1,-1,1,1,-1,-1,-1,1,1,-1,1,-1,-1,-1,0.009990613907575607
-1,-1,1,1,-1,-1,1,-1,1,1,-1,-1,1,-1,-1,1,1,-1,-1,1,0.009990613907575607
-1,-1,1,1,-1,-1,1,-1,1,1,-1,-1,1,1,-1,-1,1,-1,1,1,0.009990613907575607
-1,-1,1,1,-1,-1,1,-1,1,1,-1,1,-1,1,1,1,1,1,-1,-1,0.009990613907575607
-1,-1,1,1,-1,-1,1,-1,1,1,-1,1,1,1,1,1,-1,1,-1,-1,0.009990613907575607
-1,-1,1,1,-1,-1,1,-1,1,1,1,1,-1,1,-1,1,1,1,-1,1,0.009990613907575607
-1,-1,1,1,-1,-1,1,1,-1,-1,-1,-1,-1,-1,-1,-1,-1,1,-1,1,0.009990613907575607
-1,-1,1,1,-1,-1,1,1,-1,-1,-1,-1,-1,1,-1,-1,-1,-1,-1,1,0.009990613907575607
-1,-1,1,1,-1,-1,1,1,-1,-1,-1,-1,-1,1,-1,-1,-1,-1,1,-1,0.009990613907575607
-1,-1,1,1,-1,-1,1,1,-1,-1,-1,-1,-1,1,-1,-1,1,1,-1,-1,0.009990613907575607
-1,-1,1,1,-1,-1,1,1,-1,-1,-1,-1,1,-1,1,-1,-1,-1,1,-1,0.009990613907575607
-1,-1,1,1,-1,-1,1,1,-1,-1,-1,1,-1,-1,-1,-1,1,-1,-1,-1,0.009990613907575607
-1,-1,1,1,-1,-1,1,1,-1,-1,-1,1,1,-1,1,1,1,-1,-1,1,0.009990613907575607
-1,-1,1,1,-1,-1,1,1,-1,-1,1,-1,-1,-1,1,-1,1,-1,-1,-1,0.009990613907575607
-1,-1,1,1,-1,-1,1,1,-1,-1,1,-1,-1,1,1,1,-1,-1,1,1,0.009990613907575607
-1,-1,1,1,-1,-1,1,1,-1,-1,1,1,1,1,-1,-1,-1,1,-1,1,0.009990613907575607
-1,-1,1,1,-1,-1,1,1,-1,1,-1,1,-1,-1,-1,1,-1,1,-1,1,0.009990613907575607
-1,-1,1,1,-1,-1,1,1,-1,1,-1,1,1,-1,-1,-1,-1,-1,1,-1,0.009990613907575607
-1,-1,1,1,-1,-1,1,1,-1,1,-1,1,1,1,1,-1,-1,1,-1,-1,0.009990613907575607
-1,-1,1,1,-1,-1,1,1,-1,1,1,-1,-1,-1,1,1,-1,1,-1,-1,0.009990613907575607
-1,-1,1,1,-1,-1,1,1,-1,1,1,-1,-1,1,-1,1,-1,1,1,1,0.009990613907575607
-1,-1,1,1,-1,-1,1,1,-1,1,1,-1,1,-1,1,-1,-1,1,-1,1,0.009990613907575607
-1,-1,1,1,-1,-1,1,1,-1,1,1,-1,1,1,-1,-1,-1,1,1,-1,0.009990613907575607
-1,-1,1,1,-1,-1,1,1,-1,1,1,1,-1,-1,1,-1,1,-1,1,-1,0.009990613907575607
-1,-1,1,1,-1,-1,1,1,-1,1,1,1,1,-1,-1,-1,-1,1,1,-1,0.009990613907575607
-1,-1,1,1,-1,-1,1,1,-1,1,1,1,1,1,1,-1,1,-1,1,-1,0.009990613907575607
-1,-1,1,1,-1,-1,1,1,1,-1,-1,-1,-1,1,-1,-1,-1,-1,1,1,0.009990613907575607
-1,-1,1,1,-1,-1,1,1,1,-1,-1,1,-1,-1,-1,-1,1,-1,-1,-1,0.009990613907575607
-1,-1,1,1,-1,-1,1,1,1,-1,-1,1,-1,1,-1,1,-1,1,1,-1,0.009990613907575607
-1,-1,1,1,-1,-1,1,1,1,-1,-1,1,1,-1,-1,-1,-1,-1,-1,1,0.009990613907575607
-1,-1,1,1,-1,-1,1,1,1,-1,-1,1,1,-1,-1,-1,-1,1,1,-1,0.009990613907575607
-1,-1,1,1,-1,-1,1,1,1,-1,-1,1,1,-1,-1,-1,1,-1,1,1,0.009990613907575607
-1,-1,1,1,-1,-1,1,1,1,-1,-1,1,1,-1,1,-1,1,-1,-1,1,0.009990613907575607
-1,-1,1,1,-1,-1,1,1,1,-1,-1,1,1,1,1,1,1,1,-1,-1,0.009990613907575607
-1,-1,1,1,-1,-1,1,1,1,-1,1,-1,1,-1,-1,-1,1,-1,1,-1,0.009990613907575607
-1,-1,1,1,-1,-1,1,1,1,-1,1,-1,1,-1,1,-1,-1,-1,1,-1,0.009990613907575607
-1,-1,1,1,-1,-1,1,1,1,-1,1,-1,1,-1,1,1,1,1,-1,1,0.009990613907575607
-1,-1,1,1,-1,-1,1,1,1,-1,1,1,1,-1,-1,1,1,1,1,1,0.009990613907575607
-1,-1,1,1,-1,-1,1,1,1,-1,1,1,1,1,1,-1,-1,-1,-1,-1,0.009990613907575607
-1,-1,1,1,-1,-1,1,1,1,1,-1,-1,-1,1,1,1,1,1,-1,-1,0.009990613907575607
-1,-1,1,1,-1,-1,1,1,1,1,-1,-1,1,-1,-1,1,1,-1,-1,-1,0.009990613907575607
-1,-1,1,1,-1,-1,1,1,1,1,-1,1,-1,1,-1,1,-1,-1,1,1,0.009990613907575607
-1,-1,1,1,-1,-1,1,1,1,1,-1,1,1,-1,-1,-1,-1,-1,-1,1,0.009990613907575607
-1,-1,1,1,-1,-1,1,1,1,1,-1,1,1,1,-1,1,1,-1,-1,-1,0.009990613907575607
-1,-1,1,1,-1,1,-1,-1,-1,-1,-1,1,1,-1,-1,-1,1,1,1,-1,0.009990613907575607
-1,-1,1,1,-1,1,-1,-1,-1,-1,-1,1,1,1,-1,-1,-1,1,1,-1,0.009990613907575607
-1,-1,1,1,-1,1,-1,-1,-1,-1,1,-1,-1,1,-1,1,1,-1,-1,1,0.009990613907575607
-1,-1,1,1,-1,1,-1,-1,-1,-1,1,-1,1,-1,1,-1,-1,-1,-1,-1,0.009990613907575607
-1,-1,1,1,-1,1,-1,-1,-1,-1,1,-1,1,-1,1,-1,1,1,-1,-1,0.009990613907575607
-1,-1,1,1,-1,1,-1,-1,-1,-1,1,-1,1,1,1,-1,1,-1,-1,-1,0.009990613907575607
-1,-1,1,1,-1,1,-1,-1,-1,-1,1,1,-1,1,-1,1,-1,-1,-1,-1,0.009990613907575607
-1,-1,1,1,-1,1,-1,-1,-1,-1,1,1,1,1,-1,1,-1,-1,1,1,0.009990613907575607
-1,-1,1,1,-1,1,-1,-1,-1,1,-1,-1,1,1,-1,1,1,-1,-1,-1,0.009990613907575607
-1,-1,1,1,-1,1,-1,-1,-1,1,-1,1,-1,-1,-1,-1,1,-1,1,1,0.009990613907575607
-1,-1,1,1,-1,1,-1,-1,-1,1,-1,1,-1,-1,1,-1,-1,-1,-1,-1,0.009990613907575607
-1,-1,1,1,-1,1,-1,-1,-1,1,-1,1,1,1,1,-1,-1,-1,-1,1,0.009990613907575607
-1,-1,1,1,-1,1,-1,-1,-1,1,-1,1,1,1,1,-1,1,-1,-1,1,0.009990613907575607
-1,-1,1,1,-1,1,-1,-1,-1,1,1,-1,1,-1,-1,1,-1,1,1,-1,0.009990613907575607
-1,-1,1,1,-1,1,-1,-1,-1,1,1,-1,1,-1,1,1,-1,1,-1,1,0.009990613907575607
-1,-1,1,1,-1,1,-1,-1,-1,1,1,-1,1,1,1,-1,-1,-1,1,1,0.009990613907575607
-1,-1,1,1,-1,1,-1,-1,-1,1,1,1,1,-1,-1,-1,-1,1,1,1,0.009990613907575607
-1,-1,1,1,-1,1,-1,-1,-1,1,1,1,1,1,1,-1,1,-1,-1,1,0.009990613907575607
-1,-1,1,1,-1,1,-1,-1,1,-1,-1,1,-1,-1,1,1,1,1,1,-1,0.009990613907575607
-1,-1,1,1,-1,1,-1,-1,1,-1,-1,1,1,1,1,1,1,1,-1,-1,0.009990613907575607
-1,-1,1,1,-1,1,-1,-1,1,-1,1,-1,-1,-1,1,-1,1,1,-1,1,0.009990613907575607
-1,-1,1,1,-1,1,-1,-1,1,-1,1,-1,-1,1,-1,1,1,-1,-1,1,0.009990613907575607
-1,-1,1,1,-1,1,-1,-1,1,-1,1,-1,1,1,1,1,1,-1,-1,1,0.009990613907575607
-1,-1,1,1,-1,1,-1,-1,1,-1,1,-1,1,1,1,1,1,-1,1,1,0.009990613907575607
-1,-1,1,1,-1,1,-1,-1,1,-1,1,1,-1,-1,-1,1,1,1,-1,1,0.009990613907575607
-1,-1,1,1,-1,1,-1,-1,1,-1,1,1,-1,-1,1,-1,1,-1,1,-1,0.009990613907575607
-1,-1,1,1,-1,1,-1,-1,1,-1,1,1,1,-1,-1,1,-1,-1,-1,-1,0.009990613907575607
-1,-1,1,1,-1,1,-1,-1,1,-1,1,1,1,-1,-1,1,-1,1,-1,1,0.009990613907575607
-1,-1,1,1,-1,1,-1,-1,1,1,-1,-1,1,-1,1,-1,1,1,1,-1,0.009990613907575607
-1,-1,1,1,-1,1,-1,-1,1,1,-1,1,-1,-1,-1,-1,-1,-1,1,1,0.009990613907575607
-1,-1,1,1,-1,1,-1,-1,1,1,-1,1,-1,1,-1,-1,1,-1,-1,1,0.009990613907575607
-1,-1,1,1,-1,1,-1,-1,1,1,-1,1,-1,1,-1,-1,1,1,1,-1,0.009990613907575607
-1,-1,1,1,-1,1,-1,-1,1,1,-1,1,-1,1,-1,1,-1,-1,1,1,0.009990613907575607
-1,-1,1,1,-1,1,-1,-1,1,1,-1,1,1,-1,-1,1,-1,1,1,-1,0.009990613907575607
-1,-1,1,1,-1,1,-1,-1,1,1,-1,1,1,-1,1,1,1,-1,-1,1,0.009990613907575607
-1,-1,1,1,-1,1,-1,-1,1,1,1,-1,-1,-1,-1,-1,1,-1,1,-1,0.009990613907575607
-1,-1,1,1,-1,1,-1,-1,1,1,1,-1,-1,-1,-1,-1,1,-1,1,1,0.009990613907575607
-1,-1,1,1,-1,1,-1,-1,1,1,1,-1,-1,-1,-1,1,-1,-1,1,1,0.009990613907575607
-1,-1,1,1,-1,1,-1,-1,1,1,1,-1,-1,-1,1,-1,-1,1,-1,-1,0.009990613907575607
-1,-1,1,1,-1,1,-1,-1,1,1,1,-1,-1,1,-1,-1,1,1,-1,1,0.009990613907575607
-1,-1,1,1,-1,1,-1,-1,1,1,1,-1,-1,1,1,1,-1,1,1,1,0.009990613907575607
-1,-1,1,1,-1,1,-1,-1,1,1,1,-1,1,1,-1,-1,-1,1,1,1,0.009990613907575607
-1,-1,1,1,-1,1,-1,-1,1,1,1,-1,1,1,-1,1,-1,1,1,-1,0.009990613907575607
-1,-1,1,1,-1,1,-1,-1,1,1,1,-1,1,1,1,-1,-1,-1,1,1,0.009990613907575607
-1,-1,1,1,-1,1,-1,-1,1,1,1,1,-1,-1,1,1,1,-1,1,1,0.009990613907575607
-1,-1,1,1,-1,1,-1,-1,1,1,1,1,-1,1,-1,1,1,1,-1,1,0.009990613907575607
-1,-1,1,1,-1,1,-1,-1,1,1,1,1,-1,1,1,1,1,-1,-1,-1,0.009990613907575607
-1,-1,1,1,-1,1,-1,-1,1,1,1,1,1,1,-1,-1,-1,1,1,-1,0.009990613907575607
-1,-1,1,1,-1,1,-1,-1,1,1,1,1,1,1,1,1,-1,-1,-1,-1,0.009990613907575607
-1,-1,1,1,-1,1,-1,1,-1,-1,-1,1,-1,1,-1,1,-1,1,-1,1,0.009990613907575607
-1,-1,1,1,-1,1,-1,1,-1,-1,-1,1,1,-1,-1,1,-1,1,-1,-1,0.009990613907575607
-1,-1,1,1,-1,1,-1,1,-1,-1,1,-1,1,-1,-1,-1,1,-1,1,-1,0.009990613907575607
-1,-1,1,1,-1,1,-1,1,-1,-1,1,-1,1,-1,1,1,-1,-1,1,-1,0.009990613907575607
-1,-1,1,1,-1,1,-1,1,-1,-1,1,1,-1,1,-1,1,1,1,1,1,0.009990613907575607
-1,-1,1,1,-1,1,-1,1,-1,1,-1,-1,-1,-1,1,1,1,1,-1,-1,0.009990613907575607
-1,-1,1,1,-1,1,-1,1,-1,1,-1,1,-1,-1,-1,1,-1,1,1,-1,0.009990613907575607
-1,-1,1,1,-1,1,-1,1,-1,1,-1,1,-1,-1,1,-1,-1,1,-1,1,0.009990613907575607
-1,-1,1,1,-1,1,-1,1,-1,1,-1,1,1,-1,1,1,1,1,1,-1,0.009990613907575607
-1,-1,1,1,-1,1,-1,1,1,-1,-1,-1,-1,-1,1,-1,1,1,1,1,0.009990613907575607
-1,-1,1,1,-1,1,-1,1,1,-1,-1,-1,-1,-1,1,1,-1,-1,1,1,0.009990613907575607
-1,-1,1,1,-1,1,-1,1,1,-1,-1,-1,1,1,-1,1,1,1,1,1,0.009990613907575607
-1,-1,1,1,-1,1,-1,1,1,-1,-1,1,-1,-1,1,1,-1,-1,-1,-1,0.009990613907575607
-1,-1,1,1,-1,1,-1,1,1,-1,-1,1,-1,1,-1,-1,1,-1,1,-1,0.009990613907575607
-1,-1,1,1,-1,1,-1,1,1,-1,-1,1,-1,1,1,1,1,1,-1,-1,0.009990613907575607
-1,-1,1,1,-1,1,-1,1,1,-1,-1,1,1,-1,-1,-1,1,-1,1,-1,0.009990613907575607
-1,-1,1,1,-1,1,-1,1,1,-1,1,-1,1,1,1,1,-1,-1,1,-1,0.009990613907575607
-1,-1,1,1,-1,1,-1,1,1,-1,1,1,-1,1,1,-1,1,-1,1,1,0.009990613907575607
-1,-1,1,1,-1,1,-1,1,1,-1,1,1,1,-1,1,-1,-1,1,1,1,0.009990613907575607
-1,-1,1,1,-1,1,-1,1,1,-1,1,1,1,-1,1,-1,1,1,1,-1,0.009990613907575607
-1,-1,1,1,-1,1,-1,1,1,1,-1,-1,1,-1,-1,-1,-1,-1,-1,1,0.009990613907575607
-1,-1,1,1,-1,1,-1,1,1,1,1,1,-1,-1,1,1,1,1,-1,1,0.009990613907575607
-1,-1,1,1,-1,1,-1,1,1,1,1,1,-1,1,-1,1,1,-1,-1,-1,0.009990613907575607
-1,-1,1,1,-1,1,-1,1,1,1,1,1,1,-1,-1,-1,-1,-1,-1,-1,0.009990613907575607
-1,-1,1,1,-1,1,-1,1,1,1,1,1,1,-1,-1,-1,-1,1,1,1,0.009990613907575607
-1,-1,1,1,-1,1,-1,1,1,1,1,1,1,-1,1,1,1,1,-1,1,0.009990613907575607
-1,-1,1,1,-1,1,-1,1,1,1,1,1,1,1,-1,1,-1,-1,1,1,0.009990613907575607
-1,-1,1,1,-1,1,-1,1,1,1,1,1,1,1,1,-1,-1,1,1,1,0.009990613907575607
-1,-1,1,1,-1,1,1,-1,-1,-1,-1,-1,-1,1,-1,1,-1,1,-1,1,0.009990613907575607
-1,-1,1,1,-1,1,1,-1,-1,-1,-1,-1,1,-1,-1,-1,-1,-1,1,1,0.009990613907575607
-1,-1,1,1,-1,1,1,-1,-1,-1,-1,-1,1,1,1,1,1,-1,1,1,0.009990613907575607
-1,-1,1,1,-1,1,1,-1,-1,-1,-1,1,-1,-1,1,1,-1,-1,-1,-1,0.009990613907575607
-1,-1,1,1,-1,1,1,-1,-1,-1,-1,1,1,-1,1,-1,-1,-1,-1,1,0.009990613907575607
-1,-1,1,1,-1,1,1,-1,-1,-1,-1,1,1,-1,1,-1,1,-1,1,-1,0.009990613907575607
-1,-1,1,1,-1,1,1,-1,-1,-1,-1,1,1,1,1,-1,-1,1,1,1,0.009990613907575607
-1,-1,1,1,-1,1,1,-1,-1,-1,1,-1,-1,-1,-1,1,1,-1,1,1,0.009990613907575607
-1,-1,1,1,-1,1,1,-1,-1,-1,1,-1,-1,1,1,-1,1,-1,1,-1,0.009990613907575607
-1,-1,1,1,-1,1,1,-1,-1,-1,1,-1,1,1,1,1,1,1,1,1,0.009990613907575607
-1,-1,1,1,-1,1,1,-1,-1,-1,1,1,-1,1,-1,-1,1,1,-1,1,0.009990613907575607
-1,-1,1,1,-1,1,1,-1,-1,1,-1,-1,1,1,1,-1,-1,1,-1,-1,0.009990613907575607
-1,-1,1,1,-1,1,1,-1,-1,1,-1,1,-1,-1,1,-1,-1,-1,1,1,0.009990613907575607
-1,-1,1,1,-1,1,1,-1,-1,1,-1,1,-1,1,-1,1,-1,1,1,-1,0.009990613907575607
-1,-1,1,1,-1,1,1,-1,-1,1,-1,1,1,-1,-1,-1,1,1,-1,1,0.009990613907575607
-1,-1,1,1,-1,1,1,-1,-1,1,1,-1,-1,-1,-1,1,-1,1,-1,1,0.009990613907575607
-1,-1,1,1,-1,1,1,-1,-1,1,1,-1,1,1,1,1,1,1,1,1,0.009990613907575607
-1,-1,1,1,-1,1,1,-1,1,-1,-1,-1,-1,-1,-1,-1,1,1,1,1,0.009990613907575607
-1,-1,1,1,-1,1,1,-1,1,-1,-1,-1,-1,1,-1,1,-1,1,-1,1,0.009990613907575607
-1,-1,1,1,-1,1,1,-1,1,-1,-1,-1,-1,1,1,-1,1,1,1,-1,0.009990613907575607
-1,-1,1,1,-1,1,1,-1,1,-1,-1,-1,1,-1,-1,-1,1,-1,1,-1,0.009990613907575607
-1,-1,1,1,-1,1,1,-1,1,-1,-1,1,-1,-1,-1,-1,-1,-1,1,-1,0.009990613907575607
-1,-1,1,1,-1,1,1,-1,1,-1,-1,1,-1,-1,-1,1,-1,-1,1,1,0.009990613907575607
-1,-1,1,1,-1,1,1,-1,1,-1,-1,1,-1,1,1,1,1,-1,1,-1,0.009990613907575607
-1,-1,1,1,-1,1,1,-1,1,-1,-1,1,1,1,-1,1,1,1,-1,-1,0.009990613907575607
-1,-1,1,1,-1,1,1,-1,1,-1,1,1,-1,-1,-1,-1,1,1,1,-1,0.009990613907575607
-1,-1,1,1,-1,1,1,-1,1,-1,1,1,1,-1,-1,-1,-1,-1,1,-1,0.009990613907575607
-1,-1,1,1,-1,1,1,-1,1,-1,1,1,1,1,1,-1,-1,-1,1,1,0.009990613907575607
-1,-1,1,1,-1,1,1,-1,1,1,-1,-1,-1,-1,1,1,1,-1,1,-1,0.009990613907575607
-1,-1,1,1,-1,1,1,-1,1,1,-1,-1,1,1,-1,-1,1,-1,-1,-1,0.009990613907575607
-1,-1,1,1,-1,1,1,-1,1,1,-1,-1,1,1,1,-1,-1,1,1,-1,0.009990613907575607
-1,-1,1,1,-1,1,1,-1,1,1,-1,1,-1,-1,1,-1,-1,-1,1,1,0.009990613907575607
-1,-1,1,1,-1,1,1,-1,1,1,-1,1,-1,1,1,1,1,1,-1,-1,0.009990613907575607
-1,-1,1,1,-1,1,1,-1,1,1,1,-1,-1,-1,1,1,-1,1,-1,-1,0.009990613907575607
-1,-1,1,1,-1,1,1,-1,1,1,1,1,-1,-1,-1,1,-1,1,1,-1,0.009990613907575607
-1,-1,1,1,-1,1,1,-1,1,1,1,1,-1,-1,1,1,-1,-1,-1,1,0.009990613907575607
-1,-1,1,1,-1,1,1,-1,1,1,1,1,1,-1,1,-1,-1,-1,1,1,0.009990613907575607
-1,-1,1,1,-1,1,1,1,-1,-1,-1,-1,1,1,1,-1,1,1,-1,-1,0.009990613907575607
-1,-1,1,1,-1,1,1,1,-1,-1,-1,-1,1,1,1,1,1,-1,-1,-1,0.009990613907575607
-1,-1,1,1,-1,1,1,1,-1,-1,-1,1,-1,-1,1,-1,1,1,1,1,0.009990613907575607
-1,-1,1,1,-1,1,1,1,-1,-1,-1,1,-1,1,1,-1,1,-1,-1,-1,0.009990613907575607
-1,-1,1,1,-1,1,1,1,-1,-1,-1,1,1,-1,1,-1,-1,-1,-1,1,0.009990613907575607
-1,-1,1,1,-1,1,1,1,-1,-1,1,-1,1,-1,-1,-1,1,1,1,-1,0.009990613907575607
-1,-1,1,1,-1,1,1,1,-1,-1,1,1,-1,-1,-1,1,-1,1,-1,1,0.009990613907575607
-1,-1,1,1,-1,1,1,1,-1,-1,1,1,-1,-1,1,1,-1,1,-1,1,0.009990613907575607
-1,-1,1,1,-1,1,1,1,-1,-1,1,1,-1,1,1,-1,-1,-1,1,-1,0.009990613907575607
-1,-1,1,1,-1,1,1,1,-1,-1,1,1,1,1,1,-1,1,1,1,-1,0.009990613907575607
-1,-1,1,1,-1,1,1,1,-1,1,-1,-1,1,-1,1,-1,1,-1,1,-1,0.009990613907575607
-1,-1,1,1,-1,1,1,1,-1,1,-1,1,-1,-1,1,1,1,-1,1,-1,0.009990613907575607
-1,-1,1,1,-1,1,1,1,-1,1,-1,1,-1,-1,1,1,1,1,-1,-1,0.009990613907575607
-1,-1,1,1,-1,1,1,1,-1,1,-1,1,1,-1,-1,1,1,1,1,1,0.009990613907575607
-1,-1,1,1,-1,1,1,1,-1,1,1,-1,-1,-1,-1,-1,1,1,1,-1,0.009990613907575607
-1,-1,1,1,-1,1,1,1,1,-1,-1,-1,1,-1,-1,-1,-1,-1,-1,-1,0.009990613907575607
-1,-1,1,1,-1,1,1,1,1,-1,-1,1,-1,-1,1,1,1,-1,-1,1,0.009990613907575607
-1,-1,1,1,-1,1,1,1,1,-1,-1,1,-1,1,1,-1,1,-1,1,1,0.009990613907575607
-1,-1,1,1,-1,1,1,1,1,-1,-1,1,-1,1,1,-1,1,1,1,1,0.009990613907575607
-1,-1,1,1,-1,1,1,1,1,-1,-1,1,-1,1,1,1,1,-1,-1,-1,0.009990613907575607
-1,-1,1,1,-1,1,1,1,1,-1,1,-1,-1,-1,-1,-1,-1,1,1,-1,0.009990613907575607
-1,-1,1,1,-1,1,1,1,1,-1,1,-1,-1,1,1,-1,-1,-1,1,1,0.009990613907575607
-1,-1,1,1,-1,1,1,1,1,-1,1,1,-1,-1,-1,-1,-1,-1,1,1,0.009990613907575607
-1,-1,1,1,-1,1,1,1,1,-1,1,1,-1,-1,1,-1,1,1,1,-1,0.009990613907575607
-1,-1,1,1,-1,1,1,1,1,-1,1,1,-1,1,-1,-1,-1,1,1,-1,0.009990613907575607
-1,-1,1,1,-1,1,1,1,1,-1,1,1,-1,1,1,-1,-1,-1,1,-1,0.009990613907575607
-1,-1,1,1,-1,1,1,1,1,-1,1,1,1,-1,-1,-1,1,-1,-1,1,0.009990613907575607
-1,-1,1,1,-1,1,1,1,1,-1,1,1,1,-1,-1,1,1,-1,-1,-1,0.009990613907575607
-1,-1,1,1,-1,1,1,1,1,1,-1,-1,-1,-1,-1,1,1,1,-1,1,0.009990613907575607
-1,-1,1,1,-1,1,1,1,1,1,-1,-1,1,-1,1,1,1,1,-1,-1,0.009990613907575607
-1,-1,1,1,-1,1,1,1,1,1,-1,-1,1,1,-1,1,1,1,1,1,0.009990613907575607
-1,-1,1,1,-1,1,1,1,1,1,-1,1,-1,-1,1,1,1,1,1,1,0.009990613907575607
-1,-1,1,1,-1,1,1,1,1,1,-1,1,1,-1,-1,-1,-1,1,1,1,0.009990613907575607
-1,-1,1,1,-1,1,1,1,1,1,1,-1,-1,-1,-1,-1,1,1,-1,1,0.009990613907575607
-1,-1,1,1,-1,1,1,1,1,1,1,-1,-1,-1,-1,1,-1,-1,1,-1,0.009990613907575607
-1,-1,1,1,-1,1,1,1,1,1,1,-1,-1,-1,1,1,1,-1,-1,1,0.009990613907575607
-1,-1,1,1,-1,1,1,1,1,1,1,1,-1,-1,1,-1,-1,1,1,1,0.009990613907575607
-1,-1,1,1,-1,1,1,1,1,1,1,1,-1,1,-1,1,-1,-1,1,-1,0.009990613907575607
-1,-1,1,1,-1,1,1,1,1,1,1,1,-1,1,-1,1,-1,1,-1,-1,0.009990613907575607
-1,-1,1,1,1,-1,-1,-1,-1,-1,-1,-1,-1,-1,-1,1,1,-1,1,-1,0.009990613907575607
-1,-1,1,1,1,-1,-1,-1,-1,-1,-1,-1,-1,1,-1,-1,-1,1,-1,1,0.009990613907575607
-1,-1,1,1,1,-1,-1,-1,-1,-1,-1,-1,-1,1,1,1,-1,-1,1,-1,0.009990613907575607
-1,-1,1,1,1,-1,-1,-1,-1,-1,-1,-1,1,-1,-1,-1,1,1,-1,1,0.009990613907575607
-1,-1,1,1,1,-1,-1,-1,-1,-1,-1,-1,1,-1,-1,1,-1,-1,-1,1,0.009990613907575607
-1,-1,1,1,1,-1,-1,-1,-1,-1,-1,-1,1,1,-1,1,1,-1,1,1,0.009990613907575607
-1,-1,1,1,1,-1,-1,-1,-1,-1,-1,-1,1,1,-1,1,1,1,-1,-1,0.009990613907575607
-1,-1,1,1,1,-1,-1,-1,-1,-1,-1,-1,1,1,-1,1,1,1,1,1,0.009990613907575607
-1,-1,1,1,1,-1,-1,-1,-1,-1,-1,1,-1,1,1,-1,1,-1,1,1,0.009990613907575607
-1,-1,1,1,1,-1,-1,-1,-1,-1,1,-1,1,-1,-1,1,1,1,1,-1,0.009990613907575607
-1,-1,1,1,1,-1,-1,-1,-1,-1,1,1,-1,-1,-1,-1,-1,-1,1,-1,0.009990613907575607
-1,-1,1,1,1,-1,-1,-1,-1,-1,1,1,-1,-1,1,-1,1,-1,-1,1,0.009990613907575607
-1,-1,1,1,1,-1,-1,-1,-1,-1,1,1,-1,1,-1,-1,1,1,1,-1,0.009990613907575607
-1,-1,1,1,1,-1,-1,-1,-1,-1,1,1,1,-1,-1,1,-1,1,-1,1,0.009990613907575607
-1,-1,1,1,1,-1,-1,-1,-1,1,-1,-1,-1,1,1,1,1,-1,1,-1,0.009990613907575607
-1,-1,1,1,1,-1,-1,-1,-1,1,-1,-1,1,-1,1,1,1,-1,1,-1,0.009990613907575607
-1,-1,1,1,1,-1,-1,-1,-1,1,-1,-1,1,1,1,1,1,1,1,-1,0.009990613907575607
-1,-1,1,1,1,-1,-1,-1,-1,1,-1,1,-1,-1,1,1,1,-1,1,-1,0.009990613907575607
-1,-1,1,1,1,-1,-1,-1,-1,1,-1,1,-1,1,-1,-1,1,-1,1,-1,0.009990613907575607
-1,-1,1,1,1,-1,-1,-1,-1,1,1,-1,1,1,-1,-1,-1,1,-1,-1,0.009990613907575607
-1,-1,1,1,1,-1,-1,-1,-1,1,1,1,1,-1,1,-1,1,1,1,1,0.009990613907575607
-1,-1,1,1,1,-1,-1,-1,-1,1,1,1,1,1,-1,1,1,-1,1,-1,0.009990613907575607
-1,-1,1,1,1,-1,-1,-1,1,-1,-1,-1,-1,1,-1,-1,1,1,-1,-1,0.009990613907575607
-1,-1,1,1,1,-1,-1,-1,1,-1,-1,-1,-1,1,1,1,-1,1,-1,1,0.009990613907575607
-1,-1,1,1,1,-1,-1,-1,1,-1,-1,-1,1,-1,1,1,-1,1,1,-1,0.009990613907575607
-1,-1,1,1,1,-1,-1,-1,1,-1,-1,1,-1,-1,-1,-1,-1,-1,-1,-1,0.009990613907575607
-1,-1,1,1,1,-1,-1,-1,1,-1,-1,1,1,-1,1,-1,-1,-1,1,1,0.009990613907575607
-1,-1,1,1,1,-1,-1,-1,1,-1,-1,1,1,1,-1,1,1,-1,-1,1,0.009990613907575607
-1,-1,1,1,1,-1,-1,-1,1,-1,1,1,-1,-1,-1,1,1,-1,-1,-1,0.009990613907575607
-1,-1,1,1,1,-1,-1,-1,1,-1,1,1,1,-1,-1,-1,-1,-1,-1,1,0.009990613907575607
-1,-1,1,1,1,-1,-1,-1,1,1,-1,-1,-1,1,-1,-1,1,1,1,-1,0.009990613907575607
-1,-1,1,1,1,-1,-1,-1,1,1,-1,-1,-1,1,-1,1,1,-1,1,-1,0.009990613907575607
-1,-1,1,1,1,-1,-1,-1,1,1,-1,1,1,1,-1,-1,-1,1,1,1,0.009990613907575607
-1,-1,1,1,1,-1,-1,-1,1,1,1,1,1,1,-1,1,-1,-1,1,-1,0.009990613907575607
-1,-1,1,1,1,-1,-1,1,-1,-1,-1,-1,1,1,-1,1,-1,-1,1,1,0.009990613907575607
-1,-1,1,1,1,-1,-1,1,-1,-1,-1,-1,1,1,-1,1,1,-1,1,1,0.009990613907575607
-1,-1,1,1,1,-1,-1,1,-1,-1,-1,1,-1,1,-1,1,1,-1,-1,-1,0.009990613907575607
-1,-1,1,1,1,-1,-1,1,-1,-1,-1,1,1,-1,-1,1,-1,-1,1,1,0.009990613907575607
-1,-1,1,1,1,-1,-1,1,-1,-1,1,-1,-1,-1,-1,-1,1,1,-1,1,0.009990613907575607
-1,-1,1,1,1,-1,-1,1,-1,-1,1,1,1,-1,1,-1,1,1,1,-1,0.009990613907575607
-1,-1,1,1,1,-1,-1,1,-1,-1,1,1,1,1,1,-1,-1,-1,-1,-1,0.009990613907575607
-1,-1,1,1,1,-1,-1,1,-1,1,-1,-1,-1,-1,1,1,1,-1,-1,-1,0.009990613907575607
-1,-1,1,1,1,-1,-1,1,-1,1,-1,-1,1,1,-1,-1,-1,-1,-1,-1,0.009990613907575607
-1,-1,1,1,1,-1,-1,1,-1,1,-1,-1,1,1,1,-1,-1,1,1,1,0.009990613907575607
-1,-1,1,1,1,-1,-1,1,-1,1,-1,1,-1,1,1,1,1,-1,-1,1,0.009990613907575607
-1,-1,1,1,1,-1,-1,1,-1,1,-1,1,1,-1,-1,-1,1,1,-1,-1,0.009990613907575607
-1,-1,1,1,1,-1,-1,1,-1,1,-1,1,1,1,-1,-1,-1,1,1,-1,0.009990613907575607
-1,-1,1,1,1,-1,-1,1,-1,1,-1,1,1,1,-1,-1,1,-1,-1,-1,0.009990613907575607
-1,-1,1,1,1,-1,-1,1,-1,1,1,-1,-1,1,1,1,1,1,1,1,0.009990613907575607
-1,-1,1,1,1,-1,-1,1,-1,1,1,1,-1,-1,1,1,1,1,-1,-1,0.009990613907575607
-1,-1,1,1,1,-1,-1,1,-1,1,1,1,-1,1,1,-1,-1,-1,-1,1,0.009990613907575607
-1,-1,1,1,1,-1,-1,1,1,-1,-1,-1,1,1,-1,-1,1,1,1,-1,0.009990613907575607
-1,-1,1,1,1,-1,-1,1,1,-1,-1,1,-1,1,1,1,-1,-1,-1,1,0.009990613907575607
-1,-1,1,1,1,-1,-1,1,1,-1,-1,1,1,-1,-1,-1,1,-1,-1,1,0.009990613907575607
-1,-1,1,1,1,-1,-1,1,1,-1,-1,1,1,-1,-1,1,-1,1,-1,1,0.009990613907575607
-1,-1,1,1,1,-1,-1,1,1,-1,-1,1,1,-1,1,-1,1,1,1,-1,0.009990613907575607
-1,-1,1,1,1,-1,-1,1,1,-1,1,-1,-1,-1,-1,1,1,1,-1,-1,0.009990613907575607
-1,-1,1,1,1,-1,-1,1,1,-1,1,-1,-1,-1,1,-1,1,-1,-1,-1,0.009990613907575607
-1,-1,1,1,1,-1,-1,1,1,-1,1,-1,1,1,-1,1,-1,1,-1,-1,0.009990613907575607
-1,-1,1,1,1,-1,-1,1,1,-1,1,1,-1,-1,-1,1,-1,1,1,-1,0.009990613907575607
-1,-1,1,1,1,-1,-1,1,1,-1,1,1,-1,1,-1,1,1,1,-1,1,0.009990613907575607
-1,-1,1,1,1,-1,-1,1,1,-1,1,1,1,-1,-1,1,-1,1,-1,1,0.009990613907575607
-1,-1,1,1,1,-1,-1,1,1,-1,1,1,1,-1,-1,1,1,-1,-1,1,0.009990613907575607
-1,-1,1,1,1,-1,-1,1,1,-1,1,1,1,-1,1,1,1,-1,-1,1,0.009990613907575607
-1,-1,1,1,1,-1,-1,1,1,-1,1,1,1,1,1,-1,1,1,1,1,0.009990613907575607
-1,-1,1,1,1,-1,-1,1,1,1,-1,-1,-1,1,1,-1,1,-1,-1,1,0.009990613907575607
-1,-1,1,1,1,-1,-1,1,1,1,1,-1,-1,1,1,1,1,-1,1,-1,0.009990613907575607
-1,-1,1,1,1,-1,-1,1,1,1,1,-1,1,1,-1,-1,1,-1,-1,1,0.009990613907575607
-1,-1,1,1,1,-1,-1,1,1,1,1,-1,1,1,-1,1,-1,1,1,1,0.009990613907575607
-1,-1,1,1,1,-1,-1,1,1,1,1,1,-1,1,-1,1,1,-1,1,-1,0.009990613907575607
-1,-1,1,1,1,-1,1,-1,-1,-1,-1,-1,-1,-1,-1,-1,1,-1,1,-1,0.009990613907575607
-1,-1,1,1,1,-1,1,-1,-1,-1,-1,-1,1,-1,-1,-1,-1,-1,-1,1,0.009990613907575607
-1,-1,1,1,1,-1,1,-1,-1,-1,-1,-1,1,1,1,1,1,-1,-1,-1,0.009990613907575607
-1,-1,1,1,1,-1,1,-1,-1,-1,-1,1,-1,-1,-1,-1,-1,1,1,1,0.009990613907575607
-1,-1,1,1,1,-1,1,-1,-1,-1,-1,1,-1,-1,1,-1,1,1,-1,1,0.009990613907575607
-1,-1,1,1,1,-1,1,-1,-1,-1,-1,1,1,1,1,1,-1,-1,1,1,0.009990613907575607
-1,-1,1,1,1,-1,1,-1,-1,-1,1,-1,1,1,1,1,-1,1,1,-1,0.009990613907575607
-1,-1,1,1,1,-1,1,-1,-1,-1,1,-1,1,1,1,1,1,-1,-1,-1,0.009990613907575607
-1,-1,1,1,1,-1,1,-1,-1,-1,1,1,-1,1,1,-1,1,1,-1,1,0.009990613907575607
-1,-1,1,1,1,-1,1,-1,-1,-1,1,1,1,-1,1,-1,-1,1,1,-1,0.009990613907575607
-1,-1,1,1,1,-1,1,-1,-1,-1,1,1,1,1,-1,1,1,-1,-1,1,0.009990613907575607
-1,-1,1,1,1,-1,1,-1,-1,1,-1,-1,1,1,-1,-1,1,-1,-1,-1,0.009990613907575607
-1,-1,1,1,1,-1,1,-1,-1,1,-1,-1,1,1,-1,-1,1,1,1,-1,0.009990613907575607
-1,-1,1,1,1,-1,1,-1,-1,1,-1,1,-1,1,-1,1,-1,1,-1,1,0.009990613907575607
-1,-1,1,1,1,-1,1,-1,-1,1,-1,1,1,1,1,1,-1,-1,1,-1,0.009990613907575607
-1,-1,1,1,1,-1,1,-1,-1,1,-1,1,1,1,1,1,-1,1,-1,-1,0.009990613907575607
-1,-1,1,1,1,-1,1,-1,-1,1,1,-1,-1,-1,1,-1,-1,1,1,1,0.009990613907575607
-1,-1,1,1,1,-1,1,-1,-1,1,1,-1,-1,1,1,1,-1,1,1,1,0.009990613907575607
-1,-1,1,1,1,-1,1,-1,-1,1,1,-1,1,-1,1,1,-1,1,-1,1,0.009990613907575607
-1,-1,1,1,1,-1,1,-1,-1,1,1,-1,1,1,-1,1,-1,-1,1,-1,0.009990613907575607
-1,-1,1,1,1,-1,1,-1,-1,1,1,1,-1,-1,1,1,1,1,1,1,0.009990613907575607
-1,-1,1,1,1,-1,1,-1,-1,1,1,1,1,-1,-1,-1,-1,-1,1,1,0.009990613907575607
-1,-1,1,1,1,-1,1,-1,-1,1,1,1,1,-1,-1,1,-1,1,-1,1,0.009990613907575607
-1,-1,1,1,1,-1,1,-1,-1,1,1,1,1,-1,1,1,-1,-1,-1,-1,0.009990613907575607
-1,-1,1,1,1,-1,1,-1,-1,1,1,1,1,-1,1,1,-1,1,-1,1,0.009990613907575607
-1,-1,1,1,1,-1,1,-1,1,-1,-1,-1,-1,-1,-1,-1,1,-1,1,-1,0.009990613907575607
-1,-1,1,1,1,-1,1,-1,1,-1,-1,-1,-1,1,-1,-1,-1,-1,-1,1,0.009990613907575607
-1,-1,1,1,1,-1,1,-1,1,-1,-1,-1,1,-1,-1,-1,-1,-1,-1,1,0.009990613907575607
-1,-1,1,1,1,-1,1,-1,1,-1,-1,-1,1,1,-1,1,1,-1,-1,-1,0.009990613907575607
-1,-1,1,1,1,-1,1,-1,1,-1,-1,-1,1,1,1,1,1,1,1,-1,0.009990613907575607
-1,-1,1,1,1,-1,1,-1,1,-1,-1,1,-1,-1,-1,-1,1,-1,-1,1,0.009990613907575607
-1,-1,1,1,1,-1,1,-1,1,-1,-1,1,-1,1,-1,-1,1,-1,1,-1,0.009990613907575607
-1,-1,1,1,1,-1,1,-1,1,-1,-1,1,-1,1,-1,1,-1,1,-1,1,0.009990613907575607
-1,-1,1,1,1,-1,1,-1,1,-1,-1,1,1,1,-1,1,-1,1,1,1,0.009990613907575607
-1,-1,1,1,1,-1,1,-1,1,-1,-1,1,1,1,1,1,1,-1,1,-1,0.009990613907575607
-1,-1,1,1,1,-1,1,-1,1,-1,1,-1,-1,1,1,1,-1,-1,-1,1,0.009990613907575607
-1,-1,1,1,1,-1,1,-1,1,-1,1,-1,1,1,1,1,-1,1,-1,-1,0.009990613907575607
-1,-1,1,1,1,-1,1,-1,1,-1,1,-1,1,1,1,1,1,1,1,1,0.009990613907575607
-1,-1,1,1,1,-1,1,-1,1,-1,1,1,-1,-1,1,1,-1,1,1,-1,0.009990613907575607
-1,-1,1,1,1,-1,1,-1,1,-1,1,1,-1,1,1,1,-1,-1,1,-1,0.009990613907575607
-1,-1,1,1,1,-1,1,-1,1,1,-1,-1,-1,-1,1,-1,1,1,-1,-1,0.009990613907575607
-1,-1,1,1,1,-1,1,-1,1,1,-1,-1,-1,1,1,1,-1,1,-1,1,0.009990613907575607
-1,-1,1,1,1,-1,1,-1,1,1,-1,-1,1,-1,-1,-1,1,-1,-1,-1,0.009990613907575607
-1,-1,1,1,1,-1,1,-1,1,1,-1,-1,1,-1,1,-1,1,-1,1,-1,0.009990613907575607
-1,-1,1,1,1,-1,1,-1,1,1,-1,-1,1,-1,1,1,-1,-1,-1,-1,0.009990613907575607
-1,-1,1,1,1,-1,1,-1,1,1,-1,-1,1,-1,1,1,-1,-1,1,1,0.009990613907575607
-1,-1,1,1,1,-1,1,-1,1,1,-1,1,-1,1,1,-1,-1,1,1,1,0.009990613907575607
-1,-1,1,1,1,-1,1,-1,1,1,-1,1,1,-1,-1,1,-1,-1,-1,-1,0.009990613907575607
-1,-1,1,1,1,-1,1,-1,1,1,-1,1,1,1,1,-1,1,-1,1,1,0.009990613907575607
-1,-1,1,1,1,-1,1,-1,1,1,1,-1,1,1,1,-1,-1,1,-1,1,0.009990613907575607
-1,-1,1,1,1,-1,1,-1,1,1,1,-1,1,1,1,-1,1,1,-1,-1,0.009990613907575607
-1,-1,1,1,1,-1,1,1,-1,-1,-1,-1,-1,1,1,-1,1,-1,-1,-1,0.009990613907575607
-1,-1,1,1,1,-1,1,1,-1,-1,-1,-1,-1,1,1,-1,1,-1,-1,1,0.009990613907575607
-1,-1,1,1,1,-1,1,1,-1,-1,-1,-1,-1,1,1,-1,1,1,1,1,0.009990613907575607
-1,-1,1,1,1,-1,1,1,-1,-1,-1,-1,1,1,-1,1,-1,1,-1,-1,0.009990613907575607
-1,-1,1,1,1,-1,1,1,-1,-1,-1,-1,1,1,-1,1,1,1,1,-1,0.009990613907575607
-1,-1,1,1,1,-1,1,1,-1,-1,-1,1,1,1,1,-1,-1,-1,1,1,0.009990613907575607
-1,-1,1,1,1,-1,1,1,-1,-1,1,-1,-1,-1,1,-1,1,1,-1,-1,0.009990613907575607
-1,-1,1,1,1,-1,1,1,-1,-1,1,-1,-1,1,1,-1,1,-1,-1,1,0.009990613907575607
-1,-1,1,1,1,-1,1,1,-1,-1,1,-1,1,-1,1,-1,-1,1,-1,1,0.009990613907575607
-1,-1,1,1,1,-1,1,1,-1,-1,1,-1,1,-1,1,-1,1,-1,-1,1,0.009990613907575607
-1,-1,1,1,1,-1,1,1,-1,-1,1,-1,1,-1,1,1,1,1,-1,-1,0.009990613907575607
-1,-1,1,1,1,-1,1,1,-1,1,-1,-1,-1,1,1,-1,1,-1,1,1,0.009990613907575607
-1,-1,1,1,1,-1,1,1,-1,1,-1,1,1,-1,1,-1,-1,-1,1,-1,0.009990613907575607
-1,-1,1,1,1,-1,1,1,-1,1,-1,1,1,1,1,1,-1,-1,1,1,0.009990613907575607
-1,-1,1,1,1,-1,1,1,-1,1,-1,1,1,1,1,1,1,1,-1,-1,0.009990613907575607
-1,-1,1,1,1,-1,1,1,-1,1,1,-1,-1,1,1,1,1,1,1,-1,0.009990613907575607
-1,-1,1,1,1,-1,1,1,-1,1,1,-1,1,-1,-1,-1,-1,-1,-1,1,0.009990613907575607
-1,-1,1,1,1,-1,1,1,-1,1,1,-1,1,-1,1,1,-1,-1,1,-1,0.009990613907575607
-1,-1,1,1,1,-1,1,1,-1,1,1,-1,1,1,1,-1,1,1,-1,-1,0.009990613907575607
-1,-1,1,1,1,-1,1,1,-1,1,1,1,-1,-1,1,1,-1,1,1,1,0.009990613907575607
-1,-1,1,1,1,-1,1,1,-1,1,1,1,-1,1,-1,-1,-1,-1,1,1,0.009990613907575607
-1,-1,1,1,1,-1,1,1,-1,1,1,1,1,-1,-1,-1,1,1,1,-1,0.009990613907575607
-1,-1,1,1,1,-1,1,1,1,-1,-1,-1,-1,1,1,-1,1,-1,1,-1,0.009990613907575607
-1,-1,1,1,1,-1,1,1,1,-1,-1,1,-1,1,1,-1,-1,-1,1,1,0.009990613907575607
-1,-1,1,1,1,-1,1,1,1,-1,-1,1,1,1,-1,-1,-1,-1,1,-1,0.009990613907575607
-1,-1,1,1,1,-1,1,1,1,-1,1,1,-1,-1,1,-1,-1,1,1,1,0.009990613907575607
-1,-1,1,1,1,-1,1,1,1,-1,1,1,-1,1,1,-1,-1,1,1,-1,0.009990613907575607
-1,-1,1,1,1,-1,1,1,1,1,-1,-1,-1,-1,1,-1,1,1,1,1,0.009990613907575607
-1,-1,1,1,1,-1,1,1,1,1,-1,-1,1,1,-1,1,1,-1,1,1,0.009990613907575607
-1,-1,1,1,1,-1,1,1,1,1,-1,-1,1,1,1,-1,-1,1,-1,1,0.009990613907575607
-1,-1,1,1,1,-1,1,1,1,1,1,-1,-1,-1,-1,1,1,-1,1,-1,0.009990613907575607
-1,-1,1,1,1,-1,1,1,1,1,1,-1,1,-1,1,-1,1,-1,-1,1,0.009990613907575607
-1,-1,1,1,1,1,-1,-1,-1,-1,-1,-1,-1,1,1,-1,-1,1,1,1,0.009990613907575607
-1,-1,1,1,1,1,-1,-1,-1,-1,-1,1,-1,-1,-1,1,1,-1,-1,1,0.009990613907575607
-1,-1,1,1,1,1,-1,-1,-1,-1,1,-1,-1,1,-1,-1,-1,-1,1,1,0.009990613907575607
-1,-1,1,1,1,1,-1,-1,-1,-1,1,-1,-1,1,-1,-1,-1,1,1,-1,0.009990613907575607
-1,-1,1,1,1,1,-1,-1,-1,-1,1,1,-1,1,-1,-1,-1,1,1,-1,0.009990613907575607
-1,-1,1,1,1,1,-1,-1,-1,-1,1,1,1,-1,-1,1,1,-1,1,-1,0.009990613907575607
-1,-1,1,1,1,1,-1,-1,-1,-1,1,1,1,-1,1,1,-1,1,-1,-1,0.009990613907575607
-1,-1,1,1,1,1,-1,-1,-1,1,-1,-1,-1,-1,1,1,1,-1,1,1,0.009990613907575607
-1,-1,1,1,1,1,-1,-1,-1,1,-1,-1,1,-1,-1,-1,-1,-1,-1,1,0.009990613907575607
-1,-1,1,1,1,1,-1,-1,-1,1,-1,-1,1,-1,-1,1,-1,-1,1,1,0.009990613907575607
-1,-1,1,1,1,1,-1,-1,-1,1,-1,1,-1,-1,-1,1,-1,-1,-1,1,0.009990613907575607
-1,-1,1,1,1,1,-1,-1,-1,1,-1,1,-1,-1,-1,1,1,1,-1,1,0.009990613907575607
-1,-1,1,1,1,1,-1,-1,-1,1,-1,1,1,-1,-1,1,-1,1,-1,-1,0.009990613907575607
-1,-1,1,1,1,1,-1,-1,-1,1,1,-1,1,-1,-1,-1,-1,-1,1,1,0.009990613907575607
-1,-1,1,1,1,1,-1,-1,-1,1,1,-1,1,-1,1,1,1,1,1,-1,0.009990613907575607
-1,-1,1,1,1,1,-1,-1,-1,1,1,1,1,-1,-1,1,-1,-1,1,1,0.009990613907575607
-1,-1,1,1,1,1,-1,-1,-1,1,1,1,1,1,1,1,-1,-1,1,-1,0.009990613907575607
-1,-1,1,1,1,1,-1,-1,1,-1,-1,-1,-1,-1,-1,-1,-1,-1,-1,1,0.009990613907575607
-1,-1,1,1,1,1,-1,-1,1,-1,-1,-1,1,-1,-1,1,-1,-1,-1,-1,0.009990613907575607
-1,-1,1,1,1,1,-1,-1,1,-1,-1,-1,1,-1,-1,1,-1,1,-1,-1,0.009990613907575607
-1,-1,1,1,1,1,-1,-1,1,-1,-1,-1,1,-1,1,-1,-1,1,1,1,0.009990613907575607
-1,-1,1,1,1,1,-1,-1,1,-1,-1,1,-1,-1,-1,-1,-1,-1,-1,1,0.009990613907575607
-1,-1,1,1,1,1,-1,-1,1,-1,-1,1,-1,-1,-1,1,-1,1,-1,1,0.009990613907575607
-1,-1,1,1,1,1,-1,-1,1,-1,-1,1,-1,-1,-1,1,1,1,1,1,0.009990613907575607
-1,-1,1,1,1,1,-1,-1,1,-1,-1,1,-1,-1,1,1,1,1,-1,-1,0.009990613907575607
-1,-1,1,1,1,1,-1,-1,1,-1,1,-1,-1,1,-1,1,-1,1,1,1,0.009990613907575607
-1,-1,1,1,1,1,-1,-1,1,-1,1,-1,1,-1,-1,1,1,-1,1,-1,0.009990613907575607
-1,-1,1,1,1,1,-1,-1,1,-1,1,-1,1,1,1,-1,-1,1,-1,-1,0.009990613907575607
-1,-1,1,1,1,1,-1,-1,1,-1,1,1,-1,1,1,-1,1,-1,1,-1,0.009990613907575607
-1,-1,1,1,1,1,-1,-1,1,-1,1,1,1,-1,-1,1,-1,-1,-1,1,0.009990613907575607
-1,-1,1,1,1,1,-1,-1,1,1,-1,-1,-1,-1,1,-1,-1,-1,1,-1,0.009990613907575607
-1,-1,1,1,1,1,-1,-1,1,1,-1,1,1,1,-1,1,-1,-1,1,1,0.009990613907575607
-1,-1,1,1,1,1,-1,-1,1,1,1,1,1,-1,-1,1,-1,-1,-1,1,0.009990613907575607
-1,-1,1,1,1,1,-1,1,-1,-1,-1,-1,-1,-1,-1,1,1,-1,-1,1,0.009990613907575607
-1,-1,1,1,1,1,-1,1,-1,-1,-1,-1,1,-1,-1,-1,1,1,1,1,0.009990613907575607
-1,-1,1,1,1,1,-1,1,-1,-1,-1,-1,1,-1,1,-1,1,-1,-1,1,0.009990613907575607
-1,-1,1,1,1,1,-1,1,-1,-1,-1,-1,1,1,-1,1,1,-1,1,-1,0.009990613907575607
-1,-1,1,1,1,1,-1,1,-1,-1,-1,1,-1,-1,1,-1,1,1,-1,-1,0.009990613907575607
-1,-1,1,1,1,1,-1,1,-1,-1,-1,1,1,-1,-1,1,-1,-1,1,-1,0.009990613907575607
-1,-1,1,1,1,1,-1,1,-1,-1,-1,1,1,-1,1,1,1,1,-1,1,0.009990613907575607
-1,-1,1,1,1,1,-1,1,-1,-1,-1,1,1,1,1,1,1,1,-1,-1,0.009990613907575607
-1,-1,1,1,1,1,-1,1,-1,-1,1,-1,-1,-1,1,-1,-1,1,1,1,0.009990613907575607
-1,-1,1,1,1,1,-1,1,-1,-1,1,-1,-1,1,1,1,-1,1,1,1,0.009990613907575607
-1,-1,1,1,1,1,-1,1,-1,-1,1,1,-1,1,-1,-1,-1,-1,1,-1,0.009990613907575607
-1,-1,1,1,1,1,-1,1,-1,-1,1,1,1,1,-1,1,-1,-1,1,-1,0.009990613907575607
-1,-1,1,1,1,1,-1,1,-1,1,-1,-1,-1,-1,1,1,1,-1,1,-1,0.009990613907575607
-1,-1,1,1,1,1,-1,1,-1,1,-1,-1,-1,1,-1,-1,-1,1,-1,-1,0.009990613907575607
-1,-1,1,1,1,1,-1,1,-1,1,-1,-1,-1,1,-1,1,-1,-1,-1,1,0.009990613907575607
-1,-1,1,1,1,1,-1,1,-1,1,-1,1,-1,-1,-1,-1,1,1,1,1,0.009990613907575607
-1,-1,1,1,1,1,-1,1,-1,1,-1,1,1,1,1,1,1,-1,-1,-1,0.009990613907575607
-1,-1,1,1,1,1,-1,1,-1,1,1,-1,-1,-1,-1,-1,-1,1,1,1,0.009990613907575607
-1,-1,1,1,1,1,-1,1,-1,1,1,-1,-1,1,-1,-1,1,1,-1,-1,0.009990613907575607
-1,-1,1,1,1,1,-1,1,-1,1,1,-1,1,1,-1,1,1,1,1,1,0.009990613907575607
-1,-1,1,1,1,1,-1,1,-1,1,1,1,-1,-1,1,-1,-1,-1,-1,-1,0.009990613907575607
-1,-1,1,1,1,1,-1,1,1,-1,-1,-1,-1,-1,1,-1,-1,-1,1,-1,0.009990613907575607
-1,-1,1,1,1,1,-1,1,1,-1,-1,-1,1,1,-1,-1,1,-1,1,-1,0.009990613907575607
-1,-1,1,1,1,1,-1,1,1,-1,-1,1,-1,1,1,-1,1,-1,-1,1,0.009990613907575607
-1,-1,1,1,1,1,-1,1,1,-1,-1,1,1,-1,-1,1,-1,-1,1,1,0.009990613907575607
-1,-1,1,1,1,1,-1,1,1,-1,-1,1,1,-1,1,1,1,-1,-1,-1,0.009990613907575607
-1,-1,1,1,1,1,-1,1,1,-1,1,-1,-1,1,-1,1,-1,-1,-1,1,0.009990613907575607
-1,-1,1,1,1,1,-1,1,1,-1,1,-1,-1,1,1,-1,1,1,1,1,0.009990613907575607
-1,-1,1,1,1,1,-1,1,1,-1,1,-1,1,1,-1,-1,-1,1,-1,-1,0.009990613907575607
-1,-1,1,1,1,1,-1,1,1,-1,1,1,1,1,-1,1,-1,1,1,-1,0.009990613907575607
-1,-1,1,1,1,1,-1,1,1,-1,1,1,1,1,-1,1,1,-1,1,-1,0.009990613907575607
-1,-1,1,1,1,1,-1,1,1,1,-1,-1,-1,-1,-1,-1,-1,-1,1,-1,0.009990613907575607
-1,-1,1,1,1,1,-1,1,1,1,-1,-1,-1,-1,1,-1,-1,-1,-1,1,0.009990613907575607
-1,-1,1,1,1,1,-1,1,1,1,-1,-1,-1,1,-1,-1,1,1,1,-1,0.009990613907575607
-1,-1,1,1,1,1,-1,1,1,1,-1,-1,-1,1,1,1,-1,-1,-1,1,0.009990613907575607
-1,-1,1,1,1,1,-1,1,1,1,-1,-1,1,-1,1,-1,1,-1,1,1,0.009990613907575607
-1,-1,1,1,1,1,-1,1,1,1,-1,-1,1,1,1,-1,-1,1,-1,-1,0.009990613907575607
-1,-1,1,1,1,1,-1,1,1,1,-1,1,1,1,1,-1,-1,-1,-1,-1,0.009990613907575607
-1,-1,1,1,1,1,-1,1,1,1,1,-1,1,1,-1,-1,1,-1,-1,1,0.009990613907575607
-1,-1,1,1,1,1,-1,1,1,1,1,-1,1,1,1,-1,-1,-1,-1,-1,0.009990613907575607
-1,-1,1,1,1,1,-1,1,1,1,1,1,-1,-1,1,-1,-1,-1,-1,-1,0.009990613907575607
-1,-1,1,1,1,1,-1,1,1,1,1,1,-1,1,1,-1,1,1,-1,1,0.009990613907575607
-1,-1,1,1,1,1,-1,1,1,1,1,1,1,-1,-1,1,1,-1,-1,1,0.009990613907575607
-1,-1,1,1,1,1,-1,1,1,1,1,1,1,1,-1,-1,-1,1,1,1,0.009990613907575607
-1,-1,1,1,1,1,1,-1,-1,-1,-1,-1,-1,-1,-1,1,-1,-1,1,1,0.009990613907575607
-1,-1,1,1,1,1,1,-1,-1,-1,-1,-1,-1,1,-1,-1,1,1,-1,-1,0.009990613907575607
-1,-1,1,1,1,1,1,-1,-1,-1,-1,-1,-1,1,-1,1,-1,-1,1,1,0.009990613907575607
-1,-1,1,1,1,1,1,-1,-1,-1,-1,-1,-1,1,1,-1,1,-1,-1,-1,0.009990613907575607
-1,-1,1,1,1,1,1,-1,-1,-1,-1,-1,1,-1,-1,-1,1,-1,-1,-1,0.009990613907575607
-1,-1,1,1,1,1,1,-1,-1,-1,-1,1,-1,-1,-1,-1,1,1,-1,1,0.009990613907575607
-1,-1,1,1,1,1,1,-1,-1,-1,-1,1,-1,-1,1,-1,1,1,-1,-1,0.009990613907575607
-1,-1,1,1,1,1,1,-1,-1,-1,-1,1,1,-1,1,-1,1,-1,-1,-1,0.009990613907575607
-1,-1,1,1,1,1,1,-1,-1,-1,1,-1,-1,1,1,-1,1,1,1,-1,0.009990613907575607
-1,-1,1,1,1,1,1,-1,-1,-1,1,-1,-1,1,1,1,1,1,-1,-1,0.009990613907575607
-1,-1,1,1,1,1,1,-1,-1,1,-1,-1,1,-1,1,1,1,-1,1,1,0.009990613907575607
-1,-1,1,1,1,1,1,-1,-1,1,-1,-1,1,1,-1,-1,-1,-1,1,1,0.009990613907575607
-1,-1,1,1,1,1,1,-1,-1,1,-1,1,1,1,-1,1,-1,-1,1,1,0.009990613907575607
-1,-1,1,1,1,1,1,-1,-1,1,1,-1,-1,-1,-1,1,1,1,1,1,0.009990613907575607
-1,-1,1,1,1,1,1,-1,-1,1,1,-1,-1,-1,1,1,1,-1,1,1,0.009990613907575607
-1,-1,1,1,1,1,1,-1,-1,1,1,1,-1,-1,-1,-1,1,1,1,1,0.009990613907575607
-1,-1,1,1,1,1,1,-1,-1,1,1,1,-1,-1,-1,1,-1,-1,1,1,0.009990613907575607
-1,-1,1,1,1,1,1,-1,-1,1,1,1,1,-1,1,-1,1,1,1,-1,0.009990613907575607
-1,-1,1,1,1,1,1,-1,1,-1,-1,-1,1,1,-1,-1,-1,-1,-1,-1,0.009990613907575607
-1,-1,1,1,1,1,1,-1,1,-1,1,-1,-1,1,1,-1,-1,-1,1,1,0.009990613907575607
-1,-1,1,1,1,1,1,-1,1,-1,1,-1,1,1,-1,-1,1,1,1,-1,0.009990613907575607
-1,-1,1,1,1,1,1,-1,1,-1,1,-1,1,1,-1,1,1,1,-1,1,0.009990613907575607
-1,-1,1,1,1,1,1,-1,1,-1,1,1,-1,1,-1,-1,1,-1,1,1,0.009990613907575607
-1,-1,1,1,1,1,1,-1,1,-1,1,1,1,-1,1,-1,-1,-1,-1,1,0.009990613907575607
-1,-1,1,1,1,1,1,-1,1,-1,1,1,1,1,-1,-1,-1,1,1,1,0.009990613907575607
-1,-1,1,1,1,1,1,-1,1,-1,1,1,1,1,1,1,1,1,-1,1,0.009990613907575607
-1,-1,1,1,1,1,1,-1,1,1,-1,-1,-1,-1,1,1,-1,1,-1,1,0.009990613907575607
-1,-1,1,1,1,1,1,-1,1,1,-1,1,-1,-1,-1,1,1,1,-1,-1,0.009990613907575607
-1,-1,1,1,1,1,1,-1,1,1,-1,1,-1,-1,1,1,-1,-1,-1,-1,0.009990613907575607
-1,-1,1,1,1,1,1,-1,1,1,1,-1,1,-1,-1,-1,1,1,1,-1,0.009990613907575607
-1,-1,1,1,1,1,1,-1,1,1,1,-1,1,-1,1,-1,-1,1,1,1,0.009990613907575607
-1,-1,1,1,1,1,1,-1,1,1,1,-1,1,1,-1,-1,1,1,-1,1,0.009990613907575607
-1,-1,1,1,1,1,1,1,-1,-1,-1,-1,1,1,-1,1,-1,-1,-1,1,0.009990613907575607
-1,-1,1,1,1,1,1,1,-1,-1,1,-1,-1,1,-1,1,1,1,1,-1,0.009990613907575607
-1,-1,1,1,1,1,1,1,-1,-1,1,-1,1,-1,1,1,-1,-1,-1,1,0.009990613907575607
-1,-1,1,1,1,1,1,1,-1,-1,1,1,-1,-1,-1,1,1,-1,-1,1,0.009990613907575607
-1,-1,1,1,1,1,1,1,-1,-1,1,1,-1,1,1,-1,1,-1,-1,1,0.009990613907575607
-1,-1,1,1,1,1,1,1,-1,-1,1,1,-1,1,1,1,1,1,-1,-1,0.009990613907575607
-1,-1,1,1,1,1,1,1,-1,-1,1,1,1,-1,1,-1,1,1,1,1,0.009990613907575607
-1,-1,1,1,1,1,1,1,-1,-1,1,1,1,-1,1,1,1,-1,-1,-1,0.009990613907575607
-1,-1,1,1,1,1,1,1,-1,1,-1,-1,-1,-1,-1,1,1,1,-1,1,0.009990613907575607
-1,-1,1,1,1,1,1,1,-1,1,-1,-1,1,-1,1,-1,1,1,-1,-1,0.009990613907575607
-1,-1,1,1,1,1,1,1,-1,1,1,1,-1,-1,-1,1,-1,-1,1,-1,0.009990613907575607
-1,-1,1,1,1,1,1,1,-1,1,1,1,-1,-1,1,-1,1,-1,-1,1,0.009990613907575607
-1,-1,1,1,1,1,1,1,-1,1,1,1,1,-1,-1,1,-1,-1,1,-1,0.009990613907575607
-1,-1,1,1,1,1,1,1,-1,1,1,1,1,-1,1,1,-1,-1,-1,1,0.009990613907575607
-1,-1,1,1,1,1,1,1,1,-1,-1,-1,-1,1,-1,-1,1,1,-1,-1,0.009990613907575607
-1,-1,1,1,1,1,1,1,1,-1,-1,-1,-1,1,1,1,-1,1,-1,-1,0.009990613907575607
-1,-1,1,1,1,1,1,1,1,-1,-1,-1,-1,1,1,1,1,-1,1,-1,0.009990613907575607
-1,-1,1,1,1,1,1,1,1,-1,-1,1,1,-1,1,-1,-1,1,-1,1,0.009990613907575607
-1,-1,1,1,1,1,1,1,1,-1,1,-1,-1,-1,-1,1,1,-1,1,-1,0.009990613907575607
-1,-1,1,1,1,1,1,1,1,-1,1,-1,-1,1,-1,-1,-1,-1,1,1,0.009990613907575607
-1,-1,1,1,1,1,1,1,1,-1,1,-1,-1,1,1,1,1,-1,1,1,0.009990613907575607
-1,-1,1,1,1,1,1,1,1,-1,1,-1,1,-1,-1,-1,-1,-1,1,1,0.009990613907575607
-1,-1,1,1,1,1,1,1,1,-1,1,-1,1,-1,1,1,1,-1,-1,-1,0.009990613907575607
-1,-1,1,1,1,1,1,1,1,-1,1,1,-1,-1,1,-1,1,-1,1,-1,0.009990613907575607
-1,-1,1,1,1,1,1,1,1,-1,1,1,-1,1,-1,1,1,1,-1,1,0.009990613907575607
-1,-1,1,1,1,1,1,1,1,-1,1,1,1,-1,-1,1,-1,-1,-1,-1,0.009990613907575607
-1,-1,1,1,1,1,1,1,1,-1,1,1,1,-1,1,1,-1,1,1,1,0.009990613907575607
-1,-1,1,1,1,1,1,1,1,1,-1,-1,-1,1,1,1,1,-1,-1,1,0.009990613907575607
-1,-1,1,1,1,1,1,1,1,1,-1,-1,1,-1,1,-1,-1,1,-1,1,0.009990613907575607
-1,-1,1,1,1,1,1,1,1,1,-1,1,-1,-1,1,-1,1,-1,-1,-1,0.009990613907575607
-1,-1,1,1,1,1,1,1,1,1,-1,1,-1,1,1,-1,1,1,-1,-1,0.009990613907575607
-1,-1,1,1,1,1,1,1,1,1,-1,1,1,-1,-1,1,1,1,-1,1,0.009990613907575607
-1,-1,1,1,1,1,1,1,1,1,1,-1,-1,-1,-1,1,-1,1,1,1,0.009990613907575607
-1,-1,1,1,1,1,1,1,1,1,1,-1,1,-1,-1,-1,-1,-1,1,1,0.009990613907575607
-1,-1,1,1,1,1,1,1,1,1,1,-1,1,-1,-1,1,-1,-1,1,1,0.009990613907575607
-1,-1,1,1,1,1,1,1,1,1,1,-1,1,-1,1,-1,-1,-1,-1,-1,0.009990613907575607
-1,-1,1,1,1,1,1,1,1,1,1,-1,1,-1,1,1,1,-1,1,1,0.009990613907575607
-1,-1,1,1,1,1,1,1,1,1,1,1,-1,1,-1,-1,1,1,-1,1,0.009990613907575607
-1,-1,1,1,1,1,1,1,1,1,1,1,-1,1,-1,1,-1,1,-1,-1,0.009990613907575607
-1,-1,1,1,1,1,1,1,1,1,1,1,1,-1,-1,-1,1,-1,-1,-1,0.009990613907575607
-1,-1,1,1,1,1,1,1,1,1,1,1,1,1,-1,-1,1,1,1,1,0.009990613907575607
-1,1,-1,-1,-1,-1,-1,-1,-1,-1,-1,-1,-1,-1,1,1,-1,1,1,-1,0.009990613907575607
-1,1,-1,-1,-1,-1,-1,-1,-1,-1,-1,-1,-1,1,1,1,1,1,1,-1,0.009990613907575607
-1,1,-1,-1,-1,-1,-1,-1,-1,-1,-1,1,-1,-1,-1,-1,1,1,-1,-1,0.009990613907575607
-1,1,-1,-1,-1,-1,-1,-1,-1,-1,-1,1,-1,-1,1,-1,-1,-1,1,1,0.009990613907575607
-1,1,-1,-1,-1,-1,-1,-1,-1,-1,-1,1,-1,1,-1,1,1,-1,-1,1,0.009990613907575607
-1,1,-1,-1,-1,-1,-1,-1,-1,-1,-1,1,-1,1,1,1,1,-1,1,-1,0.009990613907575607
-1,1,-1,-1,-1,-1,-1,-1,-1,-1,-1,1,1,-1,1,-1,1,1,-1,1,0.009990613907575607
-1,1,-1,-1,-1,-1,-1,-1,-1,-1,-1,1,1,1,-1,1,1,-1,-1,1,0.009990613907575607
-1,1,-1,-1,-1,-1,-1,-1,-1,-1,1,-1,-1,-1,1,-1,-1,-1,1,-1,0.009990613907575607
-1,1,-1,-1,-1,-1,-1,-1,-1,-1,1,-1,-1,1,1,1,-1,-1,-1,-1,0.009990613907575607
-1,1,-1,-1,-1,-1,-1,-1,-1,-1,1,-1,1,-1,-1,-1,1,-1,1,-1,0.009990613907575607
-1,1,-1,-1,-1,-1,-1,-1,-1,1,-1,-1,-1,-1,-1,1,1,-1,1,-1,0.009990613907575607
-1,1,-1,-1,-1,-1,-1,-1,-1,1,-1,-1,1,-1,-1,-1,1,-1,1,-1,0.009990613907575607
-1,1,-1,-1,-1,-1,-1,-1,-1,1,-1,-1,1,-1,1,-1,1,-1,-1,-1,0.009990613907575607
-1,1,-1,-1,-1,-1,-1,-1,-1,1,-1,1,-1,-1,1,1,1,-1,1,-1,0.009990613907575607
-1,1,-1,-1,-1,-1,-1,-1,-1,1,-1,1,1,1,-1,-1,-1,-1,-1,1,0.009990613907575607
-1,1,-1,-1,-1,-1,-1,-1,-1,1,1,-1,-1,-1,-1,1,-1,-1,1,-1,0.009990613907575607
-1,1,-1,-1,-1,-1,-1,-1,-1,1,1,-1,-1,1,1,-1,1,1,-1,-1,0.009990613907575607
-1,1,-1,-1,-1,-1,-1,-1,-1,1,1,1,-1,-1,-1,1,1,1,1,1,0.009990613907575607
-1,1,-1,-1,-1,-1,-1,-1,-1,1,1,1,-1,-1,1,-1,-1,1,1,-1,0.009990613907575607
-1,1,-1,-1,-1,-1,-1,-1,-1,1,1,1,-1,-1,1,1,-1,-1,-1,-1,0.009990613907575607
-1,1,-1,-1,-1,-1,-1,-1,1,-1,-1,-1,-1,-1,-1,-1,1,-1,1,-1,0.009990613907575607
-1,1,-1,-1,-1,-1,-1,-1,1,-1,-1,-1,1,1,-1,1,1,-1,1,-1,0.009990613907575607
-1,1,-1,-1,-1,-1,-1,-1,1,-1,1,-1,-1,1,-1,-1,1,-1,-1,1,0.009990613907575607
-1,1,-1,-1,-1,-1,-1,-1,1,-1,1,-1,1,-1,-1,1,-1,1,-1,1,0.009990613907575607
-1,1,-1,-1,-1,-1,-1,-1,1,-1,1,-1,1,1,-1,-1,1,-1,-1,-1,0.009990613907575607
-1,1,-1,-1,-1,-1,-1,-1,1,-1,1,1,1,1,-1,-1,1,1,-1,-1,0.009990613907575607
-1,1,-1,-1,-1,-1,-1,-1,1,-1,1,1,1,1,-1,1,-1,-1,-1,1,0.009990613907575607
-1,1,-1,-1,-1,-1,-1,-1,1,1,-1,-1,1,1,-1,-1,-1,-1,1,-1,0.009990613907575607
-1,1,-1,-1,-1,-1,-1,-1,1,1,-1,1,-1,-1,-1,1,1,-1,-1,-1,0.009990613907575607
-1,1,-1,-1,-1,-1,-1,-1,1,1,1,-1,-1,1,1,-1,-1,-1,-1,1,0.009990613907575607
-1,1,-1,-1,-1,-1,-1,-1,1,1,1,-1,-1,1,1,-1,-1,1,-1,-1,0.009990613907575607
-1,1,-1,-1,-1,-1,-1,-1,1,1,1,-1,1,1,1,1,1,-1,1,-1,0.009990613907575607
-1,1,-1,-1,-1,-1,-1,-1,1,1,1,1,1,-1,1,-1,-1,-1,1,1,0.009990613907575607
-1,1,-1,-1,-1,-1,-1,-1,1,1,1,1,1,-1,1,-1,1,-1,-1,-1,0.009990613907575607
-1,1,-1,-1,-1,-1,-1,1,-1,-1,-1,-1,1,-1,-1,-1,1,-1,-1,-1,0.009990613907575607
-1,1,-1,-1,-1,-1,-1,1,-1,-1,-1,1,-1,-1,1,-1,-1,1,1,1,0.009990613907575607
-1,1,-1,-1,-1,-1,-1,1,-1,-1,-1,1,-1,1,1,-1,1,-1,1,-1,0.009990613907575607
-1,1,-1,-1,-1,-1,-1,1,-1,-1,-1,1,-1,1,1,1,-1,-1,-1,-1,0.009990613907575607
-1,1,-1,-1,-1,-1,-1,1,-1,-1,-1,1,1,-1,1,-1,-1,-1,-1,1,0.009990613907575607
-1,1,-1,-1,-1,-1,-1,1,-1,-1,-1,1,1,1,-1,1,-1,-1,-1,-1,0.009990613907575607
-1,1,-1,-1,-1,-1,-1,1,-1,-1,1,-1,1,-1,-1,1,-1,-1,-1,-1,0.009990613907575607
-1,1,-1,-1,-1,-1,-1,1,-1,-1,1,1,1,-1,-1,1,-1,1,1,-1,0.009990613907575607
-1,1,-1,-1,-1,-1,-1,1,-1,1,-1,-1,-1,1,-1,1,1,-1,-1,-1,0.009990613907575607
-1,1,-1,-1,-1,-1,-1,1,-1,1,-1,-1,-1,1,1,1,-1,-1,1,-1,0.009990613907575607
-1,1,-1,-1,-1,-1,-1,1,-1,1,-1,-1,1,-1,-1,1,-1,-1,-1,-1,0.009990613907575607
-1,1,-1,-1,-1,-1,-1,1,-1,1,-1,-1,1,-1,1,1,1,-1,-1,1,0.009990613907575607
-1,1,-1,-1,-1,-1,-1,1,-1,1,-1,-1,1,1,1,-1,-1,1,1,1,0.009990613907575607
-1,1,-1,-1,-1,-1,-1,1,-1,1,-1,-1,1,1,1,1,1,1,-1,-1,0.009990613907575607
-1,1,-1,-1,-1,-1,-1,1,-1,1,-1,1,-1,1,-1,-1,1,1,-1,1,0.009990613907575607
-1,1,-1,-1,-1,-1,-1,1,-1,1,-1,1,-1,1,-1,1,-1,-1,-1,1,0.009990613907575607
-1,1,-1,-1,-1,-1,-1,1,-1,1,-1,1,-1,1,-1,1,-1,1,-1,1,0.009990613907575607
-1,1,-1,-1,-1,-1,-1,1,-1,1,-1,1,-1,1,1,1,-1,1,-1,-1,0.009990613907575607
-1,1,-1,-1,-1,-1,-1,1,-1,1,-1,1,1,-1,-1,1,-1,1,1,1,0.009990613907575607
-1,1,-1,-1,-1,-1,-1,1,-1,1,-1,1,1,1,1,1,-1,-1,-1,-1,0.009990613907575607
-1,1,-1,-1,-1,-1,-1,1,-1,1,1,-1,-1,-1,-1,-1,-1,1,-1,-1,0.009990613907575607
-1,1,-1,-1,-1,-1,-1,1,-1,1,1,-1,-1,1,-1,1,-1,-1,-1,1,0.009990613907575607
-1,1,-1,-1,-1,-1,-1,1,-1,1,1,-1,1,-1,1,-1,-1,-1,-1,-1,0.009990613907575607
-1,1,-1,-1,-1,-1,-1,1,-1,1,1,1,-1,1,1,1,1,1,1,-1,0.009990613907575607
-1,1,-1,-1,-1,-1,-1,1,1,-1,-1,-1,-1,1,1,-1,-1,-1,1,-1,0.009990613907575607
-1,1,-1,-1,-1,-1,-1,1,1,-1,-1,-1,1,1,1,1,-1,-1,-1,1,0.009990613907575607
-1,1,-1,-1,-1,-1,-1,1,1,-1,-1,1,-1,-1,-1,1,1,1,1,-1,0.009990613907575607
-1,1,-1,-1,-1,-1,-1,1,1,-1,-1,1,1,-1,-1,1,1,1,1,-1,0.009990613907575607
-1,1,-1,-1,-1,-1,-1,1,1,-1,1,-1,-1,-1,1,1,-1,1,-1,1,0.009990613907575607
-1,1,-1,-1,-1,-1,-1,1,1,-1,1,-1,-1,-1,1,1,1,1,1,-1,0.009990613907575607
-1,1,-1,-1,-1,-1,-1,1,1,-1,1,-1,-1,1,-1,-1,-1,-1,1,-1,0.009990613907575607
-1,1,-1,-1,-1,-1,-1,1,1,-1,1,-1,-1,1,-1,1,1,1,-1,-1,0.009990613907575607
-1,1,-1,-1,-1,-1,-1,1,1,-1,1,-1,1,-1,1,1,1,1,-1,-1,0.009990613907575607
-1,1,-1,-1,-1,-1,-1,1,1,-1,1,-1,1,1,-1,-1,1,1,1,-1,0.009990613907575607
-1,1,-1,-1,-1,-1,-1,1,1,-1,1,-1,1,1,1,-1,-1,1,-1,1,0.009990613907575607
-1,1,-1,-1,-1,-1,-1,1,1,-1,1,1,-1,-1,-1,-1,-1,1,-1,-1,0.009990613907575607
-1,1,-1,-1,-1,-1,-1,1,1,-1,1,1,-1,-1,-1,-1,1,-1,-1,1,0.009990613907575607
-1,1,-1,-1,-1,-1,-1,1,1,-1,1,1,1,-1,-1,-1,1,1,1,-1,0.009990613907575607
-1,1,-1,-1,-1,-1,-1,1,1,1,-1,1,-1,1,1,-1,-1,1,1,1,0.009990613907575607
-1,1,-1,-1,-1,-1,-1,1,1,1,1,-1,-1,-1,-1,1,1,-1,1,1,0.009990613907575607
-1,1,-1,-1,-1,-1,-1,1,1,1,1,1,1,-1,-1,-1,1,-1,1,-1,0.009990613907575607
-1,1,-1,-1,-1,-1,1,-1,-1,-1,-1,-1,-1,-1,-1,-1,1,1,-1,1,0.009990613907575607
-1,1,-1,-1,-1,-1,1,-1,-1,-1,-1,-1,-1,-1,1,1,1,1,-1,1,0.009990613907575607
-1,1,-1,-1,-1,-1,1,-1,-1,-1,-1,-1,-1,1,1,-1,-1,-1,1,1,0.009990613907575607
-1,1,-1,-1,-1,-1,1,-1,-1,-1,-1,-1,-1,1,1,-1,1,-1,-1,-1,0.009990613907575607
-1,1,-1,-1,-1,-1,1,-1,-1,-1,-1,-1,1,-1,1,-1,1,-1,-1,1,0.009990613907575607
-1,1,-1,-1,-1,-1,1,-1,-1,-1,-1,-1,1,1,1,-1,1,-1,1,-1,0.009990613907575607
-1,1,-1,-1,-1,-1,1,-1,-1,-1,1,-1,-1,1,-1,1,1,-1,-1,1,0.009990613907575607
-1,1,-1,-1,-1,-1,1,-1,-1,-1,1,-1,1,-1,1,-1,1,1,1,-1,0.009990613907575607
-1,1,-1,-1,-1,-1,1,-1,-1,-1,1,-1,1,-1,1,-1,1,1,1,1,0.009990613907575607
-1,1,-1,-1,-1,-1,1,-1,-1,-1,1,-1,1,1,1,1,-1,-1,-1,1,0.009990613907575607
-1,1,-1,-1,-1,-1,1,-1,-1,-1,1,1,1,1,-1,1,-1,-1,-1,1,0.009990613907575607
-1,1,-1,-1,-1,-1,1,-1,-1,1,-1,-1,-1,1,-1,1,-1,1,1,1,0.009990613907575607
-1,1,-1,-1,-1,-1,1,-1,-1,1,-1,-1,1,1,-1,1,-1,-1,-1,-1,0.009990613907575607
-1,1,-1,-1,-1,-1,1,-1,-1,1,-1,-1,1,1,1,-1,-1,1,1,1,0.009990613907575607
-1,1,-1,-1,-1,-1,1,-1,-1,1,-1,1,1,-1,1,1,1,-1,1,-1,0.009990613907575607
-1,1,-1,-1,-1,-1,1,-1,-1,1,-1,1,1,1,-1,1,-1,-1,-1,-1,0.009990613907575607
-1,1,-1,-1,-1,-1,1,-1,-1,1,1,-1,-1,-1,-1,1,-1,-1,1,1,0.009990613907575607
-1,1,-1,-1,-1,-1,1,-1,-1,1,1,-1,-1,1,-1,1,-1,-1,-1,1,0.009990613907575607
-1,1,-1,-1,-1,-1,1,-1,-1,1,1,-1,-1,1,-1,1,-1,1,-1,-1,0.009990613907575607
-1,1,-1,-1,-1,-1,1,-1,-1,1,1,1,-1,-1,-1,1,1,-1,1,1,0.009990613907575607
-1,1,-1,-1,-1,-1,1,-1,-1,1,1,1,1,1,-1,1,-1,-1,-1,-1,0.009990613907575607
-1,1,-1,-1,-1,-1,1,-1,1,-1,-1,-1,-1,1,1,-1,-1,-1,-1,-1,0.009990613907575607
-1,1,-1,-1,-1,-1,1,-1,1,-1,-1,-1,1,-1,1,1,1,1,-1,-1,0.009990613907575607
-1,1,-1,-1,-1,-1,1,-1,1,-1,-1,-1,1,1,-1,1,1,1,-1,-1,0.009990613907575607
-1,1,-1,-1,-1,-1,1,-1,1,-1,-1,1,-1,-1,1,-1,-1,1,1,1,0.009990613907575607
-1,1,-1,-1,-1,-1,1,-1,1,-1,-1,1,-1,-1,1,-1,1,1,1,1,0.009990613907575607
-1,1,-1,-1,-1,-1,1,-1,1,-1,-1,1,-1,-1,1,1,1,-1,1,-1,0.009990613907575607
-1,1,-1,-1,-1,-1,1,-1,1,-1,-1,1,1,-1,-1,1,1,-1,1,-1,0.009990613907575607
-1,1,-1,-1,-1,-1,1,-1,1,-1,1,-1,-1,-1,-1,-1,-1,-1,-1,-1,0.009990613907575607
-1,1,-1,-1,-1,-1,1,-1,1,-1,1,-1,1,-1,-1,-1,1,1,-1,-1,0.009990613907575607
-1,1,-1,-1,-1,-1,1,-1,1,-1,1,-1,1,-1,-1,1,1,1,1,1,0.009990613907575607
-1,1,-1,-1,-1,-1,1,-1,1,-1,1,-1,1,1,1,1,1,-1,1,1,0.009990613907575607
-1,1,-1,-1,-1,-1,1,-1,1,-1,1,1,-1,-1,-1,-1,-1,-1,1,-1,0.009990613907575607
-1,1,-1,-1,-1,-1,1,-1,1,-1,1,1,-1,1,-1,-1,1,-1,1,-1,0.009990613907575607
-1,1,-1,-1,-1,-1,1,-1,1,-1,1,1,1,-1,-1,-1,-1,1,-1,1,0.009990613907575607
-1,1,-1,-1,-1,-1,1,-1,1,-1,1,1,1,1,-1,-1,-1,-1,1,1,0.009990613907575607
-1,1,-1,-1,-1,-1,1,-1,1,1,-1,1,-1,-1,1,1,1,1,1,1,0.009990613907575607
-1,1,-1,-1,-1,-1,1,-1,1,1,-1,1,-1,1,-1,1,-1,-1,-1,-1,0.009990613907575607
-1,1,-1,-1,-1,-1,1,-1,1,1,-1,1,-1,1,1,-1,-1,-1,-1,-1,0.009990613907575607
-1,1,-1,-1,-1,-1,1,-1,1,1,-1,1,-1,1,1,1,1,-1,-1,1,0.009990613907575607
-1,1,-1,-1,-1,-1,1,-1,1,1,-1,1,-1,1,1,1,1,1,1,1,0.009990613907575607
-1,1,-1,-1,-1,-1,1,-1,1,1,-1,1,1,1,1,1,1,1,-1,-1,0.009990613907575607
-1,1,-1,-1,-1,-1,1,-1,1,1,1,-1,-1,-1,1,-1,1,1,-1,-1,0.009990613907575607
-1,1,-1,-1,-1,-1,1,-1,1,1,1,-1,-1,1,1,-1,-1,-1,1,1,0.009990613907575607
-1,1,-1,-1,-1,-1,1,-1,1,1,1,1,1,1,-1,-1,-1,1,1,-1,0.009990613907575607
-1,1,-1,-1,-1,-1,1,-1,1,1,1,1,1,1,-1,1,1,-1,-1,-1,0.009990613907575607
-1,1,-1,-1,-1,-1,1,1,-1,-1,-1,-1,-1,1,1,-1,1,-1,1,-1,0.009990613907575607
-1,1,-1,-1,-1,-1,1,1,-1,-1,-1,-1,1,1,-1,-1,-1,1,-1,1,0.009990613907575607
-1,1,-1,-1,-1,-1,1,1,-1,-1,-1,-1,1,1,1,-1,-1,-1,-1,-1,0.009990613907575607
-1,1,-1,-1,-1,-1,1,1,-1,-1,-1,1,1,-1,1,-1,1,-1,-1,1,0.009990613907575607
-1,1,-1,-1,-1,-1,1,1,-1,-1,-1,1,1,-1,1,1,-1,-1,1,1,0.009990613907575607
-1,1,-1,-1,-1,-1,1,1,-1,-1,-1,1,1,-1,1,1,1,1,-1,-1,0.009990613907575607
-1,1,-1,-1,-1,-1,1,1,-1,-1,1,-1,-1,-1,-1,-1,1,-1,1,1,0.009990613907575607
-1,1,-1,-1,-1,-1,1,1,-1,-1,1,-1,-1,-1,1,1,1,-1,-1,-1,0.009990613907575607
-1,1,-1,-1,-1,-1,1,1,-1,-1,1,1,-1,-1,-1,-1,-1,-1,-1,-1,0.009990613907575607
-1,1,-1,-1,-1,-1,1,1,-1,-1,1,1,-1,1,1,-1,-1,1,1,-1,0.009990613907575607
-1,1,-1,-1,-1,-1,1,1,-1,-1,1,1,1,-1,-1,-1,1,1,1,1,0.009990613907575607
-1,1,-1,-1,-1,-1,1,1,-1,-1,1,1,1,-1,1,1,-1,-1,-1,1,0.009990613907575607
-1,1,-1,-1,-1,-1,1,1,-1,1,-1,-1,1,1,-1,-1,-1,1,-1,1,0.009990613907575607
-1,1,-1,-1,-1,-1,1,1,-1,1,-1,-1,1,1,1,-1,1,-1,-1,-1,0.009990613907575607
-1,1,-1,-1,-1,-1,1,1,-1,1,-1,1,-1,-1,-1,-1,-1,-1,1,-1,0.009990613907575607
-1,1,-1,-1,-1,-1,1,1,-1,1,-1,1,-1,1,1,1,1,1,1,1,0.009990613907575607
-1,1,-1,-1,-1,-1,1,1,-1,1,-1,1,1,-1,1,-1,1,1,-1,1,0.009990613907575607
-1,1,-1,-1,-1,-1,1,1,-1,1,-1,1,1,1,1,-1,1,1,1,-1,0.009990613907575607
-1,1,-1,-1,-1,-1,1,1,-1,1,-1,1,1,1,1,1,-1,1,1,-1,0.009990613907575607
-1,1,-1,-1,-1,-1,1,1,-1,1,1,-1,-1,1,-1,-1,-1,1,-1,-1,0.009990613907575607
-1,1,-1,-1,-1,-1,1,1,-1,1,1,1,-1,-1,1,1,1,-1,1,1,0.009990613907575607
-1,1,-1,-1,-1,-1,1,1,-1,1,1,1,-1,1,-1,-1,-1,1,1,-1,0.009990613907575607
-1,1,-1,-1,-1,-1,1,1,-1,1,1,1,-1,1,1,-1,1,-1,-1,1,0.009990613907575607
-1,1,-1,-1,-1,-1,1,1,-1,1,1,1,-1,1,1,1,-1,1,-1,-1,0.009990613907575607
-1,1,-1,-1,-1,-1,1,1,1,-1,-1,-1,-1,-1,1,1,1,-1,1,-1,0.009990613907575607
-1,1,-1,-1,-1,-1,1,1,1,-1,-1,-1,1,1,-1,-1,1,-1,1,1,0.009990613907575607
-1,1,-1,-1,-1,-1,1,1,1,-1,-1,-1,1,1,1,-1,-1,1,-1,1,0.009990613907575607
-1,1,-1,-1,-1,-1,1,1,1,-1,-1,1,-1,1,1,-1,1,1,-1,1,0.009990613907575607
-1,1,-1,-1,-1,-1,1,1,1,-1,-1,1,1,1,-1,-1,1,1,1,-1,0.009990613907575607
-1,1,-1,-1,-1,-1,1,1,1,-1,-1,1,1,1,1,1,-1,-1,1,1,0.009990613907575607
-1,1,-1,-1,-1,-1,1,1,1,-1,1,-1,-1,1,-1,-1,1,1,1,-1,0.009990613907575607
-1,1,-1,-1,-1,-1,1,1,1,-1,1,-1,-1,1,1,1,1,1,1,-1,0.009990613907575607
-1,1,-1,-1,-1,-1,1,1,1,-1,1,-1,-1,1,1,1,1,1,1,1,0.009990613907575607
-1,1,-1,-1,-1,-1,1,1,1,-1,1,1,-1,-1,1,1,1,1,-1,1,0.009990613907575607
-1,1,-1,-1,-1,-1,1,1,1,-1,1,1,-1,1,1,-1,-1,-1,1,1,0.009990613907575607
-1,1,-1,-1,-1,-1,1,1,1,-1,1,1,1,1,1,1,1,1,-1,-1,0.009990613907575607
-1,1,-1,-1,-1,-1,1,1,1,1,-1,-1,-1,-1,-1,-1,-1,-1,-1,1,0.009990613907575607
-1,1,-1,-1,-1,-1,1,1,1,1,-1,-1,-1,-1,-1,-1,-1,1,1,1,0.009990613907575607
-1,1,-1,-1,-1,-1,1,1,1,1,-1,-1,-1,1,1,-1,1,1,1,-1,0.009990613907575607
-1,1,-1,-1,-1,-1,1,1,1,1,1,-1,1,1,-1,-1,1,-1,1,1,0.009990613907575607
-1,1,-1,-1,-1,-1,1,1,1,1,1,1,-1,-1,-1,-1,-1,-1,1,-1,0.009990613907575607
-1,1,-1,-1,-1,-1,1,1,1,1,1,1,1,-1,-1,1,1,1,1,-1,0.009990613907575607
-1,1,-1,-1,-1,1,-1,-1,-1,-1,-1,-1,-1,-1,1,-1,-1,-1,-1,1,0.009990613907575607
-1,1,-1,-1,-1,1,-1,-1,-1,-1,-1,-1,-1,-1,1,-1,1,1,-1,1,0.009990613907575607
-1,1,-1,-1,-1,1,-1,-1,-1,-1,-1,-1,-1,1,-1,-1,1,1,-1,1,0.009990613907575607
-1,1,-1,-1,-1,1,-1,-1,-1,-1,1,-1,-1,1,1,-1,-1,-1,-1,1,0.009990613907575607
-1,1,-1,-1,-1,1,-1,-1,-1,-1,1,-1,1,1,-1,1,1,1,1,1,0.009990613907575607
-1,1,-1,-1,-1,1,-1,-1,-1,-1,1,1,-1,-1,1,-1,1,-1,-1,1,0.009990613907575607
-1,1,-1,-1,-1,1,-1,-1,-1,-1,1,1,-1,-1,1,1,-1,1,-1,1,0.009990613907575607
-1,1,-1,-1,-1,1,-1,-1,-1,-1,1,1,1,-1,-1,1,1,-1,1,-1,0.009990613907575607
-1,1,-1,-1,-1,1,-1,-1,-1,-1,1,1,1,-1,1,1,-1,-1,-1,1,0.009990613907575607
-1,1,-1,-1,-1,1,-1,-1,-1,-1,1,1,1,-1,1,1,1,1,-1,-1,0.009990613907575607
-1,1,-1,-1,-1,1,-1,-1,-1,1,-1,-1,-1,1,1,1,-1,-1,-1,1,0.009990613907575607
-1,1,-1,-1,-1,1,-1,-1,-1,1,-1,-1,-1,1,1,1,-1,-1,1,1,0.009990613907575607
-1,1,-1,-1,-1,1,-1,-1,-1,1,-1,-1,1,-1,1,-1,-1,1,1,1,0.009990613907575607
-1,1,-1,-1,-1,1,-1,-1,-1,1,-1,-1,1,1,-1,-1,1,1,-1,1,0.009990613907575607
-1,1,-1,-1,-1,1,-1,-1,-1,1,-1,1,-1,-1,1,-1,1,-1,-1,1,0.009990613907575607
-1,1,-1,-1,-1,1,-1,-1,-1,1,-1,1,1,-1,-1,1,-1,-1,1,1,0.009990613907575607
-1,1,-1,-1,-1,1,-1,-1,-1,1,-1,1,1,1,-1,1,-1,1,-1,1,0.009990613907575607
-1,1,-1,-1,-1,1,-1,-1,-1,1,1,-1,-1,-1,-1,-1,-1,-1,1,1,0.009990613907575607
-1,1,-1,-1,-1,1,-1,-1,-1,1,1,-1,-1,-1,1,-1,1,1,-1,1,0.009990613907575607
-1,1,-1,-1,-1,1,-1,-1,1,-1,-1,-1,1,1,-1,1,-1,1,1,1,0.009990613907575607
-1,1,-1,-1,-1,1,-1,-1,1,-1,-1,1,-1,1,-1,1,-1,1,1,-1,0.009990613907575607
-1,1,-1,-1,-1,1,-1,-1,1,-1,-1,1,1,1,-1,-1,-1,1,-1,1,0.009990613907575607
-1,1,-1,-1,-1,1,-1,-1,1,-1,1,-1,-1,-1,-1,1,1,-1,-1,-1,0.009990613907575607
-1,1,-1,-1,-1,1,-1,-1,1,-1,1,1,-1,-1,1,-1,1,1,-1,1,0.009990613907575607
-1,1,-1,-1,-1,1,-1,-1,1,-1,1,1,1,1,-1,1,1,-1,-1,1,0.009990613907575607
-1,1,-1,-1,-1,1,-1,-1,1,1,-1,-1,-1,-1,-1,-1,-1,-1,1,1,0.009990613907575607
-1,1,-1,-1,-1,1,-1,-1,1,1,-1,-1,-1,-1,-1,1,1,-1,-1,1,0.009990613907575607
-1,1,-1,-1,-1,1,-1,-1,1,1,-1,1,-1,1,1,-1,1,1,1,-1,0.009990613907575607
-1,1,-1,-1,-1,1,-1,-1,1,1,1,-1,1,1,1,-1,-1,1,-1,-1,0.009990613907575607
-1,1,-1,-1,-1,1,-1,-1,1,1,1,1,1,-1,-1,-1,-1,-1,-1,-1,0.009990613907575607
-1,1,-1,-1,-1,1,-1,1,-1,-1,-1,-1,1,1,1,-1,-1,-1,-1,-1,0.009990613907575607
-1,1,-1,-1,-1,1,-1,1,-1,-1,-1,1,1,1,-1,-1,-1,1,1,-1,0.009990613907575607
-1,1,-1,-1,-1,1,-1,1,-1,-1,-1,1,1,1,1,1,1,-1,1,-1,0.009990613907575607
-1,1,-1,-1,-1,1,-1,1,-1,-1,1,-1,1,-1,-1,1,-1,1,1,1,0.009990613907575607
-1,1,-1,-1,-1,1,-1,1,-1,-1,1,1,-1,-1,-1,-1,1,1,-1,1,0.009990613907575607
-1,1,-1,-1,-1,1,-1,1,-1,-1,1,1,-1,-1,1,-1,1,1,-1,1,0.009990613907575607
-1,1,-1,-1,-1,1,-1,1,-1,-1,1,1,1,-1,-1,-1,1,1,-1,-1,0.009990613907575607
-1,1,-1,-1,-1,1,-1,1,-1,-1,1,1,1,-1,-1,1,-1,1,1,-1,0.009990613907575607
-1,1,-1,-1,-1,1,-1,1,-1,1,-1,-1,-1,1,1,-1,1,-1,-1,-1,0.009990613907575607
-1,1,-1,-1,-1,1,-1,1,-1,1,-1,1,1,1,-1,-1,1,1,-1,1,0.009990613907575607
-1,1,-1,-1,-1,1,-1,1,-1,1,-1,1,1,1,1,1,1,1,1,-1,0.009990613907575607
-1,1,-1,-1,-1,1,-1,1,-1,1,1,-1,1,1,1,-1,-1,1,-1,-1,0.009990613907575607
-1,1,-1,-1,-1,1,-1,1,-1,1,1,-1,1,1,1,-1,-1,1,-1,1,0.009990613907575607
-1,1,-1,-1,-1,1,-1,1,-1,1,1,1,1,-1,1,-1,-1,1,-1,1,0.009990613907575607
-1,1,-1,-1,-1,1,-1,1,-1,1,1,1,1,-1,1,1,-1,-1,-1,1,0.009990613907575607
-1,1,-1,-1,-1,1,-1,1,1,-1,-1,-1,-1,1,1,-1,1,-1,1,1,0.009990613907575607
-1,1,-1,-1,-1,1,-1,1,1,-1,-1,-1,1,1,-1,-1,-1,-1,-1,1,0.009990613907575607
-1,1,-1,-1,-1,1,-1,1,1,-1,-1,1,-1,-1,-1,-1,1,1,1,-1,0.009990613907575607
-1,1,-1,-1,-1,1,-1,1,1,-1,-1,1,-1,1,-1,1,-1,1,-1,-1,0.009990613907575607
-1,1,-1,-1,-1,1,-1,1,1,-1,-1,1,1,1,-1,-1,1,-1,-1,1,0.009990613907575607
-1,1,-1,-1,-1,1,-1,1,1,-1,1,-1,-1,-1,1,-1,-1,-1,1,-1,0.009990613907575607
-1,1,-1,-1,-1,1,-1,1,1,-1,1,-1,1,1,-1,1,1,1,-1,-1,0.009990613907575607
-1,1,-1,-1,-1,1,-1,1,1,-1,1,1,1,1,-1,-1,1,-1,-1,1,0.009990613907575607
-1,1,-1,-1,-1,1,-1,1,1,-1,1,1,1,1,-1,1,-1,-1,1,1,0.009990613907575607
-1,1,-1,-1,-1,1,-1,1,1,-1,1,1,1,1,1,-1,-1,1,-1,1,0.009990613907575607
-1,1,-1,-1,-1,1,-1,1,1,-1,1,1,1,1,1,1,1,-1,-1,-1,0.009990613907575607
-1,1,-1,-1,-1,1,-1,1,1,1,-1,1,-1,-1,-1,-1,-1,1,1,-1,0.009990613907575607
-1,1,-1,-1,-1,1,-1,1,1,1,-1,1,-1,1,1,1,-1,-1,1,-1,0.009990613907575607
-1,1,-1,-1,-1,1,-1,1,1,1,-1,1,1,-1,-1,-1,1,-1,1,1,0.009990613907575607
-1,1,-1,-1,-1,1,-1,1,1,1,-1,1,1,-1,-1,-1,1,1,1,-1,0.009990613907575607
-1,1,-1,-1,-1,1,-1,1,1,1,-1,1,1,-1,1,-1,1,-1,1,-1,0.009990613907575607
-1,1,-1,-1,-1,1,-1,1,1,1,-1,1,1,-1,1,1,1,-1,-1,-1,0.009990613907575607
-1,1,-1,-1,-1,1,-1,1,1,1,1,-1,-1,-1,-1,1,1,1,1,1,0.009990613907575607
-1,1,-1,-1,-1,1,-1,1,1,1,1,-1,-1,-1,1,1,-1,1,1,1,0.009990613907575607
-1,1,-1,-1,-1,1,-1,1,1,1,1,1,-1,-1,1,1,1,1,1,1,0.009990613907575607
-1,1,-1,-1,-1,1,1,-1,-1,-1,1,-1,-1,1,1,-1,1,1,1,1,0.009990613907575607
-1,1,-1,-1,-1,1,1,-1,-1,-1,1,-1,-1,1,1,1,1,1,1,-1,0.009990613907575607
-1,1,-1,-1,-1,1,1,-1,-1,-1,1,-1,1,1,1,-1,1,1,1,1,0.009990613907575607
-1,1,-1,-1,-1,1,1,-1,-1,-1,1,1,-1,1,1,-1,1,-1,-1,-1,0.009990613907575607
-1,1,-1,-1,-1,1,1,-1,-1,-1,1,1,-1,1,1,-1,1,1,-1,1,0.009990613907575607
-1,1,-1,-1,-1,1,1,-1,-1,-1,1,1,-1,1,1,1,-1,-1,1,1,0.009990613907575607
-1,1,-1,-1,-1,1,1,-1,-1,-1,1,1,1,-1,-1,1,-1,1,-1,-1,0.009990613907575607
-1,1,-1,-1,-1,1,1,-1,-1,1,-1,-1,-1,1,1,1,-1,-1,-1,-1,0.009990613907575607
-1,1,-1,-1,-1,1,1,-1,-1,1,-1,-1,1,-1,-1,1,-1,-1,1,1,0.009990613907575607
-1,1,-1,-1,-1,1,1,-1,-1,1,-1,-1,1,-1,-1,1,-1,1,-1,1,0.009990613907575607
-1,1,-1,-1,-1,1,1,-1,-1,1,-1,-1,1,-1,1,-1,-1,1,-1,1,0.009990613907575607
-1,1,-1,-1,-1,1,1,-1,-1,1,-1,1,1,1,-1,-1,-1,-1,-1,1,0.009990613907575607
-1,1,-1,-1,-1,1,1,-1,-1,1,-1,1,1,1,-1,-1,-1,1,1,1,0.009990613907575607
-1,1,-1,-1,-1,1,1,-1,-1,1,-1,1,1,1,-1,1,1,-1,1,1,0.009990613907575607
-1,1,-1,-1,-1,1,1,-1,-1,1,-1,1,1,1,1,-1,1,1,-1,-1,0.009990613907575607
-1,1,-1,-1,-1,1,1,-1,-1,1,1,-1,-1,1,-1,1,1,1,1,1,0.009990613907575607
-1,1,-1,-1,-1,1,1,-1,-1,1,1,-1,1,-1,-1,-1,-1,1,1,-1,0.009990613907575607
-1,1,-1,-1,-1,1,1,-1,-1,1,1,-1,1,-1,1,-1,-1,-1,1,-1,0.009990613907575607
-1,1,-1,-1,-1,1,1,-1,1,-1,-1,-1,-1,1,1,1,1,1,-1,-1,0.009990613907575607
-1,1,-1,-1,-1,1,1,-1,1,-1,1,-1,-1,1,1,-1,-1,-1,1,1,0.009990613907575607
-1,1,-1,-1,-1,1,1,-1,1,-1,1,-1,1,1,-1,-1,1,-1,-1,1,0.009990613907575607
-1,1,-1,-1,-1,1,1,-1,1,-1,1,1,-1,-1,-1,1,1,-1,1,1,0.009990613907575607
-1,1,-1,-1,-1,1,1,-1,1,-1,1,1,-1,-1,1,-1,-1,1,-1,1,0.009990613907575607
-1,1,-1,-1,-1,1,1,-1,1,-1,1,1,-1,1,-1,1,-1,-1,1,-1,0.009990613907575607
-1,1,-1,-1,-1,1,1,-1,1,-1,1,1,-1,1,1,1,1,1,-1,1,0.009990613907575607
-1,1,-1,-1,-1,1,1,-1,1,-1,1,1,1,-1,-1,-1,-1,-1,1,-1,0.009990613907575607
-1,1,-1,-1,-1,1,1,-1,1,-1,1,1,1,1,-1,-1,-1,1,1,1,0.009990613907575607
-1,1,-1,-1,-1,1,1,-1,1,1,-1,-1,-1,-1,1,1,-1,-1,1,-1,0.009990613907575607
-1,1,-1,-1,-1,1,1,-1,1,1,-1,-1,-1,1,1,-1,1,1,1,1,0.009990613907575607
-1,1,-1,-1,-1,1,1,-1,1,1,-1,-1,1,-1,-1,-1,-1,-1,-1,1,0.009990613907575607
-1,1,-1,-1,-1,1,1,-1,1,1,-1,-1,1,-1,-1,-1,-1,1,-1,-1,0.009990613907575607
-1,1,-1,-1,-1,1,1,-1,1,1,-1,1,1,1,-1,-1,1,-1,-1,-1,0.009990613907575607
-1,1,-1,-1,-1,1,1,-1,1,1,1,-1,-1,-1,1,1,-1,1,-1,1,0.009990613907575607
-1,1,-1,-1,-1,1,1,-1,1,1,1,-1,1,1,-1,1,-1,-1,1,-1,0.009990613907575607
-1,1,-1,-1,-1,1,1,-1,1,1,1,1,-1,-1,1,1,1,-1,-1,-1,0.009990613907575607
-1,1,-1,-1,-1,1,1,-1,1,1,1,1,-1,-1,1,1,1,-1,1,-1,0.009990613907575607
-1,1,-1,-1,-1,1,1,-1,1,1,1,1,1,-1,1,1,-1,-1,-1,-1,0.009990613907575607
-1,1,-1,-1,-1,1,1,-1,1,1,1,1,1,1,1,1,1,-1,-1,-1,0.009990613907575607
-1,1,-1,-1,-1,1,1,1,-1,-1,-1,-1,-1,-1,-1,-1,-1,1,-1,-1,0.009990613907575607
-1,1,-1,-1,-1,1,1,1,-1,-1,-1,-1,1,-1,1,-1,1,-1,-1,-1,0.009990613907575607
-1,1,-1,-1,-1,1,1,1,-1,-1,-1,1,1,1,-1,1,1,1,1,-1,0.009990613907575607
-1,1,-1,-1,-1,1,1,1,-1,-1,1,-1,-1,-1,-1,-1,1,1,1,1,0.009990613907575607
-1,1,-1,-1,-1,1,1,1,-1,-1,1,-1,-1,-1,1,-1,-1,1,-1,1,0.009990613907575607
-1,1,-1,-1,-1,1,1,1,-1,-1,1,-1,-1,-1,1,1,-1,-1,1,1,0.009990613907575607
-1,1,-1,-1,-1,1,1,1,-1,-1,1,-1,-1,1,1,1,-1,-1,-1,-1,0.009990613907575607
-1,1,-1,-1,-1,1,1,1,-1,-1,1,-1,1,-1,-1,-1,1,1,1,1,0.009990613907575607
-1,1,-1,-1,-1,1,1,1,-1,-1,1,-1,1,1,-1,-1,1,1,-1,1,0.009990613907575607
-1,1,-1,-1,-1,1,1,1,-1,-1,1,-1,1,1,-1,1,1,1,-1,1,0.009990613907575607
-1,1,-1,-1,-1,1,1,1,-1,-1,1,-1,1,1,1,1,-1,-1,1,1,0.009990613907575607
-1,1,-1,-1,-1,1,1,1,-1,-1,1,1,-1,1,1,-1,-1,1,1,-1,0.009990613907575607
-1,1,-1,-1,-1,1,1,1,-1,-1,1,1,1,1,-1,-1,-1,1,-1,-1,0.009990613907575607
-1,1,-1,-1,-1,1,1,1,-1,1,-1,-1,-1,-1,1,-1,-1,-1,1,1,0.009990613907575607
-1,1,-1,-1,-1,1,1,1,-1,1,-1,-1,1,1,1,-1,-1,1,1,1,0.009990613907575607
-1,1,-1,-1,-1,1,1,1,-1,1,-1,1,-1,-1,-1,-1,-1,1,1,-1,0.009990613907575607
-1,1,-1,-1,-1,1,1,1,-1,1,-1,1,-1,-1,1,-1,-1,-1,1,1,0.009990613907575607
-1,1,-1,-1,-1,1,1,1,-1,1,-1,1,1,-1,-1,-1,1,1,-1,1,0.009990613907575607
-1,1,-1,-1,-1,1,1,1,-1,1,1,1,-1,-1,-1,-1,1,1,-1,1,0.009990613907575607
-1,1,-1,-1,-1,1,1,1,1,-1,-1,-1,-1,-1,-1,-1,1,-1,1,1,0.009990613907575607
-1,1,-1,-1,-1,1,1,1,1,-1,-1,-1,-1,-1,1,1,-1,1,1,-1,0.009990613907575607
-1,1,-1,-1,-1,1,1,1,1,-1,-1,-1,1,1,1,1,1,-1,-1,-1,0.009990613907575607
-1,1,-1,-1,-1,1,1,1,1,-1,-1,1,1,-1,-1,1,1,1,1,1,0.009990613907575607
-1,1,-1,-1,-1,1,1,1,1,-1,-1,1,1,1,-1,-1,-1,-1,1,-1,0.009990613907575607
-1,1,-1,-1,-1,1,1,1,1,-1,-1,1,1,1,1,-1,-1,1,1,-1,0.009990613907575607
-1,1,-1,-1,-1,1,1,1,1,-1,1,1,-1,1,-1,-1,1,1,1,1,0.009990613907575607
-1,1,-1,-1,-1,1,1,1,1,-1,1,1,-1,1,1,-1,1,-1,-1,-1,0.009990613907575607
-1,1,-1,-1,-1,1,1,1,1,-1,1,1,-1,1,1,1,-1,-1,-1,1,0.009990613907575607
-1,1,-1,-1,-1,1,1,1,1,-1,1,1,1,1,1,1,1,-1,-1,1,0.009990613907575607
-1,1,-1,-1,-1,1,1,1,1,1,-1,-1,-1,-1,-1,-1,-1,-1,-1,1,0.009990613907575607
-1,1,-1,-1,-1,1,1,1,1,1,-1,-1,-1,1,1,1,-1,-1,1,-1,0.009990613907575607
-1,1,-1,-1,-1,1,1,1,1,1,-1,1,-1,-1,-1,-1,1,-1,-1,-1,0.009990613907575607
-1,1,-1,-1,-1,1,1,1,1,1,-1,1,-1,1,-1,1,-1,-1,1,-1,0.009990613907575607
-1,1,-1,-1,-1,1,1,1,1,1,1,-1,1,1,-1,1,1,-1,-1,-1,0.009990613907575607
-1,1,-1,-1,-1,1,1,1,1,1,1,1,-1,-1,1,-1,1,-1,-1,-1,0.009990613907575607
-1,1,-1,-1,1,-1,-1,-1,-1,-1,-1,-1,-1,1,-1,1,1,-1,1,-1,0.009990613907575607
-1,1,-1,-1,1,-1,-1,-1,-1,-1,-1,-1,1,-1,-1,-1,-1,-1,1,1,0.009990613907575607
-1,1,-1,-1,1,-1,-1,-1,-1,-1,-1,-1,1,-1,1,1,-1,-1,-1,1,0.009990613907575607
-1,1,-1,-1,1,-1,-1,-1,-1,-1,-1,-1,1,1,-1,-1,-1,1,1,-1,0.009990613907575607
-1,1,-1,-1,1,-1,-1,-1,-1,-1,-1,-1,1,1,1,-1,-1,1,-1,1,0.009990613907575607
-1,1,-1,-1,1,-1,-1,-1,-1,-1,-1,1,-1,1,-1,-1,1,1,-1,1,0.009990613907575607
-1,1,-1,-1,1,-1,-1,-1,-1,-1,-1,1,-1,1,1,-1,-1,1,1,1,0.009990613907575607
-1,1,-1,-1,1,-1,-1,-1,-1,-1,-1,1,-1,1,1,-1,1,-1,1,1,0.009990613907575607
-1,1,-1,-1,1,-1,-1,-1,-1,-1,1,-1,-1,1,-1,-1,1,-1,-1,1,0.009990613907575607
-1,1,-1,-1,1,-1,-1,-1,-1,-1,1,-1,-1,1,1,-1,-1,-1,1,-1,0.009990613907575607
-1,1,-1,-1,1,-1,-1,-1,-1,-1,1,-1,-1,1,1,1,1,-1,-1,1,0.009990613907575607
-1,1,-1,-1,1,-1,-1,-1,-1,-1,1,-1,1,-1,-1,-1,1,1,1,-1,0.009990613907575607
-1,1,-1,-1,1,-1,-1,-1,-1,-1,1,1,-1,-1,1,-1,-1,1,1,1,0.009990613907575607
-1,1,-1,-1,1,-1,-1,-1,-1,-1,1,1,-1,-1,1,1,-1,1,-1,-1,0.009990613907575607
-1,1,-1,-1,1,-1,-1,-1,-1,-1,1,1,1,1,-1,1,1,-1,-1,1,0.009990613907575607
-1,1,-1,-1,1,-1,-1,-1,-1,-1,1,1,1,1,-1,1,1,1,1,-1,0.009990613907575607
-1,1,-1,-1,1,-1,-1,-1,-1,1,-1,-1,-1,-1,-1,1,1,1,-1,1,0.009990613907575607
-1,1,-1,-1,1,-1,-1,-1,-1,1,-1,-1,1,-1,-1,-1,-1,-1,-1,1,0.009990613907575607
-1,1,-1,-1,1,-1,-1,-1,-1,1,-1,-1,1,-1,1,1,-1,1,1,1,0.009990613907575607
-1,1,-1,-1,1,-1,-1,-1,-1,1,-1,-1,1,1,-1,1,1,1,-1,-1,0.009990613907575607
-1,1,-1,-1,1,-1,-1,-1,-1,1,-1,-1,1,1,1,1,-1,-1,-1,-1,0.009990613907575607
-1,1,-1,-1,1,-1,-1,-1,-1,1,-1,-1,1,1,1,1,-1,-1,1,1,0.009990613907575607
-1,1,-1,-1,1,-1,-1,-1,-1,1,-1,1,-1,-1,-1,1,-1,1,1,-1,0.009990613907575607
-1,1,-1,-1,1,-1,-1,-1,-1,1,-1,1,-1,-1,-1,1,1,-1,1,-1,0.009990613907575607
-1,1,-1,-1,1,-1,-1,-1,-1,1,-1,1,-1,-1,1,1,-1,-1,-1,-1,0.009990613907575607
-1,1,-1,-1,1,-1,-1,-1,-1,1,-1,1,1,1,1,1,1,-1,-1,1,0.009990613907575607
-1,1,-1,-1,1,-1,-1,-1,-1,1,1,1,1,1,-1,-1,-1,-1,1,1,0.009990613907575607
-1,1,-1,-1,1,-1,-1,-1,-1,1,1,1,1,1,1,1,-1,1,-1,-1,0.009990613907575607
-1,1,-1,-1,1,-1,-1,-1,1,-1,-1,-1,-1,-1,-1,-1,1,-1,-1,-1,0.009990613907575607
-1,1,-1,-1,1,-1,-1,-1,1,-1,-1,-1,1,1,-1,1,-1,1,-1,1,0.009990613907575607
-1,1,-1,-1,1,-1,-1,-1,1,-1,-1,1,-1,1,1,1,-1,-1,1,1,0.009990613907575607
-1,1,-1,-1,1,-1,-1,-1,1,-1,-1,1,1,-1,-1,-1,1,-1,1,1,0.009990613907575607
-1,1,-1,-1,1,-1,-1,-1,1,-1,-1,1,1,-1,-1,1,1,-1,-1,-1,0.009990613907575607
-1,1,-1,-1,1,-1,-1,-1,1,-1,1,-1,1,-1,-1,-1,-1,-1,-1,-1,0.009990613907575607
-1,1,-1,-1,1,-1,-1,-1,1,-1,1,-1,1,1,-1,1,-1,1,-1,-1,0.009990613907575607
-1,1,-1,-1,1,-1,-1,-1,1,-1,1,1,-1,-1,-1,1,-1,1,-1,-1,0.009990613907575607
-1,1,-1,-1,1,-1,-1,-1,1,-1,1,1,1,1,-1,-1,-1,1,1,-1,0.009990613907575607
-1,1,-1,-1,1,-1,-1,-1,1,1,-1,-1,-1,-1,1,-1,1,-1,1,1,0.009990613907575607
-1,1,-1,-1,1,-1,-1,-1,1,1,-1,-1,1,-1,-1,-1,1,1,1,-1,0.009990613907575607
-1,1,-1,-1,1,-1,-1,-1,1,1,-1,-1,1,-1,1,1,1,-1,1,-1,0.009990613907575607
-1,1,-1,-1,1,-1,-1,-1,1,1,-1,-1,1,1,-1,1,1,1,-1,-1,0.009990613907575607
-1,1,-1,-1,1,-1,-1,-1,1,1,-1,-1,1,1,1,1,-1,-1,1,1,0.009990613907575607
-1,1,-1,-1,1,-1,-1,-1,1,1,-1,1,-1,-1,-1,1,1,-1,1,1,0.009990613907575607
-1,1,-1,-1,1,-1,-1,-1,1,1,-1,1,1,-1,-1,-1,1,1,1,-1,0.009990613907575607
-1,1,-1,-1,1,-1,-1,-1,1,1,-1,1,1,-1,-1,1,1,1,-1,1,0.009990613907575607
-1,1,-1,-1,1,-1,-1,-1,1,1,1,-1,-1,-1,-1,-1,1,1,1,1,0.009990613907575607
-1,1,-1,-1,1,-1,-1,-1,1,1,1,-1,-1,1,-1,-1,-1,1,-1,1,0.009990613907575607
-1,1,-1,-1,1,-1,-1,-1,1,1,1,-1,-1,1,1,-1,1,1,1,-1,0.009990613907575607
-1,1,-1,-1,1,-1,-1,-1,1,1,1,-1,1,-1,-1,1,1,1,-1,1,0.009990613907575607
-1,1,-1,-1,1,-1,-1,-1,1,1,1,1,-1,-1,1,1,-1,-1,1,1,0.009990613907575607
-1,1,-1,-1,1,-1,-1,1,-1,-1,-1,-1,-1,-1,1,1,1,-1,-1,-1,0.009990613907575607
-1,1,-1,-1,1,-1,-1,1,-1,-1,-1,-1,1,-1,-1,1,1,-1,-1,1,0.009990613907575607
-1,1,-1,-1,1,-1,-1,1,-1,-1,-1,1,1,1,-1,1,1,-1,-1,-1,0.009990613907575607
-1,1,-1,-1,1,-1,-1,1,-1,-1,-1,1,1,1,-1,1,1,-1,1,-1,0.009990613907575607
-1,1,-1,-1,1,-1,-1,1,-1,-1,1,-1,1,-1,-1,-1,-1,-1,1,1,0.009990613907575607
-1,1,-1,-1,1,-1,-1,1,-1,-1,1,-1,1,-1,1,-1,-1,1,-1,-1,0.009990613907575607
-1,1,-1,-1,1,-1,-1,1,-1,-1,1,-1,1,1,1,1,1,1,1,-1,0.009990613907575607
-1,1,-1,-1,1,-1,-1,1,-1,-1,1,1,-1,-1,-1,1,1,-1,1,-1,0.009990613907575607
-1,1,-1,-1,1,-1,-1,1,-1,-1,1,1,-1,-1,1,-1,-1,-1,1,1,0.009990613907575607
-1,1,-1,-1,1,-1,-1,1,-1,-1,1,1,1,-1,-1,1,1,1,1,1,0.009990613907575607
-1,1,-1,-1,1,-1,-1,1,-1,1,-1,-1,1,-1,1,1,-1,1,1,1,0.009990613907575607
-1,1,-1,-1,1,-1,-1,1,-1,1,-1,-1,1,-1,1,1,1,1,-1,1,0.009990613907575607
-1,1,-1,-1,1,-1,-1,1,-1,1,-1,-1,1,-1,1,1,1,1,1,-1,0.009990613907575607
-1,1,-1,-1,1,-1,-1,1,-1,1,-1,1,-1,1,-1,1,-1,-1,1,1,0.009990613907575607
-1,1,-1,-1,1,-1,-1,1,-1,1,-1,1,1,-1,-1,-1,1,-1,1,1,0.009990613907575607
-1,1,-1,-1,1,-1,-1,1,-1,1,1,-1,-1,1,1,-1,1,1,-1,1,0.009990613907575607
-1,1,-1,-1,1,-1,-1,1,-1,1,1,-1,1,-1,-1,1,1,-1,1,1,0.009990613907575607
-1,1,-1,-1,1,-1,-1,1,-1,1,1,1,-1,-1,-1,1,-1,1,-1,-1,0.009990613907575607
-1,1,-1,-1,1,-1,-1,1,-1,1,1,1,-1,1,1,1,-1,1,-1,-1,0.009990613907575607
-1,1,-1,-1,1,-1,-1,1,-1,1,1,1,1,-1,-1,1,1,-1,1,-1,0.009990613907575607
-1,1,-1,-1,1,-1,-1,1,-1,1,1,1,1,-1,1,1,-1,-1,1,1,0.009990613907575607
-1,1,-1,-1,1,-1,-1,1,1,-1,-1,-1,-1,-1,-1,1,-1,1,1,1,0.009990613907575607
-1,1,-1,-1,1,-1,-1,1,1,-1,-1,-1,1,-1,1,-1,1,1,-1,-1,0.009990613907575607
-1,1,-1,-1,1,-1,-1,1,1,-1,-1,-1,1,1,1,1,1,-1,1,1,0.009990613907575607
-1,1,-1,-1,1,-1,-1,1,1,-1,-1,1,-1,-1,1,-1,1,-1,-1,1,0.009990613907575607
-1,1,-1,-1,1,-1,-1,1,1,-1,-1,1,-1,1,-1,-1,-1,-1,-1,1,0.009990613907575607
-1,1,-1,-1,1,-1,-1,1,1,-1,-1,1,-1,1,-1,-1,1,1,1,-1,0.009990613907575607
-1,1,-1,-1,1,-1,-1,1,1,-1,-1,1,-1,1,1,-1,-1,1,-1,1,0.009990613907575607
-1,1,-1,-1,1,-1,-1,1,1,-1,1,-1,1,-1,1,1,-1,-1,-1,-1,0.009990613907575607
-1,1,-1,-1,1,-1,-1,1,1,-1,1,-1,1,1,-1,1,1,-1,-1,-1,0.009990613907575607
-1,1,-1,-1,1,-1,-1,1,1,-1,1,1,-1,-1,-1,-1,1,1,-1,-1,0.009990613907575607
-1,1,-1,-1,1,-1,-1,1,1,-1,1,1,-1,-1,-1,1,1,-1,-1,-1,0.009990613907575607
-1,1,-1,-1,1,-1,-1,1,1,-1,1,1,-1,-1,1,-1,-1,-1,1,1,0.009990613907575607
-1,1,-1,-1,1,-1,-1,1,1,-1,1,1,-1,1,1,-1,1,1,-1,1,0.009990613907575607
-1,1,-1,-1,1,-1,-1,1,1,-1,1,1,1,-1,-1,-1,-1,1,-1,1,0.009990613907575607
-1,1,-1,-1,1,-1,-1,1,1,1,-1,-1,-1,-1,1,1,-1,1,-1,-1,0.009990613907575607
-1,1,-1,-1,1,-1,-1,1,1,1,-1,-1,-1,1,1,-1,-1,1,-1,-1,0.009990613907575607
-1,1,-1,-1,1,-1,-1,1,1,1,-1,-1,1,-1,1,-1,1,1,-1,-1,0.009990613907575607
-1,1,-1,-1,1,-1,-1,1,1,1,-1,1,-1,1,1,1,-1,-1,1,-1,0.009990613907575607
-1,1,-1,-1,1,-1,-1,1,1,1,1,-1,-1,1,1,-1,-1,1,1,1,0.009990613907575607
-1,1,-1,-1,1,-1,-1,1,1,1,1,-1,1,-1,-1,-1,1,-1,-1,-1,0.009990613907575607
-1,1,-1,-1,1,-1,-1,1,1,1,1,-1,1,1,-1,-1,-1,-1,-1,-1,0.009990613907575607
-1,1,-1,-1,1,-1,-1,1,1,1,1,1,1,-1,1,1,1,-1,-1,1,0.009990613907575607
-1,1,-1,-1,1,-1,1,-1,-1,-1,-1,-1,-1,-1,-1,-1,1,-1,-1,-1,0.009990613907575607
-1,1,-1,-1,1,-1,1,-1,-1,-1,-1,-1,1,-1,-1,1,-1,1,-1,1,0.009990613907575607
-1,1,-1,-1,1,-1,1,-1,-1,-1,-1,-1,1,1,1,-1,-1,-1,-1,-1,0.009990613907575607
-1,1,-1,-1,1,-1,1,-1,-1,-1,-1,-1,1,1,1,-1,-1,1,-1,-1,0.009990613907575607
-1,1,-1,-1,1,-1,1,-1,-1,-1,-1,1,1,1,1,-1,-1,1,-1,-1,0.009990613907575607
-1,1,-1,-1,1,-1,1,-1,-1,-1,-1,1,1,1,1,1,1,1,1,1,0.009990613907575607
-1,1,-1,-1,1,-1,1,-1,-1,-1,1,-1,-1,1,1,1,-1,1,-1,1,0.009990613907575607
-1,1,-1,-1,1,-1,1,-1,-1,-1,1,-1,1,-1,1,-1,1,-1,-1,1,0.009990613907575607
-1,1,-1,-1,1,-1,1,-1,-1,-1,1,1,-1,-1,1,-1,1,-1,1,-1,0.009990613907575607
-1,1,-1,-1,1,-1,1,-1,-1,-1,1,1,-1,1,-1,1,-1,1,1,-1,0.009990613907575607
-1,1,-1,-1,1,-1,1,-1,-1,-1,1,1,1,-1,-1,1,-1,1,-1,1,0.009990613907575607
-1,1,-1,-1,1,-1,1,-1,-1,-1,1,1,1,-1,1,-1,-1,-1,-1,1,0.009990613907575607
-1,1,-1,-1,1,-1,1,-1,-1,1,-1,-1,1,1,1,-1,-1,1,-1,1,0.009990613907575607
-1,1,-1,-1,1,-1,1,-1,-1,1,-1,1,1,-1,1,1,1,-1,-1,-1,0.009990613907575607
-1,1,-1,-1,1,-1,1,-1,-1,1,-1,1,1,1,1,-1,-1,1,1,1,0.009990613907575607
-1,1,-1,-1,1,-1,1,-1,-1,1,1,-1,-1,-1,-1,1,1,1,1,-1,0.009990613907575607
-1,1,-1,-1,1,-1,1,-1,-1,1,1,-1,1,-1,1,-1,-1,-1,1,1,0.009990613907575607
-1,1,-1,-1,1,-1,1,-1,-1,1,1,-1,1,1,-1,1,-1,-1,1,-1,0.009990613907575607
-1,1,-1,-1,1,-1,1,-1,-1,1,1,-1,1,1,1,-1,-1,1,-1,1,0.009990613907575607
-1,1,-1,-1,1,-1,1,-1,-1,1,1,1,1,1,-1,-1,-1,-1,-1,-1,0.009990613907575607
-1,1,-1,-1,1,-1,1,-1,-1,1,1,1,1,1,-1,1,1,-1,-1,-1,0.009990613907575607
-1,1,-1,-1,1,-1,1,-1,-1,1,1,1,1,1,1,1,-1,-1,1,-1,0.009990613907575607
-1,1,-1,-1,1,-1,1,-1,1,-1,-1,-1,-1,1,-1,1,1,-1,1,-1,0.009990613907575607
-1,1,-1,-1,1,-1,1,-1,1,-1,-1,-1,1,1,1,-1,-1,1,1,-1,0.009990613907575607
-1,1,-1,-1,1,-1,1,-1,1,-1,-1,1,1,1,-1,-1,1,1,1,1,0.009990613907575607
-1,1,-1,-1,1,-1,1,-1,1,-1,-1,1,1,1,1,-1,1,-1,1,-1,0.009990613907575607
-1,1,-1,-1,1,-1,1,-1,1,-1,1,-1,-1,-1,-1,-1,1,1,-1,-1,0.009990613907575607
-1,1,-1,-1,1,-1,1,-1,1,-1,1,-1,-1,-1,-1,1,-1,1,1,1,0.009990613907575607
-1,1,-1,-1,1,-1,1,-1,1,-1,1,-1,1,-1,-1,1,-1,1,1,-1,0.009990613907575607
-1,1,-1,-1,1,-1,1,-1,1,-1,1,-1,1,-1,-1,1,1,-1,-1,1,0.009990613907575607
-1,1,-1,-1,1,-1,1,-1,1,-1,1,1,-1,1,-1,-1,-1,-1,-1,-1,0.009990613907575607
-1,1,-1,-1,1,-1,1,-1,1,-1,1,1,1,-1,1,1,-1,1,-1,-1,0.009990613907575607
-1,1,-1,-1,1,-1,1,-1,1,1,-1,1,-1,-1,1,-1,-1,1,-1,1,0.009990613907575607
-1,1,-1,-1,1,-1,1,-1,1,1,-1,1,-1,-1,1,1,-1,1,1,1,0.009990613907575607
-1,1,-1,-1,1,-1,1,-1,1,1,1,-1,1,-1,1,1,1,1,-1,1,0.009990613907575607
-1,1,-1,-1,1,-1,1,-1,1,1,1,1,-1,1,1,1,1,1,1,1,0.009990613907575607
-1,1,-1,-1,1,-1,1,-1,1,1,1,1,1,-1,1,1,-1,1,-1,1,0.009990613907575607
-1,1,-1,-1,1,-1,1,1,-1,-1,-1,-1,1,1,-1,1,-1,1,-1,1,0.009990613907575607
-1,1,-1,-1,1,-1,1,1,-1,-1,-1,1,1,1,1,1,-1,-1,-1,-1,0.009990613907575607
-1,1,-1,-1,1,-1,1,1,-1,-1,1,-1,1,-1,-1,-1,-1,1,-1,-1,0.009990613907575607
-1,1,-1,-1,1,-1,1,1,-1,-1,1,1,-1,-1,-1,1,-1,-1,-1,1,0.009990613907575607
-1,1,-1,-1,1,-1,1,1,-1,1,-1,-1,-1,1,1,-1,-1,1,1,1,0.009990613907575607
-1,1,-1,-1,1,-1,1,1,-1,1,-1,1,1,-1,-1,-1,-1,1,-1,1,0.009990613907575607
-1,1,-1,-1,1,-1,1,1,-1,1,-1,1,1,-1,1,1,1,-1,-1,-1,0.009990613907575607
-1,1,-1,-1,1,-1,1,1,-1,1,-1,1,1,1,-1,-1,-1,1,1,1,0.009990613907575607
-1,1,-1,-1,1,-1,1,1,-1,1,1,-1,-1,1,-1,-1,-1,1,1,-1,0.009990613907575607
-1,1,-1,-1,1,-1,1,1,-1,1,1,-1,1,-1,1,-1,-1,1,1,-1,0.009990613907575607
-1,1,-1,-1,1,-1,1,1,-1,1,1,-1,1,1,-1,-1,1,-1,1,-1,0.009990613907575607
-1,1,-1,-1,1,-1,1,1,-1,1,1,-1,1,1,-1,1,-1,1,1,1,0.009990613907575607
-1,1,-1,-1,1,-1,1,1,-1,1,1,1,-1,1,-1,1,1,1,1,-1,0.009990613907575607
-1,1,-1,-1,1,-1,1,1,-1,1,1,1,-1,1,1,-1,-1,-1,1,-1,0.009990613907575607
-1,1,-1,-1,1,-1,1,1,-1,1,1,1,1,-1,1,-1,-1,1,-1,1,0.009990613907575607
-1,1,-1,-1,1,-1,1,1,-1,1,1,1,1,1,1,-1,1,1,1,-1,0.009990613907575607
-1,1,-1,-1,1,-1,1,1,1,-1,-1,-1,-1,-1,-1,-1,-1,-1,-1,-1,0.009990613907575607
-1,1,-1,-1,1,-1,1,1,1,-1,-1,-1,1,1,1,1,1,-1,1,1,0.009990613907575607
-1,1,-1,-1,1,-1,1,1,1,-1,1,-1,-1,-1,-1,-1,-1,-1,1,1,0.009990613907575607
-1,1,-1,-1,1,-1,1,1,1,-1,1,-1,-1,-1,-1,1,1,-1,1,1,0.009990613907575607
-1,1,-1,-1,1,-1,1,1,1,-1,1,-1,-1,1,-1,-1,1,1,-1,-1,0.009990613907575607
-1,1,-1,-1,1,-1,1,1,1,-1,1,-1,1,1,-1,-1,1,1,1,-1,0.009990613907575607
-1,1,-1,-1,1,-1,1,1,1,-1,1,1,-1,-1,1,-1,-1,-1,1,-1,0.009990613907575607
-1,1,-1,-1,1,-1,1,1,1,-1,1,1,-1,-1,1,1,1,-1,-1,-1,0.009990613907575607
-1,1,-1,-1,1,-1,1,1,1,-1,1,1,-1,1,-1,1,-1,1,1,-1,0.009990613907575607
-1,1,-1,-1,1,-1,1,1,1,-1,1,1,1,-1,-1,1,1,1,-1,1,0.009990613907575607
-1,1,-1,-1,1,-1,1,1,1,-1,1,1,1,1,-1,1,-1,-1,-1,-1,0.009990613907575607
-1,1,-1,-1,1,-1,1,1,1,1,-1,-1,1,1,1,1,1,-1,1,1,0.009990613907575607
-1,1,-1,-1,1,-1,1,1,1,1,1,-1,1,-1,-1,1,-1,-1,-1,-1,0.009990613907575607
-1,1,-1,-1,1,-1,1,1,1,1,1,1,-1,-1,-1,1,-1,-1,1,-1,0.009990613907575607
-1,1,-1,-1,1,-1,1,1,1,1,1,1,-1,-1,1,1,1,1,-1,1,0.009990613907575607
-1,1,-1,-1,1,-1,1,1,1,1,1,1,-1,1,-1,1,-1,-1,1,-1,0.009990613907575607
-1,1,-1,-1,1,1,-1,-1,-1,-1,-1,-1,-1,1,-1,-1,-1,-1,-1,1,0.009990613907575607
-1,1,-1,-1,1,1,-1,-1,-1,-1,-1,-1,-1,1,-1,-1,1,-1,1,-1,0.009990613907575607
-1,1,-1,-1,1,1,-1,-1,-1,-1,-1,-1,1,-1,-1,-1,-1,-1,-1,-1,0.009990613907575607
-1,1,-1,-1,1,1,-1,-1,-1,-1,-1,-1,1,-1,1,1,1,1,1,-1,0.009990613907575607
-1,1,-1,-1,1,1,-1,-1,-1,-1,-1,1,-1,-1,-1,1,-1,1,1,-1,0.009990613907575607
-1,1,-1,-1,1,1,-1,-1,-1,-1,-1,1,-1,-1,-1,1,1,1,1,1,0.009990613907575607
-1,1,-1,-1,1,1,-1,-1,-1,-1,-1,1,-1,-1,1,-1,-1,1,-1,-1,0.009990613907575607
-1,1,-1,-1,1,1,-1,-1,-1,-1,-1,1,-1,1,-1,-1,-1,-1,-1,1,0.009990613907575607
-1,1,-1,-1,1,1,-1,-1,-1,-1,-1,1,1,-1,-1,-1,1,-1,-1,1,0.009990613907575607
-1,1,-1,-1,1,1,-1,-1,-1,-1,-1,1,1,-1,1,1,1,-1,1,1,0.009990613907575607
-1,1,-1,-1,1,1,-1,-1,-1,-1,-1,1,1,1,-1,-1,1,-1,1,1,0.009990613907575607
-1,1,-1,-1,1,1,-1,-1,-1,-1,1,-1,1,1,1,-1,-1,-1,-1,-1,0.009990613907575607
-1,1,-1,-1,1,1,-1,-1,-1,-1,1,-1,1,1,1,-1,-1,-1,1,1,0.009990613907575607
-1,1,-1,-1,1,1,-1,-1,-1,-1,1,1,-1,1,1,-1,1,-1,-1,-1,0.009990613907575607
-1,1,-1,-1,1,1,-1,-1,-1,-1,1,1,1,1,-1,-1,1,1,1,1,0.009990613907575607
-1,1,-1,-1,1,1,-1,-1,-1,-1,1,1,1,1,-1,1,1,-1,-1,1,0.009990613907575607
-1,1,-1,-1,1,1,-1,-1,-1,1,-1,-1,1,-1,-1,1,1,1,-1,1,0.009990613907575607
-1,1,-1,-1,1,1,-1,-1,-1,1,-1,-1,1,1,-1,-1,1,-1,1,1,0.009990613907575607
-1,1,-1,-1,1,1,-1,-1,-1,1,-1,1,1,-1,1,1,1,1,-1,1,0.009990613907575607
-1,1,-1,-1,1,1,-1,-1,-1,1,-1,1,1,1,1,1,-1,1,-1,1,0.009990613907575607
-1,1,-1,-1,1,1,-1,-1,-1,1,1,-1,-1,-1,1,-1,-1,-1,-1,-1,0.009990613907575607
-1,1,-1,-1,1,1,-1,-1,-1,1,1,-1,-1,-1,1,1,1,-1,1,1,0.009990613907575607
-1,1,-1,-1,1,1,-1,-1,-1,1,1,-1,1,-1,-1,-1,-1,1,1,1,0.009990613907575607
-1,1,-1,-1,1,1,-1,-1,-1,1,1,-1,1,-1,-1,1,1,-1,1,-1,0.009990613907575607
-1,1,-1,-1,1,1,-1,-1,-1,1,1,1,-1,1,-1,1,-1,1,1,-1,0.009990613907575607
-1,1,-1,-1,1,1,-1,-1,-1,1,1,1,-1,1,1,1,-1,-1,-1,-1,0.009990613907575607
-1,1,-1,-1,1,1,-1,-1,-1,1,1,1,1,1,-1,-1,-1,-1,-1,1,0.009990613907575607
-1,1,-1,-1,1,1,-1,-1,-1,1,1,1,1,1,-1,1,-1,-1,-1,1,0.009990613907575607
-1,1,-1,-1,1,1,-1,-1,1,-1,-1,-1,-1,-1,-1,-1,1,-1,-1,1,0.009990613907575607
-1,1,-1,-1,1,1,-1,-1,1,-1,-1,-1,1,-1,1,-1,-1,-1,1,-1,0.009990613907575607
-1,1,-1,-1,1,1,-1,-1,1,-1,-1,-1,1,1,-1,-1,1,-1,-1,1,0.009990613907575607
-1,1,-1,-1,1,1,-1,-1,1,-1,-1,-1,1,1,1,-1,-1,-1,-1,1,0.009990613907575607
-1,1,-1,-1,1,1,-1,-1,1,-1,-1,1,-1,-1,-1,-1,-1,1,1,1,0.009990613907575607
-1,1,-1,-1,1,1,-1,-1,1,-1,-1,1,-1,1,-1,-1,-1,1,-1,-1,0.009990613907575607
-1,1,-1,-1,1,1,-1,-1,1,-1,-1,1,-1,1,1,1,1,1,1,-1,0.009990613907575607
-1,1,-1,-1,1,1,-1,-1,1,-1,-1,1,1,-1,-1,1,-1,1,-1,1,0.009990613907575607
-1,1,-1,-1,1,1,-1,-1,1,-1,-1,1,1,1,-1,1,-1,-1,-1,-1,0.009990613907575607
-1,1,-1,-1,1,1,-1,-1,1,-1,1,-1,-1,-1,-1,1,-1,1,1,-1,0.009990613907575607
-1,1,-1,-1,1,1,-1,-1,1,-1,1,-1,1,1,-1,-1,1,1,-1,1,0.009990613907575607
-1,1,-1,-1,1,1,-1,-1,1,-1,1,1,1,-1,1,-1,-1,1,1,-1,0.009990613907575607
-1,1,-1,-1,1,1,-1,-1,1,1,-1,-1,-1,-1,-1,1,-1,1,1,1,0.009990613907575607
-1,1,-1,-1,1,1,-1,-1,1,1,-1,-1,1,-1,-1,1,-1,1,1,1,0.009990613907575607
-1,1,-1,-1,1,1,-1,-1,1,1,-1,1,1,-1,1,-1,1,1,-1,-1,0.009990613907575607
-1,1,-1,-1,1,1,-1,-1,1,1,1,-1,-1,-1,1,-1,-1,1,-1,-1,0.009990613907575607
-1,1,-1,-1,1,1,-1,-1,1,1,1,-1,1,-1,1,-1,1,1,1,1,0.009990613907575607
-1,1,-1,-1,1,1,-1,-1,1,1,1,-1,1,1,-1,-1,1,1,-1,-1,0.009990613907575607
-1,1,-1,-1,1,1,-1,-1,1,1,1,1,-1,-1,1,-1,-1,1,1,-1,0.009990613907575607
-1,1,-1,-1,1,1,-1,-1,1,1,1,1,1,-1,-1,-1,1,1,1,-1,0.009990613907575607
-1,1,-1,-1,1,1,-1,1,-1,-1,-1,1,-1,1,-1,1,-1,1,1,1,0.009990613907575607
-1,1,-1,-1,1,1,-1,1,-1,-1,-1,1,-1,1,1,-1,1,-1,-1,-1,0.009990613907575607
-1,1,-1,-1,1,1,-1,1,-1,-1,-1,1,1,-1,1,-1,1,-1,-1,1,0.009990613907575607
-1,1,-1,-1,1,1,-1,1,-1,-1,1,-1,1,-1,-1,1,1,1,-1,-1,0.009990613907575607
-1,1,-1,-1,1,1,-1,1,-1,-1,1,-1,1,1,-1,1,1,1,-1,1,0.009990613907575607
-1,1,-1,-1,1,1,-1,1,-1,-1,1,1,-1,-1,-1,-1,-1,1,1,-1,0.009990613907575607
-1,1,-1,-1,1,1,-1,1,-1,1,-1,-1,-1,-1,1,-1,1,-1,-1,-1,0.009990613907575607
-1,1,-1,-1,1,1,-1,1,-1,1,-1,-1,-1,1,1,-1,1,-1,1,-1,0.009990613907575607
-1,1,-1,-1,1,1,-1,1,-1,1,-1,-1,1,-1,-1,-1,1,-1,1,-1,0.009990613907575607
-1,1,-1,-1,1,1,-1,1,-1,1,-1,1,-1,1,-1,1,-1,-1,1,-1,0.009990613907575607
-1,1,-1,-1,1,1,-1,1,-1,1,-1,1,1,-1,-1,-1,-1,-1,-1,-1,0.009990613907575607
-1,1,-1,-1,1,1,-1,1,-1,1,-1,1,1,-1,1,1,-1,-1,-1,1,0.009990613907575607
-1,1,-1,-1,1,1,-1,1,-1,1,1,-1,1,1,-1,-1,-1,-1,1,-1,0.009990613907575607
-1,1,-1,-1,1,1,-1,1,-1,1,1,-1,1,1,1,1,-1,1,-1,1,0.009990613907575607
-1,1,-1,-1,1,1,-1,1,1,-1,-1,-1,-1,1,-1,-1,1,1,-1,-1,0.009990613907575607
-1,1,-1,-1,1,1,-1,1,1,-1,-1,-1,-1,1,-1,1,1,1,-1,-1,0.009990613907575607
-1,1,-1,-1,1,1,-1,1,1,-1,-1,-1,-1,1,1,1,-1,1,-1,-1,0.009990613907575607
-1,1,-1,-1,1,1,-1,1,1,-1,-1,-1,1,-1,-1,1,-1,1,1,1,0.009990613907575607
-1,1,-1,-1,1,1,-1,1,1,-1,-1,-1,1,1,-1,1,-1,-1,1,1,0.009990613907575607
-1,1,-1,-1,1,1,-1,1,1,-1,-1,1,-1,1,1,-1,-1,-1,-1,-1,0.009990613907575607
-1,1,-1,-1,1,1,-1,1,1,-1,1,-1,-1,-1,1,1,-1,1,1,1,0.009990613907575607
-1,1,-1,-1,1,1,-1,1,1,-1,1,-1,-1,1,1,-1,1,-1,-1,1,0.009990613907575607
-1,1,-1,-1,1,1,-1,1,1,-1,1,-1,1,-1,-1,-1,-1,-1,1,1,0.009990613907575607
-1,1,-1,-1,1,1,-1,1,1,-1,1,-1,1,-1,-1,1,1,-1,-1,-1,0.009990613907575607
-1,1,-1,-1,1,1,-1,1,1,-1,1,1,-1,-1,-1,1,-1,-1,-1,-1,0.009990613907575607
-1,1,-1,-1,1,1,-1,1,1,1,-1,-1,-1,1,-1,-1,-1,1,1,-1,0.009990613907575607
-1,1,-1,-1,1,1,-1,1,1,1,-1,-1,1,-1,-1,-1,-1,1,1,1,0.009990613907575607
-1,1,-1,-1,1,1,-1,1,1,1,-1,-1,1,-1,-1,-1,1,1,1,-1,0.009990613907575607
-1,1,-1,-1,1,1,-1,1,1,1,-1,-1,1,-1,-1,1,-1,-1,1,-1,0.009990613907575607
-1,1,-1,-1,1,1,-1,1,1,1,-1,1,-1,1,1,-1,-1,-1,1,-1,0.009990613907575607
-1,1,-1,-1,1,1,-1,1,1,1,-1,1,1,1,-1,-1,1,-1,1,1,0.009990613907575607
-1,1,-1,-1,1,1,-1,1,1,1,1,-1,-1,-1,-1,-1,1,1,-1,1,0.009990613907575607
-1,1,-1,-1,1,1,-1,1,1,1,1,-1,-1,1,-1,-1,1,1,-1,-1,0.009990613907575607
-1,1,-1,-1,1,1,-1,1,1,1,1,1,-1,1,1,-1,1,-1,1,1,0.009990613907575607
-1,1,-1,-1,1,1,-1,1,1,1,1,1,1,1,1,1,-1,-1,-1,-1,0.009990613907575607
-1,1,-1,-1,1,1,1,-1,-1,-1,-1,-1,1,-1,-1,-1,1,1,-1,-1,0.009990613907575607
-1,1,-1,-1,1,1,1,-1,-1,-1,-1,-1,1,1,-1,-1,-1,1,1,1,0.009990613907575607
-1,1,-1,-1,1,1,1,-1,-1,-1,-1,1,-1,-1,-1,-1,1,-1,1,-1,0.009990613907575607
-1,1,-1,-1,1,1,1,-1,-1,-1,-1,1,-1,1,-1,-1,1,1,-1,-1,0.009990613907575607
-1,1,-1,-1,1,1,1,-1,-1,-1,-1,1,-1,1,-1,1,-1,-1,1,1,0.009990613907575607
-1,1,-1,-1,1,1,1,-1,-1,-1,-1,1,-1,1,1,1,-1,1,1,-1,0.009990613907575607
-1,1,-1,-1,1,1,1,-1,-1,-1,-1,1,1,-1,1,1,1,1,1,-1,0.009990613907575607
-1,1,-1,-1,1,1,1,-1,-1,-1,1,-1,1,-1,-1,1,-1,1,1,-1,0.009990613907575607
-1,1,-1,-1,1,1,1,-1,-1,-1,1,1,-1,1,-1,-1,-1,-1,1,-1,0.009990613907575607
-1,1,-1,-1,1,1,1,-1,-1,-1,1,1,1,-1,1,-1,-1,1,1,-1,0.009990613907575607
-1,1,-1,-1,1,1,1,-1,-1,1,-1,-1,-1,-1,-1,1,1,-1,-1,1,0.009990613907575607
-1,1,-1,-1,1,1,1,-1,-1,1,-1,-1,-1,1,1,1,1,-1,1,-1,0.009990613907575607
-1,1,-1,-1,1,1,1,-1,-1,1,-1,1,-1,-1,-1,-1,1,-1,-1,-1,0.009990613907575607
-1,1,-1,-1,1,1,1,-1,-1,1,-1,1,1,1,-1,1,1,1,-1,1,0.009990613907575607
-1,1,-1,-1,1,1,1,-1,-1,1,1,-1,-1,-1,-1,-1,1,-1,-1,-1,0.009990613907575607
-1,1,-1,-1,1,1,1,-1,-1,1,1,-1,1,-1,-1,-1,-1,-1,1,-1,0.009990613907575607
-1,1,-1,-1,1,1,1,-1,-1,1,1,-1,1,-1,1,1,1,1,-1,-1,0.009990613907575607
-1,1,-1,-1,1,1,1,-1,-1,1,1,1,-1,1,-1,-1,1,-1,-1,1,0.009990613907575607
-1,1,-1,-1,1,1,1,-1,-1,1,1,1,1,-1,-1,-1,1,-1,-1,-1,0.009990613907575607
-1,1,-1,-1,1,1,1,-1,-1,1,1,1,1,-1,1,1,1,1,-1,1,0.009990613907575607
-1,1,-1,-1,1,1,1,-1,1,-1,-1,-1,-1,-1,-1,-1,-1,-1,-1,1,0.009990613907575607
-1,1,-1,-1,1,1,1,-1,1,-1,-1,-1,-1,-1,1,-1,-1,1,-1,-1,0.009990613907575607
-1,1,-1,-1,1,1,1,-1,1,-1,-1,-1,1,-1,1,1,1,1,-1,-1,0.009990613907575607
-1,1,-1,-1,1,1,1,-1,1,-1,-1,1,-1,1,-1,-1,-1,-1,1,-1,0.009990613907575607
-1,1,-1,-1,1,1,1,-1,1,-1,-1,1,-1,1,-1,-1,1,-1,1,1,0.009990613907575607
-1,1,-1,-1,1,1,1,-1,1,-1,-1,1,-1,1,1,1,-1,1,-1,1,0.009990613907575607
-1,1,-1,-1,1,1,1,-1,1,-1,-1,1,1,-1,1,-1,1,-1,1,1,0.009990613907575607
-1,1,-1,-1,1,1,1,-1,1,-1,-1,1,1,1,-1,1,1,1,-1,1,0.009990613907575607
-1,1,-1,-1,1,1,1,-1,1,-1,-1,1,1,1,1,1,1,1,1,1,0.009990613907575607
-1,1,-1,-1,1,1,1,-1,1,-1,1,-1,-1,1,-1,-1,1,1,-1,-1,0.009990613907575607
-1,1,-1,-1,1,1,1,-1,1,-1,1,-1,-1,1,-1,1,-1,-1,1,1,0.009990613907575607
-1,1,-1,-1,1,1,1,-1,1,-1,1,-1,-1,1,1,-1,1,1,-1,-1,0.009990613907575607
-1,1,-1,-1,1,1,1,-1,1,-1,1,-1,-1,1,1,1,1,1,-1,-1,0.009990613907575607
-1,1,-1,-1,1,1,1,-1,1,-1,1,-1,1,1,-1,1,-1,-1,-1,1,0.009990613907575607
-1,1,-1,-1,1,1,1,-1,1,-1,1,1,-1,-1,-1,-1,-1,1,-1,1,0.009990613907575607
-1,1,-1,-1,1,1,1,-1,1,-1,1,1,-1,1,-1,1,-1,-1,1,1,0.009990613907575607
-1,1,-1,-1,1,1,1,-1,1,-1,1,1,-1,1,1,-1,1,-1,1,-1,0.009990613907575607
-1,1,-1,-1,1,1,1,-1,1,-1,1,1,-1,1,1,1,-1,-1,1,1,0.009990613907575607
-1,1,-1,-1,1,1,1,-1,1,1,-1,-1,-1,-1,-1,-1,-1,-1,1,-1,0.009990613907575607
-1,1,-1,-1,1,1,1,-1,1,1,-1,-1,-1,-1,-1,1,1,-1,1,-1,0.009990613907575607
-1,1,-1,-1,1,1,1,-1,1,1,-1,-1,1,1,-1,-1,1,1,1,-1,0.009990613907575607
-1,1,-1,-1,1,1,1,-1,1,1,-1,1,-1,-1,-1,-1,-1,1,-1,1,0.009990613907575607
-1,1,-1,-1,1,1,1,-1,1,1,-1,1,-1,-1,-1,1,-1,1,1,1,0.009990613907575607
-1,1,-1,-1,1,1,1,-1,1,1,-1,1,1,-1,-1,1,1,1,1,-1,0.009990613907575607
-1,1,-1,-1,1,1,1,-1,1,1,-1,1,1,-1,1,1,1,-1,1,-1,0.009990613907575607
-1,1,-1,-1,1,1,1,-1,1,1,-1,1,1,-1,1,1,1,-1,1,1,0.009990613907575607
-1,1,-1,-1,1,1,1,-1,1,1,-1,1,1,1,-1,-1,1,1,1,1,0.009990613907575607
-1,1,-1,-1,1,1,1,-1,1,1,1,-1,1,-1,-1,1,-1,-1,-1,-1,0.009990613907575607
-1,1,-1,-1,1,1,1,-1,1,1,1,-1,1,1,1,1,-1,1,-1,1,0.009990613907575607
-1,1,-1,-1,1,1,1,-1,1,1,1,1,-1,-1,-1,-1,1,1,1,1,0.009990613907575607
-1,1,-1,-1,1,1,1,1,-1,-1,-1,-1,-1,-1,1,-1,1,-1,1,-1,0.009990613907575607
-1,1,-1,-1,1,1,1,1,-1,-1,-1,-1,-1,-1,1,1,1,-1,-1,1,0.009990613907575607
-1,1,-1,-1,1,1,1,1,-1,-1,-1,-1,-1,1,-1,-1,1,-1,-1,1,0.009990613907575607
-1,1,-1,-1,1,1,1,1,-1,-1,-1,-1,-1,1,-1,1,-1,-1,1,-1,0.009990613907575607
-1,1,-1,-1,1,1,1,1,-1,-1,-1,-1,-1,1,1,-1,-1,-1,1,1,0.009990613907575607
-1,1,-1,-1,1,1,1,1,-1,-1,-1,-1,1,-1,-1,1,-1,-1,-1,-1,0.009990613907575607
-1,1,-1,-1,1,1,1,1,-1,-1,-1,1,-1,-1,-1,1,1,1,1,-1,0.009990613907575607
-1,1,-1,-1,1,1,1,1,-1,-1,1,-1,-1,1,-1,1,-1,-1,1,1,0.009990613907575607
-1,1,-1,-1,1,1,1,1,-1,-1,1,-1,1,1,-1,-1,1,1,1,-1,0.009990613907575607
-1,1,-1,-1,1,1,1,1,-1,-1,1,1,-1,1,1,-1,-1,1,-1,-1,0.009990613907575607
-1,1,-1,-1,1,1,1,1,-1,-1,1,1,1,-1,1,-1,1,-1,1,1,0.009990613907575607
-1,1,-1,-1,1,1,1,1,-1,1,-1,-1,-1,-1,1,1,-1,1,-1,1,0.009990613907575607
-1,1,-1,-1,1,1,1,1,-1,1,-1,-1,-1,1,1,1,1,-1,-1,1,0.009990613907575607
-1,1,-1,-1,1,1,1,1,-1,1,-1,1,-1,-1,1,1,1,1,1,-1,0.009990613907575607
-1,1,-1,-1,1,1,1,1,-1,1,-1,1,-1,1,-1,1,1,1,1,-1,0.009990613907575607
-1,1,-1,-1,1,1,1,1,-1,1,-1,1,-1,1,1,-1,-1,1,-1,-1,0.009990613907575607
-1,1,-1,-1,1,1,1,1,-1,1,-1,1,1,-1,-1,1,-1,1,1,-1,0.009990613907575607
-1,1,-1,-1,1,1,1,1,-1,1,-1,1,1,-1,-1,1,1,1,-1,-1,0.009990613907575607
-1,1,-1,-1,1,1,1,1,-1,1,-1,1,1,1,1,1,1,-1,-1,1,0.009990613907575607
-1,1,-1,-1,1,1,1,1,-1,1,1,-1,-1,-1,1,1,1,1,-1,-1,0.009990613907575607
-1,1,-1,-1,1,1,1,1,-1,1,1,-1,-1,1,-1,1,1,-1,1,1,0.009990613907575607
-1,1,-1,-1,1,1,1,1,-1,1,1,1,1,-1,1,1,1,-1,-1,1,0.009990613907575607
-1,1,-1,-1,1,1,1,1,-1,1,1,1,1,1,-1,1,1,1,1,-1,0.009990613907575607
-1,1,-1,-1,1,1,1,1,1,-1,-1,-1,-1,1,-1,-1,-1,1,-1,-1,0.009990613907575607
-1,1,-1,-1,1,1,1,1,1,-1,-1,-1,-1,1,1,-1,1,-1,1,-1,0.009990613907575607
-1,1,-1,-1,1,1,1,1,1,-1,-1,1,-1,1,1,-1,-1,1,-1,-1,0.009990613907575607
-1,1,-1,-1,1,1,1,1,1,-1,-1,1,1,1,1,-1,1,1,1,-1,0.009990613907575607
-1,1,-1,-1,1,1,1,1,1,-1,1,-1,-1,1,-1,-1,-1,-1,1,1,0.009990613907575607
-1,1,-1,-1,1,1,1,1,1,-1,1,-1,-1,1,-1,-1,1,1,1,1,0.009990613907575607
-1,1,-1,-1,1,1,1,1,1,-1,1,1,-1,-1,-1,-1,-1,1,1,-1,0.009990613907575607
-1,1,-1,-1,1,1,1,1,1,-1,1,1,-1,1,1,-1,-1,-1,-1,-1,0.009990613907575607
-1,1,-1,-1,1,1,1,1,1,-1,1,1,-1,1,1,1,-1,1,-1,-1,0.009990613907575607
-1,1,-1,-1,1,1,1,1,1,-1,1,1,1,-1,1,-1,-1,1,1,1,0.009990613907575607
-1,1,-1,-1,1,1,1,1,1,1,-1,-1,1,-1,1,-1,1,-1,-1,1,0.009990613907575607
-1,1,-1,-1,1,1,1,1,1,1,-1,-1,1,-1,1,1,-1,-1,1,-1,0.009990613907575607
-1,1,-1,-1,1,1,1,1,1,1,-1,1,1,-1,-1,-1,1,1,1,-1,0.009990613907575607
-1,1,-1,-1,1,1,1,1,1,1,1,-1,-1,-1,-1,1,1,1,-1,1,0.009990613907575607
-1,1,-1,-1,1,1,1,1,1,1,1,1,-1,-1,-1,-1,-1,1,1,-1,0.009990613907575607
-1,1,-1,-1,1,1,1,1,1,1,1,1,-1,1,-1,-1,1,1,-1,-1,0.009990613907575607
-1,1,-1,-1,1,1,1,1,1,1,1,1,1,-1,1,-1,-1,-1,1,-1,0.009990613907575607
-1,1,-1,-1,1,1,1,1,1,1,1,1,1,1,1,1,1,1,-1,1,0.009990613907575607
-1,1,-1,1,-1,-1,-1,-1,-1,-1,-1,1,-1,-1,1,1,-1,1,1,1,0.009990613907575607
-1,1,-1,1,-1,-1,-1,-1,-1,-1,-1,1,-1,-1,1,1,1,1,1,-1,0.009990613907575607
-1,1,-1,1,-1,-1,-1,-1,-1,-1,-1,1,1,1,1,1,-1,-1,-1,-1,0.009990613907575607
-1,1,-1,1,-1,-1,-1,-1,-1,-1,1,-1,1,-1,-1,-1,-1,-1,-1,-1,0.009990613907575607
-1,1,-1,1,-1,-1,-1,-1,-1,-1,1,-1,1,-1,-1,1,-1,-1,1,1,0.009990613907575607
-1,1,-1,1,-1,-1,-1,-1,-1,-1,1,1,-1,-1,1,-1,1,1,-1,-1,0.009990613907575607
-1,1,-1,1,-1,-1,-1,-1,-1,-1,1,1,1,-1,1,-1,1,-1,1,-1,0.009990613907575607
-1,1,-1,1,-1,-1,-1,-1,-1,1,-1,-1,-1,-1,-1,1,-1,-1,-1,-1,0.009990613907575607
-1,1,-1,1,-1,-1,-1,-1,-1,1,-1,-1,-1,1,-1,1,-1,-1,1,-1,0.009990613907575607
-1,1,-1,1,-1,-1,-1,-1,-1,1,1,-1,-1,-1,-1,1,-1,-1,1,1,0.009990613907575607
-1,1,-1,1,-1,-1,-1,-1,-1,1,1,1,-1,-1,1,1,-1,1,-1,-1,0.009990613907575607
-1,1,-1,1,-1,-1,-1,-1,-1,1,1,1,-1,1,-1,-1,1,-1,1,-1,0.009990613907575607
-1,1,-1,1,-1,-1,-1,-1,-1,1,1,1,1,-1,-1,1,1,1,-1,-1,0.009990613907575607
-1,1,-1,1,-1,-1,-1,-1,-1,1,1,1,1,1,-1,-1,-1,1,-1,1,0.009990613907575607
-1,1,-1,1,-1,-1,-1,-1,-1,1,1,1,1,1,1,-1,-1,-1,1,-1,0.009990613907575607
-1,1,-1,1,-1,-1,-1,-1,1,-1,-1,-1,-1,-1,-1,1,-1,-1,1,1,0.009990613907575607
-1,1,-1,1,-1,-1,-1,-1,1,-1,-1,-1,-1,-1,1,-1,-1,-1,1,1,0.009990613907575607
-1,1,-1,1,-1,-1,-1,-1,1,-1,-1,1,-1,-1,-1,1,-1,1,1,-1,0.009990613907575607
-1,1,-1,1,-1,-1,-1,-1,1,-1,-1,1,1,1,-1,-1,-1,-1,1,-1,0.009990613907575607
-1,1,-1,1,-1,-1,-1,-1,1,-1,-1,1,1,1,-1,1,-1,1,1,1,0.009990613907575607
-1,1,-1,1,-1,-1,-1,-1,1,-1,1,1,-1,-1,-1,1,-1,-1,1,-1,0.009990613907575607
-1,1,-1,1,-1,-1,-1,-1,1,-1,1,1,1,-1,1,1,-1,-1,1,-1,0.009990613907575607
-1,1,-1,1,-1,-1,-1,-1,1,1,-1,-1,-1,1,-1,1,-1,-1,-1,-1,0.009990613907575607
-1,1,-1,1,-1,-1,-1,-1,1,1,-1,-1,-1,1,1,1,-1,-1,-1,-1,0.009990613907575607
-1,1,-1,1,-1,-1,-1,-1,1,1,-1,-1,1,1,-1,1,1,1,-1,1,0.009990613907575607
-1,1,-1,1,-1,-1,-1,-1,1,1,-1,1,-1,1,-1,-1,1,-1,1,-1,0.009990613907575607
-1,1,-1,1,-1,-1,-1,-1,1,1,-1,1,-1,1,1,-1,-1,-1,-1,1,0.009990613907575607
-1,1,-1,1,-1,-1,-1,-1,1,1,-1,1,1,1,-1,1,-1,1,1,1,0.009990613907575607
-1,1,-1,1,-1,-1,-1,-1,1,1,1,-1,-1,-1,-1,-1,-1,-1,1,-1,0.009990613907575607
-1,1,-1,1,-1,-1,-1,-1,1,1,1,-1,1,-1,-1,1,1,-1,-1,-1,0.009990613907575607
-1,1,-1,1,-1,-1,-1,-1,1,1,1,-1,1,-1,1,-1,-1,1,-1,-1,0.009990613907575607
-1,1,-1,1,-1,-1,-1,-1,1,1,1,-1,1,1,-1,-1,1,-1,-1,-1,0.009990613907575607
-1,1,-1,1,-1,-1,-1,-1,1,1,1,1,-1,1,-1,1,-1,1,-1,1,0.009990613907575607
-1,1,-1,1,-1,-1,-1,-1,1,1,1,1,1,1,1,1,1,1,1,-1,0.009990613907575607
-1,1,-1,1,-1,-1,-1,1,-1,-1,-1,-1,-1,-1,-1,1,1,-1,-1,1,0.009990613907575607
-1,1,-1,1,-1,-1,-1,1,-1,-1,-1,1,-1,-1,-1,1,-1,-1,-1,1,0.009990613907575607
-1,1,-1,1,-1,-1,-1,1,-1,-1,-1,1,-1,-1,-1,1,1,1,1,1,0.009990613907575607
-1,1,-1,1,-1,-1,-1,1,-1,-1,1,-1,-1,-1,1,1,-1,-1,-1,1,0.009990613907575607
-1,1,-1,1,-1,-1,-1,1,-1,-1,1,-1,-1,1,-1,-1,-1,-1,1,1,0.009990613907575607
-1,1,-1,1,-1,-1,-1,1,-1,-1,1,-1,1,1,1,1,-1,-1,1,-1,0.009990613907575607
-1,1,-1,1,-1,-1,-1,1,-1,-1,1,1,1,-1,1,1,1,-1,-1,-1,0.009990613907575607
-1,1,-1,1,-1,-1,-1,1,-1,-1,1,1,1,1,-1,-1,1,-1,-1,1,0.009990613907575607
-1,1,-1,1,-1,-1,-1,1,-1,1,-1,-1,-1,-1,-1,1,1,1,-1,1,0.009990613907575607
-1,1,-1,1,-1,-1,-1,1,-1,1,-1,-1,-1,-1,1,1,1,1,1,1,0.009990613907575607
-1,1,-1,1,-1,-1,-1,1,-1,1,-1,-1,-1,1,-1,1,-1,-1,-1,-1,0.009990613907575607
-1,1,-1,1,-1,-1,-1,1,-1,1,-1,-1,1,-1,-1,-1,1,-1,1,-1,0.009990613907575607
-1,1,-1,1,-1,-1,-1,1,-1,1,-1,-1,1,-1,1,-1,1,1,1,-1,0.009990613907575607
-1,1,-1,1,-1,-1,-1,1,-1,1,-1,1,-1,-1,1,-1,1,1,1,-1,0.009990613907575607
-1,1,-1,1,-1,-1,-1,1,-1,1,-1,1,1,-1,1,1,-1,1,1,1,0.009990613907575607
-1,1,-1,1,-1,-1,-1,1,-1,1,1,-1,-1,-1,-1,1,1,1,1,-1,0.009990613907575607
-1,1,-1,1,-1,-1,-1,1,-1,1,1,-1,-1,1,-1,-1,-1,1,1,-1,0.009990613907575607
-1,1,-1,1,-1,-1,-1,1,-1,1,1,-1,1,-1,-1,1,-1,1,-1,-1,0.009990613907575607
-1,1,-1,1,-1,-1,-1,1,1,-1,-1,-1,-1,-1,1,-1,1,-1,-1,1,0.009990613907575607
-1,1,-1,1,-1,-1,-1,1,1,-1,-1,-1,1,-1,1,1,-1,1,-1,1,0.009990613907575607
-1,1,-1,1,-1,-1,-1,1,1,-1,-1,-1,1,1,-1,1,-1,-1,-1,1,0.009990613907575607
-1,1,-1,1,-1,-1,-1,1,1,-1,-1,1,-1,-1,-1,1,-1,1,-1,1,0.009990613907575607
-1,1,-1,1,-1,-1,-1,1,1,-1,-1,1,-1,1,-1,1,1,-1,1,1,0.009990613907575607
-1,1,-1,1,-1,-1,-1,1,1,-1,1,-1,-1,1,1,-1,1,1,-1,1,0.009990613907575607
-1,1,-1,1,-1,-1,-1,1,1,-1,1,-1,1,-1,1,-1,1,-1,-1,-1,0.009990613907575607
-1,1,-1,1,-1,-1,-1,1,1,-1,1,1,-1,1,-1,-1,1,-1,-1,-1,0.009990613907575607
-1,1,-1,1,-1,-1,-1,1,1,-1,1,1,1,-1,-1,1,-1,-1,-1,1,0.009990613907575607
-1,1,-1,1,-1,-1,-1,1,1,-1,1,1,1,1,1,-1,1,-1,-1,-1,0.009990613907575607
-1,1,-1,1,-1,-1,-1,1,1,-1,1,1,1,1,1,1,1,1,1,-1,0.009990613907575607
-1,1,-1,1,-1,-1,-1,1,1,1,-1,-1,1,-1,-1,-1,-1,1,-1,-1,0.009990613907575607
-1,1,-1,1,-1,-1,-1,1,1,1,-1,-1,1,1,-1,1,1,-1,1,-1,0.009990613907575607
-1,1,-1,1,-1,-1,-1,1,1,1,-1,-1,1,1,-1,1,1,-1,1,1,0.009990613907575607
-1,1,-1,1,-1,-1,-1,1,1,1,-1,1,1,1,-1,-1,1,1,1,-1,0.009990613907575607
-1,1,-1,1,-1,-1,-1,1,1,1,1,-1,1,-1,-1,1,-1,1,-1,1,0.009990613907575607
-1,1,-1,1,-1,-1,-1,1,1,1,1,-1,1,1,-1,1,1,1,-1,1,0.009990613907575607
-1,1,-1,1,-1,-1,-1,1,1,1,1,1,-1,1,-1,-1,1,-1,1,-1,0.009990613907575607
-1,1,-1,1,-1,-1,-1,1,1,1,1,1,1,-1,1,1,1,-1,-1,-1,0.009990613907575607
-1,1,-1,1,-1,-1,-1,1,1,1,1,1,1,1,1,-1,-1,-1,-1,-1,0.009990613907575607
-1,1,-1,1,-1,-1,1,-1,-1,-1,-1,-1,-1,1,-1,1,1,1,-1,1,0.009990613907575607
-1,1,-1,1,-1,-1,1,-1,-1,-1,-1,-1,-1,1,1,1,1,1,1,1,0.009990613907575607
-1,1,-1,1,-1,-1,1,-1,-1,-1,-1,-1,1,1,1,-1,-1,1,1,1,0.009990613907575607
-1,1,-1,1,-1,-1,1,-1,-1,-1,-1,1,-1,-1,1,-1,1,-1,1,-1,0.009990613907575607
-1,1,-1,1,-1,-1,1,-1,-1,-1,-1,1,-1,1,1,-1,1,1,-1,1,0.009990613907575607
-1,1,-1,1,-1,-1,1,-1,-1,-1,-1,1,1,1,1,-1,1,-1,1,-1,0.009990613907575607
-1,1,-1,1,-1,-1,1,-1,-1,-1,1,-1,1,1,-1,1,-1,1,1,1,0.009990613907575607
-1,1,-1,1,-1,-1,1,-1,-1,-1,1,1,-1,-1,-1,-1,-1,1,1,-1,0.009990613907575607
-1,1,-1,1,-1,-1,1,-1,-1,-1,1,1,-1,1,-1,1,-1,1,-1,1,0.009990613907575607
-1,1,-1,1,-1,-1,1,-1,-1,-1,1,1,1,1,1,1,-1,-1,-1,1,0.009990613907575607
-1,1,-1,1,-1,-1,1,-1,-1,1,-1,-1,-1,-1,1,-1,-1,-1,-1,-1,0.009990613907575607
-1,1,-1,1,-1,-1,1,-1,-1,1,-1,1,-1,-1,-1,-1,-1,1,1,-1,0.009990613907575607
-1,1,-1,1,-1,-1,1,-1,-1,1,-1,1,-1,-1,1,-1,1,-1,1,-1,0.009990613907575607
-1,1,-1,1,-1,-1,1,-1,-1,1,-1,1,-1,1,1,-1,1,-1,-1,-1,0.009990613907575607
-1,1,-1,1,-1,-1,1,-1,-1,1,-1,1,1,-1,-1,1,1,-1,-1,-1,0.009990613907575607
-1,1,-1,1,-1,-1,1,-1,-1,1,-1,1,1,1,-1,1,1,1,1,1,0.009990613907575607
-1,1,-1,1,-1,-1,1,-1,-1,1,1,-1,-1,-1,-1,1,-1,1,-1,1,0.009990613907575607
-1,1,-1,1,-1,-1,1,-1,-1,1,1,-1,-1,1,-1,-1,1,-1,1,-1,0.009990613907575607
-1,1,-1,1,-1,-1,1,-1,-1,1,1,-1,1,-1,1,1,1,1,1,1,0.009990613907575607
-1,1,-1,1,-1,-1,1,-1,-1,1,1,1,1,-1,-1,1,1,-1,1,-1,0.009990613907575607
-1,1,-1,1,-1,-1,1,-1,1,-1,-1,-1,-1,1,1,-1,1,1,-1,-1,0.009990613907575607
-1,1,-1,1,-1,-1,1,-1,1,-1,-1,-1,1,-1,1,1,1,1,-1,-1,0.009990613907575607
-1,1,-1,1,-1,-1,1,-1,1,-1,-1,-1,1,1,1,1,-1,-1,-1,-1,0.009990613907575607
-1,1,-1,1,-1,-1,1,-1,1,-1,1,-1,-1,-1,-1,-1,1,1,-1,-1,0.009990613907575607
-1,1,-1,1,-1,-1,1,-1,1,-1,1,-1,-1,-1,1,-1,-1,1,1,1,0.009990613907575607
-1,1,-1,1,-1,-1,1,-1,1,-1,1,1,-1,-1,-1,1,1,-1,-1,1,0.009990613907575607
-1,1,-1,1,-1,-1,1,-1,1,-1,1,1,-1,1,-1,-1,-1,1,-1,1,0.009990613907575607
-1,1,-1,1,-1,-1,1,-1,1,-1,1,1,1,-1,-1,1,1,1,1,1,0.009990613907575607
-1,1,-1,1,-1,-1,1,-1,1,-1,1,1,1,-1,1,1,1,-1,-1,-1,0.009990613907575607
-1,1,-1,1,-1,-1,1,-1,1,-1,1,1,1,1,-1,-1,1,-1,-1,-1,0.009990613907575607
-1,1,-1,1,-1,-1,1,-1,1,1,-1,-1,1,1,-1,1,1,1,-1,-1,0.009990613907575607
-1,1,-1,1,-1,-1,1,-1,1,1,-1,1,1,1,-1,-1,1,-1,-1,-1,0.009990613907575607
-1,1,-1,1,-1,-1,1,-1,1,1,1,-1,-1,1,1,1,-1,-1,-1,1,0.009990613907575607
-1,1,-1,1,-1,-1,1,-1,1,1,1,-1,1,1,-1,1,1,-1,-1,1,0.009990613907575607
-1,1,-1,1,-1,-1,1,-1,1,1,1,-1,1,1,1,-1,-1,-1,1,1,0.009990613907575607
-1,1,-1,1,-1,-1,1,-1,1,1,1,1,1,1,1,-1,-1,1,1,-1,0.009990613907575607
-1,1,-1,1,-1,-1,1,1,-1,-1,-1,-1,-1,-1,-1,-1,1,1,-1,1,0.009990613907575607
-1,1,-1,1,-1,-1,1,1,-1,-1,-1,-1,-1,1,-1,-1,-1,-1,-1,1,0.009990613907575607
-1,1,-1,1,-1,-1,1,1,-1,-1,1,-1,1,1,1,-1,-1,1,-1,-1,0.009990613907575607
-1,1,-1,1,-1,-1,1,1,-1,-1,1,1,1,-1,-1,-1,1,1,-1,-1,0.009990613907575607
-1,1,-1,1,-1,-1,1,1,-1,-1,1,1,1,-1,-1,1,-1,-1,-1,-1,0.009990613907575607
-1,1,-1,1,-1,-1,1,1,-1,-1,1,1,1,-1,1,-1,1,-1,1,1,0.009990613907575607
-1,1,-1,1,-1,-1,1,1,-1,-1,1,1,1,1,1,-1,-1,1,-1,-1,0.009990613907575607
-1,1,-1,1,-1,-1,1,1,-1,1,-1,1,-1,-1,1,-1,1,1,1,-1,0.009990613907575607
-1,1,-1,1,-1,-1,1,1,-1,1,-1,1,-1,-1,1,1,-1,-1,-1,-1,0.009990613907575607
-1,1,-1,1,-1,-1,1,1,-1,1,-1,1,-1,1,-1,-1,-1,1,-1,-1,0.009990613907575607
-1,1,-1,1,-1,-1,1,1,-1,1,1,-1,-1,-1,-1,-1,1,-1,1,-1,0.009990613907575607
-1,1,-1,1,-1,-1,1,1,-1,1,1,-1,1,1,1,1,-1,1,1,1,0.009990613907575607
-1,1,-1,1,-1,-1,1,1,-1,1,1,-1,1,1,1,1,1,1,-1,-1,0.009990613907575607
-1,1,-1,1,-1,-1,1,1,-1,1,1,1,-1,1,-1,-1,-1,-1,-1,1,0.009990613907575607
-1,1,-1,1,-1,-1,1,1,1,-1,-1,-1,-1,-1,-1,1,-1,1,-1,-1,0.009990613907575607
-1,1,-1,1,-1,-1,1,1,1,-1,-1,1,-1,1,1,1,1,1,1,1,0.009990613907575607
-1,1,-1,1,-1,-1,1,1,1,-1,1,-1,-1,1,1,1,1,1,-1,1,0.009990613907575607
-1,1,-1,1,-1,-1,1,1,1,-1,1,-1,1,-1,1,-1,-1,-1,-1,-1,0.009990613907575607
-1,1,-1,1,-1,-1,1,1,1,-1,1,-1,1,1,-1,-1,-1,-1,1,1,0.009990613907575607
-1,1,-1,1,-1,-1,1,1,1,1,-1,-1,-1,1,-1,-1,-1,-1,1,1,0.009990613907575607
-1,1,-1,1,-1,-1,1,1,1,1,-1,-1,-1,1,-1,1,-1,-1,1,-1,0.009990613907575607
-1,1,-1,1,-1,-1,1,1,1,1,-1,1,-1,1,1,1,1,-1,-1,-1,0.009990613907575607
-1,1,-1,1,-1,-1,1,1,1,1,1,-1,-1,1,1,1,-1,1,1,1,0.009990613907575607
-1,1,-1,1,-1,-1,1,1,1,1,1,-1,1,-1,1,1,-1,-1,1,1,0.009990613907575607
-1,1,-1,1,-1,-1,1,1,1,1,1,-1,1,1,1,1,1,1,1,-1,0.009990613907575607
-1,1,-1,1,-1,-1,1,1,1,1,1,1,-1,1,-1,1,-1,-1,1,-1,0.009990613907575607
-1,1,-1,1,-1,1,-1,-1,-1,-1,-1,-1,-1,-1,-1,1,1,-1,-1,1,0.009990613907575607
-1,1,-1,1,-1,1,-1,-1,-1,-1,-1,-1,-1,1,1,-1,-1,-1,1,-1,0.009990613907575607
-1,1,-1,1,-1,1,-1,-1,-1,-1,-1,-1,1,-1,-1,-1,-1,-1,1,1,0.009990613907575607
-1,1,-1,1,-1,1,-1,-1,-1,-1,-1,-1,1,-1,1,-1,-1,-1,-1,-1,0.009990613907575607
-1,1,-1,1,-1,1,-1,-1,-1,-1,-1,-1,1,1,1,1,-1,-1,-1,-1,0.009990613907575607
-1,1,-1,1,-1,1,-1,-1,-1,-1,-1,1,-1,-1,-1,1,-1,1,1,1,0.009990613907575607
-1,1,-1,1,-1,1,-1,-1,-1,-1,-1,1,-1,1,1,-1,-1,1,-1,-1,0.009990613907575607
-1,1,-1,1,-1,1,-1,-1,-1,-1,-1,1,1,-1,-1,1,1,1,1,1,0.009990613907575607
-1,1,-1,1,-1,1,-1,-1,-1,-1,-1,1,1,1,-1,1,-1,1,-1,1,0.009990613907575607
-1,1,-1,1,-1,1,-1,-1,-1,-1,1,-1,-1,-1,-1,-1,-1,-1,1,-1,0.009990613907575607
-1,1,-1,1,-1,1,-1,-1,-1,-1,1,-1,-1,1,1,-1,-1,1,1,-1,0.009990613907575607
-1,1,-1,1,-1,1,-1,-1,-1,-1,1,1,-1,-1,1,1,-1,-1,-1,-1,0.009990613907575607
-1,1,-1,1,-1,1,-1,-1,-1,-1,1,1,-1,1,-1,1,-1,-1,1,-1,0.009990613907575607
-1,1,-1,1,-1,1,-1,-1,-1,-1,1,1,1,-1,-1,-1,-1,-1,1,1,0.009990613907575607
-1,1,-1,1,-1,1,-1,-1,-1,1,-1,-1,1,-1,1,-1,1,1,1,-1,0.009990613907575607
-1,1,-1,1,-1,1,-1,-1,-1,1,-1,1,1,-1,1,1,-1,-1,1,1,0.009990613907575607
-1,1,-1,1,-1,1,-1,-1,-1,1,-1,1,1,1,1,-1,-1,1,1,-1,0.009990613907575607
-1,1,-1,1,-1,1,-1,-1,-1,1,1,-1,1,-1,1,1,1,-1,1,1,0.009990613907575607
-1,1,-1,1,-1,1,-1,-1,-1,1,1,-1,1,1,-1,1,-1,1,-1,1,0.009990613907575607
-1,1,-1,1,-1,1,-1,-1,-1,1,1,1,-1,1,1,1,-1,1,-1,1,0.009990613907575607
-1,1,-1,1,-1,1,-1,-1,1,-1,-1,-1,1,-1,-1,1,1,-1,1,1,0.009990613907575607
-1,1,-1,1,-1,1,-1,-1,1,-1,-1,-1,1,-1,1,-1,-1,1,1,-1,0.009990613907575607
-1,1,-1,1,-1,1,-1,-1,1,-1,-1,1,-1,1,-1,-1,1,1,-1,1,0.009990613907575607
-1,1,-1,1,-1,1,-1,-1,1,-1,1,-1,1,-1,-1,-1,1,1,-1,1,0.009990613907575607
-1,1,-1,1,-1,1,-1,-1,1,-1,1,-1,1,-1,-1,-1,1,1,1,-1,0.009990613907575607
-1,1,-1,1,-1,1,-1,-1,1,-1,1,-1,1,1,-1,1,-1,1,-1,1,0.009990613907575607
-1,1,-1,1,-1,1,-1,-1,1,-1,1,1,-1,-1,-1,1,-1,-1,1,1,0.009990613907575607
-1,1,-1,1,-1,1,-1,-1,1,1,-1,1,1,1,-1,-1,-1,-1,-1,1,0.009990613907575607
-1,1,-1,1,-1,1,-1,-1,1,1,1,-1,-1,1,-1,1,-1,-1,-1,1,0.009990613907575607
-1,1,-1,1,-1,1,-1,-1,1,1,1,-1,1,1,1,-1,-1,1,1,-1,0.009990613907575607
-1,1,-1,1,-1,1,-1,-1,1,1,1,1,-1,-1,1,-1,1,-1,1,-1,0.009990613907575607
-1,1,-1,1,-1,1,-1,-1,1,1,1,1,-1,1,-1,-1,-1,-1,1,1,0.009990613907575607
-1,1,-1,1,-1,1,-1,-1,1,1,1,1,-1,1,1,1,1,1,1,-1,0.009990613907575607
-1,1,-1,1,-1,1,-1,-1,1,1,1,1,1,1,-1,1,1,-1,-1,1,0.009990613907575607
-1,1,-1,1,-1,1,-1,1,-1,-1,-1,-1,1,-1,1,-1,1,-1,1,-1,0.009990613907575607
-1,1,-1,1,-1,1,-1,1,-1,-1,-1,1,-1,1,1,-1,-1,-1,1,1,0.009990613907575607
-1,1,-1,1,-1,1,-1,1,-1,-1,-1,1,1,-1,1,1,1,1,1,1,0.009990613907575607
-1,1,-1,1,-1,1,-1,1,-1,-1,1,-1,1,-1,-1,-1,-1,-1,-1,-1,0.009990613907575607
-1,1,-1,1,-1,1,-1,1,-1,-1,1,-1,1,-1,-1,-1,-1,-1,-1,1,0.009990613907575607
-1,1,-1,1,-1,1,-1,1,-1,-1,1,-1,1,-1,1,1,1,1,-1,-1,0.009990613907575607
-1,1,-1,1,-1,1,-1,1,-1,-1,1,-1,1,1,1,1,1,-1,-1,-1,0.009990613907575607
-1,1,-1,1,-1,1,-1,1,-1,-1,1,1,1,-1,-1,-1,-1,1,1,-1,0.009990613907575607
-1,1,-1,1,-1,1,-1,1,-1,1,-1,-1,-1,1,-1,1,-1,1,-1,-1,0.009990613907575607
-1,1,-1,1,-1,1,-1,1,-1,1,-1,-1,1,1,1,1,1,1,-1,-1,0.009990613907575607
-1,1,-1,1,-1,1,-1,1,-1,1,-1,1,1,-1,-1,-1,1,1,-1,1,0.009990613907575607
-1,1,-1,1,-1,1,-1,1,-1,1,-1,1,1,-1,1,1,-1,-1,1,-1,0.009990613907575607
-1,1,-1,1,-1,1,-1,1,-1,1,-1,1,1,1,-1,1,-1,1,-1,-1,0.009990613907575607
-1,1,-1,1,-1,1,-1,1,-1,1,1,-1,-1,-1,-1,-1,-1,1,1,-1,0.009990613907575607
-1,1,-1,1,-1,1,-1,1,-1,1,1,-1,-1,-1,-1,-1,1,1,1,1,0.009990613907575607
-1,1,-1,1,-1,1,-1,1,-1,1,1,-1,-1,1,-1,1,1,-1,-1,1,0.009990613907575607
-1,1,-1,1,-1,1,-1,1,-1,1,1,-1,1,1,-1,-1,-1,1,1,1,0.009990613907575607
-1,1,-1,1,-1,1,-1,1,-1,1,1,1,-1,-1,1,1,-1,-1,1,1,0.009990613907575607
-1,1,-1,1,-1,1,-1,1,-1,1,1,1,-1,1,1,-1,-1,1,-1,-1,0.009990613907575607
-1,1,-1,1,-1,1,-1,1,-1,1,1,1,1,-1,1,-1,-1,1,-1,1,0.009990613907575607
-1,1,-1,1,-1,1,-1,1,-1,1,1,1,1,1,1,-1,-1,-1,1,1,0.009990613907575607
-1,1,-1,1,-1,1,-1,1,-1,1,1,1,1,1,1,-1,1,1,-1,1,0.009990613907575607
-1,1,-1,1,-1,1,-1,1,-1,1,1,1,1,1,1,1,-1,-1,-1,1,0.009990613907575607
-1,1,-1,1,-1,1,-1,1,1,-1,-1,-1,-1,-1,-1,-1,1,-1,1,-1,0.009990613907575607
-1,1,-1,1,-1,1,-1,1,1,-1,-1,-1,-1,-1,-1,-1,1,1,-1,1,0.009990613907575607
-1,1,-1,1,-1,1,-1,1,1,-1,-1,-1,-1,1,-1,-1,-1,-1,1,1,0.009990613907575607
-1,1,-1,1,-1,1,-1,1,1,-1,-1,-1,1,-1,-1,1,-1,-1,-1,1,0.009990613907575607
-1,1,-1,1,-1,1,-1,1,1,-1,-1,-1,1,-1,1,1,1,-1,-1,1,0.009990613907575607
-1,1,-1,1,-1,1,-1,1,1,-1,-1,-1,1,1,-1,-1,1,-1,1,-1,0.009990613907575607
-1,1,-1,1,-1,1,-1,1,1,-1,-1,1,1,1,1,-1,-1,1,-1,1,0.009990613907575607
-1,1,-1,1,-1,1,-1,1,1,-1,1,-1,-1,1,1,-1,-1,1,-1,1,0.009990613907575607
-1,1,-1,1,-1,1,-1,1,1,-1,1,1,-1,1,1,-1,1,1,1,-1,0.009990613907575607
-1,1,-1,1,-1,1,-1,1,1,-1,1,1,1,-1,-1,-1,-1,-1,-1,1,0.009990613907575607
-1,1,-1,1,-1,1,-1,1,1,1,-1,-1,-1,1,-1,1,-1,-1,-1,1,0.009990613907575607
-1,1,-1,1,-1,1,-1,1,1,1,-1,-1,-1,1,1,1,-1,1,1,1,0.009990613907575607
-1,1,-1,1,-1,1,-1,1,1,1,-1,-1,-1,1,1,1,1,1,1,1,0.009990613907575607
-1,1,-1,1,-1,1,-1,1,1,1,-1,-1,1,1,1,-1,1,1,-1,-1,0.009990613907575607
-1,1,-1,1,-1,1,-1,1,1,1,-1,1,1,-1,1,-1,1,1,-1,-1,0.009990613907575607
-1,1,-1,1,-1,1,-1,1,1,1,-1,1,1,1,-1,-1,1,1,-1,-1,0.009990613907575607
-1,1,-1,1,-1,1,-1,1,1,1,1,-1,1,-1,1,-1,-1,-1,-1,1,0.009990613907575607
-1,1,-1,1,-1,1,-1,1,1,1,1,-1,1,1,-1,-1,1,-1,1,-1,0.009990613907575607
-1,1,-1,1,-1,1,-1,1,1,1,1,1,1,-1,-1,1,-1,-1,-1,-1,0.009990613907575607
-1,1,-1,1,-1,1,1,-1,-1,-1,-1,-1,-1,1,1,1,1,-1,-1,-1,0.009990613907575607
-1,1,-1,1,-1,1,1,-1,-1,-1,-1,-1,1,-1,-1,-1,-1,1,-1,-1,0.009990613907575607
-1,1,-1,1,-1,1,1,-1,-1,-1,-1,-1,1,-1,-1,1,1,-1,1,-1,0.009990613907575607
-1,1,-1,1,-1,1,1,-1,-1,-1,-1,-1,1,-1,1,-1,1,-1,-1,-1,0.009990613907575607
-1,1,-1,1,-1,1,1,-1,-1,-1,-1,-1,1,1,-1,-1,-1,1,-1,-1,0.009990613907575607
-1,1,-1,1,-1,1,1,-1,-1,-1,-1,1,-1,-1,-1,-1,-1,-1,1,1,0.009990613907575607
-1,1,-1,1,-1,1,1,-1,-1,-1,-1,1,-1,-1,1,-1,1,-1,-1,-1,0.009990613907575607
-1,1,-1,1,-1,1,1,-1,-1,-1,-1,1,1,-1,1,-1,1,-1,1,-1,0.009990613907575607
-1,1,-1,1,-1,1,1,-1,-1,-1,1,-1,-1,1,-1,1,1,-1,-1,-1,0.009990613907575607
-1,1,-1,1,-1,1,1,-1,-1,-1,1,-1,1,-1,1,-1,1,-1,-1,1,0.009990613907575607
-1,1,-1,1,-1,1,1,-1,-1,-1,1,-1,1,1,1,-1,1,-1,-1,-1,0.009990613907575607
-1,1,-1,1,-1,1,1,-1,-1,-1,1,1,-1,1,-1,-1,-1,-1,1,1,0.009990613907575607
-1,1,-1,1,-1,1,1,-1,-1,-1,1,1,-1,1,-1,-1,1,1,1,-1,0.009990613907575607
-1,1,-1,1,-1,1,1,-1,-1,-1,1,1,1,-1,-1,-1,1,1,1,1,0.009990613907575607
-1,1,-1,1,-1,1,1,-1,-1,-1,1,1,1,-1,-1,1,-1,1,1,1,0.009990613907575607
-1,1,-1,1,-1,1,1,-1,-1,-1,1,1,1,-1,1,-1,-1,-1,1,1,0.009990613907575607
-1,1,-1,1,-1,1,1,-1,-1,-1,1,1,1,1,1,1,-1,-1,1,-1,0.009990613907575607
-1,1,-1,1,-1,1,1,-1,-1,-1,1,1,1,1,1,1,-1,1,-1,-1,0.009990613907575607
-1,1,-1,1,-1,1,1,-1,-1,1,-1,-1,-1,-1,1,-1,1,1,1,1,0.009990613907575607
-1,1,-1,1,-1,1,1,-1,-1,1,-1,-1,1,1,-1,1,-1,1,1,-1,0.009990613907575607
-1,1,-1,1,-1,1,1,-1,-1,1,-1,-1,1,1,1,1,1,-1,1,-1,0.009990613907575607
-1,1,-1,1,-1,1,1,-1,-1,1,-1,1,-1,-1,-1,-1,-1,-1,1,-1,0.009990613907575607
-1,1,-1,1,-1,1,1,-1,-1,1,-1,1,-1,-1,1,-1,1,1,1,1,0.009990613907575607
-1,1,-1,1,-1,1,1,-1,-1,1,-1,1,-1,1,-1,1,-1,-1,1,1,0.009990613907575607
-1,1,-1,1,-1,1,1,-1,-1,1,1,-1,-1,1,1,-1,-1,-1,-1,1,0.009990613907575607
-1,1,-1,1,-1,1,1,-1,-1,1,1,-1,1,-1,-1,1,-1,-1,-1,1,0.009990613907575607
-1,1,-1,1,-1,1,1,-1,-1,1,1,1,-1,-1,1,-1,1,1,-1,-1,0.009990613907575607
-1,1,-1,1,-1,1,1,-1,-1,1,1,1,1,-1,1,-1,-1,-1,-1,-1,0.009990613907575607
-1,1,-1,1,-1,1,1,-1,-1,1,1,1,1,-1,1,1,1,-1,1,-1,0.009990613907575607
-1,1,-1,1,-1,1,1,-1,1,-1,-1,1,-1,-1,-1,-1,-1,1,-1,-1,0.009990613907575607
-1,1,-1,1,-1,1,1,-1,1,-1,-1,1,-1,-1,1,1,1,-1,-1,1,0.009990613907575607
-1,1,-1,1,-1,1,1,-1,1,-1,1,-1,-1,-1,-1,1,1,1,-1,1,0.009990613907575607
-1,1,-1,1,-1,1,1,-1,1,-1,1,1,1,-1,1,-1,-1,-1,1,-1,0.009990613907575607
-1,1,-1,1,-1,1,1,-1,1,-1,1,1,1,1,-1,-1,-1,-1,1,-1,0.009990613907575607
-1,1,-1,1,-1,1,1,-1,1,-1,1,1,1,1,-1,1,-1,1,1,1,0.009990613907575607
-1,1,-1,1,-1,1,1,-1,1,-1,1,1,1,1,1,1,1,1,1,-1,0.009990613907575607
-1,1,-1,1,-1,1,1,-1,1,1,-1,-1,-1,-1,1,-1,-1,-1,-1,-1,0.009990613907575607
-1,1,-1,1,-1,1,1,-1,1,1,-1,-1,-1,1,1,1,-1,1,1,1,0.009990613907575607
-1,1,-1,1,-1,1,1,-1,1,1,-1,-1,1,-1,-1,1,-1,-1,1,1,0.009990613907575607
-1,1,-1,1,-1,1,1,-1,1,1,-1,-1,1,1,1,-1,-1,-1,1,-1,0.009990613907575607
-1,1,-1,1,-1,1,1,-1,1,1,-1,-1,1,1,1,1,-1,1,1,1,0.009990613907575607
-1,1,-1,1,-1,1,1,-1,1,1,-1,1,-1,-1,-1,1,1,-1,-1,1,0.009990613907575607
-1,1,-1,1,-1,1,1,-1,1,1,-1,1,-1,-1,1,1,1,1,-1,-1,0.009990613907575607
-1,1,-1,1,-1,1,1,-1,1,1,1,-1,-1,1,1,1,1,1,-1,-1,0.009990613907575607
-1,1,-1,1,-1,1,1,-1,1,1,1,-1,1,-1,-1,1,-1,-1,-1,1,0.009990613907575607
-1,1,-1,1,-1,1,1,-1,1,1,1,-1,1,-1,1,-1,1,1,1,-1,0.009990613907575607
-1,1,-1,1,-1,1,1,-1,1,1,1,1,-1,-1,1,1,1,1,-1,1,0.009990613907575607
-1,1,-1,1,-1,1,1,1,-1,-1,-1,-1,-1,1,1,1,-1,1,-1,1,0.009990613907575607
-1,1,-1,1,-1,1,1,1,-1,-1,-1,-1,1,-1,1,1,1,-1,-1,1,0.009990613907575607
-1,1,-1,1,-1,1,1,1,-1,-1,-1,-1,1,-1,1,1,1,-1,1,1,0.009990613907575607
-1,1,-1,1,-1,1,1,1,-1,-1,-1,1,-1,1,1,-1,1,-1,1,1,0.009990613907575607
-1,1,-1,1,-1,1,1,1,-1,-1,-1,1,-1,1,1,1,-1,1,-1,-1,0.009990613907575607
-1,1,-1,1,-1,1,1,1,-1,-1,-1,1,1,1,1,-1,1,1,-1,1,0.009990613907575607
-1,1,-1,1,-1,1,1,1,-1,-1,1,-1,-1,-1,-1,1,-1,-1,-1,1,0.009990613907575607
-1,1,-1,1,-1,1,1,1,-1,-1,1,-1,1,-1,1,-1,1,1,-1,-1,0.009990613907575607
-1,1,-1,1,-1,1,1,1,-1,-1,1,-1,1,1,1,-1,-1,-1,1,-1,0.009990613907575607
-1,1,-1,1,-1,1,1,1,-1,-1,1,1,1,-1,1,-1,-1,-1,-1,-1,0.009990613907575607
-1,1,-1,1,-1,1,1,1,-1,-1,1,1,1,-1,1,-1,-1,1,1,1,0.009990613907575607
-1,1,-1,1,-1,1,1,1,-1,1,-1,-1,-1,-1,-1,1,-1,1,-1,-1,0.009990613907575607
-1,1,-1,1,-1,1,1,1,-1,1,-1,-1,1,1,-1,-1,-1,-1,-1,-1,0.009990613907575607
-1,1,-1,1,-1,1,1,1,-1,1,-1,-1,1,1,-1,-1,-1,-1,1,1,0.009990613907575607
-1,1,-1,1,-1,1,1,1,-1,1,-1,1,1,-1,-1,-1,-1,1,1,-1,0.009990613907575607
-1,1,-1,1,-1,1,1,1,-1,1,1,-1,1,1,-1,-1,-1,-1,1,-1,0.009990613907575607
-1,1,-1,1,-1,1,1,1,-1,1,1,-1,1,1,1,1,1,-1,1,1,0.009990613907575607
-1,1,-1,1,-1,1,1,1,-1,1,1,1,1,-1,-1,1,-1,-1,1,1,0.009990613907575607
-1,1,-1,1,-1,1,1,1,-1,1,1,1,1,-1,1,-1,-1,1,-1,1,0.009990613907575607
-1,1,-1,1,-1,1,1,1,-1,1,1,1,1,-1,1,1,1,-1,-1,1,0.009990613907575607
-1,1,-1,1,-1,1,1,1,1,-1,-1,-1,-1,-1,-1,-1,1,-1,1,1,0.009990613907575607
-1,1,-1,1,-1,1,1,1,1,-1,-1,-1,1,1,-1,-1,-1,-1,1,-1,0.009990613907575607
-1,1,-1,1,-1,1,1,1,1,-1,-1,1,-1,1,1,1,1,-1,1,-1,0.009990613907575607
-1,1,-1,1,-1,1,1,1,1,-1,-1,1,1,-1,-1,1,-1,-1,1,1,0.009990613907575607
-1,1,-1,1,-1,1,1,1,1,-1,1,-1,-1,-1,1,-1,-1,-1,1,1,0.009990613907575607
-1,1,-1,1,-1,1,1,1,1,-1,1,-1,1,1,-1,1,1,1,1,1,0.009990613907575607
-1,1,-1,1,-1,1,1,1,1,-1,1,1,-1,-1,1,-1,-1,-1,-1,1,0.009990613907575607
-1,1,-1,1,-1,1,1,1,1,-1,1,1,-1,1,1,-1,1,-1,-1,1,0.009990613907575607
-1,1,-1,1,-1,1,1,1,1,-1,1,1,1,-1,-1,-1,1,-1,1,1,0.009990613907575607
-1,1,-1,1,-1,1,1,1,1,-1,1,1,1,1,-1,1,1,-1,-1,1,0.009990613907575607
-1,1,-1,1,-1,1,1,1,1,1,-1,-1,-1,-1,-1,-1,1,1,1,1,0.009990613907575607
-1,1,-1,1,-1,1,1,1,1,1,-1,-1,1,-1,1,-1,1,-1,-1,-1,0.009990613907575607
-1,1,-1,1,-1,1,1,1,1,1,-1,-1,1,1,1,-1,1,-1,-1,-1,0.009990613907575607
-1,1,-1,1,-1,1,1,1,1,1,-1,1,-1,-1,-1,-1,-1,1,1,1,0.009990613907575607
-1,1,-1,1,-1,1,1,1,1,1,-1,1,-1,-1,-1,-1,1,-1,-1,-1,0.009990613907575607
-1,1,-1,1,-1,1,1,1,1,1,-1,1,-1,-1,1,-1,1,1,-1,-1,0.009990613907575607
-1,1,-1,1,-1,1,1,1,1,1,-1,1,1,-1,1,-1,1,-1,-1,1,0.009990613907575607
-1,1,-1,1,-1,1,1,1,1,1,-1,1,1,1,1,-1,1,1,-1,-1,0.009990613907575607
-1,1,-1,1,1,-1,-1,-1,-1,-1,-1,-1,1,-1,-1,-1,-1,1,1,-1,0.009990613907575607
-1,1,-1,1,1,-1,-1,-1,-1,-1,-1,-1,1,-1,-1,-1,1,1,-1,-1,0.009990613907575607
-1,1,-1,1,1,-1,-1,-1,-1,-1,1,-1,-1,-1,-1,1,-1,-1,-1,-1,0.009990613907575607
-1,1,-1,1,1,-1,-1,-1,-1,-1,1,-1,-1,1,-1,1,-1,1,-1,-1,0.009990613907575607
-1,1,-1,1,1,-1,-1,-1,-1,-1,1,-1,-1,1,1,-1,-1,1,1,-1,0.009990613907575607
-1,1,-1,1,1,-1,-1,-1,-1,-1,1,1,-1,-1,-1,-1,1,1,1,1,0.009990613907575607
-1,1,-1,1,1,-1,-1,-1,-1,-1,1,1,-1,1,1,1,-1,-1,-1,-1,0.009990613907575607
-1,1,-1,1,1,-1,-1,-1,-1,-1,1,1,-1,1,1,1,1,1,1,1,0.009990613907575607
-1,1,-1,1,1,-1,-1,-1,-1,-1,1,1,1,-1,1,-1,-1,1,-1,-1,0.009990613907575607
-1,1,-1,1,1,-1,-1,-1,-1,-1,1,1,1,-1,1,-1,1,-1,-1,-1,0.009990613907575607
-1,1,-1,1,1,-1,-1,-1,-1,1,-1,-1,-1,-1,1,1,-1,-1,-1,1,0.009990613907575607
-1,1,-1,1,1,-1,-1,-1,-1,1,-1,-1,-1,1,-1,1,1,-1,1,1,0.009990613907575607
-1,1,-1,1,1,-1,-1,-1,-1,1,-1,-1,1,-1,1,-1,-1,-1,1,1,0.009990613907575607
-1,1,-1,1,1,-1,-1,-1,-1,1,-1,-1,1,-1,1,1,1,-1,-1,-1,0.009990613907575607
-1,1,-1,1,1,-1,-1,-1,-1,1,-1,1,-1,-1,1,1,1,1,1,1,0.009990613907575607
-1,1,-1,1,1,-1,-1,-1,-1,1,-1,1,1,1,-1,1,-1,-1,1,-1,0.009990613907575607
-1,1,-1,1,1,-1,-1,-1,-1,1,1,-1,-1,1,-1,-1,1,-1,1,-1,0.009990613907575607
-1,1,-1,1,1,-1,-1,-1,1,-1,-1,-1,-1,-1,1,1,-1,-1,1,1,0.009990613907575607
-1,1,-1,1,1,-1,-1,-1,1,-1,-1,-1,1,1,1,1,-1,1,1,1,0.009990613907575607
-1,1,-1,1,1,-1,-1,-1,1,-1,-1,1,-1,-1,-1,-1,-1,1,1,-1,0.009990613907575607
-1,1,-1,1,1,-1,-1,-1,1,-1,-1,1,-1,-1,1,1,1,-1,-1,1,0.009990613907575607
-1,1,-1,1,1,-1,-1,-1,1,-1,1,-1,1,-1,-1,1,1,1,1,1,0.009990613907575607
-1,1,-1,1,1,-1,-1,-1,1,-1,1,-1,1,1,1,-1,1,-1,1,-1,0.009990613907575607
-1,1,-1,1,1,-1,-1,-1,1,-1,1,1,-1,-1,-1,1,1,-1,1,-1,0.009990613907575607
-1,1,-1,1,1,-1,-1,-1,1,-1,1,1,1,1,-1,-1,1,1,-1,-1,0.009990613907575607
-1,1,-1,1,1,-1,-1,-1,1,-1,1,1,1,1,-1,1,1,-1,-1,-1,0.009990613907575607
-1,1,-1,1,1,-1,-1,-1,1,1,-1,1,-1,1,-1,1,-1,-1,1,1,0.009990613907575607
-1,1,-1,1,1,-1,-1,-1,1,1,-1,1,1,1,1,-1,-1,1,-1,1,0.009990613907575607
-1,1,-1,1,1,-1,-1,-1,1,1,1,-1,-1,-1,1,-1,1,1,1,1,0.009990613907575607
-1,1,-1,1,1,-1,-1,-1,1,1,1,-1,1,-1,-1,1,1,1,-1,1,0.009990613907575607
-1,1,-1,1,1,-1,-1,-1,1,1,1,-1,1,1,1,1,1,1,-1,1,0.009990613907575607
-1,1,-1,1,1,-1,-1,-1,1,1,1,1,-1,-1,1,-1,1,-1,1,-1,0.009990613907575607
-1,1,-1,1,1,-1,-1,-1,1,1,1,1,-1,1,1,1,-1,1,1,1,0.009990613907575607
-1,1,-1,1,1,-1,-1,1,-1,-1,-1,-1,-1,-1,1,-1,-1,1,1,-1,0.009990613907575607
-1,1,-1,1,1,-1,-1,1,-1,-1,-1,-1,-1,-1,1,-1,1,-1,1,1,0.009990613907575607
-1,1,-1,1,1,-1,-1,1,-1,-1,-1,-1,1,1,-1,1,-1,-1,1,-1,0.009990613907575607
-1,1,-1,1,1,-1,-1,1,-1,-1,-1,1,-1,-1,1,-1,1,-1,1,1,0.009990613907575607
-1,1,-1,1,1,-1,-1,1,-1,-1,-1,1,-1,-1,1,1,-1,-1,1,-1,0.009990613907575607
-1,1,-1,1,1,-1,-1,1,-1,-1,-1,1,1,1,1,-1,-1,-1,1,1,0.009990613907575607
-1,1,-1,1,1,-1,-1,1,-1,-1,-1,1,1,1,1,-1,1,-1,1,1,0.009990613907575607
-1,1,-1,1,1,-1,-1,1,-1,-1,1,-1,1,1,-1,1,-1,1,1,-1,0.009990613907575607
-1,1,-1,1,1,-1,-1,1,-1,-1,1,1,-1,-1,-1,-1,1,-1,1,1,0.009990613907575607
-1,1,-1,1,1,-1,-1,1,-1,-1,1,1,1,1,-1,1,-1,-1,1,-1,0.009990613907575607
-1,1,-1,1,1,-1,-1,1,-1,1,-1,-1,1,1,1,1,1,1,-1,-1,0.009990613907575607
-1,1,-1,1,1,-1,-1,1,-1,1,-1,1,-1,-1,-1,-1,-1,1,-1,1,0.009990613907575607
-1,1,-1,1,1,-1,-1,1,-1,1,-1,1,-1,-1,-1,1,-1,-1,-1,1,0.009990613907575607
-1,1,-1,1,1,-1,-1,1,-1,1,-1,1,-1,1,-1,-1,1,1,1,-1,0.009990613907575607
-1,1,-1,1,1,-1,-1,1,-1,1,1,-1,-1,-1,1,-1,-1,1,1,1,0.009990613907575607
-1,1,-1,1,1,-1,-1,1,-1,1,1,-1,1,-1,-1,1,-1,1,-1,-1,0.009990613907575607
-1,1,-1,1,1,-1,-1,1,-1,1,1,-1,1,1,1,1,-1,1,-1,1,0.009990613907575607
-1,1,-1,1,1,-1,-1,1,-1,1,1,1,-1,1,-1,-1,-1,-1,-1,1,0.009990613907575607
-1,1,-1,1,1,-1,-1,1,-1,1,1,1,1,-1,1,1,-1,-1,1,-1,0.009990613907575607
-1,1,-1,1,1,-1,-1,1,-1,1,1,1,1,1,-1,-1,-1,-1,1,-1,0.009990613907575607
-1,1,-1,1,1,-1,-1,1,-1,1,1,1,1,1,1,-1,1,-1,1,1,0.009990613907575607
-1,1,-1,1,1,-1,-1,1,1,-1,-1,-1,-1,-1,1,1,-1,1,1,-1,0.009990613907575607
-1,1,-1,1,1,-1,-1,1,1,-1,-1,1,1,1,-1,1,-1,-1,1,1,0.009990613907575607
-1,1,-1,1,1,-1,-1,1,1,-1,-1,1,1,1,1,1,-1,1,1,-1,0.009990613907575607
-1,1,-1,1,1,-1,-1,1,1,-1,1,-1,1,-1,1,1,-1,-1,-1,1,0.009990613907575607
-1,1,-1,1,1,-1,-1,1,1,-1,1,1,1,-1,-1,1,-1,-1,-1,1,0.009990613907575607
-1,1,-1,1,1,-1,-1,1,1,1,-1,1,1,-1,-1,-1,1,1,1,1,0.009990613907575607
-1,1,-1,1,1,-1,-1,1,1,1,-1,1,1,-1,1,1,1,1,-1,-1,0.009990613907575607
-1,1,-1,1,1,-1,-1,1,1,1,1,-1,-1,1,1,1,-1,1,-1,1,0.009990613907575607
-1,1,-1,1,1,-1,-1,1,1,1,1,1,-1,-1,-1,1,-1,1,1,-1,0.009990613907575607
-1,1,-1,1,1,-1,-1,1,1,1,1,1,-1,1,-1,-1,-1,1,-1,-1,0.009990613907575607
-1,1,-1,1,1,-1,-1,1,1,1,1,1,1,-1,1,1,-1,-1,-1,-1,0.009990613907575607
-1,1,-1,1,1,-1,-1,1,1,1,1,1,1,1,-1,1,-1,1,1,1,0.009990613907575607
-1,1,-1,1,1,-1,-1,1,1,1,1,1,1,1,1,1,1,1,1,1,0.009990613907575607
-1,1,-1,1,1,-1,1,-1,-1,-1,-1,-1,-1,-1,1,-1,1,1,-1,1,0.009990613907575607
-1,1,-1,1,1,-1,1,-1,-1,-1,-1,-1,1,-1,1,1,1,1,1,-1,0.009990613907575607
-1,1,-1,1,1,-1,1,-1,-1,-1,-1,-1,1,1,-1,-1,-1,-1,-1,-1,0.009990613907575607
-1,1,-1,1,1,-1,1,-1,-1,-1,-1,1,-1,1,-1,1,1,-1,-1,1,0.009990613907575607
-1,1,-1,1,1,-1,1,-1,-1,-1,1,1,-1,1,-1,-1,1,1,-1,-1,0.009990613907575607
-1,1,-1,1,1,-1,1,-1,-1,-1,1,1,-1,1,-1,1,1,-1,1,-1,0.009990613907575607
-1,1,-1,1,1,-1,1,-1,-1,1,-1,-1,-1,1,-1,1,-1,1,1,-1,0.009990613907575607
-1,1,-1,1,1,-1,1,-1,-1,1,-1,-1,-1,1,1,1,-1,1,1,1,0.009990613907575607
-1,1,-1,1,1,-1,1,-1,-1,1,-1,-1,1,-1,-1,-1,-1,-1,-1,-1,0.009990613907575607
-1,1,-1,1,1,-1,1,-1,-1,1,-1,1,-1,-1,1,-1,1,-1,-1,1,0.009990613907575607
-1,1,-1,1,1,-1,1,-1,-1,1,-1,1,1,-1,1,1,1,1,1,1,0.009990613907575607
-1,1,-1,1,1,-1,1,-1,-1,1,-1,1,1,1,1,-1,-1,1,-1,1,0.009990613907575607
-1,1,-1,1,1,-1,1,-1,-1,1,1,-1,-1,1,-1,1,-1,-1,1,-1,0.009990613907575607
-1,1,-1,1,1,-1,1,-1,-1,1,1,-1,-1,1,-1,1,1,-1,-1,-1,0.009990613907575607
-1,1,-1,1,1,-1,1,-1,-1,1,1,1,-1,1,-1,-1,1,1,1,1,0.009990613907575607
-1,1,-1,1,1,-1,1,-1,-1,1,1,1,1,-1,1,-1,-1,-1,-1,-1,0.009990613907575607
-1,1,-1,1,1,-1,1,-1,-1,1,1,1,1,1,1,-1,-1,-1,1,-1,0.009990613907575607
-1,1,-1,1,1,-1,1,-1,1,-1,-1,-1,1,-1,-1,-1,-1,1,-1,-1,0.009990613907575607
-1,1,-1,1,1,-1,1,-1,1,-1,-1,1,-1,-1,-1,1,1,1,1,-1,0.009990613907575607
-1,1,-1,1,1,-1,1,-1,1,-1,-1,1,1,1,-1,1,-1,-1,-1,-1,0.009990613907575607
-1,1,-1,1,1,-1,1,-1,1,-1,-1,1,1,1,1,1,-1,1,1,1,0.009990613907575607
-1,1,-1,1,1,-1,1,-1,1,-1,1,-1,1,-1,-1,-1,-1,-1,-1,1,0.009990613907575607
-1,1,-1,1,1,-1,1,-1,1,-1,1,-1,1,-1,-1,1,-1,1,-1,-1,0.009990613907575607
-1,1,-1,1,1,-1,1,-1,1,-1,1,-1,1,-1,-1,1,1,1,-1,1,0.009990613907575607
-1,1,-1,1,1,-1,1,-1,1,-1,1,-1,1,1,-1,1,1,1,-1,1,0.009990613907575607
-1,1,-1,1,1,-1,1,-1,1,-1,1,1,1,-1,-1,1,-1,1,1,-1,0.009990613907575607
-1,1,-1,1,1,-1,1,-1,1,-1,1,1,1,1,1,-1,1,1,1,1,0.009990613907575607
-1,1,-1,1,1,-1,1,-1,1,-1,1,1,1,1,1,1,1,-1,1,1,0.009990613907575607
-1,1,-1,1,1,-1,1,-1,1,1,-1,-1,-1,-1,1,-1,1,-1,1,1,0.009990613907575607
-1,1,-1,1,1,-1,1,-1,1,1,-1,-1,-1,1,-1,-1,-1,-1,1,1,0.009990613907575607
-1,1,-1,1,1,-1,1,-1,1,1,-1,1,-1,1,-1,1,1,-1,1,-1,0.009990613907575607
-1,1,-1,1,1,-1,1,-1,1,1,-1,1,-1,1,1,1,1,-1,-1,1,0.009990613907575607
-1,1,-1,1,1,-1,1,-1,1,1,1,-1,-1,-1,-1,1,-1,-1,-1,1,0.009990613907575607
-1,1,-1,1,1,-1,1,-1,1,1,1,-1,1,1,-1,1,1,-1,1,1,0.009990613907575607
-1,1,-1,1,1,-1,1,-1,1,1,1,1,-1,1,1,1,1,1,1,-1,0.009990613907575607
-1,1,-1,1,1,-1,1,-1,1,1,1,1,1,1,1,1,-1,1,1,1,0.009990613907575607
-1,1,-1,1,1,-1,1,1,-1,-1,-1,-1,-1,-1,-1,1,1,1,1,-1,0.009990613907575607
-1,1,-1,1,1,-1,1,1,-1,-1,-1,-1,-1,1,1,-1,1,-1,1,1,0.009990613907575607
-1,1,-1,1,1,-1,1,1,-1,-1,-1,-1,1,-1,1,-1,1,1,1,1,0.009990613907575607
-1,1,-1,1,1,-1,1,1,-1,-1,-1,1,-1,1,-1,-1,1,-1,-1,1,0.009990613907575607
-1,1,-1,1,1,-1,1,1,-1,-1,-1,1,-1,1,1,1,1,1,-1,1,0.009990613907575607
-1,1,-1,1,1,-1,1,1,-1,-1,1,-1,-1,-1,-1,1,1,1,-1,1,0.009990613907575607
-1,1,-1,1,1,-1,1,1,-1,-1,1,-1,-1,1,1,1,1,1,-1,1,0.009990613907575607
-1,1,-1,1,1,-1,1,1,-1,-1,1,1,-1,-1,1,1,-1,1,-1,-1,0.009990613907575607
-1,1,-1,1,1,-1,1,1,-1,-1,1,1,-1,1,-1,1,-1,-1,1,1,0.009990613907575607
-1,1,-1,1,1,-1,1,1,-1,-1,1,1,1,-1,-1,-1,-1,1,-1,-1,0.009990613907575607
-1,1,-1,1,1,-1,1,1,-1,1,-1,-1,-1,-1,-1,1,1,1,-1,-1,0.009990613907575607
-1,1,-1,1,1,-1,1,1,-1,1,-1,-1,1,-1,-1,-1,-1,1,1,1,0.009990613907575607
-1,1,-1,1,1,-1,1,1,-1,1,-1,-1,1,-1,1,-1,1,1,1,1,0.009990613907575607
-1,1,-1,1,1,-1,1,1,-1,1,-1,-1,1,1,1,1,-1,1,1,1,0.009990613907575607
-1,1,-1,1,1,-1,1,1,-1,1,-1,1,1,-1,-1,1,-1,-1,-1,1,0.009990613907575607
-1,1,-1,1,1,-1,1,1,-1,1,1,-1,-1,-1,1,-1,1,1,-1,1,0.009990613907575607
-1,1,-1,1,1,-1,1,1,-1,1,1,-1,-1,1,-1,-1,1,1,1,1,0.009990613907575607
-1,1,-1,1,1,-1,1,1,-1,1,1,-1,-1,1,-1,1,1,1,-1,-1,0.009990613907575607
-1,1,-1,1,1,-1,1,1,-1,1,1,-1,-1,1,1,-1,1,-1,-1,-1,0.009990613907575607
-1,1,-1,1,1,-1,1,1,-1,1,1,-1,1,1,-1,1,-1,-1,1,-1,0.009990613907575607
-1,1,-1,1,1,-1,1,1,-1,1,1,1,-1,-1,1,1,-1,-1,-1,-1,0.009990613907575607
-1,1,-1,1,1,-1,1,1,-1,1,1,1,-1,1,-1,-1,1,-1,1,1,0.009990613907575607
-1,1,-1,1,1,-1,1,1,-1,1,1,1,1,-1,1,-1,1,1,1,-1,0.009990613907575607
-1,1,-1,1,1,-1,1,1,1,-1,-1,-1,-1,-1,-1,1,-1,-1,1,1,0.009990613907575607
-1,1,-1,1,1,-1,1,1,1,-1,-1,-1,1,-1,-1,-1,-1,-1,1,-1,0.009990613907575607
-1,1,-1,1,1,-1,1,1,1,-1,-1,-1,1,-1,-1,-1,-1,1,1,1,0.009990613907575607
-1,1,-1,1,1,-1,1,1,1,-1,-1,-1,1,-1,1,-1,1,-1,-1,1,0.009990613907575607
-1,1,-1,1,1,-1,1,1,1,-1,-1,-1,1,-1,1,1,-1,-1,-1,1,0.009990613907575607
-1,1,-1,1,1,-1,1,1,1,-1,-1,-1,1,1,1,-1,-1,1,-1,1,0.009990613907575607
-1,1,-1,1,1,-1,1,1,1,-1,-1,-1,1,1,1,-1,1,-1,1,-1,0.009990613907575607
-1,1,-1,1,1,-1,1,1,1,-1,1,-1,-1,-1,-1,-1,1,1,-1,-1,0.009990613907575607
-1,1,-1,1,1,-1,1,1,1,-1,1,-1,-1,1,1,1,-1,1,1,-1,0.009990613907575607
-1,1,-1,1,1,-1,1,1,1,-1,1,-1,1,-1,-1,1,1,-1,1,-1,0.009990613907575607
-1,1,-1,1,1,-1,1,1,1,-1,1,-1,1,-1,1,-1,-1,1,1,-1,0.009990613907575607
-1,1,-1,1,1,-1,1,1,1,-1,1,1,-1,-1,-1,-1,-1,-1,1,-1,0.009990613907575607
-1,1,-1,1,1,-1,1,1,1,-1,1,1,-1,1,1,-1,1,1,-1,-1,0.009990613907575607
-1,1,-1,1,1,-1,1,1,1,1,-1,1,-1,-1,1,1,1,-1,-1,-1,0.009990613907575607
-1,1,-1,1,1,-1,1,1,1,1,1,-1,-1,-1,-1,1,-1,1,1,1,0.009990613907575607
-1,1,-1,1,1,-1,1,1,1,1,1,-1,-1,-1,1,-1,-1,1,1,1,0.009990613907575607
-1,1,-1,1,1,-1,1,1,1,1,1,-1,-1,1,-1,1,-1,1,1,1,0.009990613907575607
-1,1,-1,1,1,-1,1,1,1,1,1,-1,1,-1,1,-1,-1,-1,1,1,0.009990613907575607
-1,1,-1,1,1,-1,1,1,1,1,1,-1,1,1,-1,1,-1,1,1,1,0.009990613907575607
-1,1,-1,1,1,-1,1,1,1,1,1,1,1,1,-1,1,-1,1,1,1,0.009990613907575607
-1,1,-1,1,1,-1,1,1,1,1,1,1,1,1,1,-1,-1,1,-1,-1,0.009990613907575607
-1,1,-1,1,1,1,-1,-1,-1,-1,-1,-1,-1,1,1,1,1,-1,1,-1,0.009990613907575607
-1,1,-1,1,1,1,-1,-1,-1,-1,-1,1,-1,1,-1,-1,1,-1,1,1,0.009990613907575607
-1,1,-1,1,1,1,-1,-1,-1,-1,-1,1,1,-1,-1,1,-1,1,1,-1,0.009990613907575607
-1,1,-1,1,1,1,-1,-1,-1,-1,-1,1,1,1,1,1,-1,-1,-1,-1,0.009990613907575607
-1,1,-1,1,1,1,-1,-1,-1,-1,1,-1,-1,-1,1,1,1,1,-1,1,0.009990613907575607
-1,1,-1,1,1,1,-1,-1,-1,-1,1,1,-1,-1,1,1,-1,1,1,1,0.009990613907575607
-1,1,-1,1,1,1,-1,-1,-1,1,-1,-1,1,1,1,1,-1,1,-1,1,0.009990613907575607
-1,1,-1,1,1,1,-1,-1,-1,1,-1,1,-1,1,-1,1,1,1,1,-1,0.009990613907575607
-1,1,-1,1,1,1,-1,-1,-1,1,-1,1,-1,1,1,1,1,1,1,1,0.009990613907575607
-1,1,-1,1,1,1,-1,-1,-1,1,-1,1,1,1,-1,-1,1,-1,1,-1,0.009990613907575607
-1,1,-1,1,1,1,-1,-1,-1,1,-1,1,1,1,1,1,1,1,-1,1,0.009990613907575607
-1,1,-1,1,1,1,-1,-1,-1,1,1,-1,-1,-1,1,-1,1,-1,1,-1,0.009990613907575607
-1,1,-1,1,1,1,-1,-1,-1,1,1,-1,-1,1,-1,-1,1,1,-1,1,0.009990613907575607
-1,1,-1,1,1,1,-1,-1,-1,1,1,1,-1,-1,-1,1,1,1,1,1,0.009990613907575607
-1,1,-1,1,1,1,-1,-1,-1,1,1,1,-1,-1,1,-1,1,1,1,-1,0.009990613907575607
-1,1,-1,1,1,1,-1,-1,-1,1,1,1,1,-1,-1,-1,1,-1,-1,-1,0.009990613907575607
-1,1,-1,1,1,1,-1,-1,-1,1,1,1,1,1,-1,-1,1,1,1,1,0.009990613907575607
-1,1,-1,1,1,1,-1,-1,1,-1,-1,-1,-1,-1,1,1,1,1,-1,-1,0.009990613907575607
-1,1,-1,1,1,1,-1,-1,1,-1,-1,-1,1,-1,1,1,1,-1,1,1,0.009990613907575607
-1,1,-1,1,1,1,-1,-1,1,-1,-1,-1,1,1,-1,1,-1,-1,1,1,0.009990613907575607
-1,1,-1,1,1,1,-1,-1,1,-1,-1,-1,1,1,-1,1,-1,1,1,1,0.009990613907575607
-1,1,-1,1,1,1,-1,-1,1,-1,-1,1,-1,-1,-1,-1,1,-1,-1,1,0.009990613907575607
-1,1,-1,1,1,1,-1,-1,1,-1,-1,1,-1,-1,1,-1,1,-1,1,1,0.009990613907575607
-1,1,-1,1,1,1,-1,-1,1,-1,-1,1,1,-1,-1,1,1,-1,1,-1,0.009990613907575607
-1,1,-1,1,1,1,-1,-1,1,-1,-1,1,1,-1,1,-1,1,1,1,1,0.009990613907575607
-1,1,-1,1,1,1,-1,-1,1,-1,-1,1,1,1,1,-1,-1,-1,-1,-1,0.009990613907575607
-1,1,-1,1,1,1,-1,-1,1,-1,1,-1,1,-1,-1,-1,-1,-1,1,-1,0.009990613907575607
-1,1,-1,1,1,1,-1,-1,1,-1,1,-1,1,-1,-1,-1,1,1,-1,1,0.009990613907575607
-1,1,-1,1,1,1,-1,-1,1,-1,1,-1,1,1,1,-1,1,1,1,1,0.009990613907575607
-1,1,-1,1,1,1,-1,-1,1,-1,1,1,-1,1,-1,1,1,1,-1,1,0.009990613907575607
-1,1,-1,1,1,1,-1,-1,1,1,-1,-1,-1,-1,-1,-1,-1,-1,-1,1,0.009990613907575607
-1,1,-1,1,1,1,-1,-1,1,1,-1,-1,-1,-1,1,-1,-1,1,-1,1,0.009990613907575607
-1,1,-1,1,1,1,-1,-1,1,1,-1,-1,-1,-1,1,1,-1,1,-1,-1,0.009990613907575607
-1,1,-1,1,1,1,-1,-1,1,1,-1,1,-1,-1,-1,1,1,1,-1,-1,0.009990613907575607
-1,1,-1,1,1,1,-1,-1,1,1,-1,1,1,-1,-1,1,1,1,-1,1,0.009990613907575607
-1,1,-1,1,1,1,-1,-1,1,1,-1,1,1,-1,1,1,1,-1,1,-1,0.009990613907575607
-1,1,-1,1,1,1,-1,-1,1,1,-1,1,1,1,-1,-1,-1,1,1,1,0.009990613907575607
-1,1,-1,1,1,1,-1,-1,1,1,1,1,-1,1,1,1,-1,-1,-1,1,0.009990613907575607
-1,1,-1,1,1,1,-1,-1,1,1,1,1,-1,1,1,1,-1,-1,1,-1,0.009990613907575607
-1,1,-1,1,1,1,-1,1,-1,-1,-1,-1,-1,-1,-1,-1,-1,1,-1,1,0.009990613907575607
-1,1,-1,1,1,1,-1,1,-1,-1,-1,-1,-1,1,1,-1,-1,1,-1,-1,0.009990613907575607
-1,1,-1,1,1,1,-1,1,-1,-1,-1,-1,1,1,1,-1,1,1,-1,1,0.009990613907575607
-1,1,-1,1,1,1,-1,1,-1,-1,-1,1,-1,1,1,1,1,-1,-1,-1,0.009990613907575607
-1,1,-1,1,1,1,-1,1,-1,-1,1,-1,-1,-1,-1,-1,1,1,-1,-1,0.009990613907575607
-1,1,-1,1,1,1,-1,1,-1,-1,1,-1,-1,1,1,-1,1,-1,1,-1,0.009990613907575607
-1,1,-1,1,1,1,-1,1,-1,-1,1,-1,1,-1,-1,-1,-1,-1,1,1,0.009990613907575607
-1,1,-1,1,1,1,-1,1,-1,-1,1,-1,1,-1,1,1,1,1,-1,1,0.009990613907575607
-1,1,-1,1,1,1,-1,1,-1,-1,1,-1,1,1,-1,-1,1,-1,1,1,0.009990613907575607
-1,1,-1,1,1,1,-1,1,-1,-1,1,1,1,-1,1,1,1,1,1,-1,0.009990613907575607
-1,1,-1,1,1,1,-1,1,-1,1,-1,-1,-1,-1,-1,-1,1,1,-1,1,0.009990613907575607
-1,1,-1,1,1,1,-1,1,-1,1,-1,-1,1,-1,-1,1,1,1,1,-1,0.009990613907575607
-1,1,-1,1,1,1,-1,1,-1,1,-1,-1,1,-1,1,1,-1,1,-1,1,0.009990613907575607
-1,1,-1,1,1,1,-1,1,-1,1,-1,1,-1,1,-1,1,1,1,1,1,0.009990613907575607
-1,1,-1,1,1,1,-1,1,-1,1,-1,1,-1,1,1,-1,-1,1,-1,-1,0.009990613907575607
-1,1,-1,1,1,1,-1,1,-1,1,-1,1,1,-1,1,-1,1,-1,-1,1,0.009990613907575607
-1,1,-1,1,1,1,-1,1,-1,1,1,-1,-1,1,1,-1,1,-1,-1,-1,0.009990613907575607
-1,1,-1,1,1,1,-1,1,-1,1,1,1,1,-1,-1,-1,1,-1,1,1,0.009990613907575607
-1,1,-1,1,1,1,-1,1,-1,1,1,1,1,-1,1,-1,-1,1,-1,1,0.009990613907575607
-1,1,-1,1,1,1,-1,1,-1,1,1,1,1,1,1,1,-1,1,-1,1,0.009990613907575607
-1,1,-1,1,1,1,-1,1,1,-1,-1,-1,-1,-1,-1,1,-1,1,-1,-1,0.009990613907575607
-1,1,-1,1,1,1,-1,1,1,-1,-1,-1,1,1,-1,-1,1,-1,-1,1,0.009990613907575607
-1,1,-1,1,1,1,-1,1,1,-1,1,-1,-1,-1,1,-1,1,-1,1,1,0.009990613907575607
-1,1,-1,1,1,1,-1,1,1,-1,1,-1,-1,1,-1,-1,1,-1,1,1,0.009990613907575607
-1,1,-1,1,1,1,-1,1,1,-1,1,-1,-1,1,1,1,-1,-1,1,1,0.009990613907575607
-1,1,-1,1,1,1,-1,1,1,-1,1,1,-1,-1,-1,-1,-1,1,1,1,0.009990613907575607
-1,1,-1,1,1,1,-1,1,1,-1,1,1,-1,1,1,-1,1,1,1,-1,0.009990613907575607
-1,1,-1,1,1,1,-1,1,1,-1,1,1,1,1,-1,-1,1,1,1,-1,0.009990613907575607
-1,1,-1,1,1,1,-1,1,1,1,-1,1,-1,-1,-1,1,-1,1,-1,-1,0.009990613907575607
-1,1,-1,1,1,1,-1,1,1,1,-1,1,-1,-1,1,1,-1,1,-1,1,0.009990613907575607
-1,1,-1,1,1,1,-1,1,1,1,-1,1,-1,1,-1,1,-1,1,-1,1,0.009990613907575607
-1,1,-1,1,1,1,-1,1,1,1,-1,1,-1,1,1,1,-1,-1,1,1,0.009990613907575607
-1,1,-1,1,1,1,-1,1,1,1,1,-1,-1,-1,-1,-1,-1,1,-1,-1,0.009990613907575607
-1,1,-1,1,1,1,-1,1,1,1,1,-1,-1,-1,1,-1,-1,-1,1,-1,0.009990613907575607
-1,1,-1,1,1,1,-1,1,1,1,1,-1,-1,1,1,-1,-1,1,-1,-1,0.009990613907575607
-1,1,-1,1,1,1,-1,1,1,1,1,-1,-1,1,1,-1,1,1,-1,-1,0.009990613907575607
-1,1,-1,1,1,1,-1,1,1,1,1,-1,1,-1,1,1,-1,-1,-1,-1,0.009990613907575607
-1,1,-1,1,1,1,-1,1,1,1,1,-1,1,1,1,-1,-1,1,1,-1,0.009990613907575607
-1,1,-1,1,1,1,-1,1,1,1,1,1,1,-1,1,1,1,-1,-1,1,0.009990613907575607
-1,1,-1,1,1,1,1,-1,-1,-1,-1,-1,-1,-1,-1,-1,-1,1,-1,-1,0.009990613907575607
-1,1,-1,1,1,1,1,-1,-1,-1,-1,-1,-1,1,-1,1,-1,1,-1,-1,0.009990613907575607
-1,1,-1,1,1,1,1,-1,-1,-1,-1,-1,-1,1,-1,1,1,1,1,1,0.009990613907575607
-1,1,-1,1,1,1,1,-1,-1,-1,-1,-1,1,-1,1,1,-1,-1,-1,1,0.009990613907575607
-1,1,-1,1,1,1,1,-1,-1,-1,-1,-1,1,1,-1,-1,-1,1,1,1,0.009990613907575607
-1,1,-1,1,1,1,1,-1,-1,-1,-1,1,-1,-1,1,-1,1,-1,1,1,0.009990613907575607
-1,1,-1,1,1,1,1,-1,-1,-1,-1,1,-1,1,-1,1,-1,1,-1,-1,0.009990613907575607
-1,1,-1,1,1,1,1,-1,-1,-1,1,-1,1,1,-1,1,-1,-1,-1,1,0.009990613907575607
-1,1,-1,1,1,1,1,-1,-1,-1,1,1,-1,-1,-1,1,1,-1,1,-1,0.009990613907575607
-1,1,-1,1,1,1,1,-1,-1,1,-1,-1,-1,-1,1,1,1,1,1,-1,0.009990613907575607
-1,1,-1,1,1,1,1,-1,-1,1,-1,-1,-1,1,-1,-1,1,1,-1,1,0.009990613907575607
-1,1,-1,1,1,1,1,-1,-1,1,-1,-1,-1,1,1,1,1,1,1,-1,0.009990613907575607
-1,1,-1,1,1,1,1,-1,-1,1,-1,-1,1,-1,1,1,-1,1,1,-1,0.009990613907575607
-1,1,-1,1,1,1,1,-1,-1,1,-1,-1,1,-1,1,1,1,-1,1,-1,0.009990613907575607
-1,1,-1,1,1,1,1,-1,-1,1,-1,1,-1,1,-1,1,1,-1,-1,1,0.009990613907575607
-1,1,-1,1,1,1,1,-1,-1,1,-1,1,1,-1,-1,1,-1,-1,1,-1,0.009990613907575607
-1,1,-1,1,1,1,1,-1,-1,1,1,-1,-1,1,-1,-1,-1,-1,1,-1,0.009990613907575607
-1,1,-1,1,1,1,1,-1,-1,1,1,-1,-1,1,-1,-1,-1,1,1,1,0.009990613907575607
-1,1,-1,1,1,1,1,-1,-1,1,1,-1,1,-1,-1,1,-1,-1,1,1,0.009990613907575607
-1,1,-1,1,1,1,1,-1,-1,1,1,1,-1,-1,1,1,-1,-1,1,1,0.009990613907575607
-1,1,-1,1,1,1,1,-1,-1,1,1,1,-1,-1,1,1,1,-1,-1,1,0.009990613907575607
-1,1,-1,1,1,1,1,-1,-1,1,1,1,1,-1,1,-1,-1,-1,1,1,0.009990613907575607
-1,1,-1,1,1,1,1,-1,-1,1,1,1,1,1,1,-1,1,1,-1,-1,0.009990613907575607
-1,1,-1,1,1,1,1,-1,-1,1,1,1,1,1,1,1,1,1,1,-1,0.009990613907575607
-1,1,-1,1,1,1,1,-1,1,-1,-1,-1,1,1,-1,-1,1,1,1,-1,0.009990613907575607
-1,1,-1,1,1,1,1,-1,1,-1,-1,1,-1,1,-1,-1,-1,1,1,1,0.009990613907575607
-1,1,-1,1,1,1,1,-1,1,-1,-1,1,-1,1,1,1,-1,-1,-1,-1,0.009990613907575607
-1,1,-1,1,1,1,1,-1,1,-1,-1,1,1,1,1,1,1,-1,1,-1,0.009990613907575607
-1,1,-1,1,1,1,1,-1,1,-1,1,-1,-1,-1,1,-1,1,-1,1,1,0.009990613907575607
-1,1,-1,1,1,1,1,-1,1,-1,1,-1,-1,1,1,1,1,-1,-1,1,0.009990613907575607
-1,1,-1,1,1,1,1,-1,1,-1,1,-1,1,1,-1,1,1,-1,-1,1,0.009990613907575607
-1,1,-1,1,1,1,1,-1,1,-1,1,1,-1,1,-1,-1,1,1,-1,1,0.009990613907575607
-1,1,-1,1,1,1,1,-1,1,1,-1,-1,-1,-1,1,-1,1,1,1,1,0.009990613907575607
-1,1,-1,1,1,1,1,-1,1,1,-1,-1,-1,1,1,1,1,-1,-1,1,0.009990613907575607
-1,1,-1,1,1,1,1,-1,1,1,-1,-1,1,1,-1,-1,1,-1,-1,-1,0.009990613907575607
-1,1,-1,1,1,1,1,-1,1,1,-1,1,-1,-1,-1,1,-1,1,1,1,0.009990613907575607
-1,1,-1,1,1,1,1,-1,1,1,-1,1,1,1,1,-1,-1,1,-1,1,0.009990613907575607
-1,1,-1,1,1,1,1,-1,1,1,1,-1,-1,1,1,-1,1,-1,1,-1,0.009990613907575607
-1,1,-1,1,1,1,1,-1,1,1,1,-1,1,-1,-1,-1,1,-1,1,1,0.009990613907575607
-1,1,-1,1,1,1,1,-1,1,1,1,-1,1,-1,-1,1,-1,1,-1,-1,0.009990613907575607
-1,1,-1,1,1,1,1,-1,1,1,1,1,-1,-1,1,1,-1,-1,1,-1,0.009990613907575607
-1,1,-1,1,1,1,1,-1,1,1,1,1,1,-1,-1,1,1,-1,1,1,0.009990613907575607
-1,1,-1,1,1,1,1,1,-1,-1,-1,-1,1,-1,-1,1,1,-1,1,-1,0.009990613907575607
-1,1,-1,1,1,1,1,1,-1,-1,-1,1,-1,-1,-1,1,-1,-1,1,-1,0.009990613907575607
-1,1,-1,1,1,1,1,1,-1,-1,-1,1,1,-1,-1,-1,-1,-1,-1,1,0.009990613907575607
-1,1,-1,1,1,1,1,1,-1,-1,1,-1,-1,-1,-1,1,1,1,1,-1,0.009990613907575607
-1,1,-1,1,1,1,1,1,-1,-1,1,-1,1,1,-1,-1,1,-1,1,1,0.009990613907575607
-1,1,-1,1,1,1,1,1,-1,-1,1,-1,1,1,-1,-1,1,1,1,1,0.009990613907575607
-1,1,-1,1,1,1,1,1,-1,-1,1,1,-1,-1,1,1,-1,1,1,-1,0.009990613907575607
-1,1,-1,1,1,1,1,1,-1,-1,1,1,-1,-1,1,1,-1,1,1,1,0.009990613907575607
-1,1,-1,1,1,1,1,1,-1,-1,1,1,1,1,-1,-1,-1,1,-1,-1,0.009990613907575607
-1,1,-1,1,1,1,1,1,-1,-1,1,1,1,1,1,-1,-1,1,-1,1,0.009990613907575607
-1,1,-1,1,1,1,1,1,-1,1,-1,-1,-1,1,1,-1,-1,-1,1,-1,0.009990613907575607
-1,1,-1,1,1,1,1,1,-1,1,-1,-1,1,-1,1,1,-1,1,-1,1,0.009990613907575607
-1,1,-1,1,1,1,1,1,-1,1,-1,-1,1,1,-1,-1,1,1,-1,1,0.009990613907575607
-1,1,-1,1,1,1,1,1,-1,1,-1,-1,1,1,1,-1,1,-1,1,1,0.009990613907575607
-1,1,-1,1,1,1,1,1,-1,1,-1,1,-1,1,-1,-1,-1,1,-1,1,0.009990613907575607
-1,1,-1,1,1,1,1,1,-1,1,-1,1,-1,1,-1,1,-1,-1,1,-1,0.009990613907575607
-1,1,-1,1,1,1,1,1,-1,1,-1,1,-1,1,1,1,1,-1,-1,1,0.009990613907575607
-1,1,-1,1,1,1,1,1,-1,1,-1,1,1,-1,1,1,-1,-1,-1,1,0.009990613907575607
-1,1,-1,1,1,1,1,1,-1,1,1,-1,1,1,1,1,-1,1,-1,-1,0.009990613907575607
-1,1,-1,1,1,1,1,1,-1,1,1,1,-1,-1,-1,1,1,1,1,-1,0.009990613907575607
-1,1,-1,1,1,1,1,1,-1,1,1,1,-1,-1,1,1,-1,1,-1,1,0.009990613907575607
-1,1,-1,1,1,1,1,1,-1,1,1,1,-1,-1,1,1,1,-1,1,1,0.009990613907575607
-1,1,-1,1,1,1,1,1,-1,1,1,1,-1,1,-1,-1,-1,-1,1,-1,0.009990613907575607
-1,1,-1,1,1,1,1,1,-1,1,1,1,1,1,-1,-1,-1,1,1,1,0.009990613907575607
-1,1,-1,1,1,1,1,1,1,-1,-1,-1,-1,-1,1,1,1,1,1,-1,0.009990613907575607
-1,1,-1,1,1,1,1,1,1,-1,-1,-1,-1,1,-1,-1,1,1,-1,-1,0.009990613907575607
-1,1,-1,1,1,1,1,1,1,-1,-1,-1,-1,1,-1,1,-1,-1,-1,-1,0.009990613907575607
-1,1,-1,1,1,1,1,1,1,-1,-1,-1,1,-1,1,-1,1,1,-1,1,0.009990613907575607
-1,1,-1,1,1,1,1,1,1,-1,-1,1,-1,-1,1,-1,-1,1,-1,1,0.009990613907575607
-1,1,-1,1,1,1,1,1,1,-1,-1,1,-1,1,-1,1,1,1,-1,-1,0.009990613907575607
-1,1,-1,1,1,1,1,1,1,-1,1,-1,1,-1,1,1,1,-1,1,-1,0.009990613907575607
-1,1,-1,1,1,1,1,1,1,-1,1,-1,1,1,-1,-1,1,-1,1,1,0.009990613907575607
-1,1,-1,1,1,1,1,1,1,-1,1,1,1,-1,1,-1,-1,-1,-1,-1,0.009990613907575607
-1,1,-1,1,1,1,1,1,1,1,-1,-1,-1,-1,-1,-1,-1,-1,1,-1,0.009990613907575607
-1,1,-1,1,1,1,1,1,1,1,-1,-1,-1,-1,-1,1,-1,1,1,1,0.009990613907575607
-1,1,-1,1,1,1,1,1,1,1,-1,-1,-1,1,-1,-1,-1,1,-1,-1,0.009990613907575607
-1,1,-1,1,1,1,1,1,1,1,-1,-1,1,1,-1,-1,1,-1,1,1,0.009990613907575607
-1,1,-1,1,1,1,1,1,1,1,1,-1,-1,-1,1,1,1,1,1,-1,0.009990613907575607
-1,1,-1,1,1,1,1,1,1,1,1,-1,-1,1,-1,-1,1,-1,-1,1,0.009990613907575607
-1,1,-1,1,1,1,1,1,1,1,1,-1,1,-1,1,1,-1,1,1,-1,0.009990613907575607
-1,1,1,-1,-1,-1,-1,-1,-1,-1,-1,1,-1,1,1,-1,1,1,1,-1,0.009990613907575607
-1,1,1,-1,-1,-1,-1,-1,-1,-1,1,1,-1,-1,1,1,-1,-1,-1,1,0.009990613907575607
-1,1,1,-1,-1,-1,-1,-1,-1,-1,1,1,-1,1,-1,1,-1,-1,1,-1,0.009990613907575607
-1,1,1,-1,-1,-1,-1,-1,-1,-1,1,1,-1,1,1,-1,1,1,-1,1,0.009990613907575607
-1,1,1,-1,-1,-1,-1,-1,-1,-1,1,1,1,1,-1,-1,-1,-1,-1,1,0.009990613907575607
-1,1,1,-1,-1,-1,-1,-1,-1,1,-1,-1,1,-1,-1,-1,-1,-1,1,-1,0.009990613907575607
-1,1,1,-1,-1,-1,-1,-1,-1,1,-1,-1,1,-1,-1,-1,1,1,1,-1,0.009990613907575607
-1,1,1,-1,-1,-1,-1,-1,-1,1,-1,1,-1,1,-1,-1,-1,-1,1,1,0.009990613907575607
-1,1,1,-1,-1,-1,-1,-1,-1,1,1,-1,-1,-1,-1,1,-1,1,-1,1,0.009990613907575607
-1,1,1,-1,-1,-1,-1,-1,-1,1,1,-1,-1,1,1,1,1,-1,-1,1,0.009990613907575607
-1,1,1,-1,-1,-1,-1,-1,-1,1,1,-1,1,-1,-1,-1,1,1,1,1,0.009990613907575607
-1,1,1,-1,-1,-1,-1,-1,-1,1,1,-1,1,-1,-1,1,-1,-1,1,-1,0.009990613907575607
-1,1,1,-1,-1,-1,-1,-1,-1,1,1,-1,1,-1,1,-1,1,-1,1,1,0.009990613907575607
-1,1,1,-1,-1,-1,-1,-1,-1,1,1,-1,1,1,1,-1,-1,-1,-1,-1,0.009990613907575607
-1,1,1,-1,-1,-1,-1,-1,-1,1,1,1,-1,1,1,1,1,-1,-1,-1,0.009990613907575607
-1,1,1,-1,-1,-1,-1,-1,-1,1,1,1,1,-1,1,-1,1,-1,1,-1,0.009990613907575607
-1,1,1,-1,-1,-1,-1,-1,-1,1,1,1,1,-1,1,1,-1,1,1,1,0.009990613907575607
-1,1,1,-1,-1,-1,-1,-1,1,-1,-1,-1,-1,-1,-1,-1,1,-1,-1,1,0.009990613907575607
-1,1,1,-1,-1,-1,-1,-1,1,-1,-1,-1,1,1,-1,-1,-1,1,-1,1,0.009990613907575607
-1,1,1,-1,-1,-1,-1,-1,1,-1,-1,1,1,-1,-1,1,-1,-1,-1,-1,0.009990613907575607
-1,1,1,-1,-1,-1,-1,-1,1,-1,-1,1,1,-1,1,1,-1,1,-1,1,0.009990613907575607
-1,1,1,-1,-1,-1,-1,-1,1,-1,-1,1,1,1,1,1,1,-1,-1,1,0.009990613907575607
-1,1,1,-1,-1,-1,-1,-1,1,-1,1,-1,-1,-1,1,1,1,1,-1,1,0.009990613907575607
-1,1,1,-1,-1,-1,-1,-1,1,-1,1,-1,1,1,1,1,-1,-1,1,-1,0.009990613907575607
-1,1,1,-1,-1,-1,-1,-1,1,-1,1,1,-1,1,-1,-1,-1,-1,-1,1,0.009990613907575607
-1,1,1,-1,-1,-1,-1,-1,1,-1,1,1,1,1,-1,-1,-1,1,1,-1,0.009990613907575607
-1,1,1,-1,-1,-1,-1,-1,1,1,1,1,-1,-1,1,-1,-1,-1,1,1,0.009990613907575607
-1,1,1,-1,-1,-1,-1,-1,1,1,1,1,-1,-1,1,1,1,-1,-1,-1,0.009990613907575607
-1,1,1,-1,-1,-1,-1,-1,1,1,1,1,1,-1,-1,-1,-1,-1,-1,-1,0.009990613907575607
-1,1,1,-1,-1,-1,-1,-1,1,1,1,1,1,-1,-1,1,1,1,1,-1,0.009990613907575607
-1,1,1,-1,-1,-1,-1,-1,1,1,1,1,1,-1,1,1,1,-1,1,-1,0.009990613907575607
-1,1,1,-1,-1,-1,-1,1,-1,-1,-1,1,-1,-1,-1,1,-1,1,1,-1,0.009990613907575607
-1,1,1,-1,-1,-1,-1,1,-1,-1,1,-1,-1,-1,-1,-1,-1,-1,1,-1,0.009990613907575607
-1,1,1,-1,-1,-1,-1,1,-1,-1,1,-1,1,-1,1,1,1,-1,-1,-1,0.009990613907575607
-1,1,1,-1,-1,-1,-1,1,-1,-1,1,1,-1,-1,1,-1,1,-1,1,1,0.009990613907575607
-1,1,1,-1,-1,-1,-1,1,-1,1,-1,-1,-1,-1,1,1,1,1,1,1,0.009990613907575607
-1,1,1,-1,-1,-1,-1,1,-1,1,-1,1,1,1,1,-1,1,1,-1,1,0.009990613907575607
-1,1,1,-1,-1,-1,-1,1,1,-1,-1,-1,1,-1,-1,-1,1,-1,-1,1,0.009990613907575607
-1,1,1,-1,-1,-1,-1,1,1,-1,-1,1,-1,-1,-1,-1,1,-1,-1,1,0.009990613907575607
-1,1,1,-1,-1,-1,-1,1,1,-1,-1,1,-1,-1,-1,1,-1,1,1,1,0.009990613907575607
-1,1,1,-1,-1,-1,-1,1,1,-1,-1,1,-1,-1,1,-1,1,-1,-1,-1,0.009990613907575607
-1,1,1,-1,-1,-1,-1,1,1,-1,-1,1,1,1,1,1,-1,-1,1,1,0.009990613907575607
-1,1,1,-1,-1,-1,-1,1,1,-1,1,-1,-1,1,-1,-1,1,-1,-1,1,0.009990613907575607
-1,1,1,-1,-1,-1,-1,1,1,-1,1,-1,-1,1,1,1,-1,-1,1,-1,0.009990613907575607
-1,1,1,-1,-1,-1,-1,1,1,-1,1,-1,1,-1,1,-1,1,1,-1,1,0.009990613907575607
-1,1,1,-1,-1,-1,-1,1,1,-1,1,-1,1,1,-1,1,1,-1,-1,1,0.009990613907575607
-1,1,1,-1,-1,-1,-1,1,1,-1,1,1,1,-1,1,1,1,1,1,1,0.009990613907575607
-1,1,1,-1,-1,-1,-1,1,1,-1,1,1,1,1,-1,1,1,1,1,1,0.009990613907575607
-1,1,1,-1,-1,-1,-1,1,1,1,-1,-1,1,-1,1,1,-1,-1,1,1,0.009990613907575607
-1,1,1,-1,-1,-1,-1,1,1,1,-1,1,-1,-1,-1,-1,1,1,-1,1,0.009990613907575607
-1,1,1,-1,-1,-1,-1,1,1,1,1,-1,-1,1,-1,1,-1,1,1,-1,0.009990613907575607
-1,1,1,-1,-1,-1,-1,1,1,1,1,1,-1,-1,1,1,1,-1,1,-1,0.009990613907575607
-1,1,1,-1,-1,-1,-1,1,1,1,1,1,-1,1,-1,1,1,-1,1,-1,0.009990613907575607
-1,1,1,-1,-1,-1,-1,1,1,1,1,1,1,-1,-1,-1,1,-1,-1,-1,0.009990613907575607
-1,1,1,-1,-1,-1,1,-1,-1,-1,-1,-1,-1,-1,-1,-1,-1,1,1,-1,0.009990613907575607
-1,1,1,-1,-1,-1,1,-1,-1,-1,-1,-1,1,-1,1,-1,-1,-1,1,1,0.009990613907575607
-1,1,1,-1,-1,-1,1,-1,-1,-1,-1,-1,1,-1,1,-1,-1,1,-1,1,0.009990613907575607
-1,1,1,-1,-1,-1,1,-1,-1,-1,-1,1,1,-1,-1,-1,1,-1,-1,-1,0.009990613907575607
-1,1,1,-1,-1,-1,1,-1,-1,-1,-1,1,1,-1,1,-1,-1,1,1,1,0.009990613907575607
-1,1,1,-1,-1,-1,1,-1,-1,-1,1,-1,1,1,-1,-1,1,-1,-1,1,0.009990613907575607
-1,1,1,-1,-1,-1,1,-1,-1,-1,1,1,-1,-1,-1,-1,-1,-1,1,1,0.009990613907575607
-1,1,1,-1,-1,-1,1,-1,-1,-1,1,1,-1,-1,1,1,1,1,1,-1,0.009990613907575607
-1,1,1,-1,-1,-1,1,-1,-1,-1,1,1,-1,1,1,-1,-1,1,-1,-1,0.009990613907575607
-1,1,1,-1,-1,-1,1,-1,-1,1,-1,-1,-1,-1,-1,1,1,-1,-1,1,0.009990613907575607
-1,1,1,-1,-1,-1,1,-1,-1,1,-1,-1,1,-1,-1,1,-1,1,-1,1,0.009990613907575607
-1,1,1,-1,-1,-1,1,-1,-1,1,-1,-1,1,1,1,-1,-1,1,1,1,0.009990613907575607
-1,1,1,-1,-1,-1,1,-1,-1,1,-1,1,-1,-1,1,1,1,-1,-1,1,0.009990613907575607
-1,1,1,-1,-1,-1,1,-1,-1,1,-1,1,1,-1,1,-1,1,1,-1,-1,0.009990613907575607
-1,1,1,-1,-1,-1,1,-1,-1,1,1,-1,-1,1,-1,-1,-1,-1,1,-1,0.009990613907575607
-1,1,1,-1,-1,-1,1,-1,-1,1,1,-1,-1,1,1,1,1,1,-1,1,0.009990613907575607
-1,1,1,-1,-1,-1,1,-1,-1,1,1,-1,1,-1,-1,1,-1,1,1,-1,0.009990613907575607
-1,1,1,-1,-1,-1,1,-1,-1,1,1,-1,1,1,-1,1,-1,-1,-1,-1,0.009990613907575607
-1,1,1,-1,-1,-1,1,-1,-1,1,1,1,-1,-1,1,-1,1,1,-1,-1,0.009990613907575607
-1,1,1,-1,-1,-1,1,-1,-1,1,1,1,-1,-1,1,-1,1,1,1,1,0.009990613907575607
-1,1,1,-1,-1,-1,1,-1,-1,1,1,1,-1,1,-1,1,1,-1,1,-1,0.009990613907575607
-1,1,1,-1,-1,-1,1,-1,-1,1,1,1,-1,1,1,1,-1,-1,-1,-1,0.009990613907575607
-1,1,1,-1,-1,-1,1,-1,1,-1,-1,-1,-1,1,1,-1,1,1,1,1,0.009990613907575607
-1,1,1,-1,-1,-1,1,-1,1,-1,-1,-1,1,1,1,1,1,-1,1,1,0.009990613907575607
-1,1,1,-1,-1,-1,1,-1,1,-1,-1,1,1,-1,-1,-1,-1,1,-1,-1,0.009990613907575607
-1,1,1,-1,-1,-1,1,-1,1,-1,-1,1,1,-1,1,1,-1,1,1,-1,0.009990613907575607
-1,1,1,-1,-1,-1,1,-1,1,-1,1,-1,-1,1,1,-1,-1,-1,-1,1,0.009990613907575607
-1,1,1,-1,-1,-1,1,-1,1,-1,1,-1,1,1,-1,1,1,-1,-1,-1,0.009990613907575607
-1,1,1,-1,-1,-1,1,-1,1,-1,1,-1,1,1,-1,1,1,1,1,1,0.009990613907575607
-1,1,1,-1,-1,-1,1,-1,1,-1,1,1,-1,1,1,-1,1,-1,1,-1,0.009990613907575607
-1,1,1,-1,-1,-1,1,-1,1,-1,1,1,1,1,-1,-1,-1,1,-1,1,0.009990613907575607
-1,1,1,-1,-1,-1,1,-1,1,1,1,-1,-1,-1,-1,1,1,1,-1,-1,0.009990613907575607
-1,1,1,-1,-1,-1,1,-1,1,1,1,-1,-1,1,1,1,1,1,1,-1,0.009990613907575607
-1,1,1,-1,-1,-1,1,-1,1,1,1,1,-1,1,-1,1,1,1,1,1,0.009990613907575607
-1,1,1,-1,-1,-1,1,-1,1,1,1,1,1,-1,-1,-1,1,1,1,-1,0.009990613907575607
-1,1,1,-1,-1,-1,1,1,-1,-1,-1,-1,-1,-1,1,1,-1,1,-1,1,0.009990613907575607
-1,1,1,-1,-1,-1,1,1,-1,-1,-1,-1,-1,1,-1,1,-1,1,1,-1,0.009990613907575607
-1,1,1,-1,-1,-1,1,1,-1,-1,-1,-1,1,1,1,1,1,1,1,-1,0.009990613907575607
-1,1,1,-1,-1,-1,1,1,-1,-1,-1,1,-1,1,-1,-1,1,1,-1,1,0.009990613907575607
-1,1,1,-1,-1,-1,1,1,-1,-1,-1,1,1,-1,1,-1,-1,-1,-1,-1,0.009990613907575607
-1,1,1,-1,-1,-1,1,1,-1,-1,-1,1,1,1,-1,-1,-1,1,1,-1,0.009990613907575607
-1,1,1,-1,-1,-1,1,1,-1,-1,-1,1,1,1,-1,1,-1,1,-1,-1,0.009990613907575607
-1,1,1,-1,-1,-1,1,1,-1,-1,1,-1,-1,-1,-1,1,-1,-1,1,1,0.009990613907575607
-1,1,1,-1,-1,-1,1,1,-1,-1,1,-1,1,-1,-1,1,1,1,1,-1,0.009990613907575607
-1,1,1,-1,-1,-1,1,1,-1,-1,1,-1,1,-1,1,-1,-1,1,1,1,0.009990613907575607
-1,1,1,-1,-1,-1,1,1,-1,-1,1,1,1,1,-1,1,-1,-1,1,-1,0.009990613907575607
-1,1,1,-1,-1,-1,1,1,-1,1,-1,-1,-1,-1,1,1,1,1,-1,1,0.009990613907575607
-1,1,1,-1,-1,-1,1,1,-1,1,-1,1,1,-1,-1,-1,1,-1,1,-1,0.009990613907575607
-1,1,1,-1,-1,-1,1,1,-1,1,1,-1,-1,-1,-1,-1,-1,1,-1,1,0.009990613907575607
-1,1,1,-1,-1,-1,1,1,-1,1,1,1,-1,-1,-1,1,1,-1,1,1,0.009990613907575607
-1,1,1,-1,-1,-1,1,1,-1,1,1,1,1,-1,-1,1,1,-1,1,1,0.009990613907575607
-1,1,1,-1,-1,-1,1,1,1,-1,-1,-1,-1,-1,-1,1,1,-1,-1,1,0.009990613907575607
-1,1,1,-1,-1,-1,1,1,1,-1,-1,-1,-1,1,-1,-1,-1,1,-1,1,0.009990613907575607
-1,1,1,-1,-1,-1,1,1,1,-1,-1,-1,1,-1,-1,-1,1,1,1,-1,0.009990613907575607
-1,1,1,-1,-1,-1,1,1,1,-1,-1,1,-1,1,1,-1,-1,-1,-1,-1,0.009990613907575607
-1,1,1,-1,-1,-1,1,1,1,-1,-1,1,-1,1,1,-1,1,-1,1,1,0.009990613907575607
-1,1,1,-1,-1,-1,1,1,1,-1,1,1,1,1,-1,1,1,-1,1,-1,0.009990613907575607
-1,1,1,-1,-1,-1,1,1,1,1,-1,-1,1,-1,-1,-1,-1,-1,1,1,0.009990613907575607
-1,1,1,-1,-1,-1,1,1,1,1,-1,1,-1,-1,-1,1,-1,1,-1,1,0.009990613907575607
-1,1,1,-1,-1,-1,1,1,1,1,-1,1,-1,-1,1,1,1,1,-1,1,0.009990613907575607
-1,1,1,-1,-1,-1,1,1,1,1,-1,1,1,-1,-1,-1,-1,1,-1,-1,0.009990613907575607
-1,1,1,-1,-1,-1,1,1,1,1,1,-1,-1,1,1,-1,1,1,1,-1,0.009990613907575607
-1,1,1,-1,-1,-1,1,1,1,1,1,1,-1,-1,-1,1,1,1,-1,-1,0.009990613907575607
-1,1,1,-1,-1,-1,1,1,1,1,1,1,-1,1,-1,-1,1,-1,-1,1,0.009990613907575607
-1,1,1,-1,-1,-1,1,1,1,1,1,1,1,-1,1,1,1,1,-1,-1,0.009990613907575607
-1,1,1,-1,-1,-1,1,1,1,1,1,1,1,1,-1,1,1,1,-1,1,0.009990613907575607
-1,1,1,-1,-1,-1,1,1,1,1,1,1,1,1,1,1,1,1,1,-1,0.009990613907575607
-1,1,1,-1,-1,1,-1,-1,-1,-1,-1,1,-1,1,1,1,-1,1,-1,1,0.009990613907575607
-1,1,1,-1,-1,1,-1,-1,-1,-1,-1,1,1,-1,-1,1,1,-1,1,1,0.009990613907575607
-1,1,1,-1,-1,1,-1,-1,-1,-1,1,-1,-1,-1,-1,1,1,-1,1,1,0.009990613907575607
-1,1,1,-1,-1,1,-1,-1,-1,-1,1,-1,-1,1,1,-1,1,-1,-1,-1,0.009990613907575607
-1,1,1,-1,-1,1,-1,-1,-1,-1,1,-1,-1,1,1,1,-1,-1,-1,1,0.009990613907575607
-1,1,1,-1,-1,1,-1,-1,-1,-1,1,1,-1,-1,1,1,-1,-1,-1,1,0.009990613907575607
-1,1,1,-1,-1,1,-1,-1,-1,-1,1,1,1,1,1,1,-1,1,-1,1,0.009990613907575607
-1,1,1,-1,-1,1,-1,-1,-1,1,-1,-1,-1,1,1,1,-1,-1,1,1,0.009990613907575607
-1,1,1,-1,-1,1,-1,-1,-1,1,-1,-1,1,-1,-1,-1,-1,-1,1,-1,0.009990613907575607
-1,1,1,-1,-1,1,-1,-1,-1,1,-1,-1,1,-1,-1,1,-1,1,1,-1,0.009990613907575607
-1,1,1,-1,-1,1,-1,-1,-1,1,-1,-1,1,-1,1,-1,-1,-1,-1,1,0.009990613907575607
-1,1,1,-1,-1,1,-1,-1,-1,1,-1,1,-1,1,1,-1,-1,-1,1,-1,0.009990613907575607
-1,1,1,-1,-1,1,-1,-1,-1,1,1,-1,-1,-1,1,-1,-1,1,-1,1,0.009990613907575607
-1,1,1,-1,-1,1,-1,-1,-1,1,1,-1,-1,1,1,-1,1,-1,1,-1,0.009990613907575607
-1,1,1,-1,-1,1,-1,-1,-1,1,1,-1,-1,1,1,1,1,-1,-1,-1,0.009990613907575607
-1,1,1,-1,-1,1,-1,-1,-1,1,1,-1,1,1,-1,1,-1,1,1,-1,0.009990613907575607
-1,1,1,-1,-1,1,-1,-1,-1,1,1,-1,1,1,1,-1,1,1,1,-1,0.009990613907575607
-1,1,1,-1,-1,1,-1,-1,-1,1,1,1,1,1,-1,1,1,-1,1,-1,0.009990613907575607
-1,1,1,-1,-1,1,-1,-1,1,-1,-1,-1,1,-1,-1,-1,-1,1,1,1,0.009990613907575607
-1,1,1,-1,-1,1,-1,-1,1,-1,-1,-1,1,1,1,-1,-1,-1,1,1,0.009990613907575607
-1,1,1,-1,-1,1,-1,-1,1,-1,1,-1,-1,1,-1,-1,-1,-1,1,-1,0.009990613907575607
-1,1,1,-1,-1,1,-1,-1,1,-1,1,-1,1,-1,1,-1,1,1,-1,-1,0.009990613907575607
-1,1,1,-1,-1,1,-1,-1,1,-1,1,1,-1,-1,-1,-1,-1,1,1,1,0.009990613907575607
-1,1,1,-1,-1,1,-1,-1,1,1,-1,-1,-1,-1,1,1,-1,-1,-1,-1,0.009990613907575607
-1,1,1,-1,-1,1,-1,-1,1,1,-1,-1,-1,1,-1,-1,-1,-1,1,1,0.009990613907575607
-1,1,1,-1,-1,1,-1,-1,1,1,-1,-1,-1,1,-1,1,1,1,-1,-1,0.009990613907575607
-1,1,1,-1,-1,1,-1,-1,1,1,-1,-1,1,1,-1,1,1,1,-1,-1,0.009990613907575607
-1,1,1,-1,-1,1,-1,-1,1,1,-1,1,-1,-1,-1,-1,-1,1,-1,-1,0.009990613907575607
-1,1,1,-1,-1,1,-1,-1,1,1,-1,1,-1,1,-1,1,1,1,-1,1,0.009990613907575607
-1,1,1,-1,-1,1,-1,-1,1,1,-1,1,1,-1,1,1,-1,1,1,1,0.009990613907575607
-1,1,1,-1,-1,1,-1,-1,1,1,1,-1,-1,-1,-1,1,1,1,1,1,0.009990613907575607
-1,1,1,-1,-1,1,-1,-1,1,1,1,-1,-1,-1,1,1,-1,1,1,-1,0.009990613907575607
-1,1,1,-1,-1,1,-1,-1,1,1,1,-1,1,-1,-1,1,-1,-1,1,-1,0.009990613907575607
-1,1,1,-1,-1,1,-1,-1,1,1,1,1,1,1,-1,-1,1,1,1,-1,0.009990613907575607
-1,1,1,-1,-1,1,-1,-1,1,1,1,1,1,1,1,1,-1,1,-1,-1,0.009990613907575607
-1,1,1,-1,-1,1,-1,1,-1,-1,-1,-1,1,1,1,-1,1,1,1,-1,0.009990613907575607
-1,1,1,-1,-1,1,-1,1,-1,-1,-1,1,-1,1,-1,-1,-1,1,1,-1,0.009990613907575607
-1,1,1,-1,-1,1,-1,1,-1,-1,-1,1,1,1,-1,-1,1,-1,1,1,0.009990613907575607
-1,1,1,-1,-1,1,-1,1,-1,-1,-1,1,1,1,-1,1,-1,-1,1,1,0.009990613907575607
-1,1,1,-1,-1,1,-1,1,-1,-1,-1,1,1,1,1,1,1,-1,-1,-1,0.009990613907575607
-1,1,1,-1,-1,1,-1,1,-1,-1,1,-1,1,-1,1,1,-1,1,1,1,0.009990613907575607
-1,1,1,-1,-1,1,-1,1,-1,-1,1,-1,1,-1,1,1,1,1,1,1,0.009990613907575607
-1,1,1,-1,-1,1,-1,1,-1,-1,1,-1,1,1,-1,-1,1,1,-1,-1,0.009990613907575607
-1,1,1,-1,-1,1,-1,1,-1,-1,1,1,-1,1,1,-1,-1,-1,-1,-1,0.009990613907575607
-1,1,1,-1,-1,1,-1,1,-1,-1,1,1,1,1,-1,1,-1,1,-1,-1,0.009990613907575607
-1,1,1,-1,-1,1,-1,1,-1,1,-1,-1,-1,-1,-1,-1,-1,1,-1,-1,0.009990613907575607
-1,1,1,-1,-1,1,-1,1,-1,1,-1,1,1,-1,1,-1,-1,1,1,1,0.009990613907575607
-1,1,1,-1,-1,1,-1,1,-1,1,-1,1,1,1,-1,-1,-1,-1,-1,-1,0.009990613907575607
-1,1,1,-1,-1,1,-1,1,-1,1,1,-1,-1,-1,-1,-1,-1,-1,-1,1,0.009990613907575607
-1,1,1,-1,-1,1,-1,1,-1,1,1,1,-1,-1,-1,-1,1,1,1,-1,0.009990613907575607
-1,1,1,-1,-1,1,-1,1,-1,1,1,1,-1,-1,-1,1,1,1,-1,1,0.009990613907575607
-1,1,1,-1,-1,1,-1,1,-1,1,1,1,1,-1,-1,1,-1,-1,1,-1,0.009990613907575607
-1,1,1,-1,-1,1,-1,1,1,-1,-1,-1,-1,-1,-1,-1,-1,1,1,1,0.009990613907575607
-1,1,1,-1,-1,1,-1,1,1,-1,-1,-1,1,1,-1,-1,1,1,-1,1,0.009990613907575607
-1,1,1,-1,-1,1,-1,1,1,-1,-1,1,-1,1,-1,-1,-1,1,1,-1,0.009990613907575607
-1,1,1,-1,-1,1,-1,1,1,-1,1,-1,-1,-1,-1,1,1,-1,-1,-1,0.009990613907575607
-1,1,1,-1,-1,1,-1,1,1,-1,1,-1,-1,-1,1,1,1,-1,1,1,0.009990613907575607
-1,1,1,-1,-1,1,-1,1,1,-1,1,-1,-1,1,1,-1,-1,-1,-1,1,0.009990613907575607
-1,1,1,-1,-1,1,-1,1,1,-1,1,-1,1,1,-1,-1,-1,-1,-1,-1,0.009990613907575607
-1,1,1,-1,-1,1,-1,1,1,-1,1,-1,1,1,-1,-1,1,-1,1,-1,0.009990613907575607
-1,1,1,-1,-1,1,-1,1,1,-1,1,-1,1,1,1,-1,-1,1,1,-1,0.009990613907575607
-1,1,1,-1,-1,1,-1,1,1,-1,1,1,1,-1,-1,1,1,-1,-1,1,0.009990613907575607
-1,1,1,-1,-1,1,-1,1,1,-1,1,1,1,1,1,-1,-1,-1,1,-1,0.009990613907575607
-1,1,1,-1,-1,1,-1,1,1,1,-1,-1,-1,1,1,1,1,1,-1,1,0.009990613907575607
-1,1,1,-1,-1,1,-1,1,1,1,-1,-1,1,-1,1,-1,-1,-1,-1,-1,0.009990613907575607
-1,1,1,-1,-1,1,-1,1,1,1,-1,1,-1,1,-1,1,1,-1,1,1,0.009990613907575607
-1,1,1,-1,-1,1,-1,1,1,1,-1,1,1,1,1,1,1,-1,-1,1,0.009990613907575607
-1,1,1,-1,-1,1,-1,1,1,1,1,-1,1,-1,1,-1,1,1,1,1,0.009990613907575607
-1,1,1,-1,-1,1,-1,1,1,1,1,1,-1,1,-1,1,1,-1,-1,1,0.009990613907575607
-1,1,1,-1,-1,1,-1,1,1,1,1,1,-1,1,-1,1,1,-1,1,-1,0.009990613907575607
-1,1,1,-1,-1,1,-1,1,1,1,1,1,1,-1,-1,-1,1,-1,1,-1,0.009990613907575607
-1,1,1,-1,-1,1,-1,1,1,1,1,1,1,-1,1,1,-1,1,1,1,0.009990613907575607
-1,1,1,-1,-1,1,1,-1,-1,-1,-1,-1,-1,1,-1,-1,-1,1,1,1,0.009990613907575607
-1,1,1,-1,-1,1,1,-1,-1,-1,-1,-1,-1,1,1,-1,-1,1,-1,-1,0.009990613907575607
-1,1,1,-1,-1,1,1,-1,-1,-1,-1,-1,1,-1,1,-1,-1,1,-1,1,0.009990613907575607
-1,1,1,-1,-1,1,1,-1,-1,-1,-1,-1,1,-1,1,1,-1,-1,1,-1,0.009990613907575607
-1,1,1,-1,-1,1,1,-1,-1,-1,-1,1,-1,-1,-1,1,-1,-1,-1,1,0.009990613907575607
-1,1,1,-1,-1,1,1,-1,-1,-1,-1,1,-1,-1,-1,1,-1,-1,1,1,0.009990613907575607
-1,1,1,-1,-1,1,1,-1,-1,-1,-1,1,1,-1,1,1,1,1,-1,-1,0.009990613907575607
-1,1,1,-1,-1,1,1,-1,-1,-1,-1,1,1,1,1,1,1,1,1,1,0.009990613907575607
-1,1,1,-1,-1,1,1,-1,-1,-1,1,-1,-1,-1,-1,1,-1,1,1,-1,0.009990613907575607
-1,1,1,-1,-1,1,1,-1,-1,1,-1,-1,-1,1,1,1,-1,1,-1,1,0.009990613907575607
-1,1,1,-1,-1,1,1,-1,-1,1,-1,-1,1,1,-1,1,1,-1,-1,-1,0.009990613907575607
-1,1,1,-1,-1,1,1,-1,-1,1,-1,-1,1,1,1,-1,-1,-1,-1,-1,0.009990613907575607
-1,1,1,-1,-1,1,1,-1,-1,1,-1,1,1,-1,1,-1,1,-1,1,-1,0.009990613907575607
-1,1,1,-1,-1,1,1,-1,-1,1,-1,1,1,1,-1,1,1,-1,-1,1,0.009990613907575607
-1,1,1,-1,-1,1,1,-1,-1,1,-1,1,1,1,-1,1,1,-1,1,-1,0.009990613907575607
-1,1,1,-1,-1,1,1,-1,-1,1,-1,1,1,1,1,-1,1,1,-1,1,0.009990613907575607
-1,1,1,-1,-1,1,1,-1,-1,1,1,-1,-1,-1,-1,-1,1,-1,-1,1,0.009990613907575607
-1,1,1,-1,-1,1,1,-1,-1,1,1,-1,-1,-1,1,-1,-1,-1,1,1,0.009990613907575607
-1,1,1,-1,-1,1,1,-1,-1,1,1,-1,1,1,-1,1,-1,-1,1,1,0.009990613907575607
-1,1,1,-1,-1,1,1,-1,-1,1,1,1,-1,-1,-1,-1,1,1,-1,-1,0.009990613907575607
-1,1,1,-1,-1,1,1,-1,-1,1,1,1,-1,-1,1,-1,1,1,-1,1,0.009990612976253033
-1,1,1,-1,-1,1,1,-1,-1,1,1,1,-1,1,-1,1,-1,1,-1,-1,0.009990613907575607
-1,1,1,-1,-1,1,1,-1,-1,1,1,1,-1,1,1,-1,1,1,1,1,0.009990613907575607
-1,1,1,-1,-1,1,1,-1,-1,1,1,1,1,1,-1,-1,-1,-1,-1,-1,0.009990613907575607
-1,1,1,-1,-1,1,1,-1,1,-1,-1,1,-1,-1,-1,1,1,-1,-1,-1,0.009990613907575607
-1,1,1,-1,-1,1,1,-1,1,-1,-1,1,1,1,-1,-1,1,-1,1,1,0.009990613907575607
-1,1,1,-1,-1,1,1,-1,1,-1,1,-1,-1,-1,-1,1,-1,1,1,1,0.009990613907575607
-1,1,1,-1,-1,1,1,-1,1,-1,1,-1,-1,1,-1,1,1,-1,1,-1,0.009990613907575607
-1,1,1,-1,-1,1,1,-1,1,-1,1,-1,-1,1,1,-1,1,-1,1,-1,0.009990613907575607
-1,1,1,-1,-1,1,1,-1,1,-1,1,-1,-1,1,1,1,1,-1,-1,1,0.009990613907575607
-1,1,1,-1,-1,1,1,-1,1,-1,1,-1,1,-1,1,1,-1,1,-1,1,0.009990613907575607
-1,1,1,-1,-1,1,1,-1,1,-1,1,-1,1,1,1,-1,1,-1,-1,-1,0.009990613907575607
-1,1,1,-1,-1,1,1,-1,1,-1,1,1,1,1,-1,1,-1,-1,1,-1,0.009990613907575607
-1,1,1,-1,-1,1,1,-1,1,1,-1,-1,-1,1,1,1,-1,1,-1,-1,0.009990613907575607
-1,1,1,-1,-1,1,1,-1,1,1,-1,-1,1,1,-1,-1,1,-1,-1,1,0.009990613907575607
-1,1,1,-1,-1,1,1,-1,1,1,-1,1,-1,-1,-1,1,1,1,1,-1,0.009990613907575607
-1,1,1,-1,-1,1,1,-1,1,1,1,-1,-1,-1,1,-1,-1,1,1,1,0.009990613907575607
-1,1,1,-1,-1,1,1,-1,1,1,1,-1,1,1,1,-1,-1,-1,1,-1,0.009990613907575607
-1,1,1,-1,-1,1,1,-1,1,1,1,-1,1,1,1,-1,-1,1,1,1,0.009990613907575607
-1,1,1,-1,-1,1,1,-1,1,1,1,1,-1,-1,1,1,1,-1,1,-1,0.009990613907575607
-1,1,1,-1,-1,1,1,-1,1,1,1,1,1,-1,1,1,-1,1,1,-1,0.009990613907575607
-1,1,1,-1,-1,1,1,1,-1,-1,-1,-1,-1,-1,1,-1,-1,1,1,1,0.009990613907575607
-1,1,1,-1,-1,1,1,1,-1,-1,-1,-1,1,1,1,1,-1,-1,1,-1,0.009990613907575607
-1,1,1,-1,-1,1,1,1,-1,-1,-1,1,-1,-1,1,1,1,1,1,1,0.009990613907575607
-1,1,1,-1,-1,1,1,1,-1,-1,-1,1,1,-1,-1,-1,-1,1,1,-1,0.009990613907575607
-1,1,1,-1,-1,1,1,1,-1,-1,-1,1,1,-1,1,-1,-1,1,1,1,0.009990613907575607
-1,1,1,-1,-1,1,1,1,-1,-1,1,-1,-1,1,-1,-1,1,1,-1,1,0.009990613907575607
-1,1,1,-1,-1,1,1,1,-1,-1,1,-1,1,-1,1,-1,-1,-1,1,1,0.009990613907575607
-1,1,1,-1,-1,1,1,1,-1,-1,1,1,-1,-1,1,-1,-1,1,1,-1,0.009990613907575607
-1,1,1,-1,-1,1,1,1,-1,-1,1,1,-1,1,-1,1,1,-1,-1,-1,0.009990613907575607
-1,1,1,-1,-1,1,1,1,-1,-1,1,1,-1,1,1,-1,-1,1,1,-1,0.009990613907575607
-1,1,1,-1,-1,1,1,1,-1,-1,1,1,1,1,1,-1,-1,1,-1,1,0.009990613907575607
-1,1,1,-1,-1,1,1,1,-1,1,-1,-1,1,-1,-1,-1,1,-1,1,-1,0.009990613907575607
-1,1,1,-1,-1,1,1,1,-1,1,-1,1,-1,1,1,-1,1,1,1,1,0.009990613907575607
-1,1,1,-1,-1,1,1,1,-1,1,-1,1,1,1,-1,-1,-1,-1,1,-1,0.009990613907575607
-1,1,1,-1,-1,1,1,1,-1,1,1,-1,-1,-1,1,1,-1,-1,1,-1,0.009990613907575607
-1,1,1,-1,-1,1,1,1,-1,1,1,1,-1,1,-1,-1,-1,1,1,-1,0.009990613907575607
-1,1,1,-1,-1,1,1,1,-1,1,1,1,-1,1,1,-1,-1,1,1,-1,0.009990613907575607
-1,1,1,-1,-1,1,1,1,-1,1,1,1,-1,1,1,-1,-1,1,1,1,0.009990613907575607
-1,1,1,-1,-1,1,1,1,-1,1,1,1,1,-1,-1,-1,-1,1,1,1,0.009990613907575607
-1,1,1,-1,-1,1,1,1,-1,1,1,1,1,-1,1,1,-1,1,-1,-1,0.009990613907575607
-1,1,1,-1,-1,1,1,1,1,-1,-1,-1,-1,-1,-1,1,-1,1,-1,-1,0.009990613907575607
-1,1,1,-1,-1,1,1,1,1,-1,-1,-1,-1,1,1,1,1,-1,-1,1,0.009990613907575607
-1,1,1,-1,-1,1,1,1,1,-1,-1,1,1,-1,1,1,1,1,1,1,0.009990613907575607
-1,1,1,-1,-1,1,1,1,1,-1,-1,1,1,1,-1,-1,1,-1,-1,-1,0.009990613907575607
-1,1,1,-1,-1,1,1,1,1,-1,1,-1,-1,-1,-1,-1,-1,-1,-1,1,0.009990613907575607
-1,1,1,-1,-1,1,1,1,1,-1,1,-1,-1,1,1,1,-1,1,1,-1,0.009990613907575607
-1,1,1,-1,-1,1,1,1,1,-1,1,1,-1,-1,-1,1,-1,-1,1,1,0.009990613907575607
-1,1,1,-1,-1,1,1,1,1,-1,1,1,1,-1,1,-1,1,-1,1,1,0.009990613907575607
-1,1,1,-1,-1,1,1,1,1,1,-1,-1,1,1,-1,-1,1,1,-1,1,0.009990613907575607
-1,1,1,-1,-1,1,1,1,1,1,-1,-1,1,1,-1,1,-1,-1,-1,1,0.009990613907575607
-1,1,1,-1,-1,1,1,1,1,1,1,-1,-1,1,-1,1,-1,-1,-1,-1,0.009990613907575607
-1,1,1,-1,-1,1,1,1,1,1,1,1,1,1,1,1,1,-1,-1,-1,0.009990613907575607
-1,1,1,-1,-1,1,1,1,1,1,1,1,1,1,1,1,1,-1,1,-1,0.009990613907575607
-1,1,1,-1,1,-1,-1,-1,-1,-1,-1,-1,1,1,-1,-1,-1,1,-1,1,0.009990613907575607
-1,1,1,-1,1,-1,-1,-1,-1,-1,-1,1,-1,1,-1,1,1,1,-1,-1,0.009990613907575607
-1,1,1,-1,1,-1,-1,-1,-1,-1,-1,1,1,-1,1,-1,-1,-1,-1,-1,0.009990613907575607
-1,1,1,-1,1,-1,-1,-1,-1,-1,-1,1,1,-1,1,-1,1,1,-1,1,0.009990613907575607
-1,1,1,-1,1,-1,-1,-1,-1,-1,-1,1,1,1,1,-1,1,1,1,1,0.009990613907575607
-1,1,1,-1,1,-1,-1,-1,-1,-1,-1,1,1,1,1,1,1,-1,1,1,0.009990613907575607
-1,1,1,-1,1,-1,-1,-1,-1,-1,1,1,-1,1,1,1,-1,-1,1,-1,0.009990613907575607
-1,1,1,-1,1,-1,-1,-1,-1,-1,1,1,-1,1,1,1,-1,1,1,1,0.009990613907575607
-1,1,1,-1,1,-1,-1,-1,-1,-1,1,1,1,-1,-1,1,-1,1,-1,-1,0.009990613907575607
-1,1,1,-1,1,-1,-1,-1,-1,-1,1,1,1,1,-1,1,-1,-1,1,-1,0.009990613907575607
-1,1,1,-1,1,-1,-1,-1,-1,-1,1,1,1,1,-1,1,1,-1,1,-1,0.009990613907575607
-1,1,1,-1,1,-1,-1,-1,-1,-1,1,1,1,1,1,1,-1,-1,1,-1,0.009990613907575607
-1,1,1,-1,1,-1,-1,-1,-1,1,-1,-1,-1,1,-1,-1,-1,-1,1,1,0.009990613907575607
-1,1,1,-1,1,-1,-1,-1,-1,1,-1,-1,1,1,-1,1,-1,1,-1,-1,0.009990613907575607
-1,1,1,-1,1,-1,-1,-1,-1,1,-1,1,1,-1,-1,-1,-1,1,1,-1,0.009990613907575607
-1,1,1,-1,1,-1,-1,-1,-1,1,-1,1,1,-1,-1,1,1,-1,-1,-1,0.009990613907575607
-1,1,1,-1,1,-1,-1,-1,-1,1,-1,1,1,1,-1,1,1,1,-1,-1,0.009990613907575607
-1,1,1,-1,1,-1,-1,-1,-1,1,-1,1,1,1,1,-1,1,1,-1,1,0.009990613907575607
-1,1,1,-1,1,-1,-1,-1,-1,1,-1,1,1,1,1,1,-1,1,1,1,0.009990613907575607
-1,1,1,-1,1,-1,-1,-1,-1,1,1,-1,-1,1,-1,1,1,1,-1,1,0.009990613907575607
-1,1,1,-1,1,-1,-1,-1,-1,1,1,1,1,-1,-1,1,-1,1,-1,1,0.009990613907575607
-1,1,1,-1,1,-1,-1,-1,-1,1,1,1,1,-1,1,1,1,1,1,1,0.009990613907575607
-1,1,1,-1,1,-1,-1,-1,-1,1,1,1,1,1,-1,-1,-1,1,1,-1,0.009990613907575607
-1,1,1,-1,1,-1,-1,-1,-1,1,1,1,1,1,1,1,1,1,-1,1,0.009990613907575607
-1,1,1,-1,1,-1,-1,-1,1,-1,-1,-1,-1,-1,-1,-1,-1,-1,1,1,0.009990613907575607
-1,1,1,-1,1,-1,-1,-1,1,-1,-1,-1,-1,-1,-1,1,-1,-1,1,-1,0.009990613907575607
-1,1,1,-1,1,-1,-1,-1,1,-1,-1,-1,-1,1,-1,-1,-1,-1,1,1,0.009990613907575607
-1,1,1,-1,1,-1,-1,-1,1,-1,-1,-1,1,1,1,-1,-1,1,-1,1,0.009990613907575607
-1,1,1,-1,1,-1,-1,-1,1,-1,-1,1,-1,-1,1,1,-1,-1,-1,1,0.009990613907575607
-1,1,1,-1,1,-1,-1,-1,1,-1,-1,1,1,-1,-1,1,1,1,-1,1,0.009990613907575607
-1,1,1,-1,1,-1,-1,-1,1,-1,-1,1,1,1,1,-1,1,-1,-1,-1,0.009990613907575607
-1,1,1,-1,1,-1,-1,-1,1,-1,1,-1,-1,-1,-1,1,-1,1,1,-1,0.009990613907575607
-1,1,1,-1,1,-1,-1,-1,1,-1,1,-1,1,1,1,1,1,-1,1,-1,0.009990613907575607
-1,1,1,-1,1,-1,-1,-1,1,-1,1,-1,1,1,1,1,1,1,1,-1,0.009990613907575607
-1,1,1,-1,1,-1,-1,-1,1,-1,1,1,-1,1,-1,1,1,-1,-1,-1,0.009990613907575607
-1,1,1,-1,1,-1,-1,-1,1,-1,1,1,1,-1,-1,-1,-1,-1,-1,-1,0.009990613907575607
-1,1,1,-1,1,-1,-1,-1,1,1,-1,-1,-1,-1,-1,1,1,1,1,-1,0.009990613907575607
-1,1,1,-1,1,-1,-1,-1,1,1,-1,-1,1,-1,1,-1,1,-1,1,1,0.009990613907575607
-1,1,1,-1,1,-1,-1,-1,1,1,-1,-1,1,1,1,1,-1,1,1,1,0.009990613907575607
-1,1,1,-1,1,-1,-1,-1,1,1,1,-1,1,-1,1,1,-1,1,1,1,0.009990613907575607
-1,1,1,-1,1,-1,-1,-1,1,1,1,-1,1,-1,1,1,1,-1,-1,1,0.009990613907575607
-1,1,1,-1,1,-1,-1,-1,1,1,1,1,-1,-1,1,-1,1,1,-1,-1,0.009990613907575607
-1,1,1,-1,1,-1,-1,-1,1,1,1,1,1,-1,-1,-1,-1,1,-1,-1,0.009990613907575607
-1,1,1,-1,1,-1,-1,1,-1,-1,-1,-1,-1,-1,1,-1,-1,1,1,-1,0.009990613907575607
-1,1,1,-1,1,-1,-1,1,-1,-1,-1,-1,-1,-1,1,1,1,-1,-1,-1,0.009990613907575607
-1,1,1,-1,1,-1,-1,1,-1,-1,-1,-1,-1,1,1,-1,1,1,1,-1,0.009990613907575607
-1,1,1,-1,1,-1,-1,1,-1,-1,-1,-1,1,-1,-1,-1,1,-1,-1,1,0.009990613907575607
-1,1,1,-1,1,-1,-1,1,-1,-1,-1,1,-1,-1,1,-1,-1,1,-1,-1,0.009990613907575607
-1,1,1,-1,1,-1,-1,1,-1,-1,-1,1,-1,-1,1,1,-1,1,-1,1,0.009990613907575607
-1,1,1,-1,1,-1,-1,1,-1,-1,-1,1,1,-1,-1,-1,1,1,-1,1,0.009990613907575607
-1,1,1,-1,1,-1,-1,1,-1,-1,1,-1,-1,-1,-1,1,1,1,1,1,0.009990613907575607
-1,1,1,-1,1,-1,-1,1,-1,-1,1,-1,1,1,1,-1,1,-1,-1,-1,0.009990613907575607
-1,1,1,-1,1,-1,-1,1,-1,-1,1,1,-1,-1,-1,-1,-1,-1,1,1,0.009990613907575607
-1,1,1,-1,1,-1,-1,1,-1,-1,1,1,1,-1,1,-1,-1,1,1,-1,0.009990613907575607
-1,1,1,-1,1,-1,-1,1,-1,1,-1,-1,-1,1,-1,-1,1,-1,1,1,0.009990613907575607
-1,1,1,-1,1,-1,-1,1,-1,1,-1,-1,1,-1,-1,-1,-1,1,-1,1,0.009990613907575607
-1,1,1,-1,1,-1,-1,1,-1,1,-1,-1,1,1,-1,-1,-1,1,-1,1,0.009990613907575607
-1,1,1,-1,1,-1,-1,1,-1,1,-1,-1,1,1,1,1,-1,1,1,1,0.009990613907575607
-1,1,1,-1,1,-1,-1,1,-1,1,-1,1,1,-1,-1,1,-1,1,1,1,0.009990613907575607
-1,1,1,-1,1,-1,-1,1,-1,1,-1,1,1,-1,1,-1,1,-1,1,-1,0.009990613907575607
-1,1,1,-1,1,-1,-1,1,-1,1,-1,1,1,1,1,1,-1,-1,-1,1,0.009990613907575607
-1,1,1,-1,1,-1,-1,1,-1,1,1,-1,-1,-1,1,1,1,1,-1,-1,0.009990613907575607
-1,1,1,-1,1,-1,-1,1,-1,1,1,1,-1,1,-1,1,-1,-1,1,1,0.009990613907575607
-1,1,1,-1,1,-1,-1,1,-1,1,1,1,1,-1,1,1,1,-1,1,-1,0.009990613907575607
-1,1,1,-1,1,-1,-1,1,-1,1,1,1,1,1,1,1,1,1,-1,1,0.009990613907575607
-1,1,1,-1,1,-1,-1,1,-1,1,1,1,1,1,1,1,1,1,1,-1,0.009990613907575607
-1,1,1,-1,1,-1,-1,1,1,-1,-1,-1,-1,-1,1,1,1,-1,1,-1,0.009990613907575607
-1,1,1,-1,1,-1,-1,1,1,-1,-1,-1,1,-1,-1,1,1,1,-1,1,0.009990613907575607
-1,1,1,-1,1,-1,-1,1,1,-1,-1,1,1,1,-1,-1,1,1,1,1,0.009990613907575607
-1,1,1,-1,1,-1,-1,1,1,-1,-1,1,1,1,1,-1,-1,-1,-1,-1,0.009990613907575607
-1,1,1,-1,1,-1,-1,1,1,-1,1,-1,-1,1,1,-1,1,1,1,-1,0.009990613907575607
-1,1,1,-1,1,-1,-1,1,1,-1,1,1,1,-1,-1,-1,1,-1,1,1,0.009990613907575607
-1,1,1,-1,1,-1,-1,1,1,-1,1,1,1,-1,-1,-1,1,1,-1,-1,0.009990613907575607
-1,1,1,-1,1,-1,-1,1,1,1,-1,-1,1,-1,-1,-1,1,1,1,1,0.009990613907575607
-1,1,1,-1,1,-1,-1,1,1,1,-1,-1,1,-1,1,-1,-1,-1,1,1,0.009990613907575607
-1,1,1,-1,1,-1,-1,1,1,1,-1,-1,1,-1,1,-1,1,-1,1,-1,0.009990613907575607
-1,1,1,-1,1,-1,-1,1,1,1,-1,1,-1,-1,-1,-1,1,-1,-1,1,0.009990613907575607
-1,1,1,-1,1,-1,-1,1,1,1,-1,1,1,-1,-1,-1,1,-1,-1,-1,0.009990613907575607
-1,1,1,-1,1,-1,-1,1,1,1,-1,1,1,-1,1,-1,1,1,-1,1,0.009990613907575607
-1,1,1,-1,1,-1,-1,1,1,1,1,-1,-1,-1,1,1,-1,-1,1,1,0.009990613907575607
-1,1,1,-1,1,-1,-1,1,1,1,1,-1,-1,1,-1,-1,-1,1,-1,-1,0.009990613907575607
-1,1,1,-1,1,-1,-1,1,1,1,1,1,-1,-1,1,-1,1,1,1,1,0.009990613907575607
-1,1,1,-1,1,-1,-1,1,1,1,1,1,1,1,-1,-1,-1,1,1,1,0.009990613907575607
-1,1,1,-1,1,-1,1,-1,-1,-1,-1,-1,1,-1,-1,-1,1,-1,1,1,0.009990613907575607
-1,1,1,-1,1,-1,1,-1,-1,-1,-1,-1,1,1,1,1,1,1,-1,-1,0.009990613907575607
-1,1,1,-1,1,-1,1,-1,-1,-1,-1,1,-1,-1,-1,-1,-1,1,-1,1,0.009990613907575607
-1,1,1,-1,1,-1,1,-1,-1,-1,-1,1,1,1,-1,-1,-1,1,1,-1,0.009990613907575607
-1,1,1,-1,1,-1,1,-1,-1,-1,1,1,-1,-1,-1,-1,-1,1,1,-1,0.009990613907575607
-1,1,1,-1,1,-1,1,-1,-1,-1,1,1,-1,-1,-1,1,1,-1,-1,1,0.009990613907575607
-1,1,1,-1,1,-1,1,-1,-1,-1,1,1,-1,-1,1,1,-1,1,1,-1,0.009990613907575607
-1,1,1,-1,1,-1,1,-1,-1,-1,1,1,-1,1,-1,1,-1,-1,1,-1,0.009990613907575607
-1,1,1,-1,1,-1,1,-1,-1,-1,1,1,1,1,1,1,1,-1,1,1,0.009990613907575607
-1,1,1,-1,1,-1,1,-1,-1,1,-1,-1,-1,-1,1,-1,-1,-1,-1,-1,0.009990613907575607
-1,1,1,-1,1,-1,1,-1,-1,1,-1,-1,-1,-1,1,-1,-1,1,-1,1,0.009990613907575607
-1,1,1,-1,1,-1,1,-1,-1,1,-1,-1,-1,1,-1,-1,1,1,1,1,0.009990613907575607
-1,1,1,-1,1,-1,1,-1,-1,1,-1,-1,-1,1,1,-1,1,-1,-1,-1,0.009990613907575607
-1,1,1,-1,1,-1,1,-1,-1,1,-1,1,-1,-1,1,-1,-1,-1,-1,1,0.009990613907575607
-1,1,1,-1,1,-1,1,-1,-1,1,-1,1,1,-1,-1,-1,-1,1,1,1,0.009990613907575607
-1,1,1,-1,1,-1,1,-1,-1,1,1,-1,-1,-1,1,1,-1,-1,-1,1,0.009990613907575607
-1,1,1,-1,1,-1,1,-1,-1,1,1,-1,-1,1,-1,-1,-1,1,1,-1,0.009990613907575607
-1,1,1,-1,1,-1,1,-1,-1,1,1,-1,1,1,1,-1,1,-1,-1,1,0.009990613907575607
-1,1,1,-1,1,-1,1,-1,-1,1,1,1,1,-1,1,-1,-1,-1,1,1,0.009990613907575607
-1,1,1,-1,1,-1,1,-1,1,-1,-1,-1,1,-1,-1,1,1,1,1,1,0.009990613907575607
-1,1,1,-1,1,-1,1,-1,1,-1,-1,-1,1,1,1,-1,-1,-1,1,1,0.009990613907575607
-1,1,1,-1,1,-1,1,-1,1,-1,-1,-1,1,1,1,-1,1,1,1,-1,0.009990613907575607
-1,1,1,-1,1,-1,1,-1,1,-1,-1,1,-1,-1,1,1,1,1,1,-1,0.009990613907575607
-1,1,1,-1,1,-1,1,-1,1,-1,-1,1,-1,1,1,-1,1,1,1,-1,0.009990613907575607
-1,1,1,-1,1,-1,1,-1,1,-1,1,-1,-1,-1,-1,1,-1,1,1,-1,0.009990613907575607
-1,1,1,-1,1,-1,1,-1,1,-1,1,-1,-1,-1,1,1,1,-1,1,1,0.009990613907575607
-1,1,1,-1,1,-1,1,-1,1,-1,1,-1,1,-1,-1,1,-1,-1,-1,1,0.009990613907575607
-1,1,1,-1,1,-1,1,-1,1,-1,1,-1,1,1,-1,1,-1,1,-1,1,0.009990613907575607
-1,1,1,-1,1,-1,1,-1,1,-1,1,-1,1,1,1,-1,1,-1,-1,-1,0.009990613907575607
-1,1,1,-1,1,-1,1,-1,1,-1,1,1,1,-1,-1,1,1,1,1,-1,0.009990613907575607
-1,1,1,-1,1,-1,1,-1,1,-1,1,1,1,1,1,1,-1,-1,-1,-1,0.009990613907575607
-1,1,1,-1,1,-1,1,-1,1,1,-1,-1,-1,-1,1,1,-1,-1,1,-1,0.009990613907575607
-1,1,1,-1,1,-1,1,-1,1,1,-1,-1,1,1,-1,1,1,1,-1,1,0.009990613907575607
-1,1,1,-1,1,-1,1,-1,1,1,-1,1,1,-1,1,-1,-1,1,1,-1,0.009990613907575607
-1,1,1,-1,1,-1,1,-1,1,1,1,-1,-1,-1,1,-1,1,-1,1,-1,0.009990613907575607
-1,1,1,-1,1,-1,1,-1,1,1,1,-1,1,1,1,-1,1,1,-1,1,0.009990613907575607
-1,1,1,-1,1,-1,1,-1,1,1,1,1,-1,-1,-1,1,-1,-1,1,-1,0.009990613907575607
-1,1,1,-1,1,-1,1,-1,1,1,1,1,-1,-1,-1,1,-1,-1,1,1,0.009990613907575607
-1,1,1,-1,1,-1,1,-1,1,1,1,1,1,1,1,-1,1,-1,1,1,0.009990613907575607
-1,1,1,-1,1,-1,1,1,-1,-1,-1,-1,1,1,-1,-1,-1,1,1,-1,0.009990613907575607
-1,1,1,-1,1,-1,1,1,-1,-1,-1,-1,1,1,-1,1,-1,1,1,-1,0.009990613907575607
-1,1,1,-1,1,-1,1,1,-1,-1,-1,-1,1,1,1,-1,-1,1,-1,1,0.009990613907575607
-1,1,1,-1,1,-1,1,1,-1,-1,-1,1,-1,-1,-1,-1,1,1,1,-1,0.009990613907575607
-1,1,1,-1,1,-1,1,1,-1,-1,-1,1,1,1,-1,-1,1,1,1,1,0.009990613907575607
-1,1,1,-1,1,-1,1,1,-1,-1,1,-1,-1,-1,1,-1,1,-1,-1,1,0.009990613907575607
-1,1,1,-1,1,-1,1,1,-1,-1,1,-1,-1,1,-1,-1,-1,1,-1,1,0.009990613907575607
-1,1,1,-1,1,-1,1,1,-1,-1,1,-1,-1,1,1,-1,1,1,-1,1,0.009990613907575607
-1,1,1,-1,1,-1,1,1,-1,-1,1,-1,1,-1,-1,-1,-1,-1,1,-1,0.009990613907575607
-1,1,1,-1,1,-1,1,1,-1,-1,1,-1,1,-1,1,-1,1,1,-1,-1,0.009990613907575607
-1,1,1,-1,1,-1,1,1,-1,-1,1,1,-1,1,-1,-1,-1,-1,1,-1,0.009990613907575607
-1,1,1,-1,1,-1,1,1,-1,-1,1,1,-1,1,-1,1,-1,1,1,-1,0.009990613907575607
-1,1,1,-1,1,-1,1,1,-1,1,-1,-1,-1,-1,1,-1,1,-1,1,-1,0.009990613907575607
-1,1,1,-1,1,-1,1,1,-1,1,-1,-1,-1,1,1,1,1,1,-1,-1,0.009990613907575607
-1,1,1,-1,1,-1,1,1,-1,1,-1,1,-1,-1,-1,-1,1,-1,-1,-1,0.009990613907575607
-1,1,1,-1,1,-1,1,1,-1,1,-1,1,1,1,1,1,1,1,-1,1,0.009990613907575607
-1,1,1,-1,1,-1,1,1,-1,1,1,-1,-1,1,1,1,-1,-1,-1,1,0.009990613907575607
-1,1,1,-1,1,-1,1,1,-1,1,1,-1,1,-1,1,-1,1,-1,1,-1,0.009990613907575607
-1,1,1,-1,1,-1,1,1,-1,1,1,1,1,-1,-1,-1,1,-1,-1,-1,0.009990613907575607
-1,1,1,-1,1,-1,1,1,-1,1,1,1,1,1,-1,-1,1,-1,-1,1,0.009990613907575607
-1,1,1,-1,1,-1,1,1,1,-1,-1,-1,1,1,-1,1,-1,1,1,1,0.009990613907575607
-1,1,1,-1,1,-1,1,1,1,-1,-1,-1,1,1,1,1,1,-1,-1,-1,0.009990613907575607
-1,1,1,-1,1,-1,1,1,1,-1,-1,1,-1,1,1,1,-1,-1,-1,-1,0.009990613907575607
-1,1,1,-1,1,-1,1,1,1,-1,1,-1,-1,-1,1,1,1,1,-1,1,0.009990613907575607
-1,1,1,-1,1,-1,1,1,1,-1,1,-1,1,1,-1,1,-1,1,1,1,0.009990613907575607
-1,1,1,-1,1,-1,1,1,1,-1,1,-1,1,1,1,1,1,1,-1,1,0.009990613907575607
-1,1,1,-1,1,-1,1,1,1,-1,1,1,-1,-1,1,1,-1,1,1,1,0.009990613907575607
-1,1,1,-1,1,-1,1,1,1,1,-1,-1,1,-1,1,-1,1,-1,1,-1,0.009990613907575607
-1,1,1,-1,1,-1,1,1,1,1,-1,1,-1,1,-1,1,-1,1,-1,-1,0.009990613907575607
-1,1,1,-1,1,-1,1,1,1,1,-1,1,1,1,-1,-1,-1,1,1,-1,0.009990613907575607
-1,1,1,-1,1,-1,1,1,1,1,1,1,-1,-1,-1,-1,1,1,-1,-1,0.009990613907575607
-1,1,1,-1,1,-1,1,1,1,1,1,1,-1,-1,1,1,-1,1,1,1,0.009990613907575607
-1,1,1,-1,1,-1,1,1,1,1,1,1,-1,1,-1,-1,-1,1,1,1,0.009990613907575607
-1,1,1,-1,1,-1,1,1,1,1,1,1,-1,1,-1,1,1,-1,1,1,0.009990613907575607
-1,1,1,-1,1,-1,1,1,1,1,1,1,-1,1,1,-1,1,1,1,-1,0.009990613907575607
-1,1,1,-1,1,-1,1,1,1,1,1,1,1,1,1,-1,-1,-1,-1,1,0.009990613907575607
-1,1,1,-1,1,1,-1,-1,-1,-1,-1,-1,1,-1,1,1,-1,-1,-1,-1,0.009990613907575607
-1,1,1,-1,1,1,-1,-1,-1,-1,-1,1,-1,-1,1,1,1,-1,-1,1,0.009990613907575607
-1,1,1,-1,1,1,-1,-1,-1,-1,-1,1,-1,1,1,-1,1,1,-1,-1,0.009990613907575607
-1,1,1,-1,1,1,-1,-1,-1,-1,1,-1,-1,-1,-1,-1,-1,-1,-1,-1,0.009990613907575607
-1,1,1,-1,1,1,-1,-1,-1,-1,1,-1,-1,-1,1,-1,1,-1,-1,1,0.009990613907575607
-1,1,1,-1,1,1,-1,-1,-1,-1,1,-1,1,1,1,-1,1,-1,-1,-1,0.009990613907575607
-1,1,1,-1,1,1,-1,-1,-1,-1,1,1,-1,-1,-1,1,1,-1,1,-1,0.009990613907575607
-1,1,1,-1,1,1,-1,-1,-1,-1,1,1,1,1,-1,1,1,1,-1,-1,0.009990613907575607
-1,1,1,-1,1,1,-1,-1,-1,1,-1,-1,1,1,-1,-1,1,1,-1,-1,0.009990613907575607
-1,1,1,-1,1,1,-1,-1,-1,1,-1,-1,1,1,1,-1,1,-1,-1,1,0.009990613907575607
-1,1,1,-1,1,1,-1,-1,-1,1,-1,1,-1,-1,1,-1,-1,1,1,1,0.009990613907575607
-1,1,1,-1,1,1,-1,-1,-1,1,-1,1,1,1,-1,-1,1,1,-1,-1,0.009990613907575607
-1,1,1,-1,1,1,-1,-1,-1,1,-1,1,1,1,1,-1,1,1,1,1,0.009990613907575607
-1,1,1,-1,1,1,-1,-1,-1,1,1,-1,-1,-1,-1,1,-1,1,-1,1,0.009990613907575607
-1,1,1,-1,1,1,-1,-1,-1,1,1,-1,-1,-1,1,1,-1,-1,1,1,0.009990613907575607
-1,1,1,-1,1,1,-1,-1,-1,1,1,-1,-1,1,1,-1,-1,1,-1,-1,0.009990613907575607
-1,1,1,-1,1,1,-1,-1,-1,1,1,-1,-1,1,1,1,-1,-1,-1,1,0.009990613907575607
-1,1,1,-1,1,1,-1,-1,-1,1,1,-1,1,-1,-1,1,-1,-1,1,1,0.009990613907575607
-1,1,1,-1,1,1,-1,-1,-1,1,1,1,-1,1,1,-1,1,1,-1,-1,0.009990613907575607
-1,1,1,-1,1,1,-1,-1,-1,1,1,1,1,-1,-1,1,1,1,-1,-1,0.009990613907575607
-1,1,1,-1,1,1,-1,-1,-1,1,1,1,1,1,-1,-1,1,1,1,1,0.009990613907575607
-1,1,1,-1,1,1,-1,-1,1,-1,-1,-1,-1,-1,1,1,1,1,1,-1,0.009990613907575607
-1,1,1,-1,1,1,-1,-1,1,-1,-1,-1,-1,1,-1,1,1,1,1,-1,0.009990613907575607
-1,1,1,-1,1,1,-1,-1,1,-1,-1,-1,1,-1,1,1,1,-1,1,-1,0.009990613907575607
-1,1,1,-1,1,1,-1,-1,1,-1,-1,-1,1,1,-1,1,1,-1,1,1,0.009990613907575607
-1,1,1,-1,1,1,-1,-1,1,-1,-1,1,-1,1,1,-1,1,-1,-1,1,0.009990613907575607
-1,1,1,-1,1,1,-1,-1,1,-1,1,-1,-1,-1,1,1,-1,1,1,1,0.009990613907575607
-1,1,1,-1,1,1,-1,-1,1,-1,1,-1,-1,1,1,1,-1,1,-1,1,0.009990613907575607
-1,1,1,-1,1,1,-1,-1,1,-1,1,-1,1,1,-1,-1,1,-1,1,1,0.009990613907575607
-1,1,1,-1,1,1,-1,-1,1,-1,1,1,-1,-1,-1,-1,1,1,-1,1,0.009990613907575607
-1,1,1,-1,1,1,-1,-1,1,-1,1,1,-1,1,-1,-1,-1,1,-1,1,0.009990613907575607
-1,1,1,-1,1,1,-1,-1,1,1,-1,-1,-1,-1,-1,1,1,1,1,-1,0.009990613907575607
-1,1,1,-1,1,1,-1,-1,1,1,-1,-1,-1,1,1,1,1,1,-1,-1,0.009990613907575607
-1,1,1,-1,1,1,-1,-1,1,1,-1,-1,-1,1,1,1,1,1,1,-1,0.009990613907575607
-1,1,1,-1,1,1,-1,-1,1,1,1,1,1,1,-1,-1,1,1,-1,-1,0.009990613907575607
-1,1,1,-1,1,1,-1,1,-1,-1,-1,-1,-1,-1,-1,-1,1,1,-1,-1,0.009990613907575607
-1,1,1,-1,1,1,-1,1,-1,-1,-1,-1,-1,1,1,-1,1,-1,-1,-1,0.009990613907575607
-1,1,1,-1,1,1,-1,1,-1,-1,-1,-1,1,1,-1,-1,1,-1,-1,1,0.009990613907575607
-1,1,1,-1,1,1,-1,1,-1,-1,1,-1,-1,1,-1,-1,1,1,-1,-1,0.009990613907575607
-1,1,1,-1,1,1,-1,1,-1,-1,1,-1,1,1,1,-1,1,1,1,-1,0.009990613907575607
-1,1,1,-1,1,1,-1,1,-1,-1,1,1,-1,-1,-1,-1,-1,1,-1,-1,0.009990613907575607
-1,1,1,-1,1,1,-1,1,-1,-1,1,1,-1,1,1,-1,-1,1,-1,-1,0.009990613907575607
-1,1,1,-1,1,1,-1,1,-1,-1,1,1,-1,1,1,1,-1,1,-1,1,0.009990613907575607
-1,1,1,-1,1,1,-1,1,-1,-1,1,1,1,1,-1,-1,-1,-1,-1,1,0.009990613907575607
-1,1,1,-1,1,1,-1,1,-1,1,-1,-1,-1,-1,1,1,-1,-1,-1,1,0.009990613907575607
-1,1,1,-1,1,1,-1,1,-1,1,-1,-1,-1,1,1,-1,-1,-1,1,1,0.009990613907575607
-1,1,1,-1,1,1,-1,1,-1,1,-1,-1,-1,1,1,1,1,-1,-1,1,0.009990613907575607
-1,1,1,-1,1,1,-1,1,-1,1,-1,-1,1,-1,1,1,-1,1,-1,-1,0.009990613907575607
-1,1,1,-1,1,1,-1,1,-1,1,-1,1,1,-1,1,-1,-1,-1,-1,1,0.009990613907575607
-1,1,1,-1,1,1,-1,1,-1,1,1,-1,-1,-1,-1,1,-1,-1,1,1,0.009990613907575607
-1,1,1,-1,1,1,-1,1,-1,1,1,-1,-1,1,-1,-1,1,-1,-1,1,0.009990613907575607
-1,1,1,-1,1,1,-1,1,-1,1,1,-1,-1,1,-1,1,-1,-1,-1,-1,0.009990613907575607
-1,1,1,-1,1,1,-1,1,-1,1,1,1,-1,1,-1,-1,1,-1,1,-1,0.009990613907575607
-1,1,1,-1,1,1,-1,1,-1,1,1,1,1,1,-1,1,-1,-1,1,1,0.009990613907575607
-1,1,1,-1,1,1,-1,1,1,-1,-1,-1,1,1,1,-1,1,1,1,-1,0.009990613907575607
-1,1,1,-1,1,1,-1,1,1,-1,-1,1,-1,-1,-1,-1,1,-1,-1,-1,0.009990613907575607
-1,1,1,-1,1,1,-1,1,1,-1,-1,1,-1,1,-1,1,-1,1,-1,-1,0.009990613907575607
-1,1,1,-1,1,1,-1,1,1,-1,-1,1,-1,1,1,-1,1,-1,1,1,0.009990613907575607
-1,1,1,-1,1,1,-1,1,1,-1,-1,1,1,-1,1,-1,1,-1,-1,1,0.009990613907575607
-1,1,1,-1,1,1,-1,1,1,-1,1,-1,-1,-1,-1,1,-1,-1,1,1,0.009990613907575607
-1,1,1,-1,1,1,-1,1,1,-1,1,-1,-1,1,-1,-1,-1,-1,-1,1,0.009990613907575607
-1,1,1,-1,1,1,-1,1,1,-1,1,-1,-1,1,-1,-1,-1,1,1,-1,0.009990613907575607
-1,1,1,-1,1,1,-1,1,1,-1,1,-1,1,1,-1,1,1,-1,-1,1,0.009990613907575607
-1,1,1,-1,1,1,-1,1,1,-1,1,1,-1,1,-1,1,1,-1,-1,1,0.009990613907575607
-1,1,1,-1,1,1,-1,1,1,-1,1,1,-1,1,1,1,1,-1,-1,-1,0.009990613907575607
-1,1,1,-1,1,1,-1,1,1,-1,1,1,1,1,-1,-1,1,1,-1,-1,0.009990613907575607
-1,1,1,-1,1,1,-1,1,1,1,-1,-1,-1,-1,-1,-1,1,-1,-1,1,0.009990613907575607
-1,1,1,-1,1,1,-1,1,1,1,-1,-1,-1,-1,1,1,-1,1,-1,1,0.009990613907575607
-1,1,1,-1,1,1,-1,1,1,1,-1,-1,-1,1,-1,-1,-1,1,1,-1,0.009990613907575607
-1,1,1,-1,1,1,-1,1,1,1,-1,-1,1,1,1,1,-1,-1,1,1,0.009990613907575607
-1,1,1,-1,1,1,-1,1,1,1,-1,1,1,-1,1,-1,-1,1,1,-1,0.009990613907575607
-1,1,1,-1,1,1,-1,1,1,1,-1,1,1,-1,1,1,-1,1,1,1,0.009990613907575607
-1,1,1,-1,1,1,-1,1,1,1,1,-1,-1,1,-1,1,1,1,-1,1,0.009990613907575607
-1,1,1,-1,1,1,-1,1,1,1,1,1,-1,-1,-1,1,1,1,-1,-1,0.009990613907575607
-1,1,1,-1,1,1,-1,1,1,1,1,1,-1,1,1,-1,1,-1,1,1,0.009990613907575607
-1,1,1,-1,1,1,1,-1,-1,-1,-1,-1,-1,1,-1,-1,1,-1,1,1,0.009990613907575607
-1,1,1,-1,1,1,1,-1,-1,-1,-1,-1,1,1,-1,-1,1,1,1,-1,0.009990613907575607
-1,1,1,-1,1,1,1,-1,-1,-1,-1,1,-1,-1,1,-1,1,1,1,-1,0.009990613907575607
-1,1,1,-1,1,1,1,-1,-1,-1,1,-1,-1,-1,1,-1,1,-1,-1,-1,0.009990613907575607
-1,1,1,-1,1,1,1,-1,-1,-1,1,-1,1,-1,1,-1,1,1,1,1,0.009990613907575607
-1,1,1,-1,1,1,1,-1,-1,-1,1,1,-1,1,1,1,-1,1,1,1,0.009990613907575607
-1,1,1,-1,1,1,1,-1,-1,-1,1,1,1,-1,-1,1,1,-1,1,-1,0.009990613907575607
-1,1,1,-1,1,1,1,-1,-1,-1,1,1,1,1,-1,1,1,1,1,-1,0.009990613907575607
-1,1,1,-1,1,1,1,-1,-1,1,-1,-1,-1,1,1,-1,-1,1,1,1,0.009990613907575607
-1,1,1,-1,1,1,1,-1,-1,1,-1,1,-1,-1,-1,-1,1,-1,1,-1,0.009990613907575607
-1,1,1,-1,1,1,1,-1,-1,1,-1,1,1,-1,1,-1,1,-1,-1,1,0.009990613907575607
-1,1,1,-1,1,1,1,-1,-1,1,-1,1,1,-1,1,1,-1,-1,1,-1,0.009990613907575607
-1,1,1,-1,1,1,1,-1,-1,1,-1,1,1,1,1,-1,1,-1,1,1,0.009990613907575607
-1,1,1,-1,1,1,1,-1,-1,1,1,-1,-1,-1,-1,-1,1,1,1,1,0.009990613907575607
-1,1,1,-1,1,1,1,-1,-1,1,1,1,1,1,-1,-1,-1,1,-1,-1,0.009990613907575607
-1,1,1,-1,1,1,1,-1,-1,1,1,1,1,1,1,1,-1,-1,1,1,0.009990613907575607
-1,1,1,-1,1,1,1,-1,-1,1,1,1,1,1,1,1,-1,1,1,-1,0.009990613907575607
-1,1,1,-1,1,1,1,-1,1,-1,-1,-1,1,-1,-1,1,1,1,-1,-1,0.009990613907575607
-1,1,1,-1,1,1,1,-1,1,-1,-1,1,-1,1,-1,-1,-1,1,-1,1,0.009990613907575607
-1,1,1,-1,1,1,1,-1,1,-1,1,-1,-1,-1,-1,1,-1,1,1,-1,0.009990613907575607
-1,1,1,-1,1,1,1,-1,1,-1,1,-1,-1,-1,1,-1,1,-1,1,-1,0.009990613907575607
-1,1,1,-1,1,1,1,-1,1,-1,1,1,-1,-1,-1,-1,1,-1,-1,1,0.009990613907575607
-1,1,1,-1,1,1,1,-1,1,-1,1,1,-1,-1,1,-1,-1,-1,1,-1,0.009990613907575607
-1,1,1,-1,1,1,1,-1,1,-1,1,1,-1,-1,1,1,1,1,-1,-1,0.009990613907575607
-1,1,1,-1,1,1,1,-1,1,-1,1,1,1,-1,-1,1,-1,1,1,-1,0.009990613907575607
-1,1,1,-1,1,1,1,-1,1,-1,1,1,1,-1,1,-1,-1,-1,1,1,0.009990613907575607
-1,1,1,-1,1,1,1,-1,1,-1,1,1,1,1,-1,1,-1,1,-1,1,0.009990613907575607
-1,1,1,-1,1,1,1,-1,1,1,-1,-1,-1,-1,-1,1,1,-1,-1,1,0.009990613907575607
-1,1,1,-1,1,1,1,-1,1,1,-1,-1,-1,-1,1,1,1,-1,-1,1,0.009990613907575607
-1,1,1,-1,1,1,1,-1,1,1,-1,-1,-1,-1,1,1,1,1,1,-1,0.009990613907575607
-1,1,1,-1,1,1,1,-1,1,1,-1,-1,-1,1,1,1,1,1,-1,1,0.009990613907575607
-1,1,1,-1,1,1,1,-1,1,1,-1,1,-1,-1,1,-1,1,-1,1,1,0.009990613907575607
-1,1,1,-1,1,1,1,-1,1,1,-1,1,1,-1,-1,-1,1,1,1,-1,0.009990613907575607
-1,1,1,-1,1,1,1,-1,1,1,-1,1,1,-1,1,-1,1,-1,-1,1,0.009990613907575607
-1,1,1,-1,1,1,1,-1,1,1,1,-1,1,-1,1,-1,-1,-1,-1,-1,0.009990613907575607
-1,1,1,-1,1,1,1,-1,1,1,1,-1,1,1,-1,1,1,1,-1,1,0.009990613907575607
-1,1,1,-1,1,1,1,-1,1,1,1,1,1,-1,-1,-1,-1,1,-1,-1,0.009990613907575607
-1,1,1,-1,1,1,1,-1,1,1,1,1,1,1,-1,1,1,-1,-1,-1,0.009990613907575607
-1,1,1,-1,1,1,1,1,-1,-1,-1,-1,-1,1,-1,-1,-1,1,1,-1,0.009990613907575607
-1,1,1,-1,1,1,1,1,-1,-1,-1,-1,1,-1,1,1,1,-1,1,-1,0.009990613907575607
-1,1,1,-1,1,1,1,1,-1,-1,-1,-1,1,1,-1,-1,-1,-1,1,-1,0.009990613907575607
-1,1,1,-1,1,1,1,1,-1,-1,-1,1,-1,-1,1,-1,1,-1,1,-1,0.009990613907575607
-1,1,1,-1,1,1,1,1,-1,-1,-1,1,-1,1,1,-1,-1,-1,-1,1,0.009990613907575607
-1,1,1,-1,1,1,1,1,-1,-1,-1,1,1,1,-1,1,-1,-1,1,-1,0.009990613907575607
-1,1,1,-1,1,1,1,1,-1,-1,1,-1,-1,1,-1,-1,-1,1,1,-1,0.009990613907575607
-1,1,1,-1,1,1,1,1,-1,-1,1,-1,1,1,-1,-1,1,-1,-1,1,0.009990613907575607
-1,1,1,-1,1,1,1,1,-1,-1,1,1,-1,1,1,-1,1,1,-1,1,0.009990613907575607
-1,1,1,-1,1,1,1,1,-1,-1,1,1,1,1,-1,-1,1,-1,1,-1,0.009990613907575607
-1,1,1,-1,1,1,1,1,-1,1,-1,-1,-1,-1,-1,1,-1,-1,-1,1,0.009990613907575607
-1,1,1,-1,1,1,1,1,-1,1,-1,-1,1,1,-1,1,-1,1,1,-1,0.009990613907575607
-1,1,1,-1,1,1,1,1,-1,1,-1,1,1,-1,1,1,1,1,-1,-1,0.009990613907575607
-1,1,1,-1,1,1,1,1,-1,1,1,-1,1,1,1,1,-1,-1,1,-1,0.009990613907575607
-1,1,1,-1,1,1,1,1,-1,1,1,1,-1,1,-1,-1,-1,1,1,-1,0.009990613907575607
-1,1,1,-1,1,1,1,1,1,-1,-1,-1,-1,1,1,-1,1,1,-1,-1,0.009990613907575607
-1,1,1,-1,1,1,1,1,1,-1,-1,-1,1,-1,1,-1,-1,-1,-1,1,0.009990613907575607
-1,1,1,-1,1,1,1,1,1,-1,-1,-1,1,-1,1,-1,-1,1,-1,-1,0.009990613907575607
-1,1,1,-1,1,1,1,1,1,-1,-1,1,-1,-1,1,1,-1,-1,1,1,0.009990613907575607
-1,1,1,-1,1,1,1,1,1,-1,-1,1,-1,-1,1,1,-1,1,-1,-1,0.009990613907575607
-1,1,1,-1,1,1,1,1,1,-1,-1,1,-1,-1,1,1,-1,1,1,-1,0.009990613907575607
-1,1,1,-1,1,1,1,1,1,-1,-1,1,-1,1,1,-1,-1,-1,-1,-1,0.009990613907575607
-1,1,1,-1,1,1,1,1,1,-1,1,-1,-1,-1,-1,-1,-1,-1,-1,1,0.009990613907575607
-1,1,1,-1,1,1,1,1,1,-1,1,-1,-1,-1,1,1,-1,-1,1,-1,0.009990613907575607
-1,1,1,-1,1,1,1,1,1,-1,1,-1,-1,1,-1,1,-1,1,1,-1,0.009990613907575607
-1,1,1,-1,1,1,1,1,1,-1,1,-1,1,-1,-1,-1,1,-1,-1,1,0.009990613907575607
-1,1,1,-1,1,1,1,1,1,-1,1,-1,1,1,1,1,-1,1,1,1,0.009990613907575607
-1,1,1,-1,1,1,1,1,1,-1,1,-1,1,1,1,1,1,1,-1,-1,0.009990613907575607
-1,1,1,-1,1,1,1,1,1,-1,1,1,-1,-1,1,1,1,1,1,1,0.009990613907575607
-1,1,1,-1,1,1,1,1,1,1,-1,1,1,-1,1,-1,1,1,1,1,0.009990613907575607
-1,1,1,-1,1,1,1,1,1,1,1,-1,-1,-1,-1,-1,1,-1,1,1,0.009990613907575607
-1,1,1,-1,1,1,1,1,1,1,1,-1,-1,-1,1,1,-1,-1,-1,1,0.009990613907575607
-1,1,1,-1,1,1,1,1,1,1,1,-1,-1,1,-1,-1,1,-1,1,-1,0.009990613907575607
-1,1,1,-1,1,1,1,1,1,1,1,-1,-1,1,-1,-1,1,1,-1,-1,0.009990613907575607
-1,1,1,-1,1,1,1,1,1,1,1,-1,-1,1,1,-1,1,-1,1,-1,0.009990613907575607
-1,1,1,-1,1,1,1,1,1,1,1,-1,-1,1,1,1,1,-1,1,1,0.009990613907575607
-1,1,1,-1,1,1,1,1,1,1,1,-1,1,-1,-1,1,1,1,1,-1,0.009990613907575607
-1,1,1,-1,1,1,1,1,1,1,1,-1,1,1,1,1,1,-1,-1,-1,0.009990613907575607
-1,1,1,-1,1,1,1,1,1,1,1,1,-1,-1,1,-1,-1,1,1,-1,0.009990613907575607
-1,1,1,-1,1,1,1,1,1,1,1,1,1,-1,-1,1,-1,-1,-1,1,0.009990613907575607
-1,1,1,-1,1,1,1,1,1,1,1,1,1,-1,1,1,-1,-1,1,-1,0.009990613907575607
-1,1,1,1,-1,-1,-1,-1,-1,-1,-1,-1,-1,1,1,1,-1,1,1,1,0.009990613907575607
-1,1,1,1,-1,-1,-1,-1,-1,-1,-1,1,-1,-1,-1,-1,-1,1,-1,1,0.009990613907575607
-1,1,1,1,-1,-1,-1,-1,-1,-1,-1,1,1,-1,-1,1,1,1,-1,1,0.009990613907575607
-1,1,1,1,-1,-1,-1,-1,-1,-1,1,-1,1,-1,-1,-1,1,-1,-1,-1,0.009990613907575607
-1,1,1,1,-1,-1,-1,-1,-1,-1,1,1,-1,-1,1,-1,1,1,-1,1,0.009990613907575607
-1,1,1,1,-1,-1,-1,-1,-1,1,-1,-1,-1,1,1,1,1,-1,-1,-1,0.009990613907575607
-1,1,1,1,-1,-1,-1,-1,-1,1,-1,-1,1,-1,1,1,-1,1,-1,-1,0.009990613907575607
-1,1,1,1,-1,-1,-1,-1,-1,1,-1,1,-1,-1,-1,-1,-1,1,1,1,0.009990613907575607
-1,1,1,1,-1,-1,-1,-1,-1,1,-1,1,1,1,1,-1,1,1,1,1,0.009990613907575607
-1,1,1,1,-1,-1,-1,-1,-1,1,-1,1,1,1,1,1,1,-1,1,1,0.009990613907575607
-1,1,1,1,-1,-1,-1,-1,-1,1,1,-1,1,-1,-1,-1,-1,1,-1,1,0.009990613907575607
-1,1,1,1,-1,-1,-1,-1,-1,1,1,-1,1,1,-1,-1,1,1,-1,-1,0.009990613907575607
-1,1,1,1,-1,-1,-1,-1,-1,1,1,1,-1,1,-1,1,-1,1,1,-1,0.009990613907575607
-1,1,1,1,-1,-1,-1,-1,-1,1,1,1,1,-1,1,1,1,-1,-1,-1,0.009990613907575607
-1,1,1,1,-1,-1,-1,-1,1,-1,-1,-1,-1,-1,-1,-1,-1,-1,-1,-1,0.009990613907575607
-1,1,1,1,-1,-1,-1,-1,1,-1,-1,-1,-1,1,-1,-1,-1,1,1,-1,0.009990613907575607
-1,1,1,1,-1,-1,-1,-1,1,-1,-1,-1,1,1,1,-1,-1,-1,-1,-1,0.009990613907575607
-1,1,1,1,-1,-1,-1,-1,1,-1,-1,1,-1,-1,-1,1,1,-1,-1,1,0.009990613907575607
-1,1,1,1,-1,-1,-1,-1,1,-1,-1,1,-1,-1,1,-1,-1,1,1,-1,0.009990613907575607
-1,1,1,1,-1,-1,-1,-1,1,-1,-1,1,-1,1,-1,1,1,-1,-1,-1,0.009990613907575607
-1,1,1,1,-1,-1,-1,-1,1,-1,-1,1,1,-1,-1,-1,-1,-1,-1,1,0.009990613907575607
-1,1,1,1,-1,-1,-1,-1,1,-1,-1,1,1,-1,1,-1,-1,-1,-1,-1,0.009990613907575607
-1,1,1,1,-1,-1,-1,-1,1,-1,1,-1,-1,-1,-1,1,-1,1,-1,-1,0.009990613907575607
-1,1,1,1,-1,-1,-1,-1,1,-1,1,-1,-1,-1,1,1,1,-1,1,-1,0.009990613907575607
-1,1,1,1,-1,-1,-1,-1,1,-1,1,-1,-1,1,1,-1,1,-1,1,1,0.009990613907575607
-1,1,1,1,-1,-1,-1,-1,1,-1,1,-1,-1,1,1,-1,1,1,-1,1,0.009990613907575607
-1,1,1,1,-1,-1,-1,-1,1,-1,1,-1,-1,1,1,-1,1,1,1,1,0.009990613907575607
-1,1,1,1,-1,-1,-1,-1,1,-1,1,-1,1,-1,1,-1,-1,-1,1,-1,0.009990613907575607
-1,1,1,1,-1,-1,-1,-1,1,-1,1,-1,1,1,-1,1,-1,-1,1,1,0.009990613907575607
-1,1,1,1,-1,-1,-1,-1,1,-1,1,1,-1,-1,-1,-1,1,1,1,-1,0.009990613907575607
-1,1,1,1,-1,-1,-1,-1,1,-1,1,1,-1,1,-1,1,-1,1,-1,1,0.009990613907575607
-1,1,1,1,-1,-1,-1,-1,1,-1,1,1,1,1,1,1,1,1,1,-1,0.009990613907575607
-1,1,1,1,-1,-1,-1,-1,1,1,-1,-1,-1,1,-1,1,-1,-1,-1,-1,0.009990613907575607
-1,1,1,1,-1,-1,-1,-1,1,1,-1,1,-1,-1,-1,1,1,-1,-1,1,0.009990613907575607
-1,1,1,1,-1,-1,-1,-1,1,1,-1,1,-1,-1,1,-1,1,1,1,1,0.009990613907575607
-1,1,1,1,-1,-1,-1,-1,1,1,-1,1,-1,1,-1,1,-1,1,1,1,0.009990613907575607
-1,1,1,1,-1,-1,-1,-1,1,1,-1,1,-1,1,1,-1,-1,1,1,-1,0.009990613907575607
-1,1,1,1,-1,-1,-1,-1,1,1,-1,1,1,-1,-1,1,1,1,-1,1,0.009990613907575607
-1,1,1,1,-1,-1,-1,-1,1,1,-1,1,1,1,-1,-1,-1,-1,-1,-1,0.009990613907575607
-1,1,1,1,-1,-1,-1,-1,1,1,-1,1,1,1,-1,1,1,-1,1,1,0.009990613907575607
-1,1,1,1,-1,-1,-1,-1,1,1,1,-1,-1,-1,-1,-1,1,-1,1,-1,0.009990613907575607
-1,1,1,1,-1,-1,-1,-1,1,1,1,-1,-1,1,-1,1,-1,-1,1,1,0.009990613907575607
-1,1,1,1,-1,-1,-1,-1,1,1,1,-1,1,1,1,-1,1,1,1,-1,0.009990613907575607
-1,1,1,1,-1,-1,-1,1,-1,-1,-1,-1,-1,-1,-1,1,1,-1,1,1,0.009990613907575607
-1,1,1,1,-1,-1,-1,1,-1,-1,-1,-1,-1,-1,1,-1,-1,1,1,-1,0.009990613907575607
-1,1,1,1,-1,-1,-1,1,-1,-1,-1,-1,-1,1,-1,1,-1,1,1,-1,0.009990613907575607
-1,1,1,1,-1,-1,-1,1,-1,-1,-1,1,-1,-1,1,-1,1,-1,-1,-1,0.009990613907575607
-1,1,1,1,-1,-1,-1,1,-1,-1,-1,1,-1,-1,1,-1,1,1,-1,1,0.009990613907575607
-1,1,1,1,-1,-1,-1,1,-1,-1,-1,1,-1,-1,1,1,-1,1,1,-1,0.009990613907575607
-1,1,1,1,-1,-1,-1,1,-1,-1,-1,1,-1,1,-1,1,1,1,1,1,0.009990613907575607
-1,1,1,1,-1,-1,-1,1,-1,-1,-1,1,1,1,1,-1,1,-1,-1,-1,0.009990613907575607
-1,1,1,1,-1,-1,-1,1,-1,-1,1,-1,-1,-1,-1,-1,-1,1,-1,1,0.009990613907575607
-1,1,1,1,-1,-1,-1,1,-1,-1,1,-1,-1,1,-1,1,1,-1,1,1,0.009990613907575607
-1,1,1,1,-1,-1,-1,1,-1,-1,1,-1,1,-1,1,1,1,-1,1,1,0.009990613907575607
-1,1,1,1,-1,-1,-1,1,-1,-1,1,1,-1,1,-1,-1,1,1,1,1,0.009990613907575607
-1,1,1,1,-1,-1,-1,1,-1,-1,1,1,1,1,-1,-1,-1,1,1,1,0.009990613907575607
-1,1,1,1,-1,-1,-1,1,-1,1,-1,1,1,-1,-1,1,1,1,-1,1,0.009990613907575607
-1,1,1,1,-1,-1,-1,1,-1,1,1,-1,-1,1,-1,-1,1,-1,1,1,0.009990613907575607
-1,1,1,1,-1,-1,-1,1,-1,1,1,-1,-1,1,-1,1,1,-1,1,-1,0.009990613907575607
-1,1,1,1,-1,-1,-1,1,-1,1,1,-1,1,1,1,1,1,-1,1,-1,0.009990613907575607
-1,1,1,1,-1,-1,-1,1,-1,1,1,1,-1,1,1,-1,-1,-1,1,-1,0.009990613907575607
-1,1,1,1,-1,-1,-1,1,-1,1,1,1,1,-1,-1,-1,1,-1,1,-1,0.009990613907575607
-1,1,1,1,-1,-1,-1,1,-1,1,1,1,1,-1,1,-1,-1,-1,-1,-1,0.009990613907575607
-1,1,1,1,-1,-1,-1,1,-1,1,1,1,1,-1,1,-1,1,-1,-1,1,0.009990613907575607
-1,1,1,1,-1,-1,-1,1,-1,1,1,1,1,1,-1,-1,-1,1,1,-1,0.009990613907575607
-1,1,1,1,-1,-1,-1,1,1,-1,-1,-1,-1,1,-1,1,-1,-1,-1,1,0.009990613907575607
-1,1,1,1,-1,-1,-1,1,1,-1,-1,-1,-1,1,1,-1,1,1,1,-1,0.009990613907575607
-1,1,1,1,-1,-1,-1,1,1,-1,-1,1,-1,-1,-1,-1,-1,-1,1,1,0.009990613907575607
-1,1,1,1,-1,-1,-1,1,1,-1,-1,1,-1,1,-1,-1,1,1,1,-1,0.009990613907575607
-1,1,1,1,-1,-1,-1,1,1,-1,-1,1,-1,1,-1,1,1,-1,-1,-1,0.009990613907575607
-1,1,1,1,-1,-1,-1,1,1,-1,-1,1,-1,1,1,-1,-1,-1,1,-1,0.009990613907575607
-1,1,1,1,-1,-1,-1,1,1,-1,1,-1,-1,1,1,1,1,1,-1,-1,0.009990613907575607
-1,1,1,1,-1,-1,-1,1,1,-1,1,-1,1,-1,-1,1,-1,1,1,1,0.009990613907575607
-1,1,1,1,-1,-1,-1,1,1,-1,1,-1,1,-1,-1,1,1,1,1,1,0.009990613907575607
-1,1,1,1,-1,-1,-1,1,1,-1,1,1,-1,-1,1,1,-1,-1,-1,-1,0.009990613907575607
-1,1,1,1,-1,-1,-1,1,1,-1,1,1,-1,1,-1,-1,1,1,-1,1,0.009990613907575607
-1,1,1,1,-1,-1,-1,1,1,-1,1,1,1,-1,1,1,1,1,1,1,0.009990613907575607
-1,1,1,1,-1,-1,-1,1,1,1,-1,-1,-1,1,-1,-1,1,1,1,1,0.009990613907575607
-1,1,1,1,-1,-1,-1,1,1,1,-1,-1,-1,1,1,-1,-1,1,-1,1,0.009990613907575607
-1,1,1,1,-1,-1,-1,1,1,1,-1,-1,1,-1,-1,1,1,1,1,-1,0.009990613907575607
-1,1,1,1,-1,-1,-1,1,1,1,-1,1,-1,-1,-1,-1,1,1,1,1,0.009990613907575607
-1,1,1,1,-1,-1,-1,1,1,1,-1,1,-1,-1,1,-1,1,-1,-1,-1,0.009990613907575607
-1,1,1,1,-1,-1,-1,1,1,1,-1,1,-1,1,-1,-1,-1,-1,-1,-1,0.009990613907575607
-1,1,1,1,-1,-1,-1,1,1,1,-1,1,-1,1,-1,1,-1,-1,-1,-1,0.009990613907575607
-1,1,1,1,-1,-1,-1,1,1,1,1,-1,-1,1,1,-1,-1,-1,1,1,0.009990613907575607
-1,1,1,1,-1,-1,-1,1,1,1,1,-1,-1,1,1,1,-1,1,-1,1,0.009990613907575607
-1,1,1,1,-1,-1,-1,1,1,1,1,-1,1,-1,-1,1,-1,-1,-1,-1,0.009990613907575607
-1,1,1,1,-1,-1,-1,1,1,1,1,1,-1,-1,1,1,1,-1,1,1,0.009990613907575607
-1,1,1,1,-1,-1,-1,1,1,1,1,1,1,-1,1,-1,1,-1,1,-1,0.009990613907575607
-1,1,1,1,-1,-1,1,-1,-1,-1,-1,-1,-1,-1,1,-1,-1,1,-1,-1,0.009990613907575607
-1,1,1,1,-1,-1,1,-1,-1,-1,-1,-1,1,1,-1,-1,1,-1,-1,1,0.009990613907575607
-1,1,1,1,-1,-1,1,-1,-1,-1,1,-1,-1,-1,-1,-1,1,-1,-1,-1,0.009990613907575607
-1,1,1,1,-1,-1,1,-1,-1,-1,1,-1,-1,-1,-1,1,1,1,-1,-1,0.009990613907575607
-1,1,1,1,-1,-1,1,-1,-1,-1,1,1,-1,-1,-1,1,1,-1,-1,1,0.009990613907575607
-1,1,1,1,-1,-1,1,-1,-1,-1,1,1,-1,1,1,1,-1,1,1,1,0.009990613907575607
-1,1,1,1,-1,-1,1,-1,-1,1,-1,-1,-1,-1,-1,-1,1,-1,-1,-1,0.009990613907575607
-1,1,1,1,-1,-1,1,-1,-1,1,-1,-1,-1,1,-1,-1,-1,-1,-1,1,0.009990613907575607
-1,1,1,1,-1,-1,1,-1,-1,1,-1,-1,1,1,-1,1,1,1,-1,-1,0.009990613907575607
-1,1,1,1,-1,-1,1,-1,-1,1,-1,1,-1,-1,1,-1,-1,-1,1,1,0.009990613907575607
-1,1,1,1,-1,-1,1,-1,-1,1,-1,1,-1,1,1,1,-1,1,1,-1,0.009990613907575607
-1,1,1,1,-1,-1,1,-1,-1,1,-1,1,1,-1,1,-1,-1,1,1,-1,0.009990613907575607
-1,1,1,1,-1,-1,1,-1,-1,1,1,-1,-1,1,1,1,1,1,-1,-1,0.009990613907575607
-1,1,1,1,-1,-1,1,-1,-1,1,1,-1,1,-1,-1,1,1,-1,-1,-1,0.009990613907575607
-1,1,1,1,-1,-1,1,-1,-1,1,1,-1,1,1,-1,1,1,-1,-1,1,0.009990613907575607
-1,1,1,1,-1,-1,1,-1,-1,1,1,1,-1,-1,1,-1,-1,-1,1,-1,0.009990613907575607
-1,1,1,1,-1,-1,1,-1,-1,1,1,1,-1,-1,1,1,1,-1,1,1,0.009990613907575607
-1,1,1,1,-1,-1,1,-1,-1,1,1,1,1,-1,1,-1,1,1,1,-1,0.009990613907575607
-1,1,1,1,-1,-1,1,-1,1,-1,-1,1,-1,-1,1,1,1,1,1,-1,0.009990613907575607
-1,1,1,1,-1,-1,1,-1,1,-1,-1,1,-1,1,1,1,-1,1,-1,1,0.009990613907575607
-1,1,1,1,-1,-1,1,-1,1,-1,-1,1,1,1,-1,1,1,1,-1,1,0.009990613907575607
-1,1,1,1,-1,-1,1,-1,1,-1,1,-1,-1,1,1,1,-1,1,1,-1,0.009990613907575607
-1,1,1,1,-1,-1,1,-1,1,-1,1,-1,1,1,-1,1,-1,-1,1,-1,0.009990613907575607
-1,1,1,1,-1,-1,1,-1,1,-1,1,1,-1,-1,-1,1,1,1,-1,-1,0.009990613907575607
-1,1,1,1,-1,-1,1,-1,1,-1,1,1,-1,-1,1,1,1,-1,1,1,0.009990613907575607
-1,1,1,1,-1,-1,1,-1,1,-1,1,1,-1,1,1,-1,1,-1,1,-1,0.009990613907575607
-1,1,1,1,-1,-1,1,-1,1,1,-1,-1,-1,-1,-1,-1,-1,1,-1,-1,0.009990613907575607
-1,1,1,1,-1,-1,1,-1,1,1,-1,-1,-1,-1,1,1,-1,-1,1,-1,0.009990613907575607
-1,1,1,1,-1,-1,1,-1,1,1,-1,-1,-1,1,1,1,1,-1,-1,1,0.009990613907575607
-1,1,1,1,-1,-1,1,-1,1,1,-1,-1,1,-1,1,1,1,1,-1,1,0.009990613907575607
-1,1,1,1,-1,-1,1,-1,1,1,-1,-1,1,1,1,1,-1,1,-1,-1,0.009990613907575607
-1,1,1,1,-1,-1,1,-1,1,1,-1,1,1,-1,-1,1,-1,-1,-1,-1,0.009990613907575607
-1,1,1,1,-1,-1,1,-1,1,1,-1,1,1,-1,-1,1,1,1,-1,-1,0.009990613907575607
-1,1,1,1,-1,-1,1,-1,1,1,-1,1,1,-1,1,1,-1,1,-1,-1,0.009990613907575607
-1,1,1,1,-1,-1,1,-1,1,1,-1,1,1,1,-1,1,-1,-1,1,1,0.009990613907575607
-1,1,1,1,-1,-1,1,-1,1,1,1,-1,-1,1,1,-1,1,-1,-1,1,0.009990613907575607
-1,1,1,1,-1,-1,1,-1,1,1,1,-1,1,-1,1,-1,-1,-1,-1,1,0.009990613907575607
-1,1,1,1,-1,-1,1,-1,1,1,1,-1,1,1,1,-1,-1,1,1,-1,0.009990613907575607
-1,1,1,1,-1,-1,1,-1,1,1,1,1,1,-1,1,1,-1,-1,-1,1,0.009990613907575607
-1,1,1,1,-1,-1,1,-1,1,1,1,1,1,1,1,1,1,1,1,1,0.009990613907575607
-1,1,1,1,-1,-1,1,1,-1,-1,-1,-1,-1,-1,1,-1,1,1,-1,1,0.009990613907575607
-1,1,1,1,-1,-1,1,1,-1,-1,-1,-1,1,1,1,-1,1,1,1,-1,0.009990613907575607
-1,1,1,1,-1,-1,1,1,-1,-1,-1,1,-1,-1,-1,1,-1,1,-1,1,0.009990613907575607
-1,1,1,1,-1,-1,1,1,-1,-1,-1,1,-1,1,-1,-1,-1,-1,1,1,0.009990613907575607
-1,1,1,1,-1,-1,1,1,-1,-1,-1,1,1,1,-1,1,-1,-1,1,-1,0.009990613907575607
-1,1,1,1,-1,-1,1,1,-1,-1,1,-1,1,-1,-1,-1,1,-1,1,1,0.009990613907575607
-1,1,1,1,-1,-1,1,1,-1,-1,1,-1,1,-1,1,1,1,-1,-1,1,0.009990613907575607
-1,1,1,1,-1,-1,1,1,-1,-1,1,-1,1,-1,1,1,1,1,-1,-1,0.009990613907575607
-1,1,1,1,-1,-1,1,1,-1,-1,1,-1,1,1,1,-1,-1,-1,1,-1,0.009990613907575607
-1,1,1,1,-1,-1,1,1,-1,-1,1,1,-1,1,-1,-1,-1,1,-1,-1,0.009990613907575607
-1,1,1,1,-1,-1,1,1,-1,-1,1,1,-1,1,1,-1,1,-1,1,1,0.009990613907575607
-1,1,1,1,-1,-1,1,1,-1,-1,1,1,1,1,1,-1,1,1,1,1,0.009990613907575607
-1,1,1,1,-1,-1,1,1,-1,1,-1,-1,-1,-1,1,1,-1,-1,1,-1,0.009990613907575607
-1,1,1,1,-1,-1,1,1,-1,1,-1,-1,-1,1,1,-1,1,1,-1,1,0.009990613907575607
-1,1,1,1,-1,-1,1,1,-1,1,-1,1,-1,1,1,1,-1,1,-1,-1,0.009990613907575607
-1,1,1,1,-1,-1,1,1,-1,1,1,-1,-1,-1,1,1,1,1,-1,1,0.009990613907575607
-1,1,1,1,-1,-1,1,1,-1,1,1,-1,1,-1,1,1,1,-1,-1,-1,0.009990613907575607
-1,1,1,1,-1,-1,1,1,-1,1,1,-1,1,1,1,-1,-1,-1,-1,1,0.009990613907575607
-1,1,1,1,-1,-1,1,1,-1,1,1,1,1,1,-1,1,1,-1,-1,-1,0.009990613907575607
-1,1,1,1,-1,-1,1,1,1,-1,-1,-1,-1,-1,1,1,-1,-1,1,-1,0.009990613907575607
-1,1,1,1,-1,-1,1,1,1,-1,-1,-1,-1,1,1,1,1,1,-1,1,0.009990613907575607
-1,1,1,1,-1,-1,1,1,1,-1,-1,1,-1,-1,-1,1,-1,-1,1,-1,0.009990613907575607
-1,1,1,1,-1,-1,1,1,1,-1,-1,1,-1,-1,1,1,-1,1,1,-1,0.009990613907575607
-1,1,1,1,-1,-1,1,1,1,-1,-1,1,1,-1,1,1,1,1,1,-1,0.009990613907575607
-1,1,1,1,-1,-1,1,1,1,-1,1,1,-1,-1,-1,1,1,-1,-1,1,0.009990613907575607
-1,1,1,1,-1,-1,1,1,1,-1,1,1,-1,1,1,1,-1,1,1,1,0.009990613907575607
-1,1,1,1,-1,-1,1,1,1,1,-1,-1,-1,-1,-1,-1,1,1,1,-1,0.009990613907575607
-1,1,1,1,-1,-1,1,1,1,1,-1,1,1,-1,-1,-1,-1,-1,1,-1,0.009990613907575607
-1,1,1,1,-1,-1,1,1,1,1,-1,1,1,-1,1,-1,1,1,1,-1,0.009990613907575607
-1,1,1,1,-1,-1,1,1,1,1,-1,1,1,-1,1,1,1,1,1,1,0.009990613907575607
-1,1,1,1,-1,-1,1,1,1,1,-1,1,1,1,-1,-1,1,1,1,1,0.009990613907575607
-1,1,1,1,-1,-1,1,1,1,1,-1,1,1,1,-1,1,1,-1,1,-1,0.009990613907575607
-1,1,1,1,-1,-1,1,1,1,1,1,-1,-1,1,1,-1,-1,1,-1,1,0.009990613907575607
-1,1,1,1,-1,-1,1,1,1,1,1,-1,1,1,-1,-1,-1,-1,1,1,0.009990613907575607
-1,1,1,1,-1,-1,1,1,1,1,1,-1,1,1,-1,-1,-1,1,-1,-1,0.009990613907575607
-1,1,1,1,-1,-1,1,1,1,1,1,-1,1,1,1,-1,-1,-1,-1,1,0.009990613907575607
-1,1,1,1,-1,-1,1,1,1,1,1,1,-1,-1,-1,-1,-1,1,-1,1,0.009990613907575607
-1,1,1,1,-1,-1,1,1,1,1,1,1,1,1,-1,1,1,-1,-1,1,0.009990613907575607
-1,1,1,1,-1,1,-1,-1,-1,-1,-1,-1,1,-1,1,-1,-1,1,-1,-1,0.009990613907575607
-1,1,1,1,-1,1,-1,-1,-1,-1,-1,-1,1,-1,1,1,1,1,1,-1,0.009990613907575607
-1,1,1,1,-1,1,-1,-1,-1,-1,-1,-1,1,1,1,1,1,-1,-1,-1,0.009990613907575607
-1,1,1,1,-1,1,-1,-1,-1,-1,-1,1,-1,1,1,-1,1,-1,-1,-1,0.009990613907575607
-1,1,1,1,-1,1,-1,-1,-1,-1,1,-1,1,-1,1,1,-1,1,1,-1,0.009990613907575607
-1,1,1,1,-1,1,-1,-1,-1,-1,1,-1,1,1,-1,-1,-1,1,-1,1,0.009990613907575607
-1,1,1,1,-1,1,-1,-1,-1,-1,1,1,-1,-1,1,1,-1,-1,-1,1,0.009990613907575607
-1,1,1,1,-1,1,-1,-1,-1,-1,1,1,-1,-1,1,1,1,1,-1,1,0.009990613907575607
-1,1,1,1,-1,1,-1,-1,-1,-1,1,1,1,-1,1,-1,-1,1,1,1,0.009990613907575607
-1,1,1,1,-1,1,-1,-1,-1,-1,1,1,1,-1,1,1,1,1,-1,1,0.009990613907575607
-1,1,1,1,-1,1,-1,-1,-1,1,-1,-1,-1,1,-1,-1,-1,-1,1,1,0.009990613907575607
-1,1,1,1,-1,1,-1,-1,-1,1,-1,-1,-1,1,1,-1,1,-1,1,-1,0.009990613907575607
-1,1,1,1,-1,1,-1,-1,-1,1,-1,-1,-1,1,1,1,-1,-1,1,1,0.009990613907575607
-1,1,1,1,-1,1,-1,-1,-1,1,-1,-1,1,1,1,-1,1,-1,-1,-1,0.009990613907575607
-1,1,1,1,-1,1,-1,-1,-1,1,1,-1,-1,-1,-1,1,1,-1,-1,1,0.009990613907575607
-1,1,1,1,-1,1,-1,-1,-1,1,1,-1,1,1,1,-1,-1,-1,-1,1,0.009990613907575607
-1,1,1,1,-1,1,-1,-1,-1,1,1,1,1,-1,-1,1,-1,1,-1,1,0.009990613907575607
-1,1,1,1,-1,1,-1,-1,-1,1,1,1,1,1,1,1,-1,-1,-1,1,0.009990613907575607
-1,1,1,1,-1,1,-1,-1,-1,1,1,1,1,1,1,1,1,1,1,-1,0.009990613907575607
-1,1,1,1,-1,1,-1,-1,1,-1,-1,-1,-1,-1,-1,-1,-1,-1,-1,1,0.009990613907575607
-1,1,1,1,-1,1,-1,-1,1,-1,-1,1,-1,-1,1,-1,-1,-1,1,-1,0.009990613907575607
-1,1,1,1,-1,1,-1,-1,1,-1,-1,1,1,-1,-1,1,1,-1,1,1,0.009990613907575607
-1,1,1,1,-1,1,-1,-1,1,-1,-1,1,1,1,-1,-1,-1,1,-1,1,0.009990613907575607
-1,1,1,1,-1,1,-1,-1,1,-1,1,-1,1,1,-1,-1,-1,-1,1,1,0.009990613907575607
-1,1,1,1,-1,1,-1,-1,1,-1,1,-1,1,1,-1,1,-1,1,1,-1,0.009990613907575607
-1,1,1,1,-1,1,-1,-1,1,-1,1,-1,1,1,-1,1,-1,1,1,1,0.009990613907575607
-1,1,1,1,-1,1,-1,-1,1,-1,1,1,-1,-1,-1,1,1,1,-1,1,0.009990613907575607
-1,1,1,1,-1,1,-1,-1,1,-1,1,1,-1,-1,1,-1,-1,1,1,-1,0.009990613907575607
-1,1,1,1,-1,1,-1,-1,1,1,-1,-1,-1,-1,-1,-1,1,1,1,-1,0.009990613907575607
-1,1,1,1,-1,1,-1,-1,1,1,-1,1,-1,-1,1,1,1,1,-1,1,0.009990613907575607
-1,1,1,1,-1,1,-1,-1,1,1,-1,1,1,-1,-1,-1,-1,1,-1,-1,0.009990613907575607
-1,1,1,1,-1,1,-1,-1,1,1,1,-1,1,-1,-1,1,1,-1,-1,-1,0.009990613907575607
-1,1,1,1,-1,1,-1,-1,1,1,1,1,-1,-1,1,-1,-1,1,1,1,0.009990613907575607
-1,1,1,1,-1,1,-1,-1,1,1,1,1,-1,-1,1,1,1,1,1,-1,0.009990613907575607
-1,1,1,1,-1,1,-1,-1,1,1,1,1,-1,1,1,-1,1,-1,-1,-1,0.009990613907575607
-1,1,1,1,-1,1,-1,-1,1,1,1,1,1,-1,-1,1,-1,-1,1,-1,0.009990613907575607
-1,1,1,1,-1,1,-1,1,-1,-1,-1,-1,-1,-1,-1,1,1,-1,1,-1,0.009990613907575607
-1,1,1,1,-1,1,-1,1,-1,-1,-1,-1,-1,1,1,-1,1,1,-1,-1,0.009990613907575607
-1,1,1,1,-1,1,-1,1,-1,-1,-1,-1,1,1,-1,-1,-1,1,-1,1,0.009990613907575607
-1,1,1,1,-1,1,-1,1,-1,-1,-1,-1,1,1,-1,1,-1,-1,-1,1,0.009990613907575607
-1,1,1,1,-1,1,-1,1,-1,-1,-1,1,-1,-1,-1,1,-1,1,1,-1,0.009990613907575607
-1,1,1,1,-1,1,-1,1,-1,-1,-1,1,-1,1,1,-1,-1,1,-1,1,0.009990613907575607
-1,1,1,1,-1,1,-1,1,-1,-1,-1,1,1,1,1,1,1,-1,-1,1,0.009990613907575607
-1,1,1,1,-1,1,-1,1,-1,-1,1,-1,1,-1,1,-1,-1,-1,1,1,0.009990613907575607
-1,1,1,1,-1,1,-1,1,-1,-1,1,-1,1,1,-1,-1,1,-1,-1,-1,0.009990613907575607
-1,1,1,1,-1,1,-1,1,-1,-1,1,1,-1,-1,1,-1,1,-1,1,-1,0.009990613907575607
-1,1,1,1,-1,1,-1,1,-1,-1,1,1,1,-1,1,1,-1,-1,1,1,0.009990613907575607
-1,1,1,1,-1,1,-1,1,-1,-1,1,1,1,1,1,1,1,1,1,1,0.009990613907575607
-1,1,1,1,-1,1,-1,1,-1,1,-1,-1,-1,-1,-1,-1,1,1,1,-1,0.009990613907575607
-1,1,1,1,-1,1,-1,1,-1,1,-1,-1,-1,-1,1,1,-1,1,-1,-1,0.009990613907575607
-1,1,1,1,-1,1,-1,1,-1,1,-1,-1,1,-1,-1,-1,-1,1,1,1,0.009990613907575607
-1,1,1,1,-1,1,-1,1,-1,1,-1,-1,1,-1,-1,1,1,-1,-1,1,0.009990613907575607
-1,1,1,1,-1,1,-1,1,-1,1,-1,-1,1,-1,1,1,1,-1,-1,1,0.009990613907575607
-1,1,1,1,-1,1,-1,1,-1,1,-1,-1,1,1,-1,1,-1,-1,1,-1,0.009990613907575607
-1,1,1,1,-1,1,-1,1,-1,1,1,-1,-1,-1,-1,1,1,1,1,-1,0.009990613907575607
-1,1,1,1,-1,1,-1,1,-1,1,1,-1,-1,1,1,1,-1,1,-1,-1,0.009990613907575607
-1,1,1,1,-1,1,-1,1,-1,1,1,-1,1,-1,1,-1,-1,-1,-1,-1,0.009990613907575607
-1,1,1,1,-1,1,-1,1,-1,1,1,-1,1,1,-1,1,-1,-1,-1,-1,0.009990613907575607
-1,1,1,1,-1,1,-1,1,-1,1,1,-1,1,1,-1,1,1,1,-1,1,0.009990613907575607
-1,1,1,1,-1,1,-1,1,-1,1,1,-1,1,1,1,-1,-1,-1,1,1,0.009990613907575607
-1,1,1,1,-1,1,-1,1,-1,1,1,1,-1,-1,1,-1,-1,-1,1,1,0.009990613907575607
-1,1,1,1,-1,1,-1,1,-1,1,1,1,1,-1,-1,1,-1,1,-1,1,0.009990613907575607
-1,1,1,1,-1,1,-1,1,-1,1,1,1,1,-1,1,1,-1,-1,1,-1,0.009990613907575607
-1,1,1,1,-1,1,-1,1,-1,1,1,1,1,-1,1,1,-1,1,-1,1,0.009990613907575607
-1,1,1,1,-1,1,-1,1,1,-1,-1,-1,-1,1,-1,-1,-1,-1,-1,-1,0.009990613907575607
-1,1,1,1,-1,1,-1,1,1,-1,-1,-1,1,-1,1,-1,1,-1,-1,-1,0.009990613907575607
-1,1,1,1,-1,1,-1,1,1,-1,-1,-1,1,1,1,-1,-1,-1,1,-1,0.009990613907575607
-1,1,1,1,-1,1,-1,1,1,-1,-1,1,-1,1,1,1,-1,1,-1,-1,0.009990613907575607
-1,1,1,1,-1,1,-1,1,1,-1,-1,1,1,-1,-1,-1,1,-1,1,1,0.009990613907575607
-1,1,1,1,-1,1,-1,1,1,-1,-1,1,1,1,-1,1,-1,1,-1,1,0.009990613907575607
-1,1,1,1,-1,1,-1,1,1,-1,-1,1,1,1,1,-1,1,-1,-1,-1,0.009990613907575607
-1,1,1,1,-1,1,-1,1,1,-1,1,-1,-1,-1,1,1,-1,-1,-1,-1,0.009990613907575607
-1,1,1,1,-1,1,-1,1,1,-1,1,-1,1,-1,1,1,1,1,-1,-1,0.009990613907575607
-1,1,1,1,-1,1,-1,1,1,-1,1,1,1,1,1,1,-1,1,-1,-1,0.009990613907575607
-1,1,1,1,-1,1,-1,1,1,-1,1,1,1,1,1,1,1,-1,-1,1,0.009990613907575607
-1,1,1,1,-1,1,-1,1,1,1,-1,-1,1,-1,-1,-1,1,1,-1,-1,0.009990613907575607
-1,1,1,1,-1,1,-1,1,1,1,-1,1,-1,-1,1,1,-1,1,1,1,0.009990613907575607
-1,1,1,1,-1,1,-1,1,1,1,-1,1,-1,1,-1,-1,-1,-1,1,-1,0.009990613907575607
-1,1,1,1,-1,1,-1,1,1,1,-1,1,-1,1,-1,1,1,-1,-1,-1,0.009990613907575607
-1,1,1,1,-1,1,-1,1,1,1,-1,1,1,1,-1,1,-1,-1,-1,1,0.009990613907575607
-1,1,1,1,-1,1,-1,1,1,1,1,-1,-1,-1,-1,1,1,-1,1,-1,0.009990613907575607
-1,1,1,1,-1,1,-1,1,1,1,1,-1,1,-1,1,1,-1,1,-1,1,0.009990613907575607
-1,1,1,1,-1,1,-1,1,1,1,1,-1,1,1,1,-1,1,-1,1,-1,0.009990613907575607
-1,1,1,1,-1,1,-1,1,1,1,1,1,-1,-1,-1,-1,-1,-1,-1,1,0.009990613907575607
-1,1,1,1,-1,1,-1,1,1,1,1,1,1,1,1,1,1,1,1,-1,0.009990613907575607
-1,1,1,1,-1,1,1,-1,-1,-1,-1,-1,1,1,1,-1,-1,-1,-1,1,0.009990613907575607
-1,1,1,1,-1,1,1,-1,-1,-1,-1,-1,1,1,1,1,-1,1,1,1,0.009990613907575607
-1,1,1,1,-1,1,1,-1,-1,-1,-1,1,-1,-1,-1,1,1,-1,-1,-1,0.009990613907575607
-1,1,1,1,-1,1,1,-1,-1,-1,-1,1,-1,1,1,-1,1,1,-1,-1,0.009990613907575607
-1,1,1,1,-1,1,1,-1,-1,-1,1,-1,1,-1,-1,1,-1,-1,1,-1,0.009990613907575607
-1,1,1,1,-1,1,1,-1,-1,-1,1,1,-1,1,-1,1,-1,-1,1,1,0.009990613907575607
-1,1,1,1,-1,1,1,-1,-1,1,-1,-1,-1,-1,-1,-1,-1,1,1,-1,0.009990613907575607
-1,1,1,1,-1,1,1,-1,-1,1,-1,-1,-1,-1,1,-1,-1,1,-1,-1,0.009990613907575607
-1,1,1,1,-1,1,1,-1,-1,1,-1,-1,1,-1,-1,1,1,1,-1,1,0.009990613907575607
-1,1,1,1,-1,1,1,-1,-1,1,-1,-1,1,1,-1,-1,-1,-1,-1,1,0.009990613907575607
-1,1,1,1,-1,1,1,-1,-1,1,-1,1,-1,-1,-1,-1,-1,-1,-1,-1,0.009990613907575607
-1,1,1,1,-1,1,1,-1,-1,1,-1,1,-1,1,-1,-1,1,-1,1,-1,0.009990613907575607
-1,1,1,1,-1,1,1,-1,-1,1,-1,1,-1,1,-1,1,-1,1,-1,1,0.009990613907575607
-1,1,1,1,-1,1,1,-1,-1,1,1,-1,-1,1,-1,-1,1,1,1,1,0.009990613907575607
-1,1,1,1,-1,1,1,-1,-1,1,1,-1,-1,1,-1,1,-1,-1,-1,1,0.009990613907575607
-1,1,1,1,-1,1,1,-1,-1,1,1,1,-1,-1,1,1,1,1,1,-1,0.009990613907575607
-1,1,1,1,-1,1,1,-1,1,-1,-1,-1,-1,1,-1,1,1,-1,1,-1,0.009990613907575607
-1,1,1,1,-1,1,1,-1,1,-1,-1,-1,1,-1,1,-1,-1,-1,-1,-1,0.009990613907575607
-1,1,1,1,-1,1,1,-1,1,-1,-1,-1,1,-1,1,-1,1,-1,-1,-1,0.009990613907575607
-1,1,1,1,-1,1,1,-1,1,-1,-1,1,1,1,-1,-1,1,-1,1,-1,0.009990613907575607
-1,1,1,1,-1,1,1,-1,1,-1,1,-1,-1,-1,-1,1,1,1,-1,1,0.009990613907575607
-1,1,1,1,-1,1,1,-1,1,-1,1,-1,-1,-1,1,-1,1,-1,-1,1,0.009990613907575607
-1,1,1,1,-1,1,1,-1,1,-1,1,-1,-1,-1,1,1,-1,-1,-1,-1,0.009990613907575607
-1,1,1,1,-1,1,1,-1,1,-1,1,-1,-1,1,-1,-1,1,-1,-1,1,0.009990613907575607
-1,1,1,1,-1,1,1,-1,1,-1,1,-1,-1,1,1,-1,1,-1,-1,1,0.009990613907575607
-1,1,1,1,-1,1,1,-1,1,-1,1,-1,1,-1,-1,-1,-1,-1,1,-1,0.009990613907575607
-1,1,1,1,-1,1,1,-1,1,-1,1,-1,1,-1,1,-1,1,1,-1,1,0.009990613907575607
-1,1,1,1,-1,1,1,-1,1,-1,1,-1,1,1,1,1,1,-1,1,1,0.009990613907575607
-1,1,1,1,-1,1,1,-1,1,-1,1,1,-1,-1,-1,1,1,-1,-1,1,0.009990613907575607
-1,1,1,1,-1,1,1,-1,1,-1,1,1,1,-1,1,-1,1,-1,1,-1,0.009990613907575607
-1,1,1,1,-1,1,1,-1,1,-1,1,1,1,1,-1,-1,1,-1,-1,1,0.009990613907575607
-1,1,1,1,-1,1,1,-1,1,1,-1,-1,1,1,-1,-1,1,-1,1,-1,0.009990613907575607
-1,1,1,1,-1,1,1,-1,1,1,-1,1,-1,1,1,-1,-1,1,1,1,0.009990613907575607
-1,1,1,1,-1,1,1,-1,1,1,1,-1,-1,-1,-1,-1,-1,1,-1,1,0.009990613907575607
-1,1,1,1,-1,1,1,-1,1,1,1,-1,-1,-1,1,-1,-1,1,1,1,0.009990613907575607
-1,1,1,1,-1,1,1,-1,1,1,1,-1,1,-1,1,-1,-1,1,-1,1,0.009990613907575607
-1,1,1,1,-1,1,1,-1,1,1,1,-1,1,1,1,-1,1,1,-1,1,0.009990613907575607
-1,1,1,1,-1,1,1,-1,1,1,1,-1,1,1,1,1,1,-1,-1,-1,0.009990613907575607
-1,1,1,1,-1,1,1,-1,1,1,1,1,-1,-1,-1,1,-1,1,1,-1,0.009990613907575607
-1,1,1,1,-1,1,1,-1,1,1,1,1,-1,-1,1,1,1,-1,-1,1,0.009990613907575607
-1,1,1,1,-1,1,1,-1,1,1,1,1,1,1,-1,-1,1,-1,1,-1,0.009990613907575607
-1,1,1,1,-1,1,1,1,-1,-1,-1,-1,-1,-1,-1,1,1,1,-1,-1,0.009990613907575607
-1,1,1,1,-1,1,1,1,-1,-1,-1,-1,-1,1,1,-1,1,1,1,-1,0.009990613907575607
-1,1,1,1,-1,1,1,1,-1,-1,-1,-1,1,1,1,1,-1,1,-1,-1,0.009990613907575607
-1,1,1,1,-1,1,1,1,-1,-1,-1,1,-1,-1,-1,1,-1,1,-1,1,0.009990613907575607
-1,1,1,1,-1,1,1,1,-1,-1,-1,1,-1,1,1,1,-1,-1,1,-1,0.009990613907575607
-1,1,1,1,-1,1,1,1,-1,-1,-1,1,1,-1,-1,-1,1,-1,-1,-1,0.009990613907575607
-1,1,1,1,-1,1,1,1,-1,-1,-1,1,1,-1,-1,1,-1,1,1,1,0.009990613907575607
-1,1,1,1,-1,1,1,1,-1,-1,1,-1,-1,-1,1,-1,-1,1,-1,-1,0.009990613907575607
-1,1,1,1,-1,1,1,1,-1,-1,1,-1,-1,-1,1,1,-1,-1,1,1,0.009990613907575607
-1,1,1,1,-1,1,1,1,-1,-1,1,-1,-1,-1,1,1,1,-1,1,-1,0.009990613907575607
-1,1,1,1,-1,1,1,1,-1,-1,1,1,1,-1,-1,-1,-1,1,-1,-1,0.009990613907575607
-1,1,1,1,-1,1,1,1,-1,1,-1,1,-1,-1,-1,-1,-1,-1,1,1,0.009990613907575607
-1,1,1,1,-1,1,1,1,-1,1,-1,1,-1,-1,-1,-1,-1,1,1,-1,0.009990613907575607
-1,1,1,1,-1,1,1,1,-1,1,-1,1,-1,1,1,1,-1,-1,-1,-1,0.009990613907575607
-1,1,1,1,-1,1,1,1,-1,1,1,-1,-1,-1,1,-1,1,1,1,-1,0.009990613907575607
-1,1,1,1,-1,1,1,1,-1,1,1,-1,-1,-1,1,1,1,-1,1,1,0.009990613907575607
-1,1,1,1,-1,1,1,1,-1,1,1,1,-1,-1,1,1,-1,-1,-1,-1,0.009990613907575607
-1,1,1,1,-1,1,1,1,-1,1,1,1,1,-1,-1,1,-1,-1,1,1,0.009990613907575607
-1,1,1,1,-1,1,1,1,1,-1,-1,-1,-1,-1,1,1,-1,1,-1,-1,0.009990613907575607
-1,1,1,1,-1,1,1,1,1,-1,-1,-1,-1,1,-1,-1,1,1,-1,1,0.009990613907575607
-1,1,1,1,-1,1,1,1,1,-1,-1,-1,1,-1,-1,-1,-1,1,1,-1,0.009990613907575607
-1,1,1,1,-1,1,1,1,1,-1,-1,-1,1,-1,-1,1,-1,1,-1,-1,0.009990613907575607
-1,1,1,1,-1,1,1,1,1,-1,-1,-1,1,1,-1,1,1,1,-1,1,0.009990613907575607
-1,1,1,1,-1,1,1,1,1,-1,-1,1,-1,1,-1,1,1,1,-1,1,0.009990613907575607
-1,1,1,1,-1,1,1,1,1,-1,-1,1,-1,1,1,1,1,1,1,-1,0.009990613907575607
-1,1,1,1,-1,1,1,1,1,-1,-1,1,1,-1,-1,1,1,1,-1,1,0.009990613907575607
-1,1,1,1,-1,1,1,1,1,-1,-1,1,1,1,-1,1,1,1,1,-1,0.009990613907575607
-1,1,1,1,-1,1,1,1,1,-1,1,-1,-1,1,-1,-1,1,1,1,1,0.009990613907575607
-1,1,1,1,-1,1,1,1,1,-1,1,-1,-1,1,-1,1,1,1,-1,1,0.009990613907575607
-1,1,1,1,-1,1,1,1,1,-1,1,-1,-1,1,1,-1,-1,-1,1,1,0.009990613907575607
-1,1,1,1,-1,1,1,1,1,-1,1,1,1,-1,1,1,1,-1,1,1,0.009990613907575607
-1,1,1,1,-1,1,1,1,1,-1,1,1,1,1,1,1,-1,1,-1,-1,0.009990613907575607
-1,1,1,1,-1,1,1,1,1,1,-1,-1,-1,-1,1,1,1,-1,1,-1,0.009990613907575607
-1,1,1,1,-1,1,1,1,1,1,-1,-1,-1,1,1,1,1,-1,-1,-1,0.009990613907575607
-1,1,1,1,-1,1,1,1,1,1,-1,1,-1,-1,1,-1,-1,1,1,1,0.009990613907575607
-1,1,1,1,-1,1,1,1,1,1,-1,1,-1,1,-1,1,1,-1,1,-1,0.009990613907575607
-1,1,1,1,-1,1,1,1,1,1,-1,1,1,-1,1,1,1,1,1,-1,0.009990613907575607
-1,1,1,1,-1,1,1,1,1,1,1,-1,-1,-1,-1,1,-1,-1,1,-1,0.009990613907575607
-1,1,1,1,-1,1,1,1,1,1,1,-1,1,1,-1,1,-1,1,-1,1,0.009990613907575607
-1,1,1,1,-1,1,1,1,1,1,1,-1,1,1,1,-1,-1,-1,-1,1,0.009990613907575607
-1,1,1,1,-1,1,1,1,1,1,1,1,-1,-1,1,-1,1,-1,1,-1,0.009990613907575607
-1,1,1,1,-1,1,1,1,1,1,1,1,1,-1,1,-1,-1,-1,1,-1,0.009990613907575607
-1,1,1,1,-1,1,1,1,1,1,1,1,1,1,-1,1,-1,-1,1,-1,0.009990613907575607
-1,1,1,1,1,-1,-1,-1,-1,-1,-1,-1,1,-1,1,-1,-1,-1,1,-1,0.009990613907575607
-1,1,1,1,1,-1,-1,-1,-1,-1,-1,-1,1,-1,1,1,-1,1,1,1,0.009990613907575607
-1,1,1,1,1,-1,-1,-1,-1,-1,-1,-1,1,1,1,1,-1,1,1,1,0.009990613907575607
-1,1,1,1,1,-1,-1,-1,-1,-1,-1,1,-1,1,1,-1,1,1,1,1,0.009990613907575607
-1,1,1,1,1,-1,-1,-1,-1,-1,-1,1,-1,1,1,1,-1,1,-1,1,0.009990613907575607
-1,1,1,1,1,-1,-1,-1,-1,-1,-1,1,1,1,-1,-1,-1,-1,-1,1,0.009990613907575607
-1,1,1,1,1,-1,-1,-1,-1,-1,1,-1,-1,1,1,-1,1,1,1,-1,0.009990613907575607
-1,1,1,1,1,-1,-1,-1,-1,-1,1,-1,1,1,1,-1,-1,-1,-1,-1,0.009990613907575607
-1,1,1,1,1,-1,-1,-1,-1,-1,1,1,1,-1,-1,1,1,-1,1,-1,0.009990613907575607
-1,1,1,1,1,-1,-1,-1,-1,1,-1,-1,-1,-1,-1,1,1,-1,-1,1,0.009990613907575607
-1,1,1,1,1,-1,-1,-1,-1,1,-1,-1,1,-1,1,1,1,1,-1,-1,0.009990613907575607
-1,1,1,1,1,-1,-1,-1,-1,1,-1,-1,1,1,-1,-1,-1,1,1,1,0.009990613907575607
-1,1,1,1,1,-1,-1,-1,-1,1,-1,-1,1,1,-1,1,-1,1,1,-1,0.009990613907575607
-1,1,1,1,1,-1,-1,-1,-1,1,-1,1,-1,-1,-1,-1,-1,-1,1,-1,0.009990613907575607
-1,1,1,1,1,-1,-1,-1,-1,1,1,-1,-1,-1,1,1,-1,1,-1,1,0.009990613907575607
-1,1,1,1,1,-1,-1,-1,-1,1,1,-1,1,1,1,1,-1,1,1,-1,0.009990613907575607
-1,1,1,1,1,-1,-1,-1,-1,1,1,1,-1,1,-1,-1,1,1,-1,1,0.009990613907575607
-1,1,1,1,1,-1,-1,-1,1,-1,-1,-1,-1,-1,1,1,-1,1,1,-1,0.009990613907575607
-1,1,1,1,1,-1,-1,-1,1,-1,-1,-1,1,-1,1,-1,1,-1,-1,1,0.009990613907575607
-1,1,1,1,1,-1,-1,-1,1,-1,-1,-1,1,1,1,-1,1,-1,-1,1,0.009990613907575607
-1,1,1,1,1,-1,-1,-1,1,-1,-1,1,-1,-1,-1,-1,-1,1,1,-1,0.009990613907575607
-1,1,1,1,1,-1,-1,-1,1,-1,1,-1,-1,1,-1,1,-1,-1,1,1,0.009990613907575607
-1,1,1,1,1,-1,-1,-1,1,-1,1,-1,-1,1,1,-1,1,1,1,1,0.009990613907575607
-1,1,1,1,1,-1,-1,-1,1,-1,1,-1,1,1,1,1,-1,-1,1,1,0.009990613907575607
-1,1,1,1,1,-1,-1,-1,1,-1,1,1,1,-1,-1,1,1,1,-1,-1,0.009990613907575607
-1,1,1,1,1,-1,-1,-1,1,-1,1,1,1,-1,1,1,1,1,-1,-1,0.009990613907575607
-1,1,1,1,1,-1,-1,-1,1,1,-1,-1,-1,-1,-1,-1,-1,1,1,1,0.009990613907575607
-1,1,1,1,1,-1,-1,-1,1,1,-1,-1,-1,-1,1,-1,1,-1,1,-1,0.009990613907575607
-1,1,1,1,1,-1,-1,-1,1,1,-1,-1,-1,1,1,1,1,1,1,-1,0.009990613907575607
-1,1,1,1,1,-1,-1,-1,1,1,-1,-1,1,1,-1,1,1,-1,-1,1,0.009990613907575607
-1,1,1,1,1,-1,-1,-1,1,1,-1,1,-1,-1,-1,-1,1,-1,-1,1,0.009990613907575607
-1,1,1,1,1,-1,-1,-1,1,1,-1,1,1,-1,1,-1,-1,1,1,-1,0.009990613907575607
-1,1,1,1,1,-1,-1,-1,1,1,-1,1,1,-1,1,-1,1,1,1,-1,0.009990613907575607
-1,1,1,1,1,-1,-1,-1,1,1,1,-1,1,-1,-1,1,1,1,-1,1,0.009990613907575607
-1,1,1,1,1,-1,-1,-1,1,1,1,-1,1,1,-1,-1,1,-1,-1,-1,0.009990613907575607
-1,1,1,1,1,-1,-1,-1,1,1,1,-1,1,1,1,1,-1,1,1,-1,0.009990613907575607
-1,1,1,1,1,-1,-1,-1,1,1,1,-1,1,1,1,1,1,1,-1,1,0.009990613907575607
-1,1,1,1,1,-1,-1,-1,1,1,1,1,1,1,1,-1,1,-1,-1,-1,0.009990613907575607
-1,1,1,1,1,-1,-1,1,-1,-1,-1,-1,-1,1,-1,-1,1,-1,-1,-1,0.009990613907575607
-1,1,1,1,1,-1,-1,1,-1,-1,-1,-1,1,-1,-1,1,1,1,-1,1,0.009990613907575607
-1,1,1,1,1,-1,-1,1,-1,-1,-1,-1,1,1,1,1,-1,-1,1,-1,0.009990613907575607
-1,1,1,1,1,-1,-1,1,-1,-1,-1,1,-1,-1,1,1,-1,-1,1,-1,0.009990613907575607
-1,1,1,1,1,-1,-1,1,-1,-1,-1,1,1,-1,-1,1,1,-1,-1,1,0.009990613907575607
-1,1,1,1,1,-1,-1,1,-1,-1,1,-1,1,-1,1,-1,1,-1,1,-1,0.009990613907575607
-1,1,1,1,1,-1,-1,1,-1,-1,1,-1,1,-1,1,-1,1,-1,1,1,0.009990613907575607
-1,1,1,1,1,-1,-1,1,-1,-1,1,-1,1,1,-1,-1,-1,-1,1,-1,0.009990613907575607
-1,1,1,1,1,-1,-1,1,-1,-1,1,1,-1,-1,-1,1,-1,1,1,1,0.009990613907575607
-1,1,1,1,1,-1,-1,1,-1,-1,1,1,-1,1,1,1,-1,-1,-1,-1,0.009990613907575607
-1,1,1,1,1,-1,-1,1,-1,-1,1,1,1,-1,-1,1,1,1,1,-1,0.009990613907575607
-1,1,1,1,1,-1,-1,1,-1,-1,1,1,1,1,-1,-1,1,1,1,1,0.009990613907575607
-1,1,1,1,1,-1,-1,1,-1,1,-1,-1,-1,1,1,-1,1,-1,1,-1,0.009990613907575607
-1,1,1,1,1,-1,-1,1,-1,1,-1,-1,-1,1,1,1,1,1,-1,1,0.009990613907575607
-1,1,1,1,1,-1,-1,1,-1,1,-1,-1,1,1,1,1,1,-1,1,-1,0.009990613907575607
-1,1,1,1,1,-1,-1,1,-1,1,-1,1,-1,-1,-1,-1,-1,-1,1,-1,0.009990613907575607
-1,1,1,1,1,-1,-1,1,-1,1,-1,1,-1,1,1,-1,1,-1,1,-1,0.009990613907575607
-1,1,1,1,1,-1,-1,1,-1,1,-1,1,1,1,1,-1,-1,1,1,1,0.009990613907575607
-1,1,1,1,1,-1,-1,1,-1,1,-1,1,1,1,1,-1,1,-1,1,-1,0.009990613907575607
-1,1,1,1,1,-1,-1,1,-1,1,-1,1,1,1,1,1,-1,-1,-1,-1,0.009990613907575607
-1,1,1,1,1,-1,-1,1,-1,1,-1,1,1,1,1,1,-1,1,1,-1,0.009990613907575607
-1,1,1,1,1,-1,-1,1,-1,1,1,-1,-1,1,-1,-1,-1,1,1,1,0.009990613907575607
-1,1,1,1,1,-1,-1,1,-1,1,1,-1,-1,1,-1,1,-1,1,1,1,0.009990613907575607
-1,1,1,1,1,-1,-1,1,-1,1,1,-1,1,-1,-1,-1,-1,1,-1,1,0.009990613907575607
-1,1,1,1,1,-1,-1,1,-1,1,1,-1,1,-1,1,-1,1,-1,1,1,0.009990613907575607
-1,1,1,1,1,-1,-1,1,-1,1,1,1,-1,-1,-1,1,-1,1,-1,1,0.009990613907575607
-1,1,1,1,1,-1,-1,1,-1,1,1,1,1,1,1,1,1,-1,-1,-1,0.009990613907575607
-1,1,1,1,1,-1,-1,1,1,-1,-1,-1,-1,1,-1,-1,1,-1,-1,1,0.009990613907575607
-1,1,1,1,1,-1,-1,1,1,-1,-1,1,-1,-1,1,-1,1,-1,-1,-1,0.009990613907575607
-1,1,1,1,1,-1,-1,1,1,-1,-1,1,-1,-1,1,-1,1,1,-1,-1,0.009990613907575607
-1,1,1,1,1,-1,-1,1,1,-1,-1,1,1,-1,-1,-1,-1,1,-1,1,0.009990613907575607
-1,1,1,1,1,-1,-1,1,1,-1,1,-1,1,1,1,-1,-1,1,-1,1,0.009990613907575607
-1,1,1,1,1,-1,-1,1,1,-1,1,1,-1,-1,-1,1,1,1,-1,1,0.009990613907575607
-1,1,1,1,1,-1,-1,1,1,-1,1,1,1,-1,-1,-1,-1,1,1,-1,0.009990613907575607
-1,1,1,1,1,-1,-1,1,1,1,-1,-1,-1,1,1,-1,1,1,-1,1,0.009990613907575607
-1,1,1,1,1,-1,-1,1,1,1,-1,1,-1,-1,1,1,-1,1,1,-1,0.009990613907575607
-1,1,1,1,1,-1,-1,1,1,1,-1,1,1,1,-1,-1,-1,1,1,1,0.009990613907575607
-1,1,1,1,1,-1,-1,1,1,1,1,-1,-1,-1,1,-1,-1,-1,-1,-1,0.009990613907575607
-1,1,1,1,1,-1,-1,1,1,1,1,-1,1,1,-1,-1,-1,-1,1,-1,0.009990613907575607
-1,1,1,1,1,-1,-1,1,1,1,1,1,-1,-1,-1,-1,1,-1,1,-1,0.009990613907575607
-1,1,1,1,1,-1,-1,1,1,1,1,1,-1,-1,-1,1,-1,-1,-1,1,0.009990613907575607
-1,1,1,1,1,-1,-1,1,1,1,1,1,-1,1,-1,-1,-1,-1,-1,1,0.009990613907575607
-1,1,1,1,1,-1,-1,1,1,1,1,1,1,-1,1,-1,-1,-1,-1,-1,0.009990613907575607
-1,1,1,1,1,-1,1,-1,-1,-1,-1,-1,-1,-1,-1,-1,1,-1,1,-1,0.009990613907575607
-1,1,1,1,1,-1,1,-1,-1,-1,-1,1,-1,1,1,-1,1,-1,-1,-1,0.009990613907575607
-1,1,1,1,1,-1,1,-1,-1,-1,1,-1,-1,1,1,-1,-1,1,1,1,0.009990613907575607
-1,1,1,1,1,-1,1,-1,-1,-1,1,-1,-1,1,1,1,1,-1,-1,1,0.009990613907575607
-1,1,1,1,1,-1,1,-1,-1,-1,1,1,1,-1,1,-1,1,1,1,-1,0.009990613907575607
-1,1,1,1,1,-1,1,-1,-1,-1,1,1,1,1,-1,-1,-1,-1,1,-1,0.009990613907575607
-1,1,1,1,1,-1,1,-1,-1,-1,1,1,1,1,-1,1,-1,-1,-1,1,0.009990613907575607
-1,1,1,1,1,-1,1,-1,-1,-1,1,1,1,1,1,1,1,-1,1,1,0.009990613907575607
-1,1,1,1,1,-1,1,-1,-1,1,-1,-1,-1,-1,1,-1,-1,1,-1,1,0.009990613907575607
-1,1,1,1,1,-1,1,-1,-1,1,-1,-1,-1,-1,1,-1,-1,1,1,-1,0.009990613907575607
-1,1,1,1,1,-1,1,-1,-1,1,-1,-1,-1,1,-1,-1,1,-1,-1,-1,0.009990613907575607
-1,1,1,1,1,-1,1,-1,-1,1,-1,-1,-1,1,1,-1,1,-1,1,-1,0.009990613907575607
-1,1,1,1,1,-1,1,-1,-1,1,-1,-1,1,-1,1,1,-1,1,1,1,0.009990613907575607
-1,1,1,1,1,-1,1,-1,-1,1,-1,1,1,-1,1,-1,1,1,1,1,0.009990613907575607
-1,1,1,1,1,-1,1,-1,-1,1,-1,1,1,1,-1,-1,1,-1,-1,-1,0.009990613907575607
-1,1,1,1,1,-1,1,-1,-1,1,1,-1,-1,-1,1,-1,1,1,1,-1,0.009990613907575607
-1,1,1,1,1,-1,1,-1,-1,1,1,-1,-1,1,-1,1,1,1,-1,1,0.009990613907575607
-1,1,1,1,1,-1,1,-1,-1,1,1,-1,1,1,1,-1,-1,1,1,-1,0.009990613907575607
-1,1,1,1,1,-1,1,-1,-1,1,1,-1,1,1,1,1,-1,1,1,1,0.009990613907575607
-1,1,1,1,1,-1,1,-1,-1,1,1,1,-1,-1,1,-1,-1,-1,-1,-1,0.009990613907575607
-1,1,1,1,1,-1,1,-1,-1,1,1,1,1,1,-1,1,-1,-1,1,1,0.009990613907575607
-1,1,1,1,1,-1,1,-1,-1,1,1,1,1,1,1,1,-1,1,-1,-1,0.009990613907575607
-1,1,1,1,1,-1,1,-1,-1,1,1,1,1,1,1,1,-1,1,1,-1,0.009990613907575607
-1,1,1,1,1,-1,1,-1,1,-1,-1,1,1,1,-1,-1,-1,1,-1,1,0.009990613907575607
-1,1,1,1,1,-1,1,-1,1,-1,1,-1,1,-1,1,1,-1,-1,-1,-1,0.009990613907575607
-1,1,1,1,1,-1,1,-1,1,-1,1,1,1,-1,-1,1,-1,-1,-1,1,0.009990613907575607
-1,1,1,1,1,-1,1,-1,1,-1,1,1,1,1,-1,-1,-1,-1,-1,-1,0.009990613907575607
-1,1,1,1,1,-1,1,-1,1,1,-1,-1,-1,-1,-1,1,-1,1,1,-1,0.009990613907575607
-1,1,1,1,1,-1,1,-1,1,1,-1,-1,1,1,-1,-1,-1,-1,1,-1,0.009990613907575607
-1,1,1,1,1,-1,1,-1,1,1,-1,1,1,-1,-1,-1,1,1,1,-1,0.009990613907575607
-1,1,1,1,1,-1,1,-1,1,1,-1,1,1,-1,1,-1,-1,-1,1,-1,0.009990613907575607
-1,1,1,1,1,-1,1,-1,1,1,-1,1,1,-1,1,-1,-1,-1,1,1,0.009990613907575607
-1,1,1,1,1,-1,1,-1,1,1,1,-1,-1,-1,-1,-1,-1,-1,-1,1,0.009990613907575607
-1,1,1,1,1,-1,1,-1,1,1,1,-1,-1,-1,-1,-1,1,1,1,-1,0.009990613907575607
-1,1,1,1,1,-1,1,-1,1,1,1,-1,-1,1,1,-1,1,-1,-1,1,0.009990613907575607
-1,1,1,1,1,-1,1,-1,1,1,1,-1,1,1,1,-1,-1,1,1,1,0.009990613907575607
-1,1,1,1,1,-1,1,-1,1,1,1,1,-1,-1,-1,1,1,-1,1,-1,0.009990613907575607
-1,1,1,1,1,-1,1,-1,1,1,1,1,1,1,-1,1,-1,-1,1,-1,0.009990613907575607
-1,1,1,1,1,-1,1,1,-1,-1,-1,1,-1,-1,1,-1,-1,-1,1,-1,0.009990613907575607
-1,1,1,1,1,-1,1,1,-1,-1,-1,1,-1,1,1,1,1,-1,-1,-1,0.009990613907575607
-1,1,1,1,1,-1,1,1,-1,-1,-1,1,1,-1,1,-1,-1,1,-1,-1,0.009990613907575607
-1,1,1,1,1,-1,1,1,-1,-1,1,-1,-1,-1,-1,-1,-1,1,1,-1,0.009990613907575607
-1,1,1,1,1,-1,1,1,-1,-1,1,-1,-1,1,-1,-1,-1,1,1,1,0.009990613907575607
-1,1,1,1,1,-1,1,1,-1,-1,1,-1,1,-1,-1,-1,1,1,1,1,0.009990613907575607
-1,1,1,1,1,-1,1,1,-1,-1,1,-1,1,1,-1,-1,1,1,-1,1,0.009990613907575607
-1,1,1,1,1,-1,1,1,-1,-1,1,1,-1,-1,1,1,-1,-1,-1,-1,0.009990613907575607
-1,1,1,1,1,-1,1,1,-1,-1,1,1,-1,1,-1,1,1,-1,-1,1,0.009990613907575607
-1,1,1,1,1,-1,1,1,-1,1,-1,-1,-1,-1,-1,1,1,1,1,-1,0.009990613907575607
-1,1,1,1,1,-1,1,1,-1,1,-1,-1,1,-1,1,1,-1,-1,1,-1,0.009990613907575607
-1,1,1,1,1,-1,1,1,-1,1,-1,-1,1,1,-1,1,-1,-1,-1,1,0.009990613907575607
-1,1,1,1,1,-1,1,1,-1,1,-1,1,1,1,-1,-1,-1,-1,-1,-1,0.009990613907575607
-1,1,1,1,1,-1,1,1,-1,1,1,-1,-1,-1,1,1,-1,1,-1,1,0.009990613907575607
-1,1,1,1,1,-1,1,1,-1,1,1,-1,-1,-1,1,1,1,-1,-1,-1,0.009990613907575607
-1,1,1,1,1,-1,1,1,1,-1,-1,-1,1,1,-1,1,1,1,-1,1,0.009990613907575607
-1,1,1,1,1,-1,1,1,1,-1,-1,-1,1,1,-1,1,1,1,1,-1,0.009990613907575607
-1,1,1,1,1,-1,1,1,1,-1,-1,1,-1,-1,-1,-1,1,-1,-1,1,0.009990613907575607
-1,1,1,1,1,-1,1,1,1,-1,-1,1,-1,-1,1,1,1,-1,1,1,0.009990613907575607
-1,1,1,1,1,-1,1,1,1,-1,-1,1,1,1,1,-1,-1,-1,1,1,0.009990613907575607
-1,1,1,1,1,-1,1,1,1,-1,1,-1,-1,-1,-1,1,-1,-1,1,-1,0.009990613907575607
-1,1,1,1,1,-1,1,1,1,-1,1,-1,-1,-1,1,1,1,1,1,-1,0.009990613907575607
-1,1,1,1,1,-1,1,1,1,-1,1,1,1,-1,-1,1,-1,1,1,1,0.009990613907575607
-1,1,1,1,1,-1,1,1,1,1,-1,-1,-1,-1,1,1,-1,1,-1,1,0.009990613907575607
-1,1,1,1,1,-1,1,1,1,1,-1,1,-1,-1,-1,-1,-1,-1,1,-1,0.009990613907575607
-1,1,1,1,1,-1,1,1,1,1,-1,1,-1,1,-1,-1,1,1,1,-1,0.009990613907575607
-1,1,1,1,1,-1,1,1,1,1,-1,1,1,1,-1,-1,1,-1,-1,-1,0.009990613907575607
-1,1,1,1,1,-1,1,1,1,1,-1,1,1,1,1,-1,-1,-1,-1,-1,0.009990613907575607
-1,1,1,1,1,-1,1,1,1,1,1,-1,-1,-1,1,-1,-1,-1,1,1,0.009990613907575607
-1,1,1,1,1,-1,1,1,1,1,1,-1,-1,1,1,1,-1,-1,-1,-1,0.009990613907575607
-1,1,1,1,1,-1,1,1,1,1,1,-1,1,-1,1,-1,-1,1,1,1,0.009990613907575607
-1,1,1,1,1,-1,1,1,1,1,1,-1,1,1,-1,1,-1,1,-1,-1,0.009990613907575607
-1,1,1,1,1,-1,1,1,1,1,1,1,-1,-1,1,-1,-1,1,-1,1,0.009990613907575607
-1,1,1,1,1,-1,1,1,1,1,1,1,-1,1,1,1,-1,1,1,1,0.009990613907575607
-1,1,1,1,1,-1,1,1,1,1,1,1,1,-1,-1,-1,1,1,-1,-1,0.009990613907575607
-1,1,1,1,1,1,-1,-1,-1,-1,-1,-1,-1,-1,1,1,1,-1,-1,1,0.009990613907575607
-1,1,1,1,1,1,-1,-1,-1,-1,-1,-1,-1,1,-1,1,-1,-1,1,1,0.009990613907575607
-1,1,1,1,1,1,-1,-1,-1,-1,-1,-1,1,-1,-1,1,-1,-1,1,1,0.009990613907575607
-1,1,1,1,1,1,-1,-1,-1,-1,-1,-1,1,-1,-1,1,1,-1,-1,-1,0.009990613907575607
-1,1,1,1,1,1,-1,-1,-1,-1,-1,1,-1,-1,-1,-1,-1,-1,-1,1,0.009990613907575607
-1,1,1,1,1,1,-1,-1,-1,-1,-1,1,-1,1,-1,-1,-1,1,1,1,0.009990613907575607
-1,1,1,1,1,1,-1,-1,-1,-1,1,-1,1,-1,-1,-1,1,-1,-1,1,0.009990613907575607
-1,1,1,1,1,1,-1,-1,-1,-1,1,-1,1,-1,-1,1,-1,-1,-1,-1,0.009990613907575607
-1,1,1,1,1,1,-1,-1,-1,1,-1,-1,-1,-1,1,1,-1,1,-1,-1,0.009990613907575607
-1,1,1,1,1,1,-1,-1,-1,1,-1,-1,1,-1,-1,-1,-1,-1,-1,-1,0.009990613907575607
-1,1,1,1,1,1,-1,-1,-1,1,-1,1,1,-1,-1,-1,-1,-1,-1,-1,0.009990613907575607
-1,1,1,1,1,1,-1,-1,-1,1,1,-1,-1,-1,1,-1,-1,-1,1,1,0.009990613907575607
-1,1,1,1,1,1,-1,-1,-1,1,1,-1,-1,1,1,1,1,1,-1,1,0.009990613907575607
-1,1,1,1,1,1,-1,-1,-1,1,1,-1,1,-1,1,-1,-1,1,-1,1,0.009990613907575607
-1,1,1,1,1,1,-1,-1,-1,1,1,-1,1,1,1,1,1,-1,-1,1,0.009990613907575607
-1,1,1,1,1,1,-1,-1,-1,1,1,1,-1,1,-1,1,-1,1,1,1,0.009990613907575607
-1,1,1,1,1,1,-1,-1,1,-1,-1,-1,-1,1,1,1,1,1,1,-1,0.009990613907575607
-1,1,1,1,1,1,-1,-1,1,-1,-1,-1,1,-1,1,-1,1,1,-1,-1,0.009990613907575607
-1,1,1,1,1,1,-1,-1,1,-1,-1,-1,1,1,-1,-1,-1,1,1,1,0.009990613907575607
-1,1,1,1,1,1,-1,-1,1,-1,1,-1,1,-1,1,1,-1,1,1,1,0.009990613907575607
-1,1,1,1,1,1,-1,-1,1,-1,1,-1,1,1,1,-1,1,-1,1,-1,0.009990613907575607
-1,1,1,1,1,1,-1,-1,1,-1,1,1,1,1,1,-1,1,1,-1,1,0.009990613907575607
-1,1,1,1,1,1,-1,-1,1,1,-1,-1,-1,-1,-1,1,-1,1,-1,-1,0.009990613907575607
-1,1,1,1,1,1,-1,-1,1,1,-1,-1,1,-1,1,1,-1,-1,-1,1,0.009990613907575607
-1,1,1,1,1,1,-1,-1,1,1,-1,1,-1,-1,-1,-1,1,1,-1,1,0.009990613907575607
-1,1,1,1,1,1,-1,-1,1,1,-1,1,-1,-1,1,1,-1,-1,1,-1,0.009990613907575607
-1,1,1,1,1,1,-1,-1,1,1,-1,1,1,-1,1,1,-1,1,-1,-1,0.009990613907575607
-1,1,1,1,1,1,-1,-1,1,1,1,1,-1,-1,-1,-1,1,1,1,-1,0.009990613907575607
-1,1,1,1,1,1,-1,-1,1,1,1,1,-1,-1,1,-1,1,-1,1,1,0.009990613907575607
-1,1,1,1,1,1,-1,-1,1,1,1,1,-1,1,-1,-1,-1,1,-1,1,0.009990613907575607
-1,1,1,1,1,1,-1,-1,1,1,1,1,1,-1,-1,1,-1,-1,1,1,0.009990613907575607
-1,1,1,1,1,1,-1,-1,1,1,1,1,1,1,-1,-1,1,1,-1,-1,0.009990613907575607
-1,1,1,1,1,1,-1,-1,1,1,1,1,1,1,-1,1,-1,-1,1,1,0.009990613907575607
-1,1,1,1,1,1,-1,1,-1,-1,-1,-1,-1,1,-1,-1,-1,-1,-1,1,0.009990613907575607
-1,1,1,1,1,1,-1,1,-1,-1,-1,-1,1,-1,1,1,-1,1,1,-1,0.009990613907575607
-1,1,1,1,1,1,-1,1,-1,-1,-1,-1,1,1,-1,-1,1,-1,-1,1,0.009990613907575607
-1,1,1,1,1,1,-1,1,-1,-1,-1,1,-1,-1,-1,1,1,1,1,1,0.009990613907575607
-1,1,1,1,1,1,-1,1,-1,-1,-1,1,1,-1,1,1,1,-1,-1,1,0.009990613907575607
-1,1,1,1,1,1,-1,1,-1,-1,-1,1,1,1,-1,-1,-1,-1,-1,1,0.009990613907575607
-1,1,1,1,1,1,-1,1,-1,-1,1,-1,-1,-1,1,-1,-1,1,-1,-1,0.009990613907575607
-1,1,1,1,1,1,-1,1,-1,-1,1,-1,1,1,-1,-1,1,-1,1,-1,0.009990613907575607
-1,1,1,1,1,1,-1,1,-1,-1,1,-1,1,1,1,-1,1,1,1,-1,0.009990613907575607
-1,1,1,1,1,1,-1,1,-1,-1,1,-1,1,1,1,1,-1,-1,-1,1,0.009990613907575607
-1,1,1,1,1,1,-1,1,-1,-1,1,1,-1,1,1,1,-1,1,-1,1,0.009990613907575607
-1,1,1,1,1,1,-1,1,-1,-1,1,1,1,-1,-1,1,1,1,-1,1,0.009990613907575607
-1,1,1,1,1,1,-1,1,-1,-1,1,1,1,-1,-1,1,1,1,1,1,0.009990613907575607
-1,1,1,1,1,1,-1,1,-1,1,-1,-1,-1,-1,-1,-1,1,1,1,1,0.009990613907575607
-1,1,1,1,1,1,-1,1,-1,1,-1,-1,1,-1,-1,-1,1,-1,-1,-1,0.009990613907575607
-1,1,1,1,1,1,-1,1,-1,1,-1,-1,1,1,-1,-1,-1,1,-1,-1,0.009990613907575607
-1,1,1,1,1,1,-1,1,-1,1,-1,1,1,1,-1,1,-1,-1,1,1,0.009990613907575607
-1,1,1,1,1,1,-1,1,-1,1,-1,1,1,1,1,1,1,1,-1,-1,0.009990613907575607
-1,1,1,1,1,1,-1,1,-1,1,1,-1,-1,-1,-1,-1,-1,1,-1,-1,0.009990613907575607
-1,1,1,1,1,1,-1,1,-1,1,1,-1,-1,1,1,-1,1,1,-1,-1,0.009990613907575607
-1,1,1,1,1,1,-1,1,-1,1,1,-1,1,-1,-1,1,1,1,-1,-1,0.009990613907575607
-1,1,1,1,1,1,-1,1,-1,1,1,1,-1,-1,-1,1,1,-1,-1,1,0.009990613907575607
-1,1,1,1,1,1,-1,1,1,-1,-1,-1,-1,1,-1,-1,-1,-1,-1,-1,0.009990613907575607
-1,1,1,1,1,1,-1,1,1,-1,-1,-1,1,-1,-1,-1,-1,1,1,1,0.009990613907575607
-1,1,1,1,1,1,-1,1,1,-1,-1,1,1,-1,-1,1,1,1,1,-1,0.009990613907575607
-1,1,1,1,1,1,-1,1,1,-1,-1,1,1,-1,1,-1,1,1,1,-1,0.009990613907575607
-1,1,1,1,1,1,-1,1,1,-1,1,-1,-1,-1,-1,1,-1,1,-1,-1,0.009990613907575607
-1,1,1,1,1,1,-1,1,1,-1,1,1,-1,-1,1,-1,1,-1,-1,-1,0.009990613907575607
-1,1,1,1,1,1,-1,1,1,-1,1,1,-1,1,-1,-1,-1,-1,-1,1,0.009990613907575607
-1,1,1,1,1,1,-1,1,1,-1,1,1,-1,1,1,-1,-1,-1,1,1,0.009990613907575607
-1,1,1,1,1,1,-1,1,1,-1,1,1,1,1,-1,1,-1,-1,-1,1,0.009990613907575607
-1,1,1,1,1,1,-1,1,1,-1,1,1,1,1,1,-1,1,-1,-1,1,0.009990613907575607
-1,1,1,1,1,1,-1,1,1,-1,1,1,1,1,1,1,-1,1,-1,-1,0.009990613907575607
-1,1,1,1,1,1,-1,1,1,1,-1,1,1,1,-1,1,-1,1,-1,-1,0.009990613907575607
-1,1,1,1,1,1,-1,1,1,1,1,1,-1,1,1,-1,1,1,1,-1,0.009990613907575607
-1,1,1,1,1,1,-1,1,1,1,1,1,1,-1,1,1,-1,-1,1,-1,0.009990613907575607
-1,1,1,1,1,1,-1,1,1,1,1,1,1,1,-1,1,-1,1,-1,-1,0.009990613907575607
-1,1,1,1,1,1,-1,1,1,1,1,1,1,1,1,-1,1,1,-1,1,0.009990613907575607
-1,1,1,1,1,1,1,-1,-1,-1,-1,-1,-1,1,1,-1,1,1,1,1,0.009990613907575607
-1,1,1,1,1,1,1,-1,-1,-1,-1,1,-1,-1,-1,-1,-1,-1,-1,-1,0.009990613907575607
-1,1,1,1,1,1,1,-1,-1,-1,-1,1,-1,-1,-1,-1,1,1,1,1,0.009990613907575607
-1,1,1,1,1,1,1,-1,-1,-1,-1,1,1,1,1,-1,-1,-1,1,1,0.009990613907575607
-1,1,1,1,1,1,1,-1,-1,-1,1,-1,-1,-1,1,-1,1,1,-1,1,0.009990613907575607
-1,1,1,1,1,1,1,-1,-1,-1,1,-1,-1,1,1,-1,-1,1,1,-1,0.009990613907575607
-1,1,1,1,1,1,1,-1,-1,-1,1,-1,1,1,-1,-1,-1,-1,1,1,0.009990613907575607
-1,1,1,1,1,1,1,-1,-1,-1,1,1,-1,-1,-1,1,1,-1,1,-1,0.009990613907575607
-1,1,1,1,1,1,1,-1,-1,-1,1,1,-1,1,-1,1,1,-1,1,1,0.009990613907575607
-1,1,1,1,1,1,1,-1,-1,-1,1,1,1,1,-1,-1,1,-1,1,1,0.009990613907575607
-1,1,1,1,1,1,1,-1,-1,-1,1,1,1,1,1,1,-1,-1,1,-1,0.009990613907575607
-1,1,1,1,1,1,1,-1,-1,-1,1,1,1,1,1,1,1,-1,1,-1,0.009990613907575607
-1,1,1,1,1,1,1,-1,-1,1,-1,-1,1,1,1,1,1,1,1,1,0.009990613907575607
-1,1,1,1,1,1,1,-1,-1,1,-1,1,-1,-1,-1,1,1,-1,-1,-1,0.009990613907575607
-1,1,1,1,1,1,1,-1,-1,1,-1,1,1,1,-1,-1,-1,-1,1,-1,0.009990613907575607
-1,1,1,1,1,1,1,-1,-1,1,-1,1,1,1,-1,-1,-1,1,1,-1,0.009990613907575607
-1,1,1,1,1,1,1,-1,-1,1,1,1,1,1,1,-1,-1,-1,-1,-1,0.009990613907575607
-1,1,1,1,1,1,1,-1,1,-1,-1,-1,-1,-1,1,-1,-1,-1,1,1,0.009990613907575607
-1,1,1,1,1,1,1,-1,1,-1,-1,1,1,1,1,1,-1,-1,-1,-1,0.009990613907575607
-1,1,1,1,1,1,1,-1,1,-1,1,-1,-1,-1,1,-1,1,-1,1,1,0.009990613907575607
-1,1,1,1,1,1,1,-1,1,-1,1,-1,-1,1,-1,1,-1,-1,1,-1,0.009990613907575607
-1,1,1,1,1,1,1,-1,1,-1,1,-1,-1,1,1,-1,1,1,-1,-1,0.009990613907575607
-1,1,1,1,1,1,1,-1,1,-1,1,1,1,-1,-1,-1,1,-1,1,1,0.009990613907575607
-1,1,1,1,1,1,1,-1,1,-1,1,1,1,-1,-1,-1,1,1,1,-1,0.009990613907575607
-1,1,1,1,1,1,1,-1,1,1,-1,1,-1,-1,-1,1,1,1,1,1,0.009990613907575607
-1,1,1,1,1,1,1,-1,1,1,-1,1,-1,1,1,1,-1,1,1,1,0.009990613907575607
-1,1,1,1,1,1,1,-1,1,1,-1,1,1,-1,-1,-1,-1,-1,-1,1,0.009990613907575607
-1,1,1,1,1,1,1,-1,1,1,-1,1,1,-1,-1,1,-1,1,1,-1,0.009990613907575607
-1,1,1,1,1,1,1,-1,1,1,-1,1,1,-1,-1,1,1,-1,1,1,0.009990613907575607
-1,1,1,1,1,1,1,-1,1,1,-1,1,1,-1,1,-1,-1,1,1,-1,0.009990613907575607
-1,1,1,1,1,1,1,-1,1,1,1,-1,-1,-1,-1,-1,1,1,-1,-1,0.009990613907575607
-1,1,1,1,1,1,1,-1,1,1,1,-1,-1,-1,1,-1,-1,-1,1,-1,0.009990613907575607
-1,1,1,1,1,1,1,-1,1,1,1,-1,-1,1,-1,1,1,1,1,-1,0.009990613907575607
-1,1,1,1,1,1,1,-1,1,1,1,-1,1,-1,-1,-1,-1,1,1,1,0.009990613907575607
-1,1,1,1,1,1,1,-1,1,1,1,-1,1,-1,-1,1,1,1,1,-1,0.009990613907575607
-1,1,1,1,1,1,1,-1,1,1,1,-1,1,-1,1,1,-1,-1,1,1,0.009990613907575607
-1,1,1,1,1,1,1,-1,1,1,1,-1,1,1,-1,-1,1,1,1,-1,0.009990613907575607
-1,1,1,1,1,1,1,-1,1,1,1,1,-1,-1,-1,-1,-1,-1,1,1,0.009990613907575607
-1,1,1,1,1,1,1,-1,1,1,1,1,-1,-1,1,1,1,1,-1,-1,0.009990613907575607
-1,1,1,1,1,1,1,1,-1,-1,-1,-1,-1,1,1,-1,-1,-1,-1,1,0.009990613907575607
-1,1,1,1,1,1,1,1,-1,-1,-1,-1,-1,1,1,-1,1,1,1,1,0.009990613907575607
-1,1,1,1,1,1,1,1,-1,-1,-1,1,-1,-1,-1,1,1,-1,1,-1,0.009990613907575607
-1,1,1,1,1,1,1,1,-1,-1,-1,1,-1,1,-1,-1,-1,-1,-1,-1,0.009990613907575607
-1,1,1,1,1,1,1,1,-1,-1,-1,1,1,-1,1,-1,-1,1,-1,-1,0.009990613907575607
-1,1,1,1,1,1,1,1,-1,-1,1,-1,1,-1,-1,-1,1,-1,1,1,0.009990613907575607
-1,1,1,1,1,1,1,1,-1,-1,1,1,-1,-1,1,1,-1,1,1,-1,0.009990613907575607
-1,1,1,1,1,1,1,1,-1,-1,1,1,-1,1,1,1,-1,1,-1,-1,0.009990613907575607
-1,1,1,1,1,1,1,1,-1,-1,1,1,-1,1,1,1,-1,1,1,1,0.009990613907575607
-1,1,1,1,1,1,1,1,-1,-1,1,1,1,1,-1,1,-1,1,-1,1,0.009990613907575607
-1,1,1,1,1,1,1,1,-1,-1,1,1,1,1,1,1,-1,1,1,-1,0.009990613907575607
-1,1,1,1,1,1,1,1,-1,1,-1,-1,-1,-1,-1,1,-1,1,1,-1,0.009990613907575607
-1,1,1,1,1,1,1,1,-1,1,-1,-1,1,-1,-1,1,-1,-1,-1,-1,0.009990613907575607
-1,1,1,1,1,1,1,1,-1,1,-1,-1,1,1,1,1,1,-1,-1,-1,0.009990613907575607
-1,1,1,1,1,1,1,1,-1,1,-1,1,-1,1,-1,-1,1,-1,-1,-1,0.009990613907575607
-1,1,1,1,1,1,1,1,-1,1,-1,1,1,1,1,-1,1,1,-1,1,0.009990613907575607
-1,1,1,1,1,1,1,1,-1,1,-1,1,1,1,1,1,1,1,-1,1,0.009990613907575607
-1,1,1,1,1,1,1,1,-1,1,1,-1,-1,-1,1,-1,-1,1,1,1,0.009990613907575607
-1,1,1,1,1,1,1,1,-1,1,1,1,-1,-1,1,-1,1,1,1,-1,0.009990613907575607
-1,1,1,1,1,1,1,1,-1,1,1,1,-1,-1,1,1,-1,1,-1,1,0.009990613907575607
-1,1,1,1,1,1,1,1,-1,1,1,1,1,-1,-1,-1,1,-1,-1,-1,0.009990613907575607
-1,1,1,1,1,1,1,1,1,-1,-1,-1,-1,-1,-1,-1,-1,1,-1,-1,0.009990613907575607
-1,1,1,1,1,1,1,1,1,-1,-1,-1,-1,1,-1,1,-1,1,-1,1,0.009990613907575607
-1,1,1,1,1,1,1,1,1,-1,-1,1,1,1,1,1,-1,1,1,1,0.009990613907575607
-1,1,1,1,1,1,1,1,1,-1,1,-1,1,1,-1,-1,1,-1,-1,-1,0.009990613907575607
-1,1,1,1,1,1,1,1,1,-1,1,1,-1,-1,1,1,1,-1,-1,1,0.009990613907575607
-1,1,1,1,1,1,1,1,1,-1,1,1,1,-1,-1,-1,1,1,-1,-1,0.009990613907575607
-1,1,1,1,1,1,1,1,1,-1,1,1,1,-1,1,-1,-1,1,1,-1,0.009990613907575607
-1,1,1,1,1,1,1,1,1,-1,1,1,1,1,1,-1,-1,-1,1,1,0.009990613907575607
-1,1,1,1,1,1,1,1,1,1,-1,-1,1,-1,-1,1,1,-1,1,-1,0.009990613907575607
-1,1,1,1,1,1,1,1,1,1,-1,-1,1,1,-1,1,-1,1,-1,1,0.009990613907575607
-1,1,1,1,1,1,1,1,1,1,-1,-1,1,1,1,-1,1,-1,-1,1,0.009990613907575607
-1,1,1,1,1,1,1,1,1,1,1,-1,-1,-1,-1,1,-1,1,-1,1,0.009990613907575607
-1,1,1,1,1,1,1,1,1,1,1,-1,-1,-1,1,1,1,1,-1,1,0.009990613907575607
-1,1,1,1,1,1,1,1,1,1,1,-1,-1,1,-1,1,-1,-1,1,1,0.009990613907575607
-1,1,1,1,1,1,1,1,1,1,1,-1,1,-1,-1,1,-1,1,1,-1,0.009990613907575607
-1,1,1,1,1,1,1,1,1,1,1,-1,1,-1,-1,1,-1,1,1,1,0.009990613907575607
-1,1,1,1,1,1,1,1,1,1,1,-1,1,-1,1,-1,1,1,-1,1,0.009990613907575607
-1,1,1,1,1,1,1,1,1,1,1,-1,1,1,-1,-1,-1,-1,-1,-1,0.009990613907575607
-1,1,1,1,1,1,1,1,1,1,1,1,-1,1,1,1,-1,1,-1,1,0.009990613907575607
-1,1,1,1,1,1,1,1,1,1,1,1,1,-1,-1,-1,-1,-1,1,1,0.009990613907575607
-1,1,1,1,1,1,1,1,1,1,1,1,1,-1,-1,-1,1,-1,-1,1,0.009990613907575607
-1,1,1,1,1,1,1,1,1,1,1,1,1,-1,-1,1,1,-1,1,1,0.009990613907575607
-1,1,1,1,1,1,1,1,1,1,1,1,1,1,1,-1,-1,1,1,-1,0.009990613907575607
1,-1,-1,-1,-1,-1,-1,-1,-1,-1,-1,-1,1,1,1,-1,-1,-1,1,-1,0.009990613907575607
1,-1,-1,-1,-1,-1,-1,-1,-1,-1,-1,-1,1,1,1,-1,-1,1,-1,-1,0.009990613907575607
1,-1,-1,-1,-1,-1,-1,-1,-1,-1,-1,1,1,-1,-1,-1,-1,-1,-1,-1,0.009990613907575607
1,-1,-1,-1,-1,-1,-1,-1,-1,-1,-1,1,1,1,-1,-1,1,-1,-1,1,0.009990613907575607
1,-1,-1,-1,-1,-1,-1,-1,-1,-1,-1,1,1,1,1,-1,-1,-1,-1,-1,0.009990613907575607
1,-1,-1,-1,-1,-1,-1,-1,-1,-1,1,1,-1,-1,-1,-1,-1,1,1,1,0.009990613907575607
1,-1,-1,-1,-1,-1,-1,-1,-1,1,-1,-1,-1,1,-1,-1,-1,-1,1,1,0.009990613907575607
1,-1,-1,-1,-1,-1,-1,-1,-1,1,-1,-1,1,-1,1,-1,1,1,1,-1,0.009990613907575607
1,-1,-1,-1,-1,-1,-1,-1,-1,1,-1,1,-1,-1,1,-1,1,-1,-1,-1,0.009990613907575607
1,-1,-1,-1,-1,-1,-1,-1,-1,1,-1,1,-1,-1,1,1,-1,-1,-1,1,0.009990613907575607
1,-1,-1,-1,-1,-1,-1,-1,-1,1,-1,1,1,-1,-1,1,-1,-1,-1,1,0.009990613907575607
1,-1,-1,-1,-1,-1,-1,-1,-1,1,-1,1,1,1,-1,-1,1,-1,1,-1,0.009990613907575607
1,-1,-1,-1,-1,-1,-1,-1,-1,1,-1,1,1,1,-1,1,1,-1,-1,1,0.009990613907575607
1,-1,-1,-1,-1,-1,-1,-1,-1,1,1,1,-1,-1,1,-1,-1,-1,1,1,0.009990613907575607
1,-1,-1,-1,-1,-1,-1,-1,-1,1,1,1,-1,1,1,1,-1,-1,1,1,0.009990613907575607
1,-1,-1,-1,-1,-1,-1,-1,-1,1,1,1,1,1,1,-1,1,-1,-1,1,0.009990613907575607
1,-1,-1,-1,-1,-1,-1,-1,1,-1,-1,-1,-1,1,1,-1,-1,1,1,1,0.009990613907575607
1,-1,-1,-1,-1,-1,-1,-1,1,-1,-1,-1,1,-1,1,1,-1,-1,-1,1,0.009990613907575607
1,-1,-1,-1,-1,-1,-1,-1,1,-1,-1,1,1,-1,-1,1,-1,-1,1,1,0.009990613907575607
1,-1,-1,-1,-1,-1,-1,-1,1,-1,-1,1,1,-1,1,-1,-1,1,1,-1,0.009990613907575607
1,-1,-1,-1,-1,-1,-1,-1,1,-1,1,-1,1,1,-1,-1,-1,-1,-1,-1,0.009990613907575607
1,-1,-1,-1,-1,-1,-1,-1,1,-1,1,1,-1,-1,1,-1,1,-1,-1,-1,0.009990613907575607
1,-1,-1,-1,-1,-1,-1,-1,1,1,-1,-1,-1,-1,-1,1,1,-1,1,-1,0.009990613907575607
1,-1,-1,-1,-1,-1,-1,-1,1,1,-1,-1,-1,-1,1,1,-1,1,1,1,0.009990613907575607
1,-1,-1,-1,-1,-1,-1,-1,1,1,-1,-1,-1,1,-1,-1,-1,1,-1,1,0.009990613907575607
1,-1,-1,-1,-1,-1,-1,-1,1,1,-1,-1,1,-1,-1,1,1,1,1,-1,0.009990613907575607
1,-1,-1,-1,-1,-1,-1,-1,1,1,-1,1,-1,-1,-1,1,1,-1,-1,1,0.009990613907575607
1,-1,-1,-1,-1,-1,-1,-1,1,1,-1,1,1,1,-1,-1,-1,-1,-1,1,0.009990613907575607
1,-1,-1,-1,-1,-1,-1,-1,1,1,1,-1,-1,-1,1,-1,1,1,-1,1,0.009990613907575607
1,-1,-1,-1,-1,-1,-1,-1,1,1,1,-1,-1,1,-1,1,-1,1,-1,-1,0.009990613907575607
1,-1,-1,-1,-1,-1,-1,-1,1,1,1,-1,1,1,1,-1,1,1,-1,1,0.009990613907575607
1,-1,-1,-1,-1,-1,-1,1,-1,-1,-1,-1,-1,1,-1,-1,1,1,-1,-1,0.009990613907575607
1,-1,-1,-1,-1,-1,-1,1,-1,-1,-1,-1,1,-1,-1,-1,1,-1,1,1,0.009990613907575607
1,-1,-1,-1,-1,-1,-1,1,-1,-1,-1,1,-1,1,-1,-1,-1,1,1,1,0.009990613907575607
1,-1,-1,-1,-1,-1,-1,1,-1,-1,-1,1,1,1,-1,1,-1,-1,-1,-1,0.009990613907575607
1,-1,-1,-1,-1,-1,-1,1,-1,-1,-1,1,1,1,1,1,-1,1,-1,1,0.009990613907575607
1,-1,-1,-1,-1,-1,-1,1,-1,-1,1,-1,-1,-1,1,-1,1,1,1,-1,0.009990613907575607
1,-1,-1,-1,-1,-1,-1,1,-1,-1,1,-1,-1,-1,1,1,1,1,-1,-1,0.009990613907575607
1,-1,-1,-1,-1,-1,-1,1,-1,-1,1,-1,1,-1,1,1,1,1,-1,1,0.009990613907575607
1,-1,-1,-1,-1,-1,-1,1,-1,-1,1,1,-1,-1,-1,1,1,-1,1,-1,0.009990613907575607
1,-1,-1,-1,-1,-1,-1,1,-1,-1,1,1,-1,1,-1,1,-1,1,-1,1,0.009990613907575607
1,-1,-1,-1,-1,-1,-1,1,-1,-1,1,1,1,-1,1,1,1,-1,-1,1,0.009990613907575607
1,-1,-1,-1,-1,-1,-1,1,-1,1,-1,-1,-1,1,-1,-1,1,-1,-1,1,0.009990613907575607
1,-1,-1,-1,-1,-1,-1,1,-1,1,-1,-1,-1,1,-1,-1,1,-1,1,-1,0.009990613907575607
1,-1,-1,-1,-1,-1,-1,1,-1,1,-1,-1,1,-1,-1,1,-1,-1,-1,-1,0.009990613907575607
1,-1,-1,-1,-1,-1,-1,1,-1,1,-1,-1,1,-1,-1,1,1,1,1,-1,0.009990613907575607
1,-1,-1,-1,-1,-1,-1,1,-1,1,-1,1,-1,-1,-1,-1,-1,1,-1,1,0.009990613907575607
1,-1,-1,-1,-1,-1,-1,1,-1,1,-1,1,1,-1,-1,1,-1,1,-1,-1,0.009990613907575607
1,-1,-1,-1,-1,-1,-1,1,-1,1,-1,1,1,-1,1,-1,-1,-1,-1,1,0.009990613907575607
1,-1,-1,-1,-1,-1,-1,1,-1,1,-1,1,1,-1,1,-1,1,1,-1,1,0.009990613907575607
1,-1,-1,-1,-1,-1,-1,1,-1,1,-1,1,1,1,1,1,1,1,1,1,0.009990613907575607
1,-1,-1,-1,-1,-1,-1,1,-1,1,1,-1,-1,1,-1,1,-1,1,-1,-1,0.009990613907575607
1,-1,-1,-1,-1,-1,-1,1,-1,1,1,-1,1,-1,-1,-1,-1,1,1,1,0.009990613907575607
1,-1,-1,-1,-1,-1,-1,1,-1,1,1,-1,1,-1,1,-1,-1,1,-1,1,0.009990613907575607
1,-1,-1,-1,-1,-1,-1,1,-1,1,1,-1,1,1,-1,1,1,1,1,1,0.009990613907575607
1,-1,-1,-1,-1,-1,-1,1,-1,1,1,-1,1,1,1,1,-1,1,1,-1,0.009990613907575607
1,-1,-1,-1,-1,-1,-1,1,1,-1,-1,-1,-1,-1,-1,-1,-1,-1,-1,-1,0.009990613907575607
1,-1,-1,-1,-1,-1,-1,1,1,-1,-1,-1,1,-1,1,1,-1,-1,1,-1,0.009990613907575607
1,-1,-1,-1,-1,-1,-1,1,1,-1,-1,1,-1,1,-1,1,-1,-1,-1,-1,0.009990613907575607
1,-1,-1,-1,-1,-1,-1,1,1,-1,-1,1,-1,1,1,1,1,-1,-1,1,0.009990613907575607
1,-1,-1,-1,-1,-1,-1,1,1,-1,1,-1,-1,-1,1,-1,1,1,-1,-1,0.009990613907575607
1,-1,-1,-1,-1,-1,-1,1,1,-1,1,-1,-1,1,1,1,-1,1,1,1,0.009990613907575607
1,-1,-1,-1,-1,-1,-1,1,1,-1,1,-1,1,-1,1,1,-1,-1,1,-1,0.009990613907575607
1,-1,-1,-1,-1,-1,-1,1,1,-1,1,-1,1,1,1,-1,1,1,-1,-1,0.009990613907575607
1,-1,-1,-1,-1,-1,-1,1,1,-1,1,1,-1,-1,-1,-1,1,-1,-1,-1,0.009990613907575607
1,-1,-1,-1,-1,-1,-1,1,1,-1,1,1,-1,-1,1,-1,-1,1,1,-1,0.009990613907575607
1,-1,-1,-1,-1,-1,-1,1,1,-1,1,1,-1,-1,1,1,1,-1,-1,1,0.009990613907575607
1,-1,-1,-1,-1,-1,-1,1,1,-1,1,1,-1,1,-1,-1,1,-1,-1,-1,0.009990613907575607
1,-1,-1,-1,-1,-1,-1,1,1,-1,1,1,-1,1,1,1,-1,1,-1,-1,0.009990613907575607
1,-1,-1,-1,-1,-1,-1,1,1,-1,1,1,1,-1,1,-1,1,1,1,-1,0.009990613907575607
1,-1,-1,-1,-1,-1,-1,1,1,-1,1,1,1,1,1,-1,-1,-1,1,1,0.009990613907575607
1,-1,-1,-1,-1,-1,-1,1,1,1,-1,-1,-1,-1,-1,-1,1,1,-1,1,0.009990613907575607
1,-1,-1,-1,-1,-1,-1,1,1,1,-1,1,-1,1,-1,1,1,1,1,1,0.009990613907575607
1,-1,-1,-1,-1,-1,-1,1,1,1,-1,1,-1,1,1,-1,1,-1,-1,1,0.009990613907575607
1,-1,-1,-1,-1,-1,-1,1,1,1,-1,1,1,1,-1,-1,-1,-1,-1,1,0.009990613907575607
1,-1,-1,-1,-1,-1,-1,1,1,1,-1,1,1,1,-1,-1,-1,1,1,-1,0.009990613907575607
1,-1,-1,-1,-1,-1,-1,1,1,1,1,-1,-1,1,-1,-1,-1,-1,1,-1,0.009990613907575607
1,-1,-1,-1,-1,-1,-1,1,1,1,1,-1,1,-1,-1,-1,-1,-1,-1,1,0.009990613907575607
1,-1,-1,-1,-1,-1,-1,1,1,1,1,1,-1,-1,-1,-1,-1,1,-1,1,0.009990613907575607
1,-1,-1,-1,-1,-1,-1,1,1,1,1,1,-1,-1,-1,-1,1,-1,-1,1,0.009990613907575607
1,-1,-1,-1,-1,-1,-1,1,1,1,1,1,-1,-1,-1,1,-1,1,-1,1,0.009990613907575607
1,-1,-1,-1,-1,-1,-1,1,1,1,1,1,-1,-1,-1,1,1,1,-1,-1,0.009990613907575607
1,-1,-1,-1,-1,-1,1,-1,-1,-1,-1,-1,-1,-1,-1,1,1,1,-1,-1,0.009990613907575607
1,-1,-1,-1,-1,-1,1,-1,-1,-1,-1,-1,1,1,1,-1,-1,1,1,1,0.009990613907575607
1,-1,-1,-1,-1,-1,1,-1,-1,-1,-1,1,-1,-1,1,1,1,1,-1,-1,0.009990613907575607
1,-1,-1,-1,-1,-1,1,-1,-1,-1,-1,1,-1,1,1,1,1,-1,1,-1,0.009990613907575607
1,-1,-1,-1,-1,-1,1,-1,-1,-1,-1,1,1,1,-1,-1,-1,-1,-1,1,0.009990613907575607
1,-1,-1,-1,-1,-1,1,-1,-1,-1,1,-1,1,-1,1,-1,-1,1,1,-1,0.009990613907575607
1,-1,-1,-1,-1,-1,1,-1,-1,-1,1,-1,1,-1,1,1,1,-1,-1,-1,0.009990613907575607
1,-1,-1,-1,-1,-1,1,-1,-1,-1,1,-1,1,-1,1,1,1,1,-1,-1,0.009990613907575607
1,-1,-1,-1,-1,-1,1,-1,-1,-1,1,1,-1,-1,-1,-1,-1,1,1,1,0.009990613907575607
1,-1,-1,-1,-1,-1,1,-1,-1,1,-1,-1,-1,-1,-1,1,-1,1,-1,1,0.009990613907575607
1,-1,-1,-1,-1,-1,1,-1,-1,1,-1,-1,-1,-1,-1,1,1,1,1,-1,0.009990613907575607
1,-1,-1,-1,-1,-1,1,-1,-1,1,-1,-1,-1,-1,1,1,-1,1,-1,-1,0.009990613907575607
1,-1,-1,-1,-1,-1,1,-1,-1,1,-1,-1,-1,1,-1,1,-1,1,-1,1,0.009990613907575607
1,-1,-1,-1,-1,-1,1,-1,-1,1,-1,-1,1,1,1,-1,1,1,-1,1,0.009990613907575607
1,-1,-1,-1,-1,-1,1,-1,-1,1,-1,1,-1,1,1,-1,-1,1,-1,1,0.009990613907575607
1,-1,-1,-1,-1,-1,1,-1,-1,1,-1,1,1,-1,1,-1,1,1,1,1,0.009990613907575607
1,-1,-1,-1,-1,-1,1,-1,-1,1,-1,1,1,1,1,1,1,-1,1,-1,0.009990613907575607
1,-1,-1,-1,-1,-1,1,-1,-1,1,1,-1,-1,-1,-1,1,1,-1,1,-1,0.009990613907575607
1,-1,-1,-1,-1,-1,1,-1,-1,1,1,1,-1,-1,-1,-1,-1,1,1,1,0.009990613907575607
1,-1,-1,-1,-1,-1,1,-1,-1,1,1,1,1,-1,-1,1,1,-1,1,1,0.009990613907575607
1,-1,-1,-1,-1,-1,1,-1,-1,1,1,1,1,-1,1,-1,-1,1,1,-1,0.009990613907575607
1,-1,-1,-1,-1,-1,1,-1,-1,1,1,1,1,-1,1,-1,1,-1,-1,1,0.009990613907575607
1,-1,-1,-1,-1,-1,1,-1,1,-1,-1,-1,-1,-1,1,-1,-1,-1,1,1,0.009990613907575607
1,-1,-1,-1,-1,-1,1,-1,1,-1,-1,-1,-1,-1,1,-1,1,-1,1,-1,0.009990613907575607
1,-1,-1,-1,-1,-1,1,-1,1,-1,-1,-1,-1,1,-1,-1,1,-1,1,-1,0.009990613907575607
1,-1,-1,-1,-1,-1,1,-1,1,-1,-1,-1,1,-1,1,-1,-1,-1,-1,-1,0.009990613907575607
1,-1,-1,-1,-1,-1,1,-1,1,-1,-1,-1,1,1,-1,1,-1,1,-1,-1,0.009990613907575607
1,-1,-1,-1,-1,-1,1,-1,1,-1,-1,1,-1,-1,1,-1,-1,1,1,-1,0.009990613907575607
1,-1,-1,-1,-1,-1,1,-1,1,-1,-1,1,-1,1,-1,-1,1,1,-1,1,0.009990613907575607
1,-1,-1,-1,-1,-1,1,-1,1,-1,-1,1,-1,1,1,1,-1,1,-1,-1,0.009990613907575607
1,-1,-1,-1,-1,-1,1,-1,1,-1,-1,1,1,-1,-1,1,1,-1,-1,-1,0.009990613907575607
1,-1,-1,-1,-1,-1,1,-1,1,-1,-1,1,1,-1,1,1,-1,-1,1,-1,0.009990613907575607
1,-1,-1,-1,-1,-1,1,-1,1,-1,-1,1,1,1,-1,1,1,1,1,1,0.009990613907575607
1,-1,-1,-1,-1,-1,1,-1,1,-1,-1,1,1,1,1,1,-1,-1,-1,1,0.009990613907575607
1,-1,-1,-1,-1,-1,1,-1,1,-1,1,-1,-1,-1,-1,1,1,-1,-1,1,0.009990613907575607
1,-1,-1,-1,-1,-1,1,-1,1,-1,1,-1,-1,1,-1,-1,-1,1,1,-1,0.009990613907575607
1,-1,-1,-1,-1,-1,1,-1,1,-1,1,-1,-1,1,-1,1,1,-1,-1,1,0.009990613907575607
1,-1,-1,-1,-1,-1,1,-1,1,-1,1,-1,1,1,1,1,1,-1,-1,1,0.009990613907575607
1,-1,-1,-1,-1,-1,1,-1,1,-1,1,-1,1,1,1,1,1,-1,1,1,0.009990613907575607
1,-1,-1,-1,-1,-1,1,-1,1,-1,1,1,-1,-1,-1,-1,1,-1,1,1,0.009990613907575607
1,-1,-1,-1,-1,-1,1,-1,1,-1,1,1,-1,1,-1,1,-1,1,-1,1,0.009990613907575607
1,-1,-1,-1,-1,-1,1,-1,1,1,-1,-1,-1,-1,-1,-1,-1,-1,-1,1,0.009990613907575607
1,-1,-1,-1,-1,-1,1,-1,1,1,-1,-1,1,-1,1,1,1,1,1,-1,0.009990613907575607
1,-1,-1,-1,-1,-1,1,-1,1,1,-1,-1,1,1,-1,1,1,1,1,1,0.009990613907575607
1,-1,-1,-1,-1,-1,1,-1,1,1,-1,1,-1,-1,-1,1,1,-1,-1,-1,0.009990613907575607
1,-1,-1,-1,-1,-1,1,-1,1,1,-1,1,-1,1,-1,-1,-1,1,1,1,0.009990613907575607
1,-1,-1,-1,-1,-1,1,-1,1,1,1,-1,-1,1,-1,1,1,1,1,1,0.009990613907575607
1,-1,-1,-1,-1,-1,1,-1,1,1,1,-1,-1,1,1,1,-1,-1,-1,1,0.009990613907575607
1,-1,-1,-1,-1,-1,1,-1,1,1,1,-1,1,-1,-1,1,-1,-1,1,-1,0.009990613907575607
1,-1,-1,-1,-1,-1,1,-1,1,1,1,-1,1,1,-1,-1,1,1,1,-1,0.009990613907575607
1,-1,-1,-1,-1,-1,1,-1,1,1,1,1,-1,-1,1,-1,-1,-1,-1,1,0.009990613907575607
1,-1,-1,-1,-1,-1,1,-1,1,1,1,1,1,-1,1,1,1,-1,-1,-1,0.009990613907575607
1,-1,-1,-1,-1,-1,1,1,-1,-1,-1,-1,-1,-1,1,-1,-1,1,-1,1,0.009990613907575607
1,-1,-1,-1,-1,-1,1,1,-1,-1,-1,-1,1,-1,-1,1,-1,-1,-1,1,0.009990613907575607
1,-1,-1,-1,-1,-1,1,1,-1,-1,-1,-1,1,-1,1,-1,1,-1,1,1,0.009990613907575607
1,-1,-1,-1,-1,-1,1,1,-1,-1,-1,-1,1,1,-1,1,1,-1,1,-1,0.009990613907575607
1,-1,-1,-1,-1,-1,1,1,-1,-1,-1,1,1,1,1,-1,1,-1,-1,1,0.009990613907575607
1,-1,-1,-1,-1,-1,1,1,-1,-1,1,-1,1,-1,1,-1,1,1,-1,-1,0.009990613907575607
1,-1,-1,-1,-1,-1,1,1,-1,-1,1,-1,1,1,-1,1,-1,1,1,-1,0.009990613907575607
1,-1,-1,-1,-1,-1,1,1,-1,1,-1,-1,-1,-1,-1,1,1,1,-1,1,0.009990613907575607
1,-1,-1,-1,-1,-1,1,1,-1,1,-1,-1,1,-1,-1,1,-1,1,1,-1,0.009990613907575607
1,-1,-1,-1,-1,-1,1,1,-1,1,-1,-1,1,-1,1,1,1,-1,-1,-1,0.009990613907575607
1,-1,-1,-1,-1,-1,1,1,-1,1,-1,1,-1,1,1,1,1,1,1,-1,0.009990613907575607
1,-1,-1,-1,-1,-1,1,1,-1,1,-1,1,1,-1,-1,-1,1,1,1,-1,0.009990613907575607
1,-1,-1,-1,-1,-1,1,1,-1,1,-1,1,1,1,1,1,-1,-1,1,-1,0.009990613907575607
1,-1,-1,-1,-1,-1,1,1,-1,1,1,-1,-1,-1,-1,-1,1,-1,1,-1,0.009990613907575607
1,-1,-1,-1,-1,-1,1,1,-1,1,1,-1,-1,-1,-1,1,-1,-1,1,-1,0.009990613907575607
1,-1,-1,-1,-1,-1,1,1,-1,1,1,-1,-1,-1,-1,1,1,-1,-1,1,0.009990613907575607
1,-1,-1,-1,-1,-1,1,1,-1,1,1,-1,-1,-1,-1,1,1,1,1,1,0.009990613907575607
1,-1,-1,-1,-1,-1,1,1,-1,1,1,1,-1,-1,-1,1,1,1,-1,1,0.009990613907575607
1,-1,-1,-1,-1,-1,1,1,-1,1,1,1,-1,1,-1,1,-1,1,-1,1,0.009990613907575607
1,-1,-1,-1,-1,-1,1,1,-1,1,1,1,1,1,-1,-1,-1,-1,1,-1,0.009990613907575607
1,-1,-1,-1,-1,-1,1,1,1,-1,-1,-1,1,-1,-1,1,1,1,1,1,0.009990613907575607
1,-1,-1,-1,-1,-1,1,1,1,-1,-1,-1,1,-1,1,1,1,1,-1,-1,0.009990613907575607
1,-1,-1,-1,-1,-1,1,1,1,-1,-1,-1,1,1,1,1,1,-1,-1,-1,0.009990613907575607
1,-1,-1,-1,-1,-1,1,1,1,-1,1,-1,-1,-1,1,1,-1,1,1,1,0.009990613907575607
1,-1,-1,-1,-1,-1,1,1,1,-1,1,-1,1,-1,1,1,-1,-1,-1,1,0.009990613907575607
1,-1,-1,-1,-1,-1,1,1,1,-1,1,1,-1,-1,-1,-1,1,-1,-1,1,0.009990613907575607
1,-1,-1,-1,-1,-1,1,1,1,-1,1,1,-1,-1,-1,-1,1,1,1,1,0.009990613907575607
1,-1,-1,-1,-1,-1,1,1,1,-1,1,1,-1,-1,-1,1,-1,-1,-1,1,0.009990613907575607
1,-1,-1,-1,-1,-1,1,1,1,-1,1,1,1,-1,1,-1,-1,1,1,-1,0.009990613907575607
1,-1,-1,-1,-1,-1,1,1,1,-1,1,1,1,1,1,1,-1,-1,-1,-1,0.009990613907575607
1,-1,-1,-1,-1,-1,1,1,1,1,-1,-1,-1,-1,1,-1,1,-1,1,-1,0.009990613907575607
1,-1,-1,-1,-1,-1,1,1,1,1,-1,-1,-1,-1,1,-1,1,1,-1,-1,0.009990613907575607
1,-1,-1,-1,-1,-1,1,1,1,1,-1,-1,-1,-1,1,-1,1,1,-1,1,0.009990613907575607
1,-1,-1,-1,-1,-1,1,1,1,1,-1,-1,1,-1,-1,1,-1,-1,1,-1,0.009990613907575607
1,-1,-1,-1,-1,-1,1,1,1,1,-1,-1,1,1,1,-1,-1,-1,1,1,0.009990613907575607
1,-1,-1,-1,-1,-1,1,1,1,1,-1,1,-1,-1,1,-1,-1,-1,-1,-1,0.009990613907575607
1,-1,-1,-1,-1,-1,1,1,1,1,1,-1,1,1,-1,1,-1,1,-1,-1,0.009990613907575607
1,-1,-1,-1,-1,-1,1,1,1,1,1,-1,1,1,1,1,-1,-1,1,-1,0.009990613907575607
1,-1,-1,-1,-1,-1,1,1,1,1,1,1,1,1,-1,-1,-1,1,1,1,0.009990613907575607
1,-1,-1,-1,-1,-1,1,1,1,1,1,1,1,1,1,1,1,-1,-1,1,0.009990613907575607
1,-1,-1,-1,-1,1,-1,-1,-1,-1,-1,-1,-1,-1,-1,-1,1,-1,-1,1,0.009990613907575607
1,-1,-1,-1,-1,1,-1,-1,-1,-1,-1,1,1,1,-1,-1,1,1,1,-1,0.009990613907575607
1,-1,-1,-1,-1,1,-1,-1,-1,-1,1,-1,1,1,1,1,1,-1,-1,1,0.009990613907575607
1,-1,-1,-1,-1,1,-1,-1,-1,-1,1,1,-1,-1,1,-1,-1,-1,1,-1,0.009990613907575607
1,-1,-1,-1,-1,1,-1,-1,-1,-1,1,1,-1,1,-1,1,-1,-1,1,1,0.009990613907575607
1,-1,-1,-1,-1,1,-1,-1,-1,-1,1,1,-1,1,-1,1,1,1,1,-1,0.009990613907575607
1,-1,-1,-1,-1,1,-1,-1,-1,-1,1,1,1,1,1,1,1,-1,1,-1,0.009990613907575607
1,-1,-1,-1,-1,1,-1,-1,-1,1,-1,-1,-1,-1,1,1,-1,-1,-1,-1,0.009990613907575607
1,-1,-1,-1,-1,1,-1,-1,-1,1,-1,-1,1,-1,1,1,-1,-1,1,1,0.009990613907575607
1,-1,-1,-1,-1,1,-1,-1,-1,1,-1,1,-1,-1,1,1,-1,-1,-1,-1,0.009990613907575607
1,-1,-1,-1,-1,1,-1,-1,-1,1,-1,1,1,-1,-1,-1,-1,-1,1,-1,0.009990613907575607
1,-1,-1,-1,-1,1,-1,-1,-1,1,-1,1,1,-1,1,1,-1,1,1,-1,0.009990613907575607
1,-1,-1,-1,-1,1,-1,-1,-1,1,-1,1,1,1,-1,-1,1,1,1,-1,0.009990613907575607
1,-1,-1,-1,-1,1,-1,-1,-1,1,1,-1,-1,1,-1,1,-1,-1,1,-1,0.009990613907575607
1,-1,-1,-1,-1,1,-1,-1,-1,1,1,-1,1,1,1,-1,1,1,-1,-1,0.009990613907575607
1,-1,-1,-1,-1,1,-1,-1,-1,1,1,1,-1,-1,1,-1,-1,-1,-1,-1,0.009990613907575607
1,-1,-1,-1,-1,1,-1,-1,-1,1,1,1,-1,-1,1,-1,-1,1,-1,1,0.009990613907575607
1,-1,-1,-1,-1,1,-1,-1,-1,1,1,1,1,-1,-1,1,1,-1,-1,1,0.009990613907575607
1,-1,-1,-1,-1,1,-1,-1,1,-1,-1,-1,-1,-1,-1,1,1,-1,-1,1,0.009990613907575607
1,-1,-1,-1,-1,1,-1,-1,1,-1,-1,-1,-1,1,-1,-1,-1,1,-1,1,0.009990613907575607
1,-1,-1,-1,-1,1,-1,-1,1,-1,-1,-1,-1,1,-1,-1,-1,1,1,1,0.009990613907575607
1,-1,-1,-1,-1,1,-1,-1,1,-1,-1,-1,1,1,-1,-1,1,-1,1,1,0.009990613907575607
1,-1,-1,-1,-1,1,-1,-1,1,-1,-1,1,-1,-1,1,-1,1,1,1,-1,0.009990613907575607
1,-1,-1,-1,-1,1,-1,-1,1,-1,-1,1,1,-1,1,1,1,-1,-1,1,0.009990613907575607
1,-1,-1,-1,-1,1,-1,-1,1,-1,-1,1,1,1,1,1,1,-1,-1,-1,0.009990613907575607
1,-1,-1,-1,-1,1,-1,-1,1,-1,1,-1,-1,-1,-1,1,-1,-1,-1,-1,0.009990613907575607
1,-1,-1,-1,-1,1,-1,-1,1,-1,1,-1,-1,1,-1,1,1,1,1,-1,0.009990613907575607
1,-1,-1,-1,-1,1,-1,-1,1,-1,1,-1,1,-1,-1,-1,1,1,-1,-1,0.009990613907575607
1,-1,-1,-1,-1,1,-1,-1,1,-1,1,-1,1,1,1,1,-1,-1,1,1,0.009990613907575607
1,-1,-1,-1,-1,1,-1,-1,1,-1,1,1,-1,1,1,-1,-1,1,1,-1,0.009990613907575607
1,-1,-1,-1,-1,1,-1,-1,1,-1,1,1,1,1,-1,-1,-1,-1,-1,1,0.009990613907575607
1,-1,-1,-1,-1,1,-1,-1,1,-1,1,1,1,1,1,-1,-1,1,-1,-1,0.009990613907575607
1,-1,-1,-1,-1,1,-1,-1,1,1,-1,-1,-1,1,-1,-1,1,-1,1,-1,0.009990613907575607
1,-1,-1,-1,-1,1,-1,-1,1,1,-1,1,1,1,1,-1,-1,1,1,1,0.009990613907575607
1,-1,-1,-1,-1,1,-1,-1,1,1,1,-1,-1,1,1,1,-1,1,1,-1,0.009990613907575607
1,-1,-1,-1,-1,1,-1,-1,1,1,1,1,-1,1,-1,-1,-1,1,1,-1,0.009990613907575607
1,-1,-1,-1,-1,1,-1,1,-1,-1,-1,-1,1,-1,-1,-1,-1,1,1,-1,0.009990613907575607
1,-1,-1,-1,-1,1,-1,1,-1,-1,-1,-1,1,-1,1,-1,1,-1,-1,1,0.009990613907575607
1,-1,-1,-1,-1,1,-1,1,-1,-1,-1,-1,1,-1,1,1,1,-1,1,1,0.009990613907575607
1,-1,-1,-1,-1,1,-1,1,-1,-1,-1,1,-1,-1,1,1,-1,1,-1,-1,0.009990613907575607
1,-1,-1,-1,-1,1,-1,1,-1,-1,-1,1,-1,1,1,-1,1,1,-1,-1,0.009990613907575607
1,-1,-1,-1,-1,1,-1,1,-1,-1,1,1,-1,1,-1,1,-1,1,1,1,0.009990613907575607
1,-1,-1,-1,-1,1,-1,1,-1,-1,1,1,-1,1,1,1,-1,-1,1,-1,0.009990613907575607
1,-1,-1,-1,-1,1,-1,1,-1,-1,1,1,-1,1,1,1,1,-1,-1,1,0.009990613907575607
1,-1,-1,-1,-1,1,-1,1,-1,-1,1,1,1,-1,-1,1,-1,-1,1,1,0.009990613907575607
1,-1,-1,-1,-1,1,-1,1,-1,-1,1,1,1,1,-1,1,1,-1,1,1,0.009990613907575607
1,-1,-1,-1,-1,1,-1,1,-1,-1,1,1,1,1,1,-1,-1,1,1,1,0.009990613907575607
1,-1,-1,-1,-1,1,-1,1,-1,1,-1,-1,1,-1,-1,1,1,1,-1,1,0.009990613907575607
1,-1,-1,-1,-1,1,-1,1,-1,1,-1,-1,1,1,1,-1,-1,-1,1,1,0.009990613907575607
1,-1,-1,-1,-1,1,-1,1,-1,1,-1,-1,1,1,1,-1,1,1,1,-1,0.009990613907575607
1,-1,-1,-1,-1,1,-1,1,-1,1,1,-1,-1,-1,1,1,1,-1,-1,-1,0.009990613907575607
1,-1,-1,-1,-1,1,-1,1,-1,1,1,-1,-1,1,1,1,1,-1,1,-1,0.009990613907575607
1,-1,-1,-1,-1,1,-1,1,-1,1,1,-1,1,1,1,-1,1,-1,-1,-1,0.009990613907575607
1,-1,-1,-1,-1,1,-1,1,-1,1,1,1,-1,1,1,1,-1,-1,1,1,0.009990613907575607
1,-1,-1,-1,-1,1,-1,1,-1,1,1,1,1,-1,1,1,1,-1,-1,1,0.009990613907575607
1,-1,-1,-1,-1,1,-1,1,-1,1,1,1,1,1,1,-1,-1,-1,1,1,0.009990613907575607
1,-1,-1,-1,-1,1,-1,1,1,-1,-1,-1,-1,-1,1,1,-1,1,-1,-1,0.009990613907575607
1,-1,-1,-1,-1,1,-1,1,1,-1,-1,-1,-1,1,-1,-1,1,-1,1,1,0.009990613907575607
1,-1,-1,-1,-1,1,-1,1,1,-1,-1,-1,1,1,-1,1,1,-1,1,-1,0.009990613907575607
1,-1,-1,-1,-1,1,-1,1,1,-1,1,-1,-1,-1,1,-1,-1,1,1,1,0.009990613907575607
1,-1,-1,-1,-1,1,-1,1,1,-1,1,-1,1,-1,-1,-1,1,-1,1,-1,0.009990613907575607
1,-1,-1,-1,-1,1,-1,1,1,-1,1,-1,1,-1,-1,1,1,-1,1,-1,0.009990613907575607
1,-1,-1,-1,-1,1,-1,1,1,-1,1,1,-1,-1,1,-1,-1,-1,1,-1,0.009990613907575607
1,-1,-1,-1,-1,1,-1,1,1,-1,1,1,-1,-1,1,-1,1,-1,1,1,0.009990613907575607
1,-1,-1,-1,-1,1,-1,1,1,-1,1,1,-1,1,-1,-1,-1,1,-1,-1,0.009990613907575607
1,-1,-1,-1,-1,1,-1,1,1,-1,1,1,-1,1,1,1,-1,1,1,1,0.009990613907575607
1,-1,-1,-1,-1,1,-1,1,1,-1,1,1,1,-1,-1,-1,1,-1,-1,1,0.009990613907575607
1,-1,-1,-1,-1,1,-1,1,1,-1,1,1,1,-1,1,1,1,1,1,1,0.009990613907575607
1,-1,-1,-1,-1,1,-1,1,1,1,-1,-1,1,-1,-1,-1,-1,-1,1,-1,0.009990613907575607
1,-1,-1,-1,-1,1,-1,1,1,1,-1,-1,1,1,1,-1,-1,1,-1,-1,0.009990613907575607
1,-1,-1,-1,-1,1,-1,1,1,1,-1,1,1,-1,-1,-1,-1,1,1,-1,0.009990613907575607
1,-1,-1,-1,-1,1,-1,1,1,1,1,-1,-1,-1,1,-1,-1,-1,1,-1,0.009990613907575607
1,-1,-1,-1,-1,1,-1,1,1,1,1,1,1,1,-1,-1,1,-1,-1,1,0.009990613907575607
1,-1,-1,-1,-1,1,1,-1,-1,-1,-1,-1,1,-1,-1,1,1,-1,-1,1,0.009990613907575607
1,-1,-1,-1,-1,1,1,-1,-1,-1,-1,1,-1,1,-1,-1,-1,-1,1,-1,0.009990613907575607
1,-1,-1,-1,-1,1,1,-1,-1,1,-1,-1,-1,-1,-1,-1,-1,-1,1,1,0.009990613907575607
1,-1,-1,-1,-1,1,1,-1,-1,1,-1,-1,-1,1,1,-1,1,-1,-1,1,0.009990613907575607
1,-1,-1,-1,-1,1,1,-1,-1,1,-1,1,-1,-1,-1,1,1,-1,1,1,0.009990613907575607
1,-1,-1,-1,-1,1,1,-1,-1,1,-1,1,-1,-1,1,1,1,1,-1,1,0.009990613907575607
1,-1,-1,-1,-1,1,1,-1,-1,1,1,-1,-1,-1,-1,1,1,1,1,1,0.009990613907575607
1,-1,-1,-1,-1,1,1,-1,-1,1,1,-1,-1,1,-1,1,-1,1,-1,-1,0.009990613907575607
1,-1,-1,-1,-1,1,1,-1,-1,1,1,1,-1,1,-1,1,-1,1,1,-1,0.009990613907575607
1,-1,-1,-1,-1,1,1,-1,-1,1,1,1,1,-1,-1,1,1,-1,-1,1,0.009990613907575607
1,-1,-1,-1,-1,1,1,-1,-1,1,1,1,1,1,-1,1,1,1,-1,-1,0.009990613907575607
1,-1,-1,-1,-1,1,1,-1,1,-1,-1,-1,-1,-1,-1,1,-1,1,-1,1,0.009990613907575607
1,-1,-1,-1,-1,1,1,-1,1,-1,-1,-1,-1,-1,-1,1,1,1,-1,-1,0.009990613907575607
1,-1,-1,-1,-1,1,1,-1,1,-1,-1,-1,1,-1,1,-1,-1,-1,-1,-1,0.009990613907575607
1,-1,-1,-1,-1,1,1,-1,1,-1,-1,1,-1,-1,-1,-1,1,-1,-1,-1,0.009990613907575607
1,-1,-1,-1,-1,1,1,-1,1,-1,-1,1,1,-1,1,1,1,-1,-1,1,0.009990613907575607
1,-1,-1,-1,-1,1,1,-1,1,-1,1,-1,-1,1,1,1,1,1,-1,-1,0.009990613907575607
1,-1,-1,-1,-1,1,1,-1,1,-1,1,-1,1,-1,-1,-1,-1,1,-1,1,0.009990613907575607
1,-1,-1,-1,-1,1,1,-1,1,-1,1,1,1,-1,1,-1,1,-1,1,1,0.009990613907575607
1,-1,-1,-1,-1,1,1,-1,1,-1,1,1,1,1,-1,1,-1,-1,-1,1,0.009990613907575607
1,-1,-1,-1,-1,1,1,-1,1,-1,1,1,1,1,1,-1,1,-1,1,-1,0.009990613907575607
1,-1,-1,-1,-1,1,1,-1,1,1,-1,-1,-1,1,-1,1,1,1,-1,-1,0.009990613907575607
1,-1,-1,-1,-1,1,1,-1,1,1,-1,-1,1,-1,1,-1,1,-1,1,1,0.009990613907575607
1,-1,-1,-1,-1,1,1,-1,1,1,-1,1,-1,1,-1,-1,1,-1,-1,-1,0.009990613907575607
1,-1,-1,-1,-1,1,1,-1,1,1,-1,1,1,1,1,-1,-1,-1,-1,1,0.009990613907575607
1,-1,-1,-1,-1,1,1,-1,1,1,1,-1,-1,-1,1,-1,1,-1,-1,-1,0.009990613907575607
1,-1,-1,-1,-1,1,1,-1,1,1,1,-1,-1,-1,1,-1,1,-1,-1,1,0.009990613907575607
1,-1,-1,-1,-1,1,1,-1,1,1,1,-1,-1,1,-1,-1,-1,-1,-1,1,0.009990613907575607
1,-1,-1,-1,-1,1,1,-1,1,1,1,-1,-1,1,-1,1,-1,1,-1,1,0.009990613907575607
1,-1,-1,-1,-1,1,1,-1,1,1,1,-1,-1,1,1,-1,-1,-1,1,1,0.009990613907575607
1,-1,-1,-1,-1,1,1,-1,1,1,1,-1,1,1,1,-1,-1,1,1,-1,0.009990613907575607
1,-1,-1,-1,-1,1,1,-1,1,1,1,1,1,1,1,-1,1,1,-1,-1,0.009990613907575607
1,-1,-1,-1,-1,1,1,1,-1,-1,-1,-1,-1,1,1,-1,-1,-1,1,-1,0.009990613907575607
1,-1,-1,-1,-1,1,1,1,-1,-1,-1,-1,1,-1,1,-1,1,-1,-1,1,0.009990613907575607
1,-1,-1,-1,-1,1,1,1,-1,-1,-1,1,-1,1,-1,-1,-1,-1,1,-1,0.009990613907575607
1,-1,-1,-1,-1,1,1,1,-1,-1,-1,1,1,-1,1,1,-1,-1,-1,-1,0.009990613907575607
1,-1,-1,-1,-1,1,1,1,-1,-1,1,-1,-1,-1,-1,-1,-1,-1,-1,-1,0.009990613907575607
1,-1,-1,-1,-1,1,1,1,-1,-1,1,-1,-1,1,1,-1,1,1,-1,1,0.009990613907575607
1,-1,-1,-1,-1,1,1,1,-1,-1,1,-1,1,-1,1,1,1,-1,-1,-1,0.009990613907575607
1,-1,-1,-1,-1,1,1,1,-1,-1,1,-1,1,-1,1,1,1,1,-1,1,0.009990613907575607
1,-1,-1,-1,-1,1,1,1,-1,-1,1,-1,1,1,-1,1,1,1,-1,-1,0.009990613907575607
1,-1,-1,-1,-1,1,1,1,-1,-1,1,1,-1,1,-1,-1,-1,-1,-1,-1,0.009990613907575607
1,-1,-1,-1,-1,1,1,1,-1,1,-1,1,-1,-1,-1,-1,-1,-1,-1,-1,0.009990613907575607
1,-1,-1,-1,-1,1,1,1,-1,1,-1,1,-1,-1,1,1,1,-1,1,1,0.009990613907575607
1,-1,-1,-1,-1,1,1,1,-1,1,-1,1,-1,1,1,1,-1,1,1,-1,0.009990613907575607
1,-1,-1,-1,-1,1,1,1,-1,1,-1,1,1,-1,1,-1,-1,-1,1,1,0.009990613907575607
1,-1,-1,-1,-1,1,1,1,-1,1,1,-1,1,1,1,-1,-1,1,-1,-1,0.009990613907575607
1,-1,-1,-1,-1,1,1,1,-1,1,1,1,1,-1,1,-1,1,1,1,1,0.009990613907575607
1,-1,-1,-1,-1,1,1,1,-1,1,1,1,1,-1,1,1,-1,-1,-1,1,0.009990613907575607
1,-1,-1,-1,-1,1,1,1,1,-1,-1,-1,-1,-1,-1,-1,-1,-1,-1,1,0.009990613907575607
1,-1,-1,-1,-1,1,1,1,1,-1,-1,-1,-1,-1,1,-1,1,-1,-1,-1,0.009990613907575607
1,-1,-1,-1,-1,1,1,1,1,-1,-1,1,1,-1,1,-1,1,-1,-1,-1,0.009990613907575607
1,-1,-1,-1,-1,1,1,1,1,-1,-1,1,1,1,-1,1,-1,-1,-1,-1,0.009990613907575607
1,-1,-1,-1,-1,1,1,1,1,-1,1,1,1,-1,-1,1,1,-1,1,1,0.009990613907575607
1,-1,-1,-1,-1,1,1,1,1,1,-1,-1,-1,-1,-1,1,1,1,1,-1,0.009990613907575607
1,-1,-1,-1,-1,1,1,1,1,1,-1,-1,-1,1,1,1,1,1,1,-1,0.009990613907575607
1,-1,-1,-1,-1,1,1,1,1,1,-1,1,-1,1,-1,-1,-1,1,1,-1,0.009990613907575607
1,-1,-1,-1,-1,1,1,1,1,1,-1,1,-1,1,1,-1,-1,1,-1,-1,0.009990613907575607
1,-1,-1,-1,-1,1,1,1,1,1,1,-1,-1,-1,1,1,-1,-1,1,-1,0.009990613907575607
1,-1,-1,-1,-1,1,1,1,1,1,1,-1,1,1,1,-1,1,1,1,1,0.009990613907575607
1,-1,-1,-1,-1,1,1,1,1,1,1,1,1,-1,-1,1,1,-1,-1,1,0.009990613907575607
1,-1,-1,-1,-1,1,1,1,1,1,1,1,1,1,-1,-1,1,1,1,-1,0.009990613907575607
1,-1,-1,-1,1,-1,-1,-1,-1,-1,-1,1,1,1,-1,1,-1,1,-1,1,0.009990613907575607
1,-1,-1,-1,1,-1,-1,-1,-1,-1,-1,1,1,1,1,1,1,1,-1,1,0.009990613907575607
1,-1,-1,-1,1,-1,-1,-1,-1,-1,1,-1,-1,1,1,-1,-1,1,1,-1,0.009990613907575607
1,-1,-1,-1,1,-1,-1,-1,-1,-1,1,-1,1,-1,1,1,-1,1,1,1,0.009990613907575607
1,-1,-1,-1,1,-1,-1,-1,-1,-1,1,1,-1,-1,1,1,-1,1,-1,-1,0.009990613907575607
1,-1,-1,-1,1,-1,-1,-1,-1,-1,1,1,-1,1,-1,1,-1,-1,1,-1,0.009990613907575607
1,-1,-1,-1,1,-1,-1,-1,-1,-1,1,1,-1,1,1,1,1,1,-1,-1,0.009990613907575607
1,-1,-1,-1,1,-1,-1,-1,-1,-1,1,1,1,-1,-1,-1,1,1,1,1,0.009990613907575607
1,-1,-1,-1,1,-1,-1,-1,-1,-1,1,1,1,-1,1,-1,1,1,1,1,0.009990613907575607
1,-1,-1,-1,1,-1,-1,-1,-1,1,-1,-1,-1,-1,-1,1,1,-1,1,-1,0.009990613907575607
1,-1,-1,-1,1,-1,-1,-1,-1,1,-1,-1,-1,1,-1,-1,1,1,1,-1,0.009990613907575607
1,-1,-1,-1,1,-1,-1,-1,-1,1,-1,-1,-1,1,-1,1,-1,1,1,1,0.009990613907575607
1,-1,-1,-1,1,-1,-1,-1,-1,1,-1,1,-1,1,-1,-1,-1,-1,1,-1,0.009990613907575607
1,-1,-1,-1,1,-1,-1,-1,-1,1,-1,1,1,1,1,1,-1,-1,1,-1,0.009990613907575607
1,-1,-1,-1,1,-1,-1,-1,-1,1,1,-1,-1,1,1,1,1,1,-1,-1,0.009990613907575607
1,-1,-1,-1,1,-1,-1,-1,-1,1,1,-1,1,-1,1,1,-1,1,-1,-1,0.009990613907575607
1,-1,-1,-1,1,-1,-1,-1,-1,1,1,1,-1,-1,-1,1,1,1,-1,1,0.009990613907575607
1,-1,-1,-1,1,-1,-1,-1,-1,1,1,1,-1,1,-1,1,-1,1,-1,1,0.009990613907575607
1,-1,-1,-1,1,-1,-1,-1,-1,1,1,1,-1,1,1,-1,1,1,1,1,0.009990613907575607
1,-1,-1,-1,1,-1,-1,-1,-1,1,1,1,1,-1,1,1,-1,1,-1,1,0.009990613907575607
1,-1,-1,-1,1,-1,-1,-1,1,-1,-1,-1,-1,-1,1,-1,-1,1,-1,-1,0.009990613907575607
1,-1,-1,-1,1,-1,-1,-1,1,-1,-1,-1,-1,-1,1,1,1,-1,1,-1,0.009990613907575607
1,-1,-1,-1,1,-1,-1,-1,1,-1,-1,1,-1,1,-1,1,-1,-1,1,1,0.009990613907575607
1,-1,-1,-1,1,-1,-1,-1,1,-1,-1,1,-1,1,-1,1,1,-1,-1,-1,0.009990613907575607
1,-1,-1,-1,1,-1,-1,-1,1,-1,1,-1,-1,-1,-1,-1,1,1,1,-1,0.009990613907575607
1,-1,-1,-1,1,-1,-1,-1,1,-1,1,-1,1,-1,1,-1,-1,1,1,-1,0.009990613907575607
1,-1,-1,-1,1,-1,-1,-1,1,-1,1,-1,1,-1,1,1,1,-1,1,1,0.009990613907575607
1,-1,-1,-1,1,-1,-1,-1,1,-1,1,1,-1,-1,-1,1,1,1,1,1,0.009990613907575607
1,-1,-1,-1,1,-1,-1,-1,1,-1,1,1,-1,1,-1,1,-1,1,-1,1,0.009990613907575607
1,-1,-1,-1,1,-1,-1,-1,1,-1,1,1,-1,1,1,-1,-1,-1,-1,-1,0.009990613907575607
1,-1,-1,-1,1,-1,-1,-1,1,-1,1,1,-1,1,1,-1,1,1,1,-1,0.009990613907575607
1,-1,-1,-1,1,-1,-1,-1,1,-1,1,1,-1,1,1,1,-1,1,1,1,0.009990613907575607
1,-1,-1,-1,1,-1,-1,-1,1,-1,1,1,1,1,-1,1,1,-1,1,1,0.009990613907575607
1,-1,-1,-1,1,-1,-1,-1,1,1,-1,-1,-1,-1,-1,-1,1,1,-1,-1,0.009990613907575607
1,-1,-1,-1,1,-1,-1,-1,1,1,-1,-1,1,-1,-1,-1,1,1,-1,1,0.009990613907575607
1,-1,-1,-1,1,-1,-1,-1,1,1,-1,-1,1,-1,1,1,1,1,1,-1,0.009990613907575607
1,-1,-1,-1,1,-1,-1,-1,1,1,-1,-1,1,1,1,-1,1,-1,-1,1,0.009990613907575607
1,-1,-1,-1,1,-1,-1,-1,1,1,-1,1,1,-1,-1,1,-1,1,1,1,0.009990613907575607
1,-1,-1,-1,1,-1,-1,-1,1,1,-1,1,1,-1,-1,1,1,-1,-1,-1,0.009990613907575607
1,-1,-1,-1,1,-1,-1,-1,1,1,1,1,-1,-1,-1,-1,1,1,-1,1,0.009990613907575607
1,-1,-1,-1,1,-1,-1,-1,1,1,1,1,1,-1,-1,-1,-1,-1,1,1,0.009990613907575607
1,-1,-1,-1,1,-1,-1,1,-1,-1,-1,-1,-1,-1,1,-1,1,1,-1,-1,0.009990613907575607
1,-1,-1,-1,1,-1,-1,1,-1,-1,-1,-1,-1,-1,1,1,-1,1,1,-1,0.009990613907575607
1,-1,-1,-1,1,-1,-1,1,-1,-1,-1,-1,-1,1,1,1,1,-1,-1,-1,0.009990613907575607
1,-1,-1,-1,1,-1,-1,1,-1,-1,-1,-1,1,-1,1,-1,1,-1,1,1,0.009990613907575607
1,-1,-1,-1,1,-1,-1,1,-1,-1,-1,-1,1,-1,1,1,1,-1,-1,-1,0.009990613907575607
1,-1,-1,-1,1,-1,-1,1,-1,-1,-1,1,-1,-1,-1,-1,1,1,-1,1,0.009990613907575607
1,-1,-1,-1,1,-1,-1,1,-1,-1,-1,1,-1,-1,-1,1,1,1,1,1,0.009990613907575607
1,-1,-1,-1,1,-1,-1,1,-1,-1,-1,1,-1,1,1,1,-1,1,-1,-1,0.009990613907575607
1,-1,-1,-1,1,-1,-1,1,-1,-1,-1,1,-1,1,1,1,1,-1,1,-1,0.009990613907575607
1,-1,-1,-1,1,-1,-1,1,-1,-1,-1,1,1,-1,1,-1,1,-1,1,1,0.009990613907575607
1,-1,-1,-1,1,-1,-1,1,-1,-1,-1,1,1,1,-1,1,1,1,-1,1,0.009990613907575607
1,-1,-1,-1,1,-1,-1,1,-1,-1,1,-1,-1,1,-1,-1,-1,1,-1,1,0.009990613907575607
1,-1,-1,-1,1,-1,-1,1,-1,-1,1,-1,1,-1,1,1,-1,1,-1,-1,0.009990613907575607
1,-1,-1,-1,1,-1,-1,1,-1,-1,1,-1,1,1,-1,1,-1,-1,1,-1,0.009990613907575607
1,-1,-1,-1,1,-1,-1,1,-1,-1,1,-1,1,1,1,-1,1,-1,1,-1,0.009990613907575607
1,-1,-1,-1,1,-1,-1,1,-1,-1,1,1,-1,-1,1,1,-1,1,1,1,0.009990613907575607
1,-1,-1,-1,1,-1,-1,1,-1,-1,1,1,-1,-1,1,1,1,-1,-1,-1,0.009990613907575607
1,-1,-1,-1,1,-1,-1,1,-1,-1,1,1,-1,1,1,1,-1,1,-1,1,0.009990613907575607
1,-1,-1,-1,1,-1,-1,1,-1,-1,1,1,1,-1,-1,1,-1,1,1,-1,0.009990613907575607
1,-1,-1,-1,1,-1,-1,1,-1,-1,1,1,1,1,-1,-1,-1,-1,1,-1,0.009990613907575607
1,-1,-1,-1,1,-1,-1,1,-1,1,-1,-1,-1,-1,1,-1,1,1,1,-1,0.009990613907575607
1,-1,-1,-1,1,-1,-1,1,-1,1,-1,-1,1,-1,-1,1,-1,-1,-1,1,0.009990613907575607
1,-1,-1,-1,1,-1,-1,1,-1,1,-1,-1,1,-1,1,-1,1,-1,1,-1,0.009990613907575607
1,-1,-1,-1,1,-1,-1,1,-1,1,-1,-1,1,1,1,-1,-1,1,-1,-1,0.009990613907575607
1,-1,-1,-1,1,-1,-1,1,-1,1,-1,1,-1,1,-1,-1,1,-1,1,-1,0.009990613907575607
1,-1,-1,-1,1,-1,-1,1,-1,1,-1,1,1,1,-1,1,1,-1,1,-1,0.009990613907575607
1,-1,-1,-1,1,-1,-1,1,-1,1,1,-1,-1,-1,-1,1,-1,1,1,-1,0.009990613907575607
1,-1,-1,-1,1,-1,-1,1,-1,1,1,-1,-1,1,1,1,-1,-1,1,1,0.009990613907575607
1,-1,-1,-1,1,-1,-1,1,-1,1,1,-1,-1,1,1,1,-1,1,-1,-1,0.009990613907575607
1,-1,-1,-1,1,-1,-1,1,-1,1,1,-1,1,-1,-1,-1,1,1,-1,1,0.009990613907575607
1,-1,-1,-1,1,-1,-1,1,-1,1,1,1,1,-1,1,1,-1,-1,1,1,0.009990613907575607
1,-1,-1,-1,1,-1,-1,1,-1,1,1,1,1,1,-1,1,-1,1,1,1,0.009990613907575607
1,-1,-1,-1,1,-1,-1,1,1,-1,-1,-1,-1,1,1,-1,1,-1,1,1,0.009990613907575607
1,-1,-1,-1,1,-1,-1,1,1,-1,-1,-1,1,-1,1,1,-1,-1,1,1,0.009990613907575607
1,-1,-1,-1,1,-1,-1,1,1,-1,-1,1,-1,1,1,-1,-1,1,1,1,0.009990613907575607
1,-1,-1,-1,1,-1,-1,1,1,-1,-1,1,1,-1,1,1,-1,-1,-1,-1,0.009990613907575607
1,-1,-1,-1,1,-1,-1,1,1,-1,1,-1,-1,-1,1,-1,-1,-1,1,-1,0.009990613907575607
1,-1,-1,-1,1,-1,-1,1,1,-1,1,1,-1,-1,-1,-1,1,-1,-1,-1,0.009990613907575607
1,-1,-1,-1,1,-1,-1,1,1,-1,1,1,-1,1,1,-1,1,-1,1,-1,0.009990613907575607
1,-1,-1,-1,1,-1,-1,1,1,1,-1,-1,-1,1,-1,-1,1,-1,1,-1,0.009990613907575607
1,-1,-1,-1,1,-1,-1,1,1,1,-1,-1,1,1,1,-1,-1,1,-1,1,0.009990613907575607
1,-1,-1,-1,1,-1,-1,1,1,1,-1,1,-1,1,1,1,1,1,1,1,0.009990613907575607
1,-1,-1,-1,1,-1,-1,1,1,1,1,-1,-1,1,-1,1,1,1,-1,-1,0.009990613907575607
1,-1,-1,-1,1,-1,-1,1,1,1,1,-1,-1,1,1,1,1,1,-1,-1,0.009990613907575607
1,-1,-1,-1,1,-1,-1,1,1,1,1,-1,1,1,1,-1,1,-1,1,-1,0.009990613907575607
1,-1,-1,-1,1,-1,-1,1,1,1,1,1,1,-1,1,1,-1,-1,1,-1,0.009990613907575607
1,-1,-1,-1,1,-1,-1,1,1,1,1,1,1,1,-1,1,1,1,-1,1,0.009990613907575607
1,-1,-1,-1,1,-1,1,-1,-1,-1,-1,-1,1,-1,-1,-1,-1,-1,-1,-1,0.009990613907575607
1,-1,-1,-1,1,-1,1,-1,-1,-1,-1,1,-1,-1,1,-1,1,1,-1,-1,0.009990613907575607
1,-1,-1,-1,1,-1,1,-1,-1,-1,-1,1,1,-1,1,-1,1,1,-1,1,0.009990613907575607
1,-1,-1,-1,1,-1,1,-1,-1,-1,1,-1,-1,-1,-1,-1,1,1,-1,-1,0.009990613907575607
1,-1,-1,-1,1,-1,1,-1,-1,-1,1,-1,1,1,1,-1,1,-1,-1,1,0.009990613907575607
1,-1,-1,-1,1,-1,1,-1,-1,-1,1,1,-1,-1,1,-1,1,1,1,-1,0.009990613907575607
1,-1,-1,-1,1,-1,1,-1,-1,-1,1,1,1,-1,1,1,-1,1,1,1,0.009990613907575607
1,-1,-1,-1,1,-1,1,-1,-1,-1,1,1,1,1,-1,-1,1,1,1,-1,0.009990613907575607
1,-1,-1,-1,1,-1,1,-1,-1,-1,1,1,1,1,-1,1,1,-1,-1,1,0.009990613907575607
1,-1,-1,-1,1,-1,1,-1,-1,-1,1,1,1,1,-1,1,1,-1,1,-1,0.009990613907575607
1,-1,-1,-1,1,-1,1,-1,-1,-1,1,1,1,1,1,1,-1,-1,1,-1,0.009990613907575607
1,-1,-1,-1,1,-1,1,-1,-1,1,-1,-1,1,-1,-1,-1,-1,1,-1,1,0.009990613907575607
1,-1,-1,-1,1,-1,1,-1,-1,1,-1,1,-1,1,1,-1,1,1,-1,-1,0.009990613907575607
1,-1,-1,-1,1,-1,1,-1,-1,1,-1,1,-1,1,1,1,1,-1,1,-1,0.009990613907575607
1,-1,-1,-1,1,-1,1,-1,-1,1,-1,1,1,-1,-1,-1,-1,1,1,-1,0.009990613907575607
1,-1,-1,-1,1,-1,1,-1,-1,1,-1,1,1,-1,-1,1,-1,-1,1,-1,0.009990613907575607
1,-1,-1,-1,1,-1,1,-1,-1,1,-1,1,1,1,-1,-1,1,1,-1,-1,0.009990613907575607
1,-1,-1,-1,1,-1,1,-1,-1,1,1,-1,-1,1,-1,1,-1,-1,-1,1,0.009990613907575607
1,-1,-1,-1,1,-1,1,-1,-1,1,1,-1,-1,1,-1,1,-1,1,1,-1,0.009990613907575607
1,-1,-1,-1,1,-1,1,-1,-1,1,1,1,1,-1,1,1,1,-1,-1,-1,0.009990613907575607
1,-1,-1,-1,1,-1,1,-1,-1,1,1,1,1,1,-1,-1,1,-1,-1,1,0.009990613907575607
1,-1,-1,-1,1,-1,1,-1,-1,1,1,1,1,1,1,-1,-1,-1,-1,-1,0.009990613907575607
1,-1,-1,-1,1,-1,1,-1,1,-1,-1,-1,-1,-1,-1,1,1,-1,-1,1,0.009990613907575607
1,-1,-1,-1,1,-1,1,-1,1,-1,-1,-1,-1,1,1,-1,1,-1,1,-1,0.009990613907575607
1,-1,-1,-1,1,-1,1,-1,1,-1,-1,-1,1,-1,-1,1,1,-1,-1,-1,0.009990613907575607
1,-1,-1,-1,1,-1,1,-1,1,-1,1,-1,-1,1,-1,-1,1,1,1,1,0.009990613907575607
1,-1,-1,-1,1,-1,1,-1,1,-1,1,-1,1,-1,1,-1,-1,-1,1,-1,0.009990613907575607
1,-1,-1,-1,1,-1,1,-1,1,1,-1,-1,-1,-1,-1,-1,1,-1,1,-1,0.009990613907575607
1,-1,-1,-1,1,-1,1,-1,1,1,-1,-1,-1,-1,-1,1,-1,1,-1,1,0.009990613907575607
1,-1,-1,-1,1,-1,1,-1,1,1,-1,-1,1,1,1,1,1,1,1,1,0.009990613907575607
1,-1,-1,-1,1,-1,1,-1,1,1,-1,1,-1,1,-1,1,1,1,-1,-1,0.009990613907575607
1,-1,-1,-1,1,-1,1,-1,1,1,-1,1,1,-1,1,1,-1,1,-1,1,0.009990613907575607
1,-1,-1,-1,1,-1,1,1,-1,-1,-1,-1,-1,-1,1,-1,1,-1,-1,-1,0.009990613907575607
1,-1,-1,-1,1,-1,1,1,-1,-1,-1,-1,-1,1,-1,1,-1,-1,1,-1,0.009990613907575607
1,-1,-1,-1,1,-1,1,1,-1,-1,-1,-1,1,-1,-1,-1,1,1,1,1,0.009990613907575607
1,-1,-1,-1,1,-1,1,1,-1,-1,-1,1,-1,-1,-1,-1,-1,1,1,-1,0.009990613907575607
1,-1,-1,-1,1,-1,1,1,-1,-1,1,-1,-1,1,1,1,-1,1,-1,1,0.009990613907575607
1,-1,-1,-1,1,-1,1,1,-1,-1,1,1,-1,1,-1,-1,-1,-1,-1,-1,0.009990613907575607
1,-1,-1,-1,1,-1,1,1,-1,-1,1,1,-1,1,1,1,1,-1,1,-1,0.009990613907575607
1,-1,-1,-1,1,-1,1,1,-1,-1,1,1,1,1,-1,1,1,-1,1,-1,0.009990613907575607
1,-1,-1,-1,1,-1,1,1,-1,1,-1,-1,-1,-1,-1,-1,-1,1,-1,1,0.009990613907575607
1,-1,-1,-1,1,-1,1,1,-1,1,-1,-1,-1,-1,1,-1,-1,1,-1,-1,0.009990613907575607
1,-1,-1,-1,1,-1,1,1,-1,1,-1,-1,1,-1,1,-1,1,-1,1,-1,0.009990613907575607
1,-1,-1,-1,1,-1,1,1,-1,1,-1,1,-1,1,1,-1,1,-1,-1,-1,0.009990613907575607
1,-1,-1,-1,1,-1,1,1,-1,1,-1,1,-1,1,1,1,1,-1,1,-1,0.009990613907575607
1,-1,-1,-1,1,-1,1,1,-1,1,-1,1,1,-1,1,1,-1,-1,-1,-1,0.009990613907575607
1,-1,-1,-1,1,-1,1,1,-1,1,1,-1,-1,-1,1,-1,1,1,-1,1,0.009990613907575607
1,-1,-1,-1,1,-1,1,1,-1,1,1,-1,-1,1,1,1,-1,1,1,1,0.009990613907575607
1,-1,-1,-1,1,-1,1,1,-1,1,1,-1,-1,1,1,1,1,-1,1,-1,0.009990613907575607
1,-1,-1,-1,1,-1,1,1,-1,1,1,-1,1,-1,1,-1,-1,-1,-1,1,0.009990613907575607
1,-1,-1,-1,1,-1,1,1,-1,1,1,-1,1,-1,1,-1,1,1,-1,-1,0.009990613907575607
1,-1,-1,-1,1,-1,1,1,-1,1,1,-1,1,1,1,-1,1,1,1,1,0.009990613907575607
1,-1,-1,-1,1,-1,1,1,-1,1,1,-1,1,1,1,1,-1,1,1,1,0.009990613907575607
1,-1,-1,-1,1,-1,1,1,-1,1,1,1,-1,1,-1,1,1,-1,-1,1,0.009990613907575607
1,-1,-1,-1,1,-1,1,1,-1,1,1,1,-1,1,1,1,-1,-1,1,-1,0.009990613907575607
1,-1,-1,-1,1,-1,1,1,-1,1,1,1,1,1,1,1,-1,1,1,-1,0.009990613907575607
1,-1,-1,-1,1,-1,1,1,1,-1,-1,-1,1,-1,1,1,1,-1,1,-1,0.009990613907575607
1,-1,-1,-1,1,-1,1,1,1,-1,-1,1,1,1,-1,1,-1,1,-1,1,0.009990613907575607
1,-1,-1,-1,1,-1,1,1,1,-1,1,-1,-1,-1,1,1,1,-1,1,-1,0.009990613907575607
1,-1,-1,-1,1,-1,1,1,1,-1,1,-1,1,-1,-1,-1,-1,-1,-1,-1,0.009990613907575607
1,-1,-1,-1,1,-1,1,1,1,-1,1,-1,1,1,-1,1,1,1,-1,1,0.009990613907575607
1,-1,-1,-1,1,-1,1,1,1,-1,1,1,-1,1,1,1,-1,1,1,1,0.009990613907575607
1,-1,-1,-1,1,-1,1,1,1,-1,1,1,1,-1,1,1,1,1,-1,1,0.009990613907575607
1,-1,-1,-1,1,-1,1,1,1,-1,1,1,1,1,-1,-1,-1,1,-1,1,0.009990613907575607
1,-1,-1,-1,1,-1,1,1,1,-1,1,1,1,1,-1,-1,-1,1,1,-1,0.009990613907575607
1,-1,-1,-1,1,-1,1,1,1,-1,1,1,1,1,-1,1,1,1,-1,-1,0.009990613907575607
1,-1,-1,-1,1,-1,1,1,1,1,-1,-1,-1,-1,-1,-1,-1,-1,-1,1,0.009990613907575607
1,-1,-1,-1,1,-1,1,1,1,1,-1,-1,1,-1,-1,-1,1,-1,1,1,0.009990613907575607
1,-1,-1,-1,1,-1,1,1,1,1,-1,1,-1,1,-1,1,1,1,-1,1,0.009990613907575607
1,-1,-1,-1,1,-1,1,1,1,1,-1,1,1,-1,1,-1,1,-1,1,-1,0.009990613907575607
1,-1,-1,-1,1,-1,1,1,1,1,-1,1,1,1,-1,1,1,1,1,-1,0.009990613907575607
1,-1,-1,-1,1,-1,1,1,1,1,1,1,-1,-1,-1,1,1,1,1,1,0.009990613907575607
1,-1,-1,-1,1,-1,1,1,1,1,1,1,-1,-1,1,-1,-1,-1,1,1,0.009990613907575607
1,-1,-1,-1,1,-1,1,1,1,1,1,1,-1,1,1,1,-1,-1,1,-1,0.009990613907575607
1,-1,-1,-1,1,-1,1,1,1,1,1,1,1,-1,1,1,1,-1,-1,-1,0.009990613907575607
1,-1,-1,-1,1,1,-1,-1,-1,-1,-1,-1,-1,1,1,1,1,1,1,-1,0.009990613907575607
1,-1,-1,-1,1,1,-1,-1,-1,-1,-1,1,-1,-1,1,-1,-1,1,-1,1,0.009990613907575607
1,-1,-1,-1,1,1,-1,-1,-1,-1,-1,1,-1,1,-1,1,1,1,1,-1,0.009990613907575607
1,-1,-1,-1,1,1,-1,-1,-1,-1,-1,1,-1,1,1,-1,1,1,-1,-1,0.009990613907575607
1,-1,-1,-1,1,1,-1,-1,-1,-1,1,-1,-1,1,1,-1,1,1,-1,1,0.009990613907575607
1,-1,-1,-1,1,1,-1,-1,-1,-1,1,-1,1,-1,-1,1,-1,1,1,-1,0.009990613907575607
1,-1,-1,-1,1,1,-1,-1,-1,-1,1,-1,1,1,1,1,1,1,1,-1,0.009990613907575607
1,-1,-1,-1,1,1,-1,-1,-1,-1,1,1,1,1,1,1,-1,1,1,1,0.009990613907575607
1,-1,-1,-1,1,1,-1,-1,-1,1,-1,-1,-1,1,-1,-1,1,1,1,-1,0.009990613907575607
1,-1,-1,-1,1,1,-1,-1,-1,1,-1,-1,1,1,-1,1,1,-1,1,-1,0.009990613907575607
1,-1,-1,-1,1,1,-1,-1,-1,1,-1,1,-1,1,-1,-1,-1,1,1,-1,0.009990613907575607
1,-1,-1,-1,1,1,-1,-1,-1,1,-1,1,-1,1,-1,1,1,1,1,1,0.009990613907575607
1,-1,-1,-1,1,1,-1,-1,-1,1,-1,1,1,-1,1,-1,-1,1,1,1,0.009990613907575607
1,-1,-1,-1,1,1,-1,-1,-1,1,1,-1,1,-1,1,1,-1,-1,-1,-1,0.009990613907575607
1,-1,-1,-1,1,1,-1,-1,-1,1,1,1,1,-1,-1,-1,-1,1,1,-1,0.009990613907575607
1,-1,-1,-1,1,1,-1,-1,1,-1,-1,1,-1,1,1,-1,1,-1,-1,-1,0.009990613907575607
1,-1,-1,-1,1,1,-1,-1,1,-1,1,-1,-1,-1,1,1,-1,-1,-1,-1,0.009990613907575607
1,-1,-1,-1,1,1,-1,-1,1,-1,1,-1,-1,-1,1,1,1,1,-1,-1,0.009990613907575607
1,-1,-1,-1,1,1,-1,-1,1,-1,1,-1,-1,1,1,1,1,-1,1,1,0.009990613907575607
1,-1,-1,-1,1,1,-1,-1,1,-1,1,-1,1,-1,-1,1,1,1,1,-1,0.009990613907575607
1,-1,-1,-1,1,1,-1,-1,1,-1,1,-1,1,1,1,1,1,1,1,-1,0.009990613907575607
1,-1,-1,-1,1,1,-1,-1,1,-1,1,1,-1,-1,-1,1,1,-1,1,1,0.009990613907575607
1,-1,-1,-1,1,1,-1,-1,1,-1,1,1,1,1,-1,1,-1,-1,1,-1,0.009990613907575607
1,-1,-1,-1,1,1,-1,-1,1,-1,1,1,1,1,-1,1,-1,1,1,1,0.009990613907575607
1,-1,-1,-1,1,1,-1,-1,1,1,-1,-1,-1,-1,-1,1,1,1,1,1,0.009990613907575607
1,-1,-1,-1,1,1,-1,-1,1,1,-1,-1,-1,1,-1,1,1,1,1,1,0.009990613907575607
1,-1,-1,-1,1,1,-1,-1,1,1,-1,-1,-1,1,1,1,-1,1,1,-1,0.009990613907575607
1,-1,-1,-1,1,1,-1,-1,1,1,-1,-1,1,-1,1,-1,-1,-1,-1,1,0.009990613907575607
1,-1,-1,-1,1,1,-1,-1,1,1,-1,1,-1,1,-1,1,1,1,-1,1,0.009990613907575607
1,-1,-1,-1,1,1,-1,-1,1,1,-1,1,-1,1,1,1,1,1,-1,1,0.009990613907575607
1,-1,-1,-1,1,1,-1,-1,1,1,1,-1,-1,-1,-1,1,-1,-1,-1,1,0.009990613907575607
1,-1,-1,-1,1,1,-1,-1,1,1,1,-1,1,-1,1,1,-1,-1,-1,-1,0.009990613907575607
1,-1,-1,-1,1,1,-1,-1,1,1,1,-1,1,1,1,-1,-1,1,1,-1,0.009990613907575607
1,-1,-1,-1,1,1,-1,-1,1,1,1,1,1,-1,-1,1,1,1,1,-1,0.009990613907575607
1,-1,-1,-1,1,1,-1,1,-1,-1,-1,-1,1,-1,-1,1,-1,1,-1,-1,0.009990613907575607
1,-1,-1,-1,1,1,-1,1,-1,-1,-1,-1,1,1,-1,1,1,-1,-1,1,0.009990613907575607
1,-1,-1,-1,1,1,-1,1,-1,-1,-1,-1,1,1,-1,1,1,1,-1,1,0.009990613907575607
1,-1,-1,-1,1,1,-1,1,-1,-1,-1,1,-1,-1,1,-1,-1,1,1,1,0.009990613907575607
1,-1,-1,-1,1,1,-1,1,-1,-1,-1,1,1,-1,-1,-1,1,1,-1,-1,0.009990613907575607
1,-1,-1,-1,1,1,-1,1,-1,-1,1,-1,1,-1,1,-1,1,1,-1,-1,0.009990613907575607
1,-1,-1,-1,1,1,-1,1,-1,-1,1,-1,1,1,-1,-1,-1,-1,1,-1,0.009990613907575607
1,-1,-1,-1,1,1,-1,1,-1,1,-1,-1,1,-1,1,-1,-1,-1,-1,-1,0.009990613907575607
1,-1,-1,-1,1,1,-1,1,-1,1,-1,-1,1,1,-1,-1,1,-1,-1,1,0.009990613907575607
1,-1,-1,-1,1,1,-1,1,-1,1,-1,-1,1,1,1,1,1,-1,1,-1,0.009990613907575607
1,-1,-1,-1,1,1,-1,1,-1,1,-1,1,1,-1,-1,1,1,1,-1,-1,0.009990613907575607
1,-1,-1,-1,1,1,-1,1,-1,1,-1,1,1,-1,1,-1,1,1,-1,1,0.009990613907575607
1,-1,-1,-1,1,1,-1,1,-1,1,1,-1,1,-1,-1,1,-1,1,1,-1,0.009990613907575607
1,-1,-1,-1,1,1,-1,1,-1,1,1,-1,1,1,1,-1,1,1,1,-1,0.009990613907575607
1,-1,-1,-1,1,1,-1,1,-1,1,1,-1,1,1,1,1,-1,1,-1,1,0.009990613907575607
1,-1,-1,-1,1,1,-1,1,-1,1,1,1,-1,-1,-1,-1,1,1,1,-1,0.009990613907575607
1,-1,-1,-1,1,1,-1,1,-1,1,1,1,-1,-1,-1,1,1,-1,-1,-1,0.009990613907575607
1,-1,-1,-1,1,1,-1,1,-1,1,1,1,-1,-1,1,-1,-1,1,1,1,0.009990613907575607
1,-1,-1,-1,1,1,-1,1,-1,1,1,1,-1,-1,1,-1,1,-1,-1,1,0.009990613907575607
1,-1,-1,-1,1,1,-1,1,-1,1,1,1,-1,1,-1,-1,1,-1,1,1,0.009990613907575607
1,-1,-1,-1,1,1,-1,1,-1,1,1,1,-1,1,-1,1,-1,-1,-1,-1,0.009990613907575607
1,-1,-1,-1,1,1,-1,1,1,-1,-1,-1,1,-1,-1,-1,1,-1,-1,-1,0.009990613907575607
1,-1,-1,-1,1,1,-1,1,1,-1,-1,-1,1,-1,1,1,-1,1,-1,1,0.009990613907575607
1,-1,-1,-1,1,1,-1,1,1,-1,-1,-1,1,1,1,1,1,-1,-1,-1,0.009990613907575607
1,-1,-1,-1,1,1,-1,1,1,-1,-1,1,-1,-1,1,-1,1,1,1,-1,0.009990613907575607
1,-1,-1,-1,1,1,-1,1,1,-1,-1,1,1,1,-1,-1,1,-1,1,-1,0.009990613907575607
1,-1,-1,-1,1,1,-1,1,1,-1,1,1,-1,-1,-1,1,1,1,1,-1,0.009990613907575607
1,-1,-1,-1,1,1,-1,1,1,-1,1,1,1,-1,-1,1,-1,1,1,-1,0.009990613907575607
1,-1,-1,-1,1,1,-1,1,1,-1,1,1,1,1,-1,-1,-1,-1,-1,-1,0.009990613907575607
1,-1,-1,-1,1,1,-1,1,1,1,1,-1,-1,-1,-1,-1,1,1,1,-1,0.009990613907575607
1,-1,-1,-1,1,1,-1,1,1,1,1,-1,-1,1,-1,-1,1,-1,-1,-1,0.009990613907575607
1,-1,-1,-1,1,1,-1,1,1,1,1,-1,1,-1,1,1,1,-1,-1,1,0.009990613907575607
1,-1,-1,-1,1,1,-1,1,1,1,1,-1,1,1,-1,1,-1,-1,1,-1,0.009990613907575607
1,-1,-1,-1,1,1,-1,1,1,1,1,1,-1,-1,-1,-1,-1,-1,-1,1,0.009990613907575607
1,-1,-1,-1,1,1,-1,1,1,1,1,1,-1,-1,1,1,-1,-1,-1,1,0.009990613907575607
1,-1,-1,-1,1,1,-1,1,1,1,1,1,1,1,-1,1,1,1,1,1,0.009990613907575607
1,-1,-1,-1,1,1,1,-1,-1,-1,-1,-1,-1,-1,-1,-1,-1,1,1,-1,0.009990613907575607
1,-1,-1,-1,1,1,1,-1,-1,-1,-1,-1,1,-1,-1,1,-1,-1,1,1,0.009990613907575607
1,-1,-1,-1,1,1,1,-1,-1,-1,-1,1,1,-1,-1,1,1,1,-1,-1,0.009990613907575607
1,-1,-1,-1,1,1,1,-1,-1,-1,1,-1,-1,-1,1,1,1,-1,1,-1,0.009990613907575607
1,-1,-1,-1,1,1,1,-1,-1,-1,1,-1,-1,1,-1,-1,-1,1,-1,1,0.009990613907575607
1,-1,-1,-1,1,1,1,-1,-1,-1,1,-1,1,1,-1,-1,-1,-1,1,-1,0.009990613907575607
1,-1,-1,-1,1,1,1,-1,-1,-1,1,-1,1,1,-1,-1,-1,1,-1,-1,0.009990613907575607
1,-1,-1,-1,1,1,1,-1,-1,-1,1,1,-1,-1,1,-1,-1,1,1,1,0.009990613907575607
1,-1,-1,-1,1,1,1,-1,-1,-1,1,1,-1,1,-1,-1,1,1,1,-1,0.009990613907575607
1,-1,-1,-1,1,1,1,-1,-1,-1,1,1,-1,1,1,1,-1,1,1,-1,0.009990613907575607
1,-1,-1,-1,1,1,1,-1,-1,-1,1,1,1,-1,-1,-1,-1,-1,-1,1,0.009990613907575607
1,-1,-1,-1,1,1,1,-1,-1,-1,1,1,1,1,-1,1,-1,-1,-1,1,0.009990613907575607
1,-1,-1,-1,1,1,1,-1,-1,-1,1,1,1,1,1,1,-1,1,1,1,0.009990613907575607
1,-1,-1,-1,1,1,1,-1,-1,1,-1,1,1,1,1,1,-1,1,1,-1,0.009990613907575607
1,-1,-1,-1,1,1,1,-1,-1,1,1,-1,-1,-1,1,-1,-1,-1,-1,-1,0.009990613907575607
1,-1,-1,-1,1,1,1,-1,-1,1,1,-1,-1,1,-1,-1,-1,1,1,-1,0.009990613907575607
1,-1,-1,-1,1,1,1,-1,-1,1,1,1,1,1,1,-1,-1,-1,1,-1,0.009990613907575607
1,-1,-1,-1,1,1,1,-1,1,-1,-1,-1,-1,1,-1,-1,-1,-1,1,-1,0.009990613907575607
1,-1,-1,-1,1,1,1,-1,1,-1,-1,1,-1,-1,1,1,-1,-1,1,1,0.009990613907575607
1,-1,-1,-1,1,1,1,-1,1,-1,1,1,-1,1,1,-1,-1,1,-1,-1,0.009990613907575607
1,-1,-1,-1,1,1,1,-1,1,-1,1,1,1,-1,-1,-1,-1,-1,1,-1,0.009990613907575607
1,-1,-1,-1,1,1,1,-1,1,-1,1,1,1,-1,1,1,1,-1,1,1,0.009990613907575607
1,-1,-1,-1,1,1,1,-1,1,-1,1,1,1,-1,1,1,1,1,-1,-1,0.009990613907575607
1,-1,-1,-1,1,1,1,-1,1,-1,1,1,1,1,-1,-1,1,1,1,1,0.009990613907575607
1,-1,-1,-1,1,1,1,-1,1,1,-1,-1,-1,-1,-1,-1,1,1,1,-1,0.009990613907575607
1,-1,-1,-1,1,1,1,-1,1,1,-1,1,-1,1,1,1,-1,-1,1,1,0.009990613907575607
1,-1,-1,-1,1,1,1,-1,1,1,-1,1,1,-1,-1,1,-1,-1,-1,-1,0.009990613907575607
1,-1,-1,-1,1,1,1,-1,1,1,-1,1,1,-1,1,-1,-1,-1,1,-1,0.009990613907575607
1,-1,-1,-1,1,1,1,-1,1,1,-1,1,1,-1,1,-1,1,1,-1,-1,0.009990613907575607
1,-1,-1,-1,1,1,1,-1,1,1,-1,1,1,1,1,1,1,1,-1,1,0.009990613907575607
1,-1,-1,-1,1,1,1,-1,1,1,1,-1,-1,-1,-1,1,-1,1,1,1,0.009990613907575607
1,-1,-1,-1,1,1,1,-1,1,1,1,-1,-1,1,-1,1,-1,-1,1,1,0.009990613907575607
1,-1,-1,-1,1,1,1,-1,1,1,1,-1,-1,1,-1,1,1,1,-1,1,0.009990613907575607
1,-1,-1,-1,1,1,1,-1,1,1,1,1,-1,-1,1,-1,-1,-1,-1,1,0.009990613907575607
1,-1,-1,-1,1,1,1,-1,1,1,1,1,-1,-1,1,1,1,1,1,-1,0.009990613907575607
1,-1,-1,-1,1,1,1,-1,1,1,1,1,-1,1,-1,1,1,-1,1,1,0.009990613907575607
1,-1,-1,-1,1,1,1,-1,1,1,1,1,-1,1,1,1,-1,1,1,-1,0.009990613907575607
1,-1,-1,-1,1,1,1,1,-1,-1,-1,-1,-1,-1,1,1,-1,-1,-1,1,0.009990613907575607
1,-1,-1,-1,1,1,1,1,-1,-1,-1,-1,1,1,1,1,-1,-1,-1,1,0.009990613907575607
1,-1,-1,-1,1,1,1,1,-1,-1,-1,1,-1,-1,1,-1,-1,-1,1,-1,0.009990613907575607
1,-1,-1,-1,1,1,1,1,-1,-1,1,-1,-1,-1,1,1,-1,-1,-1,-1,0.009990613907575607
1,-1,-1,-1,1,1,1,1,-1,-1,1,-1,1,-1,-1,-1,1,1,-1,1,0.009990613907575607
1,-1,-1,-1,1,1,1,1,-1,-1,1,-1,1,-1,1,-1,1,1,-1,1,0.009990613907575607
1,-1,-1,-1,1,1,1,1,-1,-1,1,-1,1,1,1,-1,-1,-1,-1,-1,0.009990613907575607
1,-1,-1,-1,1,1,1,1,-1,-1,1,1,1,1,1,-1,1,1,1,1,0.009990613907575607
1,-1,-1,-1,1,1,1,1,-1,1,-1,-1,-1,1,-1,-1,-1,-1,1,-1,0.009990613907575607
1,-1,-1,-1,1,1,1,1,-1,1,-1,-1,1,-1,-1,1,1,-1,1,-1,0.009990613907575607
1,-1,-1,-1,1,1,1,1,-1,1,-1,-1,1,1,1,1,1,-1,1,-1,0.009990613907575607
1,-1,-1,-1,1,1,1,1,-1,1,-1,1,-1,-1,-1,-1,-1,1,1,-1,0.009990613907575607
1,-1,-1,-1,1,1,1,1,-1,1,-1,1,1,-1,1,1,-1,-1,-1,1,0.009990613907575607
1,-1,-1,-1,1,1,1,1,-1,1,1,-1,-1,-1,-1,1,1,1,1,1,0.009990613907575607
1,-1,-1,-1,1,1,1,1,-1,1,1,1,-1,-1,-1,-1,-1,1,1,1,0.009990613907575607
1,-1,-1,-1,1,1,1,1,-1,1,1,1,1,1,-1,-1,1,1,1,-1,0.009990613907575607
1,-1,-1,-1,1,1,1,1,1,-1,-1,-1,-1,-1,1,1,1,1,1,-1,0.009990613907575607
1,-1,-1,-1,1,1,1,1,1,-1,-1,1,-1,-1,-1,-1,-1,-1,-1,1,0.009990613907575607
1,-1,-1,-1,1,1,1,1,1,-1,-1,1,-1,-1,1,1,1,-1,1,1,0.009990613907575607
1,-1,-1,-1,1,1,1,1,1,-1,-1,1,-1,1,1,-1,-1,1,1,1,0.009990613907575607
1,-1,-1,-1,1,1,1,1,1,-1,-1,1,1,1,1,-1,1,1,1,1,0.009990613907575607
1,-1,-1,-1,1,1,1,1,1,-1,1,-1,-1,-1,-1,-1,1,1,-1,-1,0.009990613907575607
1,-1,-1,-1,1,1,1,1,1,-1,1,-1,1,-1,1,1,1,-1,1,1,0.009990613907575607
1,-1,-1,-1,1,1,1,1,1,-1,1,1,-1,1,-1,1,-1,1,1,1,0.009990613907575607
1,-1,-1,-1,1,1,1,1,1,-1,1,1,1,1,1,-1,1,-1,-1,-1,0.009990613907575607
1,-1,-1,-1,1,1,1,1,1,1,-1,-1,1,-1,1,-1,-1,1,-1,1,0.009990613907575607
1,-1,-1,-1,1,1,1,1,1,1,-1,-1,1,-1,1,-1,1,1,1,1,0.009990613907575607
1,-1,-1,-1,1,1,1,1,1,1,-1,-1,1,1,1,-1,1,-1,1,-1,0.009990613907575607
1,-1,-1,-1,1,1,1,1,1,1,-1,1,1,-1,-1,1,-1,1,1,1,0.009990613907575607
1,-1,-1,-1,1,1,1,1,1,1,-1,1,1,-1,1,-1,1,1,1,-1,0.009990613907575607
1,-1,-1,-1,1,1,1,1,1,1,1,-1,-1,-1,-1,-1,1,-1,-1,1,0.009990613907575607
1,-1,-1,-1,1,1,1,1,1,1,1,-1,-1,1,-1,1,1,-1,1,-1,0.009990613907575607
1,-1,-1,-1,1,1,1,1,1,1,1,1,-1,1,-1,-1,-1,1,-1,1,0.009990613907575607
1,-1,-1,-1,1,1,1,1,1,1,1,1,-1,1,-1,1,1,1,-1,-1,0.009990613907575607
1,-1,-1,-1,1,1,1,1,1,1,1,1,1,1,1,1,1,-1,-1,1,0.009990613907575607
1,-1,-1,1,-1,-1,-1,-1,-1,-1,-1,-1,-1,-1,-1,-1,-1,1,-1,-1,0.009990613907575607
1,-1,-1,1,-1,-1,-1,-1,-1,-1,-1,-1,1,1,1,-1,-1,1,-1,1,0.009990613907575607
1,-1,-1,1,-1,-1,-1,-1,-1,-1,-1,1,-1,1,-1,-1,-1,-1,-1,1,0.009990613907575607
1,-1,-1,1,-1,-1,-1,-1,-1,-1,-1,1,1,-1,1,-1,-1,-1,-1,-1,0.009990613907575607
1,-1,-1,1,-1,-1,-1,-1,-1,-1,-1,1,1,1,1,1,-1,-1,-1,1,0.009990613907575607
1,-1,-1,1,-1,-1,-1,-1,-1,-1,1,-1,1,1,1,1,-1,-1,-1,1,0.009990613907575607
1,-1,-1,1,-1,-1,-1,-1,-1,-1,1,1,-1,1,-1,1,-1,1,1,1,0.009990613907575607
1,-1,-1,1,-1,-1,-1,-1,-1,1,-1,-1,-1,-1,1,-1,-1,-1,-1,1,0.009990613907575607
1,-1,-1,1,-1,-1,-1,-1,-1,1,-1,-1,-1,1,-1,-1,1,1,-1,1,0.009990613907575607
1,-1,-1,1,-1,-1,-1,-1,-1,1,-1,-1,-1,1,-1,-1,1,1,1,-1,0.009990613907575607
1,-1,-1,1,-1,-1,-1,-1,-1,1,-1,-1,-1,1,-1,1,1,-1,-1,1,0.009990613907575607
1,-1,-1,1,-1,-1,-1,-1,-1,1,-1,-1,-1,1,-1,1,1,1,-1,1,0.009990613907575607
1,-1,-1,1,-1,-1,-1,-1,-1,1,-1,-1,-1,1,1,1,-1,-1,-1,-1,0.009990613907575607
1,-1,-1,1,-1,-1,-1,-1,-1,1,-1,-1,-1,1,1,1,-1,-1,1,-1,0.009990613907575607
1,-1,-1,1,-1,-1,-1,-1,-1,1,-1,-1,1,-1,-1,-1,1,-1,-1,1,0.009990613907575607
1,-1,-1,1,-1,-1,-1,-1,-1,1,-1,-1,1,-1,1,1,1,1,1,-1,0.009990613907575607
1,-1,-1,1,-1,-1,-1,-1,-1,1,-1,-1,1,1,1,-1,1,1,-1,-1,0.009990613907575607
1,-1,-1,1,-1,-1,-1,-1,1,-1,-1,-1,1,-1,-1,1,1,1,1,-1,0.009990613907575607
1,-1,-1,1,-1,-1,-1,-1,1,-1,-1,1,-1,1,-1,1,1,-1,1,1,0.009990613907575607
1,-1,-1,1,-1,-1,-1,-1,1,-1,1,-1,-1,-1,-1,1,-1,1,-1,1,0.009990613907575607
1,-1,-1,1,-1,-1,-1,-1,1,-1,1,1,-1,-1,1,-1,-1,-1,1,1,0.009990613907575607
1,-1,-1,1,-1,-1,-1,-1,1,-1,1,1,-1,-1,1,1,-1,1,-1,-1,0.009990613907575607
1,-1,-1,1,-1,-1,-1,-1,1,-1,1,1,-1,1,1,-1,1,1,-1,1,0.009990613907575607
1,-1,-1,1,-1,-1,-1,-1,1,-1,1,1,1,1,1,1,1,-1,1,-1,0.009990613907575607
1,-1,-1,1,-1,-1,-1,-1,1,1,-1,-1,-1,1,-1,1,-1,-1,-1,1,0.009990613907575607
1,-1,-1,1,-1,-1,-1,-1,1,1,-1,-1,1,-1,1,1,1,-1,-1,1,0.009990613907575607
1,-1,-1,1,-1,-1,-1,-1,1,1,-1,-1,1,-1,1,1,1,-1,1,-1,0.009990613907575607
1,-1,-1,1,-1,-1,-1,-1,1,1,-1,1,-1,1,1,-1,1,1,-1,1,0.009990613907575607
1,-1,-1,1,-1,-1,-1,-1,1,1,-1,1,1,-1,1,1,-1,-1,-1,-1,0.009990613907575607
1,-1,-1,1,-1,-1,-1,-1,1,1,1,-1,-1,-1,1,-1,1,1,1,-1,0.009990613907575607
1,-1,-1,1,-1,-1,-1,-1,1,1,1,-1,-1,1,1,1,-1,-1,-1,-1,0.009990613907575607
1,-1,-1,1,-1,-1,-1,-1,1,1,1,-1,1,1,1,1,1,1,-1,-1,0.009990613907575607
1,-1,-1,1,-1,-1,-1,-1,1,1,1,1,1,-1,-1,1,-1,-1,1,-1,0.009990613907575607
1,-1,-1,1,-1,-1,-1,1,-1,-1,-1,-1,-1,1,-1,-1,1,-1,1,1,0.009990613907575607
1,-1,-1,1,-1,-1,-1,1,-1,-1,-1,-1,1,1,-1,-1,-1,1,1,1,0.009990613907575607
1,-1,-1,1,-1,-1,-1,1,-1,-1,-1,1,-1,1,-1,1,1,-1,1,-1,0.009990613907575607
1,-1,-1,1,-1,-1,-1,1,-1,-1,-1,1,1,1,1,-1,-1,-1,-1,-1,0.009990613907575607
1,-1,-1,1,-1,-1,-1,1,-1,-1,-1,1,1,1,1,1,-1,-1,1,-1,0.009990613907575607
1,-1,-1,1,-1,-1,-1,1,-1,-1,1,-1,-1,-1,1,1,-1,-1,-1,1,0.009990613907575607
1,-1,-1,1,-1,-1,-1,1,-1,-1,1,-1,-1,-1,1,1,1,1,1,1,0.009990613907575607
1,-1,-1,1,-1,-1,-1,1,-1,-1,1,-1,-1,1,-1,1,-1,-1,1,-1,0.009990613907575607
1,-1,-1,1,-1,-1,-1,1,-1,-1,1,-1,-1,1,-1,1,-1,1,-1,-1,0.009990613907575607
1,-1,-1,1,-1,-1,-1,1,-1,-1,1,-1,1,1,1,1,-1,1,1,1,0.009990613907575607
1,-1,-1,1,-1,-1,-1,1,-1,-1,1,1,-1,-1,1,1,-1,1,-1,1,0.009990613907575607
1,-1,-1,1,-1,-1,-1,1,-1,-1,1,1,1,-1,-1,-1,1,1,1,-1,0.009990613907575607
1,-1,-1,1,-1,-1,-1,1,-1,1,-1,-1,-1,-1,1,1,1,-1,-1,1,0.009990613907575607
1,-1,-1,1,-1,-1,-1,1,-1,1,-1,-1,1,-1,-1,-1,1,1,-1,1,0.009990613907575607
1,-1,-1,1,-1,-1,-1,1,-1,1,-1,-1,1,-1,1,-1,1,1,-1,1,0.009990613907575607
1,-1,-1,1,-1,-1,-1,1,-1,1,-1,-1,1,1,1,-1,1,-1,-1,1,0.009990613907575607
1,-1,-1,1,-1,-1,-1,1,-1,1,-1,1,-1,1,1,-1,-1,1,1,1,0.009990613907575607
1,-1,-1,1,-1,-1,-1,1,-1,1,-1,1,1,1,1,-1,1,-1,1,1,0.009990613907575607
1,-1,-1,1,-1,-1,-1,1,-1,1,1,-1,-1,-1,-1,-1,-1,1,1,1,0.009990613907575607
1,-1,-1,1,-1,-1,-1,1,-1,1,1,-1,-1,1,1,1,1,-1,-1,-1,0.009990613907575607
1,-1,-1,1,-1,-1,-1,1,-1,1,1,-1,1,1,-1,1,1,1,1,-1,0.009990613907575607
1,-1,-1,1,-1,-1,-1,1,-1,1,1,-1,1,1,1,-1,1,-1,1,1,0.009990613907575607
1,-1,-1,1,-1,-1,-1,1,-1,1,1,1,-1,1,1,-1,1,1,-1,-1,0.009990613907575607
1,-1,-1,1,-1,-1,-1,1,-1,1,1,1,1,1,1,1,1,1,1,1,0.009990613907575607
1,-1,-1,1,-1,-1,-1,1,1,-1,-1,-1,-1,1,-1,-1,-1,1,1,-1,0.009990613907575607
1,-1,-1,1,-1,-1,-1,1,1,-1,-1,-1,1,1,1,-1,1,-1,-1,1,0.009990613907575607
1,-1,-1,1,-1,-1,-1,1,1,-1,-1,1,-1,-1,1,-1,-1,1,-1,-1,0.009990613907575607
1,-1,-1,1,-1,-1,-1,1,1,-1,-1,1,1,-1,1,-1,1,1,-1,1,0.009990613907575607
1,-1,-1,1,-1,-1,-1,1,1,-1,-1,1,1,1,1,-1,1,-1,1,1,0.009990613907575607
1,-1,-1,1,-1,-1,-1,1,1,-1,1,-1,-1,-1,-1,-1,1,-1,-1,-1,0.009990613907575607
1,-1,-1,1,-1,-1,-1,1,1,-1,1,-1,-1,1,-1,-1,1,-1,-1,1,0.009990613907575607
1,-1,-1,1,-1,-1,-1,1,1,-1,1,1,-1,-1,1,-1,-1,-1,1,1,0.009990613907575607
1,-1,-1,1,-1,-1,-1,1,1,-1,1,1,1,-1,-1,1,-1,1,-1,-1,0.009990613907575607
1,-1,-1,1,-1,-1,-1,1,1,1,-1,-1,-1,-1,-1,-1,1,1,-1,1,0.009990613907575607
1,-1,-1,1,-1,-1,-1,1,1,1,-1,-1,1,-1,1,-1,1,-1,1,-1,0.009990613907575607
1,-1,-1,1,-1,-1,-1,1,1,1,-1,1,-1,-1,-1,-1,-1,-1,-1,-1,0.009990613907575607
1,-1,-1,1,-1,-1,-1,1,1,1,1,-1,-1,-1,-1,1,1,1,-1,1,0.009990613907575607
1,-1,-1,1,-1,-1,-1,1,1,1,1,-1,-1,-1,1,-1,-1,-1,-1,-1,0.009990613907575607
1,-1,-1,1,-1,-1,-1,1,1,1,1,-1,-1,1,-1,-1,1,-1,-1,1,0.009990613907575607
1,-1,-1,1,-1,-1,-1,1,1,1,1,-1,-1,1,1,1,-1,1,1,1,0.009990613907575607
1,-1,-1,1,-1,-1,-1,1,1,1,1,-1,1,1,-1,1,1,1,1,1,0.009990613907575607
1,-1,-1,1,-1,-1,-1,1,1,1,1,-1,1,1,1,-1,-1,1,1,1,0.009990613907575607
1,-1,-1,1,-1,-1,-1,1,1,1,1,1,-1,1,-1,1,-1,1,1,-1,0.009990613907575607
1,-1,-1,1,-1,-1,1,-1,-1,-1,-1,-1,-1,-1,-1,1,-1,-1,1,1,0.009990613907575607
1,-1,-1,1,-1,-1,1,-1,-1,-1,-1,-1,-1,-1,-1,1,1,-1,1,1,0.009990613907575607
1,-1,-1,1,-1,-1,1,-1,-1,-1,-1,-1,-1,-1,1,-1,1,-1,1,1,0.009990613907575607
1,-1,-1,1,-1,-1,1,-1,-1,-1,-1,-1,-1,-1,1,1,-1,1,-1,1,0.009990613907575607
1,-1,-1,1,-1,-1,1,-1,-1,-1,-1,-1,-1,1,1,1,1,-1,1,-1,0.009990613907575607
1,-1,-1,1,-1,-1,1,-1,-1,-1,-1,-1,1,1,-1,1,-1,-1,-1,1,0.009990613907575607
1,-1,-1,1,-1,-1,1,-1,-1,-1,-1,-1,1,1,1,-1,-1,1,1,-1,0.009990613907575607
1,-1,-1,1,-1,-1,1,-1,-1,-1,-1,-1,1,1,1,1,-1,-1,1,1,0.009990613907575607
1,-1,-1,1,-1,-1,1,-1,-1,-1,-1,1,1,-1,-1,1,-1,-1,-1,-1,0.009990613907575607
1,-1,-1,1,-1,-1,1,-1,-1,-1,-1,1,1,-1,1,1,-1,1,1,1,0.009990613907575607
1,-1,-1,1,-1,-1,1,-1,-1,-1,-1,1,1,1,-1,-1,-1,1,-1,-1,0.009990613907575607
1,-1,-1,1,-1,-1,1,-1,-1,-1,-1,1,1,1,-1,-1,-1,1,-1,1,0.009990613907575607
1,-1,-1,1,-1,-1,1,-1,-1,-1,1,-1,-1,-1,-1,-1,1,1,-1,1,0.009990613907575607
1,-1,-1,1,-1,-1,1,-1,-1,-1,1,-1,-1,-1,-1,1,1,1,1,-1,0.009990613907575607
1,-1,-1,1,-1,-1,1,-1,-1,-1,1,-1,-1,-1,1,1,1,1,1,1,0.009990613907575607
1,-1,-1,1,-1,-1,1,-1,-1,-1,1,-1,1,-1,-1,-1,-1,1,1,1,0.009990613907575607
1,-1,-1,1,-1,-1,1,-1,-1,-1,1,-1,1,-1,-1,-1,1,-1,1,1,0.009990613907575607
1,-1,-1,1,-1,-1,1,-1,-1,-1,1,-1,1,-1,1,-1,1,-1,1,1,0.009990613907575607
1,-1,-1,1,-1,-1,1,-1,-1,-1,1,1,1,-1,-1,-1,-1,1,1,1,0.009990613907575607
1,-1,-1,1,-1,-1,1,-1,-1,-1,1,1,1,-1,1,1,-1,1,-1,-1,0.009990613907575607
1,-1,-1,1,-1,-1,1,-1,-1,1,-1,-1,-1,-1,-1,1,-1,-1,-1,1,0.009990613907575607
1,-1,-1,1,-1,-1,1,-1,-1,1,-1,-1,-1,-1,1,-1,-1,-1,1,1,0.009990613907575607
1,-1,-1,1,-1,-1,1,-1,-1,1,-1,-1,-1,1,-1,1,1,-1,-1,-1,0.009990613907575607
1,-1,-1,1,-1,-1,1,-1,-1,1,-1,-1,1,1,-1,-1,-1,1,-1,1,0.009990613907575607
1,-1,-1,1,-1,-1,1,-1,-1,1,-1,1,-1,1,1,-1,-1,1,1,-1,0.009990613907575607
1,-1,-1,1,-1,-1,1,-1,-1,1,-1,1,1,1,-1,1,-1,-1,-1,1,0.009990613907575607
1,-1,-1,1,-1,-1,1,-1,-1,1,1,-1,-1,-1,-1,-1,1,1,1,1,0.009990613907575607
1,-1,-1,1,-1,-1,1,-1,-1,1,1,-1,-1,-1,-1,1,1,-1,1,1,0.009990613907575607
1,-1,-1,1,-1,-1,1,-1,-1,1,1,-1,-1,1,1,-1,1,1,1,-1,0.009990613907575607
1,-1,-1,1,-1,-1,1,-1,-1,1,1,1,-1,-1,-1,-1,1,1,1,1,0.009990613907575607
1,-1,-1,1,-1,-1,1,-1,-1,1,1,1,-1,-1,1,-1,-1,1,1,-1,0.009990613907575607
1,-1,-1,1,-1,-1,1,-1,1,-1,-1,-1,-1,-1,-1,-1,-1,1,1,1,0.009990613907575607
1,-1,-1,1,-1,-1,1,-1,1,-1,-1,-1,1,-1,-1,-1,-1,1,1,1,0.009990613907575607
1,-1,-1,1,-1,-1,1,-1,1,-1,-1,-1,1,-1,-1,1,1,-1,-1,1,0.009990613907575607
1,-1,-1,1,-1,-1,1,-1,1,-1,-1,-1,1,-1,1,1,1,-1,1,-1,0.009990613907575607
1,-1,-1,1,-1,-1,1,-1,1,-1,-1,-1,1,1,-1,-1,-1,-1,1,-1,0.009990613907575607
1,-1,-1,1,-1,-1,1,-1,1,-1,-1,-1,1,1,1,1,-1,-1,1,-1,0.009990613907575607
1,-1,-1,1,-1,-1,1,-1,1,-1,-1,1,-1,-1,-1,-1,-1,-1,-1,1,0.009990613907575607
1,-1,-1,1,-1,-1,1,-1,1,-1,-1,1,-1,-1,-1,1,1,-1,1,1,0.009990613907575607
1,-1,-1,1,-1,-1,1,-1,1,-1,-1,1,-1,1,1,1,1,1,-1,-1,0.009990613907575607
1,-1,-1,1,-1,-1,1,-1,1,-1,-1,1,1,-1,-1,-1,1,-1,-1,1,0.009990613907575607
1,-1,-1,1,-1,-1,1,-1,1,-1,1,-1,-1,-1,-1,1,-1,1,-1,1,0.009990613907575607
1,-1,-1,1,-1,-1,1,-1,1,-1,1,-1,-1,-1,-1,1,1,1,1,-1,0.009990613907575607
1,-1,-1,1,-1,-1,1,-1,1,-1,1,-1,-1,1,-1,-1,1,1,1,-1,0.009990613907575607
1,-1,-1,1,-1,-1,1,-1,1,-1,1,-1,1,1,-1,1,1,-1,-1,1,0.009990613907575607
1,-1,-1,1,-1,-1,1,-1,1,-1,1,1,1,-1,1,-1,-1,1,1,1,0.009990613907575607
1,-1,-1,1,-1,-1,1,-1,1,1,-1,-1,-1,-1,-1,-1,-1,-1,-1,-1,0.009990613907575607
1,-1,-1,1,-1,-1,1,-1,1,1,-1,-1,-1,-1,-1,-1,-1,1,1,1,0.009990613907575607
1,-1,-1,1,-1,-1,1,-1,1,1,-1,-1,-1,-1,1,-1,1,-1,-1,1,0.009990613907575607
1,-1,-1,1,-1,-1,1,-1,1,1,-1,-1,1,-1,-1,-1,1,-1,-1,-1,0.009990613907575607
1,-1,-1,1,-1,-1,1,-1,1,1,-1,1,-1,1,1,1,-1,1,1,-1,0.009990613907575607
1,-1,-1,1,-1,-1,1,-1,1,1,-1,1,1,-1,-1,-1,-1,-1,-1,1,0.009990613907575607
1,-1,-1,1,-1,-1,1,-1,1,1,1,-1,-1,1,1,1,-1,1,-1,-1,0.009990613907575607
1,-1,-1,1,-1,-1,1,-1,1,1,1,-1,1,-1,1,-1,1,1,-1,1,0.009990613907575607
1,-1,-1,1,-1,-1,1,-1,1,1,1,-1,1,1,-1,1,1,1,1,1,0.009990613907575607
1,-1,-1,1,-1,-1,1,-1,1,1,1,1,-1,-1,-1,1,-1,1,-1,1,0.009990613907575607
1,-1,-1,1,-1,-1,1,-1,1,1,1,1,-1,1,-1,-1,-1,1,-1,1,0.009990613907575607
1,-1,-1,1,-1,-1,1,-1,1,1,1,1,1,-1,1,-1,-1,-1,1,1,0.009990613907575607
1,-1,-1,1,-1,-1,1,-1,1,1,1,1,1,-1,1,-1,1,1,1,1,0.009990613907575607
1,-1,-1,1,-1,-1,1,-1,1,1,1,1,1,-1,1,1,1,-1,-1,1,0.009990613907575607
1,-1,-1,1,-1,-1,1,-1,1,1,1,1,1,1,-1,1,-1,-1,-1,-1,0.009990613907575607
1,-1,-1,1,-1,-1,1,-1,1,1,1,1,1,1,-1,1,-1,1,1,-1,0.009990613907575607
1,-1,-1,1,-1,-1,1,1,-1,-1,-1,-1,-1,-1,1,-1,-1,-1,1,-1,0.009990613907575607
1,-1,-1,1,-1,-1,1,1,-1,-1,-1,1,-1,-1,-1,-1,1,-1,-1,1,0.009990613907575607
1,-1,-1,1,-1,-1,1,1,-1,-1,-1,1,-1,-1,1,-1,-1,1,1,1,0.009990613907575607
1,-1,-1,1,-1,-1,1,1,-1,-1,-1,1,-1,1,1,-1,-1,-1,-1,-1,0.009990613907575607
1,-1,-1,1,-1,-1,1,1,-1,-1,-1,1,1,1,-1,-1,-1,-1,-1,1,0.009990613907575607
1,-1,-1,1,-1,-1,1,1,-1,-1,-1,1,1,1,1,-1,1,-1,1,-1,0.009990613907575607
1,-1,-1,1,-1,-1,1,1,-1,-1,1,-1,-1,-1,1,1,1,-1,1,1,0.009990613907575607
1,-1,-1,1,-1,-1,1,1,-1,-1,1,-1,1,-1,-1,1,1,1,-1,1,0.009990613907575607
1,-1,-1,1,-1,-1,1,1,-1,-1,1,-1,1,1,1,1,1,1,1,1,0.009990613907575607
1,-1,-1,1,-1,-1,1,1,-1,-1,1,1,-1,-1,-1,1,1,-1,1,-1,0.009990613907575607
1,-1,-1,1,-1,-1,1,1,-1,-1,1,1,1,1,-1,-1,-1,1,1,-1,0.009990613907575607
1,-1,-1,1,-1,-1,1,1,-1,1,-1,-1,-1,-1,1,-1,1,-1,1,1,0.009990613907575607
1,-1,-1,1,-1,-1,1,1,-1,1,-1,1,-1,1,-1,-1,1,-1,1,-1,0.009990613907575607
1,-1,-1,1,-1,-1,1,1,-1,1,-1,1,1,1,1,1,1,1,1,-1,0.009990613907575607
1,-1,-1,1,-1,-1,1,1,-1,1,1,1,-1,1,1,1,1,-1,-1,1,0.009990613907575607
1,-1,-1,1,-1,-1,1,1,1,-1,-1,-1,-1,1,1,-1,1,1,-1,-1,0.009990613907575607
1,-1,-1,1,-1,-1,1,1,1,-1,-1,-1,-1,1,1,-1,1,1,-1,1,0.009990613907575607
1,-1,-1,1,-1,-1,1,1,1,-1,-1,-1,1,-1,-1,-1,-1,-1,-1,1,0.009990613907575607
1,-1,-1,1,-1,-1,1,1,1,-1,-1,-1,1,-1,-1,-1,1,1,-1,-1,0.009990613907575607
1,-1,-1,1,-1,-1,1,1,1,-1,1,-1,-1,1,1,1,1,1,1,1,0.009990613907575607
1,-1,-1,1,-1,-1,1,1,1,-1,1,-1,1,-1,-1,1,1,1,1,1,0.009990613907575607
1,-1,-1,1,-1,-1,1,1,1,-1,1,-1,1,1,1,-1,-1,1,1,-1,0.009990613907575607
1,-1,-1,1,-1,-1,1,1,1,-1,1,1,-1,-1,-1,-1,1,-1,-1,1,0.009990613907575607
1,-1,-1,1,-1,-1,1,1,1,-1,1,1,-1,-1,1,-1,-1,-1,-1,1,0.009990613907575607
1,-1,-1,1,-1,-1,1,1,1,-1,1,1,-1,1,-1,-1,1,-1,1,1,0.009990613907575607
1,-1,-1,1,-1,-1,1,1,1,-1,1,1,-1,1,1,1,1,-1,-1,-1,0.009990613907575607
1,-1,-1,1,-1,-1,1,1,1,-1,1,1,1,1,1,1,-1,1,1,-1,0.009990613907575607
1,-1,-1,1,-1,-1,1,1,1,1,-1,-1,-1,-1,1,-1,1,-1,1,1,0.009990613907575607
1,-1,-1,1,-1,-1,1,1,1,1,-1,-1,-1,1,1,-1,-1,-1,-1,-1,0.009990613907575607
1,-1,-1,1,-1,-1,1,1,1,1,-1,1,-1,-1,-1,1,-1,-1,1,-1,0.009990613907575607
1,-1,-1,1,-1,-1,1,1,1,1,-1,1,-1,1,-1,-1,-1,-1,-1,-1,0.009990613907575607
1,-1,-1,1,-1,-1,1,1,1,1,-1,1,1,1,-1,-1,1,1,-1,-1,0.009990613907575607
1,-1,-1,1,-1,-1,1,1,1,1,1,-1,1,1,-1,1,1,1,-1,1,0.009990613907575607
1,-1,-1,1,-1,-1,1,1,1,1,1,1,1,1,-1,1,-1,-1,-1,1,0.009990613907575607
1,-1,-1,1,-1,-1,1,1,1,1,1,1,1,1,1,1,-1,1,1,-1,0.009990613907575607
1,-1,-1,1,-1,1,-1,-1,-1,-1,-1,-1,-1,-1,1,1,-1,-1,1,-1,0.009990613907575607
1,-1,-1,1,-1,1,-1,-1,-1,-1,-1,-1,-1,1,1,1,-1,-1,1,1,0.009990613907575607
1,-1,-1,1,-1,1,-1,-1,-1,-1,-1,-1,1,1,1,-1,-1,1,1,-1,0.009990613907575607
1,-1,-1,1,-1,1,-1,-1,-1,-1,-1,1,-1,-1,1,1,1,1,1,-1,0.009990613907575607
1,-1,-1,1,-1,1,-1,-1,-1,-1,-1,1,-1,1,-1,-1,-1,1,-1,-1,0.009990613907575607
1,-1,-1,1,-1,1,-1,-1,-1,-1,-1,1,1,-1,-1,1,1,1,-1,1,0.009990613907575607
1,-1,-1,1,-1,1,-1,-1,-1,-1,1,-1,-1,1,1,1,1,1,1,1,0.009990613907575607
1,-1,-1,1,-1,1,-1,-1,-1,-1,1,-1,1,-1,1,-1,-1,-1,-1,1,0.009990613907575607
1,-1,-1,1,-1,1,-1,-1,-1,-1,1,-1,1,1,-1,1,-1,1,-1,-1,0.009990613907575607
1,-1,-1,1,-1,1,-1,-1,-1,-1,1,1,-1,1,-1,1,1,-1,1,1,0.009990613907575607
1,-1,-1,1,-1,1,-1,-1,-1,-1,1,1,-1,1,-1,1,1,1,1,-1,0.009990613907575607
1,-1,-1,1,-1,1,-1,-1,-1,-1,1,1,1,-1,1,-1,1,1,-1,-1,0.009990613907575607
1,-1,-1,1,-1,1,-1,-1,-1,-1,1,1,1,1,-1,-1,-1,-1,-1,1,0.009990613907575607
1,-1,-1,1,-1,1,-1,-1,-1,1,-1,-1,-1,-1,-1,-1,1,-1,1,1,0.009990613907575607
1,-1,-1,1,-1,1,-1,-1,-1,1,-1,1,-1,-1,-1,-1,-1,-1,1,1,0.009990613907575607
1,-1,-1,1,-1,1,-1,-1,-1,1,-1,1,-1,-1,1,1,-1,-1,-1,-1,0.009990613907575607
1,-1,-1,1,-1,1,-1,-1,-1,1,-1,1,-1,1,1,1,-1,-1,1,1,0.009990613907575607
1,-1,-1,1,-1,1,-1,-1,-1,1,-1,1,1,1,-1,-1,1,-1,1,1,0.009990613907575607
1,-1,-1,1,-1,1,-1,-1,-1,1,-1,1,1,1,-1,-1,1,1,-1,-1,0.009990613907575607
1,-1,-1,1,-1,1,-1,-1,-1,1,1,-1,1,1,1,-1,1,1,-1,1,0.009990613907575607
1,-1,-1,1,-1,1,-1,-1,-1,1,1,1,-1,-1,-1,-1,1,1,-1,-1,0.009990613907575607
1,-1,-1,1,-1,1,-1,-1,-1,1,1,1,1,-1,1,-1,-1,-1,-1,1,0.009990613907575607
1,-1,-1,1,-1,1,-1,-1,1,-1,-1,-1,-1,1,-1,-1,-1,-1,-1,-1,0.009990613907575607
1,-1,-1,1,-1,1,-1,-1,1,-1,-1,-1,1,1,1,-1,1,-1,-1,1,0.009990613907575607
1,-1,-1,1,-1,1,-1,-1,1,-1,-1,1,1,1,-1,1,1,1,1,-1,0.009990613907575607
1,-1,-1,1,-1,1,-1,-1,1,-1,1,-1,-1,-1,-1,1,-1,1,-1,1,0.009990613907575607
1,-1,-1,1,-1,1,-1,-1,1,-1,1,-1,-1,-1,1,1,1,1,1,-1,0.009990613907575607
1,-1,-1,1,-1,1,-1,-1,1,-1,1,-1,1,-1,1,-1,-1,1,1,-1,0.009990613907575607
1,-1,-1,1,-1,1,-1,-1,1,-1,1,1,-1,-1,-1,1,1,-1,-1,-1,0.009990613907575607
1,-1,-1,1,-1,1,-1,-1,1,-1,1,1,-1,-1,1,-1,1,1,-1,1,0.009990613907575607
1,-1,-1,1,-1,1,-1,-1,1,-1,1,1,-1,1,-1,-1,-1,1,1,-1,0.009990613907575607
1,-1,-1,1,-1,1,-1,-1,1,-1,1,1,1,1,1,-1,-1,-1,1,-1,0.009990613907575607
1,-1,-1,1,-1,1,-1,-1,1,1,-1,-1,1,1,-1,1,1,-1,-1,-1,0.009990613907575607
1,-1,-1,1,-1,1,-1,-1,1,1,-1,-1,1,1,1,1,1,-1,1,-1,0.009990613907575607
1,-1,-1,1,-1,1,-1,-1,1,1,-1,1,-1,-1,1,1,-1,1,1,-1,0.009990613907575607
1,-1,-1,1,-1,1,-1,-1,1,1,-1,1,-1,1,1,1,1,-1,-1,-1,0.009990613907575607
1,-1,-1,1,-1,1,-1,-1,1,1,-1,1,1,-1,-1,-1,1,-1,-1,-1,0.009990613907575607
1,-1,-1,1,-1,1,-1,-1,1,1,-1,1,1,-1,1,1,1,-1,-1,-1,0.009990613907575607
1,-1,-1,1,-1,1,-1,-1,1,1,1,-1,-1,-1,-1,-1,-1,1,-1,-1,0.009990613907575607
1,-1,-1,1,-1,1,-1,-1,1,1,1,-1,1,-1,1,1,1,1,-1,1,0.009990613907575607
1,-1,-1,1,-1,1,-1,-1,1,1,1,-1,1,1,-1,1,1,-1,1,1,0.009990613907575607
1,-1,-1,1,-1,1,-1,-1,1,1,1,1,-1,-1,1,-1,1,1,-1,-1,0.009990613907575607
1,-1,-1,1,-1,1,-1,-1,1,1,1,1,-1,1,-1,1,-1,1,-1,-1,0.009990613907575607
1,-1,-1,1,-1,1,-1,-1,1,1,1,1,-1,1,1,1,1,1,-1,-1,0.009990613907575607
1,-1,-1,1,-1,1,-1,1,-1,-1,-1,-1,-1,-1,1,-1,1,-1,-1,-1,0.009990613907575607
1,-1,-1,1,-1,1,-1,1,-1,-1,-1,-1,-1,1,1,-1,-1,-1,1,-1,0.009990613907575607
1,-1,-1,1,-1,1,-1,1,-1,-1,-1,-1,1,-1,1,-1,-1,-1,-1,-1,0.009990613907575607
1,-1,-1,1,-1,1,-1,1,-1,-1,-1,-1,1,-1,1,1,-1,-1,-1,-1,0.009990613907575607
1,-1,-1,1,-1,1,-1,1,-1,-1,-1,1,-1,-1,-1,1,-1,1,-1,-1,0.009990613907575607
1,-1,-1,1,-1,1,-1,1,-1,-1,-1,1,-1,-1,1,1,-1,1,-1,-1,0.009990613907575607
1,-1,-1,1,-1,1,-1,1,-1,-1,-1,1,1,-1,1,1,1,-1,-1,1,0.009990613907575607
1,-1,-1,1,-1,1,-1,1,-1,-1,1,-1,-1,-1,-1,-1,1,1,-1,1,0.009990613907575607
1,-1,-1,1,-1,1,-1,1,-1,-1,1,-1,-1,-1,1,1,1,1,1,1,0.009990613907575607
1,-1,-1,1,-1,1,-1,1,-1,-1,1,-1,1,1,1,1,1,1,1,-1,0.009990613907575607
1,-1,-1,1,-1,1,-1,1,-1,-1,1,1,-1,-1,1,-1,1,-1,-1,1,0.009990613907575607
1,-1,-1,1,-1,1,-1,1,-1,-1,1,1,-1,-1,1,1,1,-1,-1,-1,0.009990613907575607
1,-1,-1,1,-1,1,-1,1,-1,-1,1,1,-1,1,-1,-1,1,-1,-1,-1,0.009990613907575607
1,-1,-1,1,-1,1,-1,1,-1,-1,1,1,1,-1,-1,1,1,-1,1,1,0.009990613907575607
1,-1,-1,1,-1,1,-1,1,-1,-1,1,1,1,-1,1,1,1,-1,-1,-1,0.009990613907575607
1,-1,-1,1,-1,1,-1,1,-1,1,-1,-1,-1,1,-1,-1,-1,1,-1,1,0.009990613907575607
1,-1,-1,1,-1,1,-1,1,-1,1,-1,-1,-1,1,-1,-1,-1,1,1,-1,0.009990613907575607
1,-1,-1,1,-1,1,-1,1,-1,1,-1,-1,1,1,-1,1,1,-1,1,-1,0.009990613907575607
1,-1,-1,1,-1,1,-1,1,-1,1,-1,1,-1,1,-1,1,1,-1,1,-1,0.009990613907575607
1,-1,-1,1,-1,1,-1,1,-1,1,-1,1,1,-1,1,-1,-1,-1,1,-1,0.009990613907575607
1,-1,-1,1,-1,1,-1,1,-1,1,-1,1,1,-1,1,-1,1,1,1,1,0.009990613907575607
1,-1,-1,1,-1,1,-1,1,-1,1,-1,1,1,1,1,1,-1,1,-1,1,0.009990613907575607
1,-1,-1,1,-1,1,-1,1,-1,1,-1,1,1,1,1,1,1,-1,1,-1,0.009990613907575607
1,-1,-1,1,-1,1,-1,1,-1,1,1,-1,1,1,-1,-1,-1,1,1,1,0.009990613907575607
1,-1,-1,1,-1,1,-1,1,-1,1,1,1,-1,-1,-1,-1,-1,-1,-1,1,0.009990613907575607
1,-1,-1,1,-1,1,-1,1,-1,1,1,1,-1,-1,-1,-1,1,1,-1,-1,0.009990613907575607
1,-1,-1,1,-1,1,-1,1,-1,1,1,1,-1,1,1,1,-1,-1,1,1,0.009990613907575607
1,-1,-1,1,-1,1,-1,1,-1,1,1,1,1,-1,-1,-1,-1,1,1,-1,0.009990613907575607
1,-1,-1,1,-1,1,-1,1,-1,1,1,1,1,1,1,1,1,1,1,1,0.009990613907575607
1,-1,-1,1,-1,1,-1,1,1,-1,-1,-1,-1,1,1,1,-1,-1,1,-1,0.009990613907575607
1,-1,-1,1,-1,1,-1,1,1,-1,-1,-1,1,1,1,-1,-1,1,-1,1,0.009990613907575607
1,-1,-1,1,-1,1,-1,1,1,-1,-1,-1,1,1,1,-1,1,1,-1,-1,0.009990613907575607
1,-1,-1,1,-1,1,-1,1,1,-1,-1,1,-1,-1,-1,1,-1,1,1,-1,0.009990613907575607
1,-1,-1,1,-1,1,-1,1,1,-1,1,-1,-1,-1,1,1,-1,1,-1,1,0.009990613907575607
1,-1,-1,1,-1,1,-1,1,1,1,-1,-1,-1,-1,-1,-1,1,-1,-1,1,0.009990613907575607
1,-1,-1,1,-1,1,-1,1,1,1,-1,-1,-1,-1,-1,-1,1,1,-1,-1,0.009990613907575607
1,-1,-1,1,-1,1,-1,1,1,1,-1,-1,-1,1,-1,-1,1,1,-1,-1,0.009990613907575607
1,-1,-1,1,-1,1,-1,1,1,1,-1,-1,1,-1,-1,1,1,-1,-1,-1,0.009990613907575607
1,-1,-1,1,-1,1,-1,1,1,1,-1,1,-1,1,-1,-1,-1,1,1,-1,0.009990613907575607
1,-1,-1,1,-1,1,-1,1,1,1,-1,1,1,1,1,1,1,-1,-1,1,0.009990613907575607
1,-1,-1,1,-1,1,-1,1,1,1,1,-1,-1,1,-1,1,1,-1,1,1,0.009990613907575607
1,-1,-1,1,-1,1,1,-1,-1,-1,-1,-1,1,-1,-1,1,-1,1,1,1,0.009990613907575607
1,-1,-1,1,-1,1,1,-1,-1,-1,-1,-1,1,-1,1,1,-1,-1,1,1,0.009990613907575607
1,-1,-1,1,-1,1,1,-1,-1,-1,-1,1,-1,1,1,-1,-1,-1,-1,1,0.009990613907575607
1,-1,-1,1,-1,1,1,-1,-1,1,-1,1,-1,-1,-1,1,1,1,-1,-1,0.009990613907575607
1,-1,-1,1,-1,1,1,-1,-1,1,-1,1,1,1,-1,-1,-1,1,1,-1,0.009990613907575607
1,-1,-1,1,-1,1,1,-1,-1,1,1,-1,-1,1,-1,-1,-1,1,-1,-1,0.009990613907575607
1,-1,-1,1,-1,1,1,-1,-1,1,1,-1,1,1,-1,1,1,-1,1,-1,0.009990613907575607
1,-1,-1,1,-1,1,1,-1,-1,1,1,1,-1,1,-1,-1,-1,1,-1,1,0.009990613907575607
1,-1,-1,1,-1,1,1,-1,-1,1,1,1,1,1,-1,-1,1,1,-1,-1,0.009990613907575607
1,-1,-1,1,-1,1,1,-1,1,-1,-1,-1,-1,-1,1,-1,-1,1,-1,1,0.009990613907575607
1,-1,-1,1,-1,1,1,-1,1,-1,-1,-1,-1,1,1,-1,-1,-1,-1,1,0.009990613907575607
1,-1,-1,1,-1,1,1,-1,1,-1,-1,-1,1,-1,1,-1,1,-1,1,-1,0.009990613907575607
1,-1,-1,1,-1,1,1,-1,1,-1,-1,-1,1,1,-1,-1,-1,-1,-1,1,0.009990613907575607
1,-1,-1,1,-1,1,1,-1,1,-1,-1,-1,1,1,1,-1,1,1,-1,-1,0.009990613907575607
1,-1,-1,1,-1,1,1,-1,1,-1,-1,1,-1,-1,-1,1,-1,-1,1,-1,0.009990613907575607
1,-1,-1,1,-1,1,1,-1,1,-1,-1,1,-1,-1,1,1,-1,1,1,1,0.009990613907575607
1,-1,-1,1,-1,1,1,-1,1,-1,-1,1,1,-1,-1,1,-1,-1,1,-1,0.009990613907575607
1,-1,-1,1,-1,1,1,-1,1,-1,1,-1,1,-1,1,1,1,-1,-1,-1,0.009990613907575607
1,-1,-1,1,-1,1,1,-1,1,-1,1,1,-1,-1,-1,1,1,-1,-1,1,0.009990613907575607
1,-1,-1,1,-1,1,1,-1,1,-1,1,1,1,-1,-1,-1,-1,-1,1,1,0.009990613907575607
1,-1,-1,1,-1,1,1,-1,1,-1,1,1,1,-1,-1,-1,1,-1,1,-1,0.009990613907575607
1,-1,-1,1,-1,1,1,-1,1,-1,1,1,1,-1,1,-1,-1,-1,1,1,0.009990613907575607
1,-1,-1,1,-1,1,1,-1,1,1,-1,-1,-1,-1,-1,-1,1,1,-1,-1,0.009990613907575607
1,-1,-1,1,-1,1,1,-1,1,1,-1,-1,-1,1,1,-1,-1,1,1,1,0.009990613907575607
1,-1,-1,1,-1,1,1,-1,1,1,-1,-1,-1,1,1,-1,1,-1,1,-1,0.009990613907575607
1,-1,-1,1,-1,1,1,-1,1,1,-1,-1,1,-1,-1,-1,-1,1,-1,-1,0.009990613907575607
1,-1,-1,1,-1,1,1,-1,1,1,-1,1,1,-1,1,-1,-1,1,-1,-1,0.009990613907575607
1,-1,-1,1,-1,1,1,-1,1,1,-1,1,1,1,-1,1,-1,-1,-1,1,0.009990613907575607
1,-1,-1,1,-1,1,1,-1,1,1,-1,1,1,1,1,-1,1,-1,1,-1,0.009990613907575607
1,-1,-1,1,-1,1,1,-1,1,1,1,-1,-1,-1,1,-1,-1,-1,1,1,0.009990613907575607
1,-1,-1,1,-1,1,1,-1,1,1,1,-1,-1,1,1,1,-1,1,-1,-1,0.009990613907575607
1,-1,-1,1,-1,1,1,-1,1,1,1,-1,1,1,1,-1,1,-1,1,1,0.009990613907575607
1,-1,-1,1,-1,1,1,1,-1,-1,-1,-1,-1,1,-1,-1,-1,1,-1,1,0.009990613907575607
1,-1,-1,1,-1,1,1,1,-1,-1,-1,-1,1,-1,1,1,-1,-1,1,1,0.009990613907575607
1,-1,-1,1,-1,1,1,1,-1,-1,-1,-1,1,-1,1,1,-1,1,1,1,0.009990613907575607
1,-1,-1,1,-1,1,1,1,-1,-1,-1,1,-1,-1,-1,-1,1,-1,-1,1,0.009990613907575607
1,-1,-1,1,-1,1,1,1,-1,-1,-1,1,-1,1,-1,-1,1,1,1,-1,0.009990613907575607
1,-1,-1,1,-1,1,1,1,-1,-1,-1,1,1,-1,-1,1,1,1,1,1,0.009990613907575607
1,-1,-1,1,-1,1,1,1,-1,-1,1,-1,1,-1,-1,-1,1,-1,-1,1,0.009990613907575607
1,-1,-1,1,-1,1,1,1,-1,-1,1,-1,1,-1,-1,-1,1,1,-1,-1,0.009990613907575607
1,-1,-1,1,-1,1,1,1,-1,-1,1,-1,1,-1,-1,1,-1,1,1,-1,0.009990613907575607
1,-1,-1,1,-1,1,1,1,-1,-1,1,-1,1,-1,1,1,1,-1,-1,1,0.009990613907575607
1,-1,-1,1,-1,1,1,1,-1,-1,1,1,-1,-1,-1,-1,1,-1,1,1,0.009990613907575607
1,-1,-1,1,-1,1,1,1,-1,-1,1,1,-1,-1,-1,1,1,1,1,-1,0.009990613907575607
1,-1,-1,1,-1,1,1,1,-1,-1,1,1,1,1,1,-1,1,-1,-1,1,0.009990613907575607
1,-1,-1,1,-1,1,1,1,-1,1,-1,-1,-1,1,-1,1,-1,1,-1,-1,0.009990613907575607
1,-1,-1,1,-1,1,1,1,-1,1,1,-1,1,-1,-1,1,1,1,-1,1,0.009990613907575607
1,-1,-1,1,-1,1,1,1,-1,1,1,-1,1,-1,1,-1,-1,1,-1,-1,0.009990613907575607
1,-1,-1,1,-1,1,1,1,-1,1,1,1,-1,1,1,-1,1,1,-1,1,0.009990613907575607
1,-1,-1,1,-1,1,1,1,-1,1,1,1,1,1,-1,1,-1,-1,-1,-1,0.009990613907575607
1,-1,-1,1,-1,1,1,1,-1,1,1,1,1,1,1,-1,-1,1,1,1,0.009990613907575607
1,-1,-1,1,-1,1,1,1,1,-1,-1,-1,1,-1,-1,1,-1,1,1,1,0.009990613907575607
1,-1,-1,1,-1,1,1,1,1,-1,-1,-1,1,1,1,-1,-1,-1,1,1,0.009990613907575607
1,-1,-1,1,-1,1,1,1,1,-1,-1,-1,1,1,1,1,1,1,-1,-1,0.009990613907575607
1,-1,-1,1,-1,1,1,1,1,-1,-1,1,1,-1,-1,-1,1,1,-1,-1,0.009990613907575607
1,-1,-1,1,-1,1,1,1,1,-1,-1,1,1,1,-1,1,-1,-1,1,1,0.009990613907575607
1,-1,-1,1,-1,1,1,1,1,-1,-1,1,1,1,1,-1,1,1,1,1,0.009990613907575607
1,-1,-1,1,-1,1,1,1,1,-1,-1,1,1,1,1,1,1,-1,-1,1,0.009990613907575607
1,-1,-1,1,-1,1,1,1,1,-1,1,-1,1,-1,-1,-1,1,1,-1,-1,0.009990613907575607
1,-1,-1,1,-1,1,1,1,1,-1,1,-1,1,1,1,1,-1,-1,1,1,0.009990613907575607
1,-1,-1,1,-1,1,1,1,1,-1,1,-1,1,1,1,1,-1,1,1,-1,0.009990613907575607
1,-1,-1,1,-1,1,1,1,1,-1,1,1,-1,-1,1,1,-1,-1,-1,-1,0.009990613907575607
1,-1,-1,1,-1,1,1,1,1,-1,1,1,-1,-1,1,1,1,-1,-1,1,0.009990613907575607
1,-1,-1,1,-1,1,1,1,1,-1,1,1,1,-1,-1,1,1,-1,1,-1,0.009990613907575607
1,-1,-1,1,-1,1,1,1,1,-1,1,1,1,-1,1,-1,-1,-1,-1,1,0.009990613907575607
1,-1,-1,1,-1,1,1,1,1,-1,1,1,1,1,1,1,-1,-1,1,1,0.009990613907575607
1,-1,-1,1,-1,1,1,1,1,1,-1,-1,-1,-1,1,-1,1,-1,-1,1,0.009990613907575607
1,-1,-1,1,-1,1,1,1,1,1,-1,-1,-1,1,-1,-1,-1,1,-1,-1,0.009990613907575607
1,-1,-1,1,-1,1,1,1,1,1,-1,-1,1,-1,1,1,1,1,-1,1,0.009990613907575607
1,-1,-1,1,-1,1,1,1,1,1,-1,1,-1,-1,1,-1,1,-1,-1,-1,0.009990613907575607
1,-1,-1,1,-1,1,1,1,1,1,-1,1,-1,1,-1,1,-1,-1,-1,-1,0.009990613907575607
1,-1,-1,1,-1,1,1,1,1,1,-1,1,-1,1,1,-1,1,-1,-1,1,0.009990613907575607
1,-1,-1,1,-1,1,1,1,1,1,-1,1,1,1,1,1,1,-1,-1,1,0.009990613907575607
1,-1,-1,1,-1,1,1,1,1,1,1,-1,-1,1,1,-1,1,1,1,-1,0.009990613907575607
1,-1,-1,1,-1,1,1,1,1,1,1,1,-1,1,-1,1,-1,-1,1,1,0.009990613907575607
1,-1,-1,1,-1,1,1,1,1,1,1,1,1,-1,1,1,1,-1,1,-1,0.009990613907575607
1,-1,-1,1,-1,1,1,1,1,1,1,1,1,1,-1,-1,-1,-1,1,1,0.009990613907575607
1,-1,-1,1,-1,1,1,1,1,1,1,1,1,1,1,-1,-1,-1,-1,1,0.009990613907575607
1,-1,-1,1,1,-1,-1,-1,-1,-1,-1,-1,-1,-1,-1,-1,1,-1,1,1,0.009990613907575607
1,-1,-1,1,1,-1,-1,-1,-1,-1,-1,-1,-1,-1,-1,1,1,1,1,-1,0.009990613907575607
1,-1,-1,1,1,-1,-1,-1,-1,-1,-1,-1,1,1,-1,1,-1,1,-1,-1,0.009990613907575607
1,-1,-1,1,1,-1,-1,-1,-1,-1,-1,1,1,-1,1,-1,-1,-1,-1,1,0.009990613907575607
1,-1,-1,1,1,-1,-1,-1,-1,-1,1,-1,1,-1,-1,1,1,-1,-1,1,0.009990613907575607
1,-1,-1,1,1,-1,-1,-1,-1,-1,1,-1,1,-1,1,-1,1,-1,-1,1,0.009990613907575607
1,-1,-1,1,1,-1,-1,-1,-1,-1,1,1,-1,-1,1,1,-1,1,1,-1,0.009990613907575607
1,-1,-1,1,1,-1,-1,-1,-1,-1,1,1,1,-1,-1,-1,-1,1,1,1,0.009990613907575607
1,-1,-1,1,1,-1,-1,-1,-1,1,-1,-1,-1,-1,-1,-1,-1,-1,1,-1,0.009990613907575607
1,-1,-1,1,1,-1,-1,-1,-1,1,-1,-1,-1,1,1,1,-1,1,-1,1,0.009990613907575607
1,-1,-1,1,1,-1,-1,-1,-1,1,-1,-1,1,-1,-1,1,1,1,1,1,0.009990613907575607
1,-1,-1,1,1,-1,-1,-1,-1,1,-1,-1,1,1,1,1,1,-1,1,1,0.009990613907575607
1,-1,-1,1,1,-1,-1,-1,-1,1,-1,1,-1,-1,-1,-1,-1,-1,-1,1,0.009990613907575607
1,-1,-1,1,1,-1,-1,-1,-1,1,1,-1,1,-1,1,1,-1,-1,-1,1,0.009990613907575607
1,-1,-1,1,1,-1,-1,-1,-1,1,1,-1,1,1,1,1,1,-1,-1,-1,0.009990613907575607
1,-1,-1,1,1,-1,-1,-1,-1,1,1,1,-1,-1,1,1,1,1,1,-1,0.009990613907575607
1,-1,-1,1,1,-1,-1,-1,-1,1,1,1,-1,1,-1,1,-1,1,-1,-1,0.009990613907575607
1,-1,-1,1,1,-1,-1,-1,-1,1,1,1,-1,1,1,-1,1,-1,-1,-1,0.009990613907575607
1,-1,-1,1,1,-1,-1,-1,-1,1,1,1,1,1,-1,1,1,-1,-1,-1,0.009990613907575607
1,-1,-1,1,1,-1,-1,-1,-1,1,1,1,1,1,1,1,1,-1,1,-1,0.009990613907575607
1,-1,-1,1,1,-1,-1,-1,1,-1,-1,-1,-1,-1,-1,1,-1,1,1,1,0.009990613907575607
1,-1,-1,1,1,-1,-1,-1,1,-1,-1,-1,-1,-1,1,-1,1,-1,1,-1,0.009990613907575607
1,-1,-1,1,1,-1,-1,-1,1,-1,-1,-1,1,-1,1,1,1,-1,1,1,0.009990613907575607
1,-1,-1,1,1,-1,-1,-1,1,-1,-1,1,-1,-1,-1,-1,1,-1,1,-1,0.009990613907575607
1,-1,-1,1,1,-1,-1,-1,1,-1,-1,1,-1,1,-1,-1,1,1,-1,1,0.009990613907575607
1,-1,-1,1,1,-1,-1,-1,1,-1,-1,1,1,-1,-1,1,-1,-1,-1,-1,0.009990613907575607
1,-1,-1,1,1,-1,-1,-1,1,-1,-1,1,1,1,1,1,-1,-1,1,-1,0.009990613907575607
1,-1,-1,1,1,-1,-1,-1,1,-1,-1,1,1,1,1,1,-1,1,-1,1,0.009990613907575607
1,-1,-1,1,1,-1,-1,-1,1,-1,1,-1,-1,-1,-1,1,-1,1,1,-1,0.009990613907575607
1,-1,-1,1,1,-1,-1,-1,1,-1,1,1,1,-1,1,-1,-1,1,1,1,0.009990613907575607
1,-1,-1,1,1,-1,-1,-1,1,-1,1,1,1,1,-1,1,-1,1,-1,-1,0.009990613907575607
1,-1,-1,1,1,-1,-1,-1,1,1,-1,-1,1,1,-1,-1,-1,1,1,-1,0.009990613907575607
1,-1,-1,1,1,-1,-1,-1,1,1,-1,1,-1,-1,-1,-1,1,-1,-1,-1,0.009990613907575607
1,-1,-1,1,1,-1,-1,-1,1,1,-1,1,-1,-1,1,1,1,1,1,1,0.009990613907575607
1,-1,-1,1,1,-1,-1,-1,1,1,-1,1,1,-1,1,1,-1,-1,-1,1,0.009990613907575607
1,-1,-1,1,1,-1,-1,-1,1,1,1,1,-1,-1,-1,1,1,-1,-1,-1,0.009990613907575607
1,-1,-1,1,1,-1,-1,-1,1,1,1,1,-1,-1,1,1,1,-1,1,1,0.009990613907575607
1,-1,-1,1,1,-1,-1,-1,1,1,1,1,-1,1,1,1,1,-1,1,1,0.009990613907575607
1,-1,-1,1,1,-1,-1,-1,1,1,1,1,1,-1,1,-1,-1,-1,-1,1,0.009990613907575607
1,-1,-1,1,1,-1,-1,-1,1,1,1,1,1,1,-1,1,1,1,-1,1,0.009990613907575607
1,-1,-1,1,1,-1,-1,-1,1,1,1,1,1,1,1,1,1,-1,-1,-1,0.009990613907575607
1,-1,-1,1,1,-1,-1,1,-1,-1,-1,-1,-1,-1,-1,1,1,-1,-1,1,0.009990613907575607
1,-1,-1,1,1,-1,-1,1,-1,-1,-1,-1,-1,-1,1,1,1,-1,-1,-1,0.009990613907575607
1,-1,-1,1,1,-1,-1,1,-1,-1,-1,-1,1,-1,-1,-1,1,-1,-1,-1,0.009990613907575607
1,-1,-1,1,1,-1,-1,1,-1,-1,-1,-1,1,1,-1,-1,-1,-1,1,-1,0.009990613907575607
1,-1,-1,1,1,-1,-1,1,-1,-1,-1,-1,1,1,1,-1,1,1,1,1,0.009990613907575607
1,-1,-1,1,1,-1,-1,1,-1,-1,-1,1,-1,1,1,-1,-1,-1,1,1,0.009990613907575607
1,-1,-1,1,1,-1,-1,1,-1,-1,-1,1,1,-1,-1,-1,-1,1,1,-1,0.009990613907575607
1,-1,-1,1,1,-1,-1,1,-1,-1,-1,1,1,1,1,-1,1,1,-1,-1,0.009990613907575607
1,-1,-1,1,1,-1,-1,1,-1,-1,1,-1,-1,-1,1,1,-1,-1,1,1,0.009990613907575607
1,-1,-1,1,1,-1,-1,1,-1,-1,1,1,1,-1,-1,-1,1,1,1,1,0.009990613907575607
1,-1,-1,1,1,-1,-1,1,-1,-1,1,1,1,1,1,-1,1,-1,-1,1,0.009990613907575607
1,-1,-1,1,1,-1,-1,1,-1,-1,1,1,1,1,1,-1,1,1,-1,1,0.009990613907575607
1,-1,-1,1,1,-1,-1,1,-1,1,-1,-1,1,-1,1,-1,-1,1,-1,1,0.009990613907575607
1,-1,-1,1,1,-1,-1,1,-1,1,-1,-1,1,-1,1,1,1,1,1,-1,0.009990613907575607
1,-1,-1,1,1,-1,-1,1,-1,1,-1,-1,1,1,-1,-1,1,1,-1,1,0.009990613907575607
1,-1,-1,1,1,-1,-1,1,-1,1,-1,1,-1,1,-1,-1,-1,-1,-1,1,0.009990613907575607
1,-1,-1,1,1,-1,-1,1,-1,1,-1,1,1,-1,1,-1,-1,1,1,1,0.009990613907575607
1,-1,-1,1,1,-1,-1,1,-1,1,-1,1,1,-1,1,-1,1,1,1,1,0.009990613907575607
1,-1,-1,1,1,-1,-1,1,-1,1,-1,1,1,1,-1,1,-1,1,1,1,0.009990613907575607
1,-1,-1,1,1,-1,-1,1,-1,1,-1,1,1,1,1,-1,1,1,1,-1,0.009990613907575607
1,-1,-1,1,1,-1,-1,1,-1,1,1,-1,-1,1,-1,-1,1,1,1,-1,0.009990613907575607
1,-1,-1,1,1,-1,-1,1,-1,1,1,-1,-1,1,1,1,-1,1,1,1,0.009990613907575607
1,-1,-1,1,1,-1,-1,1,-1,1,1,-1,1,-1,-1,-1,-1,-1,-1,-1,0.009990613907575607
1,-1,-1,1,1,-1,-1,1,-1,1,1,1,-1,-1,1,-1,1,1,-1,-1,0.009990613907575607
1,-1,-1,1,1,-1,-1,1,-1,1,1,1,1,-1,-1,-1,-1,-1,-1,-1,0.009990613907575607
1,-1,-1,1,1,-1,-1,1,-1,1,1,1,1,1,-1,-1,1,1,-1,1,0.009990613907575607
1,-1,-1,1,1,-1,-1,1,1,-1,-1,-1,-1,1,-1,1,-1,-1,1,-1,0.009990614838898182
1,-1,-1,1,1,-1,-1,1,1,-1,-1,1,-1,-1,1,-1,1,1,1,-1,0.009990613907575607
1,-1,-1,1,1,-1,-1,1,1,-1,-1,1,-1,-1,1,-1,1,1,1,1,0.009990613907575607
1,-1,-1,1,1,-1,-1,1,1,-1,1,-1,-1,-1,-1,-1,-1,-1,-1,1,0.009990613907575607
1,-1,-1,1,1,-1,-1,1,1,-1,1,-1,1,1,1,-1,1,-1,-1,-1,0.009990613907575607
1,-1,-1,1,1,-1,-1,1,1,-1,1,1,1,-1,-1,-1,-1,-1,-1,1,0.009990613907575607
1,-1,-1,1,1,-1,-1,1,1,-1,1,1,1,-1,-1,-1,-1,1,-1,1,0.009990613907575607
1,-1,-1,1,1,-1,-1,1,1,1,-1,-1,-1,-1,1,1,1,1,-1,-1,0.009990613907575607
1,-1,-1,1,1,-1,-1,1,1,1,-1,-1,-1,1,1,1,1,1,-1,1,0.009990613907575607
1,-1,-1,1,1,-1,-1,1,1,1,-1,1,-1,1,-1,-1,1,-1,-1,-1,0.009990613907575607
1,-1,-1,1,1,-1,-1,1,1,1,-1,1,-1,1,1,1,-1,-1,-1,1,0.009990613907575607
1,-1,-1,1,1,-1,-1,1,1,1,1,-1,-1,-1,1,-1,1,1,1,1,0.009990613907575607
1,-1,-1,1,1,-1,-1,1,1,1,1,-1,-1,1,-1,1,1,-1,1,-1,0.009990613907575607
1,-1,-1,1,1,-1,-1,1,1,1,1,-1,1,1,-1,-1,-1,1,-1,-1,0.009990613907575607
1,-1,-1,1,1,-1,-1,1,1,1,1,-1,1,1,-1,1,1,-1,1,1,0.009990613907575607
1,-1,-1,1,1,-1,-1,1,1,1,1,1,-1,1,-1,1,-1,1,1,1,0.009990613907575607
1,-1,-1,1,1,-1,-1,1,1,1,1,1,1,-1,-1,-1,1,1,1,-1,0.009990613907575607
1,-1,-1,1,1,-1,-1,1,1,1,1,1,1,1,-1,1,1,1,-1,1,0.009990613907575607
1,-1,-1,1,1,-1,-1,1,1,1,1,1,1,1,1,1,-1,-1,1,-1,0.009990613907575607
1,-1,-1,1,1,-1,1,-1,-1,-1,-1,-1,-1,1,-1,-1,-1,1,1,-1,0.009990613907575607
1,-1,-1,1,1,-1,1,-1,-1,-1,-1,-1,1,-1,-1,-1,1,-1,1,-1,0.009990613907575607
1,-1,-1,1,1,-1,1,-1,-1,-1,-1,-1,1,-1,-1,1,1,1,-1,1,0.009990613907575607
1,-1,-1,1,1,-1,1,-1,-1,-1,-1,-1,1,-1,1,1,1,1,1,1,0.009990613907575607
1,-1,-1,1,1,-1,1,-1,-1,-1,-1,1,1,-1,-1,-1,-1,1,1,-1,0.009990613907575607
1,-1,-1,1,1,-1,1,-1,-1,-1,-1,1,1,1,1,1,-1,1,1,-1,0.009990613907575607
1,-1,-1,1,1,-1,1,-1,-1,-1,1,-1,-1,-1,-1,1,1,1,1,-1,0.009990613907575607
1,-1,-1,1,1,-1,1,-1,-1,-1,1,-1,-1,1,1,-1,1,1,1,1,0.009990613907575607
1,-1,-1,1,1,-1,1,-1,-1,-1,1,-1,1,1,-1,-1,1,1,-1,-1,0.009990613907575607
1,-1,-1,1,1,-1,1,-1,-1,-1,1,1,-1,1,1,-1,-1,-1,-1,1,0.009990613907575607
1,-1,-1,1,1,-1,1,-1,-1,-1,1,1,1,-1,-1,1,-1,1,-1,-1,0.009990613907575607
1,-1,-1,1,1,-1,1,-1,-1,1,-1,-1,-1,-1,1,1,1,1,-1,1,0.009990613907575607
1,-1,-1,1,1,-1,1,-1,-1,1,-1,1,-1,1,-1,-1,1,1,1,1,0.009990613907575607
1,-1,-1,1,1,-1,1,-1,-1,1,-1,1,-1,1,1,-1,-1,1,1,-1,0.009990613907575607
1,-1,-1,1,1,-1,1,-1,-1,1,-1,1,1,1,-1,-1,1,-1,1,1,0.009990613907575607
1,-1,-1,1,1,-1,1,-1,-1,1,-1,1,1,1,1,1,-1,1,1,-1,0.009990613907575607
1,-1,-1,1,1,-1,1,-1,-1,1,1,-1,-1,-1,-1,-1,1,-1,-1,-1,0.009990613907575607
1,-1,-1,1,1,-1,1,-1,-1,1,1,-1,-1,-1,-1,1,1,-1,-1,-1,0.009990613907575607
1,-1,-1,1,1,-1,1,-1,-1,1,1,-1,-1,1,-1,-1,-1,-1,-1,-1,0.009990613907575607
1,-1,-1,1,1,-1,1,-1,-1,1,1,-1,-1,1,-1,-1,-1,-1,1,-1,0.009990613907575607
1,-1,-1,1,1,-1,1,-1,-1,1,1,-1,1,1,1,1,-1,1,1,-1,0.009990613907575607
1,-1,-1,1,1,-1,1,-1,-1,1,1,1,-1,1,1,-1,-1,1,1,1,0.009990613907575607
1,-1,-1,1,1,-1,1,-1,1,-1,-1,-1,-1,-1,-1,-1,-1,-1,1,1,0.009990613907575607
1,-1,-1,1,1,-1,1,-1,1,-1,-1,-1,-1,1,-1,-1,-1,-1,1,1,0.009990613907575607
1,-1,-1,1,1,-1,1,-1,1,-1,-1,-1,-1,1,-1,1,1,1,-1,1,0.009990613907575607
1,-1,-1,1,1,-1,1,-1,1,-1,-1,-1,1,-1,-1,1,1,1,-1,-1,0.009990613907575607
1,-1,-1,1,1,-1,1,-1,1,-1,-1,-1,1,1,-1,1,-1,-1,1,-1,0.009990613907575607
1,-1,-1,1,1,-1,1,-1,1,-1,1,-1,1,-1,1,-1,1,-1,1,1,0.009990613907575607
1,-1,-1,1,1,-1,1,-1,1,-1,1,1,-1,-1,-1,1,1,1,-1,-1,0.009990613907575607
1,-1,-1,1,1,-1,1,-1,1,-1,1,1,-1,1,1,-1,-1,1,1,-1,0.009990613907575607
1,-1,-1,1,1,-1,1,-1,1,-1,1,1,-1,1,1,-1,1,-1,1,-1,0.009990613907575607
1,-1,-1,1,1,-1,1,-1,1,-1,1,1,1,-1,1,1,-1,1,-1,-1,0.009990613907575607
1,-1,-1,1,1,-1,1,-1,1,-1,1,1,1,-1,1,1,1,-1,1,-1,0.009990613907575607
1,-1,-1,1,1,-1,1,-1,1,-1,1,1,1,1,1,-1,1,1,-1,-1,0.009990613907575607
1,-1,-1,1,1,-1,1,-1,1,1,-1,-1,-1,-1,1,1,1,1,-1,1,0.009990613907575607
1,-1,-1,1,1,-1,1,-1,1,1,-1,1,-1,1,-1,-1,-1,1,1,-1,0.009990613907575607
1,-1,-1,1,1,-1,1,-1,1,1,-1,1,1,-1,-1,1,-1,1,-1,-1,0.009990613907575607
1,-1,-1,1,1,-1,1,-1,1,1,-1,1,1,-1,1,1,-1,1,-1,1,0.009990613907575607
1,-1,-1,1,1,-1,1,-1,1,1,-1,1,1,1,1,1,-1,1,1,1,0.009990613907575607
1,-1,-1,1,1,-1,1,-1,1,1,1,-1,1,1,1,-1,1,1,-1,1,0.009990613907575607
1,-1,-1,1,1,-1,1,-1,1,1,1,1,-1,-1,1,1,1,1,-1,-1,0.009990613907575607
1,-1,-1,1,1,-1,1,-1,1,1,1,1,-1,-1,1,1,1,1,1,1,0.009990613907575607
1,-1,-1,1,1,-1,1,-1,1,1,1,1,-1,1,1,-1,1,1,-1,1,0.009990613907575607
1,-1,-1,1,1,-1,1,-1,1,1,1,1,-1,1,1,1,-1,1,-1,1,0.009990613907575607
1,-1,-1,1,1,-1,1,-1,1,1,1,1,1,1,-1,-1,1,-1,-1,1,0.009990613907575607
1,-1,-1,1,1,-1,1,1,-1,-1,-1,1,1,-1,-1,1,-1,1,1,1,0.009990613907575607
1,-1,-1,1,1,-1,1,1,-1,-1,-1,1,1,-1,1,1,-1,-1,1,1,0.009990613907575607
1,-1,-1,1,1,-1,1,1,-1,-1,-1,1,1,1,1,1,1,-1,1,-1,0.009990613907575607
1,-1,-1,1,1,-1,1,1,-1,-1,1,-1,-1,1,-1,1,-1,-1,-1,1,0.009990613907575607
1,-1,-1,1,1,-1,1,1,-1,-1,1,-1,1,1,-1,1,-1,1,-1,1,0.009990613907575607
1,-1,-1,1,1,-1,1,1,-1,1,-1,-1,-1,-1,-1,-1,-1,-1,-1,-1,0.009990613907575607
1,-1,-1,1,1,-1,1,1,-1,1,-1,-1,-1,-1,-1,1,-1,1,-1,1,0.009990613907575607
1,-1,-1,1,1,-1,1,1,-1,1,-1,-1,1,1,-1,1,-1,-1,1,1,0.009990613907575607
1,-1,-1,1,1,-1,1,1,-1,1,-1,-1,1,1,1,1,-1,1,1,-1,0.009990613907575607
1,-1,-1,1,1,-1,1,1,-1,1,-1,1,-1,1,-1,-1,-1,-1,-1,1,0.009990613907575607
1,-1,-1,1,1,-1,1,1,-1,1,-1,1,-1,1,1,-1,-1,1,1,1,0.009990613907575607
1,-1,-1,1,1,-1,1,1,-1,1,-1,1,1,-1,1,-1,1,-1,-1,1,0.009990613907575607
1,-1,-1,1,1,-1,1,1,-1,1,-1,1,1,1,1,-1,1,-1,1,-1,0.009990613907575607
1,-1,-1,1,1,-1,1,1,-1,1,1,-1,-1,-1,1,-1,-1,-1,-1,-1,0.009990613907575607
1,-1,-1,1,1,-1,1,1,-1,1,1,-1,1,1,1,-1,1,-1,-1,1,0.009990613907575607
1,-1,-1,1,1,-1,1,1,-1,1,1,1,-1,-1,-1,1,-1,1,1,-1,0.009990613907575607
1,-1,-1,1,1,-1,1,1,-1,1,1,1,-1,1,-1,-1,1,-1,-1,1,0.009990613907575607
1,-1,-1,1,1,-1,1,1,-1,1,1,1,-1,1,-1,1,-1,1,1,-1,0.009990613907575607
1,-1,-1,1,1,-1,1,1,-1,1,1,1,1,-1,-1,-1,1,-1,-1,1,0.009990613907575607
1,-1,-1,1,1,-1,1,1,-1,1,1,1,1,-1,-1,1,-1,-1,-1,-1,0.009990613907575607
1,-1,-1,1,1,-1,1,1,1,-1,-1,-1,-1,-1,1,1,-1,1,-1,1,0.009990613907575607
1,-1,-1,1,1,-1,1,1,1,-1,-1,-1,-1,1,-1,-1,1,-1,-1,1,0.009990613907575607
1,-1,-1,1,1,-1,1,1,1,-1,-1,-1,1,-1,-1,-1,-1,-1,-1,-1,0.009990613907575607
1,-1,-1,1,1,-1,1,1,1,-1,-1,1,-1,1,1,1,-1,1,-1,1,0.009990613907575607
1,-1,-1,1,1,-1,1,1,1,-1,1,-1,1,-1,-1,-1,1,1,1,1,0.009990613907575607
1,-1,-1,1,1,-1,1,1,1,-1,1,1,-1,-1,1,-1,-1,1,-1,-1,0.009990613907575607
1,-1,-1,1,1,-1,1,1,1,-1,1,1,1,-1,1,1,-1,1,-1,1,0.009990613907575607
1,-1,-1,1,1,-1,1,1,1,1,-1,-1,-1,-1,1,1,-1,1,1,1,0.009990613907575607
1,-1,-1,1,1,-1,1,1,1,1,-1,-1,-1,1,-1,-1,-1,-1,1,-1,0.009990613907575607
1,-1,-1,1,1,-1,1,1,1,1,-1,-1,1,-1,1,-1,-1,1,1,-1,0.009990613907575607
1,-1,-1,1,1,-1,1,1,1,1,-1,-1,1,1,-1,-1,-1,1,-1,-1,0.009990613907575607
1,-1,-1,1,1,-1,1,1,1,1,-1,-1,1,1,-1,-1,-1,1,1,-1,0.009990613907575607
1,-1,-1,1,1,-1,1,1,1,1,-1,1,-1,-1,1,1,-1,-1,1,1,0.009990613907575607
1,-1,-1,1,1,-1,1,1,1,1,-1,1,1,-1,1,1,-1,-1,1,1,0.009990613907575607
1,-1,-1,1,1,-1,1,1,1,1,-1,1,1,1,-1,1,-1,-1,1,1,0.009990613907575607
1,-1,-1,1,1,-1,1,1,1,1,-1,1,1,1,1,-1,1,-1,1,-1,0.009990613907575607
1,-1,-1,1,1,-1,1,1,1,1,1,-1,-1,-1,-1,-1,-1,1,1,1,0.009990613907575607
1,-1,-1,1,1,-1,1,1,1,1,1,-1,-1,-1,-1,1,-1,-1,-1,1,0.009990613907575607
1,-1,-1,1,1,-1,1,1,1,1,1,1,-1,-1,-1,1,1,-1,-1,1,0.009990613907575607
1,-1,-1,1,1,-1,1,1,1,1,1,1,-1,-1,-1,1,1,1,1,1,0.009990613907575607
1,-1,-1,1,1,-1,1,1,1,1,1,1,1,-1,-1,1,-1,-1,1,1,0.009990613907575607
1,-1,-1,1,1,-1,1,1,1,1,1,1,1,1,-1,-1,-1,-1,-1,1,0.009990613907575607
1,-1,-1,1,1,-1,1,1,1,1,1,1,1,1,-1,1,1,1,-1,1,0.009990613907575607
1,-1,-1,1,1,1,-1,-1,-1,-1,-1,-1,-1,-1,-1,-1,1,-1,1,1,0.009990613907575607
1,-1,-1,1,1,1,-1,-1,-1,-1,-1,-1,-1,1,-1,-1,1,-1,-1,1,0.009990613907575607
1,-1,-1,1,1,1,-1,-1,-1,-1,-1,-1,-1,1,1,-1,1,1,1,-1,0.009990613907575607
1,-1,-1,1,1,1,-1,-1,-1,-1,-1,-1,1,1,1,1,-1,1,-1,-1,0.009990613907575607
1,-1,-1,1,1,1,-1,-1,-1,-1,-1,1,-1,-1,-1,-1,1,-1,-1,-1,0.009990613907575607
1,-1,-1,1,1,1,-1,-1,-1,-1,-1,1,1,1,1,1,1,1,1,1,0.009990613907575607
1,-1,-1,1,1,1,-1,-1,-1,-1,1,1,-1,-1,1,1,-1,1,-1,1,0.009990613907575607
1,-1,-1,1,1,1,-1,-1,-1,-1,1,1,-1,1,-1,-1,1,1,1,-1,0.009990613907575607
1,-1,-1,1,1,1,-1,-1,-1,-1,1,1,1,-1,-1,-1,1,-1,-1,-1,0.009990613907575607
1,-1,-1,1,1,1,-1,-1,-1,-1,1,1,1,1,-1,1,-1,1,-1,-1,0.009990613907575607
1,-1,-1,1,1,1,-1,-1,-1,1,-1,-1,-1,-1,-1,1,-1,-1,1,-1,0.009990613907575607
1,-1,-1,1,1,1,-1,-1,-1,1,-1,-1,-1,-1,1,1,1,1,1,-1,0.009990613907575607
1,-1,-1,1,1,1,-1,-1,-1,1,-1,-1,-1,1,-1,-1,-1,1,-1,-1,0.009990613907575607
1,-1,-1,1,1,1,-1,-1,-1,1,-1,-1,-1,1,-1,-1,1,1,-1,-1,0.009990613907575607
1,-1,-1,1,1,1,-1,-1,-1,1,-1,-1,-1,1,1,-1,-1,1,-1,-1,0.009990613907575607
1,-1,-1,1,1,1,-1,-1,-1,1,-1,-1,-1,1,1,-1,1,1,-1,1,0.009990613907575607
1,-1,-1,1,1,1,-1,-1,-1,1,-1,1,-1,1,1,-1,1,1,-1,1,0.009990613907575607
1,-1,-1,1,1,1,-1,-1,-1,1,1,-1,-1,-1,-1,-1,1,1,1,1,0.009990613907575607
1,-1,-1,1,1,1,-1,-1,-1,1,1,-1,-1,1,1,1,1,-1,-1,-1,0.009990613907575607
1,-1,-1,1,1,1,-1,-1,-1,1,1,-1,1,-1,-1,1,1,1,-1,1,0.009990613907575607
1,-1,-1,1,1,1,-1,-1,-1,1,1,-1,1,1,1,-1,1,-1,-1,-1,0.009990613907575607
1,-1,-1,1,1,1,-1,-1,-1,1,1,1,-1,-1,-1,1,1,1,1,1,0.009990613907575607
1,-1,-1,1,1,1,-1,-1,-1,1,1,1,1,-1,1,-1,-1,-1,1,1,0.009990613907575607
1,-1,-1,1,1,1,-1,-1,-1,1,1,1,1,-1,1,-1,-1,1,-1,1,0.009990613907575607
1,-1,-1,1,1,1,-1,-1,1,-1,-1,-1,-1,-1,-1,1,1,1,-1,1,0.009990613907575607
1,-1,-1,1,1,1,-1,-1,1,-1,-1,-1,1,1,1,1,1,-1,1,-1,0.009990613907575607
1,-1,-1,1,1,1,-1,-1,1,-1,-1,1,1,1,1,1,-1,1,-1,1,0.009990613907575607
1,-1,-1,1,1,1,-1,-1,1,-1,1,-1,-1,1,-1,-1,1,-1,-1,1,0.009990613907575607
1,-1,-1,1,1,1,-1,-1,1,-1,1,-1,1,-1,1,1,-1,-1,1,1,0.009990613907575607
1,-1,-1,1,1,1,-1,-1,1,-1,1,1,-1,1,-1,-1,1,1,1,1,0.009990613907575607
1,-1,-1,1,1,1,-1,-1,1,-1,1,1,-1,1,1,-1,-1,-1,-1,-1,0.009990613907575607
1,-1,-1,1,1,1,-1,-1,1,1,-1,-1,-1,1,-1,1,1,1,1,1,0.009990613907575607
1,-1,-1,1,1,1,-1,-1,1,1,-1,-1,-1,1,1,1,-1,1,-1,-1,0.009990613907575607
1,-1,-1,1,1,1,-1,-1,1,1,-1,-1,-1,1,1,1,-1,1,1,1,0.009990613907575607
1,-1,-1,1,1,1,-1,-1,1,1,-1,-1,1,-1,-1,-1,-1,-1,1,1,0.009990613907575607
1,-1,-1,1,1,1,-1,-1,1,1,-1,-1,1,-1,1,1,1,-1,1,-1,0.009990613907575607
1,-1,-1,1,1,1,-1,-1,1,1,-1,-1,1,1,1,-1,-1,1,1,1,0.009990613907575607
1,-1,-1,1,1,1,-1,-1,1,1,-1,-1,1,1,1,1,-1,-1,1,1,0.009990613907575607
1,-1,-1,1,1,1,-1,-1,1,1,-1,1,-1,-1,-1,1,-1,1,-1,1,0.009990613907575607
1,-1,-1,1,1,1,-1,-1,1,1,-1,1,1,-1,1,-1,1,-1,-1,-1,0.009990613907575607
1,-1,-1,1,1,1,-1,-1,1,1,-1,1,1,1,1,1,-1,1,-1,1,0.009990613907575607
1,-1,-1,1,1,1,-1,-1,1,1,1,-1,-1,1,1,-1,-1,1,-1,1,0.009990613907575607
1,-1,-1,1,1,1,-1,-1,1,1,1,-1,1,1,-1,1,-1,-1,-1,1,0.009990613907575607
1,-1,-1,1,1,1,-1,-1,1,1,1,-1,1,1,-1,1,-1,-1,1,-1,0.009990613907575607
1,-1,-1,1,1,1,-1,-1,1,1,1,1,-1,-1,-1,-1,-1,-1,1,-1,0.009990613907575607
1,-1,-1,1,1,1,-1,-1,1,1,1,1,-1,-1,1,-1,1,1,1,-1,0.009990613907575607
1,-1,-1,1,1,1,-1,-1,1,1,1,1,1,1,-1,1,1,-1,1,-1,0.009990613907575607
1,-1,-1,1,1,1,-1,1,-1,-1,-1,-1,-1,-1,1,1,1,-1,-1,1,0.009990613907575607
1,-1,-1,1,1,1,-1,1,-1,-1,-1,-1,1,-1,-1,1,-1,1,1,-1,0.009990613907575607
1,-1,-1,1,1,1,-1,1,-1,-1,-1,-1,1,-1,-1,1,1,1,-1,1,0.009990613907575607
1,-1,-1,1,1,1,-1,1,-1,-1,-1,-1,1,1,-1,-1,-1,1,1,1,0.009990613907575607
1,-1,-1,1,1,1,-1,1,-1,-1,-1,-1,1,1,-1,1,-1,-1,1,-1,0.009990613907575607
1,-1,-1,1,1,1,-1,1,-1,-1,-1,1,-1,-1,-1,1,-1,1,1,1,0.009990613907575607
1,-1,-1,1,1,1,-1,1,-1,-1,-1,1,-1,1,1,-1,-1,-1,1,-1,0.009990613907575607
1,-1,-1,1,1,1,-1,1,-1,-1,-1,1,-1,1,1,-1,1,-1,-1,1,0.009990613907575607
1,-1,-1,1,1,1,-1,1,-1,-1,-1,1,1,1,1,1,1,-1,-1,1,0.009990613907575607
1,-1,-1,1,1,1,-1,1,-1,-1,1,-1,-1,1,-1,-1,-1,1,-1,-1,0.009990613907575607
1,-1,-1,1,1,1,-1,1,-1,-1,1,-1,1,1,1,-1,1,1,-1,1,0.009990613907575607
1,-1,-1,1,1,1,-1,1,-1,-1,1,1,-1,-1,-1,-1,1,-1,1,-1,0.009990613907575607
1,-1,-1,1,1,1,-1,1,-1,-1,1,1,1,-1,-1,1,1,-1,1,-1,0.009990613907575607
1,-1,-1,1,1,1,-1,1,-1,1,-1,-1,-1,-1,1,-1,-1,1,1,-1,0.009990613907575607
1,-1,-1,1,1,1,-1,1,-1,1,-1,-1,-1,1,-1,-1,1,1,1,1,0.009990613907575607
1,-1,-1,1,1,1,-1,1,-1,1,-1,-1,-1,1,1,-1,-1,1,1,1,0.009990613907575607
1,-1,-1,1,1,1,-1,1,-1,1,-1,-1,1,-1,-1,-1,-1,1,1,-1,0.009990613907575607
1,-1,-1,1,1,1,-1,1,-1,1,-1,-1,1,-1,-1,1,1,-1,-1,1,0.009990613907575607
1,-1,-1,1,1,1,-1,1,-1,1,-1,1,-1,-1,-1,-1,-1,-1,-1,1,0.009990613907575607
1,-1,-1,1,1,1,-1,1,-1,1,-1,1,-1,-1,1,1,-1,1,-1,-1,0.009990613907575607
1,-1,-1,1,1,1,-1,1,-1,1,-1,1,-1,1,-1,1,-1,-1,1,1,0.009990613907575607
1,-1,-1,1,1,1,-1,1,-1,1,-1,1,1,-1,-1,-1,-1,-1,-1,-1,0.009990613907575607
1,-1,-1,1,1,1,-1,1,-1,1,-1,1,1,-1,1,-1,-1,-1,-1,-1,0.009990613907575607
1,-1,-1,1,1,1,-1,1,-1,1,-1,1,1,1,1,-1,-1,-1,1,1,0.009990613907575607
1,-1,-1,1,1,1,-1,1,-1,1,1,-1,-1,1,-1,1,1,1,1,-1,0.009990613907575607
1,-1,-1,1,1,1,-1,1,-1,1,1,-1,-1,1,1,1,1,-1,-1,-1,0.009990613907575607
1,-1,-1,1,1,1,-1,1,-1,1,1,-1,1,1,1,-1,1,1,1,1,0.009990613907575607
1,-1,-1,1,1,1,-1,1,-1,1,1,1,-1,-1,1,-1,-1,-1,-1,1,0.009990613907575607
1,-1,-1,1,1,1,-1,1,-1,1,1,1,-1,1,1,1,-1,1,1,-1,0.009990613907575607
1,-1,-1,1,1,1,-1,1,-1,1,1,1,-1,1,1,1,1,1,-1,1,0.009990613907575607
1,-1,-1,1,1,1,-1,1,-1,1,1,1,1,-1,-1,1,1,1,-1,-1,0.009990613907575607
1,-1,-1,1,1,1,-1,1,1,-1,-1,-1,-1,-1,-1,1,1,1,-1,1,0.009990613907575607
1,-1,-1,1,1,1,-1,1,1,-1,-1,-1,-1,1,1,-1,1,1,-1,1,0.009990613907575607
1,-1,-1,1,1,1,-1,1,1,-1,-1,-1,-1,1,1,1,-1,-1,1,1,0.009990613907575607
1,-1,-1,1,1,1,-1,1,1,-1,-1,-1,1,-1,-1,1,1,1,-1,1,0.009990613907575607
1,-1,-1,1,1,1,-1,1,1,-1,-1,-1,1,-1,1,-1,-1,1,-1,1,0.009990613907575607
1,-1,-1,1,1,1,-1,1,1,-1,-1,-1,1,-1,1,-1,1,-1,-1,1,0.009990613907575607
1,-1,-1,1,1,1,-1,1,1,-1,-1,1,1,-1,1,-1,1,1,1,-1,0.009990613907575607
1,-1,-1,1,1,1,-1,1,1,-1,-1,1,1,-1,1,1,1,-1,1,1,0.009990613907575607
1,-1,-1,1,1,1,-1,1,1,-1,-1,1,1,1,-1,-1,-1,-1,-1,-1,0.009990613907575607
1,-1,-1,1,1,1,-1,1,1,-1,-1,1,1,1,1,1,1,-1,-1,-1,0.009990613907575607
1,-1,-1,1,1,1,-1,1,1,-1,1,-1,-1,1,-1,-1,-1,-1,1,1,0.009990613907575607
1,-1,-1,1,1,1,-1,1,1,-1,1,-1,1,1,-1,-1,-1,1,1,1,0.009990613907575607
1,-1,-1,1,1,1,-1,1,1,-1,1,1,-1,1,-1,1,1,1,-1,1,0.009990613907575607
1,-1,-1,1,1,1,-1,1,1,1,-1,-1,1,-1,-1,1,1,-1,-1,-1,0.009990613907575607
1,-1,-1,1,1,1,-1,1,1,1,-1,-1,1,-1,1,1,-1,1,-1,1,0.009990613907575607
1,-1,-1,1,1,1,-1,1,1,1,-1,-1,1,1,-1,-1,-1,1,-1,-1,0.009990613907575607
1,-1,-1,1,1,1,-1,1,1,1,-1,-1,1,1,-1,1,1,-1,-1,1,0.009990613907575607
1,-1,-1,1,1,1,-1,1,1,1,-1,1,1,-1,-1,1,-1,-1,-1,-1,0.009990613907575607
1,-1,-1,1,1,1,-1,1,1,1,1,1,-1,-1,-1,1,-1,-1,1,1,0.009990613907575607
1,-1,-1,1,1,1,-1,1,1,1,1,1,-1,-1,1,1,1,1,-1,-1,0.009990613907575607
1,-1,-1,1,1,1,1,-1,-1,-1,-1,-1,1,-1,-1,1,1,-1,-1,-1,0.009990613907575607
1,-1,-1,1,1,1,1,-1,-1,-1,-1,-1,1,-1,1,-1,-1,1,1,1,0.009990613907575607
1,-1,-1,1,1,1,1,-1,-1,-1,-1,-1,1,1,-1,-1,-1,1,1,1,0.009990613907575607
1,-1,-1,1,1,1,1,-1,-1,-1,-1,-1,1,1,1,1,-1,-1,-1,1,0.009990613907575607
1,-1,-1,1,1,1,1,-1,-1,-1,-1,-1,1,1,1,1,1,1,-1,-1,0.009990613907575607
1,-1,-1,1,1,1,1,-1,-1,-1,-1,1,-1,-1,-1,-1,1,1,-1,1,0.009990613907575607
1,-1,-1,1,1,1,1,-1,-1,-1,-1,1,-1,-1,1,1,1,-1,-1,1,0.009990613907575607
1,-1,-1,1,1,1,1,-1,-1,-1,-1,1,-1,1,1,-1,1,1,-1,-1,0.009990613907575607
1,-1,-1,1,1,1,1,-1,-1,-1,1,-1,1,1,-1,-1,-1,1,-1,-1,0.009990613907575607
1,-1,-1,1,1,1,1,-1,-1,-1,1,-1,1,1,-1,-1,-1,1,-1,1,0.009990613907575607
1,-1,-1,1,1,1,1,-1,-1,-1,1,1,1,-1,1,-1,-1,-1,-1,1,0.009990613907575607
1,-1,-1,1,1,1,1,-1,-1,-1,1,1,1,1,1,1,-1,1,-1,1,0.009990613907575607
1,-1,-1,1,1,1,1,-1,-1,1,-1,-1,-1,-1,1,-1,1,-1,-1,-1,0.009990613907575607
1,-1,-1,1,1,1,1,-1,-1,1,-1,-1,-1,-1,1,1,-1,1,-1,1,0.009990613907575607
1,-1,-1,1,1,1,1,-1,-1,1,-1,-1,-1,1,-1,-1,-1,-1,-1,-1,0.009990613907575607
1,-1,-1,1,1,1,1,-1,-1,1,-1,-1,1,-1,-1,1,1,1,1,-1,0.009990613907575607
1,-1,-1,1,1,1,1,-1,-1,1,-1,1,-1,-1,1,1,-1,-1,1,1,0.009990613907575607
1,-1,-1,1,1,1,1,-1,-1,1,1,-1,-1,-1,-1,-1,1,-1,1,1,0.009990613907575607
1,-1,-1,1,1,1,1,-1,-1,1,1,-1,-1,1,1,1,-1,1,-1,-1,0.009990613907575607
1,-1,-1,1,1,1,1,-1,-1,1,1,-1,1,-1,-1,-1,1,-1,-1,1,0.009990613907575607
1,-1,-1,1,1,1,1,-1,-1,1,1,1,1,-1,-1,-1,1,-1,1,1,0.009990613907575607
1,-1,-1,1,1,1,1,-1,-1,1,1,1,1,1,-1,-1,-1,1,-1,1,0.009990613907575607
1,-1,-1,1,1,1,1,-1,1,-1,-1,-1,-1,-1,1,1,-1,-1,1,-1,0.009990613907575607
1,-1,-1,1,1,1,1,-1,1,-1,-1,-1,-1,1,-1,1,-1,-1,1,1,0.009990613907575607
1,-1,-1,1,1,1,1,-1,1,-1,-1,-1,1,-1,1,1,1,1,-1,1,0.009990613907575607
1,-1,-1,1,1,1,1,-1,1,-1,-1,1,-1,-1,1,-1,1,1,1,-1,0.009990613907575607
1,-1,-1,1,1,1,1,-1,1,-1,-1,1,-1,1,-1,-1,-1,1,-1,-1,0.009990613907575607
1,-1,-1,1,1,1,1,-1,1,-1,-1,1,-1,1,-1,-1,1,-1,-1,-1,0.009990613907575607
1,-1,-1,1,1,1,1,-1,1,-1,-1,1,1,1,-1,1,-1,-1,-1,1,0.009990613907575607
1,-1,-1,1,1,1,1,-1,1,-1,1,-1,1,-1,-1,-1,1,1,-1,1,0.009990613907575607
1,-1,-1,1,1,1,1,-1,1,-1,1,-1,1,1,-1,1,1,1,-1,-1,0.009990613907575607
1,-1,-1,1,1,1,1,-1,1,-1,1,1,-1,-1,-1,1,-1,1,-1,1,0.009990613907575607
1,-1,-1,1,1,1,1,-1,1,-1,1,1,-1,-1,1,-1,-1,-1,1,1,0.009990613907575607
1,-1,-1,1,1,1,1,-1,1,-1,1,1,-1,1,1,1,1,1,-1,-1,0.009990613907575607
1,-1,-1,1,1,1,1,-1,1,-1,1,1,1,1,-1,-1,1,1,1,-1,0.009990613907575607
1,-1,-1,1,1,1,1,-1,1,-1,1,1,1,1,-1,1,1,1,-1,-1,0.009990613907575607
1,-1,-1,1,1,1,1,-1,1,-1,1,1,1,1,1,-1,1,-1,-1,-1,0.009990613907575607
1,-1,-1,1,1,1,1,-1,1,1,-1,-1,-1,1,-1,1,-1,-1,-1,1,0.009990613907575607
1,-1,-1,1,1,1,1,-1,1,1,-1,1,-1,-1,1,1,1,-1,1,1,0.009990613907575607
1,-1,-1,1,1,1,1,-1,1,1,1,-1,-1,-1,-1,-1,-1,-1,-1,-1,0.009990613907575607
1,-1,-1,1,1,1,1,-1,1,1,1,-1,-1,1,-1,1,-1,1,-1,-1,0.009990613907575607
1,-1,-1,1,1,1,1,-1,1,1,1,-1,1,-1,-1,1,-1,1,-1,-1,0.009990613907575607
1,-1,-1,1,1,1,1,-1,1,1,1,-1,1,-1,1,1,-1,-1,-1,1,0.009990613907575607
1,-1,-1,1,1,1,1,-1,1,1,1,-1,1,1,-1,-1,-1,1,-1,-1,0.009990613907575607
1,-1,-1,1,1,1,1,-1,1,1,1,1,-1,-1,-1,-1,1,1,-1,-1,0.009990613907575607
1,-1,-1,1,1,1,1,-1,1,1,1,1,1,1,-1,1,-1,1,-1,-1,0.009990613907575607
1,-1,-1,1,1,1,1,1,-1,-1,-1,-1,-1,-1,1,1,1,-1,-1,1,0.009990613907575607
1,-1,-1,1,1,1,1,1,-1,-1,-1,-1,-1,1,-1,-1,1,-1,1,1,0.009990613907575607
1,-1,-1,1,1,1,1,1,-1,-1,-1,-1,-1,1,-1,1,1,-1,1,1,0.009990613907575607
1,-1,-1,1,1,1,1,1,-1,-1,1,-1,-1,1,-1,1,1,-1,1,1,0.009990613907575607
1,-1,-1,1,1,1,1,1,-1,-1,1,-1,1,1,1,1,-1,-1,-1,-1,0.009990613907575607
1,-1,-1,1,1,1,1,1,-1,-1,1,1,-1,1,-1,-1,1,1,-1,1,0.009990613907575607
1,-1,-1,1,1,1,1,1,-1,-1,1,1,1,-1,-1,1,-1,-1,-1,1,0.009990613907575607
1,-1,-1,1,1,1,1,1,-1,1,-1,-1,-1,-1,-1,-1,1,1,1,-1,0.009990613907575607
1,-1,-1,1,1,1,1,1,-1,1,-1,-1,1,-1,-1,-1,-1,1,1,1,0.009990613907575607
1,-1,-1,1,1,1,1,1,-1,1,-1,-1,1,-1,-1,1,-1,1,-1,1,0.009990613907575607
1,-1,-1,1,1,1,1,1,-1,1,-1,-1,1,-1,1,-1,1,1,1,1,0.009990613907575607
1,-1,-1,1,1,1,1,1,-1,1,-1,-1,1,1,-1,-1,1,1,-1,1,0.009990613907575607
1,-1,-1,1,1,1,1,1,-1,1,-1,1,1,-1,1,1,-1,1,1,-1,0.009990613907575607
1,-1,-1,1,1,1,1,1,-1,1,1,-1,-1,-1,1,1,-1,-1,-1,1,0.009990613907575607
1,-1,-1,1,1,1,1,1,-1,1,1,-1,1,-1,-1,-1,-1,1,-1,1,0.009990613907575607
1,-1,-1,1,1,1,1,1,-1,1,1,-1,1,1,1,1,-1,1,1,-1,0.009990613907575607
1,-1,-1,1,1,1,1,1,-1,1,1,1,1,-1,-1,-1,-1,1,-1,1,0.009990613907575607
1,-1,-1,1,1,1,1,1,1,-1,-1,-1,-1,1,1,1,-1,1,-1,-1,0.009990614838898182
1,-1,-1,1,1,1,1,1,1,-1,-1,-1,1,-1,-1,-1,-1,1,-1,1,0.009990613907575607
1,-1,-1,1,1,1,1,1,1,-1,-1,-1,1,-1,1,-1,-1,-1,1,-1,0.009990613907575607
1,-1,-1,1,1,1,1,1,1,-1,-1,-1,1,1,-1,-1,1,-1,-1,-1,0.009990613907575607
1,-1,-1,1,1,1,1,1,1,-1,1,-1,1,1,1,1,-1,1,1,-1,0.009990613907575607
1,-1,-1,1,1,1,1,1,1,-1,1,1,-1,-1,1,-1,1,1,-1,1,0.009990613907575607
1,-1,-1,1,1,1,1,1,1,1,-1,1,-1,-1,1,-1,-1,-1,1,-1,0.009990613907575607
1,-1,-1,1,1,1,1,1,1,1,-1,1,-1,1,1,-1,-1,-1,-1,-1,0.009990613907575607
1,-1,-1,1,1,1,1,1,1,1,-1,1,-1,1,1,1,1,1,-1,1,0.009990613907575607
1,-1,-1,1,1,1,1,1,1,1,-1,1,1,1,1,1,-1,1,-1,-1,0.009990613907575607
1,-1,-1,1,1,1,1,1,1,1,1,-1,-1,1,1,1,1,-1,1,-1,0.009990613907575607
1,-1,-1,1,1,1,1,1,1,1,1,1,-1,-1,-1,-1,1,-1,1,-1,0.009990613907575607
1,-1,-1,1,1,1,1,1,1,1,1,1,1,1,-1,1,-1,-1,1,-1,0.009990613907575607
1,-1,-1,1,1,1,1,1,1,1,1,1,1,1,-1,1,1,1,-1,-1,0.009990613907575607
1,-1,-1,1,1,1,1,1,1,1,1,1,1,1,1,-1,1,-1,-1,1,0.009990613907575607
1,-1,1,-1,-1,-1,-1,-1,-1,-1,-1,-1,-1,-1,1,-1,1,-1,-1,1,0.009990613907575607
1,-1,1,-1,-1,-1,-1,-1,-1,-1,-1,-1,-1,1,1,1,-1,1,1,-1,0.009990613907575607
1,-1,1,-1,-1,-1,-1,-1,-1,-1,-1,1,-1,-1,-1,1,1,-1,-1,-1,0.009990613907575607
1,-1,1,-1,-1,-1,-1,-1,-1,-1,-1,1,1,-1,-1,-1,1,1,-1,1,0.009990613907575607
1,-1,1,-1,-1,-1,-1,-1,-1,-1,1,-1,-1,-1,1,1,1,1,1,-1,0.009990613907575607
1,-1,1,-1,-1,-1,-1,-1,-1,-1,1,-1,-1,1,-1,-1,-1,-1,1,-1,0.009990613907575607
1,-1,1,-1,-1,-1,-1,-1,-1,-1,1,-1,-1,1,-1,-1,1,1,-1,1,0.009990613907575607
1,-1,1,-1,-1,-1,-1,-1,-1,-1,1,-1,1,1,-1,1,1,1,-1,1,0.009990613907575607
1,-1,1,-1,-1,-1,-1,-1,-1,-1,1,-1,1,1,1,-1,-1,1,-1,1,0.009990613907575607
1,-1,1,-1,-1,-1,-1,-1,-1,-1,1,-1,1,1,1,-1,1,-1,1,1,0.009990613907575607
1,-1,1,-1,-1,-1,-1,-1,-1,-1,1,1,-1,1,-1,1,1,-1,-1,-1,0.009990613907575607
1,-1,1,-1,-1,-1,-1,-1,-1,-1,1,1,1,-1,1,1,-1,-1,-1,-1,0.009990613907575607
1,-1,1,-1,-1,-1,-1,-1,-1,1,-1,-1,-1,1,1,1,1,-1,-1,-1,0.009990613907575607
1,-1,1,-1,-1,-1,-1,-1,-1,1,-1,-1,-1,1,1,1,1,1,-1,-1,0.009990613907575607
1,-1,1,-1,-1,-1,-1,-1,-1,1,-1,1,-1,-1,-1,1,-1,-1,1,1,0.009990613907575607
1,-1,1,-1,-1,-1,-1,-1,-1,1,-1,1,-1,1,-1,-1,1,-1,-1,-1,0.009990613907575607
1,-1,1,-1,-1,-1,-1,-1,-1,1,-1,1,1,1,1,-1,1,1,1,1,0.009990613907575607
1,-1,1,-1,-1,-1,-1,-1,-1,1,1,-1,-1,-1,-1,-1,-1,1,-1,1,0.009990613907575607
1,-1,1,-1,-1,-1,-1,-1,-1,1,1,-1,1,1,1,-1,-1,1,1,1,0.009990613907575607
1,-1,1,-1,-1,-1,-1,-1,-1,1,1,1,-1,-1,1,-1,-1,1,-1,-1,0.009990613907575607
1,-1,1,-1,-1,-1,-1,-1,-1,1,1,1,-1,-1,1,-1,1,-1,-1,-1,0.009990613907575607
1,-1,1,-1,-1,-1,-1,-1,-1,1,1,1,1,1,1,-1,-1,1,1,1,0.009990613907575607
1,-1,1,-1,-1,-1,-1,-1,1,-1,-1,-1,-1,1,1,1,-1,1,-1,1,0.009990613907575607
1,-1,1,-1,-1,-1,-1,-1,1,-1,1,-1,-1,1,-1,-1,-1,1,-1,1,0.009990613907575607
1,-1,1,-1,-1,-1,-1,-1,1,-1,1,-1,1,-1,-1,1,1,-1,1,-1,0.009990613907575607
1,-1,1,-1,-1,-1,-1,-1,1,-1,1,-1,1,1,1,1,1,1,-1,-1,0.009990613907575607
1,-1,1,-1,-1,-1,-1,-1,1,1,-1,-1,1,-1,1,-1,-1,1,1,-1,0.009990613907575607
1,-1,1,-1,-1,-1,-1,-1,1,1,-1,-1,1,1,-1,1,1,1,-1,-1,0.009990613907575607
1,-1,1,-1,-1,-1,-1,-1,1,1,-1,1,-1,-1,1,-1,1,1,1,-1,0.009990613907575607
1,-1,1,-1,-1,-1,-1,-1,1,1,1,-1,-1,1,-1,1,-1,1,-1,-1,0.009990613907575607
1,-1,1,-1,-1,-1,-1,-1,1,1,1,-1,1,1,-1,1,-1,-1,-1,-1,0.009990613907575607
1,-1,1,-1,-1,-1,-1,-1,1,1,1,1,-1,1,-1,1,-1,1,1,-1,0.009990613907575607
1,-1,1,-1,-1,-1,-1,-1,1,1,1,1,-1,1,1,1,1,1,1,-1,0.009990613907575607
1,-1,1,-1,-1,-1,-1,-1,1,1,1,1,1,1,1,-1,-1,-1,1,1,0.009990613907575607
1,-1,1,-1,-1,-1,-1,-1,1,1,1,1,1,1,1,1,1,1,-1,1,0.009990613907575607
1,-1,1,-1,-1,-1,-1,1,-1,-1,-1,-1,-1,1,-1,1,-1,-1,-1,1,0.009990613907575607
1,-1,1,-1,-1,-1,-1,1,-1,-1,-1,-1,-1,1,-1,1,1,1,-1,-1,0.009990613907575607
1,-1,1,-1,-1,-1,-1,1,-1,-1,-1,-1,1,1,-1,1,-1,-1,-1,-1,0.009990613907575607
1,-1,1,-1,-1,-1,-1,1,-1,-1,-1,1,-1,-1,1,-1,-1,-1,-1,1,0.009990613907575607
1,-1,1,-1,-1,-1,-1,1,-1,-1,1,-1,-1,1,-1,-1,1,-1,-1,-1,0.009990613907575607
1,-1,1,-1,-1,-1,-1,1,-1,-1,1,-1,1,-1,1,1,-1,-1,-1,-1,0.009990613907575607
1,-1,1,-1,-1,-1,-1,1,-1,-1,1,1,-1,-1,-1,-1,-1,-1,1,-1,0.009990613907575607
1,-1,1,-1,-1,-1,-1,1,-1,1,-1,-1,-1,-1,-1,1,1,1,-1,-1,0.009990613907575607
1,-1,1,-1,-1,-1,-1,1,-1,1,-1,-1,-1,1,-1,1,1,-1,1,1,0.009990613907575607
1,-1,1,-1,-1,-1,-1,1,-1,1,-1,-1,1,1,1,-1,1,1,-1,-1,0.009990613907575607
1,-1,1,-1,-1,-1,-1,1,-1,1,-1,1,-1,-1,-1,1,1,1,1,-1,0.009990613907575607
1,-1,1,-1,-1,-1,-1,1,-1,1,-1,1,-1,-1,1,-1,-1,1,-1,1,0.009990613907575607
1,-1,1,-1,-1,-1,-1,1,-1,1,-1,1,-1,-1,1,1,1,1,1,-1,0.009990613907575607
1,-1,1,-1,-1,-1,-1,1,-1,1,-1,1,-1,1,-1,-1,-1,-1,-1,1,0.009990613907575607
1,-1,1,-1,-1,-1,-1,1,-1,1,1,-1,1,1,1,-1,-1,1,-1,-1,0.009990613907575607
1,-1,1,-1,-1,-1,-1,1,-1,1,1,1,-1,1,-1,1,-1,1,-1,1,0.009990613907575607
1,-1,1,-1,-1,-1,-1,1,-1,1,1,1,1,1,1,-1,-1,-1,1,1,0.009990613907575607
1,-1,1,-1,-1,-1,-1,1,1,-1,-1,-1,-1,-1,-1,1,1,-1,1,-1,0.009990613907575607
1,-1,1,-1,-1,-1,-1,1,1,-1,-1,-1,-1,1,-1,-1,1,-1,-1,-1,0.009990613907575607
1,-1,1,-1,-1,-1,-1,1,1,-1,-1,-1,-1,1,1,-1,-1,-1,1,-1,0.009990613907575607
1,-1,1,-1,-1,-1,-1,1,1,-1,-1,1,-1,1,1,1,-1,1,-1,1,0.009990613907575607
1,-1,1,-1,-1,-1,-1,1,1,-1,1,-1,-1,-1,1,1,-1,-1,1,1,0.009990613907575607
1,-1,1,-1,-1,-1,-1,1,1,-1,1,-1,-1,1,-1,-1,1,1,1,-1,0.009990613907575607
1,-1,1,-1,-1,-1,-1,1,1,-1,1,-1,-1,1,-1,1,1,1,1,-1,0.009990613907575607
1,-1,1,-1,-1,-1,-1,1,1,-1,1,-1,-1,1,1,-1,1,1,1,1,0.009990613907575607
1,-1,1,-1,-1,-1,-1,1,1,-1,1,1,-1,1,-1,-1,1,1,-1,1,0.009990613907575607
1,-1,1,-1,-1,-1,-1,1,1,-1,1,1,1,-1,-1,-1,1,-1,1,-1,0.009990613907575607
1,-1,1,-1,-1,-1,-1,1,1,-1,1,1,1,-1,-1,1,-1,-1,-1,1,0.009990613907575607
1,-1,1,-1,-1,-1,-1,1,1,-1,1,1,1,-1,1,1,-1,1,-1,1,0.009990613907575607
1,-1,1,-1,-1,-1,-1,1,1,-1,1,1,1,1,-1,1,-1,1,-1,1,0.009990613907575607
1,-1,1,-1,-1,-1,-1,1,1,1,-1,1,-1,-1,-1,1,1,1,-1,-1,0.009990613907575607
1,-1,1,-1,-1,-1,-1,1,1,1,-1,1,-1,1,-1,-1,1,1,1,-1,0.009990613907575607
1,-1,1,-1,-1,-1,-1,1,1,1,-1,1,1,-1,1,-1,1,-1,1,1,0.009990613907575607
1,-1,1,-1,-1,-1,-1,1,1,1,1,-1,-1,-1,-1,-1,1,-1,1,-1,0.009990613907575607
1,-1,1,-1,-1,-1,-1,1,1,1,1,-1,-1,-1,-1,-1,1,1,-1,1,0.009990613907575607
1,-1,1,-1,-1,-1,-1,1,1,1,1,-1,-1,1,-1,-1,-1,1,-1,-1,0.009990613907575607
1,-1,1,-1,-1,-1,-1,1,1,1,1,-1,-1,1,-1,1,-1,1,1,1,0.009990613907575607
1,-1,1,-1,-1,-1,-1,1,1,1,1,-1,1,-1,1,-1,1,-1,-1,-1,0.009990613907575607
1,-1,1,-1,-1,-1,-1,1,1,1,1,-1,1,-1,1,1,-1,1,-1,1,0.009990613907575607
1,-1,1,-1,-1,-1,-1,1,1,1,1,1,-1,-1,1,-1,1,-1,1,1,0.009990613907575607
1,-1,1,-1,-1,-1,-1,1,1,1,1,1,-1,1,1,1,1,-1,-1,-1,0.009990613907575607
1,-1,1,-1,-1,-1,1,-1,-1,-1,-1,-1,1,-1,1,-1,-1,1,1,-1,0.009990613907575607
1,-1,1,-1,-1,-1,1,-1,-1,-1,-1,1,-1,-1,1,-1,1,-1,-1,1,0.009990613907575607
1,-1,1,-1,-1,-1,1,-1,-1,-1,-1,1,-1,1,-1,1,-1,1,1,1,0.009990613907575607
1,-1,1,-1,-1,-1,1,-1,-1,-1,-1,1,-1,1,1,-1,1,1,1,1,0.009990613907575607
1,-1,1,-1,-1,-1,1,-1,-1,-1,-1,1,-1,1,1,1,1,-1,1,1,0.009990613907575607
1,-1,1,-1,-1,-1,1,-1,-1,-1,-1,1,1,-1,-1,1,1,1,-1,-1,0.009990613907575607
1,-1,1,-1,-1,-1,1,-1,-1,-1,1,1,-1,-1,1,1,1,-1,1,1,0.009990613907575607
1,-1,1,-1,-1,-1,1,-1,-1,-1,1,1,-1,1,-1,-1,-1,1,-1,-1,0.009990613907575607
1,-1,1,-1,-1,-1,1,-1,-1,-1,1,1,-1,1,-1,1,1,-1,-1,-1,0.009990613907575607
1,-1,1,-1,-1,-1,1,-1,-1,1,-1,1,-1,-1,-1,-1,-1,1,1,1,0.009990613907575607
1,-1,1,-1,-1,-1,1,-1,-1,1,-1,1,-1,1,-1,-1,-1,1,-1,1,0.009990613907575607
1,-1,1,-1,-1,-1,1,-1,-1,1,1,-1,-1,1,-1,-1,-1,-1,1,-1,0.009990613907575607
1,-1,1,-1,-1,-1,1,-1,1,-1,-1,-1,-1,-1,1,1,1,-1,-1,-1,0.009990613907575607
1,-1,1,-1,-1,-1,1,-1,1,-1,-1,-1,-1,-1,1,1,1,1,1,-1,0.009990613907575607
1,-1,1,-1,-1,-1,1,-1,1,-1,-1,-1,-1,1,-1,1,1,-1,-1,-1,0.009990613907575607
1,-1,1,-1,-1,-1,1,-1,1,-1,-1,-1,-1,1,1,1,-1,-1,1,1,0.009990613907575607
1,-1,1,-1,-1,-1,1,-1,1,-1,-1,-1,-1,1,1,1,-1,1,1,1,0.009990613907575607
1,-1,1,-1,-1,-1,1,-1,1,-1,-1,1,-1,-1,-1,-1,1,1,1,-1,0.009990613907575607
1,-1,1,-1,-1,-1,1,-1,1,-1,-1,1,-1,-1,-1,1,1,1,-1,-1,0.009990613907575607
1,-1,1,-1,-1,-1,1,-1,1,-1,-1,1,1,-1,1,1,-1,-1,1,1,0.009990613907575607
1,-1,1,-1,-1,-1,1,-1,1,-1,1,-1,-1,-1,-1,-1,-1,1,1,1,0.009990613907575607
1,-1,1,-1,-1,-1,1,-1,1,-1,1,-1,1,-1,-1,1,-1,1,1,-1,0.009990613907575607
1,-1,1,-1,-1,-1,1,-1,1,-1,1,1,-1,1,1,1,1,-1,1,-1,0.009990613907575607
1,-1,1,-1,-1,-1,1,-1,1,-1,1,1,1,-1,1,1,-1,1,1,-1,0.009990613907575607
1,-1,1,-1,-1,-1,1,-1,1,-1,1,1,1,1,-1,-1,-1,1,-1,-1,0.009990613907575607
1,-1,1,-1,-1,-1,1,-1,1,1,-1,-1,-1,-1,-1,1,-1,-1,1,-1,0.009990613907575607
1,-1,1,-1,-1,-1,1,-1,1,1,-1,-1,-1,1,-1,-1,-1,-1,-1,1,0.009990613907575607
1,-1,1,-1,-1,-1,1,-1,1,1,-1,-1,1,-1,-1,-1,1,1,1,-1,0.009990613907575607
1,-1,1,-1,-1,-1,1,-1,1,1,-1,-1,1,1,-1,1,1,-1,-1,-1,0.009990613907575607
1,-1,1,-1,-1,-1,1,-1,1,1,-1,-1,1,1,1,-1,1,-1,-1,1,0.009990613907575607
1,-1,1,-1,-1,-1,1,-1,1,1,-1,1,-1,1,1,1,1,-1,1,-1,0.009990613907575607
1,-1,1,-1,-1,-1,1,-1,1,1,-1,1,1,-1,-1,1,-1,-1,-1,1,0.009990613907575607
1,-1,1,-1,-1,-1,1,-1,1,1,-1,1,1,-1,1,1,1,1,-1,1,0.009990613907575607
1,-1,1,-1,-1,-1,1,-1,1,1,-1,1,1,1,-1,-1,1,-1,-1,-1,0.009990613907575607
1,-1,1,-1,-1,-1,1,-1,1,1,-1,1,1,1,1,1,1,1,1,1,0.009990613907575607
1,-1,1,-1,-1,-1,1,-1,1,1,1,-1,1,-1,1,1,-1,1,-1,-1,0.009990613907575607
1,-1,1,-1,-1,-1,1,-1,1,1,1,1,-1,-1,-1,1,-1,1,1,-1,0.009990613907575607
1,-1,1,-1,-1,-1,1,-1,1,1,1,1,-1,1,-1,-1,1,-1,1,-1,0.009990613907575607
1,-1,1,-1,-1,-1,1,-1,1,1,1,1,-1,1,1,1,-1,1,1,-1,0.009990613907575607
1,-1,1,-1,-1,-1,1,1,-1,-1,-1,1,-1,-1,-1,1,1,-1,-1,1,0.009990613907575607
1,-1,1,-1,-1,-1,1,1,-1,-1,-1,1,1,-1,-1,-1,-1,-1,-1,1,0.009990613907575607
1,-1,1,-1,-1,-1,1,1,-1,-1,1,1,-1,-1,-1,1,-1,1,1,-1,0.009990613907575607
1,-1,1,-1,-1,-1,1,1,-1,1,-1,-1,-1,-1,-1,-1,1,-1,1,1,0.009990613907575607
1,-1,1,-1,-1,-1,1,1,-1,1,-1,-1,1,-1,-1,1,-1,-1,1,1,0.009990613907575607
1,-1,1,-1,-1,-1,1,1,-1,1,-1,-1,1,-1,-1,1,1,-1,1,-1,0.009990613907575607
1,-1,1,-1,-1,-1,1,1,-1,1,-1,-1,1,-1,1,1,1,-1,-1,-1,0.009990613907575607
1,-1,1,-1,-1,-1,1,1,-1,1,-1,-1,1,1,1,1,1,-1,-1,1,0.009990613907575607
1,-1,1,-1,-1,-1,1,1,-1,1,-1,1,1,-1,1,-1,-1,-1,1,1,0.009990613907575607
1,-1,1,-1,-1,-1,1,1,-1,1,1,-1,-1,-1,-1,-1,-1,-1,-1,-1,0.009990613907575607
1,-1,1,-1,-1,-1,1,1,-1,1,1,-1,1,-1,1,-1,-1,-1,1,-1,0.009990613907575607
1,-1,1,-1,-1,-1,1,1,-1,1,1,-1,1,1,-1,-1,-1,1,-1,1,0.009990613907575607
1,-1,1,-1,-1,-1,1,1,-1,1,1,1,-1,1,1,1,1,-1,-1,-1,0.009990613907575607
1,-1,1,-1,-1,-1,1,1,-1,1,1,1,1,1,-1,-1,1,-1,-1,1,0.009990613907575607
1,-1,1,-1,-1,-1,1,1,-1,1,1,1,1,1,-1,1,-1,1,1,1,0.009990613907575607
1,-1,1,-1,-1,-1,1,1,1,-1,-1,-1,1,1,1,1,1,-1,-1,-1,0.009990613907575607
1,-1,1,-1,-1,-1,1,1,1,-1,-1,1,1,-1,-1,1,-1,-1,1,-1,0.009990613907575607
1,-1,1,-1,-1,-1,1,1,1,-1,-1,1,1,1,1,1,1,-1,1,-1,0.009990613907575607
1,-1,1,-1,-1,-1,1,1,1,-1,1,-1,-1,-1,-1,1,-1,1,1,-1,0.009990613907575607
1,-1,1,-1,-1,-1,1,1,1,-1,1,-1,1,-1,1,-1,1,1,-1,-1,0.009990613907575607
1,-1,1,-1,-1,-1,1,1,1,-1,1,1,-1,-1,-1,-1,-1,-1,-1,1,0.009990613907575607
1,-1,1,-1,-1,-1,1,1,1,-1,1,1,-1,1,-1,-1,-1,1,1,1,0.009990613907575607
1,-1,1,-1,-1,-1,1,1,1,-1,1,1,1,-1,1,-1,-1,1,1,-1,0.009990613907575607
1,-1,1,-1,-1,-1,1,1,1,1,-1,-1,-1,-1,-1,1,-1,1,-1,1,0.009990613907575607
1,-1,1,-1,-1,-1,1,1,1,1,-1,-1,-1,-1,1,1,1,1,1,-1,0.009990613907575607
1,-1,1,-1,-1,-1,1,1,1,1,-1,-1,1,1,1,-1,1,1,-1,-1,0.009990613907575607
1,-1,1,-1,-1,-1,1,1,1,1,1,-1,1,1,1,-1,1,-1,1,1,0.009990613907575607
1,-1,1,-1,-1,-1,1,1,1,1,1,1,-1,-1,-1,1,1,1,-1,1,0.009990613907575607
1,-1,1,-1,-1,-1,1,1,1,1,1,1,-1,1,-1,1,-1,1,-1,-1,0.009990613907575607
1,-1,1,-1,-1,1,-1,-1,-1,-1,-1,-1,-1,1,-1,1,-1,1,-1,1,0.009990613907575607
1,-1,1,-1,-1,1,-1,-1,-1,-1,-1,-1,1,-1,1,-1,1,1,-1,-1,0.009990613907575607
1,-1,1,-1,-1,1,-1,-1,-1,-1,-1,-1,1,1,1,1,-1,1,1,1,0.009990613907575607
1,-1,1,-1,-1,1,-1,-1,-1,-1,1,-1,-1,1,-1,1,1,1,-1,-1,0.009990613907575607
1,-1,1,-1,-1,1,-1,-1,-1,-1,1,-1,1,-1,1,1,1,1,1,-1,0.009990613907575607
1,-1,1,-1,-1,1,-1,-1,-1,-1,1,1,1,-1,-1,-1,1,-1,-1,-1,0.009990613907575607
1,-1,1,-1,-1,1,-1,-1,-1,1,-1,-1,-1,-1,-1,1,-1,1,1,1,0.009990613907575607
1,-1,1,-1,-1,1,-1,-1,-1,1,-1,-1,1,-1,-1,-1,-1,-1,1,-1,0.009990613907575607
1,-1,1,-1,-1,1,-1,-1,-1,1,-1,1,1,-1,-1,1,1,1,1,1,0.009990613907575607
1,-1,1,-1,-1,1,-1,-1,-1,1,-1,1,1,-1,1,-1,-1,-1,1,1,0.009990613907575607
1,-1,1,-1,-1,1,-1,-1,-1,1,1,-1,-1,1,-1,1,-1,1,-1,-1,0.009990613907575607
1,-1,1,-1,-1,1,-1,-1,-1,1,1,-1,-1,1,1,1,-1,-1,-1,1,0.009990613907575607
1,-1,1,-1,-1,1,-1,-1,-1,1,1,-1,1,-1,-1,-1,-1,1,-1,1,0.009990613907575607
1,-1,1,-1,-1,1,-1,-1,-1,1,1,-1,1,-1,-1,-1,1,1,-1,1,0.009990613907575607
1,-1,1,-1,-1,1,-1,-1,-1,1,1,-1,1,-1,-1,1,1,1,-1,1,0.009990613907575607
1,-1,1,-1,-1,1,-1,-1,-1,1,1,-1,1,-1,1,1,1,-1,1,-1,0.009990613907575607
1,-1,1,-1,-1,1,-1,-1,-1,1,1,-1,1,1,1,1,-1,1,1,-1,0.009990613907575607
1,-1,1,-1,-1,1,-1,-1,-1,1,1,1,-1,1,-1,1,1,-1,1,-1,0.009990613907575607
1,-1,1,-1,-1,1,-1,-1,1,-1,-1,-1,-1,-1,-1,1,-1,1,-1,-1,0.009990613907575607
1,-1,1,-1,-1,1,-1,-1,1,-1,-1,-1,-1,-1,1,-1,-1,1,-1,1,0.009990613907575607
1,-1,1,-1,-1,1,-1,-1,1,-1,-1,-1,-1,1,1,1,1,1,1,-1,0.009990613907575607
1,-1,1,-1,-1,1,-1,-1,1,-1,-1,1,-1,-1,1,1,-1,-1,1,-1,0.009990613907575607
1,-1,1,-1,-1,1,-1,-1,1,-1,-1,1,-1,1,1,-1,-1,-1,-1,1,0.009990613907575607
1,-1,1,-1,-1,1,-1,-1,1,-1,1,-1,-1,-1,1,1,1,1,-1,-1,0.009990613907575607
1,-1,1,-1,-1,1,-1,-1,1,-1,1,-1,1,1,-1,1,-1,1,-1,1,0.009990613907575607
1,-1,1,-1,-1,1,-1,-1,1,-1,1,1,-1,1,-1,1,1,-1,1,1,0.009990613907575607
1,-1,1,-1,-1,1,-1,-1,1,1,-1,1,1,-1,-1,1,1,1,1,-1,0.009990613907575607
1,-1,1,-1,-1,1,-1,-1,1,1,1,-1,-1,1,1,-1,1,1,1,-1,0.009990613907575607
1,-1,1,-1,-1,1,-1,-1,1,1,1,1,-1,-1,1,-1,-1,1,-1,1,0.009990613907575607
1,-1,1,-1,-1,1,-1,-1,1,1,1,1,-1,1,-1,-1,-1,1,-1,1,0.009990613907575607
1,-1,1,-1,-1,1,-1,-1,1,1,1,1,-1,1,1,-1,1,1,-1,1,0.009990613907575607
1,-1,1,-1,-1,1,-1,-1,1,1,1,1,-1,1,1,1,-1,-1,1,1,0.009990613907575607
1,-1,1,-1,-1,1,-1,-1,1,1,1,1,1,-1,-1,1,-1,1,1,1,0.009990613907575607
1,-1,1,-1,-1,1,-1,-1,1,1,1,1,1,-1,-1,1,1,-1,-1,1,0.009990613907575607
1,-1,1,-1,-1,1,-1,-1,1,1,1,1,1,-1,1,1,-1,1,-1,-1,0.009990613907575607
1,-1,1,-1,-1,1,-1,-1,1,1,1,1,1,1,1,1,-1,-1,-1,1,0.009990613907575607
1,-1,1,-1,-1,1,-1,1,-1,-1,-1,-1,-1,-1,-1,-1,-1,1,1,1,0.009990613907575607
1,-1,1,-1,-1,1,-1,1,-1,-1,-1,-1,1,-1,1,-1,1,-1,1,1,0.009990613907575607
1,-1,1,-1,-1,1,-1,1,-1,-1,-1,1,-1,-1,-1,1,1,1,1,-1,0.009990613907575607
1,-1,1,-1,-1,1,-1,1,-1,-1,-1,1,1,1,-1,1,-1,-1,1,1,0.009990613907575607
1,-1,1,-1,-1,1,-1,1,-1,-1,-1,1,1,1,1,1,1,1,-1,1,0.009990613907575607
1,-1,1,-1,-1,1,-1,1,-1,-1,1,-1,-1,-1,1,-1,1,-1,1,-1,0.009990613907575607
1,-1,1,-1,-1,1,-1,1,-1,-1,1,-1,1,-1,-1,-1,1,-1,1,1,0.009990613907575607
1,-1,1,-1,-1,1,-1,1,-1,-1,1,-1,1,-1,1,1,1,-1,-1,-1,0.009990613907575607
1,-1,1,-1,-1,1,-1,1,-1,-1,1,-1,1,1,-1,1,-1,-1,1,-1,0.009990613907575607
1,-1,1,-1,-1,1,-1,1,-1,-1,1,1,-1,1,1,1,1,1,1,-1,0.009990613907575607
1,-1,1,-1,-1,1,-1,1,-1,-1,1,1,1,-1,1,-1,-1,1,-1,-1,0.009990613907575607
1,-1,1,-1,-1,1,-1,1,-1,1,-1,-1,-1,-1,-1,-1,1,1,1,1,0.009990613907575607
1,-1,1,-1,-1,1,-1,1,-1,1,1,-1,-1,-1,1,1,1,1,1,1,0.009990613907575607
1,-1,1,-1,-1,1,-1,1,-1,1,1,-1,1,-1,1,-1,-1,-1,-1,1,0.009990613907575607
1,-1,1,-1,-1,1,-1,1,-1,1,1,-1,1,-1,1,-1,-1,1,1,1,0.009990613907575607
1,-1,1,-1,-1,1,-1,1,-1,1,1,-1,1,1,-1,-1,1,-1,-1,1,0.009990613907575607
1,-1,1,-1,-1,1,-1,1,-1,1,1,-1,1,1,1,-1,-1,-1,1,1,0.009990613907575607
1,-1,1,-1,-1,1,-1,1,-1,1,1,-1,1,1,1,-1,1,-1,-1,-1,0.009990613907575607
1,-1,1,-1,-1,1,-1,1,-1,1,1,1,-1,-1,-1,-1,1,-1,-1,-1,0.009990613907575607
1,-1,1,-1,-1,1,-1,1,-1,1,1,1,1,-1,1,1,-1,1,1,1,0.009990613907575607
1,-1,1,-1,-1,1,-1,1,-1,1,1,1,1,1,-1,-1,-1,-1,-1,-1,0.009990613907575607
1,-1,1,-1,-1,1,-1,1,-1,1,1,1,1,1,-1,-1,-1,-1,-1,1,0.009990613907575607
1,-1,1,-1,-1,1,-1,1,-1,1,1,1,1,1,1,-1,-1,1,-1,1,0.009990613907575607
1,-1,1,-1,-1,1,-1,1,1,-1,-1,-1,-1,-1,1,-1,1,-1,-1,1,0.009990613907575607
1,-1,1,-1,-1,1,-1,1,1,-1,-1,-1,-1,1,-1,1,-1,-1,1,-1,0.009990613907575607
1,-1,1,-1,-1,1,-1,1,1,-1,-1,-1,-1,1,1,-1,-1,1,1,-1,0.009990613907575607
1,-1,1,-1,-1,1,-1,1,1,-1,-1,-1,1,-1,1,1,1,-1,-1,1,0.009990613907575607
1,-1,1,-1,-1,1,-1,1,1,-1,-1,-1,1,1,-1,-1,1,-1,1,1,0.009990613907575607
1,-1,1,-1,-1,1,-1,1,1,-1,-1,1,1,-1,-1,-1,1,-1,-1,1,0.009990613907575607
1,-1,1,-1,-1,1,-1,1,1,-1,-1,1,1,-1,1,-1,-1,1,1,1,0.009990613907575607
1,-1,1,-1,-1,1,-1,1,1,-1,-1,1,1,-1,1,1,1,1,-1,-1,0.009990613907575607
1,-1,1,-1,-1,1,-1,1,1,-1,1,-1,-1,-1,1,-1,-1,-1,-1,1,0.009990613907575607
1,-1,1,-1,-1,1,-1,1,1,-1,1,-1,-1,1,1,-1,-1,1,-1,1,0.009990613907575607
1,-1,1,-1,-1,1,-1,1,1,-1,1,-1,1,-1,1,-1,1,-1,1,-1,0.009990613907575607
1,-1,1,-1,-1,1,-1,1,1,-1,1,-1,1,1,1,1,1,-1,-1,-1,0.009990613907575607
1,-1,1,-1,-1,1,-1,1,1,-1,1,1,1,-1,1,-1,1,-1,1,-1,0.009990613907575607
1,-1,1,-1,-1,1,-1,1,1,-1,1,1,1,-1,1,1,-1,-1,-1,-1,0.009990613907575607
1,-1,1,-1,-1,1,-1,1,1,1,-1,-1,-1,1,1,-1,-1,-1,1,-1,0.009990613907575607
1,-1,1,-1,-1,1,-1,1,1,1,-1,-1,1,-1,1,-1,-1,1,1,-1,0.009990613907575607
1,-1,1,-1,-1,1,-1,1,1,1,-1,-1,1,1,-1,1,1,-1,-1,1,0.009990613907575607
1,-1,1,-1,-1,1,-1,1,1,1,-1,1,-1,1,1,1,-1,1,-1,-1,0.009990613907575607
1,-1,1,-1,-1,1,-1,1,1,1,-1,1,1,-1,-1,-1,1,-1,1,-1,0.009990613907575607
1,-1,1,-1,-1,1,-1,1,1,1,-1,1,1,-1,1,-1,1,1,-1,-1,0.009990613907575607
1,-1,1,-1,-1,1,-1,1,1,1,1,-1,1,-1,-1,-1,-1,1,1,-1,0.009990613907575607
1,-1,1,-1,-1,1,-1,1,1,1,1,-1,1,-1,1,1,-1,-1,1,1,0.009990613907575607
1,-1,1,-1,-1,1,-1,1,1,1,1,1,-1,1,-1,-1,-1,-1,1,1,0.009990613907575607
1,-1,1,-1,-1,1,-1,1,1,1,1,1,1,-1,-1,-1,-1,-1,-1,1,0.009990613907575607
1,-1,1,-1,-1,1,-1,1,1,1,1,1,1,1,1,-1,1,1,1,-1,0.009990613907575607
1,-1,1,-1,-1,1,1,-1,-1,-1,-1,-1,-1,-1,-1,-1,-1,-1,-1,1,0.009990613907575607
1,-1,1,-1,-1,1,1,-1,-1,-1,-1,-1,1,-1,-1,1,1,-1,-1,-1,0.009990613907575607
1,-1,1,-1,-1,1,1,-1,-1,-1,-1,-1,1,1,-1,1,1,-1,-1,-1,0.009990613907575607
1,-1,1,-1,-1,1,1,-1,-1,-1,-1,1,-1,-1,-1,-1,1,-1,1,-1,0.009990613907575607
1,-1,1,-1,-1,1,1,-1,-1,-1,1,-1,-1,-1,-1,-1,1,1,1,1,0.009990613907575607
1,-1,1,-1,-1,1,1,-1,-1,-1,1,-1,-1,-1,-1,1,1,1,1,-1,0.009990613907575607
1,-1,1,-1,-1,1,1,-1,-1,-1,1,-1,-1,-1,1,-1,1,-1,1,-1,0.009990613907575607
1,-1,1,-1,-1,1,1,-1,-1,-1,1,-1,1,1,-1,1,-1,-1,-1,-1,0.009990613907575607
1,-1,1,-1,-1,1,1,-1,-1,1,-1,-1,1,-1,1,-1,1,1,-1,1,0.009990613907575607
1,-1,1,-1,-1,1,1,-1,-1,1,-1,-1,1,1,-1,1,1,-1,1,1,0.009990613907575607
1,-1,1,-1,-1,1,1,-1,-1,1,-1,1,-1,-1,-1,-1,-1,1,-1,-1,0.009990613907575607
1,-1,1,-1,-1,1,1,-1,-1,1,-1,1,1,-1,1,-1,1,1,1,1,0.009990613907575607
1,-1,1,-1,-1,1,1,-1,-1,1,-1,1,1,1,1,-1,1,1,1,-1,0.009990613907575607
1,-1,1,-1,-1,1,1,-1,-1,1,1,-1,-1,-1,1,-1,1,1,1,1,0.009990613907575607
1,-1,1,-1,-1,1,1,-1,-1,1,1,-1,1,-1,-1,1,1,1,1,1,0.009990613907575607
1,-1,1,-1,-1,1,1,-1,-1,1,1,-1,1,-1,1,1,1,-1,1,1,0.009990613907575607
1,-1,1,-1,-1,1,1,-1,-1,1,1,1,-1,-1,-1,-1,1,-1,-1,-1,0.009990613907575607
1,-1,1,-1,-1,1,1,-1,-1,1,1,1,1,-1,1,-1,-1,-1,1,-1,0.009990613907575607
1,-1,1,-1,-1,1,1,-1,1,-1,-1,-1,1,-1,1,-1,-1,1,1,-1,0.009990613907575607
1,-1,1,-1,-1,1,1,-1,1,-1,-1,1,-1,-1,-1,-1,1,1,1,-1,0.009990613907575607
1,-1,1,-1,-1,1,1,-1,1,-1,-1,1,-1,1,1,-1,1,-1,-1,1,0.009990613907575607
1,-1,1,-1,-1,1,1,-1,1,-1,-1,1,1,-1,-1,-1,1,1,1,1,0.009990613907575607
1,-1,1,-1,-1,1,1,-1,1,-1,-1,1,1,-1,1,1,-1,1,-1,1,0.009990613907575607
1,-1,1,-1,-1,1,1,-1,1,-1,-1,1,1,1,-1,-1,1,-1,-1,-1,0.009990613907575607
1,-1,1,-1,-1,1,1,-1,1,-1,-1,1,1,1,-1,1,1,-1,-1,-1,0.009990613907575607
1,-1,1,-1,-1,1,1,-1,1,-1,1,-1,1,1,-1,1,-1,-1,1,1,0.009990613907575607
1,-1,1,-1,-1,1,1,-1,1,-1,1,-1,1,1,1,-1,1,1,1,1,0.009990613907575607
1,-1,1,-1,-1,1,1,-1,1,-1,1,1,1,-1,-1,-1,-1,-1,-1,-1,0.009990613907575607
1,-1,1,-1,-1,1,1,-1,1,-1,1,1,1,-1,1,1,-1,1,-1,1,0.009990613907575607
1,-1,1,-1,-1,1,1,-1,1,1,-1,-1,1,-1,-1,-1,1,-1,-1,-1,0.009990613907575607
1,-1,1,-1,-1,1,1,-1,1,1,-1,-1,1,1,-1,-1,-1,-1,1,-1,0.009990613907575607
1,-1,1,-1,-1,1,1,-1,1,1,-1,1,1,-1,-1,1,1,1,-1,-1,0.009990613907575607
1,-1,1,-1,-1,1,1,-1,1,1,-1,1,1,1,-1,1,1,-1,-1,-1,0.009990613907575607
1,-1,1,-1,-1,1,1,-1,1,1,-1,1,1,1,1,1,1,1,-1,-1,0.009990613907575607
1,-1,1,-1,-1,1,1,-1,1,1,1,-1,1,1,1,-1,-1,1,-1,-1,0.009990613907575607
1,-1,1,-1,-1,1,1,-1,1,1,1,1,1,1,1,1,1,-1,-1,-1,0.009990613907575607
1,-1,1,-1,-1,1,1,1,-1,-1,-1,-1,-1,-1,-1,1,1,1,1,-1,0.009990613907575607
1,-1,1,-1,-1,1,1,1,-1,-1,-1,-1,1,1,-1,-1,-1,-1,1,-1,0.009990613907575607
1,-1,1,-1,-1,1,1,1,-1,-1,-1,1,-1,-1,1,-1,-1,-1,-1,1,0.009990613907575607
1,-1,1,-1,-1,1,1,1,-1,-1,-1,1,-1,-1,1,1,1,1,1,-1,0.009990613907575607
1,-1,1,-1,-1,1,1,1,-1,-1,1,-1,-1,1,1,-1,-1,-1,1,1,0.009990613907575607
1,-1,1,-1,-1,1,1,1,-1,-1,1,-1,-1,1,1,-1,-1,1,-1,-1,0.009990613907575607
1,-1,1,-1,-1,1,1,1,-1,-1,1,-1,1,1,1,-1,-1,-1,1,-1,0.009990613907575607
1,-1,1,-1,-1,1,1,1,-1,-1,1,1,-1,-1,1,1,-1,-1,1,1,0.009990613907575607
1,-1,1,-1,-1,1,1,1,-1,-1,1,1,-1,-1,1,1,1,-1,1,1,0.009990613907575607
1,-1,1,-1,-1,1,1,1,-1,-1,1,1,1,-1,-1,-1,-1,1,1,1,0.009990613907575607
1,-1,1,-1,-1,1,1,1,-1,-1,1,1,1,-1,1,-1,-1,-1,-1,-1,0.009990613907575607
1,-1,1,-1,-1,1,1,1,-1,-1,1,1,1,-1,1,1,1,-1,-1,-1,0.009990613907575607
1,-1,1,-1,-1,1,1,1,-1,-1,1,1,1,1,1,-1,-1,-1,1,-1,0.009990613907575607
1,-1,1,-1,-1,1,1,1,-1,-1,1,1,1,1,1,1,-1,1,-1,1,0.009990613907575607
1,-1,1,-1,-1,1,1,1,-1,1,-1,-1,1,-1,-1,-1,-1,-1,1,-1,0.009990613907575607
1,-1,1,-1,-1,1,1,1,-1,1,-1,1,1,-1,1,-1,1,-1,-1,-1,0.009990613907575607
1,-1,1,-1,-1,1,1,1,-1,1,1,-1,-1,-1,-1,1,1,1,-1,1,0.009990613907575607
1,-1,1,-1,-1,1,1,1,-1,1,1,-1,-1,-1,1,-1,1,1,-1,1,0.009990613907575607
1,-1,1,-1,-1,1,1,1,-1,1,1,-1,1,-1,-1,-1,1,1,-1,-1,0.009990613907575607
1,-1,1,-1,-1,1,1,1,-1,1,1,1,1,-1,-1,-1,-1,1,-1,-1,0.009990613907575607
1,-1,1,-1,-1,1,1,1,1,-1,-1,1,-1,1,-1,1,1,1,-1,-1,0.009990613907575607
1,-1,1,-1,-1,1,1,1,1,-1,1,-1,-1,-1,-1,-1,-1,1,-1,-1,0.009990613907575607
1,-1,1,-1,-1,1,1,1,1,-1,1,-1,-1,1,-1,-1,1,-1,-1,1,0.009990613907575607
1,-1,1,-1,-1,1,1,1,1,-1,1,-1,1,1,1,-1,-1,1,-1,1,0.009990613907575607
1,-1,1,-1,-1,1,1,1,1,-1,1,1,-1,-1,-1,1,-1,-1,-1,1,0.009990613907575607
1,-1,1,-1,-1,1,1,1,1,-1,1,1,-1,1,-1,1,-1,-1,1,-1,0.009990613907575607
1,-1,1,-1,-1,1,1,1,1,-1,1,1,1,-1,1,-1,-1,-1,-1,-1,0.009990613907575607
1,-1,1,-1,-1,1,1,1,1,-1,1,1,1,-1,1,1,-1,-1,1,-1,0.009990613907575607
1,-1,1,-1,-1,1,1,1,1,-1,1,1,1,1,1,-1,1,-1,-1,-1,0.009990613907575607
1,-1,1,-1,-1,1,1,1,1,1,-1,-1,-1,1,-1,1,1,1,-1,1,0.009990613907575607
1,-1,1,-1,-1,1,1,1,1,1,-1,-1,1,-1,-1,-1,-1,-1,1,-1,0.009990613907575607
1,-1,1,-1,-1,1,1,1,1,1,-1,-1,1,1,1,1,1,1,-1,-1,0.009990613907575607
1,-1,1,-1,-1,1,1,1,1,1,1,-1,-1,-1,-1,1,-1,-1,-1,-1,0.009990613907575607
1,-1,1,-1,-1,1,1,1,1,1,1,-1,-1,1,-1,-1,1,-1,-1,1,0.009990613907575607
1,-1,1,-1,-1,1,1,1,1,1,1,-1,1,1,1,-1,-1,1,-1,-1,0.009990613907575607
1,-1,1,-1,-1,1,1,1,1,1,1,1,-1,-1,-1,1,-1,-1,1,-1,0.009990613907575607
1,-1,1,-1,-1,1,1,1,1,1,1,1,-1,-1,1,1,1,-1,1,-1,0.009990613907575607
1,-1,1,-1,-1,1,1,1,1,1,1,1,1,-1,-1,-1,1,1,-1,-1,0.009990613907575607
1,-1,1,-1,1,-1,-1,-1,-1,-1,-1,-1,-1,-1,1,1,1,-1,1,1,0.009990613907575607
1,-1,1,-1,1,-1,-1,-1,-1,-1,-1,-1,1,-1,1,-1,-1,1,-1,-1,0.009990613907575607
1,-1,1,-1,1,-1,-1,-1,-1,-1,-1,-1,1,-1,1,1,1,1,1,1,0.009990613907575607
1,-1,1,-1,1,-1,-1,-1,-1,-1,-1,-1,1,1,-1,-1,1,-1,-1,-1,0.009990613907575607
1,-1,1,-1,1,-1,-1,-1,-1,-1,-1,-1,1,1,1,1,-1,-1,1,1,0.009990613907575607
1,-1,1,-1,1,-1,-1,-1,-1,-1,-1,1,-1,1,-1,-1,-1,1,-1,-1,0.009990613907575607
1,-1,1,-1,1,-1,-1,-1,-1,-1,-1,1,-1,1,-1,-1,1,1,1,1,0.009990613907575607
1,-1,1,-1,1,-1,-1,-1,-1,-1,-1,1,1,1,1,-1,-1,1,-1,-1,0.009990613907575607
1,-1,1,-1,1,-1,-1,-1,-1,-1,1,-1,-1,1,1,1,1,1,1,1,0.009990613907575607
1,-1,1,-1,1,-1,-1,-1,-1,-1,1,-1,1,1,1,1,1,-1,-1,1,0.009990613907575607
1,-1,1,-1,1,-1,-1,-1,-1,1,-1,-1,1,-1,1,1,1,1,-1,-1,0.009990613907575607
1,-1,1,-1,1,-1,-1,-1,-1,1,-1,-1,1,1,-1,-1,1,1,-1,-1,0.009990613907575607
1,-1,1,-1,1,-1,-1,-1,-1,1,-1,1,1,-1,-1,1,1,-1,-1,-1,0.009990613907575607
1,-1,1,-1,1,-1,-1,-1,-1,1,1,-1,-1,-1,-1,1,1,-1,1,1,0.009990613907575607
1,-1,1,-1,1,-1,-1,-1,-1,1,1,-1,-1,-1,-1,1,1,1,1,-1,0.009990613907575607
1,-1,1,-1,1,-1,-1,-1,-1,1,1,-1,-1,-1,1,1,-1,-1,-1,1,0.009990613907575607
1,-1,1,-1,1,-1,-1,-1,-1,1,1,-1,-1,1,-1,-1,-1,-1,-1,-1,0.009990613907575607
1,-1,1,-1,1,-1,-1,-1,-1,1,1,-1,1,-1,-1,1,-1,-1,1,1,0.009990613907575607
1,-1,1,-1,1,-1,-1,-1,-1,1,1,-1,1,-1,1,1,1,-1,-1,-1,0.009990613907575607
1,-1,1,-1,1,-1,-1,-1,-1,1,1,1,1,-1,1,-1,-1,1,1,-1,0.009990613907575607
1,-1,1,-1,1,-1,-1,-1,-1,1,1,1,1,-1,1,1,-1,1,1,1,0.009990613907575607
1,-1,1,-1,1,-1,-1,-1,-1,1,1,1,1,1,-1,-1,1,-1,-1,1,0.009990613907575607
1,-1,1,-1,1,-1,-1,-1,-1,1,1,1,1,1,-1,1,1,1,-1,-1,0.009990613907575607
1,-1,1,-1,1,-1,-1,-1,1,-1,-1,-1,-1,-1,1,1,-1,1,-1,-1,0.009990613907575607
1,-1,1,-1,1,-1,-1,-1,1,-1,-1,-1,1,-1,1,-1,-1,-1,1,1,0.009990613907575607
1,-1,1,-1,1,-1,-1,-1,1,-1,-1,-1,1,-1,1,-1,1,-1,-1,-1,0.009990613907575607
1,-1,1,-1,1,-1,-1,-1,1,-1,-1,-1,1,1,-1,1,1,1,1,1,0.009990613907575607
1,-1,1,-1,1,-1,-1,-1,1,-1,-1,1,-1,-1,-1,1,-1,-1,1,1,0.009990613907575607
1,-1,1,-1,1,-1,-1,-1,1,-1,-1,1,-1,1,1,-1,1,1,1,1,0.009990613907575607
1,-1,1,-1,1,-1,-1,-1,1,-1,-1,1,1,1,-1,-1,-1,1,1,1,0.009990613907575607
1,-1,1,-1,1,-1,-1,-1,1,-1,-1,1,1,1,-1,-1,1,-1,-1,1,0.009990613907575607
1,-1,1,-1,1,-1,-1,-1,1,-1,1,-1,-1,1,-1,-1,-1,1,1,-1,0.009990613907575607
1,-1,1,-1,1,-1,-1,-1,1,-1,1,-1,-1,1,-1,-1,1,-1,-1,-1,0.009990613907575607
1,-1,1,-1,1,-1,-1,-1,1,-1,1,-1,1,-1,1,1,1,-1,1,1,0.009990613907575607
1,-1,1,-1,1,-1,-1,-1,1,-1,1,1,1,-1,1,1,-1,-1,-1,-1,0.009990613907575607
1,-1,1,-1,1,-1,-1,-1,1,1,-1,-1,-1,-1,-1,1,1,-1,-1,1,0.009990613907575607
1,-1,1,-1,1,-1,-1,-1,1,1,-1,-1,1,-1,-1,-1,1,1,-1,-1,0.009990613907575607
1,-1,1,-1,1,-1,-1,-1,1,1,-1,-1,1,-1,-1,1,-1,1,1,-1,0.009990613907575607
1,-1,1,-1,1,-1,-1,-1,1,1,-1,-1,1,-1,1,-1,-1,-1,1,1,0.009990613907575607
1,-1,1,-1,1,-1,-1,-1,1,1,-1,-1,1,-1,1,1,1,1,1,1,0.009990613907575607
1,-1,1,-1,1,-1,-1,-1,1,1,-1,1,-1,-1,-1,-1,1,-1,1,-1,0.009990613907575607
1,-1,1,-1,1,-1,-1,-1,1,1,-1,1,-1,-1,1,-1,-1,-1,-1,-1,0.009990613907575607
1,-1,1,-1,1,-1,-1,-1,1,1,-1,1,1,-1,1,1,-1,-1,-1,1,0.009990613907575607
1,-1,1,-1,1,-1,-1,-1,1,1,-1,1,1,1,-1,-1,1,1,-1,-1,0.009990613907575607
1,-1,1,-1,1,-1,-1,-1,1,1,-1,1,1,1,1,-1,-1,-1,-1,-1,0.009990613907575607
1,-1,1,-1,1,-1,-1,-1,1,1,1,-1,-1,1,-1,-1,-1,1,1,1,0.009990613907575607
1,-1,1,-1,1,-1,-1,-1,1,1,1,-1,1,-1,-1,1,-1,1,-1,1,0.009990613907575607
1,-1,1,-1,1,-1,-1,-1,1,1,1,-1,1,-1,1,-1,1,1,1,1,0.009990613907575607
1,-1,1,-1,1,-1,-1,-1,1,1,1,-1,1,-1,1,1,-1,-1,-1,-1,0.009990613907575607
1,-1,1,-1,1,-1,-1,-1,1,1,1,-1,1,1,-1,-1,-1,-1,-1,-1,0.009990613907575607
1,-1,1,-1,1,-1,-1,1,-1,-1,-1,-1,-1,-1,-1,-1,1,1,1,1,0.009990613907575607
1,-1,1,-1,1,-1,-1,1,-1,-1,-1,-1,-1,-1,-1,1,-1,-1,-1,-1,0.009990613907575607
1,-1,1,-1,1,-1,-1,1,-1,-1,-1,1,-1,1,-1,1,1,-1,-1,-1,0.009990613907575607
1,-1,1,-1,1,-1,-1,1,-1,-1,-1,1,-1,1,1,1,-1,-1,-1,1,0.009990613907575607
1,-1,1,-1,1,-1,-1,1,-1,-1,-1,1,-1,1,1,1,1,1,1,-1,0.009990613907575607
1,-1,1,-1,1,-1,-1,1,-1,-1,1,-1,-1,-1,1,-1,1,-1,-1,-1,0.009990613907575607
1,-1,1,-1,1,-1,-1,1,-1,-1,1,-1,-1,-1,1,-1,1,1,-1,-1,0.009990613907575607
1,-1,1,-1,1,-1,-1,1,-1,-1,1,-1,-1,1,-1,-1,1,1,1,-1,0.009990613907575607
1,-1,1,-1,1,-1,-1,1,-1,-1,1,-1,-1,1,-1,1,1,1,1,-1,0.009990613907575607
1,-1,1,-1,1,-1,-1,1,-1,-1,1,-1,1,1,-1,1,1,1,1,-1,0.009990613907575607
1,-1,1,-1,1,-1,-1,1,-1,-1,1,-1,1,1,1,-1,-1,-1,-1,1,0.009990613907575607
1,-1,1,-1,1,-1,-1,1,-1,-1,1,-1,1,1,1,-1,1,-1,-1,1,0.009990613907575607
1,-1,1,-1,1,-1,-1,1,-1,-1,1,1,1,-1,-1,-1,1,1,1,-1,0.009990613907575607
1,-1,1,-1,1,-1,-1,1,-1,-1,1,1,1,-1,1,1,-1,1,-1,1,0.009990613907575607
1,-1,1,-1,1,-1,-1,1,-1,-1,1,1,1,1,-1,-1,1,1,1,1,0.009990613907575607
1,-1,1,-1,1,-1,-1,1,-1,1,1,-1,-1,1,-1,1,-1,-1,-1,1,0.009990613907575607
1,-1,1,-1,1,-1,-1,1,-1,1,1,-1,1,-1,1,1,-1,1,-1,-1,0.009990613907575607
1,-1,1,-1,1,-1,-1,1,-1,1,1,-1,1,1,1,-1,1,-1,-1,-1,0.009990613907575607
1,-1,1,-1,1,-1,-1,1,-1,1,1,1,-1,1,-1,-1,-1,1,-1,1,0.009990613907575607
1,-1,1,-1,1,-1,-1,1,1,-1,-1,-1,-1,-1,1,-1,1,-1,1,-1,0.009990613907575607
1,-1,1,-1,1,-1,-1,1,1,-1,-1,-1,1,1,1,1,-1,1,-1,-1,0.009990613907575607
1,-1,1,-1,1,-1,-1,1,1,-1,1,-1,-1,-1,-1,1,-1,-1,-1,-1,0.009990613907575607
1,-1,1,-1,1,-1,-1,1,1,-1,1,-1,1,-1,1,1,1,-1,1,1,0.009990613907575607
1,-1,1,-1,1,-1,-1,1,1,-1,1,-1,1,1,1,-1,-1,1,1,1,0.009990613907575607
1,-1,1,-1,1,-1,-1,1,1,-1,1,1,-1,-1,1,1,1,-1,-1,1,0.009990613907575607
1,-1,1,-1,1,-1,-1,1,1,-1,1,1,-1,1,-1,-1,1,-1,1,-1,0.009990613907575607
1,-1,1,-1,1,-1,-1,1,1,-1,1,1,-1,1,1,1,1,1,1,1,0.009990613907575607
1,-1,1,-1,1,-1,-1,1,1,-1,1,1,1,-1,-1,1,1,1,1,1,0.009990613907575607
1,-1,1,-1,1,-1,-1,1,1,-1,1,1,1,-1,1,-1,-1,-1,1,-1,0.009990613907575607
1,-1,1,-1,1,-1,-1,1,1,1,-1,-1,-1,1,-1,-1,-1,-1,1,1,0.009990613907575607
1,-1,1,-1,1,-1,-1,1,1,1,-1,-1,-1,1,1,-1,1,-1,1,1,0.009990613907575607
1,-1,1,-1,1,-1,-1,1,1,1,-1,-1,-1,1,1,1,1,-1,-1,1,0.009990613907575607
1,-1,1,-1,1,-1,-1,1,1,1,-1,1,-1,-1,-1,1,1,-1,-1,1,0.009990613907575607
1,-1,1,-1,1,-1,-1,1,1,1,-1,1,-1,1,-1,-1,-1,-1,1,-1,0.009990613907575607
1,-1,1,-1,1,-1,-1,1,1,1,-1,1,-1,1,1,1,1,1,1,-1,0.009990613907575607
1,-1,1,-1,1,-1,-1,1,1,1,-1,1,1,-1,-1,1,1,1,1,-1,0.009990613907575607
1,-1,1,-1,1,-1,-1,1,1,1,1,-1,-1,-1,1,1,1,-1,1,-1,0.009990613907575607
1,-1,1,-1,1,-1,-1,1,1,1,1,-1,-1,1,-1,1,-1,-1,1,-1,0.009990613907575607
1,-1,1,-1,1,-1,-1,1,1,1,1,-1,-1,1,-1,1,1,1,-1,-1,0.009990613907575607
1,-1,1,-1,1,-1,-1,1,1,1,1,-1,-1,1,1,-1,-1,-1,-1,1,0.009990613907575607
1,-1,1,-1,1,-1,-1,1,1,1,1,1,-1,-1,1,-1,-1,1,-1,1,0.009990613907575607
1,-1,1,-1,1,-1,-1,1,1,1,1,1,-1,-1,1,1,1,-1,1,-1,0.009990613907575607
1,-1,1,-1,1,-1,-1,1,1,1,1,1,1,-1,1,1,1,1,-1,-1,0.009990613907575607
1,-1,1,-1,1,-1,1,-1,-1,-1,-1,-1,-1,1,-1,1,-1,-1,1,1,0.009990613907575607
1,-1,1,-1,1,-1,1,-1,-1,-1,-1,1,1,-1,1,-1,-1,-1,1,1,0.009990613907575607
1,-1,1,-1,1,-1,1,-1,-1,-1,-1,1,1,-1,1,-1,1,1,1,-1,0.009990613907575607
1,-1,1,-1,1,-1,1,-1,-1,-1,-1,1,1,1,1,-1,-1,1,-1,1,0.009990613907575607
1,-1,1,-1,1,-1,1,-1,-1,-1,1,-1,-1,1,1,1,1,1,-1,-1,0.009990613907575607
1,-1,1,-1,1,-1,1,-1,-1,-1,1,-1,1,-1,-1,-1,-1,1,1,-1,0.009990613907575607
1,-1,1,-1,1,-1,1,-1,-1,-1,1,1,-1,-1,1,1,-1,-1,-1,1,0.009990613907575607
1,-1,1,-1,1,-1,1,-1,-1,-1,1,1,-1,-1,1,1,1,1,1,-1,0.009990613907575607
1,-1,1,-1,1,-1,1,-1,-1,-1,1,1,-1,1,-1,1,1,1,-1,1,0.009990613907575607
1,-1,1,-1,1,-1,1,-1,-1,1,-1,-1,-1,-1,1,-1,1,1,1,1,0.009990613907575607
1,-1,1,-1,1,-1,1,-1,-1,1,-1,-1,-1,1,1,1,-1,1,-1,1,0.009990613907575607
1,-1,1,-1,1,-1,1,-1,-1,1,-1,-1,1,-1,1,1,-1,1,1,1,0.009990613907575607
1,-1,1,-1,1,-1,1,-1,-1,1,-1,-1,1,1,-1,-1,-1,-1,-1,1,0.009990613907575607
1,-1,1,-1,1,-1,1,-1,-1,1,1,-1,1,-1,-1,-1,1,-1,1,-1,0.009990613907575607
1,-1,1,-1,1,-1,1,-1,-1,1,1,-1,1,-1,-1,1,-1,1,1,-1,0.009990613907575607
1,-1,1,-1,1,-1,1,-1,-1,1,1,1,-1,-1,-1,-1,1,-1,1,1,0.009990613907575607
1,-1,1,-1,1,-1,1,-1,-1,1,1,1,-1,-1,1,1,1,-1,1,1,0.009990613907575607
1,-1,1,-1,1,-1,1,-1,1,-1,-1,-1,1,-1,-1,-1,-1,-1,-1,1,0.009990613907575607
1,-1,1,-1,1,-1,1,-1,1,-1,-1,-1,1,1,1,-1,1,1,-1,-1,0.009990613907575607
1,-1,1,-1,1,-1,1,-1,1,-1,-1,-1,1,1,1,1,1,-1,-1,1,0.009990613907575607
1,-1,1,-1,1,-1,1,-1,1,-1,-1,1,-1,-1,1,-1,-1,1,-1,1,0.009990613907575607
1,-1,1,-1,1,-1,1,-1,1,-1,-1,1,1,1,1,-1,1,1,-1,-1,0.009990613907575607
1,-1,1,-1,1,-1,1,-1,1,-1,1,-1,-1,-1,1,-1,1,1,-1,-1,0.009990613907575607
1,-1,1,-1,1,-1,1,-1,1,-1,1,1,1,-1,1,-1,1,1,-1,1,0.009990613907575607
1,-1,1,-1,1,-1,1,-1,1,1,-1,-1,-1,-1,1,1,-1,-1,-1,1,0.009990613907575607
1,-1,1,-1,1,-1,1,-1,1,1,-1,-1,-1,1,1,-1,-1,1,1,1,0.009990613907575607
1,-1,1,-1,1,-1,1,-1,1,1,-1,-1,1,-1,1,-1,1,-1,1,-1,0.009990613907575607
1,-1,1,-1,1,-1,1,-1,1,1,-1,-1,1,1,-1,-1,-1,1,1,-1,0.009990613907575607
1,-1,1,-1,1,-1,1,-1,1,1,-1,1,-1,1,-1,1,1,-1,1,-1,0.009990613907575607
1,-1,1,-1,1,-1,1,-1,1,1,1,-1,-1,1,-1,-1,-1,1,1,1,0.009990613907575607
1,-1,1,-1,1,-1,1,-1,1,1,1,-1,-1,1,1,-1,1,-1,1,-1,0.009990613907575607
1,-1,1,-1,1,-1,1,-1,1,1,1,-1,1,-1,1,-1,-1,-1,1,1,0.009990613907575607
1,-1,1,-1,1,-1,1,-1,1,1,1,-1,1,1,-1,1,-1,1,1,1,0.009990613907575607
1,-1,1,-1,1,-1,1,1,-1,-1,-1,-1,-1,-1,1,-1,1,1,1,1,0.009990613907575607
1,-1,1,-1,1,-1,1,1,-1,-1,-1,-1,-1,1,1,1,1,-1,-1,1,0.009990613907575607
1,-1,1,-1,1,-1,1,1,-1,-1,-1,-1,1,1,1,1,-1,-1,-1,-1,0.009990613907575607
1,-1,1,-1,1,-1,1,1,-1,-1,-1,1,-1,-1,1,-1,-1,-1,-1,1,0.009990613907575607
1,-1,1,-1,1,-1,1,1,-1,-1,-1,1,-1,1,1,1,-1,1,-1,-1,0.009990613907575607
1,-1,1,-1,1,-1,1,1,-1,-1,-1,1,1,-1,-1,1,1,-1,-1,1,0.009990613907575607
1,-1,1,-1,1,-1,1,1,-1,-1,-1,1,1,-1,1,1,-1,1,1,-1,0.009990613907575607
1,-1,1,-1,1,-1,1,1,-1,-1,-1,1,1,1,-1,-1,-1,1,-1,-1,0.009990613907575607
1,-1,1,-1,1,-1,1,1,-1,-1,1,-1,-1,-1,1,1,-1,1,1,1,0.009990613907575607
1,-1,1,-1,1,-1,1,1,-1,-1,1,1,1,-1,1,-1,1,-1,-1,-1,0.009990613907575607
1,-1,1,-1,1,-1,1,1,-1,1,-1,-1,-1,-1,-1,-1,-1,1,1,1,0.009990613907575607
1,-1,1,-1,1,-1,1,1,-1,1,-1,-1,-1,1,-1,1,1,1,1,-1,0.009990613907575607
1,-1,1,-1,1,-1,1,1,-1,1,-1,1,-1,1,1,-1,-1,-1,-1,1,0.009990613907575607
1,-1,1,-1,1,-1,1,1,-1,1,-1,1,-1,1,1,1,1,1,1,1,0.009990613907575607
1,-1,1,-1,1,-1,1,1,-1,1,-1,1,1,-1,1,-1,1,1,1,1,0.009990613907575607
1,-1,1,-1,1,-1,1,1,-1,1,1,-1,-1,-1,-1,-1,-1,-1,1,-1,0.009990613907575607
1,-1,1,-1,1,-1,1,1,-1,1,1,-1,-1,-1,1,-1,1,-1,1,-1,0.009990613907575607
1,-1,1,-1,1,-1,1,1,-1,1,1,-1,1,1,1,-1,-1,1,-1,1,0.009990613907575607
1,-1,1,-1,1,-1,1,1,-1,1,1,1,1,1,1,1,-1,1,1,1,0.009990613907575607
1,-1,1,-1,1,-1,1,1,1,-1,-1,-1,-1,-1,1,1,-1,1,-1,-1,0.009990613907575607
1,-1,1,-1,1,-1,1,1,1,-1,-1,-1,-1,1,-1,-1,1,1,1,1,0.009990613907575607
1,-1,1,-1,1,-1,1,1,1,-1,-1,-1,-1,1,-1,1,-1,-1,-1,1,0.009990613907575607
1,-1,1,-1,1,-1,1,1,1,-1,1,-1,-1,1,-1,-1,1,-1,1,1,0.009990613907575607
1,-1,1,-1,1,-1,1,1,1,-1,1,-1,1,-1,-1,-1,-1,-1,1,-1,0.009990613907575607
1,-1,1,-1,1,-1,1,1,1,-1,1,-1,1,-1,1,1,1,-1,1,1,0.009990613907575607
1,-1,1,-1,1,-1,1,1,1,-1,1,1,1,-1,-1,-1,-1,-1,1,1,0.009990613907575607
1,-1,1,-1,1,-1,1,1,1,-1,1,1,1,-1,1,-1,-1,1,1,1,0.009990613907575607
1,-1,1,-1,1,-1,1,1,1,-1,1,1,1,-1,1,1,1,1,1,1,0.009990613907575607
1,-1,1,-1,1,-1,1,1,1,-1,1,1,1,1,1,-1,1,1,-1,1,0.009990613907575607
1,-1,1,-1,1,-1,1,1,1,-1,1,1,1,1,1,1,-1,1,1,-1,0.009990613907575607
1,-1,1,-1,1,-1,1,1,1,1,-1,-1,-1,-1,-1,-1,1,1,1,-1,0.009990613907575607
1,-1,1,-1,1,-1,1,1,1,1,-1,-1,1,-1,1,1,-1,-1,-1,1,0.009990613907575607
1,-1,1,-1,1,-1,1,1,1,1,-1,-1,1,1,1,-1,-1,1,-1,1,0.009990613907575607
1,-1,1,-1,1,-1,1,1,1,1,-1,1,-1,-1,-1,1,1,-1,-1,1,0.009990613907575607
1,-1,1,-1,1,-1,1,1,1,1,1,-1,-1,-1,-1,1,-1,-1,1,1,0.009990613907575607
1,-1,1,-1,1,-1,1,1,1,1,1,-1,1,1,-1,-1,-1,-1,-1,1,0.009990613907575607
1,-1,1,-1,1,-1,1,1,1,1,1,-1,1,1,-1,-1,-1,1,-1,-1,0.009990613907575607
1,-1,1,-1,1,-1,1,1,1,1,1,1,-1,-1,-1,1,1,1,1,-1,0.009990613907575607
1,-1,1,-1,1,-1,1,1,1,1,1,1,-1,1,-1,-1,1,-1,-1,-1,0.009990613907575607
1,-1,1,-1,1,-1,1,1,1,1,1,1,1,-1,-1,-1,1,-1,-1,1,0.009990613907575607
1,-1,1,-1,1,1,-1,-1,-1,-1,-1,-1,-1,1,-1,1,1,-1,-1,-1,0.009990613907575607
1,-1,1,-1,1,1,-1,-1,-1,-1,-1,-1,1,-1,-1,-1,1,-1,1,-1,0.009990613907575607
1,-1,1,-1,1,1,-1,-1,-1,-1,-1,1,1,-1,-1,-1,1,-1,1,-1,0.009990613907575607
1,-1,1,-1,1,1,-1,-1,-1,-1,-1,1,1,-1,-1,1,1,-1,-1,1,0.009990613907575607
1,-1,1,-1,1,1,-1,-1,-1,-1,-1,1,1,1,-1,1,-1,1,-1,-1,0.009990613907575607
1,-1,1,-1,1,1,-1,-1,-1,-1,1,-1,-1,-1,1,1,1,1,-1,-1,0.009990613907575607
1,-1,1,-1,1,1,-1,-1,-1,-1,1,1,-1,-1,1,1,-1,-1,1,1,0.009990613907575607
1,-1,1,-1,1,1,-1,-1,-1,-1,1,1,-1,1,1,1,1,-1,1,1,0.009990613907575607
1,-1,1,-1,1,1,-1,-1,-1,1,-1,-1,-1,1,1,-1,-1,-1,1,-1,0.009990613907575607
1,-1,1,-1,1,1,-1,-1,-1,1,-1,-1,1,-1,1,-1,1,-1,-1,1,0.009990613907575607
1,-1,1,-1,1,1,-1,-1,-1,1,-1,-1,1,1,-1,1,-1,-1,-1,1,0.009990613907575607
1,-1,1,-1,1,1,-1,-1,-1,1,-1,1,1,1,-1,-1,1,1,1,-1,0.009990613907575607
1,-1,1,-1,1,1,-1,-1,-1,1,1,-1,-1,1,-1,1,1,1,-1,-1,0.009990613907575607
1,-1,1,-1,1,1,-1,-1,-1,1,1,1,-1,-1,1,-1,-1,1,1,1,0.009990613907575607
1,-1,1,-1,1,1,-1,-1,-1,1,1,1,-1,1,-1,-1,-1,-1,-1,1,0.009990613907575607
1,-1,1,-1,1,1,-1,-1,-1,1,1,1,-1,1,-1,-1,1,1,1,-1,0.009990613907575607
1,-1,1,-1,1,1,-1,-1,1,-1,-1,-1,-1,-1,1,-1,1,1,1,-1,0.009990613907575607
1,-1,1,-1,1,1,-1,-1,1,-1,-1,-1,-1,-1,1,1,1,1,1,-1,0.009990613907575607
1,-1,1,-1,1,1,-1,-1,1,-1,-1,1,-1,-1,-1,-1,1,1,1,-1,0.009990613907575607
1,-1,1,-1,1,1,-1,-1,1,-1,-1,1,1,-1,-1,-1,1,1,-1,1,0.009990613907575607
1,-1,1,-1,1,1,-1,-1,1,-1,-1,1,1,-1,1,-1,-1,-1,-1,-1,0.009990613907575607
1,-1,1,-1,1,1,-1,-1,1,-1,-1,1,1,1,-1,1,1,1,1,1,0.009990613907575607
1,-1,1,-1,1,1,-1,-1,1,-1,1,-1,-1,1,-1,1,1,1,-1,-1,0.009990613907575607
1,-1,1,-1,1,1,-1,-1,1,-1,1,1,1,-1,1,-1,-1,-1,-1,1,0.009990613907575607
1,-1,1,-1,1,1,-1,-1,1,-1,1,1,1,1,1,1,-1,-1,-1,1,0.009990613907575607
1,-1,1,-1,1,1,-1,-1,1,-1,1,1,1,1,1,1,-1,-1,1,1,0.009990613907575607
1,-1,1,-1,1,1,-1,-1,1,1,-1,-1,-1,1,-1,1,1,-1,-1,-1,0.009990613907575607
1,-1,1,-1,1,1,-1,-1,1,1,-1,1,-1,-1,-1,-1,-1,1,-1,1,0.009990613907575607
1,-1,1,-1,1,1,-1,-1,1,1,-1,1,-1,-1,-1,1,1,1,-1,1,0.009990613907575607
1,-1,1,-1,1,1,-1,-1,1,1,-1,1,1,-1,1,1,1,-1,1,1,0.009990613907575607
1,-1,1,-1,1,1,-1,-1,1,1,1,-1,-1,-1,1,-1,1,1,-1,-1,0.009990613907575607
1,-1,1,-1,1,1,-1,-1,1,1,1,-1,-1,1,1,1,-1,-1,1,-1,0.009990613907575607
1,-1,1,-1,1,1,-1,-1,1,1,1,1,-1,-1,1,-1,1,-1,1,-1,0.009990613907575607
1,-1,1,-1,1,1,-1,1,-1,-1,-1,-1,-1,-1,1,-1,-1,1,-1,-1,0.009990613907575607
1,-1,1,-1,1,1,-1,1,-1,-1,-1,-1,-1,1,1,-1,-1,1,1,1,0.009990613907575607
1,-1,1,-1,1,1,-1,1,-1,-1,-1,1,-1,1,1,-1,1,-1,1,1,0.009990613907575607
1,-1,1,-1,1,1,-1,1,-1,-1,-1,1,1,1,1,1,1,1,1,1,0.009990613907575607
1,-1,1,-1,1,1,-1,1,-1,-1,1,-1,-1,1,1,1,-1,-1,1,-1,0.009990613907575607
1,-1,1,-1,1,1,-1,1,-1,-1,1,-1,1,-1,-1,-1,1,1,1,1,0.009990613907575607
1,-1,1,-1,1,1,-1,1,-1,-1,1,1,1,1,1,1,1,-1,1,-1,0.009990613907575607
1,-1,1,-1,1,1,-1,1,-1,1,-1,-1,-1,1,1,-1,-1,1,-1,-1,0.009990613907575607
1,-1,1,-1,1,1,-1,1,-1,1,-1,1,-1,1,1,1,-1,-1,1,1,0.009990613907575607
1,-1,1,-1,1,1,-1,1,-1,1,1,1,-1,-1,-1,1,1,-1,-1,-1,0.009990613907575607
1,-1,1,-1,1,1,-1,1,-1,1,1,1,-1,1,1,1,1,1,-1,-1,0.009990613907575607
1,-1,1,-1,1,1,-1,1,-1,1,1,1,1,-1,-1,-1,1,1,1,1,0.009990613907575607
1,-1,1,-1,1,1,-1,1,1,-1,-1,-1,-1,1,-1,-1,-1,-1,1,-1,0.009990613907575607
1,-1,1,-1,1,1,-1,1,1,-1,-1,-1,1,1,1,-1,-1,-1,1,1,0.009990613907575607
1,-1,1,-1,1,1,-1,1,1,-1,-1,1,-1,-1,1,-1,1,-1,1,-1,0.009990613907575607
1,-1,1,-1,1,1,-1,1,1,-1,-1,1,-1,1,-1,-1,-1,-1,-1,-1,0.009990613907575607
1,-1,1,-1,1,1,-1,1,1,-1,-1,1,-1,1,1,1,1,1,-1,1,0.009990613907575607
1,-1,1,-1,1,1,-1,1,1,-1,-1,1,1,-1,-1,-1,-1,1,1,1,0.009990613907575607
1,-1,1,-1,1,1,-1,1,1,-1,1,-1,-1,1,1,1,-1,1,1,1,0.009990613907575607
1,-1,1,-1,1,1,-1,1,1,-1,1,-1,1,-1,-1,-1,1,-1,-1,-1,0.009990613907575607
1,-1,1,-1,1,1,-1,1,1,-1,1,-1,1,-1,1,1,1,1,-1,1,0.009990613907575607
1,-1,1,-1,1,1,-1,1,1,-1,1,1,-1,-1,-1,-1,-1,1,1,-1,0.009990613907575607
1,-1,1,-1,1,1,-1,1,1,1,-1,1,-1,-1,-1,-1,1,1,1,-1,0.009990613907575607
1,-1,1,-1,1,1,-1,1,1,1,-1,1,1,-1,-1,-1,-1,1,1,-1,0.009990613907575607
1,-1,1,-1,1,1,-1,1,1,1,-1,1,1,-1,-1,1,1,1,1,1,0.009990613907575607
1,-1,1,-1,1,1,-1,1,1,1,1,-1,1,-1,-1,1,-1,1,1,1,0.009990613907575607
1,-1,1,-1,1,1,-1,1,1,1,1,-1,1,-1,-1,1,1,1,1,-1,0.009990613907575607
1,-1,1,-1,1,1,-1,1,1,1,1,-1,1,-1,1,1,1,1,1,1,0.009990613907575607
1,-1,1,-1,1,1,-1,1,1,1,1,1,-1,-1,-1,1,1,-1,1,1,0.009990613907575607
1,-1,1,-1,1,1,-1,1,1,1,1,1,1,1,-1,-1,-1,-1,1,-1,0.009990613907575607
1,-1,1,-1,1,1,1,-1,-1,-1,-1,-1,-1,-1,-1,-1,-1,1,-1,-1,0.009990613907575607
1,-1,1,-1,1,1,1,-1,-1,-1,-1,-1,1,-1,-1,-1,-1,-1,-1,-1,0.009990613907575607
1,-1,1,-1,1,1,1,-1,-1,-1,-1,-1,1,-1,1,-1,1,-1,1,-1,0.009990613907575607
1,-1,1,-1,1,1,1,-1,-1,-1,-1,1,1,-1,1,-1,-1,1,-1,1,0.009990613907575607
1,-1,1,-1,1,1,1,-1,-1,-1,1,-1,-1,-1,-1,1,-1,-1,1,-1,0.009990613907575607
1,-1,1,-1,1,1,1,-1,-1,-1,1,-1,1,-1,1,-1,1,-1,1,1,0.009990613907575607
1,-1,1,-1,1,1,1,-1,-1,-1,1,1,-1,1,-1,-1,1,1,1,1,0.009990613907575607
1,-1,1,-1,1,1,1,-1,-1,-1,1,1,-1,1,-1,1,-1,1,1,1,0.009990613907575607
1,-1,1,-1,1,1,1,-1,-1,1,-1,-1,-1,-1,1,-1,-1,1,-1,1,0.009990613907575607
1,-1,1,-1,1,1,1,-1,-1,1,-1,-1,-1,-1,1,-1,1,-1,1,1,0.009990613907575607
1,-1,1,-1,1,1,1,-1,-1,1,-1,-1,-1,1,1,1,-1,1,1,-1,0.009990613907575607
1,-1,1,-1,1,1,1,-1,-1,1,-1,1,1,1,1,-1,1,1,-1,-1,0.009990613907575607
1,-1,1,-1,1,1,1,-1,-1,1,1,-1,1,-1,-1,1,-1,1,-1,-1,0.009990613907575607
1,-1,1,-1,1,1,1,-1,-1,1,1,1,-1,1,-1,-1,1,1,1,-1,0.009990613907575607
1,-1,1,-1,1,1,1,-1,-1,1,1,1,-1,1,1,1,1,1,1,-1,0.009990613907575607
1,-1,1,-1,1,1,1,-1,-1,1,1,1,1,-1,-1,1,1,1,-1,-1,0.009990613907575607
1,-1,1,-1,1,1,1,-1,1,-1,-1,-1,1,-1,1,-1,-1,1,-1,-1,0.009990613907575607
1,-1,1,-1,1,1,1,-1,1,-1,-1,1,-1,-1,1,1,-1,-1,1,-1,0.009990613907575607
1,-1,1,-1,1,1,1,-1,1,-1,-1,1,-1,1,-1,1,1,-1,1,1,0.009990613907575607
1,-1,1,-1,1,1,1,-1,1,-1,-1,1,1,1,1,-1,1,1,1,-1,0.009990613907575607
1,-1,1,-1,1,1,1,-1,1,-1,1,-1,-1,-1,-1,-1,-1,1,-1,1,0.009990613907575607
1,-1,1,-1,1,1,1,-1,1,-1,1,-1,-1,1,-1,-1,-1,1,1,1,0.009990613907575607
1,-1,1,-1,1,1,1,-1,1,-1,1,-1,1,1,1,1,1,-1,-1,-1,0.009990613907575607
1,-1,1,-1,1,1,1,-1,1,-1,1,1,-1,1,1,1,1,1,-1,-1,0.009990613907575607
1,-1,1,-1,1,1,1,-1,1,1,-1,-1,1,-1,-1,1,-1,1,-1,-1,0.009990613907575607
1,-1,1,-1,1,1,1,-1,1,1,-1,-1,1,-1,1,1,1,-1,1,1,0.009990613907575607
1,-1,1,-1,1,1,1,-1,1,1,-1,-1,1,1,1,-1,1,1,1,-1,0.009990613907575607
1,-1,1,-1,1,1,1,-1,1,1,-1,1,-1,1,-1,-1,-1,1,1,-1,0.009990613907575607
1,-1,1,-1,1,1,1,-1,1,1,-1,1,1,-1,1,1,-1,1,1,1,0.009990613907575607
1,-1,1,-1,1,1,1,-1,1,1,1,-1,-1,1,1,-1,-1,-1,-1,-1,0.009990613907575607
1,-1,1,-1,1,1,1,-1,1,1,1,-1,1,1,-1,-1,1,1,1,-1,0.009990613907575607
1,-1,1,-1,1,1,1,-1,1,1,1,1,-1,1,-1,-1,-1,-1,-1,1,0.009990613907575607
1,-1,1,-1,1,1,1,-1,1,1,1,1,-1,1,1,-1,1,1,1,-1,0.009990613907575607
1,-1,1,-1,1,1,1,1,-1,-1,-1,-1,-1,-1,1,-1,-1,-1,1,-1,0.009990613907575607
1,-1,1,-1,1,1,1,1,-1,-1,-1,-1,1,1,-1,1,1,-1,1,1,0.009990613907575607
1,-1,1,-1,1,1,1,1,-1,-1,1,-1,1,-1,-1,-1,-1,-1,1,-1,0.009990613907575607
1,-1,1,-1,1,1,1,1,-1,-1,1,-1,1,-1,1,1,-1,-1,-1,1,0.009990613907575607
1,-1,1,-1,1,1,1,1,-1,-1,1,-1,1,1,-1,1,-1,1,-1,-1,0.009990613907575607
1,-1,1,-1,1,1,1,1,-1,-1,1,1,-1,-1,1,-1,1,1,-1,-1,0.009990613907575607
1,-1,1,-1,1,1,1,1,-1,-1,1,1,1,-1,-1,1,-1,-1,1,-1,0.009990613907575607
1,-1,1,-1,1,1,1,1,-1,-1,1,1,1,1,1,1,1,1,-1,-1,0.009990613907575607
1,-1,1,-1,1,1,1,1,-1,1,-1,-1,-1,-1,-1,-1,-1,-1,-1,-1,0.009990613907575607
1,-1,1,-1,1,1,1,1,-1,1,-1,-1,-1,-1,1,-1,-1,1,-1,-1,0.009990613907575607
1,-1,1,-1,1,1,1,1,-1,1,-1,-1,1,-1,-1,1,1,-1,-1,1,0.009990613907575607
1,-1,1,-1,1,1,1,1,-1,1,1,-1,-1,-1,-1,-1,1,1,1,1,0.009990613907575607
1,-1,1,-1,1,1,1,1,-1,1,1,-1,1,1,-1,-1,-1,-1,1,-1,0.009990613907575607
1,-1,1,-1,1,1,1,1,-1,1,1,-1,1,1,-1,-1,1,1,-1,-1,0.009990613907575607
1,-1,1,-1,1,1,1,1,-1,1,1,1,1,1,1,-1,1,1,-1,-1,0.009990613907575607
1,-1,1,-1,1,1,1,1,1,-1,-1,-1,-1,-1,-1,-1,-1,1,1,1,0.009990613907575607
1,-1,1,-1,1,1,1,1,1,-1,-1,-1,1,1,-1,1,1,1,1,-1,0.009990613907575607
1,-1,1,-1,1,1,1,1,1,-1,-1,-1,1,1,1,1,1,1,-1,-1,0.009990613907575607
1,-1,1,-1,1,1,1,1,1,-1,-1,1,1,-1,-1,-1,1,1,1,-1,0.009990613907575607
1,-1,1,-1,1,1,1,1,1,-1,-1,1,1,1,1,-1,-1,-1,-1,-1,0.009990613907575607
1,-1,1,-1,1,1,1,1,1,-1,1,-1,1,1,1,1,-1,1,-1,1,0.009990613907575607
1,-1,1,-1,1,1,1,1,1,-1,1,1,-1,-1,-1,-1,-1,1,1,-1,0.009990613907575607
1,-1,1,-1,1,1,1,1,1,-1,1,1,-1,1,1,1,1,-1,-1,1,0.009990613907575607
1,-1,1,-1,1,1,1,1,1,-1,1,1,1,-1,1,-1,-1,1,1,1,0.009990613907575607
1,-1,1,-1,1,1,1,1,1,1,-1,-1,-1,-1,-1,1,-1,1,1,1,0.009990613907575607
1,-1,1,-1,1,1,1,1,1,1,-1,1,1,-1,-1,-1,-1,-1,-1,1,0.009990613907575607
1,-1,1,-1,1,1,1,1,1,1,1,-1,-1,1,-1,1,-1,1,1,-1,0.009990613907575607
1,-1,1,-1,1,1,1,1,1,1,1,-1,-1,1,-1,1,1,-1,1,-1,0.009990613907575607
1,-1,1,-1,1,1,1,1,1,1,1,-1,1,-1,-1,1,-1,-1,1,1,0.009990613907575607
1,-1,1,-1,1,1,1,1,1,1,1,-1,1,-1,1,-1,-1,-1,-1,1,0.009990613907575607
1,-1,1,-1,1,1,1,1,1,1,1,-1,1,-1,1,-1,1,1,-1,-1,0.009990613907575607
1,-1,1,-1,1,1,1,1,1,1,1,-1,1,1,1,-1,1,-1,-1,1,0.009990613907575607
1,-1,1,-1,1,1,1,1,1,1,1,1,-1,1,1,-1,1,1,-1,-1,0.009990613907575607
1,-1,1,-1,1,1,1,1,1,1,1,1,-1,1,1,1,-1,1,1,-1,0.009990613907575607
1,-1,1,1,-1,-1,-1,-1,-1,-1,-1,-1,-1,1,-1,-1,-1,1,-1,-1,0.009990613907575607
1,-1,1,1,-1,-1,-1,-1,-1,-1,-1,-1,1,-1,1,-1,-1,-1,-1,-1,0.009990613907575607
1,-1,1,1,-1,-1,-1,-1,-1,-1,-1,1,1,-1,-1,1,-1,-1,1,1,0.009990613907575607
1,-1,1,1,-1,-1,-1,-1,-1,-1,-1,1,1,-1,-1,1,1,1,1,1,0.009990613907575607
1,-1,1,1,-1,-1,-1,-1,-1,-1,1,1,-1,1,-1,1,-1,-1,1,1,0.009990613907575607
1,-1,1,1,-1,-1,-1,-1,-1,-1,1,1,-1,1,1,1,-1,-1,-1,1,0.009990613907575607
1,-1,1,1,-1,-1,-1,-1,-1,-1,1,1,1,-1,1,1,1,1,-1,1,0.009990613907575607
1,-1,1,1,-1,-1,-1,-1,-1,-1,1,1,1,1,1,-1,-1,-1,-1,1,0.009990613907575607
1,-1,1,1,-1,-1,-1,-1,-1,1,-1,-1,-1,1,1,1,1,-1,1,-1,0.009990613907575607
1,-1,1,1,-1,-1,-1,-1,-1,1,-1,-1,1,1,-1,1,-1,-1,-1,-1,0.009990613907575607
1,-1,1,1,-1,-1,-1,-1,-1,1,-1,1,-1,-1,-1,1,-1,1,-1,1,0.009990613907575607
1,-1,1,1,-1,-1,-1,-1,-1,1,-1,1,1,1,-1,-1,-1,1,1,1,0.009990613907575607
1,-1,1,1,-1,-1,-1,-1,-1,1,1,-1,1,-1,-1,1,1,-1,-1,1,0.009990613907575607
1,-1,1,1,-1,-1,-1,-1,-1,1,1,1,-1,-1,-1,1,-1,1,1,-1,0.009990613907575607
1,-1,1,1,-1,-1,-1,-1,-1,1,1,1,-1,-1,1,-1,1,1,-1,-1,0.009990613907575607
1,-1,1,1,-1,-1,-1,-1,-1,1,1,1,-1,1,1,1,1,1,1,-1,0.009990613907575607
1,-1,1,1,-1,-1,-1,-1,1,-1,-1,-1,1,-1,-1,-1,-1,1,-1,1,0.009990613907575607
1,-1,1,1,-1,-1,-1,-1,1,-1,-1,1,1,-1,1,-1,-1,-1,-1,1,0.009990613907575607
1,-1,1,1,-1,-1,-1,-1,1,-1,1,1,-1,-1,-1,-1,-1,1,1,1,0.009990613907575607
1,-1,1,1,-1,-1,-1,-1,1,-1,1,1,-1,-1,1,1,1,1,-1,1,0.009990613907575607
1,-1,1,1,-1,-1,-1,-1,1,-1,1,1,-1,1,1,-1,-1,-1,1,-1,0.009990613907575607
1,-1,1,1,-1,-1,-1,-1,1,-1,1,1,1,1,-1,1,-1,-1,-1,1,0.009990613907575607
1,-1,1,1,-1,-1,-1,-1,1,1,-1,-1,-1,1,1,-1,1,-1,1,-1,0.009990613907575607
1,-1,1,1,-1,-1,-1,-1,1,1,-1,1,1,-1,-1,-1,-1,1,1,-1,0.009990613907575607
1,-1,1,1,-1,-1,-1,-1,1,1,-1,1,1,-1,-1,-1,1,1,-1,-1,0.009990613907575607
1,-1,1,1,-1,-1,-1,-1,1,1,-1,1,1,-1,1,1,1,-1,-1,1,0.009990613907575607
1,-1,1,1,-1,-1,-1,-1,1,1,-1,1,1,1,1,1,1,-1,-1,-1,0.009990613907575607
1,-1,1,1,-1,-1,-1,-1,1,1,1,-1,1,-1,-1,-1,1,-1,1,-1,0.009990613907575607
1,-1,1,1,-1,-1,-1,-1,1,1,1,-1,1,-1,-1,1,-1,-1,-1,1,0.009990613907575607
1,-1,1,1,-1,-1,-1,-1,1,1,1,-1,1,1,-1,-1,-1,-1,-1,1,0.009990613907575607
1,-1,1,1,-1,-1,-1,-1,1,1,1,-1,1,1,-1,-1,-1,-1,1,-1,0.009990613907575607
1,-1,1,1,-1,-1,-1,-1,1,1,1,1,1,-1,-1,1,1,1,1,1,0.009990613907575607
1,-1,1,1,-1,-1,-1,-1,1,1,1,1,1,1,-1,-1,-1,1,-1,-1,0.009990613907575607
1,-1,1,1,-1,-1,-1,-1,1,1,1,1,1,1,1,-1,1,-1,-1,1,0.009990613907575607
1,-1,1,1,-1,-1,-1,1,-1,-1,-1,-1,-1,1,-1,1,1,-1,1,1,0.009990613907575607
1,-1,1,1,-1,-1,-1,1,-1,-1,-1,-1,1,-1,1,-1,1,-1,-1,1,0.009990613907575607
1,-1,1,1,-1,-1,-1,1,-1,-1,-1,-1,1,-1,1,-1,1,1,-1,-1,0.009990613907575607
1,-1,1,1,-1,-1,-1,1,-1,-1,-1,1,-1,-1,-1,1,1,1,-1,-1,0.009990613907575607
1,-1,1,1,-1,-1,-1,1,-1,-1,-1,1,1,1,-1,1,-1,1,-1,-1,0.009990613907575607
1,-1,1,1,-1,-1,-1,1,-1,-1,1,-1,-1,-1,1,1,1,-1,-1,1,0.009990613907575607
1,-1,1,1,-1,-1,-1,1,-1,-1,1,-1,-1,1,1,-1,-1,1,-1,-1,0.009990613907575607
1,-1,1,1,-1,-1,-1,1,-1,-1,1,-1,1,1,1,-1,-1,1,1,-1,0.009990613907575607
1,-1,1,1,-1,-1,-1,1,-1,-1,1,1,-1,-1,1,-1,1,-1,-1,-1,0.009990613907575607
1,-1,1,1,-1,-1,-1,1,-1,-1,1,1,-1,1,1,1,-1,-1,-1,1,0.009990613907575607
1,-1,1,1,-1,-1,-1,1,-1,-1,1,1,1,1,1,1,-1,-1,-1,-1,0.009990613907575607
1,-1,1,1,-1,-1,-1,1,-1,1,-1,-1,-1,1,1,-1,1,1,-1,1,0.009990613907575607
1,-1,1,1,-1,-1,-1,1,-1,1,-1,-1,1,-1,-1,-1,1,-1,-1,1,0.009990613907575607
1,-1,1,1,-1,-1,-1,1,-1,1,-1,1,-1,1,1,1,1,1,-1,-1,0.009990613907575607
1,-1,1,1,-1,-1,-1,1,-1,1,-1,1,1,-1,-1,-1,1,1,1,1,0.009990613907575607
1,-1,1,1,-1,-1,-1,1,-1,1,-1,1,1,1,-1,-1,1,1,-1,-1,0.009990613907575607
1,-1,1,1,-1,-1,-1,1,-1,1,-1,1,1,1,1,-1,1,1,1,1,0.009990613907575607
1,-1,1,1,-1,-1,-1,1,-1,1,1,-1,-1,1,-1,-1,1,-1,-1,-1,0.009990613907575607
1,-1,1,1,-1,-1,-1,1,-1,1,1,-1,1,1,-1,-1,-1,-1,1,1,0.009990613907575607
1,-1,1,1,-1,-1,-1,1,-1,1,1,1,-1,-1,-1,1,1,1,-1,1,0.009990613907575607
1,-1,1,1,-1,-1,-1,1,-1,1,1,1,-1,1,-1,-1,1,1,-1,-1,0.009990613907575607
1,-1,1,1,-1,-1,-1,1,1,-1,-1,-1,-1,-1,-1,-1,1,1,-1,-1,0.009990613907575607
1,-1,1,1,-1,-1,-1,1,1,-1,-1,-1,1,-1,1,1,1,1,1,1,0.009990613907575607
1,-1,1,1,-1,-1,-1,1,1,-1,-1,1,-1,-1,-1,-1,-1,-1,1,-1,0.009990613907575607
1,-1,1,1,-1,-1,-1,1,1,-1,-1,1,1,-1,-1,1,1,1,-1,-1,0.009990613907575607
1,-1,1,1,-1,-1,-1,1,1,-1,1,-1,-1,1,-1,-1,-1,-1,1,-1,0.009990613907575607
1,-1,1,1,-1,-1,-1,1,1,-1,1,-1,1,1,1,-1,1,-1,1,1,0.009990613907575607
1,-1,1,1,-1,-1,-1,1,1,-1,1,1,-1,1,1,1,-1,1,1,-1,0.009990613907575607
1,-1,1,1,-1,-1,-1,1,1,1,-1,-1,-1,-1,1,1,-1,-1,1,-1,0.009990613907575607
1,-1,1,1,-1,-1,-1,1,1,1,-1,-1,1,1,-1,-1,1,-1,1,1,0.009990613907575607
1,-1,1,1,-1,-1,-1,1,1,1,-1,-1,1,1,1,-1,1,-1,1,-1,0.009990613907575607
1,-1,1,1,-1,-1,-1,1,1,1,-1,1,1,-1,1,1,1,-1,-1,1,0.009990613907575607
1,-1,1,1,-1,-1,-1,1,1,1,1,-1,-1,1,-1,-1,-1,-1,-1,-1,0.009990613907575607
1,-1,1,1,-1,-1,-1,1,1,1,1,-1,-1,1,1,1,1,-1,1,1,0.009990613907575607
1,-1,1,1,-1,-1,-1,1,1,1,1,-1,1,-1,-1,1,-1,-1,-1,1,0.009990613907575607
1,-1,1,1,-1,-1,-1,1,1,1,1,-1,1,1,-1,1,-1,-1,-1,1,0.009990613907575607
1,-1,1,1,-1,-1,-1,1,1,1,1,1,1,-1,-1,-1,-1,-1,-1,-1,0.009990613907575607
1,-1,1,1,-1,-1,-1,1,1,1,1,1,1,1,1,-1,1,-1,-1,-1,0.009990613907575607
1,-1,1,1,-1,-1,1,-1,-1,-1,-1,-1,-1,1,-1,-1,-1,-1,-1,1,0.009990613907575607
1,-1,1,1,-1,-1,1,-1,-1,-1,-1,1,-1,-1,-1,-1,1,-1,1,1,0.009990613907575607
1,-1,1,1,-1,-1,1,-1,-1,-1,-1,1,-1,-1,-1,1,1,-1,1,1,0.009990613907575607
1,-1,1,1,-1,-1,1,-1,-1,-1,-1,1,-1,-1,1,-1,1,-1,1,-1,0.009990613907575607
1,-1,1,1,-1,-1,1,-1,-1,-1,-1,1,1,-1,-1,1,-1,-1,1,-1,0.009990613907575607
1,-1,1,1,-1,-1,1,-1,-1,-1,-1,1,1,1,-1,1,1,-1,1,-1,0.009990613907575607
1,-1,1,1,-1,-1,1,-1,-1,-1,1,-1,-1,-1,-1,1,-1,-1,1,1,0.009990613907575607
1,-1,1,1,-1,-1,1,-1,-1,-1,1,-1,-1,1,1,-1,1,1,1,-1,0.009990613907575607
1,-1,1,1,-1,-1,1,-1,-1,-1,1,-1,1,1,1,-1,-1,1,1,1,0.009990613907575607
1,-1,1,1,-1,-1,1,-1,-1,-1,1,1,-1,-1,1,1,-1,1,-1,1,0.009990613907575607
1,-1,1,1,-1,-1,1,-1,-1,-1,1,1,-1,1,-1,1,1,1,1,1,0.009990613907575607
1,-1,1,1,-1,-1,1,-1,-1,-1,1,1,1,1,1,1,1,-1,1,1,0.009990613907575607
1,-1,1,1,-1,-1,1,-1,-1,-1,1,1,1,1,1,1,1,1,1,-1,0.009990613907575607
1,-1,1,1,-1,-1,1,-1,-1,1,-1,-1,-1,1,1,1,1,-1,1,-1,0.009990613907575607
1,-1,1,1,-1,-1,1,-1,-1,1,-1,1,-1,1,-1,-1,1,-1,-1,1,0.009990613907575607
1,-1,1,1,-1,-1,1,-1,-1,1,-1,1,-1,1,-1,1,-1,-1,1,1,0.009990613907575607
1,-1,1,1,-1,-1,1,-1,-1,1,-1,1,1,-1,-1,1,-1,1,1,1,0.009990613907575607
1,-1,1,1,-1,-1,1,-1,-1,1,-1,1,1,-1,1,1,1,1,1,1,0.009990613907575607
1,-1,1,1,-1,-1,1,-1,-1,1,1,-1,-1,-1,-1,-1,-1,-1,1,1,0.009990613907575607
1,-1,1,1,-1,-1,1,-1,-1,1,1,-1,-1,1,-1,-1,-1,1,-1,-1,0.009990613907575607
1,-1,1,1,-1,-1,1,-1,-1,1,1,-1,1,-1,1,-1,1,-1,-1,-1,0.009990613907575607
1,-1,1,1,-1,-1,1,-1,-1,1,1,-1,1,-1,1,1,-1,-1,1,1,0.009990613907575607
1,-1,1,1,-1,-1,1,-1,-1,1,1,-1,1,1,-1,-1,-1,-1,-1,-1,0.009990613907575607
1,-1,1,1,-1,-1,1,-1,-1,1,1,-1,1,1,1,1,-1,-1,-1,1,0.009990613907575607
1,-1,1,1,-1,-1,1,-1,-1,1,1,1,1,-1,1,-1,-1,1,1,1,0.009990613907575607
1,-1,1,1,-1,-1,1,-1,-1,1,1,1,1,1,-1,1,-1,1,-1,1,0.009990613907575607
1,-1,1,1,-1,-1,1,-1,1,-1,-1,-1,-1,-1,-1,1,-1,-1,-1,1,0.009990613907575607
1,-1,1,1,-1,-1,1,-1,1,-1,-1,-1,-1,1,-1,1,-1,1,1,-1,0.009990613907575607
1,-1,1,1,-1,-1,1,-1,1,-1,-1,-1,1,-1,-1,-1,1,1,-1,1,0.009990613907575607
1,-1,1,1,-1,-1,1,-1,1,-1,-1,-1,1,-1,1,-1,1,-1,1,-1,0.009990613907575607
1,-1,1,1,-1,-1,1,-1,1,-1,-1,1,-1,1,1,-1,1,-1,-1,1,0.009990613907575607
1,-1,1,1,-1,-1,1,-1,1,-1,-1,1,1,-1,-1,1,1,1,-1,-1,0.009990613907575607
1,-1,1,1,-1,-1,1,-1,1,-1,1,-1,1,-1,1,1,-1,1,-1,-1,0.009990613907575607
1,-1,1,1,-1,-1,1,-1,1,-1,1,-1,1,1,-1,-1,1,-1,-1,1,0.009990613907575607
1,-1,1,1,-1,-1,1,-1,1,-1,1,-1,1,1,1,-1,1,-1,1,-1,0.009990613907575607
1,-1,1,1,-1,-1,1,-1,1,-1,1,1,1,-1,1,-1,-1,1,-1,-1,0.009990613907575607
1,-1,1,1,-1,-1,1,-1,1,-1,1,1,1,-1,1,-1,1,1,1,-1,0.009990613907575607
1,-1,1,1,-1,-1,1,-1,1,-1,1,1,1,-1,1,1,-1,-1,-1,-1,0.009990613907575607
1,-1,1,1,-1,-1,1,-1,1,1,-1,-1,1,1,-1,1,-1,-1,-1,1,0.009990613907575607
1,-1,1,1,-1,-1,1,-1,1,1,-1,1,-1,-1,-1,1,1,-1,-1,1,0.009990613907575607
1,-1,1,1,-1,-1,1,-1,1,1,-1,1,-1,-1,1,1,-1,-1,1,-1,0.009990613907575607
1,-1,1,1,-1,-1,1,-1,1,1,-1,1,-1,1,-1,1,-1,-1,1,1,0.009990613907575607
1,-1,1,1,-1,-1,1,-1,1,1,-1,1,1,1,1,-1,-1,1,-1,-1,0.009990613907575607
1,-1,1,1,-1,-1,1,-1,1,1,1,-1,-1,1,-1,-1,-1,-1,1,1,0.009990613907575607
1,-1,1,1,-1,-1,1,-1,1,1,1,-1,-1,1,1,1,1,-1,1,1,0.009990613907575607
1,-1,1,1,-1,-1,1,-1,1,1,1,-1,1,-1,-1,-1,1,1,-1,-1,0.009990613907575607
1,-1,1,1,-1,-1,1,-1,1,1,1,-1,1,-1,1,1,1,-1,1,1,0.009990613907575607
1,-1,1,1,-1,-1,1,-1,1,1,1,1,-1,1,1,-1,1,1,-1,-1,0.009990613907575607
1,-1,1,1,-1,-1,1,-1,1,1,1,1,1,-1,-1,1,-1,-1,-1,-1,0.009990613907575607
1,-1,1,1,-1,-1,1,-1,1,1,1,1,1,-1,-1,1,1,1,-1,1,0.009990613907575607
1,-1,1,1,-1,-1,1,-1,1,1,1,1,1,1,1,-1,-1,-1,1,1,0.009990613907575607
1,-1,1,1,-1,-1,1,1,-1,-1,-1,-1,-1,1,-1,1,-1,1,-1,1,0.009990613907575607
1,-1,1,1,-1,-1,1,1,-1,-1,-1,-1,1,-1,-1,-1,1,-1,1,-1,0.009990613907575607
1,-1,1,1,-1,-1,1,1,-1,-1,-1,-1,1,1,1,-1,-1,-1,1,-1,0.009990613907575607
1,-1,1,1,-1,-1,1,1,-1,-1,-1,1,-1,1,1,-1,1,1,-1,-1,0.009990613907575607
1,-1,1,1,-1,-1,1,1,-1,-1,-1,1,1,1,-1,-1,-1,1,1,1,0.009990613907575607
1,-1,1,1,-1,-1,1,1,-1,-1,-1,1,1,1,1,-1,-1,1,1,-1,0.009990613907575607
1,-1,1,1,-1,-1,1,1,-1,-1,-1,1,1,1,1,1,1,-1,1,1,0.009990613907575607
1,-1,1,1,-1,-1,1,1,-1,-1,1,-1,-1,-1,1,1,-1,-1,1,-1,0.009990613907575607
1,-1,1,1,-1,-1,1,1,-1,-1,1,-1,-1,1,-1,-1,1,1,-1,1,0.009990613907575607
1,-1,1,1,-1,-1,1,1,-1,-1,1,1,-1,-1,-1,1,-1,-1,1,-1,0.009990613907575607
1,-1,1,1,-1,-1,1,1,-1,-1,1,1,-1,1,1,1,-1,1,-1,1,0.009990613907575607
1,-1,1,1,-1,-1,1,1,-1,-1,1,1,1,-1,-1,1,-1,-1,1,-1,0.009990613907575607
1,-1,1,1,-1,-1,1,1,-1,-1,1,1,1,1,-1,-1,1,1,1,-1,0.009990613907575607
1,-1,1,1,-1,-1,1,1,-1,1,-1,-1,-1,1,-1,-1,1,1,1,1,0.009990613907575607
1,-1,1,1,-1,-1,1,1,-1,1,-1,-1,-1,1,1,-1,1,1,1,1,0.009990613907575607
1,-1,1,1,-1,-1,1,1,-1,1,-1,-1,1,1,-1,1,-1,1,-1,-1,0.009990613907575607
1,-1,1,1,-1,-1,1,1,-1,1,1,-1,-1,-1,-1,-1,1,-1,-1,-1,0.009990613907575607
1,-1,1,1,-1,-1,1,1,-1,1,1,-1,-1,-1,1,-1,-1,1,-1,1,0.009990613907575607
1,-1,1,1,-1,-1,1,1,-1,1,1,-1,-1,1,-1,1,1,-1,1,-1,0.009990613907575607
1,-1,1,1,-1,-1,1,1,-1,1,1,-1,-1,1,1,-1,-1,1,1,-1,0.009990613907575607
1,-1,1,1,-1,-1,1,1,-1,1,1,-1,1,-1,1,-1,-1,1,1,1,0.009990613907575607
1,-1,1,1,-1,-1,1,1,-1,1,1,-1,1,-1,1,1,-1,-1,-1,1,0.009990613907575607
1,-1,1,1,-1,-1,1,1,-1,1,1,-1,1,1,-1,-1,-1,1,1,-1,0.009990613907575607
1,-1,1,1,-1,-1,1,1,-1,1,1,1,-1,-1,-1,-1,1,1,-1,-1,0.009990613907575607
1,-1,1,1,-1,-1,1,1,-1,1,1,1,1,-1,-1,-1,-1,-1,1,-1,0.009990613907575607
1,-1,1,1,-1,-1,1,1,-1,1,1,1,1,-1,-1,1,1,1,-1,-1,0.009990613907575607
1,-1,1,1,-1,-1,1,1,-1,1,1,1,1,1,1,1,-1,1,1,1,0.009990613907575607
1,-1,1,1,-1,-1,1,1,1,-1,-1,-1,1,-1,1,-1,-1,1,-1,1,0.009990613907575607
1,-1,1,1,-1,-1,1,1,1,-1,-1,1,-1,-1,-1,-1,1,1,1,-1,0.009990613907575607
1,-1,1,1,-1,-1,1,1,1,-1,1,1,-1,-1,1,-1,1,-1,-1,1,0.009990613907575607
1,-1,1,1,-1,-1,1,1,1,-1,1,1,-1,1,1,1,-1,-1,-1,-1,0.009990613907575607
1,-1,1,1,-1,-1,1,1,1,-1,1,1,1,-1,1,1,-1,1,-1,-1,0.009990613907575607
1,-1,1,1,-1,-1,1,1,1,-1,1,1,1,1,1,-1,1,1,1,-1,0.009990613907575607
1,-1,1,1,-1,-1,1,1,1,1,-1,-1,1,1,-1,-1,-1,1,-1,-1,0.009990613907575607
1,-1,1,1,-1,-1,1,1,1,1,-1,1,-1,-1,-1,1,-1,1,-1,-1,0.009990613907575607
1,-1,1,1,-1,-1,1,1,1,1,-1,1,-1,-1,1,-1,-1,1,-1,-1,0.009990613907575607
1,-1,1,1,-1,-1,1,1,1,1,-1,1,-1,-1,1,1,-1,1,1,1,0.009990613907575607
1,-1,1,1,-1,-1,1,1,1,1,-1,1,-1,1,-1,1,-1,-1,-1,1,0.009990613907575607
1,-1,1,1,-1,-1,1,1,1,1,-1,1,-1,1,1,1,-1,-1,-1,-1,0.009990613907575607
1,-1,1,1,-1,-1,1,1,1,1,-1,1,1,1,1,1,-1,-1,1,1,0.009990613907575607
1,-1,1,1,-1,-1,1,1,1,1,1,-1,-1,1,1,1,-1,1,1,-1,0.009990613907575607
1,-1,1,1,-1,-1,1,1,1,1,1,-1,1,-1,-1,-1,-1,-1,1,1,0.009990613907575607
1,-1,1,1,-1,-1,1,1,1,1,1,-1,1,1,1,1,1,-1,-1,1,0.009990613907575607
1,-1,1,1,-1,-1,1,1,1,1,1,1,-1,-1,1,1,1,1,1,1,0.009990613907575607
1,-1,1,1,-1,-1,1,1,1,1,1,1,1,-1,1,1,-1,1,-1,1,0.009990613907575607
1,-1,1,1,-1,1,-1,-1,-1,-1,-1,-1,1,-1,-1,-1,1,1,-1,-1,0.009990613907575607
1,-1,1,1,-1,1,-1,-1,-1,-1,-1,-1,1,1,-1,-1,-1,1,1,1,0.009990613907575607
1,-1,1,1,-1,1,-1,-1,-1,-1,-1,-1,1,1,1,-1,-1,-1,1,-1,0.009990613907575607
1,-1,1,1,-1,1,-1,-1,-1,-1,-1,1,-1,1,1,1,-1,1,1,1,0.009990613907575607
1,-1,1,1,-1,1,-1,-1,-1,-1,-1,1,1,-1,-1,-1,1,1,-1,-1,0.009990613907575607
1,-1,1,1,-1,1,-1,-1,-1,-1,-1,1,1,1,1,1,-1,1,1,1,0.009990613907575607
1,-1,1,1,-1,1,-1,-1,-1,-1,-1,1,1,1,1,1,1,1,-1,1,0.009990613907575607
1,-1,1,1,-1,1,-1,-1,-1,-1,1,1,-1,-1,-1,1,1,-1,-1,1,0.009990613907575607
1,-1,1,1,-1,1,-1,-1,-1,-1,1,1,-1,-1,1,1,1,-1,-1,1,0.009990613907575607
1,-1,1,1,-1,1,-1,-1,-1,-1,1,1,-1,1,-1,-1,1,-1,1,1,0.009990613907575607
1,-1,1,1,-1,1,-1,-1,-1,1,-1,-1,1,1,1,1,1,1,1,-1,0.009990613907575607
1,-1,1,1,-1,1,-1,-1,-1,1,-1,1,-1,-1,-1,-1,1,-1,-1,1,0.009990613907575607
1,-1,1,1,-1,1,-1,-1,-1,1,-1,1,-1,1,1,1,1,1,1,1,0.009990613907575607
1,-1,1,1,-1,1,-1,-1,-1,1,-1,1,1,-1,-1,1,1,-1,-1,1,0.009990613907575607
1,-1,1,1,-1,1,-1,-1,-1,1,-1,1,1,1,1,-1,-1,1,-1,1,0.009990613907575607
1,-1,1,1,-1,1,-1,-1,-1,1,1,-1,-1,-1,1,1,-1,1,-1,-1,0.009990613907575607
1,-1,1,1,-1,1,-1,-1,-1,1,1,-1,-1,1,1,1,-1,1,-1,-1,0.009990613907575607
1,-1,1,1,-1,1,-1,-1,-1,1,1,-1,1,-1,-1,1,1,-1,1,1,0.009990613907575607
1,-1,1,1,-1,1,-1,-1,-1,1,1,-1,1,-1,1,1,1,1,-1,1,0.009990613907575607
1,-1,1,1,-1,1,-1,-1,-1,1,1,-1,1,1,1,1,-1,1,-1,-1,0.009990613907575607
1,-1,1,1,-1,1,-1,-1,-1,1,1,1,-1,-1,-1,-1,1,1,1,-1,0.009990613907575607
1,-1,1,1,-1,1,-1,-1,-1,1,1,1,-1,1,-1,-1,-1,-1,1,1,0.009990613907575607
1,-1,1,1,-1,1,-1,-1,-1,1,1,1,1,-1,-1,-1,1,1,-1,-1,0.009990613907575607
1,-1,1,1,-1,1,-1,-1,1,-1,-1,-1,-1,-1,-1,-1,-1,-1,1,-1,0.009990613907575607
1,-1,1,1,-1,1,-1,-1,1,-1,-1,-1,-1,-1,-1,-1,1,-1,-1,1,0.009990613907575607
1,-1,1,1,-1,1,-1,-1,1,-1,-1,-1,-1,1,-1,1,1,1,-1,-1,0.009990613907575607
1,-1,1,1,-1,1,-1,-1,1,-1,-1,-1,-1,1,1,-1,1,-1,-1,1,0.009990613907575607
1,-1,1,1,-1,1,-1,-1,1,-1,-1,-1,-1,1,1,1,-1,1,1,-1,0.009990613907575607
1,-1,1,1,-1,1,-1,-1,1,-1,-1,-1,1,-1,1,-1,1,1,-1,-1,0.009990613907575607
1,-1,1,1,-1,1,-1,-1,1,-1,-1,1,-1,1,-1,-1,1,1,1,-1,0.009990613907575607
1,-1,1,1,-1,1,-1,-1,1,-1,-1,1,-1,1,1,-1,1,1,1,1,0.009990613907575607
1,-1,1,1,-1,1,-1,-1,1,-1,-1,1,1,1,1,-1,-1,1,-1,1,0.009990613907575607
1,-1,1,1,-1,1,-1,-1,1,-1,1,-1,-1,-1,1,-1,1,1,-1,1,0.009990613907575607
1,-1,1,1,-1,1,-1,-1,1,-1,1,-1,1,-1,1,1,-1,-1,1,-1,0.009990613907575607
1,-1,1,1,-1,1,-1,-1,1,-1,1,-1,1,1,1,-1,-1,-1,-1,-1,0.009990613907575607
1,-1,1,1,-1,1,-1,-1,1,-1,1,-1,1,1,1,1,1,1,-1,1,0.009990613907575607
1,-1,1,1,-1,1,-1,-1,1,-1,1,1,-1,1,1,-1,-1,-1,1,-1,0.009990613907575607
1,-1,1,1,-1,1,-1,-1,1,1,-1,1,-1,1,-1,-1,1,-1,-1,1,0.009990613907575607
1,-1,1,1,-1,1,-1,-1,1,1,-1,1,-1,1,-1,1,-1,-1,1,1,0.009990613907575607
1,-1,1,1,-1,1,-1,-1,1,1,-1,1,1,1,-1,-1,1,1,-1,-1,0.009990613907575607
1,-1,1,1,-1,1,-1,-1,1,1,1,-1,-1,1,1,1,-1,1,1,-1,0.009990613907575607
1,-1,1,1,-1,1,-1,-1,1,1,1,-1,1,1,-1,1,1,1,-1,-1,0.009990613907575607
1,-1,1,1,-1,1,-1,-1,1,1,1,1,-1,1,1,-1,1,-1,1,1,0.009990613907575607
1,-1,1,1,-1,1,-1,-1,1,1,1,1,1,-1,-1,-1,-1,1,1,1,0.009990613907575607
1,-1,1,1,-1,1,-1,-1,1,1,1,1,1,1,-1,-1,1,1,-1,1,0.009990613907575607
1,-1,1,1,-1,1,-1,1,-1,-1,-1,-1,1,-1,-1,-1,-1,-1,-1,1,0.009990613907575607
1,-1,1,1,-1,1,-1,1,-1,-1,-1,-1,1,1,-1,1,-1,1,-1,-1,0.009990613907575607
1,-1,1,1,-1,1,-1,1,-1,-1,-1,1,-1,-1,-1,-1,1,-1,1,1,0.009990613907575607
1,-1,1,1,-1,1,-1,1,-1,-1,-1,1,-1,-1,-1,1,-1,1,1,-1,0.009990613907575607
1,-1,1,1,-1,1,-1,1,-1,-1,-1,1,-1,1,1,-1,-1,-1,1,1,0.009990613907575607
1,-1,1,1,-1,1,-1,1,-1,-1,-1,1,1,-1,-1,1,-1,-1,1,-1,0.009990613907575607
1,-1,1,1,-1,1,-1,1,-1,-1,-1,1,1,1,-1,-1,1,1,1,1,0.009990613907575607
1,-1,1,1,-1,1,-1,1,-1,-1,1,-1,-1,-1,1,-1,1,1,-1,1,0.009990613907575607
1,-1,1,1,-1,1,-1,1,-1,-1,1,-1,-1,-1,1,1,-1,1,-1,-1,0.009990613907575607
1,-1,1,1,-1,1,-1,1,-1,-1,1,-1,1,1,1,1,-1,1,-1,1,0.009990613907575607
1,-1,1,1,-1,1,-1,1,-1,-1,1,1,-1,-1,-1,1,1,-1,1,-1,0.009990613907575607
1,-1,1,1,-1,1,-1,1,-1,1,1,-1,1,-1,1,-1,-1,-1,1,-1,0.009990613907575607
1,-1,1,1,-1,1,-1,1,-1,1,1,-1,1,-1,1,1,1,-1,-1,-1,0.009990613907575607
1,-1,1,1,-1,1,-1,1,-1,1,1,-1,1,1,-1,1,1,-1,-1,-1,0.009990613907575607
1,-1,1,1,-1,1,-1,1,-1,1,1,1,-1,1,-1,1,1,1,-1,-1,0.009990613907575607
1,-1,1,1,-1,1,-1,1,-1,1,1,1,-1,1,1,1,1,1,-1,1,0.009990613907575607
1,-1,1,1,-1,1,-1,1,-1,1,1,1,1,-1,-1,-1,1,-1,1,1,0.009990613907575607
1,-1,1,1,-1,1,-1,1,-1,1,1,1,1,-1,1,-1,-1,-1,-1,1,0.009990613907575607
1,-1,1,1,-1,1,-1,1,-1,1,1,1,1,-1,1,-1,-1,-1,1,-1,0.009990613907575607
1,-1,1,1,-1,1,-1,1,-1,1,1,1,1,1,-1,-1,-1,-1,-1,-1,0.009990613907575607
1,-1,1,1,-1,1,-1,1,-1,1,1,1,1,1,1,-1,1,-1,-1,-1,0.009990613907575607
1,-1,1,1,-1,1,-1,1,-1,1,1,1,1,1,1,-1,1,1,-1,-1,0.009990613907575607
1,-1,1,1,-1,1,-1,1,1,-1,-1,-1,-1,1,1,-1,-1,1,1,-1,0.009990613907575607
1,-1,1,1,-1,1,-1,1,1,-1,-1,-1,1,-1,-1,-1,-1,1,-1,1,0.009990613907575607
1,-1,1,1,-1,1,-1,1,1,-1,1,-1,-1,-1,-1,1,-1,1,-1,-1,0.009990613907575607
1,-1,1,1,-1,1,-1,1,1,-1,1,-1,-1,-1,-1,1,1,1,1,-1,0.009990613907575607
1,-1,1,1,-1,1,-1,1,1,-1,1,-1,-1,-1,1,-1,-1,-1,1,1,0.009990613907575607
1,-1,1,1,-1,1,-1,1,1,-1,1,-1,-1,-1,1,-1,1,-1,-1,1,0.009990613907575607
1,-1,1,1,-1,1,-1,1,1,-1,1,-1,-1,1,1,1,-1,1,-1,1,0.009990613907575607
1,-1,1,1,-1,1,-1,1,1,-1,1,1,-1,-1,1,-1,-1,-1,-1,-1,0.009990613907575607
1,-1,1,1,-1,1,-1,1,1,-1,1,1,-1,-1,1,1,1,1,1,-1,0.009990613907575607
1,-1,1,1,-1,1,-1,1,1,-1,1,1,1,1,-1,1,-1,-1,1,1,0.009990613907575607
1,-1,1,1,-1,1,-1,1,1,1,-1,-1,-1,-1,-1,-1,-1,1,-1,-1,0.009990613907575607
1,-1,1,1,-1,1,-1,1,1,1,-1,1,1,1,-1,1,1,-1,-1,-1,0.009990613907575607
1,-1,1,1,-1,1,-1,1,1,1,1,-1,-1,-1,-1,-1,1,1,1,1,0.009990613907575607
1,-1,1,1,-1,1,-1,1,1,1,1,-1,1,-1,-1,1,-1,1,1,-1,0.009990613907575607
1,-1,1,1,-1,1,-1,1,1,1,1,1,-1,1,1,-1,-1,1,-1,1,0.009990613907575607
1,-1,1,1,-1,1,-1,1,1,1,1,1,1,-1,-1,1,-1,1,-1,-1,0.009990613907575607
1,-1,1,1,-1,1,-1,1,1,1,1,1,1,1,1,-1,1,-1,1,-1,0.009990613907575607
1,-1,1,1,-1,1,1,-1,-1,-1,-1,-1,-1,-1,1,-1,-1,1,-1,1,0.009990613907575607
1,-1,1,1,-1,1,1,-1,-1,-1,-1,-1,-1,-1,1,-1,1,1,1,1,0.009990613907575607
1,-1,1,1,-1,1,1,-1,-1,-1,-1,1,-1,1,-1,1,-1,1,1,1,0.009990613907575607
1,-1,1,1,-1,1,1,-1,-1,-1,-1,1,-1,1,1,1,1,1,1,1,0.009990613907575607
1,-1,1,1,-1,1,1,-1,-1,-1,-1,1,1,-1,1,-1,-1,-1,-1,-1,0.009990613907575607
1,-1,1,1,-1,1,1,-1,-1,-1,1,-1,-1,-1,-1,-1,1,-1,1,1,0.009990613907575607
1,-1,1,1,-1,1,1,-1,-1,-1,1,-1,-1,1,1,1,-1,1,-1,-1,0.009990613907575607
1,-1,1,1,-1,1,1,-1,-1,-1,1,1,1,-1,-1,1,1,1,1,1,0.009990613907575607
1,-1,1,1,-1,1,1,-1,-1,-1,1,1,1,-1,1,1,-1,-1,1,1,0.009990613907575607
1,-1,1,1,-1,1,1,-1,-1,-1,1,1,1,-1,1,1,1,-1,1,1,0.009990613907575607
1,-1,1,1,-1,1,1,-1,-1,1,-1,-1,1,-1,1,-1,-1,1,-1,-1,0.009990613907575607
1,-1,1,1,-1,1,1,-1,-1,1,-1,-1,1,1,-1,-1,1,1,-1,-1,0.009990613907575607
1,-1,1,1,-1,1,1,-1,-1,1,-1,-1,1,1,1,-1,1,-1,-1,-1,0.009990613907575607
1,-1,1,1,-1,1,1,-1,-1,1,-1,1,-1,-1,-1,1,1,-1,-1,1,0.009990613907575607
1,-1,1,1,-1,1,1,-1,-1,1,-1,1,-1,-1,-1,1,1,-1,1,-1,0.009990613907575607
1,-1,1,1,-1,1,1,-1,-1,1,-1,1,-1,1,-1,-1,-1,1,-1,-1,0.009990613907575607
1,-1,1,1,-1,1,1,-1,-1,1,-1,1,-1,1,1,-1,-1,1,-1,1,0.009990613907575607
1,-1,1,1,-1,1,1,-1,-1,1,-1,1,1,-1,-1,1,1,-1,-1,-1,0.009990613907575607
1,-1,1,1,-1,1,1,-1,-1,1,-1,1,1,-1,1,1,-1,1,1,-1,0.009990613907575607
1,-1,1,1,-1,1,1,-1,-1,1,1,-1,1,1,-1,-1,-1,-1,-1,1,0.009990613907575607
1,-1,1,1,-1,1,1,-1,-1,1,1,-1,1,1,1,-1,1,-1,1,-1,0.009990613907575607
1,-1,1,1,-1,1,1,-1,-1,1,1,1,-1,-1,-1,-1,1,-1,-1,-1,0.009990613907575607
1,-1,1,1,-1,1,1,-1,-1,1,1,1,-1,1,-1,1,1,1,1,-1,0.009990613907575607
1,-1,1,1,-1,1,1,-1,-1,1,1,1,1,-1,1,1,-1,-1,1,-1,0.009990613907575607
1,-1,1,1,-1,1,1,-1,-1,1,1,1,1,-1,1,1,-1,1,1,1,0.009990613907575607
1,-1,1,1,-1,1,1,-1,-1,1,1,1,1,1,-1,-1,-1,-1,1,-1,0.009990613907575607
1,-1,1,1,-1,1,1,-1,1,-1,-1,1,-1,-1,1,-1,-1,1,1,-1,0.009990613907575607
1,-1,1,1,-1,1,1,-1,1,-1,-1,1,1,-1,-1,-1,1,-1,-1,-1,0.009990613907575607
1,-1,1,1,-1,1,1,-1,1,-1,-1,1,1,1,1,-1,1,-1,-1,-1,0.009990613907575607
1,-1,1,1,-1,1,1,-1,1,-1,1,-1,-1,1,-1,-1,-1,-1,-1,1,0.009990613907575607
1,-1,1,1,-1,1,1,-1,1,-1,1,-1,-1,1,1,-1,-1,-1,-1,1,0.009990613907575607
1,-1,1,1,-1,1,1,-1,1,-1,1,-1,1,1,-1,1,-1,-1,1,-1,0.009990613907575607
1,-1,1,1,-1,1,1,-1,1,-1,1,1,-1,1,-1,1,-1,1,-1,1,0.009990613907575607
1,-1,1,1,-1,1,1,-1,1,1,-1,1,-1,1,1,1,-1,1,1,1,0.009990613907575607
1,-1,1,1,-1,1,1,-1,1,1,-1,1,1,1,-1,-1,1,1,-1,1,0.009990613907575607
1,-1,1,1,-1,1,1,-1,1,1,1,-1,-1,1,-1,1,-1,-1,1,1,0.009990613907575607
1,-1,1,1,-1,1,1,-1,1,1,1,1,1,1,-1,-1,1,1,1,1,0.009990613907575607
1,-1,1,1,-1,1,1,-1,1,1,1,1,1,1,1,1,1,1,-1,-1,0.009990613907575607
1,-1,1,1,-1,1,1,1,-1,-1,-1,-1,-1,1,1,1,-1,-1,1,1,0.009990613907575607
1,-1,1,1,-1,1,1,1,-1,-1,-1,-1,-1,1,1,1,1,1,1,1,0.009990613907575607
1,-1,1,1,-1,1,1,1,-1,-1,1,-1,-1,-1,1,1,1,-1,1,1,0.009990613907575607
1,-1,1,1,-1,1,1,1,-1,-1,1,1,-1,1,1,1,-1,-1,1,1,0.009990613907575607
1,-1,1,1,-1,1,1,1,-1,-1,1,1,1,1,1,1,-1,1,-1,1,0.009990613907575607
1,-1,1,1,-1,1,1,1,-1,1,-1,-1,1,1,-1,1,1,1,-1,1,0.009990613907575607
1,-1,1,1,-1,1,1,1,-1,1,-1,1,1,1,-1,-1,1,1,-1,-1,0.009990613907575607
1,-1,1,1,-1,1,1,1,-1,1,1,-1,-1,-1,1,-1,-1,-1,1,1,0.009990613907575607
1,-1,1,1,-1,1,1,1,-1,1,1,-1,1,1,-1,-1,-1,-1,1,-1,0.009990613907575607
1,-1,1,1,-1,1,1,1,-1,1,1,1,-1,-1,-1,1,-1,-1,1,-1,0.009990613907575607
1,-1,1,1,-1,1,1,1,-1,1,1,1,-1,-1,1,-1,-1,1,1,-1,0.009990613907575607
1,-1,1,1,-1,1,1,1,-1,1,1,1,1,-1,1,1,1,-1,-1,-1,0.009990613907575607
1,-1,1,1,-1,1,1,1,-1,1,1,1,1,1,1,-1,-1,-1,-1,-1,0.009990613907575607
1,-1,1,1,-1,1,1,1,1,-1,-1,-1,-1,1,-1,-1,1,1,-1,1,0.009990613907575607
1,-1,1,1,-1,1,1,1,1,-1,-1,-1,1,-1,-1,1,-1,1,-1,1,0.009990613907575607
1,-1,1,1,-1,1,1,1,1,-1,-1,1,-1,-1,-1,-1,-1,1,-1,1,0.009990613907575607
1,-1,1,1,-1,1,1,1,1,-1,-1,1,1,-1,-1,1,-1,-1,-1,-1,0.009990613907575607
1,-1,1,1,-1,1,1,1,1,-1,-1,1,1,1,-1,-1,-1,-1,1,1,0.009990613907575607
1,-1,1,1,-1,1,1,1,1,-1,-1,1,1,1,-1,1,-1,1,1,-1,0.009990613907575607
1,-1,1,1,-1,1,1,1,1,-1,-1,1,1,1,1,1,-1,-1,1,-1,0.009990613907575607
1,-1,1,1,-1,1,1,1,1,-1,1,-1,1,-1,-1,1,1,-1,1,1,0.009990613907575607
1,-1,1,1,-1,1,1,1,1,-1,1,1,-1,-1,-1,1,-1,-1,-1,1,0.009990613907575607
1,-1,1,1,-1,1,1,1,1,-1,1,1,-1,1,1,-1,1,1,-1,1,0.009990613907575607
1,-1,1,1,-1,1,1,1,1,1,-1,-1,-1,-1,1,-1,-1,-1,-1,-1,0.009990613907575607
1,-1,1,1,-1,1,1,1,1,1,-1,-1,-1,-1,1,1,-1,-1,-1,-1,0.009990613907575607
1,-1,1,1,-1,1,1,1,1,1,-1,-1,-1,1,-1,-1,-1,1,1,-1,0.009990613907575607
1,-1,1,1,-1,1,1,1,1,1,-1,-1,-1,1,1,1,-1,1,1,-1,0.009990613907575607
1,-1,1,1,-1,1,1,1,1,1,-1,-1,1,1,1,1,-1,-1,-1,-1,0.009990613907575607
1,-1,1,1,-1,1,1,1,1,1,-1,1,1,1,1,-1,1,-1,-1,-1,0.009990613907575607
1,-1,1,1,-1,1,1,1,1,1,1,-1,1,1,1,1,1,-1,1,-1,0.009990613907575607
1,-1,1,1,-1,1,1,1,1,1,1,1,1,-1,-1,-1,-1,-1,-1,1,0.009990613907575607
1,-1,1,1,-1,1,1,1,1,1,1,1,1,1,-1,-1,-1,1,-1,-1,0.009990613907575607
1,-1,1,1,-1,1,1,1,1,1,1,1,1,1,-1,1,-1,1,1,1,0.009990613907575607
1,-1,1,1,-1,1,1,1,1,1,1,1,1,1,-1,1,1,-1,-1,-1,0.009990613907575607
1,-1,1,1,1,-1,-1,-1,-1,-1,-1,-1,1,-1,1,1,1,-1,-1,-1,0.009990613907575607
1,-1,1,1,1,-1,-1,-1,-1,-1,-1,1,1,-1,-1,-1,1,-1,1,-1,0.009990613907575607
1,-1,1,1,1,-1,-1,-1,-1,-1,-1,1,1,-1,1,1,-1,1,-1,1,0.009990613907575607
1,-1,1,1,1,-1,-1,-1,-1,-1,1,-1,-1,1,-1,-1,1,1,1,1,0.009990613907575607
1,-1,1,1,1,-1,-1,-1,-1,-1,1,-1,1,-1,-1,-1,-1,-1,1,-1,0.009990613907575607
1,-1,1,1,1,-1,-1,-1,-1,-1,1,-1,1,-1,1,1,-1,1,-1,1,0.009990613907575607
1,-1,1,1,1,-1,-1,-1,-1,-1,1,1,-1,-1,1,-1,1,1,1,-1,0.009990613907575607
1,-1,1,1,1,-1,-1,-1,-1,-1,1,1,-1,1,1,-1,-1,-1,1,-1,0.009990613907575607
1,-1,1,1,1,-1,-1,-1,-1,-1,1,1,1,-1,-1,-1,1,1,-1,-1,0.009990613907575607
1,-1,1,1,1,-1,-1,-1,-1,-1,1,1,1,-1,-1,1,1,1,1,-1,0.009990613907575607
1,-1,1,1,1,-1,-1,-1,-1,-1,1,1,1,-1,1,-1,-1,-1,-1,-1,0.009990613907575607
1,-1,1,1,1,-1,-1,-1,-1,1,-1,-1,1,-1,1,1,-1,1,-1,-1,0.009990613907575607
1,-1,1,1,1,-1,-1,-1,-1,1,-1,-1,1,1,-1,1,-1,-1,1,1,0.009990613907575607
1,-1,1,1,1,-1,-1,-1,-1,1,-1,-1,1,1,1,-1,-1,-1,1,-1,0.009990613907575607
1,-1,1,1,1,-1,-1,-1,-1,1,-1,-1,1,1,1,1,-1,1,-1,-1,0.009990613907575607
1,-1,1,1,1,-1,-1,-1,-1,1,-1,-1,1,1,1,1,1,1,-1,1,0.009990613907575607
1,-1,1,1,1,-1,-1,-1,-1,1,-1,1,-1,-1,-1,1,-1,-1,-1,1,0.009990613907575607
1,-1,1,1,1,-1,-1,-1,-1,1,-1,1,-1,-1,-1,1,1,1,-1,-1,0.009990613907575607
1,-1,1,1,1,-1,-1,-1,-1,1,1,-1,-1,-1,1,1,1,-1,-1,-1,0.009990613907575607
1,-1,1,1,1,-1,-1,-1,-1,1,1,1,1,-1,1,-1,1,1,1,1,0.009990613907575607
1,-1,1,1,1,-1,-1,-1,-1,1,1,1,1,-1,1,1,1,-1,1,-1,0.009990613907575607
1,-1,1,1,1,-1,-1,-1,1,-1,-1,-1,-1,1,1,1,1,-1,-1,1,0.009990613907575607
1,-1,1,1,1,-1,-1,-1,1,-1,-1,-1,-1,1,1,1,1,-1,1,-1,0.009990613907575607
1,-1,1,1,1,-1,-1,-1,1,-1,-1,-1,1,1,1,1,1,1,1,-1,0.009990613907575607
1,-1,1,1,1,-1,-1,-1,1,-1,1,-1,-1,-1,1,1,-1,-1,-1,-1,0.009990613907575607
1,-1,1,1,1,-1,-1,-1,1,-1,1,1,1,1,1,-1,-1,1,-1,1,0.009990613907575607
1,-1,1,1,1,-1,-1,-1,1,1,-1,-1,-1,1,-1,1,-1,1,-1,1,0.009990613907575607
1,-1,1,1,1,-1,-1,-1,1,1,-1,-1,1,-1,-1,-1,-1,-1,1,-1,0.009990613907575607
1,-1,1,1,1,-1,-1,-1,1,1,-1,-1,1,-1,-1,-1,1,-1,1,-1,0.009990613907575607
1,-1,1,1,1,-1,-1,-1,1,1,-1,-1,1,-1,-1,1,-1,1,-1,-1,0.009990613907575607
1,-1,1,1,1,-1,-1,-1,1,1,-1,-1,1,-1,1,-1,1,-1,-1,1,0.009990613907575607
1,-1,1,1,1,-1,-1,-1,1,1,-1,1,-1,1,-1,1,1,-1,1,1,0.009990613907575607
1,-1,1,1,1,-1,-1,-1,1,1,-1,1,1,1,1,-1,1,1,-1,1,0.009990613907575607
1,-1,1,1,1,-1,-1,-1,1,1,1,-1,1,-1,-1,-1,1,1,1,1,0.009990613907575607
1,-1,1,1,1,-1,-1,-1,1,1,1,-1,1,-1,-1,1,-1,1,1,-1,0.009990613907575607
1,-1,1,1,1,-1,-1,-1,1,1,1,1,-1,1,1,-1,1,1,1,-1,0.009990613907575607
1,-1,1,1,1,-1,-1,-1,1,1,1,1,-1,1,1,1,1,-1,-1,-1,0.009990613907575607
1,-1,1,1,1,-1,-1,-1,1,1,1,1,1,-1,-1,1,1,1,-1,1,0.009990613907575607
1,-1,1,1,1,-1,-1,-1,1,1,1,1,1,1,-1,-1,-1,-1,-1,1,0.009990613907575607
1,-1,1,1,1,-1,-1,-1,1,1,1,1,1,1,-1,1,-1,1,1,1,0.009990613907575607
1,-1,1,1,1,-1,-1,1,-1,-1,-1,-1,1,-1,-1,1,1,-1,1,-1,0.009990613907575607
1,-1,1,1,1,-1,-1,1,-1,-1,-1,-1,1,-1,1,-1,1,-1,-1,1,0.009990613907575607
1,-1,1,1,1,-1,-1,1,-1,-1,-1,1,-1,-1,1,-1,-1,1,-1,1,0.009990613907575607
1,-1,1,1,1,-1,-1,1,-1,-1,-1,1,1,-1,1,1,-1,-1,1,1,0.009990613907575607
1,-1,1,1,1,-1,-1,1,-1,-1,1,-1,1,-1,1,-1,1,1,-1,-1,0.009990613907575607
1,-1,1,1,1,-1,-1,1,-1,-1,1,1,1,1,-1,1,-1,1,-1,-1,0.009990613907575607
1,-1,1,1,1,-1,-1,1,-1,-1,1,1,1,1,-1,1,1,-1,1,1,0.009990613907575607
1,-1,1,1,1,-1,-1,1,-1,-1,1,1,1,1,1,1,1,-1,-1,1,0.009990613907575607
1,-1,1,1,1,-1,-1,1,-1,1,-1,-1,-1,-1,-1,1,-1,-1,-1,1,0.009990613907575607
1,-1,1,1,1,-1,-1,1,-1,1,-1,-1,1,1,1,1,-1,1,-1,1,0.009990613907575607
1,-1,1,1,1,-1,-1,1,-1,1,-1,1,-1,-1,-1,1,1,1,1,-1,0.009990613907575607
1,-1,1,1,1,-1,-1,1,-1,1,-1,1,-1,-1,1,-1,-1,-1,1,-1,0.009990613907575607
1,-1,1,1,1,-1,-1,1,-1,1,-1,1,-1,1,1,1,1,1,-1,-1,0.009990613907575607
1,-1,1,1,1,-1,-1,1,-1,1,-1,1,1,-1,1,1,-1,-1,1,-1,0.009990613907575607
1,-1,1,1,1,-1,-1,1,-1,1,1,-1,-1,1,-1,-1,1,1,-1,-1,0.009990613907575607
1,-1,1,1,1,-1,-1,1,-1,1,1,-1,1,-1,1,-1,-1,-1,-1,1,0.009990613907575607
1,-1,1,1,1,-1,-1,1,-1,1,1,-1,1,-1,1,-1,-1,-1,1,-1,0.009990613907575607
1,-1,1,1,1,-1,-1,1,-1,1,1,-1,1,1,-1,-1,1,-1,-1,-1,0.009990613907575607
1,-1,1,1,1,-1,-1,1,-1,1,1,-1,1,1,1,-1,1,1,1,-1,0.009990613907575607
1,-1,1,1,1,-1,-1,1,1,-1,-1,-1,-1,-1,1,-1,-1,1,1,1,0.009990613907575607
1,-1,1,1,1,-1,-1,1,1,-1,-1,1,1,-1,1,-1,-1,-1,-1,1,0.009990613907575607
1,-1,1,1,1,-1,-1,1,1,-1,1,-1,-1,-1,-1,-1,-1,-1,-1,1,0.009990613907575607
1,-1,1,1,1,-1,-1,1,1,-1,1,-1,1,1,-1,1,-1,-1,1,-1,0.009990613907575607
1,-1,1,1,1,-1,-1,1,1,-1,1,1,-1,-1,-1,-1,-1,-1,1,-1,0.009990613907575607
1,-1,1,1,1,-1,-1,1,1,-1,1,1,1,1,-1,-1,1,1,-1,1,0.009990613907575607
1,-1,1,1,1,-1,-1,1,1,-1,1,1,1,1,-1,-1,1,1,1,-1,0.009990613907575607
1,-1,1,1,1,-1,-1,1,1,-1,1,1,1,1,1,-1,-1,-1,1,1,0.009990613907575607
1,-1,1,1,1,-1,-1,1,1,-1,1,1,1,1,1,-1,-1,1,1,1,0.009990613907575607
1,-1,1,1,1,-1,-1,1,1,1,-1,-1,-1,-1,-1,1,1,1,-1,-1,0.009990613907575607
1,-1,1,1,1,-1,-1,1,1,1,-1,1,-1,-1,-1,-1,1,1,-1,-1,0.009990613907575607
1,-1,1,1,1,-1,-1,1,1,1,-1,1,-1,1,1,-1,1,1,1,-1,0.009990613907575607
1,-1,1,1,1,-1,-1,1,1,1,1,-1,-1,-1,-1,-1,-1,-1,1,-1,0.009990613907575607
1,-1,1,1,1,-1,-1,1,1,1,1,-1,-1,-1,-1,1,-1,-1,-1,-1,0.009990613907575607
1,-1,1,1,1,-1,-1,1,1,1,1,-1,-1,1,1,-1,1,1,1,1,0.009990613907575607
1,-1,1,1,1,-1,-1,1,1,1,1,1,-1,-1,1,1,-1,-1,-1,1,0.009990613907575607
1,-1,1,1,1,-1,-1,1,1,1,1,1,-1,1,1,1,1,-1,-1,1,0.009990613907575607
1,-1,1,1,1,-1,1,-1,-1,-1,-1,-1,-1,1,-1,1,1,-1,1,1,0.009990613907575607
1,-1,1,1,1,-1,1,-1,-1,-1,-1,-1,-1,1,1,1,1,1,1,1,0.009990613907575607
1,-1,1,1,1,-1,1,-1,-1,-1,-1,-1,1,-1,-1,-1,-1,1,-1,1,0.009990613907575607
1,-1,1,1,1,-1,1,-1,-1,-1,-1,1,1,-1,-1,-1,1,1,1,-1,0.009990613907575607
1,-1,1,1,1,-1,1,-1,-1,-1,1,-1,-1,-1,-1,-1,-1,-1,-1,1,0.009990613907575607
1,-1,1,1,1,-1,1,-1,-1,-1,1,-1,-1,1,1,-1,1,-1,1,-1,0.009990613907575607
1,-1,1,1,1,-1,1,-1,-1,1,-1,-1,-1,1,1,1,1,1,-1,-1,0.009990613907575607
1,-1,1,1,1,-1,1,-1,-1,1,-1,-1,1,-1,-1,-1,-1,1,1,-1,0.009990613907575607
1,-1,1,1,1,-1,1,-1,-1,1,-1,-1,1,1,1,-1,-1,-1,1,-1,0.009990613907575607
1,-1,1,1,1,-1,1,-1,-1,1,-1,1,-1,-1,-1,-1,-1,-1,1,1,0.009990613907575607
1,-1,1,1,1,-1,1,-1,-1,1,-1,1,-1,-1,1,1,-1,-1,1,1,0.009990613907575607
1,-1,1,1,1,-1,1,-1,-1,1,-1,1,-1,-1,1,1,1,1,-1,-1,0.009990613907575607
1,-1,1,1,1,-1,1,-1,-1,1,-1,1,-1,1,1,-1,1,-1,-1,1,0.009990613907575607
1,-1,1,1,1,-1,1,-1,-1,1,-1,1,1,-1,1,-1,-1,1,1,1,0.009990613907575607
1,-1,1,1,1,-1,1,-1,-1,1,-1,1,1,1,-1,-1,-1,1,1,-1,0.009990613907575607
1,-1,1,1,1,-1,1,-1,-1,1,1,-1,-1,1,1,-1,-1,1,1,1,0.009990613907575607
1,-1,1,1,1,-1,1,-1,-1,1,1,-1,1,-1,-1,-1,1,1,-1,1,0.009990613907575607
1,-1,1,1,1,-1,1,-1,-1,1,1,1,-1,-1,-1,-1,1,1,-1,-1,0.009990613907575607
1,-1,1,1,1,-1,1,-1,-1,1,1,1,-1,1,-1,1,1,1,-1,1,0.009990613907575607
1,-1,1,1,1,-1,1,-1,1,-1,-1,-1,-1,1,-1,-1,-1,1,-1,1,0.009990613907575607
1,-1,1,1,1,-1,1,-1,1,-1,-1,-1,1,-1,-1,-1,-1,-1,-1,1,0.009990613907575607
1,-1,1,1,1,-1,1,-1,1,-1,-1,-1,1,-1,1,-1,1,1,-1,1,0.009990613907575607
1,-1,1,1,1,-1,1,-1,1,-1,-1,-1,1,1,1,-1,-1,-1,1,-1,0.009990613907575607
1,-1,1,1,1,-1,1,-1,1,-1,-1,1,-1,-1,-1,-1,1,1,-1,-1,0.009990613907575607
1,-1,1,1,1,-1,1,-1,1,-1,1,-1,1,1,-1,1,1,-1,-1,1,0.009990613907575607
1,-1,1,1,1,-1,1,-1,1,-1,1,1,1,1,1,-1,1,-1,1,1,0.009990613907575607
1,-1,1,1,1,-1,1,-1,1,1,-1,-1,-1,1,1,1,1,1,1,1,0.009990613907575607
1,-1,1,1,1,-1,1,-1,1,1,-1,-1,1,1,-1,-1,1,-1,1,1,0.009990613907575607
1,-1,1,1,1,-1,1,-1,1,1,-1,1,-1,-1,-1,1,1,-1,-1,1,0.009990613907575607
1,-1,1,1,1,-1,1,-1,1,1,-1,1,-1,1,-1,-1,1,-1,1,1,0.009990613907575607
1,-1,1,1,1,-1,1,-1,1,1,-1,1,-1,1,-1,1,1,-1,-1,1,0.009990613907575607
1,-1,1,1,1,-1,1,-1,1,1,-1,1,-1,1,1,1,-1,-1,1,-1,0.009990613907575607
1,-1,1,1,1,-1,1,-1,1,1,1,-1,-1,-1,-1,-1,1,1,1,1,0.009990613907575607
1,-1,1,1,1,-1,1,-1,1,1,1,-1,-1,1,-1,1,1,1,1,-1,0.009990613907575607
1,-1,1,1,1,-1,1,-1,1,1,1,-1,1,-1,1,1,1,1,-1,1,0.009990613907575607
1,-1,1,1,1,-1,1,-1,1,1,1,-1,1,1,1,1,-1,-1,-1,1,0.009990613907575607
1,-1,1,1,1,-1,1,-1,1,1,1,1,1,1,-1,-1,-1,-1,-1,-1,0.009990613907575607
1,-1,1,1,1,-1,1,1,-1,-1,-1,-1,-1,1,-1,-1,-1,-1,1,-1,0.009990613907575607
1,-1,1,1,1,-1,1,1,-1,-1,-1,-1,-1,1,-1,-1,1,-1,1,-1,0.009990613907575607
1,-1,1,1,1,-1,1,1,-1,-1,-1,-1,-1,1,1,-1,-1,-1,-1,1,0.009990613907575607
1,-1,1,1,1,-1,1,1,-1,-1,-1,-1,1,1,-1,-1,-1,1,1,1,0.009990613907575607
1,-1,1,1,1,-1,1,1,-1,-1,-1,1,1,1,-1,1,1,1,1,-1,0.009990613907575607
1,-1,1,1,1,-1,1,1,-1,-1,1,-1,1,-1,1,-1,1,-1,-1,1,0.009990613907575607
1,-1,1,1,1,-1,1,1,-1,-1,1,1,-1,1,-1,-1,1,-1,-1,1,0.009990613907575607
1,-1,1,1,1,-1,1,1,-1,-1,1,1,-1,1,1,1,-1,-1,1,-1,0.009990613907575607
1,-1,1,1,1,-1,1,1,-1,-1,1,1,1,-1,1,-1,-1,-1,1,1,0.009990613907575607
1,-1,1,1,1,-1,1,1,-1,1,-1,-1,-1,-1,-1,-1,-1,-1,-1,1,0.009990613907575607
1,-1,1,1,1,-1,1,1,-1,1,-1,-1,-1,-1,1,-1,-1,1,-1,-1,0.009990613907575607
1,-1,1,1,1,-1,1,1,-1,1,-1,-1,1,-1,1,1,-1,-1,1,1,0.009990613907575607
1,-1,1,1,1,-1,1,1,-1,1,-1,-1,1,1,1,-1,1,1,-1,1,0.009990613907575607
1,-1,1,1,1,-1,1,1,-1,1,-1,1,-1,-1,1,1,-1,1,1,1,0.009990613907575607
1,-1,1,1,1,-1,1,1,-1,1,-1,1,-1,1,-1,1,1,-1,1,1,0.009990613907575607
1,-1,1,1,1,-1,1,1,-1,1,1,-1,-1,1,1,-1,-1,-1,1,1,0.009990613907575607
1,-1,1,1,1,-1,1,1,-1,1,1,-1,-1,1,1,-1,1,-1,-1,1,0.009990613907575607
1,-1,1,1,1,-1,1,1,-1,1,1,-1,-1,1,1,1,-1,1,1,1,0.009990613907575607
1,-1,1,1,1,-1,1,1,1,-1,-1,1,-1,1,1,-1,1,1,-1,1,0.009990613907575607
1,-1,1,1,1,-1,1,1,1,-1,-1,1,-1,1,1,1,-1,-1,-1,1,0.009990613907575607
1,-1,1,1,1,-1,1,1,1,-1,-1,1,-1,1,1,1,1,-1,-1,-1,0.009990613907575607
1,-1,1,1,1,-1,1,1,1,-1,1,-1,-1,-1,1,-1,1,1,1,-1,0.009990613907575607
1,-1,1,1,1,-1,1,1,1,-1,1,-1,1,-1,-1,-1,1,-1,-1,-1,0.009990613907575607
1,-1,1,1,1,-1,1,1,1,-1,1,1,-1,-1,-1,-1,1,-1,1,-1,0.009990613907575607
1,-1,1,1,1,-1,1,1,1,-1,1,1,-1,-1,1,-1,-1,-1,-1,-1,0.009990613907575607
1,-1,1,1,1,-1,1,1,1,-1,1,1,-1,1,1,-1,-1,-1,1,-1,0.009990613907575607
1,-1,1,1,1,-1,1,1,1,-1,1,1,-1,1,1,-1,-1,1,1,1,0.009990613907575607
1,-1,1,1,1,-1,1,1,1,1,-1,-1,-1,1,-1,1,-1,-1,1,-1,0.009990613907575607
1,-1,1,1,1,-1,1,1,1,1,-1,1,-1,1,-1,1,1,1,-1,-1,0.009990613907575607
1,-1,1,1,1,-1,1,1,1,1,-1,1,-1,1,1,-1,-1,-1,1,1,0.009990613907575607
1,-1,1,1,1,-1,1,1,1,1,-1,1,1,-1,-1,1,-1,1,1,1,0.009990613907575607
1,-1,1,1,1,-1,1,1,1,1,-1,1,1,1,-1,-1,1,1,1,-1,0.009990613907575607
1,-1,1,1,1,-1,1,1,1,1,-1,1,1,1,1,1,1,-1,-1,-1,0.009990613907575607
1,-1,1,1,1,-1,1,1,1,1,1,-1,-1,-1,-1,1,-1,1,1,1,0.009990613907575607
1,-1,1,1,1,-1,1,1,1,1,1,-1,-1,1,-1,-1,1,-1,1,1,0.009990613907575607
1,-1,1,1,1,-1,1,1,1,1,1,-1,-1,1,1,-1,-1,1,-1,-1,0.009990613907575607
1,-1,1,1,1,-1,1,1,1,1,1,-1,1,-1,-1,1,-1,-1,1,1,0.009990613907575607
1,-1,1,1,1,-1,1,1,1,1,1,-1,1,1,1,-1,-1,-1,-1,-1,0.009990613907575607
1,-1,1,1,1,-1,1,1,1,1,1,1,-1,-1,-1,-1,-1,1,1,-1,0.009990613907575607
1,-1,1,1,1,-1,1,1,1,1,1,1,-1,-1,-1,-1,1,1,1,-1,0.009990613907575607
1,-1,1,1,1,-1,1,1,1,1,1,1,-1,-1,1,1,1,1,-1,-1,0.009990613907575607
1,-1,1,1,1,-1,1,1,1,1,1,1,1,-1,-1,-1,-1,-1,1,-1,0.009990613907575607
1,-1,1,1,1,-1,1,1,1,1,1,1,1,-1,1,-1,1,1,-1,-1,0.009990613907575607
1,-1,1,1,1,1,-1,-1,-1,-1,-1,-1,-1,-1,-1,-1,1,1,1,1,0.009990613907575607
1,-1,1,1,1,1,-1,-1,-1,-1,-1,-1,1,-1,-1,1,-1,-1,-1,1,0.009990613907575607
1,-1,1,1,1,1,-1,-1,-1,-1,1,-1,1,-1,-1,-1,1,-1,1,-1,0.009990613907575607
1,-1,1,1,1,1,-1,-1,-1,-1,1,1,-1,-1,-1,1,-1,1,-1,1,0.009990613907575607
1,-1,1,1,1,1,-1,-1,-1,-1,1,1,-1,1,-1,-1,1,-1,1,-1,0.009990613907575607
1,-1,1,1,1,1,-1,-1,-1,-1,1,1,1,-1,-1,1,1,-1,-1,-1,0.009990613907575607
1,-1,1,1,1,1,-1,-1,-1,-1,1,1,1,-1,1,-1,-1,1,-1,-1,0.009990613907575607
1,-1,1,1,1,1,-1,-1,-1,1,-1,-1,1,-1,1,1,-1,1,-1,1,0.009990613907575607
1,-1,1,1,1,1,-1,-1,-1,1,-1,1,-1,-1,-1,-1,1,-1,1,1,0.009990613907575607
1,-1,1,1,1,1,-1,-1,-1,1,-1,1,1,1,-1,1,1,-1,-1,1,0.009990613907575607
1,-1,1,1,1,1,-1,-1,-1,1,1,1,1,1,1,-1,-1,1,1,-1,0.009990613907575607
1,-1,1,1,1,1,-1,-1,-1,1,1,1,1,1,1,-1,1,-1,1,1,0.009990613907575607
1,-1,1,1,1,1,-1,-1,1,-1,-1,-1,-1,1,1,-1,1,-1,1,1,0.009990613907575607
1,-1,1,1,1,1,-1,-1,1,-1,-1,-1,1,1,-1,1,-1,-1,1,1,0.009990613907575607
1,-1,1,1,1,1,-1,-1,1,-1,-1,1,-1,1,1,-1,1,1,1,-1,0.009990613907575607
1,-1,1,1,1,1,-1,-1,1,-1,-1,1,1,-1,-1,-1,1,1,1,1,0.009990613907575607
1,-1,1,1,1,1,-1,-1,1,-1,-1,1,1,-1,-1,1,1,-1,1,1,0.009990613907575607
1,-1,1,1,1,1,-1,-1,1,-1,-1,1,1,1,1,-1,-1,-1,1,1,0.009990613907575607
1,-1,1,1,1,1,-1,-1,1,-1,1,-1,1,-1,1,-1,-1,1,1,1,0.009990613907575607
1,-1,1,1,1,1,-1,-1,1,-1,1,1,-1,1,-1,1,-1,1,-1,-1,0.009990613907575607
1,-1,1,1,1,1,-1,-1,1,-1,1,1,1,-1,-1,-1,1,-1,1,-1,0.009990613907575607
1,-1,1,1,1,1,-1,-1,1,-1,1,1,1,1,1,-1,-1,-1,1,1,0.009990613907575607
1,-1,1,1,1,1,-1,-1,1,1,-1,-1,1,1,-1,-1,-1,-1,-1,1,0.009990613907575607
1,-1,1,1,1,1,-1,-1,1,1,-1,-1,1,1,-1,-1,1,-1,-1,1,0.009990613907575607
1,-1,1,1,1,1,-1,-1,1,1,-1,1,-1,-1,-1,-1,-1,-1,1,-1,0.009990613907575607
1,-1,1,1,1,1,-1,-1,1,1,-1,1,-1,-1,-1,1,-1,-1,-1,1,0.009990613907575607
1,-1,1,1,1,1,-1,-1,1,1,-1,1,-1,-1,1,-1,1,1,1,-1,0.009990613907575607
1,-1,1,1,1,1,-1,-1,1,1,-1,1,-1,-1,1,1,-1,1,1,-1,0.009990613907575607
1,-1,1,1,1,1,-1,1,-1,-1,-1,-1,-1,-1,-1,1,-1,-1,-1,1,0.009990613907575607
1,-1,1,1,1,1,-1,1,-1,-1,-1,-1,-1,-1,1,1,1,1,1,-1,0.009990613907575607
1,-1,1,1,1,1,-1,1,-1,-1,-1,-1,-1,1,1,-1,1,-1,-1,-1,0.009990613907575607
1,-1,1,1,1,1,-1,1,-1,-1,-1,1,-1,-1,-1,1,-1,-1,1,1,0.009990613907575607
1,-1,1,1,1,1,-1,1,-1,-1,-1,1,-1,1,-1,1,1,-1,-1,1,0.009990613907575607
1,-1,1,1,1,1,-1,1,-1,-1,1,-1,1,1,-1,-1,1,-1,-1,-1,0.009990613907575607
1,-1,1,1,1,1,-1,1,-1,-1,1,-1,1,1,1,1,-1,-1,1,1,0.009990613907575607
1,-1,1,1,1,1,-1,1,-1,-1,1,1,-1,-1,-1,-1,1,1,1,-1,0.009990613907575607
1,-1,1,1,1,1,-1,1,-1,-1,1,1,-1,1,-1,-1,-1,-1,1,-1,0.009990613907575607
1,-1,1,1,1,1,-1,1,-1,-1,1,1,1,1,-1,-1,-1,1,1,-1,0.009990613907575607
1,-1,1,1,1,1,-1,1,-1,1,-1,-1,-1,1,-1,-1,1,-1,1,1,0.009990613907575607
1,-1,1,1,1,1,-1,1,-1,1,-1,-1,1,-1,1,1,1,-1,-1,1,0.009990613907575607
1,-1,1,1,1,1,-1,1,-1,1,-1,-1,1,1,-1,-1,-1,-1,1,1,0.009990613907575607
1,-1,1,1,1,1,-1,1,-1,1,-1,1,-1,-1,-1,1,1,1,1,1,0.009990613907575607
1,-1,1,1,1,1,-1,1,-1,1,-1,1,1,-1,1,1,-1,-1,-1,-1,0.009990613907575607
1,-1,1,1,1,1,-1,1,-1,1,-1,1,1,1,-1,1,1,1,1,-1,0.009990613907575607
1,-1,1,1,1,1,-1,1,-1,1,1,-1,-1,-1,1,1,-1,1,-1,-1,0.009990613907575607
1,-1,1,1,1,1,-1,1,-1,1,1,-1,1,-1,-1,-1,-1,-1,1,1,0.009990613907575607
1,-1,1,1,1,1,-1,1,-1,1,1,1,-1,-1,-1,-1,-1,1,1,-1,0.009990613907575607
1,-1,1,1,1,1,-1,1,-1,1,1,1,-1,-1,1,1,-1,1,-1,-1,0.009990613907575607
1,-1,1,1,1,1,-1,1,-1,1,1,1,-1,-1,1,1,1,1,-1,-1,0.009990613907575607
1,-1,1,1,1,1,-1,1,-1,1,1,1,-1,1,-1,1,1,1,-1,1,0.009990613907575607
1,-1,1,1,1,1,-1,1,-1,1,1,1,1,-1,1,-1,-1,-1,1,1,0.009990613907575607
1,-1,1,1,1,1,-1,1,1,-1,-1,-1,-1,-1,-1,1,-1,1,1,1,0.009990613907575607
1,-1,1,1,1,1,-1,1,1,-1,-1,-1,-1,1,-1,-1,-1,-1,-1,1,0.009990613907575607
1,-1,1,1,1,1,-1,1,1,-1,-1,-1,-1,1,1,-1,-1,-1,-1,-1,0.009990613907575607
1,-1,1,1,1,1,-1,1,1,-1,-1,-1,1,1,-1,-1,1,-1,-1,-1,0.009990613907575607
1,-1,1,1,1,1,-1,1,1,-1,-1,-1,1,1,-1,1,1,1,-1,1,0.009990613907575607
1,-1,1,1,1,1,-1,1,1,-1,-1,1,-1,1,1,1,-1,-1,1,-1,0.009990613907575607
1,-1,1,1,1,1,-1,1,1,-1,-1,1,1,1,-1,-1,1,-1,1,1,0.009990613907575607
1,-1,1,1,1,1,-1,1,1,-1,1,-1,-1,-1,-1,-1,-1,1,-1,1,0.009990613907575607
1,-1,1,1,1,1,-1,1,1,-1,1,-1,-1,1,-1,-1,1,1,-1,-1,0.009990613907575607
1,-1,1,1,1,1,-1,1,1,-1,1,-1,1,1,-1,1,1,1,-1,1,0.009990613907575607
1,-1,1,1,1,1,-1,1,1,-1,1,1,-1,-1,-1,1,-1,-1,1,-1,0.009990613907575607
1,-1,1,1,1,1,-1,1,1,-1,1,1,-1,1,-1,1,-1,1,1,-1,0.009990613907575607
1,-1,1,1,1,1,-1,1,1,-1,1,1,-1,1,-1,1,1,1,-1,-1,0.009990613907575607
1,-1,1,1,1,1,-1,1,1,1,-1,-1,1,-1,-1,-1,1,1,-1,1,0.009990613907575607
1,-1,1,1,1,1,-1,1,1,1,-1,-1,1,-1,-1,-1,1,1,1,1,0.009990613907575607
1,-1,1,1,1,1,-1,1,1,1,-1,1,1,-1,-1,-1,-1,-1,-1,1,0.009990613907575607
1,-1,1,1,1,1,-1,1,1,1,-1,1,1,1,1,1,1,1,1,-1,0.009990613907575607
1,-1,1,1,1,1,-1,1,1,1,1,-1,-1,-1,-1,1,1,1,1,-1,0.009990613907575607
1,-1,1,1,1,1,-1,1,1,1,1,-1,-1,1,-1,1,1,1,1,1,0.009990613907575607
1,-1,1,1,1,1,-1,1,1,1,1,1,-1,-1,-1,1,-1,-1,1,1,0.009990613907575607
1,-1,1,1,1,1,-1,1,1,1,1,1,-1,1,1,-1,-1,1,1,-1,0.009990613907575607
1,-1,1,1,1,1,-1,1,1,1,1,1,1,1,-1,-1,-1,1,-1,1,0.009990613907575607
1,-1,1,1,1,1,-1,1,1,1,1,1,1,1,-1,1,1,-1,1,-1,0.009990613907575607
1,-1,1,1,1,1,1,-1,-1,-1,-1,-1,1,-1,-1,-1,-1,1,-1,1,0.009990613907575607
1,-1,1,1,1,1,1,-1,-1,-1,-1,-1,1,1,-1,-1,1,-1,1,1,0.009990613907575607
1,-1,1,1,1,1,1,-1,-1,-1,-1,-1,1,1,1,-1,-1,-1,-1,-1,0.009990613907575607
1,-1,1,1,1,1,1,-1,-1,-1,-1,1,-1,-1,1,1,-1,-1,1,1,0.009990613907575607
1,-1,1,1,1,1,1,-1,-1,-1,-1,1,-1,-1,1,1,1,-1,-1,1,0.009990613907575607
1,-1,1,1,1,1,1,-1,-1,-1,-1,1,1,-1,-1,1,-1,-1,1,-1,0.009990613907575607
1,-1,1,1,1,1,1,-1,-1,-1,-1,1,1,1,1,-1,1,-1,-1,1,0.009990613907575607
1,-1,1,1,1,1,1,-1,-1,-1,1,-1,-1,1,-1,-1,-1,1,-1,-1,0.009990613907575607
1,-1,1,1,1,1,1,-1,-1,-1,1,-1,1,-1,-1,-1,1,1,-1,-1,0.009990613907575607
1,-1,1,1,1,1,1,-1,-1,-1,1,-1,1,1,1,-1,-1,1,1,-1,0.009990613907575607
1,-1,1,1,1,1,1,-1,-1,-1,1,-1,1,1,1,-1,1,-1,1,-1,0.009990613907575607
1,-1,1,1,1,1,1,-1,-1,1,-1,-1,-1,1,1,1,1,-1,-1,-1,0.009990613907575607
1,-1,1,1,1,1,1,-1,-1,1,-1,-1,1,-1,1,1,-1,1,-1,1,0.009990613907575607
1,-1,1,1,1,1,1,-1,-1,1,-1,-1,1,1,1,-1,1,1,1,1,0.009990613907575607
1,-1,1,1,1,1,1,-1,-1,1,-1,1,1,1,1,-1,-1,-1,-1,1,0.009990613907575607
1,-1,1,1,1,1,1,-1,-1,1,-1,1,1,1,1,1,1,-1,-1,-1,0.009990613907575607
1,-1,1,1,1,1,1,-1,-1,1,-1,1,1,1,1,1,1,-1,-1,1,0.009990613907575607
1,-1,1,1,1,1,1,-1,-1,1,1,-1,1,-1,1,1,1,1,-1,-1,0.009990613907575607
1,-1,1,1,1,1,1,-1,-1,1,1,1,-1,1,1,1,1,1,1,1,0.009990613907575607
1,-1,1,1,1,1,1,-1,-1,1,1,1,1,-1,1,-1,1,-1,1,1,0.009990613907575607
1,-1,1,1,1,1,1,-1,-1,1,1,1,1,1,-1,-1,-1,1,1,1,0.009990613907575607
1,-1,1,1,1,1,1,-1,-1,1,1,1,1,1,1,-1,1,1,-1,1,0.009990613907575607
1,-1,1,1,1,1,1,-1,1,-1,1,-1,-1,-1,-1,-1,1,1,-1,-1,0.009990613907575607
1,-1,1,1,1,1,1,-1,1,-1,1,-1,-1,-1,1,-1,-1,-1,1,1,0.009990613907575607
1,-1,1,1,1,1,1,-1,1,-1,1,-1,-1,1,1,-1,-1,-1,1,-1,0.009990613907575607
1,-1,1,1,1,1,1,-1,1,-1,1,-1,-1,1,1,1,-1,1,-1,-1,0.009990613907575607
1,-1,1,1,1,1,1,-1,1,-1,1,1,1,-1,1,-1,-1,-1,1,1,0.009990613907575607
1,-1,1,1,1,1,1,-1,1,-1,1,1,1,-1,1,1,-1,1,1,1,0.009990613907575607
1,-1,1,1,1,1,1,-1,1,-1,1,1,1,1,-1,-1,1,1,1,-1,0.009990613907575607
1,-1,1,1,1,1,1,-1,1,-1,1,1,1,1,-1,1,-1,-1,1,1,0.009990613907575607
1,-1,1,1,1,1,1,-1,1,-1,1,1,1,1,1,1,1,1,1,1,0.009990613907575607
1,-1,1,1,1,1,1,-1,1,1,-1,-1,-1,1,-1,-1,-1,1,1,1,0.009990613907575607
1,-1,1,1,1,1,1,-1,1,1,-1,-1,-1,1,-1,-1,1,1,1,1,0.009990613907575607
1,-1,1,1,1,1,1,-1,1,1,-1,-1,1,1,-1,1,1,1,1,-1,0.009990613907575607
1,-1,1,1,1,1,1,-1,1,1,-1,1,-1,1,1,-1,-1,1,-1,1,0.009990613907575607
1,-1,1,1,1,1,1,-1,1,1,-1,1,1,1,-1,1,1,-1,-1,-1,0.009990613907575607
1,-1,1,1,1,1,1,-1,1,1,1,-1,-1,-1,1,1,-1,1,-1,-1,0.009990613907575607
1,-1,1,1,1,1,1,-1,1,1,1,-1,1,1,-1,-1,-1,-1,1,-1,0.009990613907575607
1,-1,1,1,1,1,1,-1,1,1,1,1,-1,-1,-1,-1,-1,-1,-1,1,0.009990613907575607
1,-1,1,1,1,1,1,-1,1,1,1,1,-1,-1,-1,-1,-1,-1,1,-1,0.009990613907575607
1,-1,1,1,1,1,1,-1,1,1,1,1,-1,1,1,-1,-1,-1,-1,-1,0.009990613907575607
1,-1,1,1,1,1,1,-1,1,1,1,1,-1,1,1,-1,1,1,-1,-1,0.009990613907575607
1,-1,1,1,1,1,1,-1,1,1,1,1,1,-1,1,1,-1,1,-1,1,0.009990613907575607
1,-1,1,1,1,1,1,1,-1,-1,-1,1,-1,-1,-1,-1,-1,1,1,1,0.009990613907575607
1,-1,1,1,1,1,1,1,-1,-1,-1,1,-1,-1,-1,-1,1,1,-1,-1,0.009990613907575607
1,-1,1,1,1,1,1,1,-1,-1,-1,1,-1,1,-1,-1,1,1,-1,1,0.009990613907575607
1,-1,1,1,1,1,1,1,-1,-1,-1,1,-1,1,-1,1,-1,1,-1,-1,0.009990613907575607
1,-1,1,1,1,1,1,1,-1,-1,1,-1,-1,-1,1,-1,-1,1,-1,-1,0.009990613907575607
1,-1,1,1,1,1,1,1,-1,-1,1,-1,-1,1,1,-1,1,-1,1,-1,0.009990613907575607
1,-1,1,1,1,1,1,1,-1,-1,1,-1,1,-1,-1,1,-1,-1,1,-1,0.009990613907575607
1,-1,1,1,1,1,1,1,-1,-1,1,-1,1,1,-1,-1,-1,1,1,1,0.009990613907575607
1,-1,1,1,1,1,1,1,-1,-1,1,1,-1,-1,1,-1,1,1,1,-1,0.009990613907575607
1,-1,1,1,1,1,1,1,-1,-1,1,1,-1,1,-1,-1,-1,-1,-1,-1,0.009990613907575607
1,-1,1,1,1,1,1,1,-1,-1,1,1,-1,1,1,1,-1,1,-1,1,0.009990613907575607
1,-1,1,1,1,1,1,1,-1,-1,1,1,1,-1,1,1,-1,-1,1,-1,0.009990613907575607
1,-1,1,1,1,1,1,1,-1,-1,1,1,1,1,1,-1,-1,1,-1,1,0.009990613907575607
1,-1,1,1,1,1,1,1,-1,-1,1,1,1,1,1,-1,1,-1,-1,-1,0.009990613907575607
1,-1,1,1,1,1,1,1,-1,-1,1,1,1,1,1,-1,1,-1,1,1,0.009990613907575607
1,-1,1,1,1,1,1,1,-1,-1,1,1,1,1,1,-1,1,1,-1,-1,0.009990613907575607
1,-1,1,1,1,1,1,1,-1,1,-1,-1,1,-1,-1,1,-1,1,-1,-1,0.009990613907575607
1,-1,1,1,1,1,1,1,-1,1,-1,-1,1,1,1,-1,-1,1,-1,1,0.009990613907575607
1,-1,1,1,1,1,1,1,-1,1,-1,1,-1,-1,-1,-1,1,-1,-1,1,0.009990613907575607
1,-1,1,1,1,1,1,1,-1,1,-1,1,-1,1,-1,1,-1,-1,-1,1,0.009990613907575607
1,-1,1,1,1,1,1,1,-1,1,-1,1,1,-1,-1,1,1,1,1,-1,0.009990613907575607
1,-1,1,1,1,1,1,1,-1,1,-1,1,1,-1,1,-1,1,-1,1,1,0.009990613907575607
1,-1,1,1,1,1,1,1,-1,1,1,-1,-1,-1,-1,-1,1,1,1,-1,0.009990613907575607
1,-1,1,1,1,1,1,1,-1,1,1,-1,-1,-1,-1,1,1,-1,1,1,0.009990613907575607
1,-1,1,1,1,1,1,1,-1,1,1,-1,-1,1,-1,1,-1,-1,-1,-1,0.009990613907575607
1,-1,1,1,1,1,1,1,-1,1,1,-1,1,-1,-1,-1,1,1,1,-1,0.009990613907575607
1,-1,1,1,1,1,1,1,-1,1,1,-1,1,-1,-1,1,1,-1,1,-1,0.009990613907575607
1,-1,1,1,1,1,1,1,-1,1,1,-1,1,1,-1,-1,-1,-1,-1,1,0.009990613907575607
1,-1,1,1,1,1,1,1,-1,1,1,1,-1,-1,-1,-1,-1,-1,1,1,0.009990613907575607
1,-1,1,1,1,1,1,1,-1,1,1,1,-1,-1,-1,-1,-1,1,1,1,0.009990613907575607
1,-1,1,1,1,1,1,1,-1,1,1,1,-1,-1,-1,1,-1,1,1,1,0.009990613907575607
1,-1,1,1,1,1,1,1,-1,1,1,1,-1,1,-1,1,-1,-1,1,1,0.009990613907575607
1,-1,1,1,1,1,1,1,-1,1,1,1,1,1,-1,1,-1,-1,-1,-1,0.009990613907575607
1,-1,1,1,1,1,1,1,1,-1,-1,-1,-1,-1,-1,1,-1,-1,1,1,0.009990613907575607
1,-1,1,1,1,1,1,1,1,-1,-1,-1,1,1,-1,-1,1,1,-1,-1,0.009990613907575607
1,-1,1,1,1,1,1,1,1,-1,-1,1,-1,1,1,1,1,1,-1,-1,0.009990613907575607
1,-1,1,1,1,1,1,1,1,-1,-1,1,1,-1,-1,-1,1,-1,-1,-1,0.009990613907575607
1,-1,1,1,1,1,1,1,1,-1,-1,1,1,1,1,-1,1,-1,1,1,0.009990613907575607
1,-1,1,1,1,1,1,1,1,-1,-1,1,1,1,1,1,-1,-1,1,1,0.009990613907575607
1,-1,1,1,1,1,1,1,1,-1,1,-1,-1,-1,-1,-1,1,-1,1,1,0.009990613907575607
1,-1,1,1,1,1,1,1,1,1,-1,-1,-1,-1,-1,-1,-1,1,1,1,0.009990613907575607
1,-1,1,1,1,1,1,1,1,1,-1,-1,1,-1,-1,-1,-1,1,1,1,0.009990613907575607
1,-1,1,1,1,1,1,1,1,1,-1,-1,1,-1,-1,1,1,-1,1,-1,0.009990613907575607
1,-1,1,1,1,1,1,1,1,1,-1,-1,1,-1,1,1,-1,1,1,1,0.009990613907575607
1,-1,1,1,1,1,1,1,1,1,-1,1,1,-1,-1,-1,1,1,-1,1,0.009990613907575607
1,-1,1,1,1,1,1,1,1,1,-1,1,1,-1,-1,1,1,1,-1,1,0.009990613907575607
1,-1,1,1,1,1,1,1,1,1,-1,1,1,1,1,-1,-1,1,1,1,0.009990613907575607
1,-1,1,1,1,1,1,1,1,1,-1,1,1,1,1,1,-1,-1,-1,-1,0.009990613907575607
1,-1,1,1,1,1,1,1,1,1,1,-1,-1,-1,1,-1,1,1,1,-1,0.009990613907575607
1,-1,1,1,1,1,1,1,1,1,1,-1,1,-1,-1,-1,-1,-1,-1,1,0.009990613907575607
1,-1,1,1,1,1,1,1,1,1,1,1,-1,-1,1,-1,1,1,1,1,0.009990613907575607
1,-1,1,1,1,1,1,1,1,1,1,1,-1,-1,1,1,-1,-1,-1,-1,0.009990613907575607
1,-1,1,1,1,1,1,1,1,1,1,1,1,-1,-1,-1,1,-1,1,-1,0.009990613907575607
1,-1,1,1,1,1,1,1,1,1,1,1,1,-1,1,1,-1,-1,1,1,0.009990613907575607
1,1,-1,-1,-1,-1,-1,-1,-1,-1,-1,-1,-1,-1,-1,1,1,1,-1,1,0.009990613907575607
1,1,-1,-1,-1,-1,-1,-1,-1,-1,-1,-1,-1,-1,1,1,1,1,-1,-1,0.009990613907575607
1,1,-1,-1,-1,-1,-1,-1,-1,-1,-1,-1,-1,1,-1,-1,-1,1,-1,1,0.009990613907575607
1,1,-1,-1,-1,-1,-1,-1,-1,-1,-1,-1,-1,1,-1,-1,1,-1,-1,-1,0.009990613907575607
1,1,-1,-1,-1,-1,-1,-1,-1,-1,-1,-1,1,-1,1,1,-1,1,1,-1,0.009990613907575607
1,1,-1,-1,-1,-1,-1,-1,-1,-1,-1,-1,1,1,-1,-1,-1,1,-1,1,0.009990613907575607
1,1,-1,-1,-1,-1,-1,-1,-1,-1,-1,1,-1,-1,-1,-1,1,-1,1,1,0.009990613907575607
1,1,-1,-1,-1,-1,-1,-1,-1,-1,-1,1,-1,-1,-1,1,-1,-1,1,1,0.009990613907575607
1,1,-1,-1,-1,-1,-1,-1,-1,-1,-1,1,-1,1,-1,-1,-1,-1,1,1,0.009990613907575607
1,1,-1,-1,-1,-1,-1,-1,-1,-1,1,-1,-1,-1,-1,-1,1,1,-1,1,0.009990613907575607
1,1,-1,-1,-1,-1,-1,-1,-1,-1,1,-1,-1,-1,1,1,1,1,1,1,0.009990613907575607
1,1,-1,-1,-1,-1,-1,-1,-1,-1,1,1,-1,-1,1,-1,-1,-1,1,-1,0.009990613907575607
1,1,-1,-1,-1,-1,-1,-1,-1,-1,1,1,1,-1,-1,-1,-1,1,1,-1,0.009990613907575607
1,1,-1,-1,-1,-1,-1,-1,-1,-1,1,1,1,-1,-1,-1,1,-1,1,-1,0.009990613907575607
1,1,-1,-1,-1,-1,-1,-1,-1,-1,1,1,1,1,1,1,1,1,-1,1,0.009990613907575607
1,1,-1,-1,-1,-1,-1,-1,-1,1,-1,-1,-1,-1,1,-1,-1,-1,1,1,0.009990613907575607
1,1,-1,-1,-1,-1,-1,-1,-1,1,-1,-1,-1,-1,1,1,-1,-1,1,1,0.009990613907575607
1,1,-1,-1,-1,-1,-1,-1,-1,1,-1,-1,-1,-1,1,1,1,-1,-1,-1,0.009990613907575607
1,1,-1,-1,-1,-1,-1,-1,-1,1,-1,1,-1,-1,-1,1,1,-1,-1,1,0.009990613907575607
1,1,-1,-1,-1,-1,-1,-1,-1,1,1,-1,-1,1,-1,-1,1,-1,-1,1,0.009990613907575607
1,1,-1,-1,-1,-1,-1,-1,-1,1,1,-1,-1,1,-1,-1,1,1,1,-1,0.009990613907575607
1,1,-1,-1,-1,-1,-1,-1,-1,1,1,-1,1,-1,-1,-1,1,1,-1,-1,0.009990613907575607
1,1,-1,-1,-1,-1,-1,-1,-1,1,1,-1,1,-1,1,1,1,-1,1,1,0.009990613907575607
1,1,-1,-1,-1,-1,-1,-1,-1,1,1,1,-1,1,-1,-1,-1,-1,-1,1,0.009990613907575607
1,1,-1,-1,-1,-1,-1,-1,-1,1,1,1,-1,1,-1,1,-1,1,1,1,0.009990613907575607
1,1,-1,-1,-1,-1,-1,-1,-1,1,1,1,-1,1,1,-1,1,-1,1,1,0.009990613907575607
1,1,-1,-1,-1,-1,-1,-1,1,-1,-1,-1,-1,1,-1,-1,-1,1,1,-1,0.009990613907575607
1,1,-1,-1,-1,-1,-1,-1,1,-1,-1,-1,-1,1,-1,-1,1,1,1,1,0.009990613907575607
1,1,-1,-1,-1,-1,-1,-1,1,-1,-1,-1,-1,1,-1,1,-1,-1,-1,-1,0.009990613907575607
1,1,-1,-1,-1,-1,-1,-1,1,-1,-1,-1,-1,1,1,-1,1,1,-1,-1,0.009990613907575607
1,1,-1,-1,-1,-1,-1,-1,1,-1,-1,-1,1,-1,1,-1,-1,-1,-1,1,0.009990613907575607
1,1,-1,-1,-1,-1,-1,-1,1,-1,-1,-1,1,1,-1,1,1,1,-1,1,0.009990613907575607
1,1,-1,-1,-1,-1,-1,-1,1,-1,-1,1,-1,-1,1,-1,-1,-1,-1,1,0.009990613907575607
1,1,-1,-1,-1,-1,-1,-1,1,-1,-1,1,-1,-1,1,-1,1,1,-1,-1,0.009990613907575607
1,1,-1,-1,-1,-1,-1,-1,1,-1,-1,1,1,1,-1,-1,1,1,1,1,0.009990613907575607
1,1,-1,-1,-1,-1,-1,-1,1,-1,1,-1,-1,1,1,-1,-1,-1,-1,1,0.009990613907575607
1,1,-1,-1,-1,-1,-1,-1,1,-1,1,1,-1,-1,1,-1,1,1,-1,1,0.009990613907575607
1,1,-1,-1,-1,-1,-1,-1,1,-1,1,1,-1,-1,1,-1,1,1,1,-1,0.009990613907575607
1,1,-1,-1,-1,-1,-1,-1,1,-1,1,1,1,1,-1,-1,1,1,-1,1,0.009990613907575607
1,1,-1,-1,-1,-1,-1,-1,1,-1,1,1,1,1,-1,1,1,1,-1,1,0.009990613907575607
1,1,-1,-1,-1,-1,-1,-1,1,1,-1,-1,-1,-1,-1,1,1,1,-1,1,0.009990613907575607
1,1,-1,-1,-1,-1,-1,-1,1,1,-1,-1,-1,1,-1,1,-1,-1,-1,1,0.009990613907575607
1,1,-1,-1,-1,-1,-1,-1,1,1,-1,-1,-1,1,-1,1,1,-1,1,1,0.009990613907575607
1,1,-1,-1,-1,-1,-1,-1,1,1,-1,-1,1,-1,1,1,-1,-1,-1,1,0.009990613907575607
1,1,-1,-1,-1,-1,-1,-1,1,1,-1,1,-1,-1,-1,-1,-1,1,-1,1,0.009990613907575607
1,1,-1,-1,-1,-1,-1,-1,1,1,-1,1,-1,-1,-1,1,-1,1,1,1,0.009990613907575607
1,1,-1,-1,-1,-1,-1,-1,1,1,-1,1,-1,-1,-1,1,1,1,1,-1,0.009990613907575607
1,1,-1,-1,-1,-1,-1,-1,1,1,-1,1,1,-1,-1,1,1,1,1,1,0.009990613907575607
1,1,-1,-1,-1,-1,-1,-1,1,1,1,1,1,1,-1,-1,-1,-1,-1,-1,0.009990613907575607
1,1,-1,-1,-1,-1,-1,1,-1,-1,-1,-1,-1,-1,1,1,-1,1,1,-1,0.009990613907575607
1,1,-1,-1,-1,-1,-1,1,-1,-1,-1,-1,-1,1,1,1,1,1,-1,1,0.009990613907575607
1,1,-1,-1,-1,-1,-1,1,-1,-1,-1,-1,1,-1,1,-1,1,1,-1,1,0.009990613907575607
1,1,-1,-1,-1,-1,-1,1,-1,-1,-1,-1,1,-1,1,-1,1,1,1,1,0.009990613907575607
1,1,-1,-1,-1,-1,-1,1,-1,-1,-1,1,1,1,1,-1,1,-1,-1,1,0.009990613907575607
1,1,-1,-1,-1,-1,-1,1,-1,-1,1,-1,-1,1,-1,-1,-1,1,-1,1,0.009990613907575607
1,1,-1,-1,-1,-1,-1,1,-1,-1,1,1,-1,-1,-1,1,-1,-1,-1,1,0.009990613907575607
1,1,-1,-1,-1,-1,-1,1,-1,-1,1,1,1,1,-1,-1,1,-1,-1,-1,0.009990613907575607
1,1,-1,-1,-1,-1,-1,1,-1,1,-1,-1,-1,-1,-1,-1,-1,1,1,1,0.009990613907575607
1,1,-1,-1,-1,-1,-1,1,-1,1,-1,-1,-1,-1,1,1,-1,1,1,1,0.009990613907575607
1,1,-1,-1,-1,-1,-1,1,-1,1,-1,1,-1,-1,1,-1,-1,1,-1,-1,0.009990613907575607
1,1,-1,-1,-1,-1,-1,1,-1,1,-1,1,1,-1,1,1,1,-1,1,1,0.009990613907575607
1,1,-1,-1,-1,-1,-1,1,-1,1,1,-1,-1,-1,-1,1,1,1,1,1,0.009990613907575607
1,1,-1,-1,-1,-1,-1,1,-1,1,1,-1,1,-1,1,-1,1,-1,-1,-1,0.009990613907575607
1,1,-1,-1,-1,-1,-1,1,-1,1,1,-1,1,1,-1,-1,1,-1,-1,-1,0.009990613907575607
1,1,-1,-1,-1,-1,-1,1,-1,1,1,-1,1,1,-1,1,1,-1,1,-1,0.009990613907575607
1,1,-1,-1,-1,-1,-1,1,-1,1,1,-1,1,1,1,1,-1,1,-1,-1,0.009990613907575607
1,1,-1,-1,-1,-1,-1,1,-1,1,1,-1,1,1,1,1,1,-1,1,-1,0.009990613907575607
1,1,-1,-1,-1,-1,-1,1,1,-1,-1,-1,-1,1,1,-1,1,-1,-1,1,0.009990613907575607
1,1,-1,-1,-1,-1,-1,1,1,-1,-1,-1,1,1,1,1,1,-1,-1,1,0.009990613907575607
1,1,-1,-1,-1,-1,-1,1,1,-1,-1,1,-1,1,-1,-1,-1,-1,1,-1,0.009990613907575607
1,1,-1,-1,-1,-1,-1,1,1,-1,-1,1,1,1,-1,-1,-1,-1,1,1,0.009990613907575607
1,1,-1,-1,-1,-1,-1,1,1,-1,1,-1,1,-1,-1,1,-1,-1,-1,1,0.009990613907575607
1,1,-1,-1,-1,-1,-1,1,1,-1,1,1,-1,1,-1,-1,1,-1,-1,1,0.009990613907575607
1,1,-1,-1,-1,-1,-1,1,1,-1,1,1,1,-1,-1,1,1,-1,-1,-1,0.009990613907575607
1,1,-1,-1,-1,-1,-1,1,1,1,-1,-1,-1,-1,-1,1,1,-1,1,1,0.009990613907575607
1,1,-1,-1,-1,-1,-1,1,1,1,-1,-1,-1,1,-1,-1,1,-1,-1,1,0.009990613907575607
1,1,-1,-1,-1,-1,-1,1,1,1,-1,-1,-1,1,-1,1,1,-1,-1,-1,0.009990613907575607
1,1,-1,-1,-1,-1,-1,1,1,1,-1,-1,1,-1,-1,-1,1,1,-1,1,0.009990613907575607
1,1,-1,-1,-1,-1,-1,1,1,1,-1,-1,1,1,1,1,1,1,1,-1,0.009990613907575607
1,1,-1,-1,-1,-1,-1,1,1,1,-1,1,-1,-1,-1,1,1,1,1,-1,0.009990613907575607
1,1,-1,-1,-1,-1,-1,1,1,1,1,-1,-1,-1,1,-1,1,-1,1,-1,0.009990613907575607
1,1,-1,-1,-1,-1,-1,1,1,1,1,1,-1,-1,-1,-1,1,-1,1,1,0.009990613907575607
1,1,-1,-1,-1,-1,-1,1,1,1,1,1,-1,1,1,1,1,-1,-1,-1,0.009990613907575607
1,1,-1,-1,-1,-1,-1,1,1,1,1,1,1,-1,-1,-1,1,1,-1,1,0.009990613907575607
1,1,-1,-1,-1,-1,-1,1,1,1,1,1,1,-1,1,-1,1,-1,-1,1,0.009990613907575607
1,1,-1,-1,-1,-1,-1,1,1,1,1,1,1,1,1,-1,-1,-1,1,-1,0.009990613907575607
1,1,-1,-1,-1,-1,1,-1,-1,-1,-1,-1,-1,-1,-1,-1,-1,1,-1,-1,0.009990613907575607
1,1,-1,-1,-1,-1,1,-1,-1,-1,-1,-1,-1,-1,-1,1,-1,1,-1,1,0.009990613907575607
1,1,-1,-1,-1,-1,1,-1,-1,-1,-1,-1,-1,-1,1,-1,1,1,-1,1,0.009990613907575607
1,1,-1,-1,-1,-1,1,-1,-1,-1,-1,-1,-1,1,1,-1,1,1,-1,1,0.009990613907575607
1,1,-1,-1,-1,-1,1,-1,-1,-1,-1,-1,1,-1,-1,-1,1,-1,1,1,0.009990613907575607
1,1,-1,-1,-1,-1,1,-1,-1,-1,-1,-1,1,-1,1,1,1,1,-1,1,0.009990613907575607
1,1,-1,-1,-1,-1,1,-1,-1,-1,-1,-1,1,1,-1,-1,-1,1,1,1,0.009990613907575607
1,1,-1,-1,-1,-1,1,-1,-1,-1,-1,1,-1,1,1,-1,1,1,-1,-1,0.009990613907575607
1,1,-1,-1,-1,-1,1,-1,-1,-1,-1,1,1,-1,1,1,1,-1,1,-1,0.009990613907575607
1,1,-1,-1,-1,-1,1,-1,-1,-1,-1,1,1,1,1,1,1,1,1,-1,0.009990613907575607
1,1,-1,-1,-1,-1,1,-1,-1,-1,1,-1,1,-1,-1,1,-1,-1,1,-1,0.009990613907575607
1,1,-1,-1,-1,-1,1,-1,-1,-1,1,1,-1,-1,1,-1,1,-1,1,1,0.009990613907575607
1,1,-1,-1,-1,-1,1,-1,-1,-1,1,1,1,1,-1,-1,-1,1,1,1,0.009990613907575607
1,1,-1,-1,-1,-1,1,-1,-1,1,-1,-1,1,1,-1,1,-1,-1,-1,-1,0.009990613907575607
1,1,-1,-1,-1,-1,1,-1,-1,1,-1,1,-1,-1,-1,-1,1,1,-1,1,0.009990613907575607
1,1,-1,-1,-1,-1,1,-1,-1,1,-1,1,-1,1,1,1,1,-1,1,-1,0.009990613907575607
1,1,-1,-1,-1,-1,1,-1,-1,1,-1,1,-1,1,1,1,1,1,1,-1,0.009990613907575607
1,1,-1,-1,-1,-1,1,-1,-1,1,-1,1,1,-1,-1,-1,-1,1,1,-1,0.009990613907575607
1,1,-1,-1,-1,-1,1,-1,-1,1,1,1,1,-1,-1,1,1,-1,-1,1,0.009990613907575607
1,1,-1,-1,-1,-1,1,-1,-1,1,1,1,1,-1,1,-1,1,-1,-1,-1,0.009990613907575607
1,1,-1,-1,-1,-1,1,-1,-1,1,1,1,1,1,-1,-1,-1,-1,-1,-1,0.009990613907575607
1,1,-1,-1,-1,-1,1,-1,1,-1,-1,-1,-1,-1,1,-1,1,-1,-1,1,0.009990613907575607
1,1,-1,-1,-1,-1,1,-1,1,-1,-1,-1,-1,1,-1,-1,1,1,1,-1,0.009990613907575607
1,1,-1,-1,-1,-1,1,-1,1,-1,-1,-1,-1,1,1,-1,-1,1,-1,1,0.009990613907575607
1,1,-1,-1,-1,-1,1,-1,1,-1,-1,-1,1,1,1,1,-1,1,-1,-1,0.009990613907575607
1,1,-1,-1,-1,-1,1,-1,1,-1,-1,1,-1,-1,-1,-1,-1,1,1,1,0.009990613907575607
1,1,-1,-1,-1,-1,1,-1,1,-1,-1,1,-1,-1,-1,1,-1,-1,-1,-1,0.009990613907575607
1,1,-1,-1,-1,-1,1,-1,1,-1,-1,1,-1,1,-1,1,1,1,1,1,0.009990613907575607
1,1,-1,-1,-1,-1,1,-1,1,-1,-1,1,-1,1,1,-1,-1,1,1,1,0.009990613907575607
1,1,-1,-1,-1,-1,1,-1,1,-1,-1,1,1,-1,-1,1,-1,1,-1,1,0.009990613907575607
1,1,-1,-1,-1,-1,1,-1,1,-1,-1,1,1,1,1,1,1,-1,-1,1,0.009990613907575607
1,1,-1,-1,-1,-1,1,-1,1,-1,1,-1,-1,-1,1,-1,1,1,-1,1,0.009990613907575607
1,1,-1,-1,-1,-1,1,-1,1,-1,1,-1,1,1,-1,-1,1,1,-1,-1,0.009990613907575607
1,1,-1,-1,-1,-1,1,-1,1,-1,1,-1,1,1,1,-1,1,1,-1,-1,0.009990613907575607
1,1,-1,-1,-1,-1,1,-1,1,-1,1,1,1,-1,1,1,-1,-1,-1,1,0.009990613907575607
1,1,-1,-1,-1,-1,1,-1,1,1,-1,-1,1,-1,-1,1,1,1,1,-1,0.009990613907575607
1,1,-1,-1,-1,-1,1,-1,1,1,-1,-1,1,-1,1,1,-1,-1,-1,1,0.009990613907575607
1,1,-1,-1,-1,-1,1,-1,1,1,-1,1,-1,1,1,-1,1,-1,-1,-1,0.009990613907575607
1,1,-1,-1,-1,-1,1,-1,1,1,-1,1,-1,1,1,1,-1,1,1,-1,0.009990613907575607
1,1,-1,-1,-1,-1,1,-1,1,1,-1,1,1,1,1,1,1,1,1,1,0.009990613907575607
1,1,-1,-1,-1,-1,1,-1,1,1,1,-1,-1,-1,1,1,-1,-1,-1,1,0.009990613907575607
1,1,-1,-1,-1,-1,1,-1,1,1,1,-1,-1,1,-1,-1,1,-1,1,1,0.009990613907575607
1,1,-1,-1,-1,-1,1,-1,1,1,1,-1,1,1,1,-1,1,1,1,-1,0.009990613907575607
1,1,-1,-1,-1,-1,1,-1,1,1,1,1,-1,-1,-1,-1,1,1,-1,1,0.009990613907575607
1,1,-1,-1,-1,-1,1,1,-1,-1,-1,-1,-1,1,-1,1,1,1,-1,-1,0.009990613907575607
1,1,-1,-1,-1,-1,1,1,-1,-1,-1,-1,-1,1,1,-1,-1,1,1,-1,0.009990613907575607
1,1,-1,-1,-1,-1,1,1,-1,-1,-1,-1,1,-1,1,1,-1,-1,-1,-1,0.009990613907575607
1,1,-1,-1,-1,-1,1,1,-1,-1,-1,-1,1,1,-1,-1,1,1,-1,-1,0.009990613907575607
1,1,-1,-1,-1,-1,1,1,-1,-1,-1,1,-1,-1,1,1,1,1,-1,1,0.009990613907575607
1,1,-1,-1,-1,-1,1,1,-1,-1,-1,1,-1,1,-1,-1,-1,-1,-1,1,0.009990613907575607
1,1,-1,-1,-1,-1,1,1,-1,-1,1,-1,-1,-1,1,-1,1,1,-1,1,0.009990613907575607
1,1,-1,-1,-1,-1,1,1,-1,-1,1,-1,-1,-1,1,1,1,-1,1,1,0.009990613907575607
1,1,-1,-1,-1,-1,1,1,-1,-1,1,-1,-1,1,-1,-1,-1,1,1,1,0.009990613907575607
1,1,-1,-1,-1,-1,1,1,-1,-1,1,-1,-1,1,1,-1,-1,1,1,-1,0.009990613907575607
1,1,-1,-1,-1,-1,1,1,-1,-1,1,-1,1,-1,1,1,1,-1,-1,1,0.009990613907575607
1,1,-1,-1,-1,-1,1,1,-1,-1,1,-1,1,1,-1,-1,1,1,1,-1,0.009990613907575607
1,1,-1,-1,-1,-1,1,1,-1,-1,1,1,-1,-1,1,-1,-1,-1,-1,-1,0.009990613907575607
1,1,-1,-1,-1,-1,1,1,-1,-1,1,1,1,-1,-1,-1,1,1,-1,1,0.009990613907575607
1,1,-1,-1,-1,-1,1,1,-1,1,-1,-1,-1,1,1,-1,-1,1,1,1,0.009990613907575607
1,1,-1,-1,-1,-1,1,1,-1,1,-1,-1,-1,1,1,1,1,1,-1,1,0.009990613907575607
1,1,-1,-1,-1,-1,1,1,-1,1,-1,-1,1,-1,-1,-1,-1,1,1,-1,0.009990613907575607
1,1,-1,-1,-1,-1,1,1,-1,1,-1,-1,1,-1,-1,-1,1,-1,-1,1,0.009990613907575607
1,1,-1,-1,-1,-1,1,1,-1,1,-1,1,-1,1,-1,-1,-1,1,-1,-1,0.009990613907575607
1,1,-1,-1,-1,-1,1,1,-1,1,-1,1,1,-1,1,-1,-1,-1,1,-1,0.009990613907575607
1,1,-1,-1,-1,-1,1,1,-1,1,1,-1,-1,-1,-1,-1,-1,1,1,1,0.009990613907575607
1,1,-1,-1,-1,-1,1,1,-1,1,1,1,-1,-1,1,-1,-1,-1,1,1,0.009990613907575607
1,1,-1,-1,-1,-1,1,1,-1,1,1,1,-1,1,1,-1,-1,1,1,1,0.009990613907575607
1,1,-1,-1,-1,-1,1,1,-1,1,1,1,1,1,1,-1,-1,-1,-1,-1,0.009990613907575607
1,1,-1,-1,-1,-1,1,1,-1,1,1,1,1,1,1,1,1,1,-1,1,0.009990613907575607
1,1,-1,-1,-1,-1,1,1,1,-1,-1,-1,1,-1,-1,1,-1,1,-1,1,0.009990613907575607
1,1,-1,-1,-1,-1,1,1,1,-1,-1,-1,1,1,1,1,-1,-1,-1,-1,0.009990613907575607
1,1,-1,-1,-1,-1,1,1,1,-1,-1,1,-1,-1,-1,1,-1,-1,1,-1,0.009990613907575607
1,1,-1,-1,-1,-1,1,1,1,-1,-1,1,-1,-1,-1,1,1,-1,-1,-1,0.009990613907575607
1,1,-1,-1,-1,-1,1,1,1,-1,-1,1,-1,-1,1,-1,-1,1,-1,-1,0.009990613907575607
1,1,-1,-1,-1,-1,1,1,1,-1,-1,1,-1,-1,1,1,1,-1,1,-1,0.009990613907575607
1,1,-1,-1,-1,-1,1,1,1,-1,-1,1,1,1,-1,1,1,1,1,-1,0.009990613907575607
1,1,-1,-1,-1,-1,1,1,1,-1,1,-1,-1,-1,-1,1,-1,-1,1,1,0.009990613907575607
1,1,-1,-1,-1,-1,1,1,1,-1,1,-1,-1,1,-1,1,-1,-1,-1,1,0.009990613907575607
1,1,-1,-1,-1,-1,1,1,1,-1,1,-1,1,1,-1,1,-1,-1,1,1,0.009990613907575607
1,1,-1,-1,-1,-1,1,1,1,-1,1,1,-1,-1,-1,1,1,-1,-1,1,0.009990613907575607
1,1,-1,-1,-1,-1,1,1,1,-1,1,1,-1,-1,-1,1,1,1,1,1,0.009990613907575607
1,1,-1,-1,-1,-1,1,1,1,-1,1,1,-1,-1,1,1,1,-1,-1,1,0.009990613907575607
1,1,-1,-1,-1,-1,1,1,1,-1,1,1,1,-1,-1,-1,1,-1,1,-1,0.009990613907575607
1,1,-1,-1,-1,-1,1,1,1,-1,1,1,1,-1,-1,1,1,1,1,-1,0.009990613907575607
1,1,-1,-1,-1,-1,1,1,1,-1,1,1,1,1,-1,1,-1,-1,1,-1,0.009990613907575607
1,1,-1,-1,-1,-1,1,1,1,1,-1,-1,-1,-1,-1,1,1,1,1,1,0.009990613907575607
1,1,-1,-1,-1,-1,1,1,1,1,-1,-1,-1,1,1,-1,1,-1,-1,-1,0.009990613907575607
1,1,-1,-1,-1,-1,1,1,1,1,-1,-1,-1,1,1,1,-1,1,1,1,0.009990613907575607
1,1,-1,-1,-1,-1,1,1,1,1,-1,-1,1,-1,1,1,1,1,-1,1,0.009990613907575607
1,1,-1,-1,-1,-1,1,1,1,1,1,-1,-1,-1,-1,1,1,-1,1,-1,0.009990613907575607
1,1,-1,-1,-1,-1,1,1,1,1,1,1,1,1,-1,-1,-1,1,-1,-1,0.009990613907575607
1,1,-1,-1,-1,1,-1,-1,-1,-1,-1,-1,-1,-1,-1,-1,1,-1,1,1,0.009990613907575607
1,1,-1,-1,-1,1,-1,-1,-1,-1,-1,-1,-1,1,-1,-1,1,1,-1,-1,0.009990613907575607
1,1,-1,-1,-1,1,-1,-1,-1,-1,-1,-1,1,-1,-1,-1,1,-1,1,1,0.009990613907575607
1,1,-1,-1,-1,1,-1,-1,-1,-1,-1,1,-1,-1,1,1,1,1,1,1,0.009990613907575607
1,1,-1,-1,-1,1,-1,-1,-1,-1,-1,1,1,-1,-1,-1,1,1,-1,1,0.009990613907575607
1,1,-1,-1,-1,1,-1,-1,-1,-1,-1,1,1,1,-1,1,-1,1,-1,-1,0.009990613907575607
1,1,-1,-1,-1,1,-1,-1,-1,-1,-1,1,1,1,1,1,1,-1,-1,-1,0.009990613907575607
1,1,-1,-1,-1,1,-1,-1,-1,-1,1,-1,-1,1,1,1,-1,1,-1,1,0.009990613907575607
1,1,-1,-1,-1,1,-1,-1,-1,-1,1,-1,1,-1,-1,1,-1,-1,1,1,0.009990613907575607
1,1,-1,-1,-1,1,-1,-1,-1,-1,1,-1,1,-1,1,-1,-1,-1,1,1,0.009990613907575607
1,1,-1,-1,-1,1,-1,-1,-1,-1,1,1,1,-1,-1,1,-1,-1,-1,1,0.009990613907575607
1,1,-1,-1,-1,1,-1,-1,-1,-1,1,1,1,-1,1,-1,-1,-1,-1,-1,0.009990613907575607
1,1,-1,-1,-1,1,-1,-1,-1,-1,1,1,1,-1,1,-1,-1,-1,1,-1,0.009990613907575607
1,1,-1,-1,-1,1,-1,-1,-1,1,-1,-1,1,-1,1,1,1,1,1,1,0.009990613907575607
1,1,-1,-1,-1,1,-1,-1,-1,1,-1,1,-1,1,1,1,-1,-1,-1,-1,0.009990613907575607
1,1,-1,-1,-1,1,-1,-1,-1,1,-1,1,-1,1,1,1,-1,-1,-1,1,0.009990613907575607
1,1,-1,-1,-1,1,-1,-1,-1,1,-1,1,1,-1,1,-1,-1,-1,-1,-1,0.009990613907575607
1,1,-1,-1,-1,1,-1,-1,-1,1,-1,1,1,1,-1,1,1,1,-1,1,0.009990613907575607
1,1,-1,-1,-1,1,-1,-1,-1,1,-1,1,1,1,1,1,1,1,1,-1,0.009990613907575607
1,1,-1,-1,-1,1,-1,-1,-1,1,1,-1,-1,-1,-1,-1,-1,-1,1,-1,0.009990613907575607
1,1,-1,-1,-1,1,-1,-1,-1,1,1,-1,-1,-1,1,-1,1,1,-1,-1,0.009990613907575607
1,1,-1,-1,-1,1,-1,-1,-1,1,1,-1,-1,1,-1,-1,-1,1,-1,-1,0.009990613907575607
1,1,-1,-1,-1,1,-1,-1,-1,1,1,1,-1,1,1,1,1,1,-1,1,0.009990613907575607
1,1,-1,-1,-1,1,-1,-1,1,-1,-1,-1,-1,-1,-1,-1,-1,1,1,-1,0.009990613907575607
1,1,-1,-1,-1,1,-1,-1,1,-1,-1,-1,-1,-1,1,1,-1,1,-1,-1,0.009990613907575607
1,1,-1,-1,-1,1,-1,-1,1,-1,-1,-1,1,1,-1,1,1,1,-1,1,0.009990613907575607
1,1,-1,-1,-1,1,-1,-1,1,-1,1,-1,1,1,-1,1,-1,1,1,1,0.009990613907575607
1,1,-1,-1,-1,1,-1,-1,1,-1,1,1,-1,-1,-1,1,1,-1,-1,-1,0.009990613907575607
1,1,-1,-1,-1,1,-1,-1,1,-1,1,1,1,-1,-1,-1,1,1,-1,-1,0.009990613907575607
1,1,-1,-1,-1,1,-1,-1,1,-1,1,1,1,-1,1,1,-1,-1,1,1,0.009990613907575607
1,1,-1,-1,-1,1,-1,-1,1,-1,1,1,1,1,-1,1,1,1,1,-1,0.009990613907575607
1,1,-1,-1,-1,1,-1,-1,1,1,-1,-1,-1,-1,1,1,1,-1,1,1,0.009990613907575607
1,1,-1,-1,-1,1,-1,-1,1,1,-1,1,-1,-1,1,-1,1,-1,1,-1,0.009990613907575607
1,1,-1,-1,-1,1,-1,-1,1,1,-1,1,-1,1,-1,1,-1,-1,1,-1,0.009990613907575607
1,1,-1,-1,-1,1,-1,-1,1,1,-1,1,1,1,1,1,-1,1,1,-1,0.009990613907575607
1,1,-1,-1,-1,1,-1,-1,1,1,1,-1,-1,1,-1,1,-1,1,-1,1,0.009990613907575607
1,1,-1,-1,-1,1,-1,-1,1,1,1,-1,1,-1,-1,-1,-1,1,-1,1,0.009990613907575607
1,1,-1,-1,-1,1,-1,-1,1,1,1,-1,1,1,-1,1,1,1,-1,-1,0.009990613907575607
1,1,-1,-1,-1,1,-1,-1,1,1,1,-1,1,1,1,1,-1,1,-1,-1,0.009990613907575607
1,1,-1,-1,-1,1,-1,-1,1,1,1,1,-1,-1,1,-1,1,-1,-1,1,0.009990613907575607
1,1,-1,-1,-1,1,-1,-1,1,1,1,1,-1,-1,1,-1,1,1,-1,-1,0.009990613907575607
1,1,-1,-1,-1,1,-1,-1,1,1,1,1,-1,1,1,1,-1,-1,-1,-1,0.009990613907575607
1,1,-1,-1,-1,1,-1,-1,1,1,1,1,1,-1,-1,-1,-1,1,1,-1,0.009990613907575607
1,1,-1,-1,-1,1,-1,-1,1,1,1,1,1,1,1,-1,-1,-1,1,-1,0.009990613907575607
1,1,-1,-1,-1,1,-1,1,-1,-1,-1,-1,-1,-1,1,1,1,1,-1,1,0.009990613907575607
1,1,-1,-1,-1,1,-1,1,-1,-1,-1,-1,-1,1,-1,1,-1,1,-1,-1,0.009990613907575607
1,1,-1,-1,-1,1,-1,1,-1,-1,-1,-1,-1,1,1,-1,-1,1,1,-1,0.009990613907575607
1,1,-1,-1,-1,1,-1,1,-1,-1,-1,1,-1,-1,-1,-1,1,1,-1,1,0.009990613907575607
1,1,-1,-1,-1,1,-1,1,-1,-1,-1,1,-1,1,1,1,1,1,-1,1,0.009990613907575607
1,1,-1,-1,-1,1,-1,1,-1,-1,-1,1,1,1,-1,1,1,1,1,-1,0.009990613907575607
1,1,-1,-1,-1,1,-1,1,-1,-1,1,-1,-1,1,1,-1,1,1,-1,1,0.009990613907575607
1,1,-1,-1,-1,1,-1,1,-1,-1,1,-1,-1,1,1,1,1,1,-1,1,0.009990613907575607
1,1,-1,-1,-1,1,-1,1,-1,-1,1,-1,1,-1,1,-1,1,1,-1,-1,0.009990613907575607
1,1,-1,-1,-1,1,-1,1,-1,-1,1,-1,1,-1,1,1,-1,1,1,1,0.009990613907575607
1,1,-1,-1,-1,1,-1,1,-1,-1,1,1,-1,1,1,-1,1,1,-1,1,0.009990613907575607
1,1,-1,-1,-1,1,-1,1,-1,-1,1,1,1,-1,-1,1,-1,1,1,1,0.009990613907575607
1,1,-1,-1,-1,1,-1,1,-1,-1,1,1,1,-1,1,-1,-1,-1,1,1,0.009990613907575607
1,1,-1,-1,-1,1,-1,1,-1,-1,1,1,1,-1,1,1,-1,1,1,1,0.009990613907575607
1,1,-1,-1,-1,1,-1,1,-1,-1,1,1,1,1,-1,1,1,1,-1,1,0.009990613907575607
1,1,-1,-1,-1,1,-1,1,-1,1,-1,-1,-1,1,1,-1,1,-1,1,1,0.009990613907575607
1,1,-1,-1,-1,1,-1,1,-1,1,-1,1,-1,1,-1,1,1,-1,1,1,0.009990613907575607
1,1,-1,-1,-1,1,-1,1,-1,1,-1,1,-1,1,-1,1,1,1,1,-1,0.009990613907575607
1,1,-1,-1,-1,1,-1,1,-1,1,-1,1,1,1,-1,1,-1,-1,-1,1,0.009990613907575607
1,1,-1,-1,-1,1,-1,1,-1,1,1,-1,-1,-1,1,-1,1,-1,-1,1,0.009990613907575607
1,1,-1,-1,-1,1,-1,1,-1,1,1,-1,-1,-1,1,1,-1,1,-1,1,0.009990613907575607
1,1,-1,-1,-1,1,-1,1,-1,1,1,-1,-1,1,1,1,-1,-1,1,-1,0.009990613907575607
1,1,-1,-1,-1,1,-1,1,-1,1,1,1,1,-1,-1,-1,-1,-1,1,-1,0.009990613907575607
1,1,-1,-1,-1,1,-1,1,1,-1,-1,-1,-1,1,-1,1,1,1,1,-1,0.009990613907575607
1,1,-1,-1,-1,1,-1,1,1,-1,-1,-1,1,-1,-1,-1,-1,-1,-1,1,0.009990613907575607
1,1,-1,-1,-1,1,-1,1,1,-1,-1,-1,1,-1,1,1,1,-1,-1,1,0.009990613907575607
1,1,-1,-1,-1,1,-1,1,1,-1,-1,-1,1,1,-1,1,-1,-1,1,-1,0.009990613907575607
1,1,-1,-1,-1,1,-1,1,1,-1,-1,1,1,1,1,-1,-1,1,1,-1,0.009990613907575607
1,1,-1,-1,-1,1,-1,1,1,-1,1,-1,-1,-1,-1,1,-1,1,1,1,0.009990613907575607
1,1,-1,-1,-1,1,-1,1,1,-1,1,-1,-1,-1,1,1,-1,1,1,-1,0.009990613907575607
1,1,-1,-1,-1,1,-1,1,1,-1,1,-1,-1,1,-1,-1,-1,-1,1,1,0.009990613907575607
1,1,-1,-1,-1,1,-1,1,1,-1,1,-1,1,-1,1,-1,1,-1,-1,-1,0.009990613907575607
1,1,-1,-1,-1,1,-1,1,1,-1,1,-1,1,-1,1,1,-1,-1,-1,-1,0.009990613907575607
1,1,-1,-1,-1,1,-1,1,1,-1,1,1,-1,-1,-1,1,1,-1,1,-1,0.009990613907575607
1,1,-1,-1,-1,1,-1,1,1,-1,1,1,-1,1,-1,-1,-1,1,1,-1,0.009990613907575607
1,1,-1,-1,-1,1,-1,1,1,-1,1,1,1,1,1,-1,-1,1,1,1,0.009990613907575607
1,1,-1,-1,-1,1,-1,1,1,-1,1,1,1,1,1,1,1,-1,-1,-1,0.009990613907575607
1,1,-1,-1,-1,1,-1,1,1,1,-1,-1,1,-1,-1,1,1,-1,1,1,0.009990613907575607
1,1,-1,-1,-1,1,-1,1,1,1,-1,-1,1,-1,1,-1,1,-1,1,1,0.009990613907575607
1,1,-1,-1,-1,1,-1,1,1,1,-1,-1,1,1,-1,1,1,-1,1,-1,0.009990613907575607
1,1,-1,-1,-1,1,-1,1,1,1,-1,1,-1,1,-1,1,-1,1,-1,-1,0.009990613907575607
1,1,-1,-1,-1,1,-1,1,1,1,-1,1,1,-1,-1,-1,-1,-1,-1,1,0.009990613907575607
1,1,-1,-1,-1,1,-1,1,1,1,-1,1,1,-1,-1,1,-1,-1,-1,1,0.009990613907575607
1,1,-1,-1,-1,1,-1,1,1,1,-1,1,1,1,1,-1,-1,-1,1,-1,0.009990613907575607
1,1,-1,-1,-1,1,-1,1,1,1,1,-1,-1,-1,-1,-1,-1,-1,1,-1,0.009990613907575607
1,1,-1,-1,-1,1,-1,1,1,1,1,-1,1,-1,1,-1,1,-1,-1,1,0.009990613907575607
1,1,-1,-1,-1,1,-1,1,1,1,1,-1,1,-1,1,1,-1,-1,1,1,0.009990613907575607
1,1,-1,-1,-1,1,-1,1,1,1,1,1,-1,-1,1,1,1,1,-1,1,0.009990613907575607
1,1,-1,-1,-1,1,1,-1,-1,-1,-1,-1,-1,-1,1,1,-1,-1,1,-1,0.009990613907575607
1,1,-1,-1,-1,1,1,-1,-1,-1,-1,-1,1,1,-1,1,-1,-1,1,-1,0.009990613907575607
1,1,-1,-1,-1,1,1,-1,-1,-1,-1,1,-1,-1,1,-1,-1,-1,1,1,0.009990613907575607
1,1,-1,-1,-1,1,1,-1,-1,-1,1,-1,-1,-1,1,-1,-1,1,1,-1,0.009990613907575607
1,1,-1,-1,-1,1,1,-1,-1,-1,1,-1,-1,-1,1,1,-1,-1,-1,-1,0.009990613907575607
1,1,-1,-1,-1,1,1,-1,-1,-1,1,-1,-1,-1,1,1,1,-1,1,-1,0.009990613907575607
1,1,-1,-1,-1,1,1,-1,-1,-1,1,-1,-1,1,-1,-1,1,1,-1,1,0.009990613907575607
1,1,-1,-1,-1,1,1,-1,-1,-1,1,1,-1,-1,1,1,-1,1,1,1,0.009990613907575607
1,1,-1,-1,-1,1,1,-1,-1,-1,1,1,1,-1,1,-1,-1,-1,-1,-1,0.009990613907575607
1,1,-1,-1,-1,1,1,-1,-1,1,-1,-1,-1,-1,-1,-1,-1,-1,1,-1,0.009990613907575607
1,1,-1,-1,-1,1,1,-1,-1,1,-1,-1,1,-1,1,-1,-1,1,1,-1,0.009990613907575607
1,1,-1,-1,-1,1,1,-1,-1,1,-1,1,-1,1,-1,-1,1,1,1,1,0.009990613907575607
1,1,-1,-1,-1,1,1,-1,-1,1,-1,1,-1,1,-1,1,1,-1,-1,-1,0.009990613907575607
1,1,-1,-1,-1,1,1,-1,-1,1,-1,1,-1,1,1,-1,-1,1,-1,-1,0.009990613907575607
1,1,-1,-1,-1,1,1,-1,-1,1,-1,1,1,-1,-1,1,1,1,-1,-1,0.009990613907575607
1,1,-1,-1,-1,1,1,-1,-1,1,1,-1,-1,-1,-1,1,1,-1,1,1,0.009990613907575607
1,1,-1,-1,-1,1,1,-1,-1,1,1,-1,-1,1,1,-1,-1,-1,1,-1,0.009990613907575607
1,1,-1,-1,-1,1,1,-1,-1,1,1,-1,-1,1,1,1,1,-1,1,1,0.009990613907575607
1,1,-1,-1,-1,1,1,-1,-1,1,1,-1,1,-1,-1,-1,1,-1,1,1,0.009990613907575607
1,1,-1,-1,-1,1,1,-1,-1,1,1,1,-1,-1,-1,1,1,1,-1,1,0.009990613907575607
1,1,-1,-1,-1,1,1,-1,-1,1,1,1,1,-1,1,-1,1,-1,1,-1,0.009990613907575607
1,1,-1,-1,-1,1,1,-1,-1,1,1,1,1,1,1,-1,-1,-1,1,1,0.009990613907575607
1,1,-1,-1,-1,1,1,-1,1,-1,-1,-1,-1,1,1,-1,1,-1,1,1,0.009990613907575607
1,1,-1,-1,-1,1,1,-1,1,-1,-1,-1,-1,1,1,1,-1,1,-1,1,0.009990613907575607
1,1,-1,-1,-1,1,1,-1,1,-1,-1,1,1,-1,-1,-1,-1,1,-1,-1,0.009990613907575607
1,1,-1,-1,-1,1,1,-1,1,-1,-1,1,1,-1,-1,1,1,1,-1,-1,0.009990613907575607
1,1,-1,-1,-1,1,1,-1,1,-1,-1,1,1,1,-1,1,1,-1,1,1,0.009990613907575607
1,1,-1,-1,-1,1,1,-1,1,-1,-1,1,1,1,1,-1,1,-1,-1,-1,0.009990613907575607
1,1,-1,-1,-1,1,1,-1,1,-1,1,-1,-1,-1,1,-1,1,1,1,-1,0.009990613907575607
1,1,-1,-1,-1,1,1,-1,1,-1,1,-1,-1,-1,1,1,1,1,-1,-1,0.009990613907575607
1,1,-1,-1,-1,1,1,-1,1,-1,1,-1,-1,1,-1,-1,-1,1,-1,-1,0.009990613907575607
1,1,-1,-1,-1,1,1,-1,1,-1,1,-1,-1,1,-1,-1,1,1,1,1,0.009990613907575607
1,1,-1,-1,-1,1,1,-1,1,-1,1,1,-1,-1,1,1,1,-1,-1,1,0.009990613907575607
1,1,-1,-1,-1,1,1,-1,1,-1,1,1,-1,1,-1,1,1,1,-1,1,0.009990613907575607
1,1,-1,-1,-1,1,1,-1,1,-1,1,1,-1,1,1,1,1,1,-1,1,0.009990613907575607
1,1,-1,-1,-1,1,1,-1,1,-1,1,1,1,-1,1,1,-1,1,-1,-1,0.009990613907575607
1,1,-1,-1,-1,1,1,-1,1,-1,1,1,1,1,-1,-1,-1,1,1,1,0.009990613907575607
1,1,-1,-1,-1,1,1,-1,1,1,-1,-1,1,-1,-1,-1,1,-1,1,-1,0.009990613907575607
1,1,-1,-1,-1,1,1,-1,1,1,-1,-1,1,1,-1,-1,1,-1,1,1,0.009990613907575607
1,1,-1,-1,-1,1,1,-1,1,1,-1,-1,1,1,-1,1,-1,-1,-1,-1,0.009990613907575607
1,1,-1,-1,-1,1,1,-1,1,1,-1,-1,1,1,1,-1,-1,1,-1,1,0.009990613907575607
1,1,-1,-1,-1,1,1,-1,1,1,-1,1,-1,1,1,-1,-1,1,-1,-1,0.009990613907575607
1,1,-1,-1,-1,1,1,-1,1,1,-1,1,1,1,-1,-1,1,-1,-1,1,0.009990613907575607
1,1,-1,-1,-1,1,1,-1,1,1,-1,1,1,1,1,-1,1,-1,1,-1,0.009990613907575607
1,1,-1,-1,-1,1,1,-1,1,1,1,-1,-1,-1,-1,-1,-1,-1,1,-1,0.009990613907575607
1,1,-1,-1,-1,1,1,-1,1,1,1,-1,-1,-1,-1,1,1,1,1,1,0.009990613907575607
1,1,-1,-1,-1,1,1,-1,1,1,1,-1,-1,-1,1,-1,1,1,1,1,0.009990613907575607
1,1,-1,-1,-1,1,1,-1,1,1,1,-1,-1,1,1,1,-1,-1,1,-1,0.009990613907575607
1,1,-1,-1,-1,1,1,-1,1,1,1,1,-1,1,1,-1,-1,1,-1,-1,0.009990613907575607
1,1,-1,-1,-1,1,1,-1,1,1,1,1,1,1,-1,1,1,1,-1,-1,0.009990613907575607
1,1,-1,-1,-1,1,1,1,-1,-1,-1,-1,1,-1,1,-1,-1,-1,-1,1,0.009990613907575607
1,1,-1,-1,-1,1,1,1,-1,-1,-1,-1,1,-1,1,1,-1,-1,-1,1,0.009990613907575607
1,1,-1,-1,-1,1,1,1,-1,-1,-1,1,-1,1,-1,-1,-1,-1,-1,-1,0.009990613907575607
1,1,-1,-1,-1,1,1,1,-1,-1,-1,1,-1,1,1,1,-1,1,-1,-1,0.009990613907575607
1,1,-1,-1,-1,1,1,1,-1,-1,1,-1,1,1,-1,1,1,1,1,1,0.009990613907575607
1,1,-1,-1,-1,1,1,1,-1,-1,1,-1,1,1,1,-1,-1,1,-1,-1,0.009990613907575607
1,1,-1,-1,-1,1,1,1,-1,-1,1,1,1,-1,-1,-1,1,-1,1,1,0.009990613907575607
1,1,-1,-1,-1,1,1,1,-1,-1,1,1,1,-1,-1,1,-1,-1,-1,-1,0.009990613907575607
1,1,-1,-1,-1,1,1,1,-1,1,-1,-1,-1,1,1,1,-1,1,1,-1,0.009990613907575607
1,1,-1,-1,-1,1,1,1,-1,1,-1,-1,1,-1,-1,-1,-1,1,-1,1,0.009990613907575607
1,1,-1,-1,-1,1,1,1,-1,1,-1,-1,1,1,1,1,-1,1,-1,1,0.009990613907575607
1,1,-1,-1,-1,1,1,1,-1,1,-1,-1,1,1,1,1,1,1,1,1,0.009990613907575607
1,1,-1,-1,-1,1,1,1,-1,1,-1,1,1,-1,-1,1,1,1,-1,-1,0.009990613907575607
1,1,-1,-1,-1,1,1,1,-1,1,-1,1,1,1,1,1,-1,-1,-1,1,0.009990613907575607
1,1,-1,-1,-1,1,1,1,-1,1,1,-1,-1,1,-1,1,-1,-1,1,1,0.009990613907575607
1,1,-1,-1,-1,1,1,1,-1,1,1,-1,1,1,1,-1,1,1,1,1,0.009990613907575607
1,1,-1,-1,-1,1,1,1,-1,1,1,1,-1,-1,-1,-1,-1,-1,1,1,0.009990613907575607
1,1,-1,-1,-1,1,1,1,-1,1,1,1,1,-1,1,1,-1,-1,1,-1,0.009990613907575607
1,1,-1,-1,-1,1,1,1,-1,1,1,1,1,1,-1,-1,-1,-1,-1,-1,0.009990613907575607
1,1,-1,-1,-1,1,1,1,1,-1,-1,-1,-1,-1,1,-1,1,-1,1,-1,0.009990613907575607
1,1,-1,-1,-1,1,1,1,1,-1,-1,-1,-1,1,-1,1,-1,1,-1,1,0.009990613907575607
1,1,-1,-1,-1,1,1,1,1,-1,-1,-1,1,-1,-1,1,1,-1,-1,-1,0.009990613907575607
1,1,-1,-1,-1,1,1,1,1,-1,-1,-1,1,1,-1,1,-1,1,-1,-1,0.009990613907575607
1,1,-1,-1,-1,1,1,1,1,-1,-1,-1,1,1,1,1,1,-1,-1,-1,0.009990613907575607
1,1,-1,-1,-1,1,1,1,1,-1,-1,1,1,-1,1,1,1,-1,-1,-1,0.009990613907575607
1,1,-1,-1,-1,1,1,1,1,-1,1,-1,-1,-1,1,-1,1,1,1,1,0.009990613907575607
1,1,-1,-1,-1,1,1,1,1,-1,1,-1,-1,-1,1,1,1,1,1,1,0.009990613907575607
1,1,-1,-1,-1,1,1,1,1,-1,1,1,1,-1,-1,-1,-1,-1,-1,-1,0.009990613907575607
1,1,-1,-1,-1,1,1,1,1,-1,1,1,1,-1,-1,1,1,1,-1,-1,0.009990613907575607
1,1,-1,-1,-1,1,1,1,1,-1,1,1,1,-1,1,1,1,1,-1,1,0.009990613907575607
1,1,-1,-1,-1,1,1,1,1,1,-1,-1,-1,-1,1,-1,1,-1,-1,1,0.009990613907575607
1,1,-1,-1,-1,1,1,1,1,1,-1,-1,1,-1,-1,1,-1,-1,1,1,0.009990613907575607
1,1,-1,-1,-1,1,1,1,1,1,-1,1,1,-1,1,-1,1,-1,1,1,0.009990613907575607
1,1,-1,-1,-1,1,1,1,1,1,1,-1,1,-1,1,-1,1,1,1,1,0.009990613907575607
1,1,-1,-1,-1,1,1,1,1,1,1,-1,1,1,-1,1,-1,-1,-1,1,0.009990613907575607
1,1,-1,-1,-1,1,1,1,1,1,1,1,-1,-1,-1,-1,1,-1,1,1,0.009990613907575607
1,1,-1,-1,-1,1,1,1,1,1,1,1,1,1,1,1,1,-1,-1,-1,0.009990613907575607
1,1,-1,-1,1,-1,-1,-1,-1,-1,-1,-1,-1,-1,-1,1,1,-1,-1,1,0.009990613907575607
1,1,-1,-1,1,-1,-1,-1,-1,-1,-1,-1,-1,1,1,-1,-1,1,-1,1,0.009990613907575607
1,1,-1,-1,1,-1,-1,-1,-1,-1,-1,-1,1,1,1,1,-1,-1,-1,1,0.009990613907575607
1,1,-1,-1,1,-1,-1,-1,-1,-1,-1,1,-1,1,-1,-1,-1,-1,1,1,0.009990613907575607
1,1,-1,-1,1,-1,-1,-1,-1,-1,-1,1,1,1,-1,1,-1,-1,1,1,0.009990613907575607
1,1,-1,-1,1,-1,-1,-1,-1,-1,1,-1,-1,1,-1,-1,1,-1,1,1,0.009990613907575607
1,1,-1,-1,1,-1,-1,-1,-1,-1,1,-1,-1,1,1,-1,-1,1,-1,-1,0.009990613907575607
1,1,-1,-1,1,-1,-1,-1,-1,-1,1,-1,1,-1,-1,1,-1,1,-1,1,0.009990613907575607
1,1,-1,-1,1,-1,-1,-1,-1,-1,1,-1,1,1,1,1,1,1,1,1,0.009990613907575607
1,1,-1,-1,1,-1,-1,-1,-1,-1,1,1,-1,-1,1,-1,1,1,-1,1,0.009990613907575607
1,1,-1,-1,1,-1,-1,-1,-1,1,-1,-1,-1,-1,1,-1,-1,1,1,1,0.009990613907575607
1,1,-1,-1,1,-1,-1,-1,-1,1,-1,-1,-1,1,1,-1,1,-1,1,1,0.009990613907575607
1,1,-1,-1,1,-1,-1,-1,-1,1,-1,-1,1,-1,-1,1,1,1,1,1,0.009990613907575607
1,1,-1,-1,1,-1,-1,-1,-1,1,-1,-1,1,-1,1,-1,-1,1,-1,-1,0.009990613907575607
1,1,-1,-1,1,-1,-1,-1,-1,1,-1,-1,1,-1,1,1,1,1,-1,1,0.009990613907575607
1,1,-1,-1,1,-1,-1,-1,-1,1,-1,-1,1,1,-1,-1,1,1,-1,1,0.009990613907575607
1,1,-1,-1,1,-1,-1,-1,-1,1,-1,1,1,-1,-1,1,1,1,1,1,0.009990613907575607
1,1,-1,-1,1,-1,-1,-1,-1,1,-1,1,1,1,1,1,1,-1,1,-1,0.009990613907575607
1,1,-1,-1,1,-1,-1,-1,-1,1,1,1,-1,1,1,-1,1,-1,1,-1,0.009990613907575607
1,1,-1,-1,1,-1,-1,-1,1,-1,-1,-1,-1,-1,-1,1,1,-1,1,1,0.009990613907575607
1,1,-1,-1,1,-1,-1,-1,1,-1,-1,-1,1,-1,1,-1,1,1,1,-1,0.009990613907575607
1,1,-1,-1,1,-1,-1,-1,1,-1,-1,-1,1,1,-1,-1,-1,-1,-1,1,0.009990613907575607
1,1,-1,-1,1,-1,-1,-1,1,-1,1,-1,-1,-1,-1,-1,-1,-1,1,-1,0.009990613907575607
1,1,-1,-1,1,-1,-1,-1,1,-1,1,-1,-1,-1,-1,1,1,-1,-1,-1,0.009990613907575607
1,1,-1,-1,1,-1,-1,-1,1,-1,1,-1,1,1,-1,1,-1,-1,1,-1,0.009990613907575607
1,1,-1,-1,1,-1,-1,-1,1,-1,1,1,-1,1,1,1,-1,-1,-1,-1,0.009990613907575607
1,1,-1,-1,1,-1,-1,-1,1,1,-1,-1,-1,-1,-1,1,1,1,1,-1,0.009990613907575607
1,1,-1,-1,1,-1,-1,-1,1,1,-1,-1,-1,1,1,-1,1,-1,1,1,0.009990613907575607
1,1,-1,-1,1,-1,-1,-1,1,1,-1,-1,1,-1,1,-1,1,1,-1,-1,0.009990613907575607
1,1,-1,-1,1,-1,-1,-1,1,1,-1,-1,1,1,-1,-1,-1,-1,1,1,0.009990613907575607
1,1,-1,-1,1,-1,-1,-1,1,1,-1,-1,1,1,1,1,-1,-1,1,1,0.009990613907575607
1,1,-1,-1,1,-1,-1,-1,1,1,-1,1,-1,-1,-1,1,1,1,1,-1,0.009990613907575607
1,1,-1,-1,1,-1,-1,-1,1,1,1,-1,-1,-1,-1,-1,-1,1,1,1,0.009990613907575607
1,1,-1,-1,1,-1,-1,-1,1,1,1,-1,-1,1,-1,-1,1,1,-1,-1,0.009990613907575607
1,1,-1,-1,1,-1,-1,-1,1,1,1,-1,1,1,1,-1,1,-1,1,1,0.009990613907575607
1,1,-1,-1,1,-1,-1,-1,1,1,1,1,-1,-1,-1,1,1,-1,1,-1,0.009990613907575607
1,1,-1,-1,1,-1,-1,-1,1,1,1,1,-1,1,1,-1,1,1,1,-1,0.009990613907575607
1,1,-1,-1,1,-1,-1,-1,1,1,1,1,1,-1,1,1,-1,-1,1,1,0.009990613907575607
1,1,-1,-1,1,-1,-1,-1,1,1,1,1,1,1,-1,-1,-1,-1,1,-1,0.009990613907575607
1,1,-1,-1,1,-1,-1,-1,1,1,1,1,1,1,-1,1,-1,1,1,-1,0.009990613907575607
1,1,-1,-1,1,-1,-1,1,-1,-1,-1,-1,-1,-1,1,-1,-1,-1,1,-1,0.009990613907575607
1,1,-1,-1,1,-1,-1,1,-1,-1,-1,-1,1,1,-1,1,1,-1,-1,-1,0.009990613907575607
1,1,-1,-1,1,-1,-1,1,-1,-1,-1,1,-1,-1,1,-1,-1,-1,-1,1,0.009990613907575607
1,1,-1,-1,1,-1,-1,1,-1,-1,-1,1,1,-1,-1,1,-1,-1,-1,-1,0.009990613907575607
1,1,-1,-1,1,-1,-1,1,-1,-1,1,-1,-1,1,-1,1,1,-1,-1,1,0.009990613907575607
1,1,-1,-1,1,-1,-1,1,-1,-1,1,1,-1,-1,-1,-1,1,1,1,1,0.009990613907575607
1,1,-1,-1,1,-1,-1,1,-1,-1,1,1,-1,-1,1,-1,1,-1,1,-1,0.009990613907575607
1,1,-1,-1,1,-1,-1,1,-1,-1,1,1,-1,1,1,-1,1,-1,1,-1,0.009990613907575607
1,1,-1,-1,1,-1,-1,1,-1,-1,1,1,-1,1,1,1,-1,1,-1,1,0.009990613907575607
1,1,-1,-1,1,-1,-1,1,-1,-1,1,1,1,1,1,-1,1,-1,-1,1,0.009990613907575607
1,1,-1,-1,1,-1,-1,1,-1,-1,1,1,1,1,1,1,-1,1,1,1,0.009990613907575607
1,1,-1,-1,1,-1,-1,1,-1,1,-1,-1,-1,-1,1,-1,1,-1,1,1,0.009990613907575607
1,1,-1,-1,1,-1,-1,1,-1,1,-1,-1,-1,1,1,1,-1,1,-1,1,0.009990613907575607
1,1,-1,-1,1,-1,-1,1,-1,1,-1,-1,1,-1,-1,1,-1,-1,-1,-1,0.009990613907575607
1,1,-1,-1,1,-1,-1,1,-1,1,-1,1,-1,-1,1,1,-1,-1,1,-1,0.009990613907575607
1,1,-1,-1,1,-1,-1,1,-1,1,-1,1,-1,-1,1,1,1,1,1,-1,0.009990613907575607
1,1,-1,-1,1,-1,-1,1,-1,1,-1,1,1,-1,-1,-1,1,1,-1,1,0.009990613907575607
1,1,-1,-1,1,-1,-1,1,-1,1,-1,1,1,1,-1,-1,-1,1,-1,-1,0.009990613907575607
1,1,-1,-1,1,-1,-1,1,-1,1,1,-1,-1,-1,-1,1,1,-1,-1,-1,0.009990613907575607
1,1,-1,-1,1,-1,-1,1,-1,1,1,1,1,-1,1,-1,-1,1,-1,-1,0.009990613907575607
1,1,-1,-1,1,-1,-1,1,1,-1,-1,1,1,-1,1,1,1,1,-1,1,0.009990613907575607
1,1,-1,-1,1,-1,-1,1,1,-1,1,-1,-1,1,1,-1,-1,-1,-1,-1,0.009990613907575607
1,1,-1,-1,1,-1,-1,1,1,-1,1,-1,1,-1,-1,1,1,-1,-1,1,0.009990613907575607
1,1,-1,-1,1,-1,-1,1,1,-1,1,-1,1,-1,1,1,1,1,-1,-1,0.009990613907575607
1,1,-1,-1,1,-1,-1,1,1,-1,1,1,1,-1,-1,-1,1,1,1,1,0.009990613907575607
1,1,-1,-1,1,-1,-1,1,1,1,-1,-1,-1,1,-1,-1,-1,-1,-1,-1,0.009990613907575607
1,1,-1,-1,1,-1,-1,1,1,1,-1,-1,1,-1,-1,-1,-1,1,-1,-1,0.009990613907575607
1,1,-1,-1,1,-1,-1,1,1,1,-1,1,1,1,-1,1,1,-1,1,-1,0.009990613907575607
1,1,-1,-1,1,-1,-1,1,1,1,1,-1,-1,-1,-1,1,1,1,1,-1,0.009990613907575607
1,1,-1,-1,1,-1,-1,1,1,1,1,-1,-1,1,-1,-1,-1,-1,1,-1,0.009990613907575607
1,1,-1,-1,1,-1,-1,1,1,1,1,1,-1,1,1,1,1,1,1,1,0.009990613907575607
1,1,-1,-1,1,-1,-1,1,1,1,1,1,1,-1,1,-1,-1,1,1,-1,0.009990613907575607
1,1,-1,-1,1,-1,-1,1,1,1,1,1,1,-1,1,1,1,-1,-1,-1,0.009990613907575607
1,1,-1,-1,1,-1,1,-1,-1,-1,-1,-1,-1,1,1,1,1,1,1,1,0.009990613907575607
1,1,-1,-1,1,-1,1,-1,-1,-1,-1,-1,1,-1,1,-1,1,1,-1,1,0.009990613907575607
1,1,-1,-1,1,-1,1,-1,-1,-1,-1,-1,1,1,-1,-1,1,-1,-1,-1,0.009990613907575607
1,1,-1,-1,1,-1,1,-1,-1,-1,-1,1,1,-1,1,1,1,1,1,1,0.009990613907575607
1,1,-1,-1,1,-1,1,-1,-1,-1,-1,1,1,1,-1,-1,-1,1,-1,1,0.009990613907575607
1,1,-1,-1,1,-1,1,-1,-1,-1,-1,1,1,1,-1,1,-1,1,1,-1,0.009990613907575607
1,1,-1,-1,1,-1,1,-1,-1,-1,1,-1,-1,1,-1,-1,1,-1,1,-1,0.009990613907575607
1,1,-1,-1,1,-1,1,-1,-1,-1,1,-1,-1,1,-1,1,1,-1,-1,-1,0.009990613907575607
1,1,-1,-1,1,-1,1,-1,-1,-1,1,1,-1,1,-1,1,1,-1,-1,1,0.009990613907575607
1,1,-1,-1,1,-1,1,-1,-1,-1,1,1,1,-1,1,-1,1,-1,1,1,0.009990613907575607
1,1,-1,-1,1,-1,1,-1,-1,1,-1,-1,-1,-1,1,-1,1,-1,-1,-1,0.009990613907575607
1,1,-1,-1,1,-1,1,-1,-1,1,-1,-1,1,1,1,-1,1,1,1,1,0.009990613907575607
1,1,-1,-1,1,-1,1,-1,-1,1,-1,1,1,1,-1,-1,-1,-1,1,1,0.009990613907575607
1,1,-1,-1,1,-1,1,-1,-1,1,-1,1,1,1,-1,-1,-1,1,1,1,0.009990613907575607
1,1,-1,-1,1,-1,1,-1,-1,1,1,-1,-1,1,-1,1,-1,1,-1,-1,0.009990613907575607
1,1,-1,-1,1,-1,1,-1,-1,1,1,-1,1,1,1,1,-1,1,-1,-1,0.009990613907575607
1,1,-1,-1,1,-1,1,-1,1,-1,-1,-1,-1,-1,-1,-1,1,1,-1,-1,0.009990613907575607
1,1,-1,-1,1,-1,1,-1,1,-1,-1,-1,-1,1,-1,-1,1,1,-1,1,0.009990613907575607
1,1,-1,-1,1,-1,1,-1,1,-1,-1,-1,-1,1,1,-1,-1,-1,1,1,0.009990613907575607
1,1,-1,-1,1,-1,1,-1,1,-1,-1,1,-1,1,-1,-1,-1,-1,1,-1,0.009990613907575607
1,1,-1,-1,1,-1,1,-1,1,-1,-1,1,-1,1,1,1,1,1,1,-1,0.009990613907575607
1,1,-1,-1,1,-1,1,-1,1,-1,-1,1,1,-1,-1,1,1,-1,-1,1,0.009990613907575607
1,1,-1,-1,1,-1,1,-1,1,-1,-1,1,1,-1,1,1,-1,-1,-1,1,0.009990613907575607
1,1,-1,-1,1,-1,1,-1,1,-1,1,-1,-1,1,1,-1,1,-1,1,-1,0.009990613907575607
1,1,-1,-1,1,-1,1,-1,1,-1,1,-1,-1,1,1,1,1,1,-1,-1,0.009990613907575607
1,1,-1,-1,1,-1,1,-1,1,-1,1,-1,1,1,-1,-1,-1,1,-1,1,0.009990613907575607
1,1,-1,-1,1,-1,1,-1,1,-1,1,1,-1,1,1,1,1,1,-1,1,0.009990613907575607
1,1,-1,-1,1,-1,1,-1,1,-1,1,1,1,1,-1,1,-1,-1,-1,1,0.009990613907575607
1,1,-1,-1,1,-1,1,-1,1,-1,1,1,1,1,-1,1,-1,-1,1,-1,0.009990613907575607
1,1,-1,-1,1,-1,1,-1,1,-1,1,1,1,1,1,1,1,-1,-1,-1,0.009990613907575607
1,1,-1,-1,1,-1,1,-1,1,1,-1,1,1,1,-1,1,1,-1,1,1,0.009990613907575607
1,1,-1,-1,1,-1,1,-1,1,1,-1,1,1,1,1,1,-1,1,1,-1,0.009990613907575607
1,1,-1,-1,1,-1,1,-1,1,1,1,-1,-1,-1,-1,1,1,-1,-1,1,0.009990613907575607
1,1,-1,-1,1,-1,1,-1,1,1,1,-1,-1,1,1,1,1,1,-1,1,0.009990613907575607
1,1,-1,-1,1,-1,1,-1,1,1,1,1,-1,-1,-1,1,-1,1,-1,1,0.009990613907575607
1,1,-1,-1,1,-1,1,-1,1,1,1,1,-1,1,1,1,1,1,1,1,0.009990613907575607
1,1,-1,-1,1,-1,1,-1,1,1,1,1,1,1,-1,-1,-1,-1,1,-1,0.009990613907575607
1,1,-1,-1,1,-1,1,-1,1,1,1,1,1,1,1,-1,1,1,1,1,0.009990613907575607
1,1,-1,-1,1,-1,1,1,-1,-1,-1,-1,-1,1,-1,-1,1,-1,-1,-1,0.009990613907575607
1,1,-1,-1,1,-1,1,1,-1,-1,-1,-1,-1,1,-1,1,1,1,1,1,0.009990613907575607
1,1,-1,-1,1,-1,1,1,-1,-1,-1,-1,1,-1,-1,-1,-1,1,-1,-1,0.009990613907575607
1,1,-1,-1,1,-1,1,1,-1,-1,-1,-1,1,1,1,-1,1,-1,-1,1,0.009990613907575607
1,1,-1,-1,1,-1,1,1,-1,-1,-1,1,-1,-1,-1,1,-1,-1,1,1,0.009990613907575607
1,1,-1,-1,1,-1,1,1,-1,-1,-1,1,-1,-1,1,1,-1,-1,-1,-1,0.009990613907575607
1,1,-1,-1,1,-1,1,1,-1,-1,-1,1,-1,-1,1,1,1,-1,-1,1,0.009990613907575607
1,1,-1,-1,1,-1,1,1,-1,-1,-1,1,-1,1,-1,-1,1,-1,1,1,0.009990613907575607
1,1,-1,-1,1,-1,1,1,-1,-1,-1,1,-1,1,-1,-1,1,1,1,1,0.009990613907575607
1,1,-1,-1,1,-1,1,1,-1,-1,-1,1,-1,1,1,-1,1,-1,1,1,0.009990613907575607
1,1,-1,-1,1,-1,1,1,-1,-1,-1,1,-1,1,1,1,-1,-1,1,1,0.009990613907575607
1,1,-1,-1,1,-1,1,1,-1,-1,-1,1,1,-1,-1,-1,-1,1,-1,1,0.009990613907575607
1,1,-1,-1,1,-1,1,1,-1,-1,-1,1,1,-1,-1,-1,1,-1,1,1,0.009990613907575607
1,1,-1,-1,1,-1,1,1,-1,-1,-1,1,1,1,1,1,-1,1,-1,-1,0.009990613907575607
1,1,-1,-1,1,-1,1,1,-1,-1,-1,1,1,1,1,1,1,1,1,-1,0.009990613907575607
1,1,-1,-1,1,-1,1,1,-1,-1,1,-1,-1,-1,1,-1,-1,1,-1,-1,0.009990613907575607
1,1,-1,-1,1,-1,1,1,-1,-1,1,-1,-1,1,-1,-1,1,1,-1,-1,0.009990613907575607
1,1,-1,-1,1,-1,1,1,-1,-1,1,-1,1,-1,1,-1,-1,1,-1,1,0.009990613907575607
1,1,-1,-1,1,-1,1,1,-1,-1,1,-1,1,1,-1,1,1,1,1,-1,0.009990613907575607
1,1,-1,-1,1,-1,1,1,-1,-1,1,1,-1,-1,1,-1,-1,-1,1,-1,0.009990613907575607
1,1,-1,-1,1,-1,1,1,-1,1,-1,-1,-1,1,-1,-1,1,1,-1,1,0.009990613907575607
1,1,-1,-1,1,-1,1,1,-1,1,-1,-1,-1,1,-1,1,1,-1,-1,1,0.009990613907575607
1,1,-1,-1,1,-1,1,1,-1,1,-1,-1,1,-1,1,1,1,-1,-1,-1,0.009990613907575607
1,1,-1,-1,1,-1,1,1,-1,1,-1,-1,1,1,-1,1,1,1,1,-1,0.009990613907575607
1,1,-1,-1,1,-1,1,1,-1,1,-1,1,-1,-1,-1,1,1,-1,-1,-1,0.009990613907575607
1,1,-1,-1,1,-1,1,1,-1,1,-1,1,1,-1,-1,1,1,1,1,1,0.009990613907575607
1,1,-1,-1,1,-1,1,1,-1,1,1,1,-1,-1,1,-1,1,1,1,1,0.009990613907575607
1,1,-1,-1,1,-1,1,1,-1,1,1,1,-1,-1,1,1,1,1,1,-1,0.009990613907575607
1,1,-1,-1,1,-1,1,1,-1,1,1,1,-1,1,-1,-1,-1,1,-1,1,0.009990613907575607
1,1,-1,-1,1,-1,1,1,-1,1,1,1,-1,1,1,-1,-1,1,-1,-1,0.009990613907575607
1,1,-1,-1,1,-1,1,1,-1,1,1,1,1,-1,1,-1,-1,-1,-1,1,0.009990613907575607
1,1,-1,-1,1,-1,1,1,-1,1,1,1,1,-1,1,-1,-1,-1,1,-1,0.009990613907575607
1,1,-1,-1,1,-1,1,1,1,-1,-1,-1,-1,1,-1,1,1,1,1,1,0.009990613907575607
1,1,-1,-1,1,-1,1,1,1,-1,-1,-1,1,1,-1,-1,1,-1,1,-1,0.009990613907575607
1,1,-1,-1,1,-1,1,1,1,-1,-1,1,-1,1,-1,1,1,-1,1,1,0.009990613907575607
1,1,-1,-1,1,-1,1,1,1,-1,1,-1,-1,-1,-1,1,1,-1,-1,-1,0.009990613907575607
1,1,-1,-1,1,-1,1,1,1,-1,1,-1,-1,-1,1,-1,1,1,-1,1,0.009990613907575607
1,1,-1,-1,1,-1,1,1,1,-1,1,-1,-1,1,1,-1,-1,-1,1,1,0.009990613907575607
1,1,-1,-1,1,-1,1,1,1,-1,1,-1,-1,1,1,-1,-1,1,-1,1,0.009990613907575607
1,1,-1,-1,1,-1,1,1,1,-1,1,-1,-1,1,1,-1,1,-1,-1,-1,0.009990613907575607
1,1,-1,-1,1,-1,1,1,1,-1,1,1,-1,-1,-1,-1,1,-1,1,1,0.009990613907575607
1,1,-1,-1,1,-1,1,1,1,-1,1,1,-1,-1,1,1,-1,-1,1,1,0.009990613907575607
1,1,-1,-1,1,-1,1,1,1,-1,1,1,-1,1,1,-1,1,1,-1,-1,0.009990613907575607
1,1,-1,-1,1,-1,1,1,1,1,-1,-1,-1,1,1,-1,1,-1,-1,-1,0.009990613907575607
1,1,-1,-1,1,-1,1,1,1,1,-1,1,-1,-1,1,-1,-1,1,-1,-1,0.009990613907575607
1,1,-1,-1,1,-1,1,1,1,1,-1,1,-1,-1,1,1,-1,1,1,1,0.009990613907575607
1,1,-1,-1,1,-1,1,1,1,1,-1,1,1,1,1,1,1,-1,1,1,0.009990613907575607
1,1,-1,-1,1,-1,1,1,1,1,1,-1,-1,1,1,1,-1,1,-1,-1,0.009990613907575607
1,1,-1,-1,1,-1,1,1,1,1,1,-1,1,-1,1,-1,-1,-1,-1,1,0.009990613907575607
1,1,-1,-1,1,-1,1,1,1,1,1,-1,1,1,1,-1,-1,-1,1,1,0.009990613907575607
1,1,-1,-1,1,-1,1,1,1,1,1,1,1,-1,1,1,1,1,1,1,0.009990613907575607
1,1,-1,-1,1,1,-1,-1,-1,-1,-1,-1,1,-1,1,-1,-1,1,-1,-1,0.009990613907575607
1,1,-1,-1,1,1,-1,-1,-1,-1,-1,1,-1,1,1,1,-1,1,1,-1,0.009990613907575607
1,1,-1,-1,1,1,-1,-1,-1,-1,-1,1,-1,1,1,1,1,1,-1,1,0.009990613907575607
1,1,-1,-1,1,1,-1,-1,-1,-1,1,-1,-1,-1,-1,1,-1,-1,-1,1,0.009990613907575607
1,1,-1,-1,1,1,-1,-1,-1,-1,1,-1,1,1,1,1,-1,1,1,1,0.009990613907575607
1,1,-1,-1,1,1,-1,-1,-1,-1,1,1,1,1,1,-1,-1,1,1,-1,0.009990613907575607
1,1,-1,-1,1,1,-1,-1,-1,1,-1,-1,-1,-1,1,1,-1,1,1,-1,0.009990613907575607
1,1,-1,-1,1,1,-1,-1,-1,1,-1,-1,-1,1,-1,-1,-1,1,-1,1,0.009990613907575607
1,1,-1,-1,1,1,-1,-1,-1,1,-1,-1,-1,1,-1,-1,1,-1,-1,1,0.009990613907575607
1,1,-1,-1,1,1,-1,-1,-1,1,-1,-1,1,-1,-1,1,1,1,1,1,0.009990613907575607
1,1,-1,-1,1,1,-1,-1,-1,1,-1,1,-1,-1,1,1,1,-1,-1,1,0.009990613907575607
1,1,-1,-1,1,1,-1,-1,-1,1,-1,1,-1,1,1,1,-1,1,1,1,0.009990613907575607
1,1,-1,-1,1,1,-1,-1,-1,1,-1,1,1,-1,-1,-1,1,1,-1,1,0.009990613907575607
1,1,-1,-1,1,1,-1,-1,-1,1,-1,1,1,-1,1,-1,-1,-1,1,1,0.009990613907575607
1,1,-1,-1,1,1,-1,-1,-1,1,1,-1,-1,-1,-1,-1,1,-1,-1,-1,0.009990613907575607
1,1,-1,-1,1,1,-1,-1,-1,1,1,-1,-1,-1,-1,1,1,1,-1,-1,0.009990613907575607
1,1,-1,-1,1,1,-1,-1,-1,1,1,-1,-1,1,1,-1,-1,1,-1,-1,0.009990613907575607
1,1,-1,-1,1,1,-1,-1,-1,1,1,1,-1,-1,1,1,1,1,-1,1,0.009990613907575607
1,1,-1,-1,1,1,-1,-1,-1,1,1,1,-1,1,-1,-1,-1,1,1,-1,0.009990613907575607
1,1,-1,-1,1,1,-1,-1,-1,1,1,1,1,-1,1,1,-1,1,1,1,0.009990613907575607
1,1,-1,-1,1,1,-1,-1,1,-1,-1,-1,1,-1,-1,-1,1,1,1,-1,0.009990613907575607
1,1,-1,-1,1,1,-1,-1,1,-1,-1,-1,1,-1,1,-1,1,-1,-1,1,0.009990613907575607
1,1,-1,-1,1,1,-1,-1,1,-1,-1,-1,1,1,-1,-1,-1,1,-1,-1,0.009990613907575607
1,1,-1,-1,1,1,-1,-1,1,-1,-1,1,1,-1,-1,1,1,1,-1,-1,0.009990613907575607
1,1,-1,-1,1,1,-1,-1,1,-1,-1,1,1,-1,1,1,-1,-1,-1,-1,0.009990613907575607
1,1,-1,-1,1,1,-1,-1,1,-1,-1,1,1,1,-1,1,1,-1,1,1,0.009990613907575607
1,1,-1,-1,1,1,-1,-1,1,-1,1,-1,-1,1,1,-1,-1,1,1,-1,0.009990613907575607
1,1,-1,-1,1,1,-1,-1,1,-1,1,-1,1,1,1,-1,-1,-1,1,-1,0.009990613907575607
1,1,-1,-1,1,1,-1,-1,1,-1,1,-1,1,1,1,-1,1,-1,1,-1,0.009990613907575607
1,1,-1,-1,1,1,-1,-1,1,-1,1,-1,1,1,1,1,1,1,1,1,0.009990613907575607
1,1,-1,-1,1,1,-1,-1,1,-1,1,1,-1,-1,-1,-1,1,1,-1,1,0.009990613907575607
1,1,-1,-1,1,1,-1,-1,1,-1,1,1,-1,1,1,1,1,1,-1,-1,0.009990613907575607
1,1,-1,-1,1,1,-1,-1,1,-1,1,1,1,1,1,-1,1,-1,-1,1,0.009990613907575607
1,1,-1,-1,1,1,-1,-1,1,1,-1,-1,-1,-1,-1,-1,-1,1,1,-1,0.009990613907575607
1,1,-1,-1,1,1,-1,-1,1,1,-1,-1,-1,-1,-1,1,-1,-1,-1,1,0.009990613907575607
1,1,-1,-1,1,1,-1,-1,1,1,-1,-1,1,-1,-1,1,-1,1,-1,-1,0.009990613907575607
1,1,-1,-1,1,1,-1,-1,1,1,-1,1,1,1,-1,-1,-1,1,-1,-1,0.009990613907575607
1,1,-1,-1,1,1,-1,-1,1,1,1,-1,-1,1,1,1,1,1,-1,-1,0.009990613907575607
1,1,-1,-1,1,1,-1,-1,1,1,1,-1,1,-1,1,-1,1,-1,-1,-1,0.009990613907575607
1,1,-1,-1,1,1,-1,1,-1,-1,-1,1,-1,1,-1,1,-1,1,1,-1,0.009990613907575607
1,1,-1,-1,1,1,-1,1,-1,-1,-1,1,1,-1,-1,-1,-1,-1,-1,-1,0.009990613907575607
1,1,-1,-1,1,1,-1,1,-1,-1,-1,1,1,-1,-1,1,1,-1,1,-1,0.009990613907575607
1,1,-1,-1,1,1,-1,1,-1,-1,1,-1,-1,-1,-1,1,1,-1,-1,-1,0.009990613907575607
1,1,-1,-1,1,1,-1,1,-1,-1,1,-1,1,-1,-1,-1,1,1,1,1,0.009990613907575607
1,1,-1,-1,1,1,-1,1,-1,-1,1,1,-1,1,-1,1,-1,-1,1,1,0.009990613907575607
1,1,-1,-1,1,1,-1,1,-1,-1,1,1,1,1,-1,-1,-1,-1,-1,1,0.009990613907575607
1,1,-1,-1,1,1,-1,1,-1,-1,1,1,1,1,1,-1,1,-1,-1,1,0.009990613907575607
1,1,-1,-1,1,1,-1,1,-1,1,-1,-1,1,1,-1,1,-1,1,1,-1,0.009990613907575607
1,1,-1,-1,1,1,-1,1,-1,1,-1,-1,1,1,1,1,1,-1,1,1,0.009990613907575607
1,1,-1,-1,1,1,-1,1,-1,1,-1,1,-1,1,-1,1,-1,-1,1,-1,0.009990613907575607
1,1,-1,-1,1,1,-1,1,-1,1,-1,1,1,-1,-1,-1,1,1,-1,1,0.009990613907575607
1,1,-1,-1,1,1,-1,1,-1,1,-1,1,1,-1,-1,1,1,-1,1,-1,0.009990613907575607
1,1,-1,-1,1,1,-1,1,-1,1,1,-1,-1,-1,-1,1,-1,1,-1,1,0.009990613907575607
1,1,-1,-1,1,1,-1,1,-1,1,1,-1,-1,1,1,1,-1,-1,-1,1,0.009990613907575607
1,1,-1,-1,1,1,-1,1,-1,1,1,1,1,-1,-1,1,1,-1,-1,-1,0.009990613907575607
1,1,-1,-1,1,1,-1,1,1,-1,-1,-1,-1,-1,1,-1,1,-1,-1,-1,0.009990613907575607
1,1,-1,-1,1,1,-1,1,1,-1,-1,-1,-1,1,-1,-1,-1,-1,-1,1,0.009990613907575607
1,1,-1,-1,1,1,-1,1,1,-1,-1,-1,1,-1,1,1,1,-1,-1,-1,0.009990613907575607
1,1,-1,-1,1,1,-1,1,1,-1,-1,-1,1,1,1,1,1,-1,1,1,0.009990613907575607
1,1,-1,-1,1,1,-1,1,1,-1,-1,1,-1,-1,1,-1,-1,1,1,1,0.009990613907575607
1,1,-1,-1,1,1,-1,1,1,-1,-1,1,1,-1,-1,1,-1,-1,1,-1,0.009990613907575607
1,1,-1,-1,1,1,-1,1,1,-1,-1,1,1,1,1,1,1,1,1,-1,0.009990613907575607
1,1,-1,-1,1,1,-1,1,1,-1,1,-1,1,1,1,1,-1,-1,1,-1,0.009990613907575607
1,1,-1,-1,1,1,-1,1,1,-1,1,1,-1,1,-1,-1,1,1,1,1,0.009990613907575607
1,1,-1,-1,1,1,-1,1,1,-1,1,1,-1,1,-1,1,1,1,1,-1,0.009990613907575607
1,1,-1,-1,1,1,-1,1,1,-1,1,1,-1,1,1,-1,1,1,-1,1,0.009990613907575607
1,1,-1,-1,1,1,-1,1,1,-1,1,1,1,1,1,1,-1,-1,-1,-1,0.009990613907575607
1,1,-1,-1,1,1,-1,1,1,1,-1,-1,1,1,1,-1,-1,1,1,-1,0.009990613907575607
1,1,-1,-1,1,1,-1,1,1,1,-1,1,1,-1,-1,-1,-1,1,1,-1,0.009990613907575607
1,1,-1,-1,1,1,-1,1,1,1,-1,1,1,-1,-1,1,-1,-1,-1,-1,0.009990613907575607
1,1,-1,-1,1,1,-1,1,1,1,-1,1,1,-1,-1,1,1,-1,1,-1,0.009990613907575607
1,1,-1,-1,1,1,-1,1,1,1,1,-1,1,-1,-1,-1,-1,1,-1,-1,0.009990613907575607
1,1,-1,-1,1,1,-1,1,1,1,1,1,-1,-1,-1,-1,1,-1,-1,1,0.009990613907575607
1,1,-1,-1,1,1,-1,1,1,1,1,1,-1,1,1,-1,-1,-1,-1,1,0.009990613907575607
1,1,-1,-1,1,1,1,-1,-1,-1,-1,-1,1,1,1,-1,1,1,1,-1,0.009990613907575607
1,1,-1,-1,1,1,1,-1,-1,-1,-1,1,1,-1,1,1,1,-1,1,-1,0.009990613907575607
1,1,-1,-1,1,1,1,-1,-1,-1,1,1,1,-1,1,1,1,1,1,-1,0.009990613907575607
1,1,-1,-1,1,1,1,-1,-1,1,-1,-1,-1,-1,1,-1,1,-1,1,1,0.009990613907575607
1,1,-1,-1,1,1,1,-1,-1,1,-1,-1,1,1,1,-1,-1,1,-1,-1,0.009990613907575607
1,1,-1,-1,1,1,1,-1,-1,1,-1,1,-1,-1,-1,1,1,1,-1,-1,0.009990613907575607
1,1,-1,-1,1,1,1,-1,-1,1,-1,1,-1,-1,1,1,-1,-1,-1,-1,0.009990613907575607
1,1,-1,-1,1,1,1,-1,-1,1,-1,1,1,-1,-1,1,1,1,1,-1,0.009990613907575607
1,1,-1,-1,1,1,1,-1,-1,1,-1,1,1,1,-1,-1,1,-1,-1,1,0.009990613907575607
1,1,-1,-1,1,1,1,-1,-1,1,-1,1,1,1,1,1,-1,1,1,-1,0.009990613907575607
1,1,-1,-1,1,1,1,-1,-1,1,1,-1,-1,1,1,1,1,1,1,1,0.009990613907575607
1,1,-1,-1,1,1,1,-1,-1,1,1,1,-1,-1,1,1,1,1,-1,-1,0.009990613907575607
1,1,-1,-1,1,1,1,-1,-1,1,1,1,1,-1,-1,-1,-1,-1,-1,-1,0.009990613907575607
1,1,-1,-1,1,1,1,-1,-1,1,1,1,1,-1,1,-1,1,1,-1,-1,0.009990613907575607
1,1,-1,-1,1,1,1,-1,-1,1,1,1,1,1,1,1,-1,-1,1,1,0.009990613907575607
1,1,-1,-1,1,1,1,-1,1,-1,-1,-1,-1,1,-1,-1,-1,1,1,1,0.009990613907575607
1,1,-1,-1,1,1,1,-1,1,-1,-1,1,-1,-1,1,-1,-1,-1,-1,-1,0.009990613907575607
1,1,-1,-1,1,1,1,-1,1,-1,-1,1,-1,1,-1,-1,-1,-1,-1,1,0.009990613907575607
1,1,-1,-1,1,1,1,-1,1,-1,-1,1,-1,1,1,-1,-1,1,-1,1,0.009990613907575607
1,1,-1,-1,1,1,1,-1,1,-1,-1,1,1,-1,-1,-1,1,1,1,-1,0.009990613907575607
1,1,-1,-1,1,1,1,-1,1,-1,-1,1,1,-1,1,1,-1,1,-1,1,0.009990613907575607
1,1,-1,-1,1,1,1,-1,1,-1,-1,1,1,1,-1,-1,-1,-1,1,-1,0.009990613907575607
1,1,-1,-1,1,1,1,-1,1,-1,1,-1,-1,1,-1,-1,-1,-1,1,-1,0.009990613907575607
1,1,-1,-1,1,1,1,-1,1,-1,1,1,1,-1,-1,1,1,1,1,1,0.009990613907575607
1,1,-1,-1,1,1,1,-1,1,1,-1,-1,-1,1,-1,-1,1,1,1,1,0.009990613907575607
1,1,-1,-1,1,1,1,-1,1,1,-1,-1,1,-1,-1,1,1,-1,-1,1,0.009990613907575607
1,1,-1,-1,1,1,1,-1,1,1,-1,-1,1,-1,1,-1,1,-1,1,1,0.009990613907575607
1,1,-1,-1,1,1,1,-1,1,1,-1,1,1,1,1,1,-1,-1,-1,1,0.009990613907575607
1,1,-1,-1,1,1,1,-1,1,1,1,-1,1,1,-1,1,-1,-1,-1,-1,0.009990613907575607
1,1,-1,-1,1,1,1,-1,1,1,1,1,1,-1,-1,1,-1,-1,-1,-1,0.009990613907575607
1,1,-1,-1,1,1,1,-1,1,1,1,1,1,-1,-1,1,1,1,1,1,0.009990613907575607
1,1,-1,-1,1,1,1,-1,1,1,1,1,1,-1,1,-1,-1,-1,-1,1,0.009990613907575607
1,1,-1,-1,1,1,1,1,-1,-1,-1,-1,-1,-1,-1,-1,-1,-1,1,1,0.009990613907575607
1,1,-1,-1,1,1,1,1,-1,-1,-1,-1,-1,-1,-1,-1,-1,1,-1,-1,0.009990613907575607
1,1,-1,-1,1,1,1,1,-1,-1,-1,-1,-1,1,-1,-1,1,-1,-1,1,0.009990613907575607
1,1,-1,-1,1,1,1,1,-1,-1,-1,-1,-1,1,-1,1,-1,-1,1,-1,0.009990613907575607
1,1,-1,-1,1,1,1,1,-1,-1,-1,-1,-1,1,1,-1,1,-1,1,-1,0.009990613907575607
1,1,-1,-1,1,1,1,1,-1,-1,-1,-1,-1,1,1,-1,1,1,1,1,0.009990613907575607
1,1,-1,-1,1,1,1,1,-1,-1,-1,1,-1,-1,1,1,1,-1,1,-1,0.009990613907575607
1,1,-1,-1,1,1,1,1,-1,-1,1,-1,1,1,1,1,1,-1,1,-1,0.009990613907575607
1,1,-1,-1,1,1,1,1,-1,-1,1,1,-1,-1,1,1,-1,-1,1,1,0.009990613907575607
1,1,-1,-1,1,1,1,1,-1,-1,1,1,-1,1,-1,-1,-1,-1,1,1,0.009990613907575607
1,1,-1,-1,1,1,1,1,-1,-1,1,1,1,-1,1,-1,1,-1,-1,1,0.009990613907575607
1,1,-1,-1,1,1,1,1,-1,1,-1,-1,-1,-1,1,-1,1,1,-1,-1,0.009990613907575607
1,1,-1,-1,1,1,1,1,-1,1,-1,-1,-1,-1,1,1,1,-1,1,1,0.009990613907575607
1,1,-1,-1,1,1,1,1,-1,1,-1,-1,-1,1,1,1,-1,-1,1,1,0.009990613907575607
1,1,-1,-1,1,1,1,1,-1,1,-1,-1,1,1,1,1,-1,1,-1,1,0.009990613907575607
1,1,-1,-1,1,1,1,1,-1,1,-1,1,-1,-1,-1,-1,1,-1,-1,1,0.009990613907575607
1,1,-1,-1,1,1,1,1,-1,1,1,-1,-1,1,1,-1,-1,1,1,-1,0.009990613907575607
1,1,-1,-1,1,1,1,1,-1,1,1,-1,1,-1,1,1,-1,1,-1,-1,0.009990613907575607
1,1,-1,-1,1,1,1,1,-1,1,1,1,-1,-1,1,-1,1,1,-1,1,0.009990613907575607
1,1,-1,-1,1,1,1,1,-1,1,1,1,-1,1,-1,-1,1,1,-1,-1,0.009990613907575607
1,1,-1,-1,1,1,1,1,-1,1,1,1,1,-1,1,1,-1,1,1,-1,0.009990613907575607
1,1,-1,-1,1,1,1,1,-1,1,1,1,1,1,1,-1,-1,-1,1,-1,0.009990613907575607
1,1,-1,-1,1,1,1,1,1,-1,-1,-1,1,-1,1,1,1,-1,-1,-1,0.009990613907575607
1,1,-1,-1,1,1,1,1,1,-1,-1,-1,1,1,-1,1,1,1,-1,1,0.009990613907575607
1,1,-1,-1,1,1,1,1,1,-1,1,-1,-1,-1,1,1,1,1,1,1,0.009990613907575607
1,1,-1,-1,1,1,1,1,1,-1,1,-1,1,-1,1,1,-1,1,1,1,0.009990613907575607
1,1,-1,-1,1,1,1,1,1,-1,1,1,-1,1,-1,-1,1,1,-1,-1,0.009990613907575607
1,1,-1,-1,1,1,1,1,1,-1,1,1,-1,1,1,-1,-1,1,-1,-1,0.009990613907575607
1,1,-1,-1,1,1,1,1,1,-1,1,1,-1,1,1,1,-1,-1,-1,1,0.009990613907575607
1,1,-1,-1,1,1,1,1,1,-1,1,1,1,-1,-1,-1,1,1,1,-1,0.009990613907575607
1,1,-1,-1,1,1,1,1,1,-1,1,1,1,-1,-1,1,1,1,1,-1,0.009990613907575607
1,1,-1,-1,1,1,1,1,1,1,-1,-1,-1,1,1,-1,1,-1,-1,-1,0.009990613907575607
1,1,-1,-1,1,1,1,1,1,1,-1,1,-1,-1,-1,-1,-1,1,1,-1,0.009990613907575607
1,1,-1,-1,1,1,1,1,1,1,-1,1,-1,-1,1,-1,1,1,1,-1,0.009990613907575607
1,1,-1,-1,1,1,1,1,1,1,-1,1,-1,-1,1,-1,1,1,1,1,0.009990613907575607
1,1,-1,-1,1,1,1,1,1,1,-1,1,-1,1,1,-1,1,1,1,1,0.009990613907575607
1,1,-1,-1,1,1,1,1,1,1,-1,1,1,1,-1,-1,-1,-1,-1,1,0.009990613907575607
1,1,-1,-1,1,1,1,1,1,1,-1,1,1,1,1,-1,-1,-1,-1,1,0.009990613907575607
1,1,-1,-1,1,1,1,1,1,1,1,-1,1,1,-1,-1,-1,-1,1,1,0.009990613907575607
1,1,-1,-1,1,1,1,1,1,1,1,1,-1,1,-1,-1,-1,-1,1,-1,0.009990613907575607
1,1,-1,-1,1,1,1,1,1,1,1,1,1,-1,1,1,1,1,-1,1,0.009990613907575607
1,1,-1,1,-1,-1,-1,-1,-1,-1,-1,-1,-1,1,1,-1,-1,-1,1,1,0.009990613907575607
1,1,-1,1,-1,-1,-1,-1,-1,-1,-1,-1,-1,1,1,-1,-1,1,-1,1,0.009990613907575607
1,1,-1,1,-1,-1,-1,-1,-1,-1,-1,-1,1,-1,1,-1,-1,-1,-1,-1,0.009990613907575607
1,1,-1,1,-1,-1,-1,-1,-1,-1,-1,-1,1,1,1,-1,1,-1,1,1,0.009990613907575607
1,1,-1,1,-1,-1,-1,-1,-1,-1,-1,1,1,1,-1,1,1,-1,-1,-1,0.009990613907575607
1,1,-1,1,-1,-1,-1,-1,-1,-1,1,1,-1,-1,-1,1,-1,-1,1,-1,0.009990613907575607
1,1,-1,1,-1,-1,-1,-1,-1,-1,1,1,-1,1,-1,1,-1,-1,-1,1,0.009990613907575607
1,1,-1,1,-1,-1,-1,-1,-1,-1,1,1,1,1,-1,1,1,1,-1,1,0.009990613907575607
1,1,-1,1,-1,-1,-1,-1,-1,-1,1,1,1,1,1,-1,1,1,-1,-1,0.009990613907575607
1,1,-1,1,-1,-1,-1,-1,-1,1,-1,-1,-1,-1,1,-1,1,-1,-1,-1,0.009990613907575607
1,1,-1,1,-1,-1,-1,-1,-1,1,-1,-1,-1,-1,1,1,1,-1,1,-1,0.009990613907575607
1,1,-1,1,-1,-1,-1,-1,-1,1,-1,-1,-1,1,-1,-1,-1,-1,1,-1,0.009990613907575607
1,1,-1,1,-1,-1,-1,-1,-1,1,-1,-1,-1,1,1,-1,-1,-1,1,1,0.009990613907575607
1,1,-1,1,-1,-1,-1,-1,-1,1,-1,-1,-1,1,1,1,1,1,1,1,0.009990613907575607
1,1,-1,1,-1,-1,-1,-1,-1,1,-1,1,-1,1,-1,-1,1,-1,-1,-1,0.009990613907575607
1,1,-1,1,-1,-1,-1,-1,-1,1,-1,1,1,-1,-1,1,-1,1,-1,1,0.009990613907575607
1,1,-1,1,-1,-1,-1,-1,-1,1,-1,1,1,1,-1,1,1,-1,1,1,0.009990613907575607
1,1,-1,1,-1,-1,-1,-1,-1,1,1,-1,-1,-1,1,-1,1,-1,-1,1,0.009990613907575607
1,1,-1,1,-1,-1,-1,-1,-1,1,1,-1,1,-1,1,1,-1,-1,-1,1,0.009990613907575607
1,1,-1,1,-1,-1,-1,-1,-1,1,1,1,-1,1,1,1,1,1,-1,1,0.009990613907575607
1,1,-1,1,-1,-1,-1,-1,1,-1,-1,-1,-1,-1,-1,-1,1,-1,1,1,0.009990613907575607
1,1,-1,1,-1,-1,-1,-1,1,-1,-1,-1,1,1,-1,1,-1,1,1,-1,0.009990613907575607
1,1,-1,1,-1,-1,-1,-1,1,-1,-1,1,-1,-1,-1,-1,-1,1,-1,-1,0.009990613907575607
1,1,-1,1,-1,-1,-1,-1,1,-1,-1,1,-1,1,-1,-1,-1,1,-1,-1,0.009990613907575607
1,1,-1,1,-1,-1,-1,-1,1,-1,-1,1,1,-1,1,1,-1,1,-1,-1,0.009990613907575607
1,1,-1,1,-1,-1,-1,-1,1,-1,1,-1,1,-1,-1,-1,1,1,-1,1,0.009990613907575607
1,1,-1,1,-1,-1,-1,-1,1,-1,1,-1,1,1,-1,1,-1,-1,1,1,0.009990613907575607
1,1,-1,1,-1,-1,-1,-1,1,-1,1,1,-1,-1,-1,-1,1,-1,-1,-1,0.009990613907575607
1,1,-1,1,-1,-1,-1,-1,1,-1,1,1,-1,-1,1,-1,1,-1,-1,1,0.009990613907575607
1,1,-1,1,-1,-1,-1,-1,1,-1,1,1,-1,1,-1,-1,-1,1,-1,1,0.009990613907575607
1,1,-1,1,-1,-1,-1,-1,1,-1,1,1,1,-1,1,1,1,1,-1,1,0.009990613907575607
1,1,-1,1,-1,-1,-1,-1,1,-1,1,1,1,1,-1,-1,1,1,-1,-1,0.009990613907575607
1,1,-1,1,-1,-1,-1,-1,1,-1,1,1,1,1,-1,1,-1,-1,1,-1,0.009990613907575607
1,1,-1,1,-1,-1,-1,-1,1,1,-1,-1,-1,1,-1,-1,-1,1,-1,1,0.009990613907575607
1,1,-1,1,-1,-1,-1,-1,1,1,-1,-1,1,-1,-1,1,1,1,1,-1,0.009990613907575607
1,1,-1,1,-1,-1,-1,-1,1,1,-1,-1,1,1,1,-1,1,-1,-1,-1,0.009990613907575607
1,1,-1,1,-1,-1,-1,-1,1,1,-1,1,-1,1,-1,-1,-1,1,-1,-1,0.009990613907575607
1,1,-1,1,-1,-1,-1,-1,1,1,-1,1,1,-1,1,1,-1,-1,1,-1,0.009990613907575607
1,1,-1,1,-1,-1,-1,-1,1,1,1,-1,-1,1,-1,1,-1,1,1,1,0.009990613907575607
1,1,-1,1,-1,-1,-1,-1,1,1,1,-1,1,1,1,-1,1,-1,1,1,0.009990613907575607
1,1,-1,1,-1,-1,-1,-1,1,1,1,-1,1,1,1,1,1,1,1,-1,0.009990613907575607
1,1,-1,1,-1,-1,-1,-1,1,1,1,1,1,1,1,-1,-1,1,-1,-1,0.009990613907575607
1,1,-1,1,-1,-1,-1,-1,1,1,1,1,1,1,1,1,1,-1,1,1,0.009990613907575607
1,1,-1,1,-1,-1,-1,1,-1,-1,-1,-1,-1,-1,-1,-1,1,1,1,1,0.009990613907575607
1,1,-1,1,-1,-1,-1,1,-1,-1,-1,-1,-1,-1,-1,1,-1,1,1,1,0.009990613907575607
1,1,-1,1,-1,-1,-1,1,-1,-1,-1,-1,-1,1,1,1,1,-1,1,-1,0.009990613907575607
1,1,-1,1,-1,-1,-1,1,-1,-1,-1,1,1,1,1,-1,-1,1,1,1,0.009990613907575607
1,1,-1,1,-1,-1,-1,1,-1,-1,1,-1,-1,-1,1,1,-1,-1,-1,1,0.009990613907575607
1,1,-1,1,-1,-1,-1,1,-1,-1,1,-1,-1,1,-1,1,1,-1,-1,1,0.009990613907575607
1,1,-1,1,-1,-1,-1,1,-1,-1,1,-1,-1,1,1,-1,-1,-1,1,-1,0.009990613907575607
1,1,-1,1,-1,-1,-1,1,-1,-1,1,-1,1,1,-1,1,1,-1,-1,-1,0.009990613907575607
1,1,-1,1,-1,-1,-1,1,-1,-1,1,1,-1,1,-1,1,-1,1,1,1,0.009990613907575607
1,1,-1,1,-1,-1,-1,1,-1,-1,1,1,1,-1,-1,-1,1,1,1,1,0.009990613907575607
1,1,-1,1,-1,-1,-1,1,-1,1,-1,-1,-1,-1,1,-1,-1,-1,-1,1,0.009990613907575607
1,1,-1,1,-1,-1,-1,1,-1,1,-1,-1,-1,1,-1,1,-1,1,1,1,0.009990613907575607
1,1,-1,1,-1,-1,-1,1,-1,1,-1,-1,-1,1,1,-1,-1,1,1,-1,0.009990613907575607
1,1,-1,1,-1,-1,-1,1,-1,1,-1,-1,1,-1,-1,-1,1,1,1,-1,0.009990613907575607
1,1,-1,1,-1,-1,-1,1,-1,1,-1,1,-1,1,1,-1,1,-1,1,-1,0.009990613907575607
1,1,-1,1,-1,-1,-1,1,-1,1,1,-1,-1,-1,-1,1,-1,-1,-1,1,0.009990613907575607
1,1,-1,1,-1,-1,-1,1,-1,1,1,-1,1,-1,1,1,-1,-1,1,1,0.009990613907575607
1,1,-1,1,-1,-1,-1,1,-1,1,1,1,1,1,-1,-1,1,-1,-1,-1,0.009990613907575607
1,1,-1,1,-1,-1,-1,1,1,-1,-1,-1,-1,-1,1,1,-1,-1,1,-1,0.009990613907575607
1,1,-1,1,-1,-1,-1,1,1,-1,-1,-1,-1,1,-1,-1,-1,-1,1,1,0.009990613907575607
1,1,-1,1,-1,-1,-1,1,1,-1,-1,-1,1,1,1,-1,1,1,1,1,0.009990613907575607
1,1,-1,1,-1,-1,-1,1,1,-1,-1,1,1,-1,1,-1,1,-1,-1,1,0.009990613907575607
1,1,-1,1,-1,-1,-1,1,1,-1,-1,1,1,-1,1,1,-1,1,-1,1,0.009990613907575607
1,1,-1,1,-1,-1,-1,1,1,1,-1,-1,1,-1,-1,-1,1,-1,1,-1,0.009990613907575607
1,1,-1,1,-1,-1,-1,1,1,1,-1,-1,1,-1,1,-1,1,-1,-1,-1,0.009990613907575607
1,1,-1,1,-1,-1,-1,1,1,1,-1,-1,1,-1,1,1,-1,1,-1,1,0.009990613907575607
1,1,-1,1,-1,-1,-1,1,1,1,-1,1,-1,-1,-1,-1,1,1,1,1,0.009990613907575607
1,1,-1,1,-1,-1,-1,1,1,1,-1,1,-1,-1,1,1,1,-1,1,1,0.009990613907575607
1,1,-1,1,-1,-1,-1,1,1,1,-1,1,1,-1,-1,-1,1,-1,1,1,0.009990613907575607
1,1,-1,1,-1,-1,-1,1,1,1,-1,1,1,1,-1,-1,-1,1,1,-1,0.009990613907575607
1,1,-1,1,-1,-1,-1,1,1,1,1,-1,-1,-1,1,1,-1,1,-1,1,0.009990613907575607
1,1,-1,1,-1,-1,-1,1,1,1,1,-1,-1,-1,1,1,1,1,1,1,0.009990613907575607
1,1,-1,1,-1,-1,-1,1,1,1,1,-1,-1,1,1,1,1,-1,1,1,0.009990613907575607
1,1,-1,1,-1,-1,-1,1,1,1,1,-1,1,-1,-1,1,-1,-1,-1,1,0.009990613907575607
1,1,-1,1,-1,-1,-1,1,1,1,1,-1,1,1,-1,-1,1,-1,1,1,0.009990613907575607
1,1,-1,1,-1,-1,-1,1,1,1,1,-1,1,1,1,1,-1,-1,-1,1,0.009990613907575607
1,1,-1,1,-1,-1,-1,1,1,1,1,1,-1,1,1,-1,-1,1,-1,1,0.009990613907575607
1,1,-1,1,-1,-1,1,-1,-1,-1,-1,-1,1,-1,-1,-1,1,-1,-1,-1,0.009990613907575607
1,1,-1,1,-1,-1,1,-1,-1,-1,-1,1,-1,-1,1,1,1,1,1,-1,0.009990613907575607
1,1,-1,1,-1,-1,1,-1,-1,-1,1,-1,-1,-1,1,-1,-1,1,1,-1,0.009990613907575607
1,1,-1,1,-1,-1,1,-1,-1,-1,1,-1,-1,-1,1,-1,1,1,-1,-1,0.009990613907575607
1,1,-1,1,-1,-1,1,-1,-1,-1,1,-1,-1,1,1,1,1,1,-1,1,0.009990613907575607
1,1,-1,1,-1,-1,1,-1,-1,-1,1,-1,1,-1,1,1,1,1,-1,1,0.009990613907575607
1,1,-1,1,-1,-1,1,-1,-1,-1,1,-1,1,1,-1,1,-1,-1,1,1,0.009990613907575607
1,1,-1,1,-1,-1,1,-1,-1,-1,1,1,-1,-1,-1,-1,1,-1,-1,-1,0.009990613907575607
1,1,-1,1,-1,-1,1,-1,-1,-1,1,1,1,-1,-1,-1,1,1,-1,-1,0.009990613907575607
1,1,-1,1,-1,-1,1,-1,-1,-1,1,1,1,1,1,-1,-1,1,1,-1,0.009990613907575607
1,1,-1,1,-1,-1,1,-1,-1,1,-1,-1,-1,-1,-1,1,1,1,-1,-1,0.009990613907575607
1,1,-1,1,-1,-1,1,-1,-1,1,-1,-1,-1,1,1,1,-1,1,-1,-1,0.009990613907575607
1,1,-1,1,-1,-1,1,-1,-1,1,-1,-1,-1,1,1,1,1,1,1,-1,0.009990613907575607
1,1,-1,1,-1,-1,1,-1,-1,1,-1,-1,1,1,-1,-1,1,-1,1,-1,0.009990613907575607
1,1,-1,1,-1,-1,1,-1,-1,1,-1,-1,1,1,1,1,-1,1,1,1,0.009990613907575607
1,1,-1,1,-1,-1,1,-1,-1,1,-1,1,-1,1,1,-1,-1,-1,-1,1,0.009990613907575607
1,1,-1,1,-1,-1,1,-1,-1,1,1,-1,-1,-1,1,-1,-1,1,1,-1,0.009990613907575607
1,1,-1,1,-1,-1,1,-1,-1,1,1,-1,-1,1,-1,-1,1,1,-1,1,0.009990613907575607
1,1,-1,1,-1,-1,1,-1,-1,1,1,-1,-1,1,1,1,1,-1,1,-1,0.009990613907575607
1,1,-1,1,-1,-1,1,-1,-1,1,1,1,-1,-1,1,1,1,1,1,-1,0.009990613907575607
1,1,-1,1,-1,-1,1,-1,-1,1,1,1,1,-1,1,-1,1,-1,-1,-1,0.009990613907575607
1,1,-1,1,-1,-1,1,-1,1,-1,-1,-1,-1,1,-1,-1,1,1,1,1,0.009990613907575607
1,1,-1,1,-1,-1,1,-1,1,-1,-1,-1,1,-1,1,1,-1,-1,-1,1,0.009990613907575607
1,1,-1,1,-1,-1,1,-1,1,-1,1,1,-1,-1,1,-1,-1,1,1,1,0.009990613907575607
1,1,-1,1,-1,-1,1,-1,1,-1,1,1,-1,1,1,-1,1,1,-1,1,0.009990613907575607
1,1,-1,1,-1,-1,1,-1,1,-1,1,1,1,1,-1,-1,-1,-1,1,-1,0.009990613907575607
1,1,-1,1,-1,-1,1,-1,1,-1,1,1,1,1,1,-1,1,-1,1,-1,0.009990613907575607
1,1,-1,1,-1,-1,1,-1,1,1,-1,-1,1,1,-1,-1,1,-1,-1,1,0.009990613907575607
1,1,-1,1,-1,-1,1,-1,1,1,-1,-1,1,1,1,-1,-1,1,-1,-1,0.009990613907575607
1,1,-1,1,-1,-1,1,-1,1,1,-1,-1,1,1,1,1,-1,-1,-1,-1,0.009990613907575607
1,1,-1,1,-1,-1,1,-1,1,1,-1,1,-1,-1,-1,1,1,1,-1,-1,0.009990613907575607
1,1,-1,1,-1,-1,1,-1,1,1,-1,1,1,-1,-1,-1,1,-1,1,1,0.009990613907575607
1,1,-1,1,-1,-1,1,-1,1,1,-1,1,1,1,1,1,1,1,1,-1,0.009990613907575607
1,1,-1,1,-1,-1,1,-1,1,1,1,-1,-1,1,1,1,1,1,-1,1,0.009990613907575607
1,1,-1,1,-1,-1,1,-1,1,1,1,1,1,-1,1,1,1,-1,1,1,0.009990613907575607
1,1,-1,1,-1,-1,1,-1,1,1,1,1,1,1,-1,-1,1,-1,-1,-1,0.009990613907575607
1,1,-1,1,-1,-1,1,-1,1,1,1,1,1,1,1,-1,1,-1,-1,1,0.009990613907575607
1,1,-1,1,-1,-1,1,1,-1,-1,-1,-1,-1,-1,-1,-1,1,-1,1,1,0.009990613907575607
1,1,-1,1,-1,-1,1,1,-1,-1,-1,-1,1,1,-1,-1,-1,1,1,-1,0.009990613907575607
1,1,-1,1,-1,-1,1,1,-1,-1,-1,-1,1,1,1,1,1,1,1,1,0.009990613907575607
1,1,-1,1,-1,-1,1,1,-1,-1,-1,1,-1,-1,1,1,1,1,1,1,0.009990613907575607
1,1,-1,1,-1,-1,1,1,-1,-1,-1,1,-1,1,1,1,1,1,-1,-1,0.009990613907575607
1,1,-1,1,-1,-1,1,1,-1,-1,-1,1,1,1,1,-1,1,1,1,-1,0.009990613907575607
1,1,-1,1,-1,-1,1,1,-1,-1,-1,1,1,1,1,1,1,1,-1,-1,0.009990613907575607
1,1,-1,1,-1,-1,1,1,-1,-1,1,-1,-1,-1,1,-1,1,1,1,-1,0.009990613907575607
1,1,-1,1,-1,-1,1,1,-1,-1,1,-1,-1,1,-1,1,1,-1,1,-1,0.009990613907575607
1,1,-1,1,-1,-1,1,1,-1,-1,1,-1,-1,1,1,-1,-1,-1,1,1,0.009990613907575607
1,1,-1,1,-1,-1,1,1,-1,-1,1,1,-1,-1,1,-1,-1,-1,-1,-1,0.009990613907575607
1,1,-1,1,-1,-1,1,1,-1,-1,1,1,-1,1,1,1,-1,-1,-1,1,0.009990613907575607
1,1,-1,1,-1,-1,1,1,-1,-1,1,1,1,-1,1,1,-1,-1,1,1,0.009990613907575607
1,1,-1,1,-1,-1,1,1,-1,-1,1,1,1,-1,1,1,-1,1,-1,1,0.009990613907575607
1,1,-1,1,-1,-1,1,1,-1,-1,1,1,1,1,1,-1,-1,-1,-1,1,0.009990613907575607
1,1,-1,1,-1,-1,1,1,-1,-1,1,1,1,1,1,-1,-1,1,1,-1,0.009990613907575607
1,1,-1,1,-1,-1,1,1,-1,1,-1,-1,-1,-1,-1,1,-1,1,-1,-1,0.009990613907575607
1,1,-1,1,-1,-1,1,1,-1,1,-1,-1,1,-1,1,1,-1,-1,-1,-1,0.009990613907575607
1,1,-1,1,-1,-1,1,1,-1,1,-1,1,-1,1,1,-1,-1,-1,1,-1,0.009990613907575607
1,1,-1,1,-1,-1,1,1,-1,1,-1,1,1,-1,1,-1,1,1,-1,1,0.009990613907575607
1,1,-1,1,-1,-1,1,1,-1,1,1,-1,-1,1,1,1,-1,1,-1,-1,0.009990613907575607
1,1,-1,1,-1,-1,1,1,-1,1,1,-1,1,-1,-1,1,1,1,-1,-1,0.009990613907575607
1,1,-1,1,-1,-1,1,1,-1,1,1,1,-1,1,1,1,1,1,1,1,0.009990613907575607
1,1,-1,1,-1,-1,1,1,-1,1,1,1,1,1,-1,-1,-1,-1,-1,-1,0.009990613907575607
1,1,-1,1,-1,-1,1,1,-1,1,1,1,1,1,-1,1,1,1,1,1,0.009990613907575607
1,1,-1,1,-1,-1,1,1,1,-1,-1,-1,-1,-1,-1,1,-1,1,1,1,0.009990613907575607
1,1,-1,1,-1,-1,1,1,1,-1,-1,-1,1,-1,1,1,-1,-1,-1,1,0.009990613907575607
1,1,-1,1,-1,-1,1,1,1,-1,1,-1,-1,1,-1,-1,1,1,1,-1,0.009990613907575607
1,1,-1,1,-1,-1,1,1,1,-1,1,-1,-1,1,1,-1,1,1,-1,-1,0.009990613907575607
1,1,-1,1,-1,-1,1,1,1,-1,1,-1,1,-1,-1,-1,1,1,1,-1,0.009990613907575607
1,1,-1,1,-1,-1,1,1,1,-1,1,-1,1,1,1,-1,-1,1,-1,-1,0.009990613907575607
1,1,-1,1,-1,-1,1,1,1,1,-1,-1,-1,-1,-1,-1,1,1,1,-1,0.009990613907575607
1,1,-1,1,-1,-1,1,1,1,1,-1,-1,-1,1,1,-1,-1,1,1,-1,0.009990613907575607
1,1,-1,1,-1,-1,1,1,1,1,-1,-1,1,-1,-1,1,1,1,1,-1,0.009990613907575607
1,1,-1,1,-1,-1,1,1,1,1,-1,1,1,-1,-1,1,-1,1,-1,-1,0.009990613907575607
1,1,-1,1,-1,-1,1,1,1,1,1,-1,1,-1,1,1,1,-1,1,-1,0.009990613907575607
1,1,-1,1,-1,-1,1,1,1,1,1,-1,1,1,-1,1,-1,1,-1,-1,0.009990613907575607
1,1,-1,1,-1,-1,1,1,1,1,1,1,-1,1,1,1,1,-1,1,1,0.009990613907575607
1,1,-1,1,-1,-1,1,1,1,1,1,1,1,-1,1,1,-1,-1,1,1,0.009990613907575607
1,1,-1,1,-1,1,-1,-1,-1,-1,-1,-1,-1,-1,-1,1,-1,1,-1,-1,0.009990613907575607
1,1,-1,1,-1,1,-1,-1,-1,-1,-1,-1,1,-1,-1,-1,-1,1,-1,-1,0.009990613907575607
1,1,-1,1,-1,1,-1,-1,-1,-1,-1,1,-1,-1,1,-1,-1,1,1,1,0.009990613907575607
1,1,-1,1,-1,1,-1,-1,-1,-1,-1,1,1,1,-1,-1,1,1,-1,-1,0.009990613907575607
1,1,-1,1,-1,1,-1,-1,-1,-1,1,-1,-1,-1,1,1,1,-1,-1,1,0.009990613907575607
1,1,-1,1,-1,1,-1,-1,-1,-1,1,1,-1,-1,-1,-1,-1,1,1,1,0.009990613907575607
1,1,-1,1,-1,1,-1,-1,-1,-1,1,1,1,1,1,1,-1,1,1,1,0.009990613907575607
1,1,-1,1,-1,1,-1,-1,-1,1,-1,-1,-1,1,1,-1,-1,1,-1,-1,0.009990613907575607
1,1,-1,1,-1,1,-1,-1,-1,1,-1,-1,1,-1,-1,-1,-1,1,-1,1,0.009990613907575607
1,1,-1,1,-1,1,-1,-1,-1,1,-1,-1,1,1,-1,1,1,1,1,-1,0.009990613907575607
1,1,-1,1,-1,1,-1,-1,-1,1,-1,1,-1,-1,-1,1,1,1,1,1,0.009990613907575607
1,1,-1,1,-1,1,-1,-1,-1,1,-1,1,1,-1,1,1,1,1,-1,1,0.009990613907575607
1,1,-1,1,-1,1,-1,-1,-1,1,1,-1,-1,1,-1,1,-1,-1,1,-1,0.009990613907575607
1,1,-1,1,-1,1,-1,-1,-1,1,1,1,1,1,-1,-1,1,-1,-1,1,0.009990613907575607
1,1,-1,1,-1,1,-1,-1,1,-1,-1,-1,-1,-1,-1,-1,-1,-1,1,1,0.009990613907575607
1,1,-1,1,-1,1,-1,-1,1,-1,-1,-1,-1,1,1,-1,-1,-1,1,-1,0.009990613907575607
1,1,-1,1,-1,1,-1,-1,1,-1,-1,-1,1,1,-1,-1,-1,1,1,-1,0.009990613907575607
1,1,-1,1,-1,1,-1,-1,1,-1,-1,1,-1,-1,-1,-1,-1,-1,1,1,0.009990613907575607
1,1,-1,1,-1,1,-1,-1,1,-1,-1,1,-1,-1,1,1,-1,-1,-1,1,0.009990613907575607
1,1,-1,1,-1,1,-1,-1,1,-1,-1,1,-1,1,-1,1,1,1,-1,1,0.009990613907575607
1,1,-1,1,-1,1,-1,-1,1,-1,-1,1,-1,1,1,1,-1,-1,-1,1,0.009990613907575607
1,1,-1,1,-1,1,-1,-1,1,-1,-1,1,1,-1,-1,1,1,1,-1,-1,0.009990613907575607
1,1,-1,1,-1,1,-1,-1,1,-1,-1,1,1,1,-1,1,1,1,-1,-1,0.009990613907575607
1,1,-1,1,-1,1,-1,-1,1,-1,1,-1,-1,-1,-1,1,1,-1,-1,1,0.009990613907575607
1,1,-1,1,-1,1,-1,-1,1,-1,1,-1,-1,-1,1,-1,1,1,-1,1,0.009990613907575607
1,1,-1,1,-1,1,-1,-1,1,-1,1,-1,-1,1,-1,1,-1,1,-1,1,0.009990613907575607
1,1,-1,1,-1,1,-1,-1,1,-1,1,-1,-1,1,1,-1,1,-1,1,1,0.009990613907575607
1,1,-1,1,-1,1,-1,-1,1,-1,1,1,-1,1,-1,1,1,1,1,1,0.009990613907575607
1,1,-1,1,-1,1,-1,-1,1,1,-1,-1,-1,-1,-1,1,-1,-1,1,-1,0.009990613907575607
1,1,-1,1,-1,1,-1,-1,1,1,-1,-1,-1,-1,-1,1,-1,1,1,-1,0.009990613907575607
1,1,-1,1,-1,1,-1,-1,1,1,-1,-1,-1,-1,1,-1,-1,-1,1,1,0.009990613907575607
1,1,-1,1,-1,1,-1,-1,1,1,-1,-1,1,1,1,1,-1,-1,-1,1,0.009990613907575607
1,1,-1,1,-1,1,-1,-1,1,1,-1,1,-1,1,1,1,-1,1,1,1,0.009990613907575607
1,1,-1,1,-1,1,-1,-1,1,1,1,-1,-1,-1,-1,1,-1,1,1,1,0.009990613907575607
1,1,-1,1,-1,1,-1,-1,1,1,1,-1,1,-1,1,-1,-1,-1,-1,-1,0.009990613907575607
1,1,-1,1,-1,1,-1,-1,1,1,1,-1,1,1,1,-1,-1,-1,-1,1,0.009990613907575607
1,1,-1,1,-1,1,-1,-1,1,1,1,1,-1,-1,-1,1,-1,-1,-1,-1,0.009990613907575607
1,1,-1,1,-1,1,-1,1,-1,-1,-1,-1,-1,1,-1,-1,1,-1,-1,-1,0.009990613907575607
1,1,-1,1,-1,1,-1,1,-1,-1,-1,-1,-1,1,1,-1,1,-1,1,-1,0.009990613907575607
1,1,-1,1,-1,1,-1,1,-1,-1,-1,1,-1,-1,-1,1,1,-1,-1,-1,0.009990613907575607
1,1,-1,1,-1,1,-1,1,-1,-1,-1,1,-1,1,1,1,-1,1,1,1,0.009990613907575607
1,1,-1,1,-1,1,-1,1,-1,-1,1,-1,-1,-1,-1,1,-1,-1,-1,-1,0.009990613907575607
1,1,-1,1,-1,1,-1,1,-1,-1,1,-1,1,-1,-1,-1,-1,1,1,1,0.009990613907575607
1,1,-1,1,-1,1,-1,1,-1,-1,1,-1,1,1,-1,1,-1,-1,1,1,0.009990613907575607
1,1,-1,1,-1,1,-1,1,-1,-1,1,1,-1,1,1,-1,1,-1,1,1,0.009990613907575607
1,1,-1,1,-1,1,-1,1,-1,-1,1,1,1,1,1,1,1,-1,1,-1,0.009990613907575607
1,1,-1,1,-1,1,-1,1,-1,1,-1,-1,-1,-1,-1,1,1,-1,1,-1,0.009990613907575607
1,1,-1,1,-1,1,-1,1,-1,1,-1,-1,1,-1,1,1,-1,-1,-1,-1,0.009990613907575607
1,1,-1,1,-1,1,-1,1,-1,1,-1,-1,1,-1,1,1,1,1,-1,-1,0.009990613907575607
1,1,-1,1,-1,1,-1,1,-1,1,-1,-1,1,1,-1,1,-1,1,1,1,0.009990613907575607
1,1,-1,1,-1,1,-1,1,-1,1,-1,1,-1,1,-1,1,1,1,1,1,0.009990613907575607
1,1,-1,1,-1,1,-1,1,-1,1,-1,1,-1,1,1,1,1,-1,-1,-1,0.009990613907575607
1,1,-1,1,-1,1,-1,1,-1,1,-1,1,1,-1,1,1,1,1,-1,-1,0.009990613907575607
1,1,-1,1,-1,1,-1,1,-1,1,-1,1,1,1,1,1,-1,1,-1,1,0.009990613907575607
1,1,-1,1,-1,1,-1,1,-1,1,1,-1,-1,1,1,-1,-1,-1,-1,1,0.009990613907575607
1,1,-1,1,-1,1,-1,1,-1,1,1,1,-1,1,1,-1,-1,1,-1,1,0.009990613907575607
1,1,-1,1,-1,1,-1,1,1,-1,-1,-1,-1,-1,-1,1,-1,-1,1,-1,0.009990613907575607
1,1,-1,1,-1,1,-1,1,1,-1,-1,-1,-1,-1,-1,1,1,1,-1,1,0.009990613907575607
1,1,-1,1,-1,1,-1,1,1,-1,-1,-1,1,1,-1,-1,1,-1,1,1,0.009990613907575607
1,1,-1,1,-1,1,-1,1,1,-1,-1,-1,1,1,1,1,1,-1,1,-1,0.009990613907575607
1,1,-1,1,-1,1,-1,1,1,-1,-1,1,-1,-1,-1,-1,-1,1,1,-1,0.009990613907575607
1,1,-1,1,-1,1,-1,1,1,-1,-1,1,-1,-1,-1,1,-1,-1,-1,-1,0.009990613907575607
1,1,-1,1,-1,1,-1,1,1,-1,1,1,-1,-1,1,-1,-1,1,1,-1,0.009990613907575607
1,1,-1,1,-1,1,-1,1,1,-1,1,1,1,-1,1,-1,1,1,1,-1,0.009990613907575607
1,1,-1,1,-1,1,-1,1,1,-1,1,1,1,-1,1,1,1,1,-1,1,0.009990613907575607
1,1,-1,1,-1,1,-1,1,1,-1,1,1,1,1,1,1,-1,-1,-1,1,0.009990613907575607
1,1,-1,1,-1,1,-1,1,1,1,-1,-1,-1,1,-1,1,-1,-1,1,1,0.009990613907575607
1,1,-1,1,-1,1,-1,1,1,1,-1,-1,1,-1,-1,1,1,-1,-1,1,0.009990613907575607
1,1,-1,1,-1,1,-1,1,1,1,-1,1,-1,-1,1,1,1,-1,-1,1,0.009990613907575607
1,1,-1,1,-1,1,-1,1,1,1,-1,1,1,-1,-1,1,-1,1,1,-1,0.009990613907575607
1,1,-1,1,-1,1,-1,1,1,1,-1,1,1,-1,1,-1,-1,1,-1,-1,0.009990613907575607
1,1,-1,1,-1,1,-1,1,1,1,-1,1,1,-1,1,1,1,1,1,1,0.009990613907575607
1,1,-1,1,-1,1,-1,1,1,1,1,-1,-1,-1,1,1,1,-1,-1,-1,0.009990613907575607
1,1,-1,1,-1,1,-1,1,1,1,1,-1,1,1,1,-1,1,-1,-1,-1,0.009990613907575607
1,1,-1,1,-1,1,1,-1,-1,-1,-1,-1,-1,-1,-1,1,-1,-1,1,1,0.009990613907575607
1,1,-1,1,-1,1,1,-1,-1,-1,-1,1,-1,-1,1,1,1,1,-1,1,0.009990613907575607
1,1,-1,1,-1,1,1,-1,-1,-1,-1,1,1,1,-1,1,1,-1,1,-1,0.009990613907575607
1,1,-1,1,-1,1,1,-1,-1,-1,1,-1,-1,-1,-1,1,-1,-1,-1,1,0.009990613907575607
1,1,-1,1,-1,1,1,-1,-1,-1,1,1,-1,1,-1,-1,1,-1,1,1,0.009990613907575607
1,1,-1,1,-1,1,1,-1,-1,-1,1,1,-1,1,-1,1,-1,1,1,1,0.009990613907575607
1,1,-1,1,-1,1,1,-1,-1,-1,1,1,1,1,-1,-1,-1,-1,1,1,0.009990613907575607
1,1,-1,1,-1,1,1,-1,-1,-1,1,1,1,1,1,-1,-1,-1,1,1,0.009990613907575607
1,1,-1,1,-1,1,1,-1,-1,1,-1,-1,-1,-1,1,-1,1,1,1,1,0.009990613907575607
1,1,-1,1,-1,1,1,-1,-1,1,-1,1,-1,-1,1,1,1,1,1,1,0.009990613907575607
1,1,-1,1,-1,1,1,-1,-1,1,-1,1,1,-1,-1,1,-1,-1,1,1,0.009990613907575607
1,1,-1,1,-1,1,1,-1,-1,1,1,-1,1,1,1,-1,1,1,-1,-1,0.009990613907575607
1,1,-1,1,-1,1,1,-1,-1,1,1,-1,1,1,1,1,-1,-1,-1,1,0.009990613907575607
1,1,-1,1,-1,1,1,-1,-1,1,1,1,-1,-1,1,-1,1,-1,1,-1,0.009990613907575607
1,1,-1,1,-1,1,1,-1,-1,1,1,1,-1,1,1,-1,1,-1,-1,-1,0.009990613907575607
1,1,-1,1,-1,1,1,-1,-1,1,1,1,-1,1,1,1,-1,1,-1,1,0.009990613907575607
1,1,-1,1,-1,1,1,-1,1,-1,-1,-1,-1,-1,-1,-1,-1,1,1,-1,0.009990613907575607
1,1,-1,1,-1,1,1,-1,1,-1,-1,-1,-1,-1,-1,1,-1,-1,1,1,0.009990613907575607
1,1,-1,1,-1,1,1,-1,1,-1,-1,-1,-1,-1,1,1,-1,1,-1,-1,0.009990613907575607
1,1,-1,1,-1,1,1,-1,1,-1,-1,1,-1,-1,-1,-1,-1,-1,-1,1,0.009990613907575607
1,1,-1,1,-1,1,1,-1,1,-1,1,-1,1,1,1,-1,-1,1,1,-1,0.009990613907575607
1,1,-1,1,-1,1,1,-1,1,-1,1,1,-1,1,1,-1,-1,1,-1,-1,0.009990613907575607
1,1,-1,1,-1,1,1,-1,1,-1,1,1,1,1,1,1,1,1,-1,1,0.009990613907575607
1,1,-1,1,-1,1,1,-1,1,1,-1,-1,-1,1,-1,-1,1,1,1,1,0.009990613907575607
1,1,-1,1,-1,1,1,-1,1,1,-1,-1,1,1,-1,-1,1,1,-1,1,0.009990613907575607
1,1,-1,1,-1,1,1,-1,1,1,-1,-1,1,1,-1,-1,1,1,1,1,0.009990613907575607
1,1,-1,1,-1,1,1,-1,1,1,-1,-1,1,1,1,1,1,1,1,-1,0.009990613907575607
1,1,-1,1,-1,1,1,-1,1,1,-1,1,-1,1,-1,-1,-1,-1,1,1,0.009990613907575607
1,1,-1,1,-1,1,1,-1,1,1,-1,1,1,1,1,-1,-1,1,1,1,0.009990613907575607
1,1,-1,1,-1,1,1,-1,1,1,1,-1,-1,-1,1,-1,-1,-1,-1,1,0.009990613907575607
1,1,-1,1,-1,1,1,-1,1,1,1,-1,-1,1,-1,1,-1,-1,1,-1,0.009990613907575607
1,1,-1,1,-1,1,1,-1,1,1,1,-1,1,-1,1,1,-1,1,1,-1,0.009990613907575607
1,1,-1,1,-1,1,1,1,-1,-1,-1,1,1,-1,1,1,-1,1,1,-1,0.009990613907575607
1,1,-1,1,-1,1,1,1,-1,-1,1,-1,1,-1,-1,-1,-1,1,1,-1,0.009990613907575607
1,1,-1,1,-1,1,1,1,-1,-1,1,-1,1,-1,1,-1,1,1,1,-1,0.009990613907575607
1,1,-1,1,-1,1,1,1,-1,-1,1,-1,1,-1,1,1,-1,-1,1,1,0.009990613907575607
1,1,-1,1,-1,1,1,1,-1,-1,1,1,-1,1,-1,-1,-1,-1,-1,-1,0.009990613907575607
1,1,-1,1,-1,1,1,1,-1,-1,1,1,-1,1,-1,-1,1,1,-1,-1,0.009990613907575607
1,1,-1,1,-1,1,1,1,-1,-1,1,1,1,-1,1,1,-1,-1,-1,1,0.009990613907575607
1,1,-1,1,-1,1,1,1,-1,-1,1,1,1,1,1,-1,1,1,-1,-1,0.009990613907575607
1,1,-1,1,-1,1,1,1,-1,1,-1,-1,-1,-1,1,-1,-1,1,1,-1,0.009990613907575607
1,1,-1,1,-1,1,1,1,-1,1,-1,1,-1,1,-1,1,-1,-1,1,1,0.009990613907575607
1,1,-1,1,-1,1,1,1,-1,1,1,-1,1,-1,-1,1,1,1,1,1,0.009990613907575607
1,1,-1,1,-1,1,1,1,1,-1,-1,-1,-1,-1,1,-1,-1,-1,-1,-1,0.009990613907575607
1,1,-1,1,-1,1,1,1,1,-1,-1,-1,-1,-1,1,-1,1,-1,1,-1,0.009990613907575607
1,1,-1,1,-1,1,1,1,1,-1,-1,-1,-1,1,1,1,-1,-1,1,-1,0.009990613907575607
1,1,-1,1,-1,1,1,1,1,-1,-1,-1,1,-1,1,1,-1,1,1,1,0.009990613907575607
1,1,-1,1,-1,1,1,1,1,-1,-1,-1,1,1,-1,1,-1,-1,1,-1,0.009990613907575607
1,1,-1,1,-1,1,1,1,1,-1,-1,1,-1,-1,-1,-1,-1,1,1,-1,0.009990613907575607
1,1,-1,1,-1,1,1,1,1,-1,-1,1,-1,-1,-1,1,-1,-1,-1,-1,0.009990613907575607
1,1,-1,1,-1,1,1,1,1,-1,-1,1,1,-1,1,1,1,-1,-1,-1,0.009990613907575607
1,1,-1,1,-1,1,1,1,1,-1,1,-1,-1,1,1,1,-1,-1,1,1,0.009990613907575607
1,1,-1,1,-1,1,1,1,1,-1,1,-1,1,-1,-1,1,1,1,-1,1,0.009990613907575607
1,1,-1,1,-1,1,1,1,1,-1,1,-1,1,1,1,-1,1,1,-1,-1,0.009990613907575607
1,1,-1,1,-1,1,1,1,1,1,-1,-1,1,-1,1,-1,-1,1,-1,1,0.009990613907575607
1,1,-1,1,-1,1,1,1,1,1,-1,-1,1,1,-1,1,1,-1,1,-1,0.009990613907575607
1,1,-1,1,-1,1,1,1,1,1,-1,1,1,-1,1,-1,1,1,1,-1,0.009990613907575607
1,1,-1,1,-1,1,1,1,1,1,1,-1,-1,1,-1,-1,1,1,-1,1,0.009990613907575607
1,1,-1,1,-1,1,1,1,1,1,1,-1,-1,1,-1,1,-1,1,-1,1,0.009990613907575607
1,1,-1,1,-1,1,1,1,1,1,1,-1,1,-1,-1,-1,-1,1,-1,-1,0.009990613907575607
1,1,-1,1,-1,1,1,1,1,1,1,-1,1,1,1,1,-1,1,-1,-1,0.009990613907575607
1,1,-1,1,-1,1,1,1,1,1,1,1,-1,-1,-1,1,1,1,-1,1,0.009990613907575607
1,1,-1,1,-1,1,1,1,1,1,1,1,1,-1,1,-1,-1,1,1,1,0.009990613907575607
1,1,-1,1,-1,1,1,1,1,1,1,1,1,1,-1,1,-1,-1,1,1,0.009990613907575607
1,1,-1,1,-1,1,1,1,1,1,1,1,1,1,1,1,-1,-1,1,1,0.009990613907575607
1,1,-1,1,1,-1,-1,-1,-1,-1,-1,-1,-1,1,1,-1,-1,-1,1,1,0.009990613907575607
1,1,-1,1,1,-1,-1,-1,-1,-1,-1,-1,1,-1,1,-1,1,-1,-1,-1,0.009990613907575607
1,1,-1,1,1,-1,-1,-1,-1,-1,-1,1,-1,-1,-1,1,-1,-1,1,-1,0.009990613907575607
1,1,-1,1,1,-1,-1,-1,-1,-1,1,-1,-1,1,-1,1,-1,-1,1,-1,0.009990613907575607
1,1,-1,1,1,-1,-1,-1,-1,-1,1,1,-1,1,1,-1,-1,1,-1,-1,0.009990613907575607
1,1,-1,1,1,-1,-1,-1,-1,-1,1,1,1,-1,-1,-1,-1,-1,1,-1,0.009990613907575607
1,1,-1,1,1,-1,-1,-1,-1,-1,1,1,1,-1,-1,1,-1,-1,1,-1,0.009990613907575607
1,1,-1,1,1,-1,-1,-1,-1,1,-1,-1,-1,-1,1,1,1,1,1,-1,0.009990613907575607
1,1,-1,1,1,-1,-1,-1,-1,1,-1,-1,-1,1,1,1,1,1,-1,1,0.009990613907575607
1,1,-1,1,1,-1,-1,-1,-1,1,-1,1,-1,-1,1,1,1,1,-1,1,0.009990613907575607
1,1,-1,1,1,-1,-1,-1,-1,1,-1,1,-1,1,1,1,1,1,1,-1,0.009990613907575607
1,1,-1,1,1,-1,-1,-1,-1,1,-1,1,1,1,-1,1,-1,1,-1,-1,0.009990613907575607
1,1,-1,1,1,-1,-1,-1,-1,1,-1,1,1,1,1,-1,1,1,-1,1,0.009990613907575607
1,1,-1,1,1,-1,-1,-1,-1,1,-1,1,1,1,1,1,1,1,1,-1,0.009990613907575607
1,1,-1,1,1,-1,-1,-1,-1,1,1,-1,-1,-1,-1,1,1,1,1,-1,0.009990613907575607
1,1,-1,1,1,-1,-1,-1,-1,1,1,-1,-1,-1,1,-1,1,-1,-1,1,0.009990613907575607
1,1,-1,1,1,-1,-1,-1,-1,1,1,-1,1,-1,-1,1,-1,-1,-1,1,0.009990613907575607
1,1,-1,1,1,-1,-1,-1,-1,1,1,1,-1,1,-1,1,-1,-1,1,1,0.009990613907575607
1,1,-1,1,1,-1,-1,-1,-1,1,1,1,-1,1,1,1,-1,1,1,1,0.009990613907575607
1,1,-1,1,1,-1,-1,-1,-1,1,1,1,1,1,-1,-1,-1,-1,-1,-1,0.009990613907575607
1,1,-1,1,1,-1,-1,-1,-1,1,1,1,1,1,-1,1,-1,1,1,1,0.009990613907575607
1,1,-1,1,1,-1,-1,-1,1,-1,-1,-1,-1,-1,-1,1,1,1,-1,1,0.009990613907575607
1,1,-1,1,1,-1,-1,-1,1,-1,-1,-1,1,-1,-1,1,-1,-1,-1,-1,0.009990613907575607
1,1,-1,1,1,-1,-1,-1,1,-1,-1,-1,1,-1,-1,1,1,-1,-1,1,0.009990613907575607
1,1,-1,1,1,-1,-1,-1,1,-1,-1,-1,1,-1,1,-1,1,-1,1,-1,0.009990613907575607
1,1,-1,1,1,-1,-1,-1,1,-1,-1,-1,1,-1,1,1,-1,-1,1,-1,0.009990613907575607
1,1,-1,1,1,-1,-1,-1,1,-1,-1,1,-1,1,-1,-1,1,-1,1,1,0.009990613907575607
1,1,-1,1,1,-1,-1,-1,1,-1,-1,1,1,-1,1,1,-1,1,-1,-1,0.009990613907575607
1,1,-1,1,1,-1,-1,-1,1,-1,1,-1,-1,-1,1,-1,1,-1,1,-1,0.009990613907575607
1,1,-1,1,1,-1,-1,-1,1,1,-1,-1,-1,-1,-1,1,-1,-1,-1,-1,0.009990613907575607
1,1,-1,1,1,-1,-1,-1,1,1,-1,-1,-1,1,-1,-1,1,1,1,-1,0.009990613907575607
1,1,-1,1,1,-1,-1,-1,1,1,-1,-1,-1,1,-1,1,1,1,-1,1,0.009990613907575607
1,1,-1,1,1,-1,-1,-1,1,1,-1,-1,1,-1,-1,-1,-1,-1,-1,1,0.009990613907575607
1,1,-1,1,1,-1,-1,-1,1,1,-1,-1,1,-1,-1,-1,-1,1,-1,1,0.009990613907575607
1,1,-1,1,1,-1,-1,-1,1,1,-1,-1,1,1,-1,1,1,1,-1,1,0.009990613907575607
1,1,-1,1,1,-1,-1,-1,1,1,-1,-1,1,1,1,-1,1,1,-1,-1,0.009990613907575607
1,1,-1,1,1,-1,-1,-1,1,1,-1,1,1,-1,-1,1,1,-1,1,1,0.009990613907575607
1,1,-1,1,1,-1,-1,-1,1,1,1,-1,1,1,1,-1,1,-1,-1,-1,0.009990613907575607
1,1,-1,1,1,-1,-1,1,-1,-1,-1,-1,-1,1,1,1,-1,1,-1,1,0.009990613907575607
1,1,-1,1,1,-1,-1,1,-1,-1,-1,-1,1,-1,-1,1,-1,-1,-1,-1,0.009990613907575607
1,1,-1,1,1,-1,-1,1,-1,-1,-1,-1,1,1,-1,1,-1,1,-1,1,0.009990613907575607
1,1,-1,1,1,-1,-1,1,-1,-1,-1,-1,1,1,1,-1,1,1,1,1,0.009990613907575607
1,1,-1,1,1,-1,-1,1,-1,-1,-1,1,1,-1,1,-1,1,-1,-1,1,0.009990613907575607
1,1,-1,1,1,-1,-1,1,-1,-1,1,-1,-1,-1,-1,1,-1,1,-1,1,0.009990613907575607
1,1,-1,1,1,-1,-1,1,-1,-1,1,1,-1,-1,1,1,-1,1,-1,-1,0.009990613907575607
1,1,-1,1,1,-1,-1,1,-1,-1,1,1,-1,1,1,1,1,1,1,1,0.009990613907575607
1,1,-1,1,1,-1,-1,1,-1,1,-1,-1,-1,1,-1,-1,1,1,-1,-1,0.009990613907575607
1,1,-1,1,1,-1,-1,1,-1,1,-1,-1,-1,1,-1,1,-1,1,-1,-1,0.009990613907575607
1,1,-1,1,1,-1,-1,1,-1,1,-1,-1,1,1,-1,-1,-1,1,-1,1,0.009990613907575607
1,1,-1,1,1,-1,-1,1,-1,1,-1,1,-1,-1,1,-1,1,1,1,1,0.009990613907575607
1,1,-1,1,1,-1,-1,1,-1,1,1,-1,-1,1,-1,1,1,1,-1,1,0.009990613907575607
1,1,-1,1,1,-1,-1,1,-1,1,1,-1,1,-1,1,1,-1,1,1,1,0.009990613907575607
1,1,-1,1,1,-1,-1,1,-1,1,1,1,-1,-1,-1,1,-1,-1,1,1,0.009990613907575607
1,1,-1,1,1,-1,-1,1,1,-1,-1,-1,1,-1,-1,-1,1,-1,-1,-1,0.009990613907575607
1,1,-1,1,1,-1,-1,1,1,-1,-1,-1,1,1,-1,-1,-1,-1,-1,1,0.009990613907575607
1,1,-1,1,1,-1,-1,1,1,-1,-1,-1,1,1,-1,-1,1,-1,1,-1,0.009990613907575607
1,1,-1,1,1,-1,-1,1,1,-1,-1,-1,1,1,1,-1,-1,-1,-1,-1,0.009990613907575607
1,1,-1,1,1,-1,-1,1,1,-1,-1,1,-1,-1,1,1,1,-1,1,1,0.009990613907575607
1,1,-1,1,1,-1,-1,1,1,-1,1,-1,-1,-1,1,-1,-1,-1,-1,1,0.009990613907575607
1,1,-1,1,1,-1,-1,1,1,-1,1,-1,-1,1,-1,1,1,1,1,1,0.009990613907575607
1,1,-1,1,1,-1,-1,1,1,-1,1,-1,1,1,-1,-1,1,-1,1,1,0.009990613907575607
1,1,-1,1,1,-1,-1,1,1,-1,1,1,1,1,-1,1,1,1,1,-1,0.009990613907575607
1,1,-1,1,1,-1,-1,1,1,1,-1,-1,-1,-1,1,1,1,1,-1,-1,0.009990613907575607
1,1,-1,1,1,-1,-1,1,1,1,-1,-1,-1,1,1,1,1,1,-1,-1,0.009990613907575607
1,1,-1,1,1,-1,-1,1,1,1,-1,1,-1,1,-1,1,1,1,-1,1,0.009990613907575607
1,1,-1,1,1,-1,-1,1,1,1,-1,1,-1,1,1,-1,1,-1,1,-1,0.009990613907575607
1,1,-1,1,1,-1,-1,1,1,1,1,-1,-1,-1,-1,-1,1,-1,-1,1,0.009990613907575607
1,1,-1,1,1,-1,-1,1,1,1,1,-1,1,-1,-1,1,-1,1,1,1,0.009990613907575607
1,1,-1,1,1,-1,-1,1,1,1,1,-1,1,-1,-1,1,1,-1,-1,-1,0.009990613907575607
1,1,-1,1,1,-1,-1,1,1,1,1,-1,1,1,1,1,-1,-1,1,-1,0.009990613907575607
1,1,-1,1,1,-1,-1,1,1,1,1,1,-1,-1,1,-1,-1,-1,-1,-1,0.009990613907575607
1,1,-1,1,1,-1,-1,1,1,1,1,1,-1,-1,1,1,-1,-1,-1,1,0.009990613907575607
1,1,-1,1,1,-1,-1,1,1,1,1,1,-1,1,-1,-1,1,-1,-1,-1,0.009990613907575607
1,1,-1,1,1,-1,-1,1,1,1,1,1,-1,1,1,-1,-1,1,-1,1,0.009990613907575607
1,1,-1,1,1,-1,1,-1,-1,-1,-1,-1,-1,-1,1,-1,1,1,1,1,0.009990613907575607
1,1,-1,1,1,-1,1,-1,-1,-1,-1,-1,1,-1,-1,-1,-1,-1,-1,-1,0.009990613907575607
1,1,-1,1,1,-1,1,-1,-1,-1,-1,-1,1,-1,-1,-1,-1,1,1,1,0.009990613907575607
1,1,-1,1,1,-1,1,-1,-1,-1,-1,1,-1,-1,1,1,1,-1,-1,-1,0.009990613907575607
1,1,-1,1,1,-1,1,-1,-1,-1,-1,1,1,-1,1,-1,1,1,1,1,0.009990613907575607
1,1,-1,1,1,-1,1,-1,-1,-1,-1,1,1,-1,1,1,-1,-1,1,1,0.009990613907575607
1,1,-1,1,1,-1,1,-1,-1,-1,1,-1,1,-1,-1,1,-1,-1,-1,1,0.009990613907575607
1,1,-1,1,1,-1,1,-1,-1,-1,1,1,1,1,-1,1,1,1,-1,1,0.009990613907575607
1,1,-1,1,1,-1,1,-1,-1,-1,1,1,1,1,1,-1,-1,-1,-1,1,0.009990613907575607
1,1,-1,1,1,-1,1,-1,-1,1,-1,1,-1,1,1,-1,-1,-1,1,-1,0.009990613907575607
1,1,-1,1,1,-1,1,-1,-1,1,1,-1,-1,-1,1,1,-1,1,-1,1,0.009990613907575607
1,1,-1,1,1,-1,1,-1,-1,1,1,-1,1,-1,1,1,-1,-1,1,-1,0.009990613907575607
1,1,-1,1,1,-1,1,-1,-1,1,1,-1,1,1,1,1,-1,1,-1,-1,0.009990613907575607
1,1,-1,1,1,-1,1,-1,-1,1,1,1,-1,1,1,-1,-1,1,1,1,0.009990613907575607
1,1,-1,1,1,-1,1,-1,-1,1,1,1,1,-1,-1,1,1,1,-1,-1,0.009990613907575607
1,1,-1,1,1,-1,1,-1,1,-1,-1,-1,-1,1,-1,1,1,-1,1,1,0.009990613907575607
1,1,-1,1,1,-1,1,-1,1,-1,-1,-1,1,1,1,-1,1,1,1,1,0.009990613907575607
1,1,-1,1,1,-1,1,-1,1,-1,-1,1,-1,1,1,1,-1,-1,1,1,0.009990613907575607
1,1,-1,1,1,-1,1,-1,1,-1,-1,1,-1,1,1,1,1,-1,1,-1,0.009990613907575607
1,1,-1,1,1,-1,1,-1,1,-1,-1,1,1,-1,-1,1,-1,1,1,1,0.009990613907575607
1,1,-1,1,1,-1,1,-1,1,-1,-1,1,1,-1,1,1,1,1,-1,1,0.009990613907575607
1,1,-1,1,1,-1,1,-1,1,-1,-1,1,1,1,1,-1,-1,-1,-1,-1,0.009990613907575607
1,1,-1,1,1,-1,1,-1,1,-1,-1,1,1,1,1,1,1,-1,-1,-1,0.009990613907575607
1,1,-1,1,1,-1,1,-1,1,-1,1,-1,-1,1,-1,-1,1,-1,-1,-1,0.009990613907575607
1,1,-1,1,1,-1,1,-1,1,-1,1,-1,-1,1,-1,1,1,1,1,1,0.009990613907575607
1,1,-1,1,1,-1,1,-1,1,-1,1,-1,1,-1,1,-1,1,1,1,-1,0.009990613907575607
1,1,-1,1,1,-1,1,-1,1,-1,1,-1,1,1,-1,-1,1,-1,-1,-1,0.009990613907575607
1,1,-1,1,1,-1,1,-1,1,-1,1,1,-1,-1,1,1,1,-1,-1,1,0.009990613907575607
1,1,-1,1,1,-1,1,-1,1,-1,1,1,-1,1,-1,-1,-1,1,1,-1,0.009990613907575607
1,1,-1,1,1,-1,1,-1,1,-1,1,1,1,-1,-1,-1,1,-1,1,-1,0.009990613907575607
1,1,-1,1,1,-1,1,-1,1,-1,1,1,1,1,-1,-1,-1,-1,-1,-1,0.009990613907575607
1,1,-1,1,1,-1,1,-1,1,-1,1,1,1,1,-1,1,1,-1,1,1,0.009990613907575607
1,1,-1,1,1,-1,1,-1,1,1,-1,-1,-1,1,1,-1,-1,1,-1,-1,0.009990613907575607
1,1,-1,1,1,-1,1,-1,1,1,-1,-1,1,1,-1,-1,-1,-1,-1,-1,0.009990613907575607
1,1,-1,1,1,-1,1,-1,1,1,-1,1,-1,-1,-1,1,-1,1,1,1,0.009990613907575607
1,1,-1,1,1,-1,1,-1,1,1,-1,1,1,1,-1,-1,-1,-1,-1,-1,0.009990613907575607
1,1,-1,1,1,-1,1,-1,1,1,-1,1,1,1,1,-1,1,1,1,1,0.009990613907575607
1,1,-1,1,1,-1,1,-1,1,1,1,-1,-1,1,1,-1,-1,1,-1,1,0.009990613907575607
1,1,-1,1,1,-1,1,-1,1,1,1,-1,1,1,1,-1,1,-1,-1,1,0.009990613907575607
1,1,-1,1,1,-1,1,-1,1,1,1,1,-1,-1,-1,-1,1,1,1,1,0.009990613907575607
1,1,-1,1,1,-1,1,-1,1,1,1,1,-1,1,-1,-1,1,1,1,-1,0.009990613907575607
1,1,-1,1,1,-1,1,-1,1,1,1,1,-1,1,1,-1,1,1,1,1,0.009990613907575607
1,1,-1,1,1,-1,1,-1,1,1,1,1,1,-1,-1,-1,1,1,-1,1,0.009990613907575607
1,1,-1,1,1,-1,1,-1,1,1,1,1,1,-1,1,1,-1,-1,-1,1,0.009990613907575607
1,1,-1,1,1,-1,1,-1,1,1,1,1,1,1,1,1,-1,-1,-1,1,0.009990613907575607
1,1,-1,1,1,-1,1,-1,1,1,1,1,1,1,1,1,1,1,1,1,0.009990613907575607
1,1,-1,1,1,-1,1,1,-1,-1,-1,1,-1,1,1,1,1,-1,1,1,0.009990613907575607
1,1,-1,1,1,-1,1,1,-1,-1,-1,1,1,-1,1,-1,1,-1,1,1,0.009990613907575607
1,1,-1,1,1,-1,1,1,-1,-1,1,-1,-1,1,1,-1,-1,1,-1,1,0.009990613907575607
1,1,-1,1,1,-1,1,1,-1,-1,1,-1,-1,1,1,-1,1,-1,-1,1,0.009990613907575607
1,1,-1,1,1,-1,1,1,-1,-1,1,1,1,-1,1,-1,1,1,-1,-1,0.009990613907575607
1,1,-1,1,1,-1,1,1,-1,1,-1,-1,-1,-1,-1,1,-1,1,1,-1,0.009990613907575607
1,1,-1,1,1,-1,1,1,-1,1,-1,-1,-1,-1,-1,1,1,1,1,-1,0.009990613907575607
1,1,-1,1,1,-1,1,1,-1,1,-1,-1,-1,1,1,1,1,1,-1,1,0.009990613907575607
1,1,-1,1,1,-1,1,1,-1,1,-1,-1,1,-1,-1,-1,-1,1,1,-1,0.009990613907575607
1,1,-1,1,1,-1,1,1,-1,1,-1,-1,1,1,-1,-1,1,1,1,-1,0.009990613907575607
1,1,-1,1,1,-1,1,1,-1,1,-1,-1,1,1,-1,1,-1,1,-1,-1,0.009990613907575607
1,1,-1,1,1,-1,1,1,-1,1,-1,-1,1,1,1,-1,-1,1,-1,1,0.009990613907575607
1,1,-1,1,1,-1,1,1,-1,1,-1,1,-1,1,-1,-1,-1,1,1,-1,0.009990613907575607
1,1,-1,1,1,-1,1,1,-1,1,-1,1,-1,1,-1,-1,1,1,1,-1,0.009990613907575607
1,1,-1,1,1,-1,1,1,-1,1,-1,1,1,1,-1,1,-1,-1,1,1,0.009990613907575607
1,1,-1,1,1,-1,1,1,-1,1,1,-1,1,-1,-1,-1,-1,1,1,1,0.009990613907575607
1,1,-1,1,1,-1,1,1,-1,1,1,-1,1,-1,1,1,1,1,-1,-1,0.009990613907575607
1,1,-1,1,1,-1,1,1,-1,1,1,-1,1,1,1,-1,1,1,-1,-1,0.009990613907575607
1,1,-1,1,1,-1,1,1,-1,1,1,1,-1,-1,-1,1,-1,1,-1,1,0.009990613907575607
1,1,-1,1,1,-1,1,1,-1,1,1,1,-1,-1,-1,1,1,1,-1,1,0.009990613907575607
1,1,-1,1,1,-1,1,1,-1,1,1,1,-1,-1,1,-1,1,-1,1,-1,0.009990613907575607
1,1,-1,1,1,-1,1,1,-1,1,1,1,-1,1,-1,-1,1,-1,-1,1,0.009990613907575607
1,1,-1,1,1,-1,1,1,-1,1,1,1,-1,1,-1,-1,1,-1,1,1,0.009990613907575607
1,1,-1,1,1,-1,1,1,1,-1,-1,1,-1,-1,-1,-1,-1,1,1,-1,0.009990613907575607
1,1,-1,1,1,-1,1,1,1,-1,-1,1,-1,-1,-1,-1,1,-1,-1,1,0.009990613907575607
1,1,-1,1,1,-1,1,1,1,-1,-1,1,1,1,1,-1,1,-1,-1,-1,0.009990613907575607
1,1,-1,1,1,-1,1,1,1,-1,1,-1,-1,1,-1,-1,-1,-1,1,-1,0.009990613907575607
1,1,-1,1,1,-1,1,1,1,-1,1,1,-1,1,-1,-1,-1,-1,-1,1,0.009990613907575607
1,1,-1,1,1,-1,1,1,1,-1,1,1,1,1,1,-1,1,-1,1,1,0.009990613907575607
1,1,-1,1,1,-1,1,1,1,1,-1,-1,-1,-1,-1,-1,-1,-1,-1,1,0.009990613907575607
1,1,-1,1,1,-1,1,1,1,1,-1,-1,-1,1,1,-1,-1,-1,1,1,0.009990613907575607
1,1,-1,1,1,-1,1,1,1,1,-1,1,-1,-1,1,1,1,1,-1,-1,0.009990613907575607
1,1,-1,1,1,-1,1,1,1,1,-1,1,-1,-1,1,1,1,1,1,-1,0.009990613907575607
1,1,-1,1,1,-1,1,1,1,1,1,-1,-1,-1,-1,-1,-1,1,1,1,0.009990613907575607
1,1,-1,1,1,-1,1,1,1,1,1,-1,-1,-1,-1,-1,1,1,-1,-1,0.009990613907575607
1,1,-1,1,1,-1,1,1,1,1,1,-1,-1,1,-1,-1,-1,1,1,1,0.009990613907575607
1,1,-1,1,1,-1,1,1,1,1,1,-1,1,1,1,-1,-1,-1,-1,1,0.009990613907575607
1,1,-1,1,1,-1,1,1,1,1,1,-1,1,1,1,-1,1,-1,-1,-1,0.009990613907575607
1,1,-1,1,1,-1,1,1,1,1,1,1,-1,-1,1,-1,1,-1,1,1,0.009990613907575607
1,1,-1,1,1,-1,1,1,1,1,1,1,-1,1,1,1,1,-1,1,-1,0.009990613907575607
1,1,-1,1,1,-1,1,1,1,1,1,1,1,-1,-1,1,1,1,-1,1,0.009990613907575607
1,1,-1,1,1,-1,1,1,1,1,1,1,1,-1,1,1,-1,1,-1,-1,0.009990613907575607
1,1,-1,1,1,1,-1,-1,-1,-1,-1,-1,-1,-1,1,1,-1,1,1,-1,0.009990613907575607
1,1,-1,1,1,1,-1,-1,-1,-1,-1,-1,-1,1,-1,1,-1,-1,-1,1,0.009990613907575607
1,1,-1,1,1,1,-1,-1,-1,-1,-1,-1,-1,1,-1,1,1,1,-1,1,0.009990613907575607
1,1,-1,1,1,1,-1,-1,-1,-1,-1,-1,-1,1,1,1,1,-1,-1,1,0.009990613907575607
1,1,-1,1,1,1,-1,-1,-1,-1,-1,1,1,-1,-1,-1,-1,1,1,-1,0.009990613907575607
1,1,-1,1,1,1,-1,-1,-1,-1,1,-1,-1,1,1,1,-1,1,-1,-1,0.009990613907575607
1,1,-1,1,1,1,-1,-1,-1,-1,1,-1,1,-1,-1,1,-1,-1,1,-1,0.009990613907575607
1,1,-1,1,1,1,-1,-1,-1,-1,1,-1,1,-1,1,-1,-1,-1,-1,1,0.009990613907575607
1,1,-1,1,1,1,-1,-1,-1,-1,1,-1,1,1,-1,1,-1,-1,1,1,0.009990613907575607
1,1,-1,1,1,1,-1,-1,-1,-1,1,1,-1,1,1,-1,-1,1,-1,1,0.009990613907575607
1,1,-1,1,1,1,-1,-1,-1,-1,1,1,1,-1,-1,-1,1,-1,1,1,0.009990613907575607
1,1,-1,1,1,1,-1,-1,-1,-1,1,1,1,1,-1,-1,1,-1,1,-1,0.009990613907575607
1,1,-1,1,1,1,-1,-1,-1,1,-1,-1,1,-1,-1,-1,-1,1,1,-1,0.009990613907575607
1,1,-1,1,1,1,-1,-1,-1,1,-1,1,-1,1,1,-1,1,-1,-1,-1,0.009990613907575607
1,1,-1,1,1,1,-1,-1,-1,1,-1,1,1,1,1,-1,1,1,-1,-1,0.009990613907575607
1,1,-1,1,1,1,-1,-1,-1,1,1,-1,-1,-1,-1,-1,-1,1,1,-1,0.009990613907575607
1,1,-1,1,1,1,-1,-1,-1,1,1,-1,-1,-1,1,-1,-1,-1,-1,-1,0.009990613907575607
1,1,-1,1,1,1,-1,-1,-1,1,1,1,-1,-1,-1,-1,1,-1,1,1,0.009990613907575607
1,1,-1,1,1,1,-1,-1,1,-1,-1,-1,1,-1,-1,1,1,1,1,-1,0.009990613907575607
1,1,-1,1,1,1,-1,-1,1,-1,-1,1,1,1,1,-1,1,1,1,1,0.009990613907575607
1,1,-1,1,1,1,-1,-1,1,-1,1,-1,-1,-1,-1,-1,-1,1,1,-1,0.009990613907575607
1,1,-1,1,1,1,-1,-1,1,1,-1,-1,-1,-1,-1,-1,1,-1,-1,1,0.009990613907575607
1,1,-1,1,1,1,-1,-1,1,1,-1,-1,-1,1,-1,-1,-1,1,1,-1,0.009990613907575607
1,1,-1,1,1,1,-1,-1,1,1,-1,-1,1,1,-1,1,1,-1,1,1,0.009990613907575607
1,1,-1,1,1,1,-1,-1,1,1,-1,1,-1,-1,1,1,-1,1,1,1,0.009990613907575607
1,1,-1,1,1,1,-1,-1,1,1,1,-1,1,-1,-1,1,1,1,1,1,0.009990613907575607
1,1,-1,1,1,1,-1,-1,1,1,1,-1,1,-1,1,-1,-1,-1,-1,1,0.009990613907575607
1,1,-1,1,1,1,-1,-1,1,1,1,-1,1,1,-1,1,1,-1,-1,-1,0.009990613907575607
1,1,-1,1,1,1,-1,-1,1,1,1,1,1,-1,-1,-1,1,1,1,1,0.009990613907575607
1,1,-1,1,1,1,-1,-1,1,1,1,1,1,1,1,-1,1,-1,1,1,0.009990613907575607
1,1,-1,1,1,1,-1,1,-1,-1,-1,-1,-1,-1,-1,-1,-1,-1,-1,1,0.009990613907575607
1,1,-1,1,1,1,-1,1,-1,-1,-1,-1,1,-1,-1,-1,-1,-1,1,-1,0.009990613907575607
1,1,-1,1,1,1,-1,1,-1,-1,-1,-1,1,-1,-1,-1,1,1,-1,-1,0.009990613907575607
1,1,-1,1,1,1,-1,1,-1,-1,-1,1,-1,-1,-1,1,-1,-1,-1,1,0.009990613907575607
1,1,-1,1,1,1,-1,1,-1,-1,-1,1,-1,-1,1,-1,1,-1,-1,-1,0.009990613907575607
1,1,-1,1,1,1,-1,1,-1,-1,-1,1,1,-1,1,1,-1,1,-1,-1,0.009990613907575607
1,1,-1,1,1,1,-1,1,-1,-1,-1,1,1,1,1,1,-1,-1,-1,1,0.009990613907575607
1,1,-1,1,1,1,-1,1,-1,-1,1,-1,-1,-1,-1,1,-1,-1,1,-1,0.009990613907575607
1,1,-1,1,1,1,-1,1,-1,-1,1,1,-1,1,1,-1,1,1,-1,-1,0.009990613907575607
1,1,-1,1,1,1,-1,1,-1,-1,1,1,-1,1,1,1,1,1,-1,1,0.009990613907575607
1,1,-1,1,1,1,-1,1,-1,-1,1,1,1,1,-1,-1,1,1,1,-1,0.009990613907575607
1,1,-1,1,1,1,-1,1,-1,1,-1,-1,-1,-1,-1,-1,1,-1,-1,1,0.009990613907575607
1,1,-1,1,1,1,-1,1,-1,1,-1,-1,1,-1,-1,1,-1,-1,-1,-1,0.009990613907575607
1,1,-1,1,1,1,-1,1,-1,1,-1,-1,1,-1,1,1,-1,-1,-1,-1,0.009990613907575607
1,1,-1,1,1,1,-1,1,-1,1,-1,-1,1,1,-1,-1,1,1,-1,1,0.009990613907575607
1,1,-1,1,1,1,-1,1,-1,1,-1,1,-1,-1,1,-1,1,-1,1,-1,0.009990613907575607
1,1,-1,1,1,1,-1,1,-1,1,-1,1,1,1,1,1,-1,-1,1,1,0.009990613907575607
1,1,-1,1,1,1,-1,1,-1,1,1,-1,-1,-1,1,1,-1,1,1,-1,0.009990613907575607
1,1,-1,1,1,1,-1,1,-1,1,1,-1,1,-1,-1,-1,-1,-1,-1,1,0.009990613907575607
1,1,-1,1,1,1,-1,1,-1,1,1,-1,1,1,1,1,-1,1,1,-1,0.009990613907575607
1,1,-1,1,1,1,-1,1,-1,1,1,1,-1,-1,-1,-1,-1,-1,-1,1,0.009990613907575607
1,1,-1,1,1,1,-1,1,1,-1,-1,-1,1,-1,-1,1,1,1,-1,1,0.009990613907575607
1,1,-1,1,1,1,-1,1,1,-1,-1,-1,1,1,1,-1,-1,-1,-1,-1,0.009990613907575607
1,1,-1,1,1,1,-1,1,1,-1,-1,-1,1,1,1,1,-1,1,1,-1,0.009990613907575607
1,1,-1,1,1,1,-1,1,1,-1,-1,1,1,-1,1,1,-1,-1,-1,-1,0.009990613907575607
1,1,-1,1,1,1,-1,1,1,-1,1,-1,-1,-1,1,-1,-1,1,1,1,0.009990613907575607
1,1,-1,1,1,1,-1,1,1,-1,1,-1,-1,-1,1,1,-1,1,-1,1,0.009990613907575607
1,1,-1,1,1,1,-1,1,1,-1,1,1,1,-1,-1,-1,-1,1,1,-1,0.009990613907575607
1,1,-1,1,1,1,-1,1,1,-1,1,1,1,-1,1,1,1,1,1,1,0.009990613907575607
1,1,-1,1,1,1,-1,1,1,1,-1,-1,-1,1,1,-1,-1,1,-1,1,0.009990613907575607
1,1,-1,1,1,1,-1,1,1,1,-1,-1,1,1,1,1,-1,1,-1,1,0.009990613907575607
1,1,-1,1,1,1,-1,1,1,1,-1,1,-1,1,-1,1,1,1,1,-1,0.009990613907575607
1,1,-1,1,1,1,-1,1,1,1,-1,1,1,-1,1,1,-1,-1,1,1,0.009990613907575607
1,1,-1,1,1,1,-1,1,1,1,-1,1,1,1,-1,-1,-1,1,1,1,0.009990613907575607
1,1,-1,1,1,1,-1,1,1,1,1,-1,-1,-1,-1,-1,-1,-1,-1,1,0.009990613907575607
1,1,-1,1,1,1,-1,1,1,1,1,-1,-1,-1,-1,1,-1,-1,-1,1,0.009990613907575607
1,1,-1,1,1,1,-1,1,1,1,1,-1,-1,1,1,-1,1,1,1,-1,0.009990613907575607
1,1,-1,1,1,1,-1,1,1,1,1,-1,1,-1,-1,-1,1,-1,-1,1,0.009990613907575607
1,1,-1,1,1,1,-1,1,1,1,1,-1,1,1,-1,-1,-1,-1,1,-1,0.009990613907575607
1,1,-1,1,1,1,-1,1,1,1,1,-1,1,1,-1,-1,1,-1,-1,-1,0.009990613907575607
1,1,-1,1,1,1,1,-1,-1,-1,-1,-1,-1,1,1,-1,1,-1,1,1,0.009990613907575607
1,1,-1,1,1,1,1,-1,-1,-1,-1,-1,1,-1,1,1,1,1,-1,1,0.009990613907575607
1,1,-1,1,1,1,1,-1,-1,-1,-1,-1,1,1,-1,-1,-1,-1,1,-1,0.009990613907575607
1,1,-1,1,1,1,1,-1,-1,-1,-1,-1,1,1,-1,-1,1,1,-1,1,0.009990613907575607
1,1,-1,1,1,1,1,-1,-1,-1,-1,-1,1,1,-1,1,1,1,-1,1,0.009990613907575607
1,1,-1,1,1,1,1,-1,-1,-1,-1,1,-1,1,1,1,1,-1,1,1,0.009990613907575607
1,1,-1,1,1,1,1,-1,-1,-1,-1,1,1,-1,1,-1,1,1,-1,-1,0.009990613907575607
1,1,-1,1,1,1,1,-1,-1,-1,1,-1,-1,-1,-1,1,-1,1,-1,1,0.009990613907575607
1,1,-1,1,1,1,1,-1,-1,-1,1,-1,1,1,1,-1,-1,1,1,1,0.009990613907575607
1,1,-1,1,1,1,1,-1,-1,-1,1,1,-1,-1,-1,1,-1,-1,-1,1,0.009990613907575607
1,1,-1,1,1,1,1,-1,-1,1,-1,-1,-1,1,1,-1,1,-1,1,1,0.009990613907575607
1,1,-1,1,1,1,1,-1,-1,1,-1,-1,-1,1,1,-1,1,1,1,-1,0.009990613907575607
1,1,-1,1,1,1,1,-1,-1,1,-1,1,1,-1,-1,-1,-1,-1,1,-1,0.009990613907575607
1,1,-1,1,1,1,1,-1,-1,1,1,-1,1,-1,-1,-1,-1,-1,1,-1,0.009990613907575607
1,1,-1,1,1,1,1,-1,-1,1,1,-1,1,-1,-1,1,-1,-1,-1,-1,0.009990613907575607
1,1,-1,1,1,1,1,-1,-1,1,1,-1,1,-1,-1,1,1,-1,-1,-1,0.009990613907575607
1,1,-1,1,1,1,1,-1,-1,1,1,1,1,-1,1,-1,1,-1,-1,-1,0.009990613907575607
1,1,-1,1,1,1,1,-1,1,-1,-1,1,-1,1,-1,1,1,-1,-1,1,0.009990613907575607
1,1,-1,1,1,1,1,-1,1,-1,-1,1,1,1,-1,-1,-1,-1,1,1,0.009990613907575607
1,1,-1,1,1,1,1,-1,1,-1,1,-1,-1,1,-1,1,1,-1,1,1,0.009990613907575607
1,1,-1,1,1,1,1,-1,1,-1,1,-1,-1,1,1,-1,1,1,-1,-1,0.009990613907575607
1,1,-1,1,1,1,1,-1,1,-1,1,-1,1,-1,-1,1,-1,-1,1,1,0.009990613907575607
1,1,-1,1,1,1,1,-1,1,-1,1,-1,1,-1,-1,1,1,1,1,1,0.009990613907575607
1,1,-1,1,1,1,1,-1,1,-1,1,-1,1,1,-1,-1,-1,1,1,1,0.009990613907575607
1,1,-1,1,1,1,1,-1,1,-1,1,1,1,1,1,1,-1,1,1,-1,0.009990613907575607
1,1,-1,1,1,1,1,-1,1,1,-1,-1,-1,-1,-1,1,1,1,1,-1,0.009990613907575607
1,1,-1,1,1,1,1,-1,1,1,-1,-1,1,1,-1,1,-1,-1,1,-1,0.009990613907575607
1,1,-1,1,1,1,1,-1,1,1,-1,1,-1,-1,-1,1,-1,1,-1,1,0.009990613907575607
1,1,-1,1,1,1,1,-1,1,1,-1,1,1,-1,1,-1,-1,-1,-1,1,0.009990613907575607
1,1,-1,1,1,1,1,-1,1,1,-1,1,1,1,-1,1,-1,1,1,-1,0.009990613907575607
1,1,-1,1,1,1,1,-1,1,1,-1,1,1,1,1,1,1,1,-1,-1,0.009990613907575607
1,1,-1,1,1,1,1,-1,1,1,1,-1,-1,-1,1,-1,1,-1,1,-1,0.009990613907575607
1,1,-1,1,1,1,1,-1,1,1,1,-1,1,-1,-1,1,-1,1,-1,-1,0.009990613907575607
1,1,-1,1,1,1,1,-1,1,1,1,1,-1,-1,-1,1,1,-1,-1,-1,0.009990613907575607
1,1,-1,1,1,1,1,-1,1,1,1,1,-1,-1,1,1,-1,-1,1,-1,0.009990613907575607
1,1,-1,1,1,1,1,-1,1,1,1,1,-1,1,-1,1,1,-1,1,1,0.009990613907575607
1,1,-1,1,1,1,1,-1,1,1,1,1,-1,1,1,-1,1,-1,-1,-1,0.009990613907575607
1,1,-1,1,1,1,1,1,-1,-1,-1,-1,-1,-1,-1,1,1,-1,-1,1,0.009990613907575607
1,1,-1,1,1,1,1,1,-1,-1,-1,-1,-1,1,1,-1,-1,-1,-1,1,0.009990613907575607
1,1,-1,1,1,1,1,1,-1,-1,-1,-1,-1,1,1,1,-1,1,1,-1,0.009990613907575607
1,1,-1,1,1,1,1,1,-1,-1,1,-1,-1,1,1,1,1,1,-1,1,0.009990613907575607
1,1,-1,1,1,1,1,1,-1,-1,1,-1,1,-1,-1,-1,1,-1,1,-1,0.009990613907575607
1,1,-1,1,1,1,1,1,-1,-1,1,1,-1,-1,1,1,1,-1,-1,-1,0.009990613907575607
1,1,-1,1,1,1,1,1,-1,-1,1,1,-1,1,-1,-1,1,-1,1,1,0.009990613907575607
1,1,-1,1,1,1,1,1,-1,-1,1,1,1,1,-1,-1,1,-1,-1,1,0.009990613907575607
1,1,-1,1,1,1,1,1,-1,1,-1,-1,-1,-1,-1,1,-1,1,1,1,0.009990613907575607
1,1,-1,1,1,1,1,1,-1,1,-1,-1,1,-1,-1,-1,-1,1,-1,1,0.009990613907575607
1,1,-1,1,1,1,1,1,-1,1,-1,-1,1,-1,-1,1,1,1,-1,-1,0.009990613907575607
1,1,-1,1,1,1,1,1,-1,1,-1,1,-1,-1,1,-1,-1,-1,1,-1,0.009990613907575607
1,1,-1,1,1,1,1,1,-1,1,-1,1,-1,-1,1,-1,1,-1,1,1,0.009990613907575607
1,1,-1,1,1,1,1,1,-1,1,1,-1,-1,-1,1,1,1,-1,1,-1,0.009990613907575607
1,1,-1,1,1,1,1,1,-1,1,1,-1,-1,1,-1,1,-1,-1,-1,1,0.009990613907575607
1,1,-1,1,1,1,1,1,-1,1,1,-1,1,1,-1,-1,1,-1,1,-1,0.009990613907575607
1,1,-1,1,1,1,1,1,-1,1,1,1,-1,-1,1,-1,-1,1,1,1,0.009990613907575607
1,1,-1,1,1,1,1,1,-1,1,1,1,-1,1,-1,-1,-1,-1,1,1,0.009990613907575607
1,1,-1,1,1,1,1,1,1,-1,-1,-1,-1,1,-1,1,1,-1,-1,1,0.009990613907575607
1,1,-1,1,1,1,1,1,1,-1,-1,-1,-1,1,-1,1,1,1,-1,1,0.009990613907575607
1,1,-1,1,1,1,1,1,1,-1,-1,-1,1,1,1,1,1,1,-1,-1,0.009990613907575607
1,1,-1,1,1,1,1,1,1,-1,-1,1,-1,1,1,-1,-1,-1,-1,-1,0.009990613907575607
1,1,-1,1,1,1,1,1,1,-1,-1,1,-1,1,1,-1,-1,1,-1,1,0.009990613907575607
1,1,-1,1,1,1,1,1,1,-1,-1,1,-1,1,1,-1,1,-1,-1,1,0.009990613907575607
1,1,-1,1,1,1,1,1,1,-1,-1,1,-1,1,1,-1,1,1,-1,1,0.009990613907575607
1,1,-1,1,1,1,1,1,1,-1,1,-1,-1,-1,-1,-1,-1,1,-1,1,0.009990613907575607
1,1,-1,1,1,1,1,1,1,-1,1,-1,-1,-1,-1,1,-1,-1,1,1,0.009990613907575607
1,1,-1,1,1,1,1,1,1,-1,1,-1,1,-1,-1,1,-1,1,1,1,0.009990613907575607
1,1,-1,1,1,1,1,1,1,-1,1,-1,1,1,1,1,1,-1,-1,-1,0.009990613907575607
1,1,-1,1,1,1,1,1,1,-1,1,1,-1,1,1,-1,-1,-1,-1,-1,0.009990613907575607
1,1,-1,1,1,1,1,1,1,-1,1,1,1,-1,-1,1,-1,1,1,-1,0.009990613907575607
1,1,-1,1,1,1,1,1,1,-1,1,1,1,-1,1,1,1,1,1,-1,0.009990613907575607
1,1,-1,1,1,1,1,1,1,-1,1,1,1,1,-1,-1,1,-1,-1,1,0.009990613907575607
1,1,-1,1,1,1,1,1,1,-1,1,1,1,1,1,-1,1,-1,-1,-1,0.009990613907575607
1,1,-1,1,1,1,1,1,1,1,-1,-1,1,1,-1,1,1,1,-1,1,0.009990613907575607
1,1,-1,1,1,1,1,1,1,1,-1,1,1,-1,1,1,-1,-1,-1,-1,0.009990613907575607
1,1,-1,1,1,1,1,1,1,1,1,-1,-1,1,-1,-1,-1,1,-1,-1,0.009990613907575607
1,1,-1,1,1,1,1,1,1,1,1,-1,1,-1,1,-1,-1,1,1,1,0.009990613907575607
1,1,-1,1,1,1,1,1,1,1,1,-1,1,1,-1,-1,-1,1,1,-1,0.009990613907575607
1,1,1,-1,-1,-1,-1,-1,-1,-1,-1,-1,-1,-1,-1,-1,1,-1,1,-1,0.009990613907575607
1,1,1,-1,-1,-1,-1,-1,-1,-1,-1,-1,-1,-1,-1,1,1,-1,-1,1,0.009990613907575607
1,1,1,-1,-1,-1,-1,-1,-1,-1,-1,-1,-1,-1,-1,1,1,1,1,1,0.009990613907575607
1,1,1,-1,-1,-1,-1,-1,-1,-1,1,-1,-1,-1,-1,-1,-1,1,1,1,0.009990613907575607
1,1,1,-1,-1,-1,-1,-1,-1,-1,1,-1,-1,-1,1,-1,-1,1,-1,-1,0.009990613907575607
1,1,1,-1,-1,-1,-1,-1,-1,-1,1,1,1,-1,1,-1,1,-1,1,-1,0.009990613907575607
1,1,1,-1,-1,-1,-1,-1,-1,-1,1,1,1,1,-1,-1,-1,1,1,1,0.009990613907575607
1,1,1,-1,-1,-1,-1,-1,-1,-1,1,1,1,1,1,-1,1,1,1,1,0.009990613907575607
1,1,1,-1,-1,-1,-1,-1,-1,1,-1,-1,-1,-1,-1,-1,-1,1,-1,1,0.009990613907575607
1,1,1,-1,-1,-1,-1,-1,-1,1,1,-1,1,1,1,-1,1,-1,-1,-1,0.009990613907575607
1,1,1,-1,-1,-1,-1,-1,-1,1,1,1,1,-1,-1,1,-1,-1,1,-1,0.009990613907575607
1,1,1,-1,-1,-1,-1,-1,1,-1,-1,-1,-1,-1,-1,-1,1,-1,1,-1,0.009990613907575607
1,1,1,-1,-1,-1,-1,-1,1,-1,-1,-1,1,1,1,-1,-1,-1,-1,-1,0.009990613907575607
1,1,1,-1,-1,-1,-1,-1,1,-1,-1,-1,1,1,1,1,-1,1,-1,-1,0.009990613907575607
1,1,1,-1,-1,-1,-1,-1,1,-1,-1,1,-1,-1,1,1,1,1,-1,-1,0.009990613907575607
1,1,1,-1,-1,-1,-1,-1,1,-1,-1,1,1,-1,1,1,1,1,-1,-1,0.009990613907575607
1,1,1,-1,-1,-1,-1,-1,1,-1,-1,1,1,1,-1,1,1,-1,1,-1,0.009990613907575607
1,1,1,-1,-1,-1,-1,-1,1,-1,1,-1,-1,1,-1,1,-1,-1,1,1,0.009990613907575607
1,1,1,-1,-1,-1,-1,-1,1,-1,1,-1,-1,1,1,1,1,-1,-1,-1,0.009990613907575607
1,1,1,-1,-1,-1,-1,-1,1,-1,1,1,1,-1,-1,-1,1,-1,1,-1,0.009990613907575607
1,1,1,-1,-1,-1,-1,-1,1,-1,1,1,1,-1,1,1,-1,-1,-1,-1,0.009990613907575607
1,1,1,-1,-1,-1,-1,-1,1,1,-1,-1,-1,1,-1,-1,1,-1,1,-1,0.009990613907575607
1,1,1,-1,-1,-1,-1,-1,1,1,-1,-1,1,-1,-1,1,1,-1,1,1,0.009990613907575607
1,1,1,-1,-1,-1,-1,-1,1,1,-1,-1,1,-1,1,1,1,1,1,-1,0.009990613907575607
1,1,1,-1,-1,-1,-1,-1,1,1,-1,-1,1,-1,1,1,1,1,1,1,0.009990613907575607
1,1,1,-1,-1,-1,-1,-1,1,1,-1,-1,1,1,1,1,-1,1,1,1,0.009990613907575607
1,1,1,-1,-1,-1,-1,-1,1,1,-1,1,-1,-1,1,-1,1,-1,1,1,0.009990613907575607
1,1,1,-1,-1,-1,-1,-1,1,1,-1,1,-1,1,-1,-1,-1,-1,1,1,0.009990613907575607
1,1,1,-1,-1,-1,-1,-1,1,1,-1,1,1,-1,-1,1,1,1,1,-1,0.009990613907575607
1,1,1,-1,-1,-1,-1,-1,1,1,-1,1,1,-1,1,1,-1,1,1,1,0.009990613907575607
1,1,1,-1,-1,-1,-1,-1,1,1,-1,1,1,1,-1,1,-1,1,-1,1,0.009990613907575607
1,1,1,-1,-1,-1,-1,-1,1,1,-1,1,1,1,1,-1,-1,-1,-1,1,0.009990613907575607
1,1,1,-1,-1,-1,-1,-1,1,1,1,-1,-1,-1,1,1,1,-1,1,-1,0.009990613907575607
1,1,1,-1,-1,-1,-1,-1,1,1,1,-1,-1,1,1,1,-1,-1,1,1,0.009990613907575607
1,1,1,-1,-1,-1,-1,-1,1,1,1,-1,1,-1,1,1,-1,1,-1,-1,0.009990613907575607
1,1,1,-1,-1,-1,-1,-1,1,1,1,1,-1,-1,-1,1,1,1,-1,1,0.009990613907575607
1,1,1,-1,-1,-1,-1,-1,1,1,1,1,1,1,-1,1,1,-1,-1,1,0.009990613907575607
1,1,1,-1,-1,-1,-1,1,-1,-1,-1,-1,1,-1,-1,-1,-1,-1,-1,1,0.009990613907575607
1,1,1,-1,-1,-1,-1,1,-1,-1,-1,-1,1,1,-1,-1,-1,-1,-1,1,0.009990613907575607
1,1,1,-1,-1,-1,-1,1,-1,-1,-1,-1,1,1,1,-1,-1,1,-1,1,0.009990613907575607
1,1,1,-1,-1,-1,-1,1,-1,-1,-1,1,-1,-1,1,1,1,1,1,-1,0.009990613907575607
1,1,1,-1,-1,-1,-1,1,-1,-1,-1,1,-1,1,1,-1,-1,-1,-1,-1,0.009990613907575607
1,1,1,-1,-1,-1,-1,1,-1,-1,1,-1,-1,1,1,1,-1,1,-1,-1,0.009990613907575607
1,1,1,-1,-1,-1,-1,1,-1,-1,1,-1,1,-1,-1,1,-1,-1,-1,-1,0.009990613907575607
1,1,1,-1,-1,-1,-1,1,-1,-1,1,1,-1,-1,1,-1,1,-1,1,1,0.009990613907575607
1,1,1,-1,-1,-1,-1,1,-1,-1,1,1,-1,1,-1,-1,-1,-1,1,-1,0.009990613907575607
1,1,1,-1,-1,-1,-1,1,-1,1,-1,-1,-1,-1,1,1,1,-1,1,1,0.009990613907575607
1,1,1,-1,-1,-1,-1,1,-1,1,-1,-1,-1,1,-1,-1,1,-1,-1,-1,0.009990613907575607
1,1,1,-1,-1,-1,-1,1,-1,1,-1,1,-1,1,-1,-1,-1,-1,1,1,0.009990613907575607
1,1,1,-1,-1,-1,-1,1,-1,1,-1,1,-1,1,1,-1,-1,-1,1,1,0.009990613907575607
1,1,1,-1,-1,-1,-1,1,-1,1,-1,1,1,1,-1,-1,-1,-1,-1,-1,0.009990613907575607
1,1,1,-1,-1,-1,-1,1,-1,1,1,-1,-1,-1,-1,1,1,-1,1,-1,0.009990613907575607
1,1,1,-1,-1,-1,-1,1,-1,1,1,1,-1,-1,-1,1,-1,-1,-1,-1,0.009990613907575607
1,1,1,-1,-1,-1,-1,1,-1,1,1,1,-1,1,-1,-1,1,1,-1,-1,0.009990613907575607
1,1,1,-1,-1,-1,-1,1,1,-1,-1,1,-1,-1,-1,-1,1,-1,1,1,0.009990613907575607
1,1,1,-1,-1,-1,-1,1,1,-1,-1,1,-1,1,-1,-1,-1,1,1,-1,0.009990613907575607
1,1,1,-1,-1,-1,-1,1,1,-1,-1,1,-1,1,-1,1,1,1,1,-1,0.009990613907575607
1,1,1,-1,-1,-1,-1,1,1,-1,-1,1,1,-1,1,-1,-1,1,1,1,0.009990613907575607
1,1,1,-1,-1,-1,-1,1,1,-1,1,-1,-1,-1,1,-1,-1,1,1,1,0.009990613907575607
1,1,1,-1,-1,-1,-1,1,1,-1,1,-1,-1,1,1,-1,1,-1,-1,-1,0.009990613907575607
1,1,1,-1,-1,-1,-1,1,1,-1,1,-1,1,-1,-1,-1,-1,-1,1,1,0.009990613907575607
1,1,1,-1,-1,-1,-1,1,1,-1,1,1,-1,1,-1,1,1,-1,1,-1,0.009990613907575607
1,1,1,-1,-1,-1,-1,1,1,-1,1,1,1,-1,-1,-1,-1,-1,1,1,0.009990613907575607
1,1,1,-1,-1,-1,-1,1,1,-1,1,1,1,1,-1,1,-1,1,1,-1,0.009990613907575607
1,1,1,-1,-1,-1,-1,1,1,1,-1,-1,1,1,1,1,1,1,1,1,0.009990613907575607
1,1,1,-1,-1,-1,-1,1,1,1,-1,1,-1,-1,-1,1,1,-1,-1,-1,0.009990613907575607
1,1,1,-1,-1,-1,-1,1,1,1,-1,1,-1,1,1,-1,-1,-1,1,-1,0.009990613907575607
1,1,1,-1,-1,-1,-1,1,1,1,-1,1,-1,1,1,1,-1,1,1,-1,0.009990613907575607
1,1,1,-1,-1,-1,-1,1,1,1,-1,1,1,-1,-1,1,1,1,1,1,0.009990613907575607
1,1,1,-1,-1,-1,-1,1,1,1,-1,1,1,-1,1,-1,-1,-1,-1,-1,0.009990613907575607
1,1,1,-1,-1,-1,-1,1,1,1,-1,1,1,1,1,1,1,-1,-1,-1,0.009990613907575607
1,1,1,-1,-1,-1,-1,1,1,1,1,-1,-1,1,1,-1,-1,1,1,-1,0.009990613907575607
1,1,1,-1,-1,-1,-1,1,1,1,1,-1,1,-1,1,-1,1,-1,-1,1,0.009990613907575607
1,1,1,-1,-1,-1,-1,1,1,1,1,1,-1,-1,-1,1,-1,1,1,1,0.009990613907575607
1,1,1,-1,-1,-1,-1,1,1,1,1,1,-1,-1,1,-1,1,-1,1,-1,0.009990613907575607
1,1,1,-1,-1,-1,-1,1,1,1,1,1,1,-1,1,-1,1,1,-1,1,0.009990613907575607
1,1,1,-1,-1,-1,-1,1,1,1,1,1,1,1,1,1,1,1,1,-1,0.009990613907575607
1,1,1,-1,-1,-1,1,-1,-1,-1,-1,-1,-1,-1,1,1,-1,-1,1,-1,0.009990613907575607
1,1,1,-1,-1,-1,1,-1,-1,-1,-1,-1,-1,1,-1,-1,-1,1,1,1,0.009990613907575607
1,1,1,-1,-1,-1,1,-1,-1,-1,-1,-1,-1,1,-1,-1,1,-1,-1,1,0.009990613907575607
1,1,1,-1,-1,-1,1,-1,-1,-1,-1,-1,1,1,1,-1,-1,-1,-1,-1,0.009990613907575607
1,1,1,-1,-1,-1,1,-1,-1,-1,-1,1,-1,-1,1,-1,1,1,-1,1,0.009990613907575607
1,1,1,-1,-1,-1,1,-1,-1,-1,-1,1,-1,1,-1,1,-1,-1,-1,1,0.009990613907575607
1,1,1,-1,-1,-1,1,-1,-1,-1,-1,1,1,-1,1,-1,-1,-1,-1,1,0.009990613907575607
1,1,1,-1,-1,-1,1,-1,-1,-1,-1,1,1,1,-1,1,-1,-1,-1,-1,0.009990613907575607
1,1,1,-1,-1,-1,1,-1,-1,-1,1,-1,-1,1,-1,1,-1,-1,1,-1,0.009990613907575607
1,1,1,-1,-1,-1,1,-1,-1,1,-1,-1,-1,1,-1,-1,-1,1,-1,-1,0.009990613907575607
1,1,1,-1,-1,-1,1,-1,-1,1,-1,-1,1,1,1,-1,-1,-1,1,1,0.009990613907575607
1,1,1,-1,-1,-1,1,-1,-1,1,-1,1,-1,1,1,1,1,1,-1,-1,0.009990613907575607
1,1,1,-1,-1,-1,1,-1,-1,1,1,-1,-1,1,-1,1,1,-1,1,-1,0.009990613907575607
1,1,1,-1,-1,-1,1,-1,-1,1,1,-1,-1,1,-1,1,1,1,-1,-1,0.009990613907575607
1,1,1,-1,-1,-1,1,-1,-1,1,1,-1,1,-1,1,-1,-1,-1,1,1,0.009990613907575607
1,1,1,-1,-1,-1,1,-1,-1,1,1,-1,1,1,-1,-1,-1,-1,1,-1,0.009990613907575607
1,1,1,-1,-1,-1,1,-1,-1,1,1,1,-1,-1,-1,-1,-1,-1,-1,-1,0.009990613907575607
1,1,1,-1,-1,-1,1,-1,-1,1,1,1,1,-1,1,-1,-1,-1,-1,-1,0.009990613907575607
1,1,1,-1,-1,-1,1,-1,-1,1,1,1,1,1,-1,1,1,-1,-1,1,0.009990613907575607
1,1,1,-1,-1,-1,1,-1,1,-1,-1,-1,-1,-1,-1,-1,-1,1,1,1,0.009990613907575607
1,1,1,-1,-1,-1,1,-1,1,-1,-1,-1,1,-1,-1,-1,-1,-1,1,1,0.009990613907575607
1,1,1,-1,-1,-1,1,-1,1,-1,-1,-1,1,1,1,-1,-1,1,-1,-1,0.009990613907575607
1,1,1,-1,-1,-1,1,-1,1,-1,-1,1,1,-1,1,1,-1,-1,1,-1,0.009990613907575607
1,1,1,-1,-1,-1,1,-1,1,-1,1,-1,1,-1,1,1,1,1,1,1,0.009990613907575607
1,1,1,-1,-1,-1,1,-1,1,-1,1,-1,1,1,1,-1,1,1,1,-1,0.009990613907575607
1,1,1,-1,-1,-1,1,-1,1,-1,1,1,1,1,-1,-1,-1,1,1,-1,0.009990613907575607
1,1,1,-1,-1,-1,1,-1,1,1,-1,-1,1,1,-1,1,-1,-1,-1,1,0.009990613907575607
1,1,1,-1,-1,-1,1,-1,1,1,-1,1,-1,-1,-1,1,1,-1,1,-1,0.009990613907575607
1,1,1,-1,-1,-1,1,-1,1,1,-1,1,-1,1,1,-1,1,1,1,-1,0.009990613907575607
1,1,1,-1,-1,-1,1,-1,1,1,-1,1,1,-1,-1,1,1,-1,1,-1,0.009990613907575607
1,1,1,-1,-1,-1,1,-1,1,1,-1,1,1,-1,1,1,1,1,-1,-1,0.009990613907575607
1,1,1,-1,-1,-1,1,-1,1,1,1,-1,-1,-1,1,-1,-1,-1,1,-1,0.009990613907575607
1,1,1,-1,-1,-1,1,-1,1,1,1,-1,-1,1,1,1,-1,1,-1,-1,0.009990613907575607
1,1,1,-1,-1,-1,1,-1,1,1,1,-1,-1,1,1,1,1,1,-1,-1,0.009990613907575607
1,1,1,-1,-1,-1,1,-1,1,1,1,1,-1,1,-1,-1,-1,-1,-1,-1,0.009990613907575607
1,1,1,-1,-1,-1,1,-1,1,1,1,1,1,-1,-1,1,-1,-1,-1,1,0.009990613907575607
1,1,1,-1,-1,-1,1,-1,1,1,1,1,1,-1,1,-1,1,-1,-1,1,0.009990613907575607
1,1,1,-1,-1,-1,1,-1,1,1,1,1,1,1,-1,1,1,1,-1,1,0.009990613907575607
1,1,1,-1,-1,-1,1,1,-1,-1,-1,-1,-1,1,1,-1,-1,1,1,-1,0.009990613907575607
1,1,1,-1,-1,-1,1,1,-1,-1,-1,1,-1,1,-1,-1,1,-1,-1,-1,0.009990613907575607
1,1,1,-1,-1,-1,1,1,-1,-1,1,-1,-1,-1,1,-1,1,1,-1,-1,0.009990613907575607
1,1,1,-1,-1,-1,1,1,-1,-1,1,-1,1,-1,-1,-1,1,-1,-1,-1,0.009990613907575607
1,1,1,-1,-1,-1,1,1,-1,-1,1,1,-1,-1,-1,-1,1,1,1,1,0.009990613907575607
1,1,1,-1,-1,-1,1,1,-1,-1,1,1,-1,1,-1,1,-1,1,1,1,0.009990613907575607
1,1,1,-1,-1,-1,1,1,-1,-1,1,1,-1,1,-1,1,1,1,-1,-1,0.009990613907575607
1,1,1,-1,-1,-1,1,1,-1,-1,1,1,1,-1,-1,1,-1,1,-1,1,0.009990613907575607
1,1,1,-1,-1,-1,1,1,-1,1,-1,-1,-1,-1,1,-1,-1,1,-1,1,0.009990613907575607
1,1,1,-1,-1,-1,1,1,-1,1,-1,-1,-1,-1,1,1,-1,-1,-1,-1,0.009990613907575607
1,1,1,-1,-1,-1,1,1,-1,1,-1,-1,1,-1,1,1,-1,1,-1,1,0.009990613907575607
1,1,1,-1,-1,-1,1,1,-1,1,-1,-1,1,1,-1,-1,1,1,1,-1,0.009990613907575607
1,1,1,-1,-1,-1,1,1,-1,1,-1,-1,1,1,1,1,1,-1,1,1,0.009990613907575607
1,1,1,-1,-1,-1,1,1,-1,1,-1,1,1,-1,1,-1,1,1,-1,1,0.009990613907575607
1,1,1,-1,-1,-1,1,1,-1,1,1,-1,1,1,-1,-1,1,1,-1,1,0.009990613907575607
1,1,1,-1,-1,-1,1,1,-1,1,1,1,-1,1,1,-1,-1,1,-1,1,0.009990613907575607
1,1,1,-1,-1,-1,1,1,-1,1,1,1,1,1,-1,1,1,-1,1,1,0.009990613907575607
1,1,1,-1,-1,-1,1,1,1,-1,-1,-1,-1,-1,-1,-1,-1,1,1,-1,0.009990613907575607
1,1,1,-1,-1,-1,1,1,1,-1,-1,-1,-1,-1,-1,1,-1,1,1,1,0.009990613907575607
1,1,1,-1,-1,-1,1,1,1,-1,-1,-1,-1,1,-1,1,-1,-1,1,1,0.009990613907575607
1,1,1,-1,-1,-1,1,1,1,-1,-1,-1,-1,1,-1,1,-1,1,-1,-1,0.009990613907575607
1,1,1,-1,-1,-1,1,1,1,-1,-1,1,-1,-1,-1,1,1,1,1,1,0.009990613907575607
1,1,1,-1,-1,-1,1,1,1,-1,-1,1,-1,1,-1,-1,-1,1,1,1,0.009990613907575607
1,1,1,-1,-1,-1,1,1,1,-1,-1,1,1,1,1,1,-1,-1,-1,1,0.009990613907575607
1,1,1,-1,-1,-1,1,1,1,-1,1,-1,-1,-1,-1,1,1,1,1,-1,0.009990613907575607
1,1,1,-1,-1,-1,1,1,1,-1,1,-1,1,1,-1,-1,1,-1,1,1,0.009990613907575607
1,1,1,-1,-1,-1,1,1,1,-1,1,1,-1,1,-1,-1,-1,1,1,-1,0.009990613907575607
1,1,1,-1,-1,-1,1,1,1,-1,1,1,1,-1,-1,-1,1,1,-1,-1,0.009990613907575607
1,1,1,-1,-1,-1,1,1,1,1,-1,-1,-1,1,1,-1,-1,1,-1,-1,0.009990613907575607
1,1,1,-1,-1,-1,1,1,1,1,-1,-1,-1,1,1,-1,1,1,1,-1,0.009990613907575607
1,1,1,-1,-1,-1,1,1,1,1,-1,-1,-1,1,1,1,-1,1,-1,1,0.009990613907575607
1,1,1,-1,-1,-1,1,1,1,1,-1,-1,1,-1,-1,1,1,-1,1,-1,0.009990613907575607
1,1,1,-1,-1,-1,1,1,1,1,-1,1,-1,-1,-1,-1,1,-1,1,1,0.009990613907575607
1,1,1,-1,-1,-1,1,1,1,1,-1,1,1,-1,1,1,1,-1,1,1,0.009990613907575607
1,1,1,-1,-1,-1,1,1,1,1,1,-1,-1,1,1,-1,-1,1,-1,-1,0.009990613907575607
1,1,1,-1,-1,-1,1,1,1,1,1,-1,1,1,-1,1,-1,-1,1,-1,0.009990613907575607
1,1,1,-1,-1,-1,1,1,1,1,1,-1,1,1,-1,1,-1,1,-1,1,0.009990613907575607
1,1,1,-1,-1,-1,1,1,1,1,1,-1,1,1,1,1,-1,-1,-1,-1,0.009990613907575607
1,1,1,-1,-1,-1,1,1,1,1,1,-1,1,1,1,1,1,-1,-1,-1,0.009990613907575607
1,1,1,-1,-1,-1,1,1,1,1,1,1,-1,1,1,-1,1,1,-1,1,0.009990613907575607
1,1,1,-1,-1,1,-1,-1,-1,-1,-1,-1,1,-1,1,-1,1,1,1,1,0.009990613907575607
1,1,1,-1,-1,1,-1,-1,-1,-1,1,-1,-1,-1,1,-1,-1,-1,1,-1,0.009990613907575607
1,1,1,-1,-1,1,-1,-1,-1,-1,1,-1,1,1,-1,-1,-1,-1,-1,-1,0.009990613907575607
1,1,1,-1,-1,1,-1,-1,-1,-1,1,1,-1,-1,1,1,-1,1,-1,1,0.009990613907575607
1,1,1,-1,-1,1,-1,-1,-1,-1,1,1,-1,1,1,-1,-1,1,1,-1,0.009990613907575607
1,1,1,-1,-1,1,-1,-1,-1,-1,1,1,-1,1,1,-1,-1,1,1,1,0.009990613907575607
1,1,1,-1,-1,1,-1,-1,-1,-1,1,1,1,-1,-1,-1,1,1,1,-1,0.009990613907575607
1,1,1,-1,-1,1,-1,-1,-1,-1,1,1,1,-1,1,-1,-1,-1,-1,-1,0.009990613907575607
1,1,1,-1,-1,1,-1,-1,-1,1,-1,-1,-1,-1,1,1,-1,-1,1,-1,0.009990613907575607
1,1,1,-1,-1,1,-1,-1,-1,1,-1,-1,-1,1,-1,1,-1,1,-1,-1,0.009990613907575607
1,1,1,-1,-1,1,-1,-1,-1,1,-1,-1,1,-1,1,-1,1,-1,-1,1,0.009990613907575607
1,1,1,-1,-1,1,-1,-1,-1,1,-1,-1,1,1,-1,-1,-1,-1,1,1,0.009990613907575607
1,1,1,-1,-1,1,-1,-1,-1,1,-1,-1,1,1,1,1,-1,1,1,-1,0.009990613907575607
1,1,1,-1,-1,1,-1,-1,-1,1,-1,1,-1,-1,1,1,-1,1,-1,-1,0.009990613907575607
1,1,1,-1,-1,1,-1,-1,-1,1,-1,1,1,1,1,-1,1,-1,-1,-1,0.009990613907575607
1,1,1,-1,-1,1,-1,-1,-1,1,1,-1,1,-1,-1,1,-1,-1,-1,1,0.009990613907575607
1,1,1,-1,-1,1,-1,-1,-1,1,1,-1,1,-1,-1,1,-1,1,-1,1,0.009990613907575607
1,1,1,-1,-1,1,-1,-1,-1,1,1,-1,1,-1,1,1,1,1,-1,1,0.009990613907575607
1,1,1,-1,-1,1,-1,-1,-1,1,1,1,-1,1,-1,1,-1,1,-1,-1,0.009990613907575607
1,1,1,-1,-1,1,-1,-1,1,-1,-1,-1,-1,-1,1,1,-1,-1,-1,1,0.009990613907575607
1,1,1,-1,-1,1,-1,-1,1,-1,-1,-1,-1,1,1,1,-1,-1,-1,-1,0.009990613907575607
1,1,1,-1,-1,1,-1,-1,1,-1,-1,-1,-1,1,1,1,1,1,1,-1,0.009990613907575607
1,1,1,-1,-1,1,-1,-1,1,-1,-1,-1,1,-1,-1,1,1,-1,1,-1,0.009990613907575607
1,1,1,-1,-1,1,-1,-1,1,-1,-1,-1,1,1,1,-1,1,-1,-1,1,0.009990613907575607
1,1,1,-1,-1,1,-1,-1,1,-1,-1,1,-1,-1,1,1,1,1,-1,-1,0.009990613907575607
1,1,1,-1,-1,1,-1,-1,1,-1,-1,1,1,-1,1,-1,1,-1,-1,-1,0.009990613907575607
1,1,1,-1,-1,1,-1,-1,1,-1,-1,1,1,1,1,1,1,-1,-1,-1,0.009990613907575607
1,1,1,-1,-1,1,-1,-1,1,-1,1,-1,-1,1,1,-1,-1,-1,-1,-1,0.009990613907575607
1,1,1,-1,-1,1,-1,-1,1,-1,1,-1,1,-1,1,-1,1,-1,1,1,0.009990613907575607
1,1,1,-1,-1,1,-1,-1,1,-1,1,1,1,-1,-1,-1,-1,1,1,1,0.009990613907575607
1,1,1,-1,-1,1,-1,-1,1,1,-1,-1,-1,1,-1,-1,1,1,1,-1,0.009990613907575607
1,1,1,-1,-1,1,-1,-1,1,1,-1,-1,-1,1,-1,1,-1,-1,-1,-1,0.009990613907575607
1,1,1,-1,-1,1,-1,-1,1,1,-1,-1,1,1,1,1,-1,-1,1,-1,0.009990613907575607
1,1,1,-1,-1,1,-1,-1,1,1,-1,1,-1,-1,-1,-1,1,-1,-1,1,0.009990613907575607
1,1,1,-1,-1,1,-1,-1,1,1,-1,1,1,1,1,-1,-1,1,1,1,0.009990613907575607
1,1,1,-1,-1,1,-1,-1,1,1,1,1,-1,-1,-1,-1,1,1,1,-1,0.009990613907575607
1,1,1,-1,-1,1,-1,-1,1,1,1,1,-1,1,-1,1,-1,1,-1,1,0.009990613907575607
1,1,1,-1,-1,1,-1,-1,1,1,1,1,-1,1,1,1,1,-1,1,1,0.009990613907575607
1,1,1,-1,-1,1,-1,-1,1,1,1,1,1,-1,-1,1,1,-1,-1,1,0.009990613907575607
1,1,1,-1,-1,1,-1,-1,1,1,1,1,1,1,-1,1,-1,-1,-1,1,0.009990613907575607
1,1,1,-1,-1,1,-1,-1,1,1,1,1,1,1,1,1,-1,1,-1,1,0.009990613907575607
1,1,1,-1,-1,1,-1,1,-1,-1,-1,-1,1,-1,-1,-1,-1,1,1,1,0.009990613907575607
1,1,1,-1,-1,1,-1,1,-1,-1,-1,-1,1,-1,-1,1,-1,1,-1,1,0.009990613907575607
1,1,1,-1,-1,1,-1,1,-1,-1,-1,-1,1,1,1,-1,1,-1,1,1,0.009990613907575607
1,1,1,-1,-1,1,-1,1,-1,-1,-1,-1,1,1,1,1,-1,-1,-1,-1,0.009990613907575607
1,1,1,-1,-1,1,-1,1,-1,-1,-1,1,-1,-1,-1,-1,-1,1,1,-1,0.009990613907575607
1,1,1,-1,-1,1,-1,1,-1,-1,-1,1,1,1,-1,-1,1,1,1,1,0.009990613907575607
1,1,1,-1,-1,1,-1,1,-1,-1,-1,1,1,1,1,-1,-1,1,-1,1,0.009990613907575607
1,1,1,-1,-1,1,-1,1,-1,-1,1,-1,1,-1,-1,-1,-1,-1,-1,1,0.009990613907575607
1,1,1,-1,-1,1,-1,1,-1,-1,1,-1,1,-1,1,1,-1,1,1,-1,0.009990613907575607
1,1,1,-1,-1,1,-1,1,-1,-1,1,1,-1,1,1,-1,-1,-1,1,-1,0.009990613907575607
1,1,1,-1,-1,1,-1,1,-1,-1,1,1,1,-1,1,-1,-1,1,1,-1,0.009990613907575607
1,1,1,-1,-1,1,-1,1,-1,1,-1,-1,-1,-1,1,1,-1,1,-1,-1,0.009990613907575607
1,1,1,-1,-1,1,-1,1,-1,1,-1,-1,1,-1,1,-1,1,1,1,1,0.009990613907575607
1,1,1,-1,-1,1,-1,1,-1,1,-1,-1,1,-1,1,1,1,-1,1,-1,0.009990613907575607
1,1,1,-1,-1,1,-1,1,-1,1,-1,1,1,-1,-1,1,-1,-1,-1,1,0.009990613907575607
1,1,1,-1,-1,1,-1,1,-1,1,1,-1,1,1,1,-1,1,-1,-1,-1,0.009990613907575607
1,1,1,-1,-1,1,-1,1,-1,1,1,1,-1,-1,1,1,1,1,-1,-1,0.009990613907575607
1,1,1,-1,-1,1,-1,1,-1,1,1,1,1,1,1,-1,-1,1,1,-1,0.009990613907575607
1,1,1,-1,-1,1,-1,1,1,-1,-1,-1,-1,-1,1,-1,1,1,1,1,0.009990613907575607
1,1,1,-1,-1,1,-1,1,1,-1,-1,1,-1,-1,-1,1,-1,1,-1,-1,0.009990613907575607
1,1,1,-1,-1,1,-1,1,1,-1,-1,1,-1,1,1,1,1,1,1,1,0.009990613907575607
1,1,1,-1,-1,1,-1,1,1,-1,-1,1,1,1,1,1,1,1,1,-1,0.009990613907575607
1,1,1,-1,-1,1,-1,1,1,-1,1,-1,-1,-1,-1,-1,-1,-1,-1,-1,0.009990613907575607
1,1,1,-1,-1,1,-1,1,1,-1,1,-1,-1,1,-1,1,-1,1,1,1,0.009990613907575607
1,1,1,-1,-1,1,-1,1,1,-1,1,-1,1,-1,1,-1,-1,1,-1,1,0.009990613907575607
1,1,1,-1,-1,1,-1,1,1,-1,1,-1,1,1,-1,-1,-1,-1,1,-1,0.009990613907575607
1,1,1,-1,-1,1,-1,1,1,-1,1,1,-1,1,1,-1,-1,-1,1,1,0.009990613907575607
1,1,1,-1,-1,1,-1,1,1,-1,1,1,1,1,-1,-1,-1,-1,-1,1,0.009990613907575607
1,1,1,-1,-1,1,-1,1,1,1,-1,-1,-1,1,1,1,1,-1,-1,-1,0.009990613907575607
1,1,1,-1,-1,1,-1,1,1,1,-1,-1,1,1,-1,1,1,1,1,1,0.009990613907575607
1,1,1,-1,-1,1,-1,1,1,1,-1,-1,1,1,1,1,1,-1,-1,-1,0.009990613907575607
1,1,1,-1,-1,1,-1,1,1,1,-1,1,-1,-1,-1,1,1,-1,-1,-1,0.009990613907575607
1,1,1,-1,-1,1,-1,1,1,1,-1,1,-1,-1,1,-1,1,1,-1,1,0.009990613907575607
1,1,1,-1,-1,1,-1,1,1,1,-1,1,-1,-1,1,1,-1,-1,-1,1,0.009990613907575607
1,1,1,-1,-1,1,-1,1,1,1,-1,1,-1,1,1,1,1,-1,1,-1,0.009990613907575607
1,1,1,-1,-1,1,-1,1,1,1,-1,1,1,1,1,1,1,-1,-1,-1,0.009990613907575607
1,1,1,-1,-1,1,-1,1,1,1,1,-1,-1,-1,-1,-1,-1,-1,-1,-1,0.009990613907575607
1,1,1,-1,-1,1,-1,1,1,1,1,-1,-1,1,-1,-1,1,-1,-1,-1,0.009990613907575607
1,1,1,-1,-1,1,-1,1,1,1,1,-1,1,1,-1,-1,-1,1,1,1,0.009990613907575607
1,1,1,-1,-1,1,-1,1,1,1,1,1,1,1,-1,1,-1,1,-1,-1,0.009990613907575607
1,1,1,-1,-1,1,1,-1,-1,-1,-1,-1,-1,-1,-1,1,-1,-1,1,-1,0.009990613907575607
1,1,1,-1,-1,1,1,-1,-1,-1,-1,1,-1,1,-1,-1,1,-1,-1,-1,0.009990613907575607
1,1,1,-1,-1,1,1,-1,-1,-1,1,-1,1,-1,1,-1,1,-1,1,1,0.009990613907575607
1,1,1,-1,-1,1,1,-1,-1,-1,1,-1,1,1,1,1,-1,1,1,-1,0.009990613907575607
1,1,1,-1,-1,1,1,-1,-1,-1,1,1,-1,-1,-1,-1,-1,-1,-1,1,0.009990613907575607
1,1,1,-1,-1,1,1,-1,-1,1,-1,-1,-1,1,1,1,1,1,1,1,0.009990613907575607
1,1,1,-1,-1,1,1,-1,-1,1,-1,-1,1,-1,-1,-1,1,1,-1,1,0.009990613907575607
1,1,1,-1,-1,1,1,-1,-1,1,-1,-1,1,-1,1,1,1,-1,-1,1,0.009990613907575607
1,1,1,-1,-1,1,1,-1,-1,1,-1,-1,1,1,1,1,-1,-1,1,-1,0.009990613907575607
1,1,1,-1,-1,1,1,-1,-1,1,-1,1,-1,-1,1,1,1,-1,-1,-1,0.009990613907575607
1,1,1,-1,-1,1,1,-1,-1,1,-1,1,-1,1,1,-1,-1,-1,1,-1,0.009990613907575607
1,1,1,-1,-1,1,1,-1,-1,1,-1,1,1,-1,1,-1,1,-1,-1,1,0.009990613907575607
1,1,1,-1,-1,1,1,-1,-1,1,-1,1,1,1,1,-1,1,-1,-1,1,0.009990613907575607
1,1,1,-1,-1,1,1,-1,-1,1,-1,1,1,1,1,1,1,1,-1,-1,0.009990613907575607
1,1,1,-1,-1,1,1,-1,-1,1,1,-1,1,1,-1,1,-1,1,-1,1,0.009990613907575607
1,1,1,-1,-1,1,1,-1,-1,1,1,-1,1,1,1,1,1,-1,-1,1,0.009990613907575607
1,1,1,-1,-1,1,1,-1,1,-1,-1,-1,-1,1,1,1,-1,-1,1,1,0.009990613907575607
1,1,1,-1,-1,1,1,-1,1,-1,-1,-1,1,-1,-1,1,1,1,1,-1,0.009990613907575607
1,1,1,-1,-1,1,1,-1,1,-1,-1,-1,1,1,-1,-1,1,-1,1,1,0.009990613907575607
1,1,1,-1,-1,1,1,-1,1,-1,-1,-1,1,1,-1,1,-1,-1,-1,1,0.009990613907575607
1,1,1,-1,-1,1,1,-1,1,-1,-1,1,-1,1,-1,-1,-1,-1,-1,1,0.009990613907575607
1,1,1,-1,-1,1,1,-1,1,-1,-1,1,1,-1,-1,1,-1,1,-1,1,0.009990613907575607
1,1,1,-1,-1,1,1,-1,1,-1,-1,1,1,1,1,1,1,1,1,-1,0.009990613907575607
1,1,1,-1,-1,1,1,-1,1,-1,1,-1,-1,1,-1,-1,1,1,1,1,0.009990613907575607
1,1,1,-1,-1,1,1,-1,1,1,-1,1,-1,1,-1,1,-1,1,1,-1,0.009990613907575607
1,1,1,-1,-1,1,1,-1,1,1,-1,1,1,-1,-1,-1,1,1,-1,-1,0.009990613907575607
1,1,1,-1,-1,1,1,-1,1,1,1,-1,-1,1,-1,1,-1,1,-1,1,0.009990613907575607
1,1,1,-1,-1,1,1,-1,1,1,1,-1,1,-1,1,1,-1,-1,-1,-1,0.009990613907575607
1,1,1,-1,-1,1,1,-1,1,1,1,-1,1,-1,1,1,1,-1,-1,1,0.009990613907575607
1,1,1,-1,-1,1,1,-1,1,1,1,1,-1,-1,-1,-1,-1,1,-1,1,0.009990613907575607
1,1,1,-1,-1,1,1,-1,1,1,1,1,1,-1,1,-1,1,1,1,-1,0.009990613907575607
1,1,1,-1,-1,1,1,-1,1,1,1,1,1,1,1,1,1,-1,1,-1,0.009990613907575607
1,1,1,-1,-1,1,1,1,-1,-1,-1,-1,1,1,1,-1,1,-1,1,1,0.009990613907575607
1,1,1,-1,-1,1,1,1,-1,-1,-1,1,-1,-1,-1,-1,-1,-1,-1,1,0.009990613907575607
1,1,1,-1,-1,1,1,1,-1,-1,1,-1,-1,-1,-1,-1,-1,1,-1,1,0.009990613907575607
1,1,1,-1,-1,1,1,1,-1,-1,1,-1,1,1,1,-1,-1,1,1,-1,0.009990613907575607
1,1,1,-1,-1,1,1,1,-1,-1,1,1,-1,-1,-1,1,1,-1,1,1,0.009990613907575607
1,1,1,-1,-1,1,1,1,-1,-1,1,1,-1,1,-1,1,1,1,1,-1,0.009990613907575607
1,1,1,-1,-1,1,1,1,-1,-1,1,1,1,1,1,1,-1,1,1,-1,0.009990613907575607
1,1,1,-1,-1,1,1,1,-1,1,-1,-1,-1,-1,-1,1,1,-1,-1,1,0.009990613907575607
1,1,1,-1,-1,1,1,1,-1,1,-1,-1,1,-1,-1,1,-1,1,1,-1,0.009990613907575607
1,1,1,-1,-1,1,1,1,-1,1,-1,-1,1,-1,-1,1,1,-1,-1,-1,0.009990613907575607
1,1,1,-1,-1,1,1,1,-1,1,-1,-1,1,-1,1,1,-1,-1,1,-1,0.009990613907575607
1,1,1,-1,-1,1,1,1,-1,1,-1,1,-1,-1,-1,-1,-1,1,-1,1,0.009990613907575607
1,1,1,-1,-1,1,1,1,-1,1,1,-1,-1,-1,-1,-1,-1,-1,1,1,0.009990613907575607
1,1,1,-1,-1,1,1,1,-1,1,1,-1,-1,1,-1,1,-1,-1,1,1,0.009990613907575607
1,1,1,-1,-1,1,1,1,-1,1,1,-1,1,1,1,-1,-1,1,1,-1,0.009990613907575607
1,1,1,-1,-1,1,1,1,-1,1,1,1,-1,-1,-1,-1,-1,-1,-1,-1,0.009990613907575607
1,1,1,-1,-1,1,1,1,1,-1,-1,-1,-1,-1,1,-1,1,-1,1,1,0.009990613907575607
1,1,1,-1,-1,1,1,1,1,-1,-1,-1,-1,1,-1,-1,1,1,-1,1,0.009990613907575607
1,1,1,-1,-1,1,1,1,1,-1,-1,-1,-1,1,1,1,1,1,1,-1,0.009990613907575607
1,1,1,-1,-1,1,1,1,1,-1,-1,-1,1,-1,1,-1,-1,1,-1,-1,0.009990613907575607
1,1,1,-1,-1,1,1,1,1,-1,-1,1,-1,-1,-1,-1,-1,1,1,-1,0.009990613907575607
1,1,1,-1,-1,1,1,1,1,-1,-1,1,-1,-1,-1,-1,1,-1,-1,-1,0.009990613907575607
1,1,1,-1,-1,1,1,1,1,-1,-1,1,-1,1,-1,-1,-1,1,-1,-1,0.009990613907575607
1,1,1,-1,-1,1,1,1,1,-1,1,-1,1,-1,1,1,-1,-1,1,-1,0.009990613907575607
1,1,1,-1,-1,1,1,1,1,-1,1,-1,1,-1,1,1,1,1,1,-1,0.009990613907575607
1,1,1,-1,-1,1,1,1,1,-1,1,-1,1,1,1,1,-1,1,-1,1,0.009990613907575607
1,1,1,-1,-1,1,1,1,1,-1,1,1,-1,-1,-1,1,1,1,1,1,0.009990613907575607
1,1,1,-1,-1,1,1,1,1,-1,1,1,-1,1,-1,-1,-1,1,-1,-1,0.009990613907575607
1,1,1,-1,-1,1,1,1,1,-1,1,1,-1,1,1,-1,-1,-1,1,1,0.009990613907575607
1,1,1,-1,-1,1,1,1,1,-1,1,1,1,-1,1,-1,-1,-1,-1,-1,0.009990613907575607
1,1,1,-1,-1,1,1,1,1,1,-1,-1,-1,1,-1,1,1,1,-1,1,0.009990613907575607
1,1,1,-1,-1,1,1,1,1,1,-1,-1,1,-1,-1,1,1,-1,-1,-1,0.009990613907575607
1,1,1,-1,-1,1,1,1,1,1,-1,1,-1,1,1,1,1,-1,-1,1,0.009990613907575607
1,1,1,-1,-1,1,1,1,1,1,1,-1,-1,-1,-1,1,-1,-1,-1,-1,0.009990613907575607
1,1,1,-1,1,-1,-1,-1,-1,-1,-1,-1,-1,-1,-1,1,-1,1,1,-1,0.009990613907575607
1,1,1,-1,1,-1,-1,-1,-1,-1,-1,1,-1,1,1,-1,1,-1,-1,-1,0.009990613907575607
1,1,1,-1,1,-1,-1,-1,-1,-1,-1,1,1,-1,1,-1,-1,1,1,-1,0.009990613907575607
1,1,1,-1,1,-1,-1,-1,-1,-1,-1,1,1,1,-1,-1,-1,1,-1,1,0.009990613907575607
1,1,1,-1,1,-1,-1,-1,-1,-1,1,-1,-1,-1,1,1,-1,1,-1,-1,0.009990613907575607
1,1,1,-1,1,-1,-1,-1,-1,-1,1,-1,-1,-1,1,1,-1,1,1,-1,0.009990613907575607
1,1,1,-1,1,-1,-1,-1,-1,-1,1,-1,1,-1,1,1,-1,-1,-1,1,0.009990613907575607
1,1,1,-1,1,-1,-1,-1,-1,-1,1,1,-1,1,-1,-1,1,1,-1,-1,0.009990613907575607
1,1,1,-1,1,-1,-1,-1,-1,-1,1,1,1,-1,-1,-1,1,1,-1,-1,0.009990613907575607
1,1,1,-1,1,-1,-1,-1,-1,-1,1,1,1,-1,-1,1,-1,-1,-1,1,0.009990613907575607
1,1,1,-1,1,-1,-1,-1,-1,-1,1,1,1,1,1,1,1,-1,-1,-1,0.009990613907575607
1,1,1,-1,1,-1,-1,-1,-1,1,-1,1,-1,1,-1,-1,-1,1,-1,-1,0.009990613907575607
1,1,1,-1,1,-1,-1,-1,-1,1,-1,1,1,1,-1,1,1,1,-1,-1,0.009990613907575607
1,1,1,-1,1,-1,-1,-1,-1,1,1,-1,1,-1,-1,-1,1,1,1,-1,0.009990613907575607
1,1,1,-1,1,-1,-1,-1,-1,1,1,-1,1,1,-1,1,-1,1,1,1,0.009990613907575607
1,1,1,-1,1,-1,-1,-1,-1,1,1,1,-1,-1,1,1,1,-1,-1,1,0.009990613907575607
1,1,1,-1,1,-1,-1,-1,-1,1,1,1,1,1,1,1,-1,1,-1,1,0.009990613907575607
1,1,1,-1,1,-1,-1,-1,1,-1,-1,-1,-1,-1,-1,-1,-1,-1,-1,-1,0.009990613907575607
1,1,1,-1,1,-1,-1,-1,1,-1,-1,1,-1,-1,-1,1,1,-1,1,-1,0.009990613907575607
1,1,1,-1,1,-1,-1,-1,1,-1,-1,1,1,1,-1,1,-1,1,-1,1,0.009990613907575607
1,1,1,-1,1,-1,-1,-1,1,-1,1,-1,1,1,1,-1,-1,1,1,-1,0.009990613907575607
1,1,1,-1,1,-1,-1,-1,1,-1,1,1,1,-1,1,-1,-1,1,-1,1,0.009990613907575607
1,1,1,-1,1,-1,-1,-1,1,-1,1,1,1,1,-1,1,-1,-1,1,1,0.009990613907575607
1,1,1,-1,1,-1,-1,-1,1,-1,1,1,1,1,1,1,1,-1,1,-1,0.009990613907575607
1,1,1,-1,1,-1,-1,-1,1,1,-1,-1,1,1,-1,-1,1,-1,-1,-1,0.009990613907575607
1,1,1,-1,1,-1,-1,-1,1,1,-1,-1,1,1,1,1,1,-1,1,-1,0.009990613907575607
1,1,1,-1,1,-1,-1,-1,1,1,-1,1,-1,-1,1,-1,1,1,-1,-1,0.009990613907575607
1,1,1,-1,1,-1,-1,-1,1,1,-1,1,1,-1,-1,-1,1,-1,1,-1,0.009990613907575607
1,1,1,-1,1,-1,-1,-1,1,1,-1,1,1,-1,1,1,1,-1,-1,1,0.009990613907575607
1,1,1,-1,1,-1,-1,-1,1,1,-1,1,1,1,-1,-1,-1,1,1,-1,0.009990613907575607
1,1,1,-1,1,-1,-1,-1,1,1,-1,1,1,1,-1,1,1,1,1,-1,0.009990613907575607
1,1,1,-1,1,-1,-1,-1,1,1,1,-1,-1,-1,-1,-1,1,-1,-1,-1,0.009990613907575607
1,1,1,-1,1,-1,-1,-1,1,1,1,-1,-1,-1,1,1,1,-1,1,1,0.009990613907575607
1,1,1,-1,1,-1,-1,-1,1,1,1,-1,-1,1,1,-1,-1,1,-1,1,0.009990613907575607
1,1,1,-1,1,-1,-1,-1,1,1,1,-1,-1,1,1,1,1,-1,-1,1,0.009990613907575607
1,1,1,-1,1,-1,-1,-1,1,1,1,-1,1,1,-1,-1,-1,1,-1,1,0.009990613907575607
1,1,1,-1,1,-1,-1,-1,1,1,1,1,-1,-1,-1,-1,1,1,1,-1,0.009990613907575607
1,1,1,-1,1,-1,-1,-1,1,1,1,1,-1,-1,1,1,-1,-1,-1,-1,0.009990613907575607
1,1,1,-1,1,-1,-1,-1,1,1,1,1,1,-1,1,-1,1,-1,1,1,0.009990613907575607
1,1,1,-1,1,-1,-1,-1,1,1,1,1,1,-1,1,1,1,1,-1,-1,0.009990613907575607
1,1,1,-1,1,-1,-1,-1,1,1,1,1,1,1,-1,-1,1,-1,-1,1,0.009990613907575607
1,1,1,-1,1,-1,-1,1,-1,-1,-1,-1,-1,-1,-1,-1,1,1,1,1,0.009990613907575607
1,1,1,-1,1,-1,-1,1,-1,-1,-1,-1,-1,1,1,-1,-1,-1,-1,-1,0.009990613907575607
1,1,1,-1,1,-1,-1,1,-1,-1,-1,1,1,1,1,-1,-1,1,1,1,0.009990613907575607
1,1,1,-1,1,-1,-1,1,-1,-1,1,-1,-1,-1,-1,1,1,-1,-1,-1,0.009990613907575607
1,1,1,-1,1,-1,-1,1,-1,-1,1,-1,1,-1,-1,-1,1,-1,-1,1,0.009990613907575607
1,1,1,-1,1,-1,-1,1,-1,-1,1,1,-1,-1,-1,1,-1,1,-1,1,0.009990613907575607
1,1,1,-1,1,-1,-1,1,-1,-1,1,1,-1,-1,-1,1,1,1,-1,-1,0.009990613907575607
1,1,1,-1,1,-1,-1,1,-1,-1,1,1,-1,-1,-1,1,1,1,-1,1,0.009990613907575607
1,1,1,-1,1,-1,-1,1,-1,-1,1,1,-1,1,-1,1,1,-1,1,1,0.009990613907575607
1,1,1,-1,1,-1,-1,1,-1,-1,1,1,1,-1,-1,-1,-1,-1,1,-1,0.009990613907575607
1,1,1,-1,1,-1,-1,1,-1,-1,1,1,1,1,-1,-1,-1,-1,1,-1,0.009990613907575607
1,1,1,-1,1,-1,-1,1,-1,-1,1,1,1,1,1,-1,-1,-1,1,-1,0.009990613907575607
1,1,1,-1,1,-1,-1,1,-1,1,-1,-1,-1,-1,1,1,-1,1,1,-1,0.009990613907575607
1,1,1,-1,1,-1,-1,1,-1,1,-1,-1,-1,1,-1,1,1,-1,1,-1,0.009990613907575607
1,1,1,-1,1,-1,-1,1,-1,1,-1,-1,-1,1,1,-1,1,-1,-1,1,0.009990613907575607
1,1,1,-1,1,-1,-1,1,-1,1,-1,-1,-1,1,1,1,-1,-1,1,1,0.009990613907575607
1,1,1,-1,1,-1,-1,1,-1,1,-1,-1,1,-1,1,-1,-1,1,-1,1,0.009990613907575607
1,1,1,-1,1,-1,-1,1,-1,1,-1,1,1,-1,-1,-1,1,-1,-1,-1,0.009990613907575607
1,1,1,-1,1,-1,-1,1,-1,1,-1,1,1,-1,-1,1,1,-1,1,1,0.009990613907575607
1,1,1,-1,1,-1,-1,1,-1,1,1,-1,-1,-1,1,-1,1,-1,1,1,0.009990613907575607
1,1,1,-1,1,-1,-1,1,-1,1,1,-1,-1,1,1,-1,1,1,-1,-1,0.009990613907575607
1,1,1,-1,1,-1,-1,1,-1,1,1,-1,1,1,-1,-1,1,1,-1,-1,0.009990613907575607
1,1,1,-1,1,-1,-1,1,-1,1,1,1,-1,1,1,1,-1,1,-1,-1,0.009990613907575607
1,1,1,-1,1,-1,-1,1,-1,1,1,1,1,-1,-1,1,1,-1,-1,-1,0.009990613907575607
1,1,1,-1,1,-1,-1,1,-1,1,1,1,1,1,-1,-1,-1,1,-1,1,0.009990613907575607
1,1,1,-1,1,-1,-1,1,-1,1,1,1,1,1,1,1,-1,-1,1,1,0.009990613907575607
1,1,1,-1,1,-1,-1,1,1,-1,-1,-1,-1,-1,1,-1,1,-1,-1,1,0.009990613907575607
1,1,1,-1,1,-1,-1,1,1,-1,-1,-1,-1,1,1,1,1,-1,-1,-1,0.009990613907575607
1,1,1,-1,1,-1,-1,1,1,-1,-1,1,-1,-1,1,1,-1,-1,-1,1,0.009990613907575607
1,1,1,-1,1,-1,-1,1,1,-1,-1,1,-1,-1,1,1,-1,-1,1,-1,0.009990613907575607
1,1,1,-1,1,-1,-1,1,1,-1,-1,1,1,1,-1,-1,-1,1,-1,-1,0.009990613907575607
1,1,1,-1,1,-1,-1,1,1,-1,1,-1,1,-1,-1,-1,-1,1,-1,-1,0.009990613907575607
1,1,1,-1,1,-1,-1,1,1,-1,1,-1,1,-1,1,-1,1,-1,1,-1,0.009990613907575607
1,1,1,-1,1,-1,-1,1,1,-1,1,-1,1,-1,1,1,1,1,-1,-1,0.009990613907575607
1,1,1,-1,1,-1,-1,1,1,-1,1,-1,1,1,1,-1,1,-1,1,-1,0.009990613907575607
1,1,1,-1,1,-1,-1,1,1,-1,1,1,-1,1,-1,1,-1,-1,-1,1,0.009990613907575607
1,1,1,-1,1,-1,-1,1,1,-1,1,1,1,-1,1,1,1,-1,1,-1,0.009990613907575607
1,1,1,-1,1,-1,-1,1,1,1,-1,-1,-1,1,-1,-1,1,1,-1,1,0.009990613907575607
1,1,1,-1,1,-1,-1,1,1,1,-1,1,1,-1,1,-1,-1,-1,1,-1,0.009990613907575607
1,1,1,-1,1,-1,-1,1,1,1,-1,1,1,1,-1,-1,-1,-1,-1,1,0.009990613907575607
1,1,1,-1,1,-1,-1,1,1,1,1,-1,-1,-1,-1,1,-1,1,-1,1,0.009990613907575607
1,1,1,-1,1,-1,-1,1,1,1,1,-1,-1,1,1,-1,-1,1,-1,1,0.009990613907575607
1,1,1,-1,1,-1,-1,1,1,1,1,-1,1,1,1,-1,-1,-1,-1,1,0.009990613907575607
1,1,1,-1,1,-1,-1,1,1,1,1,1,-1,1,1,1,-1,-1,1,-1,0.009990613907575607
1,1,1,-1,1,-1,-1,1,1,1,1,1,1,-1,1,1,-1,1,-1,1,0.009990613907575607
1,1,1,-1,1,-1,1,-1,-1,-1,-1,1,-1,-1,-1,-1,-1,-1,1,1,0.009990613907575607
1,1,1,-1,1,-1,1,-1,-1,-1,-1,1,-1,-1,-1,-1,1,1,1,-1,0.009990613907575607
1,1,1,-1,1,-1,1,-1,-1,-1,-1,1,-1,1,-1,-1,1,1,-1,1,0.009990613907575607
1,1,1,-1,1,-1,1,-1,-1,-1,-1,1,1,-1,1,-1,-1,1,-1,-1,0.009990613907575607
1,1,1,-1,1,-1,1,-1,-1,-1,1,-1,-1,-1,-1,-1,-1,1,-1,1,0.009990613907575607
1,1,1,-1,1,-1,1,-1,-1,-1,1,-1,-1,1,1,1,-1,1,-1,1,0.009990613907575607
1,1,1,-1,1,-1,1,-1,-1,-1,1,-1,1,-1,-1,1,1,-1,1,1,0.009990613907575607
1,1,1,-1,1,-1,1,-1,-1,-1,1,1,-1,-1,1,-1,1,1,-1,1,0.009990613907575607
1,1,1,-1,1,-1,1,-1,-1,1,-1,1,1,1,1,-1,-1,-1,-1,-1,0.009990613907575607
1,1,1,-1,1,-1,1,-1,-1,1,1,-1,-1,-1,-1,-1,-1,-1,-1,-1,0.009990613907575607
1,1,1,-1,1,-1,1,-1,-1,1,1,-1,-1,-1,1,1,1,1,1,1,0.009990613907575607
1,1,1,-1,1,-1,1,-1,-1,1,1,-1,-1,1,1,-1,-1,1,-1,1,0.009990613907575607
1,1,1,-1,1,-1,1,-1,-1,1,1,-1,-1,1,1,-1,-1,1,1,-1,0.009990613907575607
1,1,1,-1,1,-1,1,-1,-1,1,1,-1,1,-1,1,1,1,1,1,-1,0.009990613907575607
1,1,1,-1,1,-1,1,-1,-1,1,1,1,-1,1,-1,-1,-1,-1,1,-1,0.009990613907575607
1,1,1,-1,1,-1,1,-1,-1,1,1,1,-1,1,1,-1,1,-1,-1,-1,0.009990613907575607
1,1,1,-1,1,-1,1,-1,-1,1,1,1,-1,1,1,1,-1,1,-1,1,0.009990613907575607
1,1,1,-1,1,-1,1,-1,-1,1,1,1,1,1,1,1,-1,1,1,-1,0.009990613907575607
1,1,1,-1,1,-1,1,-1,1,-1,-1,-1,-1,1,1,-1,-1,1,-1,1,0.009990613907575607
1,1,1,-1,1,-1,1,-1,1,-1,-1,-1,1,1,-1,-1,-1,1,1,1,0.009990613907575607
1,1,1,-1,1,-1,1,-1,1,-1,-1,1,-1,1,-1,-1,1,1,1,1,0.009990613907575607
1,1,1,-1,1,-1,1,-1,1,-1,-1,1,1,1,1,1,-1,1,1,1,0.009990613907575607
1,1,1,-1,1,-1,1,-1,1,-1,1,-1,-1,-1,1,-1,-1,1,-1,-1,0.009990613907575607
1,1,1,-1,1,-1,1,-1,1,-1,1,-1,-1,1,1,1,-1,1,1,-1,0.009990613907575607
1,1,1,-1,1,-1,1,-1,1,-1,1,1,-1,-1,-1,-1,1,1,1,1,0.009990613907575607
1,1,1,-1,1,-1,1,-1,1,-1,1,1,-1,-1,-1,1,-1,-1,1,1,0.009990613907575607
1,1,1,-1,1,-1,1,-1,1,-1,1,1,-1,1,-1,-1,1,1,-1,-1,0.009990613907575607
1,1,1,-1,1,-1,1,-1,1,-1,1,1,1,1,-1,-1,-1,-1,1,-1,0.009990613907575607
1,1,1,-1,1,-1,1,-1,1,1,-1,-1,-1,1,1,1,1,-1,1,1,0.009990613907575607
1,1,1,-1,1,-1,1,-1,1,1,-1,-1,1,-1,-1,1,-1,-1,-1,-1,0.009990613907575607
1,1,1,-1,1,-1,1,-1,1,1,-1,-1,1,-1,1,-1,-1,1,1,1,0.009990613907575607
1,1,1,-1,1,-1,1,-1,1,1,-1,-1,1,1,-1,1,-1,1,-1,1,0.009990613907575607
1,1,1,-1,1,-1,1,-1,1,1,-1,1,1,1,-1,1,-1,-1,1,-1,0.009990613907575607
1,1,1,-1,1,-1,1,-1,1,1,-1,1,1,1,1,-1,-1,1,-1,-1,0.009990613907575607
1,1,1,-1,1,-1,1,-1,1,1,1,1,-1,-1,-1,1,1,1,1,-1,0.009990613907575607
1,1,1,-1,1,-1,1,-1,1,1,1,1,1,1,-1,-1,-1,-1,1,1,0.009990613907575607
1,1,1,-1,1,-1,1,-1,1,1,1,1,1,1,1,1,1,1,-1,-1,0.009990613907575607
1,1,1,-1,1,-1,1,1,-1,-1,-1,-1,-1,1,-1,-1,1,-1,1,1,0.009990613907575607
1,1,1,-1,1,-1,1,1,-1,-1,-1,-1,1,1,-1,-1,-1,1,-1,1,0.009990613907575607
1,1,1,-1,1,-1,1,1,-1,-1,-1,-1,1,1,-1,1,-1,-1,1,1,0.009990613907575607
1,1,1,-1,1,-1,1,1,-1,-1,-1,-1,1,1,1,1,1,1,1,1,0.009990613907575607
1,1,1,-1,1,-1,1,1,-1,-1,-1,1,-1,-1,-1,-1,1,-1,-1,1,0.009990613907575607
1,1,1,-1,1,-1,1,1,-1,-1,-1,1,1,1,-1,1,1,1,-1,-1,0.009990613907575607
1,1,1,-1,1,-1,1,1,-1,-1,1,-1,-1,1,1,-1,-1,1,1,1,0.009990613907575607
1,1,1,-1,1,-1,1,1,-1,-1,1,1,-1,-1,1,-1,1,1,-1,1,0.009990613907575607
1,1,1,-1,1,-1,1,1,-1,-1,1,1,-1,-1,1,-1,1,1,1,1,0.009990613907575607
1,1,1,-1,1,-1,1,1,-1,-1,1,1,-1,1,-1,1,1,1,1,-1,0.009990613907575607
1,1,1,-1,1,-1,1,1,-1,-1,1,1,1,1,-1,1,1,1,-1,1,0.009990613907575607
1,1,1,-1,1,-1,1,1,-1,-1,1,1,1,1,1,1,1,1,1,1,0.009990613907575607
1,1,1,-1,1,-1,1,1,-1,1,-1,-1,-1,-1,-1,1,-1,-1,1,-1,0.009990613907575607
1,1,1,-1,1,-1,1,1,-1,1,-1,-1,-1,1,1,1,-1,1,-1,1,0.009990613907575607
1,1,1,-1,1,-1,1,1,-1,1,-1,-1,1,-1,1,-1,-1,-1,1,-1,0.009990613907575607
1,1,1,-1,1,-1,1,1,-1,1,-1,-1,1,-1,1,-1,1,1,-1,-1,0.009990613907575607
1,1,1,-1,1,-1,1,1,-1,1,-1,-1,1,-1,1,1,1,1,1,-1,0.009990613907575607
1,1,1,-1,1,-1,1,1,-1,1,-1,-1,1,1,1,-1,-1,1,-1,1,0.009990613907575607
1,1,1,-1,1,-1,1,1,-1,1,-1,1,-1,-1,1,1,-1,-1,-1,1,0.009990613907575607
1,1,1,-1,1,-1,1,1,-1,1,-1,1,1,1,-1,-1,-1,1,1,-1,0.009990613907575607
1,1,1,-1,1,-1,1,1,-1,1,1,-1,-1,-1,1,-1,1,-1,1,-1,0.009990613907575607
1,1,1,-1,1,-1,1,1,-1,1,1,-1,1,-1,1,1,-1,1,1,-1,0.009990613907575607
1,1,1,-1,1,-1,1,1,-1,1,1,-1,1,1,1,-1,1,1,1,-1,0.009990613907575607
1,1,1,-1,1,-1,1,1,-1,1,1,1,-1,-1,-1,1,1,-1,-1,1,0.009990613907575607
1,1,1,-1,1,-1,1,1,-1,1,1,1,-1,1,-1,1,1,1,-1,1,0.009990613907575607
1,1,1,-1,1,-1,1,1,1,-1,-1,-1,-1,-1,1,-1,1,-1,1,-1,0.009990613907575607
1,1,1,-1,1,-1,1,1,1,-1,-1,-1,-1,1,1,1,-1,1,-1,1,0.009990613907575607
1,1,1,-1,1,-1,1,1,1,-1,-1,-1,1,-1,1,1,1,-1,1,1,0.009990613907575607
1,1,1,-1,1,-1,1,1,1,-1,-1,-1,1,1,1,1,-1,-1,-1,1,0.009990613907575607
1,1,1,-1,1,-1,1,1,1,-1,-1,1,1,-1,-1,-1,-1,-1,-1,-1,0.009990613907575607
1,1,1,-1,1,-1,1,1,1,-1,-1,1,1,-1,-1,1,-1,1,1,1,0.009990613907575607
1,1,1,-1,1,-1,1,1,1,-1,1,-1,-1,-1,1,-1,1,-1,1,1,0.009990613907575607
1,1,1,-1,1,-1,1,1,1,-1,1,-1,-1,-1,1,1,-1,1,-1,-1,0.009990613907575607
1,1,1,-1,1,-1,1,1,1,-1,1,-1,-1,1,1,1,-1,1,1,-1,0.009990613907575607
1,1,1,-1,1,-1,1,1,1,-1,1,-1,1,-1,-1,1,-1,-1,-1,-1,0.009990613907575607
1,1,1,-1,1,-1,1,1,1,-1,1,-1,1,1,1,-1,-1,1,-1,1,0.009990613907575607
1,1,1,-1,1,-1,1,1,1,-1,1,-1,1,1,1,1,-1,1,-1,1,0.009990613907575607
1,1,1,-1,1,-1,1,1,1,-1,1,1,-1,1,1,1,1,-1,-1,1,0.009990613907575607
1,1,1,-1,1,-1,1,1,1,1,-1,-1,-1,1,-1,-1,-1,1,1,1,0.009990613907575607
1,1,1,-1,1,-1,1,1,1,1,-1,-1,-1,1,1,-1,1,-1,1,-1,0.009990613907575607
1,1,1,-1,1,-1,1,1,1,1,-1,-1,1,-1,-1,1,-1,-1,1,-1,0.009990613907575607
1,1,1,-1,1,-1,1,1,1,1,-1,-1,1,-1,1,-1,-1,1,1,1,0.009990613907575607
1,1,1,-1,1,-1,1,1,1,1,-1,-1,1,1,1,-1,-1,1,1,1,0.009990613907575607
1,1,1,-1,1,-1,1,1,1,1,-1,1,-1,-1,1,1,-1,-1,1,-1,0.009990613907575607
1,1,1,-1,1,-1,1,1,1,1,-1,1,-1,1,-1,1,-1,-1,-1,-1,0.009990613907575607
1,1,1,-1,1,-1,1,1,1,1,1,-1,-1,-1,1,-1,-1,1,1,1,0.009990613907575607
1,1,1,-1,1,-1,1,1,1,1,1,-1,1,-1,-1,-1,-1,1,1,1,0.009990613907575607
1,1,1,-1,1,-1,1,1,1,1,1,-1,1,-1,1,1,1,1,-1,1,0.009990613907575607
1,1,1,-1,1,-1,1,1,1,1,1,-1,1,1,1,1,-1,-1,1,-1,0.009990613907575607
1,1,1,-1,1,-1,1,1,1,1,1,1,-1,-1,1,1,-1,1,1,-1,0.009990613907575607
1,1,1,-1,1,-1,1,1,1,1,1,1,-1,1,-1,-1,-1,1,1,-1,0.009990613907575607
1,1,1,-1,1,-1,1,1,1,1,1,1,-1,1,1,-1,1,1,1,1,0.009990613907575607
1,1,1,-1,1,-1,1,1,1,1,1,1,1,-1,-1,-1,1,-1,-1,1,0.009990613907575607
1,1,1,-1,1,-1,1,1,1,1,1,1,1,-1,1,-1,-1,1,-1,1,0.009990613907575607
1,1,1,-1,1,1,-1,-1,-1,-1,-1,-1,-1,-1,-1,1,-1,-1,1,-1,0.009990613907575607
1,1,1,-1,1,1,-1,-1,-1,-1,-1,1,-1,-1,-1,-1,-1,1,1,1,0.009990613907575607
1,1,1,-1,1,1,-1,-1,-1,-1,-1,1,-1,1,-1,1,1,-1,1,1,0.009990613907575607
1,1,1,-1,1,1,-1,-1,-1,-1,-1,1,-1,1,1,1,1,1,-1,-1,0.009990613907575607
1,1,1,-1,1,1,-1,-1,-1,-1,-1,1,1,-1,1,-1,1,-1,-1,-1,0.009990613907575607
1,1,1,-1,1,1,-1,-1,-1,-1,-1,1,1,-1,1,1,-1,1,1,1,0.009990613907575607
1,1,1,-1,1,1,-1,-1,-1,-1,-1,1,1,1,-1,1,-1,1,-1,-1,0.009990613907575607
1,1,1,-1,1,1,-1,-1,-1,-1,1,-1,-1,-1,-1,1,1,-1,-1,1,0.009990613907575607
1,1,1,-1,1,1,-1,-1,-1,-1,1,1,-1,1,1,1,-1,-1,1,-1,0.009990613907575607
1,1,1,-1,1,1,-1,-1,-1,1,-1,1,1,1,-1,-1,1,1,-1,-1,0.009990613907575607
1,1,1,-1,1,1,-1,-1,-1,1,1,-1,1,-1,1,-1,1,1,-1,1,0.009990613907575607
1,1,1,-1,1,1,-1,-1,-1,1,1,-1,1,1,-1,-1,1,-1,1,-1,0.009990613907575607
1,1,1,-1,1,1,-1,-1,-1,1,1,-1,1,1,-1,1,1,1,-1,1,0.009990613907575607
1,1,1,-1,1,1,-1,-1,-1,1,1,1,-1,-1,-1,1,1,1,-1,1,0.009990613907575607
1,1,1,-1,1,1,-1,-1,-1,1,1,1,1,1,1,1,-1,1,-1,-1,0.009990613907575607
1,1,1,-1,1,1,-1,-1,1,-1,-1,-1,-1,-1,1,-1,1,-1,-1,1,0.009990613907575607
1,1,1,-1,1,1,-1,-1,1,-1,-1,-1,1,1,-1,1,-1,1,1,-1,0.009990613907575607
1,1,1,-1,1,1,-1,-1,1,-1,-1,1,-1,-1,1,-1,1,1,1,1,0.009990613907575607
1,1,1,-1,1,1,-1,-1,1,-1,-1,1,1,1,1,-1,-1,-1,-1,-1,0.009990613907575607
1,1,1,-1,1,1,-1,-1,1,-1,1,-1,-1,1,-1,-1,1,-1,-1,1,0.009990613907575607
1,1,1,-1,1,1,-1,-1,1,-1,1,-1,1,-1,-1,-1,1,-1,1,-1,0.009990613907575607
1,1,1,-1,1,1,-1,-1,1,-1,1,-1,1,-1,1,-1,1,-1,1,-1,0.009990613907575607
1,1,1,-1,1,1,-1,-1,1,-1,1,1,-1,1,1,1,-1,-1,1,-1,0.009990613907575607
1,1,1,-1,1,1,-1,-1,1,-1,1,1,1,-1,1,-1,-1,-1,1,-1,0.009990613907575607
1,1,1,-1,1,1,-1,-1,1,-1,1,1,1,-1,1,-1,-1,1,1,1,0.009990613907575607
1,1,1,-1,1,1,-1,-1,1,-1,1,1,1,1,-1,-1,1,-1,1,1,0.009990613907575607
1,1,1,-1,1,1,-1,-1,1,-1,1,1,1,1,1,-1,1,1,1,1,0.009990613907575607
1,1,1,-1,1,1,-1,-1,1,-1,1,1,1,1,1,1,1,1,-1,-1,0.009990613907575607
1,1,1,-1,1,1,-1,-1,1,1,-1,-1,-1,-1,-1,1,-1,-1,-1,1,0.009990613907575607
1,1,1,-1,1,1,-1,-1,1,1,-1,-1,-1,1,-1,-1,1,1,-1,1,0.009990613907575607
1,1,1,-1,1,1,-1,-1,1,1,-1,-1,1,1,1,-1,1,-1,1,1,0.009990613907575607
1,1,1,-1,1,1,-1,-1,1,1,-1,1,-1,-1,-1,-1,-1,-1,1,-1,0.009990613907575607
1,1,1,-1,1,1,-1,-1,1,1,-1,1,-1,-1,-1,1,1,-1,-1,-1,0.009990613907575607
1,1,1,-1,1,1,-1,-1,1,1,-1,1,1,-1,-1,1,1,1,-1,-1,0.009990613907575607
1,1,1,-1,1,1,-1,-1,1,1,-1,1,1,-1,1,-1,1,1,-1,-1,0.009990613907575607
1,1,1,-1,1,1,-1,-1,1,1,1,-1,-1,-1,-1,1,-1,1,1,-1,0.009990613907575607
1,1,1,-1,1,1,-1,-1,1,1,1,1,1,-1,1,-1,1,-1,-1,1,0.009990613907575607
1,1,1,-1,1,1,-1,-1,1,1,1,1,1,-1,1,1,-1,-1,-1,1,0.009990613907575607
1,1,1,-1,1,1,-1,1,-1,-1,-1,-1,-1,1,-1,1,-1,1,1,1,0.009990613907575607
1,1,1,-1,1,1,-1,1,-1,-1,-1,-1,-1,1,1,-1,-1,1,1,1,0.009990613907575607
1,1,1,-1,1,1,-1,1,-1,-1,-1,-1,1,-1,-1,-1,1,-1,-1,-1,0.009990613907575607
1,1,1,-1,1,1,-1,1,-1,-1,-1,-1,1,1,-1,1,1,-1,-1,-1,0.009990613907575607
1,1,1,-1,1,1,-1,1,-1,-1,-1,1,-1,1,-1,-1,1,-1,-1,-1,0.009990613907575607
1,1,1,-1,1,1,-1,1,-1,-1,1,-1,-1,1,-1,-1,1,1,-1,-1,0.009990613907575607
1,1,1,-1,1,1,-1,1,-1,-1,1,-1,-1,1,1,1,-1,-1,1,-1,0.009990613907575607
1,1,1,-1,1,1,-1,1,-1,-1,1,-1,1,-1,1,-1,1,1,-1,1,0.009990613907575607
1,1,1,-1,1,1,-1,1,-1,-1,1,-1,1,-1,1,-1,1,1,1,1,0.009990613907575607
1,1,1,-1,1,1,-1,1,-1,-1,1,1,-1,-1,-1,1,-1,1,1,-1,0.009990613907575607
1,1,1,-1,1,1,-1,1,-1,-1,1,1,-1,-1,1,-1,1,1,-1,-1,0.009990613907575607
1,1,1,-1,1,1,-1,1,-1,-1,1,1,-1,-1,1,1,1,-1,-1,1,0.009990613907575607
1,1,1,-1,1,1,-1,1,-1,-1,1,1,1,-1,-1,-1,-1,-1,1,1,0.009990613907575607
1,1,1,-1,1,1,-1,1,-1,-1,1,1,1,1,-1,1,1,-1,1,-1,0.009990613907575607
1,1,1,-1,1,1,-1,1,-1,-1,1,1,1,1,1,-1,-1,-1,-1,1,0.009990613907575607
1,1,1,-1,1,1,-1,1,-1,1,-1,-1,-1,-1,-1,-1,-1,-1,1,1,0.009990613907575607
1,1,1,-1,1,1,-1,1,-1,1,-1,-1,-1,-1,-1,-1,1,1,-1,-1,0.009990613907575607
1,1,1,-1,1,1,-1,1,-1,1,-1,-1,-1,-1,-1,-1,1,1,-1,1,0.009990613907575607
1,1,1,-1,1,1,-1,1,-1,1,1,-1,-1,-1,1,1,-1,-1,-1,-1,0.009990613907575607
1,1,1,-1,1,1,-1,1,-1,1,1,-1,-1,-1,1,1,-1,1,1,-1,0.009990613907575607
1,1,1,-1,1,1,-1,1,-1,1,1,-1,-1,1,-1,1,1,1,1,-1,0.009990613907575607
1,1,1,-1,1,1,-1,1,-1,1,1,1,-1,-1,-1,1,-1,1,1,1,0.009990613907575607
1,1,1,-1,1,1,-1,1,-1,1,1,1,-1,1,1,-1,-1,1,1,1,0.009990613907575607
1,1,1,-1,1,1,-1,1,1,-1,-1,-1,-1,-1,-1,1,-1,-1,-1,1,0.009990613907575607
1,1,1,-1,1,1,-1,1,1,-1,-1,-1,1,1,1,-1,-1,1,-1,-1,0.009990613907575607
1,1,1,-1,1,1,-1,1,1,-1,-1,1,-1,1,-1,-1,1,-1,-1,-1,0.009990613907575607
1,1,1,-1,1,1,-1,1,1,-1,-1,1,1,1,1,-1,1,-1,-1,1,0.009990613907575607
1,1,1,-1,1,1,-1,1,1,-1,-1,1,1,1,1,1,1,1,-1,-1,0.009990613907575607
1,1,1,-1,1,1,-1,1,1,-1,1,-1,-1,-1,1,1,-1,-1,-1,-1,0.009990613907575607
1,1,1,-1,1,1,-1,1,1,-1,1,-1,-1,1,1,1,1,-1,1,1,0.009990613907575607
1,1,1,-1,1,1,-1,1,1,-1,1,-1,1,-1,1,1,1,-1,-1,-1,0.009990613907575607
1,1,1,-1,1,1,-1,1,1,-1,1,1,-1,-1,1,1,-1,-1,-1,1,0.009990613907575607
1,1,1,-1,1,1,-1,1,1,-1,1,1,-1,-1,1,1,1,-1,1,-1,0.009990613907575607
1,1,1,-1,1,1,-1,1,1,-1,1,1,-1,1,-1,-1,-1,-1,-1,-1,0.009990613907575607
1,1,1,-1,1,1,-1,1,1,-1,1,1,-1,1,1,1,1,-1,1,1,0.009990613907575607
1,1,1,-1,1,1,-1,1,1,-1,1,1,1,-1,-1,1,1,-1,-1,1,0.009990613907575607
1,1,1,-1,1,1,-1,1,1,-1,1,1,1,-1,-1,1,1,1,-1,1,0.009990613907575607
1,1,1,-1,1,1,-1,1,1,1,-1,-1,-1,1,-1,1,1,-1,1,-1,0.009990613907575607
1,1,1,-1,1,1,-1,1,1,1,-1,1,-1,-1,1,1,1,1,-1,1,0.009990613907575607
1,1,1,-1,1,1,-1,1,1,1,-1,1,1,-1,-1,1,-1,1,1,-1,0.009990613907575607
1,1,1,-1,1,1,-1,1,1,1,-1,1,1,1,-1,1,-1,-1,-1,1,0.009990613907575607
1,1,1,-1,1,1,-1,1,1,1,1,-1,-1,1,-1,1,-1,-1,-1,1,0.009990613907575607
1,1,1,-1,1,1,-1,1,1,1,1,-1,-1,1,1,-1,1,-1,-1,-1,0.009990613907575607
1,1,1,-1,1,1,-1,1,1,1,1,1,-1,-1,-1,1,-1,-1,-1,-1,0.009990613907575607
1,1,1,-1,1,1,-1,1,1,1,1,1,-1,1,-1,-1,1,-1,-1,-1,0.009990613907575607
1,1,1,-1,1,1,1,-1,-1,-1,-1,-1,1,1,1,-1,1,-1,-1,-1,0.009990613907575607
1,1,1,-1,1,1,1,-1,-1,-1,-1,1,-1,1,-1,1,1,1,-1,1,0.009990613907575607
1,1,1,-1,1,1,1,-1,-1,-1,1,-1,-1,1,-1,1,-1,1,1,-1,0.009990613907575607
1,1,1,-1,1,1,1,-1,-1,-1,1,-1,1,1,-1,1,1,-1,1,-1,0.009990613907575607
1,1,1,-1,1,1,1,-1,-1,-1,1,1,-1,1,-1,-1,-1,-1,-1,-1,0.009990613907575607
1,1,1,-1,1,1,1,-1,-1,1,-1,-1,-1,1,1,-1,-1,-1,1,1,0.009990613907575607
1,1,1,-1,1,1,1,-1,-1,1,-1,-1,1,-1,1,1,-1,1,1,-1,0.009990613907575607
1,1,1,-1,1,1,1,-1,-1,1,-1,-1,1,1,1,1,-1,1,-1,-1,0.009990613907575607
1,1,1,-1,1,1,1,-1,-1,1,-1,1,1,-1,-1,1,1,-1,1,1,0.009990613907575607
1,1,1,-1,1,1,1,-1,-1,1,1,-1,-1,-1,-1,1,-1,1,-1,-1,0.009990613907575607
1,1,1,-1,1,1,1,-1,-1,1,1,-1,-1,-1,-1,1,1,-1,1,-1,0.009990613907575607
1,1,1,-1,1,1,1,-1,-1,1,1,-1,-1,-1,-1,1,1,1,-1,1,0.009990613907575607
1,1,1,-1,1,1,1,-1,-1,1,1,1,1,-1,-1,-1,-1,1,-1,1,0.009990613907575607
1,1,1,-1,1,1,1,-1,-1,1,1,1,1,-1,-1,-1,1,1,-1,-1,0.009990613907575607
1,1,1,-1,1,1,1,-1,-1,1,1,1,1,-1,-1,1,1,1,-1,1,0.009990613907575607
1,1,1,-1,1,1,1,-1,1,-1,-1,-1,-1,-1,-1,-1,1,1,1,-1,0.009990613907575607
1,1,1,-1,1,1,1,-1,1,-1,-1,-1,-1,-1,1,-1,-1,1,-1,-1,0.009990613907575607
1,1,1,-1,1,1,1,-1,1,-1,-1,-1,1,-1,1,1,-1,-1,-1,1,0.009990613907575607
1,1,1,-1,1,1,1,-1,1,-1,-1,1,1,1,1,1,-1,-1,-1,1,0.009990613907575607
1,1,1,-1,1,1,1,-1,1,-1,1,-1,1,1,-1,-1,-1,1,1,1,0.009990613907575607
1,1,1,-1,1,1,1,-1,1,-1,1,1,1,-1,-1,1,1,1,1,1,0.009990613907575607
1,1,1,-1,1,1,1,-1,1,1,-1,-1,1,-1,1,1,1,-1,1,1,0.009990613907575607
1,1,1,-1,1,1,1,-1,1,1,-1,-1,1,1,1,1,-1,1,1,1,0.009990613907575607
1,1,1,-1,1,1,1,-1,1,1,-1,1,-1,-1,1,-1,-1,1,1,1,0.009990613907575607
1,1,1,-1,1,1,1,-1,1,1,1,1,-1,-1,-1,-1,-1,1,1,-1,0.009990613907575607
1,1,1,-1,1,1,1,-1,1,1,1,1,-1,-1,-1,1,-1,-1,-1,-1,0.009990613907575607
1,1,1,-1,1,1,1,-1,1,1,1,1,-1,-1,1,-1,-1,-1,-1,-1,0.009990613907575607
1,1,1,-1,1,1,1,-1,1,1,1,1,-1,-1,1,-1,1,1,-1,1,0.009990613907575607
1,1,1,-1,1,1,1,-1,1,1,1,1,-1,1,-1,-1,-1,-1,-1,1,0.009990613907575607
1,1,1,-1,1,1,1,-1,1,1,1,1,1,-1,-1,-1,1,-1,1,-1,0.009990613907575607
1,1,1,-1,1,1,1,-1,1,1,1,1,1,1,1,-1,-1,-1,-1,-1,0.009990613907575607
1,1,1,-1,1,1,1,1,-1,-1,-1,-1,1,-1,-1,1,1,-1,-1,1,0.009990613907575607
1,1,1,-1,1,1,1,1,-1,-1,-1,-1,1,-1,-1,1,1,-1,1,-1,0.009990613907575607
1,1,1,-1,1,1,1,1,-1,-1,-1,-1,1,1,1,-1,1,1,-1,-1,0.009990613907575607
1,1,1,-1,1,1,1,1,-1,-1,-1,1,-1,-1,1,1,-1,1,-1,1,0.009990613907575607
1,1,1,-1,1,1,1,1,-1,-1,1,-1,1,-1,1,-1,-1,-1,1,1,0.009990613907575607
1,1,1,-1,1,1,1,1,-1,-1,1,-1,1,1,-1,-1,-1,-1,-1,1,0.009990613907575607
1,1,1,-1,1,1,1,1,-1,-1,1,-1,1,1,-1,1,1,-1,1,1,0.009990613907575607
1,1,1,-1,1,1,1,1,-1,-1,1,1,-1,1,1,1,1,1,-1,1,0.009990613907575607
1,1,1,-1,1,1,1,1,-1,1,-1,-1,-1,-1,1,-1,-1,-1,1,-1,0.009990613907575607
1,1,1,-1,1,1,1,1,-1,1,-1,1,-1,-1,-1,-1,1,-1,-1,-1,0.009990613907575607
1,1,1,-1,1,1,1,1,-1,1,-1,1,-1,-1,-1,-1,1,1,1,1,0.009990613907575607
1,1,1,-1,1,1,1,1,-1,1,-1,1,1,-1,1,1,1,-1,-1,-1,0.009990613907575607
1,1,1,-1,1,1,1,1,-1,1,1,-1,-1,1,-1,1,-1,1,1,1,0.009990613907575607
1,1,1,-1,1,1,1,1,-1,1,1,-1,1,-1,-1,-1,-1,1,1,-1,0.009990613907575607
1,1,1,-1,1,1,1,1,-1,1,1,-1,1,-1,-1,-1,1,-1,-1,-1,0.009990613907575607
1,1,1,-1,1,1,1,1,-1,1,1,-1,1,1,1,-1,1,1,-1,1,0.009990613907575607
1,1,1,-1,1,1,1,1,-1,1,1,1,-1,-1,-1,1,-1,-1,1,-1,0.009990613907575607
1,1,1,-1,1,1,1,1,-1,1,1,1,-1,1,-1,1,-1,1,-1,-1,0.009990613907575607
1,1,1,-1,1,1,1,1,1,-1,-1,-1,1,-1,1,1,1,1,-1,1,0.009990613907575607
1,1,1,-1,1,1,1,1,1,-1,-1,-1,1,1,1,-1,-1,-1,1,-1,0.009990613907575607
1,1,1,-1,1,1,1,1,1,-1,-1,1,-1,-1,-1,1,1,-1,1,-1,0.009990613907575607
1,1,1,-1,1,1,1,1,1,-1,-1,1,1,-1,-1,-1,-1,-1,-1,1,0.009990613907575607
1,1,1,-1,1,1,1,1,1,-1,1,-1,-1,-1,1,-1,1,-1,1,1,0.009990613907575607
1,1,1,-1,1,1,1,1,1,-1,1,-1,1,-1,-1,1,-1,-1,-1,1,0.009990613907575607
1,1,1,-1,1,1,1,1,1,-1,1,1,1,-1,1,1,1,1,1,-1,0.009990613907575607
1,1,1,-1,1,1,1,1,1,-1,1,1,1,1,1,-1,-1,-1,-1,1,0.009990613907575607
1,1,1,-1,1,1,1,1,1,1,-1,-1,-1,1,1,1,-1,-1,1,1,0.009990613907575607
1,1,1,-1,1,1,1,1,1,1,-1,-1,1,-1,-1,1,-1,1,1,-1,0.009990613907575607
1,1,1,-1,1,1,1,1,1,1,-1,1,-1,1,-1,-1,-1,1,1,-1,0.009990613907575607
1,1,1,-1,1,1,1,1,1,1,1,-1,-1,-1,-1,1,1,1,1,-1,0.009990613907575607
1,1,1,-1,1,1,1,1,1,1,1,-1,-1,1,1,1,1,-1,1,1,0.009990613907575607
1,1,1,-1,1,1,1,1,1,1,1,-1,1,-1,-1,-1,1,1,-1,1,0.009990613907575607
1,1,1,-1,1,1,1,1,1,1,1,-1,1,-1,-1,-1,1,1,1,1,0.009990613907575607
1,1,1,-1,1,1,1,1,1,1,1,-1,1,-1,1,1,-1,1,1,1,0.009990613907575607
1,1,1,-1,1,1,1,1,1,1,1,-1,1,1,-1,-1,-1,1,-1,-1,0.009990613907575607
1,1,1,-1,1,1,1,1,1,1,1,1,1,1,1,1,-1,1,1,-1,0.009990613907575607
1,1,1,1,-1,-1,-1,-1,-1,-1,-1,-1,1,1,-1,1,1,-1,1,-1,0.009990613907575607
1,1,1,1,-1,-1,-1,-1,-1,-1,-1,-1,1,1,1,1,1,-1,1,-1,0.009990613907575607
1,1,1,1,-1,-1,-1,-1,-1,-1,-1,1,1,-1,1,1,1,1,1,-1,0.009990613907575607
1,1,1,1,-1,-1,-1,-1,-1,-1,1,-1,-1,-1,-1,-1,-1,1,1,-1,0.009990613907575607
1,1,1,1,-1,-1,-1,-1,-1,-1,1,-1,-1,1,-1,1,-1,-1,1,1,0.009990613907575607
1,1,1,1,-1,-1,-1,-1,-1,-1,1,-1,1,-1,1,-1,1,1,-1,-1,0.009990613907575607
1,1,1,1,-1,-1,-1,-1,-1,-1,1,-1,1,1,1,1,1,1,1,1,0.009990613907575607
1,1,1,1,-1,-1,-1,-1,-1,-1,1,1,-1,-1,-1,-1,-1,1,1,-1,0.009990613907575607
1,1,1,1,-1,-1,-1,-1,-1,-1,1,1,-1,1,1,1,1,-1,-1,-1,0.009990613907575607
1,1,1,1,-1,-1,-1,-1,-1,-1,1,1,1,-1,1,1,1,1,-1,1,0.009990613907575607
1,1,1,1,-1,-1,-1,-1,-1,-1,1,1,1,1,1,1,-1,-1,1,1,0.009990613907575607
1,1,1,1,-1,-1,-1,-1,-1,1,-1,-1,-1,1,1,-1,-1,-1,-1,-1,0.009990613907575607
1,1,1,1,-1,-1,-1,-1,-1,1,-1,-1,1,1,-1,1,1,1,1,-1,0.009990613907575607
1,1,1,1,-1,-1,-1,-1,-1,1,-1,1,1,-1,-1,-1,1,-1,-1,1,0.009990613907575607
1,1,1,1,-1,-1,-1,-1,-1,1,-1,1,1,1,-1,-1,1,-1,1,1,0.009990613907575607
1,1,1,1,-1,-1,-1,-1,-1,1,1,-1,-1,1,1,-1,-1,-1,1,-1,0.009990613907575607
1,1,1,1,-1,-1,-1,-1,-1,1,1,-1,1,1,-1,1,1,1,-1,-1,0.009990613907575607
1,1,1,1,-1,-1,-1,-1,-1,1,1,1,-1,1,-1,-1,-1,1,1,-1,0.009990613907575607
1,1,1,1,-1,-1,-1,-1,1,-1,-1,-1,-1,1,1,-1,-1,1,1,-1,0.009990613907575607
1,1,1,1,-1,-1,-1,-1,1,-1,-1,1,-1,-1,1,-1,-1,1,-1,1,0.009990613907575607
1,1,1,1,-1,-1,-1,-1,1,-1,-1,1,-1,1,1,-1,1,-1,-1,1,0.009990613907575607
1,1,1,1,-1,-1,-1,-1,1,-1,-1,1,-1,1,1,1,-1,-1,1,-1,0.009990613907575607
1,1,1,1,-1,-1,-1,-1,1,-1,1,-1,1,-1,-1,1,-1,1,1,-1,0.009990613907575607
1,1,1,1,-1,-1,-1,-1,1,-1,1,-1,1,1,-1,1,1,1,1,-1,0.009990613907575607
1,1,1,1,-1,-1,-1,-1,1,-1,1,-1,1,1,1,1,1,1,1,1,0.009990613907575607
1,1,1,1,-1,-1,-1,-1,1,-1,1,1,1,1,-1,-1,1,-1,1,-1,0.009990613907575607
1,1,1,1,-1,-1,-1,-1,1,1,-1,-1,-1,1,-1,1,1,1,1,-1,0.009990613907575607
1,1,1,1,-1,-1,-1,-1,1,1,-1,-1,-1,1,1,-1,-1,1,1,1,0.009990613907575607
1,1,1,1,-1,-1,-1,-1,1,1,-1,-1,1,-1,1,-1,-1,-1,1,-1,0.009990613907575607
1,1,1,1,-1,-1,-1,-1,1,1,-1,-1,1,-1,1,-1,-1,1,1,-1,0.009990613907575607
1,1,1,1,-1,-1,-1,-1,1,1,-1,-1,1,-1,1,1,-1,-1,1,-1,0.009990613907575607
1,1,1,1,-1,-1,-1,-1,1,1,-1,-1,1,1,1,-1,-1,1,-1,-1,0.009990613907575607
1,1,1,1,-1,-1,-1,-1,1,1,-1,1,-1,-1,1,-1,1,1,1,1,0.009990613907575607
1,1,1,1,-1,-1,-1,-1,1,1,1,-1,-1,1,-1,1,-1,1,-1,-1,0.009990613907575607
1,1,1,1,-1,-1,-1,-1,1,1,1,-1,1,1,-1,1,-1,1,-1,-1,0.009990613907575607
1,1,1,1,-1,-1,-1,-1,1,1,1,1,-1,-1,1,-1,-1,1,-1,-1,0.009990613907575607
1,1,1,1,-1,-1,-1,-1,1,1,1,1,-1,1,-1,1,1,1,-1,-1,0.009990613907575607
1,1,1,1,-1,-1,-1,1,-1,-1,-1,-1,1,-1,-1,-1,-1,-1,-1,-1,0.009990613907575607
1,1,1,1,-1,-1,-1,1,-1,-1,-1,-1,1,1,-1,-1,-1,1,1,-1,0.009990613907575607
1,1,1,1,-1,-1,-1,1,-1,-1,-1,1,1,-1,1,1,1,-1,1,1,0.009990613907575607
1,1,1,1,-1,-1,-1,1,-1,-1,1,-1,-1,1,-1,-1,-1,-1,-1,1,0.009990613907575607
1,1,1,1,-1,-1,-1,1,-1,-1,1,-1,-1,1,-1,1,-1,-1,-1,1,0.009990613907575607
1,1,1,1,-1,-1,-1,1,-1,-1,1,-1,-1,1,-1,1,1,-1,1,1,0.009990613907575607
1,1,1,1,-1,-1,-1,1,-1,-1,1,-1,1,-1,1,-1,1,-1,-1,-1,0.009990613907575607
1,1,1,1,-1,-1,-1,1,-1,-1,1,-1,1,1,-1,-1,1,-1,-1,-1,0.009990613907575607
1,1,1,1,-1,-1,-1,1,-1,-1,1,-1,1,1,-1,1,-1,-1,1,1,0.009990613907575607
1,1,1,1,-1,-1,-1,1,-1,-1,1,-1,1,1,1,-1,-1,1,1,1,0.009990613907575607
1,1,1,1,-1,-1,-1,1,-1,1,-1,-1,-1,1,-1,-1,1,1,1,-1,0.009990613907575607
1,1,1,1,-1,-1,-1,1,-1,1,-1,1,-1,-1,-1,-1,1,-1,-1,-1,0.009990613907575607
1,1,1,1,-1,-1,-1,1,-1,1,-1,1,-1,-1,-1,1,-1,-1,-1,-1,0.009990613907575607
1,1,1,1,-1,-1,-1,1,-1,1,-1,1,1,-1,1,1,1,1,1,1,0.009990613907575607
1,1,1,1,-1,-1,-1,1,-1,1,-1,1,1,1,1,1,1,1,-1,1,0.009990613907575607
1,1,1,1,-1,-1,-1,1,-1,1,1,-1,-1,1,1,1,-1,-1,-1,-1,0.009990613907575607
1,1,1,1,-1,-1,-1,1,-1,1,1,1,-1,1,1,-1,-1,1,-1,1,0.009990613907575607
1,1,1,1,-1,-1,-1,1,-1,1,1,1,1,1,-1,-1,-1,-1,1,1,0.009990613907575607
1,1,1,1,-1,-1,-1,1,-1,1,1,1,1,1,1,-1,1,-1,1,1,0.009990613907575607
1,1,1,1,-1,-1,-1,1,1,-1,-1,-1,1,-1,-1,-1,-1,1,1,1,0.009990613907575607
1,1,1,1,-1,-1,-1,1,1,-1,-1,-1,1,-1,1,1,-1,-1,1,-1,0.009990613907575607
1,1,1,1,-1,-1,-1,1,1,-1,-1,1,1,-1,-1,1,1,-1,1,-1,0.009990613907575607
1,1,1,1,-1,-1,-1,1,1,-1,-1,1,1,-1,-1,1,1,-1,1,1,0.009990613907575607
1,1,1,1,-1,-1,-1,1,1,-1,-1,1,1,-1,1,-1,1,-1,1,1,0.009990613907575607
1,1,1,1,-1,-1,-1,1,1,-1,-1,1,1,-1,1,1,1,-1,-1,-1,0.009990613907575607
1,1,1,1,-1,-1,-1,1,1,-1,-1,1,1,1,-1,1,-1,-1,-1,-1,0.009990613907575607
1,1,1,1,-1,-1,-1,1,1,-1,1,-1,-1,1,1,1,-1,-1,1,-1,0.009990613907575607
1,1,1,1,-1,-1,-1,1,1,-1,1,1,1,-1,1,1,1,-1,-1,1,0.009990613907575607
1,1,1,1,-1,-1,-1,1,1,-1,1,1,1,1,-1,1,1,1,1,-1,0.009990613907575607
1,1,1,1,-1,-1,-1,1,1,1,-1,1,-1,1,-1,1,1,1,1,1,0.009990613907575607
1,1,1,1,-1,-1,-1,1,1,1,-1,1,-1,1,1,1,1,1,1,-1,0.009990613907575607
1,1,1,1,-1,-1,-1,1,1,1,1,-1,-1,-1,1,-1,-1,-1,-1,-1,0.009990613907575607
1,1,1,1,-1,-1,-1,1,1,1,1,-1,1,1,1,1,-1,-1,-1,1,0.009990613907575607
1,1,1,1,-1,-1,-1,1,1,1,1,1,-1,1,-1,1,1,-1,1,-1,0.009990613907575607
1,1,1,1,-1,-1,1,-1,-1,-1,-1,-1,-1,-1,-1,-1,1,-1,-1,-1,0.009990613907575607
1,1,1,1,-1,-1,1,-1,-1,-1,-1,1,-1,-1,1,1,1,-1,-1,1,0.009990613907575607
1,1,1,1,-1,-1,1,-1,-1,-1,-1,1,1,-1,1,-1,1,-1,-1,1,0.009990613907575607
1,1,1,1,-1,-1,1,-1,-1,-1,-1,1,1,1,-1,-1,-1,-1,-1,1,0.009990613907575607
1,1,1,1,-1,-1,1,-1,-1,-1,1,-1,-1,-1,1,1,-1,-1,1,-1,0.009990613907575607
1,1,1,1,-1,-1,1,-1,-1,-1,1,-1,-1,1,1,-1,1,-1,-1,-1,0.009990613907575607
1,1,1,1,-1,-1,1,-1,-1,1,-1,-1,-1,-1,1,-1,-1,1,-1,-1,0.009990613907575607
1,1,1,1,-1,-1,1,-1,-1,1,-1,-1,-1,1,1,-1,-1,1,1,1,0.009990613907575607
1,1,1,1,-1,-1,1,-1,-1,1,-1,-1,-1,1,1,1,1,-1,-1,1,0.009990613907575607
1,1,1,1,-1,-1,1,-1,-1,1,-1,-1,1,1,1,-1,-1,-1,1,1,0.009990613907575607
1,1,1,1,-1,-1,1,-1,-1,1,-1,1,-1,-1,1,1,-1,1,1,1,0.009990613907575607
1,1,1,1,-1,-1,1,-1,-1,1,-1,1,-1,1,1,-1,1,1,1,-1,0.009990613907575607
1,1,1,1,-1,-1,1,-1,-1,1,-1,1,1,1,-1,-1,-1,1,1,1,0.009990613907575607
1,1,1,1,-1,-1,1,-1,-1,1,-1,1,1,1,1,-1,-1,-1,-1,-1,0.009990613907575607
1,1,1,1,-1,-1,1,-1,-1,1,1,-1,-1,1,-1,-1,-1,-1,1,-1,0.009990613907575607
1,1,1,1,-1,-1,1,-1,-1,1,1,1,-1,1,1,-1,1,-1,1,-1,0.009990613907575607
1,1,1,1,-1,-1,1,-1,-1,1,1,1,-1,1,1,-1,1,1,1,-1,0.009990613907575607
1,1,1,1,-1,-1,1,-1,-1,1,1,1,-1,1,1,-1,1,1,1,1,0.009990613907575607
1,1,1,1,-1,-1,1,-1,-1,1,1,1,1,1,-1,1,-1,1,1,-1,0.009990613907575607
1,1,1,1,-1,-1,1,-1,-1,1,1,1,1,1,1,1,-1,-1,-1,-1,0.009990613907575607
1,1,1,1,-1,-1,1,-1,1,-1,-1,-1,-1,1,1,1,1,1,1,-1,0.009990613907575607
1,1,1,1,-1,-1,1,-1,1,-1,-1,-1,-1,1,1,1,1,1,1,1,0.009990613907575607
1,1,1,1,-1,-1,1,-1,1,-1,-1,1,-1,-1,-1,1,1,1,-1,-1,0.009990613907575607
1,1,1,1,-1,-1,1,-1,1,-1,-1,1,-1,1,-1,-1,1,-1,-1,1,0.009990613907575607
1,1,1,1,-1,-1,1,-1,1,-1,-1,1,1,-1,1,1,1,1,-1,1,0.009990613907575607
1,1,1,1,-1,-1,1,-1,1,-1,1,-1,-1,1,-1,-1,1,1,-1,1,0.009990613907575607
1,1,1,1,-1,-1,1,-1,1,-1,1,-1,1,-1,-1,-1,-1,1,1,-1,0.009990613907575607
1,1,1,1,-1,-1,1,-1,1,-1,1,-1,1,-1,-1,1,1,1,1,1,0.009990613907575607
1,1,1,1,-1,-1,1,-1,1,-1,1,-1,1,1,-1,-1,1,1,1,-1,0.009990613907575607
1,1,1,1,-1,-1,1,-1,1,-1,1,1,1,-1,-1,-1,-1,-1,-1,-1,0.009990613907575607
1,1,1,1,-1,-1,1,-1,1,-1,1,1,1,-1,1,-1,1,1,1,1,0.009990613907575607
1,1,1,1,-1,-1,1,-1,1,1,-1,-1,-1,-1,-1,-1,-1,-1,1,-1,0.009990613907575607
1,1,1,1,-1,-1,1,-1,1,1,-1,-1,1,-1,-1,-1,1,1,1,-1,0.009990613907575607
1,1,1,1,-1,-1,1,-1,1,1,-1,-1,1,-1,-1,1,-1,1,1,1,0.009990613907575607
1,1,1,1,-1,-1,1,-1,1,1,-1,-1,1,1,-1,-1,1,-1,1,1,0.009990613907575607
1,1,1,1,-1,-1,1,-1,1,1,-1,-1,1,1,-1,1,-1,1,1,1,0.009990613907575607
1,1,1,1,-1,-1,1,-1,1,1,-1,-1,1,1,1,1,-1,1,1,1,0.009990613907575607
1,1,1,1,-1,-1,1,-1,1,1,1,-1,1,-1,-1,1,1,1,-1,-1,0.009990613907575607
1,1,1,1,-1,-1,1,-1,1,1,1,-1,1,1,-1,-1,1,1,1,1,0.009990613907575607
1,1,1,1,-1,-1,1,-1,1,1,1,-1,1,1,-1,1,-1,1,1,-1,0.009990613907575607
1,1,1,1,-1,-1,1,-1,1,1,1,1,1,-1,1,-1,1,1,1,-1,0.009990613907575607
1,1,1,1,-1,-1,1,-1,1,1,1,1,1,1,-1,1,-1,1,1,-1,0.009990613907575607
1,1,1,1,-1,-1,1,1,-1,-1,-1,-1,-1,-1,-1,1,-1,1,1,1,0.009990613907575607
1,1,1,1,-1,-1,1,1,-1,-1,-1,-1,-1,1,-1,1,-1,-1,-1,-1,0.009990613907575607
1,1,1,1,-1,-1,1,1,-1,-1,-1,-1,1,-1,1,1,1,-1,-1,1,0.009990613907575607
1,1,1,1,-1,-1,1,1,-1,-1,-1,1,1,-1,-1,1,1,-1,-1,1,0.009990613907575607
1,1,1,1,-1,-1,1,1,-1,-1,-1,1,1,1,-1,-1,1,1,1,-1,0.009990613907575607
1,1,1,1,-1,-1,1,1,-1,-1,-1,1,1,1,-1,1,1,-1,-1,-1,0.009990613907575607
1,1,1,1,-1,-1,1,1,-1,-1,-1,1,1,1,1,1,-1,1,-1,-1,0.009990613907575607
1,1,1,1,-1,-1,1,1,-1,-1,1,-1,-1,1,1,1,1,1,-1,-1,0.009990613907575607
1,1,1,1,-1,-1,1,1,-1,-1,1,-1,1,1,1,-1,1,1,1,1,0.009990613907575607
1,1,1,1,-1,-1,1,1,-1,-1,1,1,-1,1,-1,1,-1,1,-1,1,0.009990613907575607
1,1,1,1,-1,-1,1,1,-1,-1,1,1,-1,1,1,1,-1,-1,1,1,0.009990613907575607
1,1,1,1,-1,-1,1,1,-1,1,-1,-1,-1,-1,-1,-1,1,1,-1,1,0.009990613907575607
1,1,1,1,-1,-1,1,1,-1,1,-1,-1,1,-1,1,1,-1,-1,-1,1,0.009990613907575607
1,1,1,1,-1,-1,1,1,-1,1,-1,1,-1,1,1,1,1,-1,1,-1,0.009990613907575607
1,1,1,1,-1,-1,1,1,-1,1,-1,1,1,-1,1,-1,-1,-1,-1,1,0.009990613907575607
1,1,1,1,-1,-1,1,1,-1,1,-1,1,1,1,-1,1,-1,-1,1,-1,0.009990613907575607
1,1,1,1,-1,-1,1,1,-1,1,-1,1,1,1,1,-1,-1,-1,1,-1,0.009990613907575607
1,1,1,1,-1,-1,1,1,-1,1,1,-1,-1,1,-1,1,1,-1,1,-1,0.009990613907575607
1,1,1,1,-1,-1,1,1,-1,1,1,-1,-1,1,1,-1,1,1,-1,1,0.009990613907575607
1,1,1,1,-1,-1,1,1,-1,1,1,-1,1,-1,1,1,1,-1,1,1,0.009990613907575607
1,1,1,1,-1,-1,1,1,-1,1,1,1,-1,1,-1,-1,1,-1,-1,1,0.009990613907575607
1,1,1,1,-1,-1,1,1,-1,1,1,1,-1,1,-1,-1,1,-1,1,1,0.009990613907575607
1,1,1,1,-1,-1,1,1,-1,1,1,1,-1,1,1,-1,-1,-1,-1,1,0.009990613907575607
1,1,1,1,-1,-1,1,1,-1,1,1,1,1,-1,-1,-1,-1,1,-1,-1,0.009990613907575607
1,1,1,1,-1,-1,1,1,1,-1,-1,1,-1,-1,1,-1,1,-1,1,-1,0.009990613907575607
1,1,1,1,-1,-1,1,1,1,-1,-1,1,-1,1,1,-1,1,-1,1,1,0.009990613907575607
1,1,1,1,-1,-1,1,1,1,-1,1,-1,-1,1,-1,1,-1,1,1,-1,0.009990613907575607
1,1,1,1,-1,-1,1,1,1,-1,1,-1,1,-1,1,-1,1,1,-1,1,0.009990613907575607
1,1,1,1,-1,-1,1,1,1,1,-1,-1,1,1,-1,1,-1,1,1,1,0.009990613907575607
1,1,1,1,-1,-1,1,1,1,1,-1,1,-1,1,1,1,1,1,-1,1,0.009990613907575607
1,1,1,1,-1,-1,1,1,1,1,1,-1,-1,-1,-1,-1,1,1,1,1,0.009990613907575607
1,1,1,1,-1,-1,1,1,1,1,1,-1,-1,-1,-1,1,1,-1,-1,1,0.009990613907575607
1,1,1,1,-1,-1,1,1,1,1,1,-1,-1,1,-1,-1,1,1,-1,1,0.009990613907575607
1,1,1,1,-1,-1,1,1,1,1,1,1,1,-1,-1,-1,1,1,-1,-1,0.009990613907575607
1,1,1,1,-1,-1,1,1,1,1,1,1,1,-1,1,1,-1,1,1,-1,0.009990613907575607
1,1,1,1,-1,-1,1,1,1,1,1,1,1,-1,1,1,-1,1,1,1,0.009990613907575607
1,1,1,1,-1,-1,1,1,1,1,1,1,1,1,-1,1,1,-1,1,-1,0.009990613907575607
1,1,1,1,-1,1,-1,-1,-1,-1,-1,-1,-1,-1,1,-1,-1,1,1,1,0.009990613907575607
1,1,1,1,-1,1,-1,-1,-1,-1,-1,1,-1,-1,-1,1,1,-1,1,1,0.009990613907575607
1,1,1,1,-1,1,-1,-1,-1,-1,-1,1,1,1,1,1,-1,1,-1,-1,0.009990613907575607
1,1,1,1,-1,1,-1,-1,-1,-1,1,-1,-1,-1,1,-1,1,-1,-1,1,0.009990613907575607
1,1,1,1,-1,1,-1,-1,-1,-1,1,-1,-1,1,-1,1,-1,-1,-1,-1,0.009990613907575607
1,1,1,1,-1,1,-1,-1,-1,-1,1,-1,1,-1,1,1,1,1,1,-1,0.009990613907575607
1,1,1,1,-1,1,-1,-1,-1,-1,1,-1,1,1,1,-1,1,-1,1,1,0.009990613907575607
1,1,1,1,-1,1,-1,-1,-1,-1,1,1,-1,-1,-1,1,1,1,-1,1,0.009990613907575607
1,1,1,1,-1,1,-1,-1,-1,-1,1,1,-1,-1,1,-1,-1,-1,1,-1,0.009990613907575607
1,1,1,1,-1,1,-1,-1,-1,-1,1,1,-1,1,-1,-1,1,1,1,1,0.009990613907575607
1,1,1,1,-1,1,-1,-1,-1,-1,1,1,1,-1,-1,1,-1,1,1,-1,0.009990613907575607
1,1,1,1,-1,1,-1,-1,-1,1,-1,-1,-1,-1,1,1,-1,-1,-1,1,0.009990613907575607
1,1,1,1,-1,1,-1,-1,-1,1,-1,-1,-1,1,-1,-1,1,-1,1,-1,0.009990613907575607
1,1,1,1,-1,1,-1,-1,-1,1,-1,-1,-1,1,1,1,-1,-1,1,-1,0.009990613907575607
1,1,1,1,-1,1,-1,-1,-1,1,-1,-1,1,1,-1,-1,1,1,1,-1,0.009990613907575607
1,1,1,1,-1,1,-1,-1,-1,1,-1,1,1,-1,1,1,1,-1,-1,1,0.009990613907575607
1,1,1,1,-1,1,-1,-1,-1,1,1,-1,1,-1,-1,-1,-1,1,1,1,0.009990613907575607
1,1,1,1,-1,1,-1,-1,-1,1,1,-1,1,-1,1,-1,-1,1,1,-1,0.009990613907575607
1,1,1,1,-1,1,-1,-1,-1,1,1,-1,1,-1,1,-1,1,1,1,-1,0.009990613907575607
1,1,1,1,-1,1,-1,-1,-1,1,1,-1,1,-1,1,1,-1,-1,-1,1,0.009990613907575607
1,1,1,1,-1,1,-1,-1,-1,1,1,-1,1,1,1,1,-1,1,-1,-1,0.009990613907575607
1,1,1,1,-1,1,-1,-1,1,-1,-1,1,-1,-1,-1,1,-1,-1,-1,-1,0.009990613907575607
1,1,1,1,-1,1,-1,-1,1,-1,-1,1,1,-1,-1,-1,-1,1,1,1,0.009990613907575607
1,1,1,1,-1,1,-1,-1,1,-1,-1,1,1,-1,-1,-1,1,1,-1,-1,0.009990613907575607
1,1,1,1,-1,1,-1,-1,1,-1,-1,1,1,1,1,-1,1,-1,1,1,0.009990613907575607
1,1,1,1,-1,1,-1,-1,1,-1,1,-1,1,1,1,-1,-1,1,-1,-1,0.009990613907575607
1,1,1,1,-1,1,-1,-1,1,-1,1,-1,1,1,1,-1,1,-1,1,-1,0.009990613907575607
1,1,1,1,-1,1,-1,-1,1,-1,1,1,-1,-1,-1,-1,1,1,1,1,0.009990613907575607
1,1,1,1,-1,1,-1,-1,1,1,-1,-1,-1,-1,-1,1,-1,1,1,-1,0.009990613907575607
1,1,1,1,-1,1,-1,-1,1,1,-1,-1,1,-1,-1,1,-1,-1,1,1,0.009990613907575607
1,1,1,1,-1,1,-1,-1,1,1,-1,1,-1,-1,1,-1,-1,1,-1,-1,0.009990613907575607
1,1,1,1,-1,1,-1,-1,1,1,1,-1,1,-1,1,1,-1,1,-1,1,0.009990613907575607
1,1,1,1,-1,1,-1,-1,1,1,1,-1,1,-1,1,1,1,-1,1,1,0.009990613907575607
1,1,1,1,-1,1,-1,-1,1,1,1,1,-1,-1,-1,-1,-1,1,1,1,0.009990613907575607
1,1,1,1,-1,1,-1,-1,1,1,1,1,1,1,-1,-1,1,1,1,-1,0.009990613907575607
1,1,1,1,-1,1,-1,1,-1,-1,-1,-1,-1,-1,-1,-1,-1,1,1,-1,0.009990613907575607
1,1,1,1,-1,1,-1,1,-1,-1,-1,-1,-1,1,1,-1,-1,-1,1,1,0.009990613907575607
1,1,1,1,-1,1,-1,1,-1,-1,-1,1,-1,-1,-1,-1,1,1,-1,-1,0.009990613907575607
1,1,1,1,-1,1,-1,1,-1,-1,-1,1,-1,-1,1,1,1,1,1,-1,0.009990613907575607
1,1,1,1,-1,1,-1,1,-1,-1,-1,1,1,-1,-1,1,-1,1,1,1,0.009990613907575607
1,1,1,1,-1,1,-1,1,-1,-1,-1,1,1,1,1,-1,-1,-1,1,-1,0.009990613907575607
1,1,1,1,-1,1,-1,1,-1,-1,1,-1,-1,-1,-1,-1,-1,-1,-1,-1,0.009990613907575607
1,1,1,1,-1,1,-1,1,-1,-1,1,-1,-1,-1,-1,1,-1,-1,1,1,0.009990613907575607
1,1,1,1,-1,1,-1,1,-1,-1,1,-1,-1,1,1,-1,1,1,-1,-1,0.009990613907575607
1,1,1,1,-1,1,-1,1,-1,-1,1,-1,1,-1,1,-1,1,1,-1,-1,0.009990613907575607
1,1,1,1,-1,1,-1,1,-1,-1,1,-1,1,1,-1,-1,1,1,1,-1,0.009990613907575607
1,1,1,1,-1,1,-1,1,-1,-1,1,-1,1,1,1,1,-1,1,1,-1,0.009990613907575607
1,1,1,1,-1,1,-1,1,-1,-1,1,1,-1,-1,-1,-1,1,-1,-1,-1,0.009990613907575607
1,1,1,1,-1,1,-1,1,-1,-1,1,1,-1,1,-1,-1,1,-1,1,1,0.009990613907575607
1,1,1,1,-1,1,-1,1,-1,-1,1,1,1,-1,-1,-1,-1,1,1,1,0.009990613907575607
1,1,1,1,-1,1,-1,1,-1,1,-1,-1,1,1,1,1,1,1,1,1,0.009990613907575607
1,1,1,1,-1,1,-1,1,-1,1,-1,1,-1,-1,1,-1,1,1,1,1,0.009990613907575607
1,1,1,1,-1,1,-1,1,-1,1,-1,1,-1,1,1,1,-1,-1,-1,-1,0.009990613907575607
1,1,1,1,-1,1,-1,1,-1,1,-1,1,1,-1,-1,1,-1,-1,-1,1,0.009990613907575607
1,1,1,1,-1,1,-1,1,-1,1,-1,1,1,-1,-1,1,1,-1,1,1,0.009990613907575607
1,1,1,1,-1,1,-1,1,-1,1,1,-1,1,1,1,-1,-1,1,-1,1,0.009990613907575607
1,1,1,1,-1,1,-1,1,-1,1,1,1,-1,1,1,-1,1,-1,-1,1,0.009990613907575607
1,1,1,1,-1,1,-1,1,-1,1,1,1,1,-1,-1,-1,-1,1,1,1,0.009990613907575607
1,1,1,1,-1,1,-1,1,1,-1,-1,-1,1,-1,-1,-1,-1,-1,1,1,0.009990613907575607
1,1,1,1,-1,1,-1,1,1,-1,-1,-1,1,-1,1,-1,-1,-1,1,1,0.009990613907575607
1,1,1,1,-1,1,-1,1,1,-1,-1,1,1,-1,1,1,1,-1,-1,1,0.009990613907575607
1,1,1,1,-1,1,-1,1,1,-1,-1,1,1,1,-1,-1,-1,1,1,1,0.009990613907575607
1,1,1,1,-1,1,-1,1,1,-1,1,-1,-1,-1,-1,1,-1,-1,1,1,0.009990613907575607
1,1,1,1,-1,1,-1,1,1,-1,1,-1,-1,-1,1,-1,1,1,1,-1,0.009990613907575607
1,1,1,1,-1,1,-1,1,1,-1,1,1,-1,-1,1,-1,1,-1,1,-1,0.009990613907575607
1,1,1,1,-1,1,-1,1,1,-1,1,1,1,-1,-1,1,-1,-1,1,-1,0.009990613907575607
1,1,1,1,-1,1,-1,1,1,-1,1,1,1,-1,-1,1,1,1,-1,1,0.009990613907575607
1,1,1,1,-1,1,-1,1,1,-1,1,1,1,1,-1,1,-1,-1,1,-1,0.009990613907575607
1,1,1,1,-1,1,-1,1,1,1,-1,-1,-1,-1,1,-1,1,-1,-1,1,0.009990613907575607
1,1,1,1,-1,1,-1,1,1,1,-1,-1,-1,1,-1,1,-1,-1,-1,-1,0.009990613907575607
1,1,1,1,-1,1,-1,1,1,1,-1,-1,1,-1,-1,1,1,-1,-1,1,0.009990613907575607
1,1,1,1,-1,1,-1,1,1,1,-1,1,-1,-1,1,1,-1,1,-1,1,0.009990613907575607
1,1,1,1,-1,1,-1,1,1,1,-1,1,1,-1,1,1,1,1,1,1,0.009990613907575607
1,1,1,1,-1,1,-1,1,1,1,-1,1,1,1,1,1,1,1,1,-1,0.009990613907575607
1,1,1,1,-1,1,-1,1,1,1,1,-1,-1,1,-1,-1,1,1,1,1,0.009990613907575607
1,1,1,1,-1,1,-1,1,1,1,1,-1,1,1,-1,-1,1,-1,-1,1,0.009990613907575607
1,1,1,1,-1,1,-1,1,1,1,1,1,-1,1,-1,-1,1,-1,1,1,0.009990613907575607
1,1,1,1,-1,1,-1,1,1,1,1,1,-1,1,-1,1,1,-1,-1,-1,0.009990613907575607
1,1,1,1,-1,1,-1,1,1,1,1,1,1,-1,1,-1,1,1,-1,1,0.009990613907575607
1,1,1,1,-1,1,-1,1,1,1,1,1,1,1,1,1,-1,-1,-1,1,0.009990613907575607
1,1,1,1,-1,1,1,-1,-1,-1,-1,-1,-1,-1,1,-1,-1,1,1,-1,0.009990613907575607
1,1,1,1,-1,1,1,-1,-1,-1,-1,-1,1,-1,-1,1,-1,1,-1,-1,0.009990613907575607
1,1,1,1,-1,1,1,-1,-1,-1,-1,-1,1,-1,-1,1,1,1,1,-1,0.009990613907575607
1,1,1,1,-1,1,1,-1,-1,-1,-1,1,-1,1,-1,1,-1,1,1,1,0.009990613907575607
1,1,1,1,-1,1,1,-1,-1,-1,-1,1,1,-1,-1,-1,1,-1,1,-1,0.009990613907575607
1,1,1,1,-1,1,1,-1,-1,-1,1,-1,1,1,-1,1,-1,1,1,1,0.009990613907575607
1,1,1,1,-1,1,1,-1,-1,-1,1,1,-1,1,-1,-1,-1,1,1,-1,0.009990613907575607
1,1,1,1,-1,1,1,-1,-1,-1,1,1,1,-1,1,1,1,-1,1,-1,0.009990613907575607
1,1,1,1,-1,1,1,-1,-1,1,-1,-1,-1,-1,1,-1,-1,1,1,-1,0.009990613907575607
1,1,1,1,-1,1,1,-1,-1,1,-1,-1,-1,1,-1,1,1,-1,-1,1,0.009990613907575607
1,1,1,1,-1,1,1,-1,-1,1,-1,-1,-1,1,1,-1,-1,1,-1,1,0.009990613907575607
1,1,1,1,-1,1,1,-1,-1,1,-1,1,-1,-1,1,1,-1,1,-1,1,0.009990613907575607
1,1,1,1,-1,1,1,-1,-1,1,-1,1,1,-1,1,-1,1,1,1,-1,0.009990613907575607
1,1,1,1,-1,1,1,-1,-1,1,-1,1,1,-1,1,1,-1,1,1,1,0.009990613907575607
1,1,1,1,-1,1,1,-1,-1,1,1,-1,-1,-1,-1,-1,-1,1,-1,-1,0.009990613907575607
1,1,1,1,-1,1,1,-1,-1,1,1,-1,-1,-1,1,-1,-1,1,-1,-1,0.009990613907575607
1,1,1,1,-1,1,1,-1,-1,1,1,-1,-1,1,-1,-1,1,-1,-1,-1,0.009990613907575607
1,1,1,1,-1,1,1,-1,-1,1,1,-1,1,-1,1,-1,-1,1,-1,1,0.009990613907575607
1,1,1,1,-1,1,1,-1,-1,1,1,1,1,1,-1,1,-1,-1,-1,1,0.009990613907575607
1,1,1,1,-1,1,1,-1,1,-1,-1,-1,-1,-1,-1,-1,1,1,1,-1,0.009990613907575607
1,1,1,1,-1,1,1,-1,1,-1,-1,-1,-1,1,1,-1,-1,-1,1,1,0.009990613907575607
1,1,1,1,-1,1,1,-1,1,-1,-1,-1,1,-1,1,-1,1,1,1,1,0.009990613907575607
1,1,1,1,-1,1,1,-1,1,-1,-1,-1,1,1,-1,-1,-1,1,-1,1,0.009990613907575607
1,1,1,1,-1,1,1,-1,1,-1,-1,1,-1,-1,1,-1,-1,1,1,-1,0.009990613907575607
1,1,1,1,-1,1,1,-1,1,-1,-1,1,-1,1,1,-1,-1,1,1,-1,0.009990613907575607
1,1,1,1,-1,1,1,-1,1,-1,1,-1,-1,1,1,-1,1,1,1,1,0.009990613907575607
1,1,1,1,-1,1,1,-1,1,-1,1,-1,1,1,-1,-1,-1,-1,1,-1,0.009990613907575607
1,1,1,1,-1,1,1,-1,1,-1,1,1,1,-1,-1,-1,-1,1,1,-1,0.009990613907575607
1,1,1,1,-1,1,1,-1,1,-1,1,1,1,-1,1,1,-1,-1,1,1,0.009990613907575607
1,1,1,1,-1,1,1,-1,1,-1,1,1,1,1,1,-1,-1,1,-1,1,0.009990613907575607
1,1,1,1,-1,1,1,-1,1,-1,1,1,1,1,1,1,1,-1,1,-1,0.009990613907575607
1,1,1,1,-1,1,1,-1,1,1,-1,-1,-1,-1,1,-1,1,1,-1,-1,0.009990613907575607
1,1,1,1,-1,1,1,-1,1,1,-1,-1,1,-1,-1,-1,-1,-1,-1,1,0.009990613907575607
1,1,1,1,-1,1,1,-1,1,1,-1,-1,1,-1,-1,1,-1,-1,-1,1,0.009990613907575607
1,1,1,1,-1,1,1,-1,1,1,-1,-1,1,-1,-1,1,-1,-1,1,1,0.009990613907575607
1,1,1,1,-1,1,1,-1,1,1,-1,1,-1,-1,1,1,1,1,1,-1,0.009990613907575607
1,1,1,1,-1,1,1,-1,1,1,-1,1,-1,1,1,-1,-1,1,-1,-1,0.009990613907575607
1,1,1,1,-1,1,1,-1,1,1,-1,1,1,-1,1,-1,-1,1,-1,1,0.009990613907575607
1,1,1,1,-1,1,1,-1,1,1,1,-1,-1,-1,1,1,1,1,1,-1,0.009990613907575607
1,1,1,1,-1,1,1,-1,1,1,1,-1,-1,1,1,-1,-1,-1,-1,1,0.009990613907575607
1,1,1,1,-1,1,1,-1,1,1,1,-1,-1,1,1,-1,1,-1,-1,-1,0.009990613907575607
1,1,1,1,-1,1,1,-1,1,1,1,1,-1,-1,1,-1,1,1,-1,1,0.009990613907575607
1,1,1,1,-1,1,1,-1,1,1,1,1,-1,-1,1,1,-1,1,1,-1,0.009990613907575607
1,1,1,1,-1,1,1,-1,1,1,1,1,-1,1,1,1,-1,1,-1,1,0.009990613907575607
1,1,1,1,-1,1,1,-1,1,1,1,1,-1,1,1,1,1,1,-1,1,0.009990613907575607
1,1,1,1,-1,1,1,-1,1,1,1,1,-1,1,1,1,1,1,1,1,0.009990613907575607
1,1,1,1,-1,1,1,-1,1,1,1,1,1,-1,-1,-1,-1,-1,1,1,0.009990613907575607
1,1,1,1,-1,1,1,-1,1,1,1,1,1,-1,-1,1,1,1,1,-1,0.009990613907575607
1,1,1,1,-1,1,1,1,-1,-1,-1,-1,1,-1,1,-1,1,1,-1,1,0.009990613907575607
1,1,1,1,-1,1,1,1,-1,-1,-1,-1,1,1,1,1,-1,-1,-1,-1,0.009990613907575607
1,1,1,1,-1,1,1,1,-1,-1,-1,1,-1,-1,-1,-1,-1,-1,-1,-1,0.009990613907575607
1,1,1,1,-1,1,1,1,-1,-1,-1,1,1,-1,-1,-1,1,1,1,1,0.009990613907575607
1,1,1,1,-1,1,1,1,-1,-1,-1,1,1,-1,1,-1,1,-1,1,-1,0.009990613907575607
1,1,1,1,-1,1,1,1,-1,-1,1,-1,-1,-1,1,-1,-1,1,1,1,0.009990613907575607
1,1,1,1,-1,1,1,1,-1,-1,1,-1,1,1,1,-1,1,1,1,1,0.009990613907575607
1,1,1,1,-1,1,1,1,-1,-1,1,1,-1,-1,1,-1,1,1,-1,-1,0.009990613907575607
1,1,1,1,-1,1,1,1,-1,1,-1,-1,-1,-1,-1,1,-1,-1,1,-1,0.009990613907575607
1,1,1,1,-1,1,1,1,-1,1,-1,1,-1,1,1,1,-1,-1,1,-1,0.009990613907575607
1,1,1,1,-1,1,1,1,-1,1,-1,1,1,1,-1,1,-1,-1,-1,-1,0.009990613907575607
1,1,1,1,-1,1,1,1,-1,1,1,-1,-1,-1,-1,1,-1,1,1,-1,0.009990613907575607
1,1,1,1,-1,1,1,1,-1,1,1,-1,1,-1,-1,1,1,1,-1,-1,0.009990613907575607
1,1,1,1,-1,1,1,1,-1,1,1,1,-1,1,-1,1,1,1,-1,1,0.009990613907575607
1,1,1,1,-1,1,1,1,-1,1,1,1,-1,1,-1,1,1,1,1,1,0.009990613907575607
1,1,1,1,-1,1,1,1,-1,1,1,1,1,-1,1,-1,1,1,-1,-1,0.009990613907575607
1,1,1,1,-1,1,1,1,-1,1,1,1,1,-1,1,1,-1,-1,1,-1,0.009990613907575607
1,1,1,1,-1,1,1,1,-1,1,1,1,1,-1,1,1,-1,1,1,-1,0.009990613907575607
1,1,1,1,-1,1,1,1,-1,1,1,1,1,1,1,-1,1,1,-1,1,0.009990613907575607
1,1,1,1,-1,1,1,1,1,-1,-1,-1,-1,1,1,-1,1,1,1,1,0.009990613907575607
1,1,1,1,-1,1,1,1,1,-1,-1,-1,1,-1,1,1,-1,-1,1,-1,0.009990613907575607
1,1,1,1,-1,1,1,1,1,-1,-1,-1,1,1,1,1,1,1,-1,1,0.009990613907575607
1,1,1,1,-1,1,1,1,1,-1,-1,1,1,-1,-1,-1,-1,1,-1,1,0.009990613907575607
1,1,1,1,-1,1,1,1,1,-1,1,-1,-1,1,-1,-1,1,1,1,1,0.009990613907575607
1,1,1,1,-1,1,1,1,1,-1,1,-1,1,-1,-1,-1,-1,-1,-1,1,0.009990613907575607
1,1,1,1,-1,1,1,1,1,-1,1,-1,1,-1,1,-1,-1,-1,1,-1,0.009990613907575607
1,1,1,1,-1,1,1,1,1,-1,1,-1,1,-1,1,1,-1,1,-1,-1,0.009990613907575607
1,1,1,1,-1,1,1,1,1,-1,1,-1,1,1,-1,1,1,-1,-1,1,0.009990613907575607
1,1,1,1,-1,1,1,1,1,-1,1,1,-1,-1,-1,-1,-1,-1,-1,-1,0.009990613907575607
1,1,1,1,-1,1,1,1,1,-1,1,1,-1,1,-1,-1,1,1,1,-1,0.009990613907575607
1,1,1,1,-1,1,1,1,1,-1,1,1,1,-1,-1,-1,1,-1,1,1,0.009990613907575607
1,1,1,1,-1,1,1,1,1,-1,1,1,1,1,1,1,-1,-1,-1,1,0.009990613907575607
1,1,1,1,-1,1,1,1,1,1,-1,-1,-1,-1,-1,1,-1,-1,1,1,0.009990613907575607
1,1,1,1,-1,1,1,1,1,1,-1,-1,-1,1,1,-1,-1,-1,-1,1,0.009990613907575607
1,1,1,1,-1,1,1,1,1,1,-1,-1,-1,1,1,1,-1,1,-1,-1,0.009990613907575607
1,1,1,1,-1,1,1,1,1,1,-1,-1,1,1,-1,1,-1,1,-1,1,0.009990613907575607
1,1,1,1,-1,1,1,1,1,1,-1,1,-1,-1,1,-1,-1,1,1,1,0.009990613907575607
1,1,1,1,-1,1,1,1,1,1,-1,1,1,-1,-1,-1,1,-1,1,1,0.009990613907575607
1,1,1,1,-1,1,1,1,1,1,-1,1,1,-1,1,1,1,-1,-1,1,0.009990613907575607
1,1,1,1,-1,1,1,1,1,1,1,-1,-1,-1,1,-1,-1,1,-1,1,0.009990613907575607
1,1,1,1,-1,1,1,1,1,1,1,-1,-1,1,1,1,1,1,-1,1,0.009990613907575607
1,1,1,1,-1,1,1,1,1,1,1,-1,1,-1,1,1,-1,-1,-1,1,0.009990613907575607
1,1,1,1,-1,1,1,1,1,1,1,-1,1,1,-1,1,-1,-1,1,-1,0.009990613907575607
1,1,1,1,-1,1,1,1,1,1,1,1,-1,-1,1,1,1,1,-1,1,0.009990613907575607
1,1,1,1,-1,1,1,1,1,1,1,1,1,-1,-1,-1,1,-1,-1,1,0.009990613907575607
1,1,1,1,1,-1,-1,-1,-1,-1,-1,-1,-1,-1,-1,-1,1,-1,-1,-1,0.009990613907575607
1,1,1,1,1,-1,-1,-1,-1,-1,-1,-1,1,-1,1,-1,-1,-1,-1,1,0.009990613907575607
1,1,1,1,1,-1,-1,-1,-1,-1,-1,-1,1,1,1,1,1,-1,1,-1,0.009990613907575607
1,1,1,1,1,-1,-1,-1,-1,-1,-1,1,-1,-1,1,-1,1,-1,-1,1,0.009990613907575607
1,1,1,1,1,-1,-1,-1,-1,-1,-1,1,-1,1,-1,1,1,1,1,-1,0.009990613907575607
1,1,1,1,1,-1,-1,-1,-1,-1,-1,1,-1,1,1,1,-1,1,-1,1,0.009990613907575607
1,1,1,1,1,-1,-1,-1,-1,-1,1,-1,-1,1,-1,1,1,-1,1,-1,0.009990613907575607
1,1,1,1,1,-1,-1,-1,-1,-1,1,-1,-1,1,1,-1,-1,-1,-1,1,0.009990613907575607
1,1,1,1,1,-1,-1,-1,-1,-1,1,-1,-1,1,1,-1,-1,-1,1,-1,0.009990613907575607
1,1,1,1,1,-1,-1,-1,-1,-1,1,-1,1,-1,1,-1,1,-1,1,1,0.009990613907575607
1,1,1,1,1,-1,-1,-1,-1,-1,1,1,-1,-1,1,-1,1,1,1,1,0.009990613907575607
1,1,1,1,1,-1,-1,-1,-1,-1,1,1,-1,1,-1,-1,1,-1,-1,-1,0.009990613907575607
1,1,1,1,1,-1,-1,-1,-1,-1,1,1,-1,1,1,-1,-1,-1,-1,1,0.009990613907575607
1,1,1,1,1,-1,-1,-1,-1,1,-1,-1,-1,-1,1,-1,-1,-1,1,1,0.009990613907575607
1,1,1,1,1,-1,-1,-1,-1,1,-1,-1,-1,1,1,1,-1,1,1,-1,0.009990613907575607
1,1,1,1,1,-1,-1,-1,-1,1,-1,-1,-1,1,1,1,1,1,-1,1,0.009990613907575607
1,1,1,1,1,-1,-1,-1,-1,1,-1,-1,1,-1,-1,-1,-1,1,1,1,0.009990613907575607
1,1,1,1,1,-1,-1,-1,-1,1,-1,-1,1,-1,-1,-1,1,1,1,1,0.009990613907575607
1,1,1,1,1,-1,-1,-1,-1,1,-1,1,1,-1,-1,1,1,-1,1,-1,0.009990613907575607
1,1,1,1,1,-1,-1,-1,-1,1,-1,1,1,1,1,1,1,1,1,1,0.009990613907575607
1,1,1,1,1,-1,-1,-1,-1,1,1,-1,1,-1,1,1,1,-1,-1,1,0.009990613907575607
1,1,1,1,1,-1,-1,-1,-1,1,1,-1,1,-1,1,1,1,1,-1,-1,0.009990613907575607
1,1,1,1,1,-1,-1,-1,-1,1,1,1,1,1,-1,1,-1,-1,1,1,0.009990613907575607
1,1,1,1,1,-1,-1,-1,1,-1,-1,-1,-1,-1,1,-1,-1,-1,1,1,0.009990613907575607
1,1,1,1,1,-1,-1,-1,1,-1,-1,-1,-1,1,1,-1,-1,-1,1,-1,0.009990613907575607
1,1,1,1,1,-1,-1,-1,1,-1,-1,-1,1,-1,1,1,1,-1,-1,-1,0.009990613907575607
1,1,1,1,1,-1,-1,-1,1,-1,-1,-1,1,1,-1,1,1,1,-1,-1,0.009990613907575607
1,1,1,1,1,-1,-1,-1,1,-1,-1,-1,1,1,-1,1,1,1,1,1,0.009990613907575607
1,1,1,1,1,-1,-1,-1,1,-1,-1,-1,1,1,1,1,1,1,-1,-1,0.009990613907575607
1,1,1,1,1,-1,-1,-1,1,-1,-1,1,-1,-1,1,-1,-1,-1,1,1,0.009990613907575607
1,1,1,1,1,-1,-1,-1,1,-1,-1,1,-1,1,-1,-1,-1,1,1,-1,0.009990613907575607
1,1,1,1,1,-1,-1,-1,1,-1,-1,1,-1,1,-1,1,-1,1,-1,1,0.009990613907575607
1,1,1,1,1,-1,-1,-1,1,-1,1,-1,-1,1,-1,1,-1,1,-1,-1,0.009990613907575607
1,1,1,1,1,-1,-1,-1,1,-1,1,-1,1,-1,1,-1,-1,1,-1,-1,0.009990613907575607
1,1,1,1,1,-1,-1,-1,1,-1,1,-1,1,1,-1,-1,1,1,-1,-1,0.009990613907575607
1,1,1,1,1,-1,-1,-1,1,1,-1,-1,-1,1,-1,1,-1,-1,-1,1,0.009990613907575607
1,1,1,1,1,-1,-1,-1,1,1,-1,1,-1,1,1,-1,-1,-1,-1,-1,0.009990613907575607
1,1,1,1,1,-1,-1,-1,1,1,1,-1,-1,-1,-1,1,1,-1,1,1,0.009990613907575607
1,1,1,1,1,-1,-1,-1,1,1,1,-1,-1,1,1,1,1,1,-1,-1,0.009990613907575607
1,1,1,1,1,-1,-1,-1,1,1,1,1,-1,-1,1,1,1,-1,-1,1,0.009990613907575607
1,1,1,1,1,-1,-1,-1,1,1,1,1,-1,1,-1,1,-1,1,1,-1,0.009990613907575607
1,1,1,1,1,-1,-1,-1,1,1,1,1,1,-1,1,-1,1,-1,-1,1,0.009990613907575607
1,1,1,1,1,-1,-1,-1,1,1,1,1,1,1,-1,-1,1,1,1,1,0.009990613907575607
1,1,1,1,1,-1,-1,1,-1,-1,-1,-1,-1,-1,-1,-1,1,-1,-1,-1,0.009990613907575607
1,1,1,1,1,-1,-1,1,-1,-1,-1,-1,-1,1,1,-1,1,1,-1,-1,0.009990613907575607
1,1,1,1,1,-1,-1,1,-1,-1,-1,-1,-1,1,1,1,1,-1,1,-1,0.009990613907575607
1,1,1,1,1,-1,-1,1,-1,-1,-1,-1,1,1,-1,-1,1,-1,-1,1,0.009990613907575607
1,1,1,1,1,-1,-1,1,-1,-1,-1,-1,1,1,1,1,1,1,-1,1,0.009990613907575607
1,1,1,1,1,-1,-1,1,-1,-1,1,-1,1,-1,-1,1,1,-1,1,1,0.009990613907575607
1,1,1,1,1,-1,-1,1,-1,-1,1,-1,1,1,-1,-1,-1,-1,1,1,0.009990613907575607
1,1,1,1,1,-1,-1,1,-1,-1,1,-1,1,1,1,-1,1,1,-1,-1,0.009990613907575607
1,1,1,1,1,-1,-1,1,-1,1,-1,-1,1,-1,-1,-1,1,-1,-1,-1,0.009990613907575607
1,1,1,1,1,-1,-1,1,-1,1,-1,-1,1,1,-1,-1,-1,-1,-1,-1,0.009990613907575607
1,1,1,1,1,-1,-1,1,-1,1,-1,1,1,-1,-1,1,-1,1,1,1,0.009990613907575607
1,1,1,1,1,-1,-1,1,-1,1,1,-1,-1,-1,-1,1,1,1,1,1,0.009990613907575607
1,1,1,1,1,-1,-1,1,-1,1,1,1,1,-1,-1,-1,-1,1,-1,-1,0.009990613907575607
1,1,1,1,1,-1,-1,1,1,-1,-1,-1,-1,-1,-1,1,-1,1,-1,-1,0.009990613907575607
1,1,1,1,1,-1,-1,1,1,-1,-1,-1,1,-1,1,-1,-1,-1,-1,-1,0.009990613907575607
1,1,1,1,1,-1,-1,1,1,-1,-1,-1,1,1,1,-1,1,1,-1,-1,0.009990613907575607
1,1,1,1,1,-1,-1,1,1,-1,-1,1,-1,1,-1,1,-1,1,-1,1,0.009990613907575607
1,1,1,1,1,-1,-1,1,1,-1,-1,1,1,-1,1,-1,1,-1,1,1,0.009990613907575607
1,1,1,1,1,-1,-1,1,1,-1,-1,1,1,1,-1,1,-1,1,-1,-1,0.009990613907575607
1,1,1,1,1,-1,-1,1,1,-1,-1,1,1,1,1,-1,-1,-1,-1,1,0.009990613907575607
1,1,1,1,1,-1,-1,1,1,-1,1,-1,-1,-1,1,1,-1,1,-1,-1,0.009990613907575607
1,1,1,1,1,-1,-1,1,1,-1,1,1,-1,-1,-1,-1,1,1,-1,1,0.009990613907575607
1,1,1,1,1,-1,-1,1,1,-1,1,1,-1,-1,1,1,1,1,-1,-1,0.009990613907575607
1,1,1,1,1,-1,-1,1,1,-1,1,1,1,-1,-1,1,-1,1,-1,-1,0.009990613907575607
1,1,1,1,1,-1,-1,1,1,1,-1,-1,-1,1,-1,1,1,1,1,-1,0.009990613907575607
1,1,1,1,1,-1,-1,1,1,1,-1,1,-1,-1,-1,1,1,1,-1,-1,0.009990613907575607
1,1,1,1,1,-1,-1,1,1,1,-1,1,-1,-1,1,-1,1,1,1,-1,0.009990613907575607
1,1,1,1,1,-1,-1,1,1,1,1,-1,-1,-1,1,1,-1,-1,-1,1,0.009990613907575607
1,1,1,1,1,-1,-1,1,1,1,1,-1,-1,1,-1,-1,1,1,1,-1,0.009990613907575607
1,1,1,1,1,-1,-1,1,1,1,1,-1,1,-1,-1,1,1,-1,-1,-1,0.009990613907575607
1,1,1,1,1,-1,-1,1,1,1,1,-1,1,1,1,1,-1,-1,1,-1,0.009990613907575607
1,1,1,1,1,-1,-1,1,1,1,1,1,-1,-1,-1,-1,1,1,1,1,0.009990613907575607
1,1,1,1,1,-1,-1,1,1,1,1,1,1,-1,-1,1,-1,1,-1,-1,0.009990613907575607
1,1,1,1,1,-1,-1,1,1,1,1,1,1,-1,1,1,-1,1,-1,-1,0.009990613907575607
1,1,1,1,1,-1,1,-1,-1,-1,-1,-1,-1,-1,1,-1,-1,1,-1,1,0.009990613907575607
1,1,1,1,1,-1,1,-1,-1,-1,-1,-1,1,1,-1,-1,1,-1,1,1,0.009990613907575607
1,1,1,1,1,-1,1,-1,-1,-1,-1,1,-1,-1,-1,-1,-1,1,-1,-1,0.009990613907575607
1,1,1,1,1,-1,1,-1,-1,-1,-1,1,-1,1,1,-1,-1,-1,1,-1,0.009990613907575607
1,1,1,1,1,-1,1,-1,-1,-1,-1,1,1,-1,-1,1,-1,-1,1,1,0.009990613907575607
1,1,1,1,1,-1,1,-1,-1,-1,-1,1,1,-1,1,-1,-1,-1,-1,1,0.009990613907575607
1,1,1,1,1,-1,1,-1,-1,-1,-1,1,1,-1,1,-1,1,-1,1,1,0.009990613907575607
1,1,1,1,1,-1,1,-1,-1,-1,1,-1,1,1,1,1,-1,1,1,-1,0.009990613907575607
1,1,1,1,1,-1,1,-1,-1,-1,1,1,-1,-1,1,-1,1,-1,1,1,0.009990613907575607
1,1,1,1,1,-1,1,-1,-1,1,-1,-1,-1,1,-1,1,-1,-1,1,-1,0.009990613907575607
1,1,1,1,1,-1,1,-1,-1,1,-1,-1,-1,1,1,-1,-1,1,1,1,0.009990613907575607
1,1,1,1,1,-1,1,-1,-1,1,-1,-1,-1,1,1,1,-1,1,1,1,0.009990613907575607
1,1,1,1,1,-1,1,-1,-1,1,-1,-1,1,1,-1,1,-1,1,1,-1,0.009990613907575607
1,1,1,1,1,-1,1,-1,-1,1,-1,1,-1,-1,-1,1,1,-1,-1,-1,0.009990613907575607
1,1,1,1,1,-1,1,-1,-1,1,-1,1,1,1,-1,1,-1,-1,1,-1,0.009990613907575607
1,1,1,1,1,-1,1,-1,-1,1,-1,1,1,1,1,1,-1,-1,-1,-1,0.009990613907575607
1,1,1,1,1,-1,1,-1,-1,1,1,-1,-1,-1,1,1,-1,1,1,-1,0.009990613907575607
1,1,1,1,1,-1,1,-1,-1,1,1,1,-1,-1,1,1,1,1,-1,-1,0.009990613907575607
1,1,1,1,1,-1,1,-1,-1,1,1,1,1,-1,-1,1,-1,1,-1,1,0.009990613907575607
1,1,1,1,1,-1,1,-1,-1,1,1,1,1,-1,1,-1,-1,1,1,1,0.009990613907575607
1,1,1,1,1,-1,1,-1,-1,1,1,1,1,-1,1,-1,1,-1,1,-1,0.009990613907575607
1,1,1,1,1,-1,1,-1,-1,1,1,1,1,-1,1,1,-1,1,1,1,0.009990613907575607
1,1,1,1,1,-1,1,-1,-1,1,1,1,1,1,1,1,1,1,-1,-1,0.009990613907575607
1,1,1,1,1,-1,1,-1,1,-1,-1,-1,1,1,1,-1,1,-1,-1,1,0.009990613907575607
1,1,1,1,1,-1,1,-1,1,-1,-1,1,-1,-1,-1,1,-1,1,1,-1,0.009990613907575607
1,1,1,1,1,-1,1,-1,1,-1,1,-1,-1,-1,1,-1,-1,-1,-1,-1,0.009990613907575607
1,1,1,1,1,-1,1,-1,1,-1,1,-1,-1,1,1,1,-1,-1,-1,-1,0.009990613907575607
1,1,1,1,1,-1,1,-1,1,-1,1,-1,1,1,1,1,1,1,-1,1,0.009990613907575607
1,1,1,1,1,-1,1,-1,1,1,-1,-1,1,1,-1,1,1,-1,1,-1,0.009990613907575607
1,1,1,1,1,-1,1,-1,1,1,-1,1,1,1,-1,1,-1,1,1,1,0.009990613907575607
1,1,1,1,1,-1,1,-1,1,1,-1,1,1,1,1,1,-1,1,1,1,0.009990613907575607
1,1,1,1,1,-1,1,-1,1,1,1,-1,1,-1,1,-1,-1,-1,-1,1,0.009990613907575607
1,1,1,1,1,-1,1,-1,1,1,1,1,-1,-1,1,-1,-1,-1,1,-1,0.009990613907575607
1,1,1,1,1,-1,1,1,-1,-1,-1,-1,1,-1,-1,-1,1,-1,1,-1,0.009990613907575607
1,1,1,1,1,-1,1,1,-1,-1,-1,-1,1,1,1,1,1,1,-1,-1,0.009990613907575607
1,1,1,1,1,-1,1,1,-1,-1,-1,1,-1,-1,1,1,-1,-1,-1,-1,0.009990613907575607
1,1,1,1,1,-1,1,1,-1,-1,1,-1,-1,-1,-1,-1,-1,1,-1,1,0.009990613907575607
1,1,1,1,1,-1,1,1,-1,-1,1,-1,-1,1,1,-1,-1,1,-1,-1,0.009990613907575607
1,1,1,1,1,-1,1,1,-1,-1,1,-1,1,-1,1,-1,-1,1,-1,1,0.009990613907575607
1,1,1,1,1,-1,1,1,-1,-1,1,1,-1,-1,-1,1,-1,1,-1,-1,0.009990613907575607
1,1,1,1,1,-1,1,1,-1,-1,1,1,-1,-1,1,-1,1,-1,1,1,0.009990613907575607
1,1,1,1,1,-1,1,1,-1,1,-1,1,-1,-1,1,1,1,-1,-1,-1,0.009990613907575607
1,1,1,1,1,-1,1,1,-1,1,-1,1,1,-1,-1,-1,1,1,1,-1,0.009990613907575607
1,1,1,1,1,-1,1,1,-1,1,1,-1,-1,1,1,1,1,-1,-1,1,0.009990613907575607
1,1,1,1,1,-1,1,1,-1,1,1,-1,1,-1,1,-1,-1,1,1,-1,0.009990613907575607
1,1,1,1,1,-1,1,1,-1,1,1,1,-1,-1,1,1,1,-1,1,-1,0.009990613907575607
1,1,1,1,1,-1,1,1,1,-1,-1,-1,1,-1,-1,-1,1,1,-1,1,0.009990613907575607
1,1,1,1,1,-1,1,1,1,-1,-1,-1,1,-1,1,-1,1,-1,1,-1,0.009990613907575607
1,1,1,1,1,-1,1,1,1,-1,-1,1,-1,-1,-1,1,-1,1,1,-1,0.009990613907575607
1,1,1,1,1,-1,1,1,1,-1,-1,1,1,-1,-1,1,1,-1,-1,-1,0.009990613907575607
1,1,1,1,1,-1,1,1,1,-1,-1,1,1,-1,1,-1,-1,1,1,1,0.009990613907575607
1,1,1,1,1,-1,1,1,1,-1,1,-1,-1,1,1,1,1,1,-1,1,0.009990613907575607
1,1,1,1,1,-1,1,1,1,-1,1,1,-1,-1,-1,-1,1,-1,-1,-1,0.009990613907575607
1,1,1,1,1,-1,1,1,1,-1,1,1,-1,-1,1,-1,1,1,1,-1,0.009990613907575607
1,1,1,1,1,-1,1,1,1,-1,1,1,-1,1,-1,1,-1,-1,1,1,0.009990613907575607
1,1,1,1,1,-1,1,1,1,-1,1,1,-1,1,-1,1,1,1,1,1,0.009990613907575607
1,1,1,1,1,-1,1,1,1,1,-1,-1,-1,1,-1,1,-1,-1,1,1,0.009990613907575607
1,1,1,1,1,-1,1,1,1,1,-1,-1,-1,1,1,-1,-1,-1,-1,-1,0.009990613907575607
1,1,1,1,1,-1,1,1,1,1,-1,-1,-1,1,1,1,1,1,-1,-1,0.009990613907575607
1,1,1,1,1,-1,1,1,1,1,-1,-1,1,-1,1,1,-1,-1,-1,1,0.009990613907575607
1,1,1,1,1,-1,1,1,1,1,1,-1,1,1,1,1,-1,1,-1,1,0.009990613907575607
1,1,1,1,1,-1,1,1,1,1,1,1,-1,-1,-1,-1,1,-1,-1,-1,0.009990613907575607
1,1,1,1,1,-1,1,1,1,1,1,1,1,-1,-1,1,1,1,1,1,0.009990613907575607
1,1,1,1,1,1,-1,-1,-1,-1,-1,-1,-1,-1,-1,-1,-1,-1,-1,-1,0.009990613907575607
1,1,1,1,1,1,-1,-1,-1,-1,-1,-1,1,-1,1,1,1,-1,-1,1,0.009990613907575607
1,1,1,1,1,1,-1,-1,-1,-1,-1,1,1,-1,-1,1,-1,1,-1,-1,0.009990613907575607
1,1,1,1,1,1,-1,-1,-1,-1,-1,1,1,1,-1,1,-1,-1,-1,-1,0.009990613907575607
1,1,1,1,1,1,-1,-1,-1,-1,-1,1,1,1,1,1,1,1,1,1,0.009990613907575607
1,1,1,1,1,1,-1,-1,-1,-1,1,-1,-1,1,-1,-1,-1,-1,1,1,0.009990613907575607
1,1,1,1,1,1,-1,-1,-1,-1,1,-1,-1,1,1,1,-1,-1,1,-1,0.009990613907575607
1,1,1,1,1,1,-1,-1,-1,-1,1,-1,1,-1,-1,1,1,-1,-1,1,0.009990613907575607
1,1,1,1,1,1,-1,-1,-1,-1,1,-1,1,1,1,1,1,1,1,1,0.009990613907575607
1,1,1,1,1,1,-1,-1,-1,-1,1,1,-1,1,-1,1,1,1,1,-1,0.009990613907575607
1,1,1,1,1,1,-1,-1,-1,1,-1,-1,-1,-1,1,-1,-1,1,1,1,0.009990613907575607
1,1,1,1,1,1,-1,-1,-1,1,-1,-1,-1,1,1,-1,-1,-1,-1,1,0.009990613907575607
1,1,1,1,1,1,-1,-1,-1,1,-1,-1,1,-1,1,1,-1,1,-1,1,0.009990613907575607
1,1,1,1,1,1,-1,-1,-1,1,-1,1,-1,-1,1,-1,1,1,-1,1,0.009990613907575607
1,1,1,1,1,1,-1,-1,-1,1,-1,1,1,1,1,-1,1,-1,-1,-1,0.009990613907575607
1,1,1,1,1,1,-1,-1,-1,1,1,-1,-1,1,-1,-1,1,-1,-1,-1,0.009990613907575607
1,1,1,1,1,1,-1,-1,-1,1,1,-1,-1,1,-1,1,1,-1,-1,1,0.009990613907575607
1,1,1,1,1,1,-1,-1,-1,1,1,-1,-1,1,1,-1,1,1,-1,1,0.009990613907575607
1,1,1,1,1,1,-1,-1,-1,1,1,-1,-1,1,1,1,-1,-1,-1,-1,0.009990613907575607
1,1,1,1,1,1,-1,-1,-1,1,1,-1,1,1,-1,-1,-1,-1,1,-1,0.009990613907575607
1,1,1,1,1,1,-1,-1,-1,1,1,1,-1,1,1,1,1,-1,1,1,0.009990613907575607
1,1,1,1,1,1,-1,-1,-1,1,1,1,1,1,-1,1,1,-1,1,1,0.009990613907575607
1,1,1,1,1,1,-1,-1,1,-1,-1,-1,-1,-1,1,1,1,-1,-1,1,0.009990613907575607
1,1,1,1,1,1,-1,-1,1,-1,-1,1,-1,-1,1,1,-1,1,1,1,0.009990613907575607
1,1,1,1,1,1,-1,-1,1,-1,-1,1,1,1,1,-1,-1,-1,1,-1,0.009990613907575607
1,1,1,1,1,1,-1,-1,1,-1,-1,1,1,1,1,-1,-1,1,-1,-1,0.009990613907575607
1,1,1,1,1,1,-1,-1,1,-1,1,-1,-1,-1,1,-1,1,-1,1,1,0.009990613907575607
1,1,1,1,1,1,-1,-1,1,-1,1,-1,-1,1,-1,1,1,1,1,-1,0.009990613907575607
1,1,1,1,1,1,-1,-1,1,-1,1,-1,-1,1,1,-1,1,-1,1,-1,0.009990613907575607
1,1,1,1,1,1,-1,-1,1,-1,1,-1,-1,1,1,1,-1,-1,1,-1,0.009990613907575607
1,1,1,1,1,1,-1,-1,1,-1,1,-1,1,-1,-1,-1,-1,1,-1,1,0.009990613907575607
1,1,1,1,1,1,-1,-1,1,-1,1,-1,1,-1,1,1,1,1,-1,-1,0.009990613907575607
1,1,1,1,1,1,-1,-1,1,-1,1,-1,1,1,-1,1,-1,1,-1,-1,0.009990613907575607
1,1,1,1,1,1,-1,-1,1,-1,1,1,-1,-1,1,-1,-1,1,-1,-1,0.009990613907575607
1,1,1,1,1,1,-1,-1,1,-1,1,1,-1,1,-1,-1,-1,1,1,1,0.009990613907575607
1,1,1,1,1,1,-1,-1,1,-1,1,1,-1,1,-1,1,1,-1,1,-1,0.009990613907575607
1,1,1,1,1,1,-1,-1,1,-1,1,1,1,1,-1,1,1,-1,-1,-1,0.009990613907575607
1,1,1,1,1,1,-1,-1,1,1,-1,1,-1,1,1,-1,1,-1,1,1,0.009990613907575607
1,1,1,1,1,1,-1,-1,1,1,1,-1,-1,-1,-1,-1,1,-1,1,-1,0.009990613907575607
1,1,1,1,1,1,-1,-1,1,1,1,-1,-1,1,1,1,-1,-1,-1,1,0.009990613907575607
1,1,1,1,1,1,-1,-1,1,1,1,-1,-1,1,1,1,-1,1,-1,1,0.009990613907575607
1,1,1,1,1,1,-1,-1,1,1,1,-1,-1,1,1,1,1,-1,1,1,0.009990613907575607
1,1,1,1,1,1,-1,-1,1,1,1,-1,1,-1,1,-1,1,-1,1,-1,0.009990613907575607
1,1,1,1,1,1,-1,-1,1,1,1,-1,1,1,-1,-1,-1,1,1,1,0.009990613907575607
1,1,1,1,1,1,-1,-1,1,1,1,-1,1,1,1,1,-1,1,1,-1,0.009990613907575607
1,1,1,1,1,1,-1,-1,1,1,1,1,-1,-1,-1,-1,-1,1,-1,1,0.009990613907575607
1,1,1,1,1,1,-1,-1,1,1,1,1,1,1,-1,-1,1,-1,-1,-1,0.009990613907575607
1,1,1,1,1,1,-1,-1,1,1,1,1,1,1,-1,-1,1,1,1,-1,0.009990613907575607
1,1,1,1,1,1,-1,1,-1,-1,-1,-1,-1,-1,1,-1,-1,1,-1,1,0.009990613907575607
1,1,1,1,1,1,-1,1,-1,-1,-1,-1,1,-1,1,1,-1,1,1,1,0.009990613907575607
1,1,1,1,1,1,-1,1,-1,-1,-1,-1,1,1,1,-1,-1,1,-1,-1,0.009990613907575607
1,1,1,1,1,1,-1,1,-1,-1,-1,1,1,-1,1,-1,1,-1,-1,-1,0.009990613907575607
1,1,1,1,1,1,-1,1,-1,-1,-1,1,1,1,1,1,-1,-1,1,1,0.009990613907575607
1,1,1,1,1,1,-1,1,-1,-1,1,-1,-1,1,-1,-1,1,1,1,1,0.009990613907575607
1,1,1,1,1,1,-1,1,-1,-1,1,-1,-1,1,-1,1,1,1,-1,-1,0.009990613907575607
1,1,1,1,1,1,-1,1,-1,-1,1,-1,1,-1,-1,-1,1,-1,1,1,0.009990613907575607
1,1,1,1,1,1,-1,1,-1,-1,1,-1,1,-1,1,1,1,1,-1,-1,0.009990613907575607
1,1,1,1,1,1,-1,1,-1,-1,1,-1,1,1,1,1,1,-1,1,-1,0.009990613907575607
1,1,1,1,1,1,-1,1,-1,-1,1,1,-1,-1,-1,1,1,-1,-1,-1,0.009990613907575607
1,1,1,1,1,1,-1,1,-1,-1,1,1,-1,-1,1,-1,1,-1,-1,1,0.009990613907575607
1,1,1,1,1,1,-1,1,-1,-1,1,1,-1,1,1,-1,1,1,1,-1,0.009990613907575607
1,1,1,1,1,1,-1,1,-1,-1,1,1,1,-1,1,-1,-1,-1,1,1,0.009990613907575607
1,1,1,1,1,1,-1,1,-1,1,-1,-1,-1,-1,-1,1,-1,-1,-1,1,0.009990613907575607
1,1,1,1,1,1,-1,1,-1,1,-1,-1,1,-1,-1,-1,-1,-1,1,-1,0.009990613907575607
1,1,1,1,1,1,-1,1,-1,1,-1,-1,1,-1,1,1,-1,1,1,-1,0.009990613907575607
1,1,1,1,1,1,-1,1,-1,1,-1,-1,1,-1,1,1,-1,1,1,1,0.009990613907575607
1,1,1,1,1,1,-1,1,-1,1,-1,-1,1,1,-1,1,-1,-1,1,-1,0.009990613907575607
1,1,1,1,1,1,-1,1,-1,1,-1,-1,1,1,1,-1,-1,1,1,1,0.009990613907575607
1,1,1,1,1,1,-1,1,-1,1,-1,1,-1,1,-1,1,-1,-1,1,-1,0.009990613907575607
1,1,1,1,1,1,-1,1,-1,1,-1,1,1,-1,-1,1,-1,1,-1,-1,0.009990613907575607
1,1,1,1,1,1,-1,1,-1,1,-1,1,1,1,-1,-1,1,-1,-1,-1,0.009990613907575607
1,1,1,1,1,1,-1,1,-1,1,-1,1,1,1,-1,-1,1,1,1,-1,0.009990613907575607
1,1,1,1,1,1,-1,1,-1,1,-1,1,1,1,1,-1,-1,1,-1,-1,0.009990613907575607
1,1,1,1,1,1,-1,1,-1,1,-1,1,1,1,1,-1,-1,1,1,1,0.009990613907575607
1,1,1,1,1,1,-1,1,-1,1,1,-1,-1,-1,-1,-1,-1,-1,-1,1,0.009990613907575607
1,1,1,1,1,1,-1,1,-1,1,1,-1,1,-1,-1,-1,-1,-1,-1,-1,0.009990613907575607
1,1,1,1,1,1,-1,1,-1,1,1,-1,1,-1,1,1,1,1,-1,1,0.009990613907575607
1,1,1,1,1,1,-1,1,-1,1,1,-1,1,1,-1,-1,-1,1,-1,1,0.009990613907575607
1,1,1,1,1,1,-1,1,-1,1,1,1,1,-1,-1,1,1,1,1,-1,0.009990613907575607
1,1,1,1,1,1,-1,1,-1,1,1,1,1,1,1,1,-1,1,-1,1,0.009990613907575607
1,1,1,1,1,1,-1,1,1,-1,-1,-1,-1,1,-1,1,1,-1,-1,1,0.009990613907575607
1,1,1,1,1,1,-1,1,1,-1,-1,-1,1,1,1,-1,1,-1,-1,-1,0.009990613907575607
1,1,1,1,1,1,-1,1,1,-1,-1,1,-1,-1,1,1,1,1,-1,-1,0.009990613907575607
1,1,1,1,1,1,-1,1,1,-1,-1,1,-1,1,1,-1,-1,-1,-1,1,0.009990613907575607
1,1,1,1,1,1,-1,1,1,-1,1,-1,-1,1,1,1,1,1,-1,1,0.009990613907575607
1,1,1,1,1,1,-1,1,1,-1,1,-1,1,1,-1,1,-1,1,1,1,0.009990613907575607
1,1,1,1,1,1,-1,1,1,-1,1,-1,1,1,1,1,-1,1,-1,-1,0.009990613907575607
1,1,1,1,1,1,-1,1,1,-1,1,1,-1,-1,-1,1,-1,1,1,1,0.009990613907575607
1,1,1,1,1,1,-1,1,1,-1,1,1,1,1,1,-1,-1,-1,-1,1,0.009990613907575607
1,1,1,1,1,1,-1,1,1,1,-1,-1,1,-1,1,1,1,1,-1,1,0.009990613907575607
1,1,1,1,1,1,-1,1,1,1,-1,1,1,-1,-1,-1,1,1,1,1,0.009990613907575607
1,1,1,1,1,1,-1,1,1,1,1,-1,-1,1,-1,1,-1,-1,1,1,0.009990613907575607
1,1,1,1,1,1,-1,1,1,1,1,-1,1,-1,-1,-1,-1,-1,-1,-1,0.009990613907575607
1,1,1,1,1,1,-1,1,1,1,1,1,-1,1,1,-1,-1,-1,-1,-1,0.009990613907575607
1,1,1,1,1,1,-1,1,1,1,1,1,1,-1,-1,-1,-1,1,-1,-1,0.009990613907575607
1,1,1,1,1,1,1,-1,-1,-1,-1,-1,-1,1,1,-1,-1,1,-1,-1,0.009990613907575607
1,1,1,1,1,1,1,-1,-1,-1,-1,-1,1,-1,-1,-1,-1,1,-1,-1,0.009990613907575607
1,1,1,1,1,1,1,-1,-1,-1,-1,1,1,-1,-1,1,-1,1,1,1,0.009990613907575607
1,1,1,1,1,1,1,-1,-1,-1,-1,1,1,1,-1,-1,1,-1,1,1,0.009990613907575607
1,1,1,1,1,1,1,-1,-1,-1,-1,1,1,1,-1,1,1,-1,-1,-1,0.009990613907575607
1,1,1,1,1,1,1,-1,-1,-1,1,-1,1,-1,-1,-1,-1,-1,1,1,0.009990613907575607
1,1,1,1,1,1,1,-1,-1,-1,1,1,-1,1,1,-1,-1,-1,-1,-1,0.009990613907575607
1,1,1,1,1,1,1,-1,-1,-1,1,1,1,1,-1,-1,1,-1,1,1,0.009990613907575607
1,1,1,1,1,1,1,-1,-1,1,-1,-1,-1,-1,-1,1,-1,-1,-1,1,0.009990613907575607
1,1,1,1,1,1,1,-1,-1,1,-1,-1,-1,1,-1,1,1,-1,-1,1,0.009990613907575607
1,1,1,1,1,1,1,-1,-1,1,-1,-1,-1,1,1,-1,-1,-1,1,-1,0.009990613907575607
1,1,1,1,1,1,1,-1,-1,1,-1,-1,1,-1,1,1,1,-1,-1,1,0.009990613907575607
1,1,1,1,1,1,1,-1,-1,1,-1,-1,1,1,1,-1,1,-1,-1,1,0.009990613907575607
1,1,1,1,1,1,1,-1,-1,1,1,-1,-1,1,-1,1,-1,-1,1,-1,0.009990613907575607
1,1,1,1,1,1,1,-1,-1,1,1,1,-1,-1,-1,1,1,-1,-1,1,0.009990613907575607
1,1,1,1,1,1,1,-1,-1,1,1,1,-1,-1,1,-1,-1,-1,-1,-1,0.009990613907575607
1,1,1,1,1,1,1,-1,-1,1,1,1,-1,1,1,-1,1,1,-1,1,0.009990613907575607
1,1,1,1,1,1,1,-1,-1,1,1,1,-1,1,1,-1,1,1,1,1,0.009990613907575607
1,1,1,1,1,1,1,-1,-1,1,1,1,1,-1,-1,1,-1,1,1,1,0.009990613907575607
1,1,1,1,1,1,1,-1,-1,1,1,1,1,1,1,-1,-1,-1,1,1,0.009990613907575607
1,1,1,1,1,1,1,-1,1,-1,-1,-1,-1,-1,-1,-1,-1,1,1,-1,0.009990613907575607
1,1,1,1,1,1,1,-1,1,-1,-1,-1,1,-1,1,1,-1,-1,-1,-1,0.009990613907575607
1,1,1,1,1,1,1,-1,1,-1,-1,1,-1,1,-1,-1,1,-1,1,1,0.009990613907575607
1,1,1,1,1,1,1,-1,1,-1,1,-1,-1,-1,1,1,-1,-1,1,-1,0.009990613907575607
1,1,1,1,1,1,1,-1,1,-1,1,-1,1,-1,1,1,1,-1,1,1,0.009990613907575607
1,1,1,1,1,1,1,-1,1,-1,1,-1,1,1,-1,1,-1,1,1,1,0.009990613907575607
1,1,1,1,1,1,1,-1,1,-1,1,-1,1,1,1,1,-1,1,1,1,0.009990613907575607
1,1,1,1,1,1,1,-1,1,-1,1,1,-1,-1,1,-1,-1,1,-1,1,0.009990613907575607
1,1,1,1,1,1,1,-1,1,-1,1,1,1,-1,-1,-1,1,1,1,1,0.009990613907575607
1,1,1,1,1,1,1,-1,1,-1,1,1,1,-1,-1,1,1,-1,1,1,0.009990613907575607
1,1,1,1,1,1,1,-1,1,1,-1,-1,-1,1,-1,-1,1,1,1,1,0.009990613907575607
1,1,1,1,1,1,1,-1,1,1,-1,-1,-1,1,-1,1,-1,-1,-1,-1,0.009990613907575607
1,1,1,1,1,1,1,-1,1,1,-1,-1,-1,1,1,-1,1,-1,1,-1,0.009990613907575607
1,1,1,1,1,1,1,-1,1,1,-1,-1,1,1,-1,-1,-1,-1,-1,-1,0.009990613907575607
1,1,1,1,1,1,1,-1,1,1,-1,-1,1,1,-1,1,-1,1,1,1,0.009990613907575607
1,1,1,1,1,1,1,-1,1,1,-1,1,1,-1,-1,-1,1,-1,-1,-1,0.009990613907575607
1,1,1,1,1,1,1,-1,1,1,-1,1,1,1,1,-1,1,-1,1,-1,0.009990613907575607
1,1,1,1,1,1,1,-1,1,1,-1,1,1,1,1,1,-1,1,1,1,0.009990613907575607
1,1,1,1,1,1,1,-1,1,1,1,-1,1,-1,-1,1,1,-1,-1,-1,0.009990613907575607
1,1,1,1,1,1,1,-1,1,1,1,1,-1,-1,1,-1,-1,1,-1,1,0.009990613907575607
1,1,1,1,1,1,1,-1,1,1,1,1,-1,-1,1,1,-1,1,-1,1,0.009990613907575607
1,1,1,1,1,1,1,-1,1,1,1,1,-1,1,-1,-1,-1,-1,1,-1,0.009990613907575607
1,1,1,1,1,1,1,-1,1,1,1,1,-1,1,-1,1,-1,-1,1,-1,0.009990613907575607
1,1,1,1,1,1,1,-1,1,1,1,1,1,-1,1,1,1,-1,1,-1,0.009990613907575607
1,1,1,1,1,1,1,1,-1,-1,-1,-1,-1,-1,1,1,-1,-1,-1,1,0.009990613907575607
1,1,1,1,1,1,1,1,-1,-1,-1,-1,1,-1,-1,-1,-1,-1,-1,-1,0.009990613907575607
1,1,1,1,1,1,1,1,-1,-1,-1,-1,1,1,-1,-1,-1,1,1,-1,0.009990613907575607
1,1,1,1,1,1,1,1,-1,-1,-1,-1,1,1,1,1,1,-1,1,1,0.009990613907575607
1,1,1,1,1,1,1,1,-1,-1,-1,1,-1,-1,-1,1,1,1,1,-1,0.009990613907575607
1,1,1,1,1,1,1,1,-1,-1,-1,1,1,-1,-1,1,-1,-1,1,1,0.009990613907575607
1,1,1,1,1,1,1,1,-1,-1,1,-1,-1,-1,1,-1,-1,-1,-1,-1,0.009990613907575607
1,1,1,1,1,1,1,1,-1,-1,1,-1,1,1,-1,1,1,1,-1,1,0.009990613907575607
1,1,1,1,1,1,1,1,-1,-1,1,1,-1,1,1,1,1,1,-1,1,0.009990613907575607
1,1,1,1,1,1,1,1,-1,-1,1,1,1,-1,-1,1,-1,-1,1,-1,0.009990613907575607
1,1,1,1,1,1,1,1,-1,1,-1,-1,-1,1,1,-1,1,-1,-1,-1,0.009990613907575607
1,1,1,1,1,1,1,1,-1,1,-1,-1,1,-1,-1,-1,-1,-1,1,1,0.009990613907575607
1,1,1,1,1,1,1,1,-1,1,-1,-1,1,-1,1,1,1,1,-1,-1,0.009990613907575607
1,1,1,1,1,1,1,1,-1,1,-1,1,-1,-1,-1,-1,-1,-1,-1,-1,0.009990613907575607
1,1,1,1,1,1,1,1,-1,1,-1,1,-1,1,-1,-1,-1,-1,1,-1,0.009990613907575607
1,1,1,1,1,1,1,1,-1,1,-1,1,1,-1,-1,-1,-1,-1,1,-1,0.009990613907575607
1,1,1,1,1,1,1,1,-1,1,1,1,1,-1,-1,-1,1,1,1,-1,0.009990613907575607
1,1,1,1,1,1,1,1,1,-1,-1,-1,-1,-1,1,-1,1,1,1,-1,0.009990613907575607
1,1,1,1,1,1,1,1,1,-1,-1,-1,1,1,-1,-1,-1,-1,-1,-1,0.009990613907575607
1,1,1,1,1,1,1,1,1,-1,-1,1,-1,-1,-1,-1,1,-1,1,-1,0.009990613907575607
1,1,1,1,1,1,1,1,1,-1,-1,1,-1,-1,-1,-1,1,-1,1,1,0.009990613907575607
1,1,1,1,1,1,1,1,1,-1,1,-1,-1,-1,1,-1,-1,-1,-1,1,0.009990613907575607
1,1,1,1,1,1,1,1,1,-1,1,1,-1,-1,-1,-1,1,-1,-1,-1,0.009990613907575607
1,1,1,1,1,1,1,1,1,-1,1,1,1,-1,-1,-1,1,-1,1,1,0.009990613907575607
1,1,1,1,1,1,1,1,1,-1,1,1,1,1,-1,1,-1,1,1,1,0.009990613907575607
1,1,1,1,1,1,1,1,1,1,-1,-1,1,-1,-1,-1,1,1,1,-1,0.009990613907575607
1,1,1,1,1,1,1,1,1,1,-1,-1,1,-1,-1,1,-1,-1,1,-1,0.009990613907575607
1,1,1,1,1,1,1,1,1,1,-1,-1,1,-1,1,-1,-1,-1,-1,1,0.009990613907575607
1,1,1,1,1,1,1,1,1,1,-1,1,-1,-1,-1,1,1,-1,-1,-1,0.009990613907575607
1,1,1,1,1,1,1,1,1,1,-1,1,-1,-1,1,-1,1,1,1,-1,0.009990613907575607
1,1,1,1,1,1,1,1,1,1,-1,1,1,-1,-1,-1,-1,1,1,1,0.009990613907575607
1,1,1,1,1,1,1,1,1,1,-1,1,1,-1,-1,-1,1,-1,1,-1,0.009990613907575607
1,1,1,1,1,1,1,1,1,1,-1,1,1,-1,-1,1,1,1,1,-1,0.009990613907575607
1,1,1,1,1,1,1,1,1,1,1,-1,-1,-1,1,-1,-1,1,-1,-1,0.009990613907575607
1,1,1,1,1,1,1,1,1,1,1,-1,-1,1,1,1,1,1,1,1,0.009990613907575607
1,1,1,1,1,1,1,1,1,1,1,-1,1,-1,1,1,-1,1,-1,-1,0.009990613907575607
1,1,1,1,1,1,1,1,1,1,1,-1,1,1,1,-1,-1,-1,1,1,0.009990613907575607
1,1,1,1,1,1,1,1,1,1,1,-1,1,1,1,1,1,1,1,-1,0.009990613907575607
1,1,1,1,1,1,1,1,1,1,1,1,-1,-1,1,-1,-1,-1,-1,1,0.009990613907575607
1,1,1,1,1,1,1,1,1,1,1,1,1,-1,-1,-1,1,-1,-1,-1,0.009990613907575607
